TimeMs,BestQuality,Source,Role,DeltaPct
8,723241.4691817935,HOG8-ML00-H2-GPS-GradientEstimation-Escape-Specialist-Global Explorer,Global Explorer,100
19,30.03146559155483,HOG8-ML06-H1-GPS-Spray-Specialist-Global Explorer,Global Explorer,99.9958476571282
22,29.792515699586748,HOG8-ML06-H2-GPS-Spray-Specialist-Exploiter,Exploiter,0.7956651041209208
25,28.362618291267697,HOG8-ML00-H1-GPS-GradientEstimation-Escape-Specialist-Exploiter,Exploiter,4.799518854793737
30,27.334540775465324,HOG8-ML01-H1-GPS-GradientEstimation-Escape-Specialist-Exploiter,Exploiter,3.6247623729396596
35,26.450731164344912,HOG8-ML00-H1-GPS-GradientEstimation-Escape-Specialist-Exploiter,Exploiter,3.233306966377477
35,25.80482254023426,HOG8-ML00-H2-GPS-GradientEstimation-Escape-Specialist-Exploiter,Exploiter,2.441931075921735
40,25.202526409625463,HOG8-ML00-H2-GPS-GradientEstimation-Escape-Specialist-Exploiter,Exploiter,2.334044846344942
55,24.63685235074506,HOG8-ML00-H2-GPS-GradientEstimation-Escape-Specialist-Exploiter,Exploiter,2.24451330666738
66,24.539170755942028,HOG8-ML00-H2-GPS-GradientEstimation-Escape-Specialist-Refiner,Refiner,0.396485693108752
66,24.461359922859376,HOG8-ML00-H2-GPS-GradientEstimation-Escape-Specialist-Refiner,Refiner,0.317088274320801
76,24.03807415704622,HOG8-ML00-H2-GPS-GradientEstimation-Escape-Specialist-Exploiter,Exploiter,1.73042613799076
88,23.810725390651836,HOG8-ML02-H1-GPS-GradientEstimation-Escape-Specialist-Exploiter,Exploiter,0.945786109607051
91,23.764064016894206,HOG8-ML00-H2-GPS-GradientEstimation-Escape-Specialist-Refiner,Refiner,0.19596787998717996
97,23.64092483785544,HOG8-ML00-H2-GPS-GradientEstimation-Escape-Specialist-Exploiter,Exploiter,0.5181739072543516
101,23.527409703581128,HOG8-ML00-H2-GPS-GradientEstimation-Escape-Specialist-Refiner,Refiner,0.48016367825231643
109,23.31426914485974,HOG8-ML00-H2-GPS-GradientEstimation-Escape-Specialist-Exploiter,Exploiter,0.9059244575017795
119,23.09026486429406,HOG8-ML00-H2-GPS-GradientEstimation-Escape-Specialist-Exploiter,Exploiter,0.9608033568363763
129,22.92770078566746,HOG8-ML00-H2-GPS-GradientEstimation-Escape-Specialist-Exploiter,Exploiter,0.7040373056871314
136,22.837477404931704,HOG8-ML00-H2-GPS-GradientEstimation-Escape-Specialist-Refiner,Refiner,0.3935125531303072
142,22.669461605490394,HOG8-ML02-H1-GPS-GradientEstimation-Escape-Specialist-Exploiter,Exploiter,0.7357020938093076
145,22.594510092387594,HOG8-ML00-H2-GPS-GradientEstimation-Escape-Specialist-Refiner,Refiner,0.3306276717425306
151,22.47672810364351,HOG8-ML00-H2-GPS-GradientEstimation-Escape-Specialist-Exploiter,Exploiter,0.5212858710477954
154,22.370931571664112,HOG8-ML00-H2-GPS-GradientEstimation-Escape-Specialist-Refiner,Refiner,0.4706936503015643
166,22.26037315524539,HOG8-ML02-H1-GPS-GradientEstimation-Escape-Specialist-Refiner,Refiner,0.49420568859439157
166,22.170946590063636,HOG8-ML00-H2-GPS-GradientEstimation-Escape-Specialist-Refiner,Refiner,0.40172985671932054
175,22.08792975429132,HOG8-ML00-H2-GPS-GradientEstimation-Escape-Specialist-Refiner,Refiner,0.3744397445327016
175,21.976830459552232,HOG8-ML00-H2-GPS-GradientEstimation-Escape-Specialist-Exploiter,Exploiter,0.5029864544797499
185,21.857132845498043,HOG8-ML00-H2-GPS-GradientEstimation-Escape-Specialist-Exploiter,Exploiter,0.5446536718499488
189,21.747488490770273,HOG8-ML00-H2-GPS-GradientEstimation-Escape-Specialist-Exploiter,Exploiter,0.5016410684000294
194,21.60873786004592,HOG8-ML00-H2-GPS-GradientEstimation-Escape-Specialist-Exploiter,Exploiter,0.6380076061805436
199,21.532392890247632,HOG8-ML00-H2-GPS-GradientEstimation-Escape-Specialist-Refiner,Refiner,0.3533060111736035
206,21.417994797916155,HOG8-ML02-H1-GPS-GradientEstimation-Escape-Specialist-Exploiter,Exploiter,0.5312836938958598
207,21.409155064619362,HOG8-ML00-H2-GPS-GradientEstimation-Escape-Specialist-Polisher,Polisher,0.041272459818004405
210,21.310139676950577,HOG8-ML00-H2-GPS-GradientEstimation-Escape-Specialist-Refiner,Refiner,0.46249087070427086
215,21.206929345065085,HOG8-ML00-H2-GPS-GradientEstimation-Escape-Specialist-Refiner,Refiner,0.48432499012254876
219,21.20256916485222,HOG8-ML00-H1-GPS-GradientEstimation-Escape-Specialist-Polisher,Polisher,0.020560167584460158
221,21.17568218542652,HOG8-ML02-H1-GPS-GradientEstimation-Escape-Specialist-Refiner,Refiner,0.12681000692251782
224,21.103717980785433,HOG8-ML00-H2-GPS-GradientEstimation-Escape-Specialist-Refiner,Refiner,0.33984361878369423
229,20.977761516399237,HOG8-ML00-H2-GPS-GradientEstimation-Escape-Specialist-Exploiter,Exploiter,0.5968448995616642
230,20.960881077018865,HOG8-ML00-H1-GPS-GradientEstimation-Escape-Specialist-Refiner,Refiner,0.08046825857552226
231,20.947689827940597,HOG8-ML02-H1-GPS-GradientEstimation-Escape-Specialist-Refiner,Refiner,0.06293270320936478
234,20.879812794944396,HOG8-ML00-H2-GPS-GradientEstimation-Escape-Specialist-Refiner,Refiner,0.32403111538182316
241,20.750491543282777,HOG8-ML00-H2-GPS-GradientEstimation-Escape-Specialist-Exploiter,Exploiter,0.619360206586388
241,20.719882860377265,HOG8-ML02-H1-GPS-GradientEstimation-Escape-Specialist-Refiner,Refiner,0.14750823054801807
246,20.63030744164376,HOG8-ML00-H2-GPS-GradientEstimation-Escape-Specialist-Refiner,Refiner,0.4323162410575132
249,20.554282345223715,HOG8-ML00-H2-GPS-GradientEstimation-Escape-Specialist-Refiner,Refiner,0.3685116987960368
256,20.412015444227706,HOG8-ML00-H2-GPS-GradientEstimation-Escape-Specialist-Exploiter,Exploiter,0.692152119964766
261,20.36438243909057,HOG8-ML00-H2-GPS-GradientEstimation-Escape-Specialist-Refiner,Refiner,0.23335767733120347
266,20.213590589798414,HOG8-ML00-H2-GPS-GradientEstimation-Escape-Specialist-Exploiter,Exploiter,0.7404685594722545
276,20.13369269454388,HOG8-ML00-H2-GPS-GradientEstimation-Escape-Specialist-Refiner,Refiner,0.39526819789681394
277,20.062579445778425,HOG8-ML02-H1-GPS-GradientEstimation-Escape-Specialist-Refiner,Refiner,0.3532051961075397
279,19.994198627202888,HOG8-ML00-H2-GPS-GradientEstimation-Escape-Specialist-Refiner,Refiner,0.34083762140528834
285,19.915297841497875,HOG8-ML00-H2-GPS-GradientEstimation-Escape-Specialist-Refiner,Refiner,0.3946183949461491
286,19.88149417328113,HOG8-ML02-H1-GPS-GradientEstimation-Escape-Specialist-Refiner,Refiner,0.16973719642950819
291,19.7615623572649,HOG8-ML00-H2-GPS-GradientEstimation-Escape-Specialist-Exploiter,Exploiter,0.6032334138014993
297,19.727575202680033,HOG8-ML00-H2-GPS-GradientEstimation-Escape-Specialist-Refiner,Refiner,0.17198617179361184
301,19.663108209045472,HOG8-ML02-H1-GPS-GradientEstimation-Escape-Specialist-Refiner,Refiner,0.32678620140706793
306,19.534505999597275,HOG8-ML00-H2-GPS-GradientEstimation-Escape-Specialist-Exploiter,Exploiter,0.654027878405493
312,19.467625427205174,HOG8-ML02-H1-GPS-GradientEstimation-Escape-Specialist-Refiner,Refiner,0.34237145486801623
316,19.401710641027076,HOG8-ML00-H2-GPS-GradientEstimation-Escape-Specialist-Refiner,Refiner,0.3385866777875482
316,19.36525323604496,HOG8-ML00-H2-GPS-GradientEstimation-Escape-Specialist-Refiner,Refiner,0.18790819869781256
322,19.29384951439571,HOG8-ML02-H1-GPS-GradientEstimation-Escape-Specialist-Refiner,Refiner,0.3687208257950658
326,19.20978814869837,HOG8-ML00-H2-GPS-GradientEstimation-Escape-Specialist-Refiner,Refiner,0.43568996241325697
326,19.171555756083414,HOG8-ML00-H2-GPS-GradientEstimation-Escape-Specialist-Refiner,Refiner,0.19902558174513327
331,19.14259092454152,HOG8-ML00-H1-GPS-GradientEstimation-Escape-Specialist-Refiner,Refiner,0.15108232169788383
331,19.094158358347197,HOG8-ML02-H1-GPS-GradientEstimation-Escape-Specialist-Refiner,Refiner,0.2530094613902516
334,18.98089938719431,HOG8-ML00-H2-GPS-GradientEstimation-Escape-Specialist-Exploiter,Exploiter,0.5931603217450834
341,18.963984628489126,HOG8-ML00-H1-GPS-GradientEstimation-Escape-Specialist-Refiner,Refiner,0.08911463234769386
342,18.90923761127154,HOG8-ML02-H1-GPS-GradientEstimation-Escape-Specialist-Refiner,Refiner,0.2886894199193837
349,18.80111211536039,HOG8-ML00-H2-GPS-GradientEstimation-Escape-Specialist-Exploiter,Exploiter,0.5718130901623321
352,18.72803965516428,HOG8-ML02-H1-GPS-GradientEstimation-Escape-Specialist-Refiner,Refiner,0.38866030768684606
355,18.61789026058978,HOG8-ML00-H2-GPS-GradientEstimation-Escape-Specialist-Exploiter,Exploiter,0.5881522925125205
365,18.55919547968534,HOG8-ML00-H1-GPS-GradientEstimation-Escape-Specialist-Refiner,Refiner,0.31526010779365066
370,18.473265249779892,HOG8-ML00-H2-GPS-GradientEstimation-Escape-Specialist-Refiner,Refiner,0.46300622243838696
375,18.384821079932497,HOG8-ML00-H1-GPS-GradientEstimation-Escape-Specialist-Refiner,Refiner,0.478768472446686
380,18.29584568666688,HOG8-ML00-H2-GPS-GradientEstimation-Escape-Specialist-Refiner,Refiner,0.4839611594737569
385,18.193331175988842,HOG8-ML00-H1-GPS-GradientEstimation-Escape-Specialist-Exploiter,Exploiter,0.5603157811543275
388,18.181816527219226,HOG8-ML02-H1-GPS-GradientEstimation-Escape-Specialist-Refiner,Refiner,0.06329049176443625
390,18.07067554426038,HOG8-ML00-H2-GPS-GradientEstimation-Escape-Specialist-Exploiter,Exploiter,0.6112754619015267
398,17.972747679683923,HOG8-ML02-H1-GPS-GradientEstimation-Escape-Specialist-Exploiter,Exploiter,0.5419159031249339
399,17.88797086933126,HOG8-ML00-H2-GPS-GradientEstimation-Escape-Specialist-Refiner,Refiner,0.4716964365359389
406,17.77543684991332,HOG8-ML02-H1-GPS-GradientEstimation-Escape-Specialist-Exploiter,Exploiter,0.6291044425328186
411,17.74280939787306,HOG8-ML00-H2-GPS-GradientEstimation-Escape-Specialist-Refiner,Refiner,0.1835535875475167
414,17.706139158357402,HOG8-ML00-H2-GPS-GradientEstimation-Escape-Specialist-Refiner,Refiner,0.20667662427830535
416,17.626340107934503,HOG8-ML02-H1-GPS-GradientEstimation-Escape-Specialist-Refiner,Refiner,0.4506857746299453
420,17.525457495685714,HOG8-ML00-H2-GPS-GradientEstimation-Escape-Specialist-Exploiter,Exploiter,0.5723400980069401
429,17.426905437238975,HOG8-ML00-H1-GPS-GradientEstimation-Escape-Specialist-Exploiter,Exploiter,0.5623365807768475
435,17.343539015387744,HOG8-ML00-H2-GPS-GradientEstimation-Escape-Specialist-Refiner,Refiner,0.4783776566153172
435,17.30569551602492,HOG8-ML00-H2-GPS-GradientEstimation-Escape-Specialist-Refiner,Refiner,0.21819940745224728
439,17.21663092874112,HOG8-ML00-H1-GPS-GradientEstimation-Escape-Specialist-Exploiter,Exploiter,0.5146547690113014
445,17.171367677470638,HOG8-ML00-H2-GPS-GradientEstimation-Escape-Specialist-Refiner,Refiner,0.26290423171540594
446,17.097099441833567,HOG8-ML00-H2-GPS-GradientEstimation-Escape-Specialist-Refiner,Refiner,0.4325120574671111
451,17.036115371726314,HOG8-ML00-H1-GPS-GradientEstimation-Escape-Specialist-Refiner,Refiner,0.3566924922834316
455,16.910658105069146,HOG8-ML00-H2-GPS-GradientEstimation-Escape-Specialist-Exploiter,Exploiter,0.7364194472724762
462,16.875316590654993,HOG8-ML02-H1-GPS-GradientEstimation-Escape-Specialist-Refiner,Refiner,0.20898958629858946
462,16.8513560660338,HOG8-ML00-H1-GPS-GradientEstimation-Escape-Specialist-Refiner,Refiner,0.14198563026936128
466,16.815395642113845,HOG8-ML00-H2-GPS-GradientEstimation-Escape-Specialist-Refiner,Refiner,0.21339780477631332
466,16.733112015789008,HOG8-ML00-H2-GPS-GradientEstimation-Escape-Specialist-Refiner,Refiner,0.48933505982315306
471,16.668762374706983,HOG8-ML00-H1-GPS-GradientEstimation-Escape-Specialist-Refiner,Refiner,0.38456469436949825
477,16.65304957739748,HOG8-ML00-H2-GPS-GradientEstimation-Escape-Specialist-Refiner,Refiner,0.09426493075062857
480,16.594682728597526,HOG8-ML00-H2-GPS-GradientEstimation-Escape-Specialist-Refiner,Refiner,0.35048744993332315
482,16.55062042665035,HOG8-ML02-H1-GPS-GradientEstimation-Escape-Specialist-Refiner,Refiner,0.2655206048094114
482,16.525975703534403,HOG8-ML00-H1-GPS-GradientEstimation-Escape-Specialist-Refiner,Refiner,0.1489051315337047
489,16.369435166451247,HOG8-ML00-H2-GPS-GradientEstimation-Escape-Specialist-Exploiter,Exploiter,0.9472393030910545
496,16.311639546434268,HOG8-ML00-H1-GPS-GradientEstimation-Escape-Specialist-Refiner,Refiner,0.35307033767071805
501,16.158140075969975,HOG8-ML00-H2-GPS-GradientEstimation-Escape-Specialist-Exploiter,Exploiter,0.9410425606042062
517,15.953586161741967,HOG8-ML00-H1-GPS-GradientEstimation-Escape-Specialist-Exploiter,Exploiter,1.2659496282756932
523,15.907605631415652,HOG8-ML00-H2-GPS-GradientEstimation-Escape-Specialist-Refiner,Refiner,0.28821438553157225
526,15.881320759907942,HOG8-ML02-H1-GPS-GradientEstimation-Escape-Specialist-Refiner,Refiner,0.16523461868957404
530,15.765838457450657,HOG8-ML00-H2-GPS-GradientEstimation-Escape-Specialist-Exploiter,Exploiter,0.7271580506629954
537,15.694285062659384,HOG8-ML02-H1-GPS-GradientEstimation-Escape-Specialist-Refiner,Refiner,0.4538508686638124
540,15.554117042524323,HOG8-ML00-H2-GPS-GradientEstimation-Escape-Specialist-Exploiter,Exploiter,0.8931150388529355
547,15.485384776775296,HOG8-ML02-H1-GPS-GradientEstimation-Escape-Specialist-Refiner,Refiner,0.4418911440689034
550,15.333145621831541,HOG8-ML00-H2-GPS-GradientEstimation-Escape-Specialist-Exploiter,Exploiter,0.9831150929622424
561,15.264950359366313,HOG8-ML02-H1-GPS-GradientEstimation-Escape-Specialist-Refiner,Refiner,0.44475715647107805
561,15.207021725950135,HOG8-ML00-H1-GPS-GradientEstimation-Escape-Specialist-Refiner,Refiner,0.3794878597861576
565,15.19056571626725,HOG8-ML00-H2-GPS-GradientEstimation-Escape-Specialist-Refiner,Refiner,0.10821323188355764
565,15.122511456723535,HOG8-ML00-H2-GPS-GradientEstimation-Escape-Specialist-Refiner,Refiner,0.44800345698012245
572,15.055142577436257,HOG8-ML02-H1-GPS-GradientEstimation-Escape-Specialist-Refiner,Refiner,0.4454873747662148
575,14.998649848205845,HOG8-ML00-H1-GPS-GradientEstimation-Escape-Specialist-Refiner,Refiner,0.3752387527374168
575,14.941348656155721,HOG8-ML00-H2-GPS-GradientEstimation-Escape-Specialist-Refiner,Refiner,0.3820423346770676
581,14.87203975806791,HOG8-ML02-H1-GPS-GradientEstimation-Escape-Specialist-Refiner,Refiner,0.46387310598803855
585,14.771078398872067,HOG8-ML00-H2-GPS-GradientEstimation-Escape-Specialist-Exploiter,Exploiter,0.6788669263815835
592,14.663970878919699,HOG8-ML02-H1-GPS-GradientEstimation-Escape-Specialist-Exploiter,Exploiter,0.7251164543311013
595,14.606132732472922,HOG8-ML00-H1-GPS-GradientEstimation-Escape-Specialist-Refiner,Refiner,0.39442349500245133
595,14.59238292619172,HOG8-ML00-H2-GPS-GradientEstimation-Escape-Specialist-Refiner,Refiner,0.09413721299843714
605,14.380197585392114,HOG8-ML00-H2-GPS-GradientEstimation-Escape-Specialist-Exploiter,Exploiter,1.4540828723645676
616,14.212761729795755,HOG8-ML00-H2-GPS-GradientEstimation-Escape-Specialist-Exploiter,Exploiter,1.164350173925609
619,14.176568647587615,HOG8-ML00-H1-GPS-GradientEstimation-Escape-Specialist-Refiner,Refiner,0.2546520014633348
625,14.01993344781884,HOG8-ML00-H2-GPS-GradientEstimation-Escape-Specialist-Exploiter,Exploiter,1.1048879574637374
629,13.996216625541749,HOG8-ML00-H1-GPS-GradientEstimation-Escape-Specialist-Refiner,Refiner,0.16916501326745537
638,13.953897566299567,HOG8-ML02-H1-GPS-GradientEstimation-Escape-Specialist-Refiner,Refiner,0.302360704856151
641,13.84437945635043,HOG8-ML00-H2-GPS-GradientEstimation-Escape-Specialist-Exploiter,Exploiter,0.784856771585005
648,13.816502038068945,HOG8-ML02-H1-GPS-GradientEstimation-Escape-Specialist-Refiner,Refiner,0.20136271451803406
650,13.678048154423548,HOG8-ML00-H2-GPS-GradientEstimation-Escape-Specialist-Exploiter,Exploiter,1.0020907119899933
650,13.661449230728447,HOG8-ML00-H1-GPS-GradientEstimation-Escape-Specialist-Refiner,Refiner,0.12135447622132248
660,13.61113902963189,HOG8-ML02-H1-GPS-GradientEstimation-Escape-Specialist-Refiner,Refiner,0.36826401245481255
662,13.46909800139613,HOG8-ML00-H1-GPS-GradientEstimation-Escape-Specialist-Exploiter,Exploiter,1.0435645975441987
665,13.454829972129533,HOG8-ML00-H2-GPS-GradientEstimation-Escape-Specialist-Refiner,Refiner,0.10593158699356553
676,13.269132242384812,HOG8-ML00-H1-GPS-GradientEstimation-Escape-Specialist-Exploiter,Exploiter,1.3801566435947312
682,13.245477176071674,HOG8-ML02-H1-GPS-GradientEstimation-Escape-Specialist-Refiner,Refiner,0.17827138867135456
685,13.104730329255203,HOG8-ML00-H2-GPS-GradientEstimation-Escape-Specialist-Exploiter,Exploiter,1.0626030677908256
686,13.077101520046913,HOG8-ML00-H1-GPS-GradientEstimation-Escape-Specialist-Refiner,Refiner,0.21083081081501323
692,13.066837411231182,HOG8-ML02-H1-GPS-GradientEstimation-Escape-Specialist-Refiner,Refiner,0.07848917284916895
695,12.923350811795142,HOG8-ML00-H2-GPS-GradientEstimation-Escape-Specialist-Exploiter,Exploiter,1.098097381335061
703,12.858072556538389,HOG8-ML02-H1-GPS-GradientEstimation-Escape-Specialist-Exploiter,Exploiter,0.5051186507850133
706,12.717054097995874,HOG8-ML00-H2-GPS-GradientEstimation-Escape-Specialist-Exploiter,Exploiter,1.0967309285465683
715,12.509573956257295,HOG8-ML00-H2-GPS-GradientEstimation-Escape-Specialist-Exploiter,Exploiter,1.631511041313224
726,12.328812940058848,HOG8-ML00-H2-GPS-GradientEstimation-Escape-Specialist-Exploiter,Exploiter,1.4449813944944998
737,12.293752487727376,HOG8-ML02-H1-GPS-GradientEstimation-Escape-Specialist-Refiner,Refiner,0.28437816764623675
737,12.199896321093155,HOG8-ML00-H1-GPS-GradientEstimation-Escape-Specialist-Exploiter,Exploiter,0.7634460408074472
740,12.150023471229945,HOG8-ML00-H2-GPS-GradientEstimation-Escape-Specialist-Refiner,Refiner,0.4087973254082616
749,11.941104466822404,HOG8-ML00-H2-GPS-GradientEstimation-Escape-Specialist-Exploiter,Exploiter,1.7194946569629301
759,11.76211450591452,HOG8-ML00-H2-GPS-GradientEstimation-Escape-Specialist-Exploiter,Exploiter,1.4989397455251867
771,11.612505330114978,HOG8-ML00-H1-GPS-GradientEstimation-Escape-Specialist-Exploiter,Exploiter,1.2719581647016929
774,11.55308327497024,HOG8-ML00-H2-GPS-GradientEstimation-Escape-Specialist-Exploiter,Exploiter,0.5117074520572026
782,11.52448092413366,HOG8-ML02-H1-GPS-GradientEstimation-Escape-Specialist-Refiner,Refiner,0.2475733114340628
787,11.384532560522173,HOG8-ML00-H2-GPS-GradientEstimation-Escape-Specialist-Exploiter,Exploiter,1.2143571978015872
790,11.380919394136221,HOG8-ML00-H2-GPS-GradientEstimation-Escape-Specialist-Polisher,Polisher,0.03173750320220479
794,11.235859295941072,HOG8-ML00-H2-GPS-GradientEstimation-Escape-Specialist-Exploiter,Exploiter,1.274590331163298
800,11.177481876746121,HOG8-ML00-H2-GPS-GradientEstimation-Escape-Specialist-Exploiter,Exploiter,0.519563458898418
805,11.031013098698788,HOG8-ML00-H2-GPS-GradientEstimation-Escape-Specialist-Exploiter,Exploiter,1.3103915502833474
812,10.972356462460237,HOG8-ML00-H2-GPS-GradientEstimation-Escape-Specialist-Exploiter,Exploiter,0.531742966069634
814,10.854869239428673,HOG8-ML00-H2-GPS-GradientEstimation-Escape-Specialist-Exploiter,Exploiter,1.0707565274015935
825,10.67338015621194,HOG8-ML00-H2-GPS-GradientEstimation-Escape-Specialist-Exploiter,Exploiter,1.6719601057698814
834,10.506463638199982,HOG8-ML00-H2-GPS-GradientEstimation-Escape-Specialist-Exploiter,Exploiter,1.563858080280327
846,10.411773346035972,HOG8-ML00-H1-GPS-GradientEstimation-Escape-Specialist-Exploiter,Exploiter,0.9012575060911082
851,10.327542926015342,HOG8-ML00-H2-GPS-GradientEstimation-Escape-Specialist-Exploiter,Exploiter,0.8089920633231832
855,10.222186903396365,HOG8-ML00-H2-GPS-GradientEstimation-Escape-Specialist-Exploiter,Exploiter,1.020146063528653
860,10.148094298784203,HOG8-ML00-H2-GPS-GradientEstimation-Escape-Specialist-Exploiter,Exploiter,0.724821462494918
871,9.978778003532517,HOG8-ML00-H2-GPS-GradientEstimation-Escape-Specialist-Exploiter,Exploiter,1.6684540985391856
877,9.976341442058452,HOG8-ML02-H1-GPS-GradientEstimation-Escape-Specialist-Polisher,Polisher,0.024417433409204537
880,9.774244407530068,HOG8-ML00-H2-GPS-GradientEstimation-Escape-Specialist-Exploiter,Exploiter,2.025763008434929
890,9.630217273285641,HOG8-ML00-H2-GPS-GradientEstimation-Escape-Specialist-Exploiter,Exploiter,1.4735372703947143
896,9.556892604731692,HOG8-ML00-H2-GPS-GradientEstimation-Escape-Specialist-Exploiter,Exploiter,0.7614020169342716
900,9.423636586073208,HOG8-ML00-H2-GPS-GradientEstimation-Escape-Specialist-Exploiter,Exploiter,1.3943446282163703
905,9.385533303903387,HOG8-ML00-H2-GPS-GradientEstimation-Escape-Specialist-Refiner,Refiner,0.4043373470718566
911,9.287715407817904,HOG8-ML00-H1-GPS-GradientEstimation-Escape-Specialist-Exploiter,Exploiter,1.042219902888208
916,9.19918359949768,HOG8-ML00-H2-GPS-GradientEstimation-Escape-Specialist-Exploiter,Exploiter,0.9532140513877428
926,9.03116514994002,HOG8-ML00-H2-GPS-GradientEstimation-Escape-Specialist-Exploiter,Exploiter,1.8264495728385621
936,8.858249242704328,HOG8-ML00-H2-GPS-GradientEstimation-Escape-Specialist-Exploiter,Exploiter,1.9146577918225665
944,8.679521645517438,HOG8-ML00-H2-GPS-GradientEstimation-Escape-Specialist-Exploiter,Exploiter,2.0176401937898834
960,8.469042035040655,HOG8-ML00-H2-GPS-GradientEstimation-Escape-Specialist-Exploiter,Exploiter,2.4250139474620234
969,8.293816958943014,HOG8-ML00-H2-GPS-GradientEstimation-Escape-Specialist-Exploiter,Exploiter,2.069007042031999
979,8.088088184508893,HOG8-ML00-H2-GPS-GradientEstimation-Escape-Specialist-Exploiter,Exploiter,2.4805077740748644
990,7.9470315882545135,HOG8-ML00-H2-GPS-GradientEstimation-Escape-Specialist-Exploiter,Exploiter,1.7440041828988044
1004,7.837520225622157,HOG8-ML00-H2-GPS-GradientEstimation-Escape-Specialist-Exploiter,Exploiter,1.3780159474162803
1028,7.632653650453104,HOG8-ML00-H2-GPS-GradientEstimation-Escape-Specialist-Exploiter,Exploiter,2.6139208483227887
1032,7.538528301538868,HOG8-ML00-H2-GPS-GradientEstimation-Escape-Specialist-Exploiter,Exploiter,1.2331929788095197
1046,7.318773940488137,HOG8-ML00-H2-GPS-GradientEstimation-Escape-Specialist-Exploiter,Exploiter,2.9150830541535724
1055,7.1086406760131196,HOG8-ML00-H2-GPS-GradientEstimation-Escape-Specialist-Exploiter,Exploiter,2.8711539143536196
1066,6.894183545077757,HOG8-ML00-H2-GPS-GradientEstimation-Escape-Specialist-Exploiter,Exploiter,3.016851472870348
1076,6.689522278561771,HOG8-ML00-H2-GPS-GradientEstimation-Escape-Specialist-Exploiter,Exploiter,2.9686077427124493
1091,6.524200908346269,HOG8-ML00-H2-GPS-GradientEstimation-Escape-Specialist-Exploiter,Exploiter,2.471347927867966
1100,6.341063804563899,HOG8-ML00-H2-GPS-GradientEstimation-Escape-Specialist-Exploiter,Exploiter,2.8070426762622587
1111,6.136416583597278,HOG8-ML00-H2-GPS-GradientEstimation-Escape-Specialist-Exploiter,Exploiter,3.22733262547097
1121,5.920292105249506,HOG8-ML00-H2-GPS-GradientEstimation-Escape-Specialist-Exploiter,Exploiter,3.5219981466948544
1134,5.742435463867341,HOG8-ML00-H2-GPS-GradientEstimation-Escape-Specialist-Exploiter,Exploiter,3.0041869255819242
1145,5.534713928199982,HOG8-ML00-H2-GPS-GradientEstimation-Escape-Specialist-Exploiter,Exploiter,3.6173072727484517
1154,5.330343022236016,HOG8-ML00-H2-GPS-GradientEstimation-Escape-Specialist-Exploiter,Exploiter,3.6925288030276247
1170,5.165221472744586,HOG8-ML00-H2-GPS-GradientEstimation-Escape-Specialist-Exploiter,Exploiter,3.0977659186774584
1180,4.9799833910678695,HOG8-ML00-H2-GPS-GradientEstimation-Escape-Specialist-Exploiter,Exploiter,3.586256323260599
1190,4.819569332867924,HOG8-ML00-H2-GPS-GradientEstimation-Escape-Specialist-Exploiter,Exploiter,3.221176570340883
1205,4.590389805104025,HOG8-ML00-H2-GPS-GradientEstimation-Escape-Specialist-Exploiter,Exploiter,4.755186862879374
1214,4.384523708240202,HOG8-ML00-H2-GPS-GradientEstimation-Escape-Specialist-Exploiter,Exploiter,4.484719285384476
1225,4.2121991205249305,HOG8-ML00-H2-GPS-GradientEstimation-Escape-Specialist-Exploiter,Exploiter,3.930292072350018
1239,4.009792723873249,HOG8-ML00-H2-GPS-GradientEstimation-Escape-Specialist-Exploiter,Exploiter,4.805242840145149
1251,3.8079407186494674,HOG8-ML00-H2-GPS-GradientEstimation-Escape-Specialist-Local Explorer,Local Explorer,5.033976046243197
1261,3.617435804508418,HOG8-ML00-H2-GPS-GradientEstimation-Escape-Specialist-Local Explorer,Local Explorer,5.002832980252229
1270,3.444150489634526,HOG8-ML00-H2-GPS-GradientEstimation-Escape-Specialist-Exploiter,Exploiter,4.790280304571717
1281,3.2726838762360515,HOG8-ML00-H2-GPS-GradientEstimation-Escape-Specialist-Exploiter,Exploiter,4.978487842343656
1291,3.097788139953349,HOG8-ML00-H2-GPS-GradientEstimation-Escape-Specialist-Local Explorer,Local Explorer,5.3441072494863775
1306,2.896404594159246,HOG8-ML00-H2-GPS-GradientEstimation-Escape-Specialist-Local Explorer,Local Explorer,6.5008818129549635
1316,2.6773311858440882,HOG8-ML00-H2-GPS-GradientEstimation-Escape-Specialist-Local Explorer,Local Explorer,7.563632814176954
1325,2.4685613947318528,HOG8-ML00-H2-GPS-GradientEstimation-Escape-Specialist-Local Explorer,Local Explorer,7.797682715387194
1336,2.2944163766454517,HOG8-ML00-H2-GPS-GradientEstimation-Escape-Specialist-Local Explorer,Local Explorer,7.054514360389952
1344,2.127406690175299,HOG8-ML00-H2-GPS-GradientEstimation-Escape-Specialist-Local Explorer,Local Explorer,7.278961576901278
1355,1.9592915717082802,HOG8-ML00-H2-GPS-GradientEstimation-Escape-Specialist-Local Explorer,Local Explorer,7.902349806616709
1371,1.767193975032803,HOG8-ML00-H2-GPS-GradientEstimation-Escape-Specialist-Local Explorer,Local Explorer,9.804441536386026
1381,1.6048055968068062,HOG8-ML00-H2-GPS-GradientEstimation-Escape-Specialist-Local Explorer,Local Explorer,9.18905227837156
1391,1.464470245502921,HOG8-ML00-H2-GPS-GradientEstimation-Escape-Specialist-Local Explorer,Local Explorer,8.744694783163782
1400,1.321796409604565,HOG8-ML00-H2-GPS-GradientEstimation-Escape-Specialist-Local Explorer,Local Explorer,9.742351293000139
1415,1.1909544967509027,HOG8-ML00-H2-GPS-GradientEstimation-Escape-Specialist-Local Explorer,Local Explorer,9.898794693564458
1424,1.0554475829513175,HOG8-ML00-H2-GPS-GradientEstimation-Escape-Specialist-Local Explorer,Local Explorer,11.378009333628434
1435,0.9299688191938863,HOG8-ML00-H2-GPS-GradientEstimation-Escape-Specialist-Local Explorer,Local Explorer,11.888677920561298
1451,0.8251305716999057,HOG8-ML00-H2-GPS-GradientEstimation-Escape-Specialist-Local Explorer,Local Explorer,11.273307806691445
1461,0.746379757988296,HOG8-ML00-H2-GPS-GradientEstimation-Escape-Specialist-Local Explorer,Local Explorer,9.54404265368206
1471,0.6830570956611389,HOG8-ML00-H2-GPS-GradientEstimation-Escape-Specialist-Local Explorer,Local Explorer,8.483973694279912
1481,0.6207592370781495,HOG8-ML00-H2-GPS-GradientEstimation-Escape-Specialist-Local Explorer,Local Explorer,9.12044673552371
1490,0.5688100325203027,HOG8-ML00-H2-GPS-GradientEstimation-Escape-Specialist-Local Explorer,Local Explorer,8.36865590633277
1501,0.5219036020774295,HOG8-ML00-H2-GPS-GradientEstimation-Escape-Specialist-Local Explorer,Local Explorer,8.246414050581816
1512,0.4819035772873618,HOG8-ML00-H2-GPS-GradientEstimation-Escape-Specialist-Local Explorer,Local Explorer,7.664255358814962
1525,0.4610052158218688,HOG8-ML00-H2-GPS-GradientEstimation-Escape-Specialist-Exploiter,Exploiter,4.336627169926806
1536,0.4192642839374829,HOG8-ML00-H2-GPS-GradientEstimation-Escape-Specialist-Local Explorer,Local Explorer,9.054329637024003
1550,0.3830395702564046,HOG8-ML00-H2-GPS-GradientEstimation-Escape-Specialist-Local Explorer,Local Explorer,8.640066676053854
1560,0.3523443353069427,HOG8-ML00-H2-GPS-GradientEstimation-Escape-Specialist-Local Explorer,Local Explorer,8.013593720595157
1571,0.330205846891112,HOG8-ML00-H2-GPS-GradientEstimation-Escape-Specialist-Local Explorer,Local Explorer,6.283196917738127
1580,0.30850636209184035,HOG8-ML00-H2-GPS-GradientEstimation-Escape-Specialist-Local Explorer,Local Explorer,6.571502292758377
1594,0.28502968471077084,HOG8-ML00-H2-GPS-GradientEstimation-Escape-Specialist-Local Explorer,Local Explorer,7.6097871116449305
1606,0.26520948519773824,HOG8-ML00-H2-GPS-GradientEstimation-Escape-Specialist-Local Explorer,Local Explorer,6.9537316904885955
1616,0.24969271864029505,HOG8-ML00-H2-GPS-GradientEstimation-Escape-Specialist-Local Explorer,Local Explorer,5.850758522408805
1625,0.2358354007408922,HOG8-ML00-H2-GPS-GradientEstimation-Escape-Specialist-Local Explorer,Local Explorer,5.549748496817625
1639,0.22007576947636404,HOG8-ML00-H2-GPS-GradientEstimation-Escape-Specialist-Local Explorer,Local Explorer,6.682470576944034
1650,0.2062803253228148,HOG8-ML00-H2-GPS-GradientEstimation-Escape-Specialist-Local Explorer,Local Explorer,6.268497520819014
1661,0.19532898171094265,HOG8-ML00-H2-GPS-GradientEstimation-Escape-Specialist-Local Explorer,Local Explorer,5.308961770704029
1676,0.18553331339420234,HOG8-ML00-H2-GPS-GradientEstimation-Escape-Specialist-Local Explorer,Local Explorer,5.014958984036693
1686,0.1763055314171368,HOG8-ML00-H2-GPS-GradientEstimation-Escape-Specialist-Exploiter,Exploiter,4.973652336741961
1695,0.16757797850730194,HOG8-ML00-H2-GPS-GradientEstimation-Escape-Specialist-Exploiter,Exploiter,4.9502433869675855
1705,0.15968440740958287,HOG8-ML00-H2-GPS-GradientEstimation-Escape-Specialist-Exploiter,Exploiter,4.710386870656231
1716,0.1522231065802369,HOG8-ML00-H2-GPS-GradientEstimation-Escape-Specialist-Exploiter,Exploiter,4.672529366131583
1725,0.14558726311488318,HOG8-ML00-H2-GPS-GradientEstimation-Escape-Specialist-Exploiter,Exploiter,4.35928789947272
1735,0.1385244346420944,HOG8-ML00-H2-GPS-GradientEstimation-Escape-Specialist-Exploiter,Exploiter,4.851268113485643
1745,0.1325474377462334,HOG8-ML00-H2-GPS-GradientEstimation-Escape-Specialist-Exploiter,Exploiter,4.314759999781826
1755,0.12692349502839398,HOG8-ML00-H2-GPS-GradientEstimation-Escape-Specialist-Exploiter,Exploiter,4.242966000298437
1770,0.12104902098826338,HOG8-ML00-H2-GPS-GradientEstimation-Escape-Specialist-Exploiter,Exploiter,4.628358239596556
1779,0.1159214346989885,HOG8-ML00-H2-GPS-GradientEstimation-Escape-Specialist-Exploiter,Exploiter,4.235958496328561
1791,0.11138255126759601,HOG8-ML00-H2-GPS-GradientEstimation-Escape-Specialist-Exploiter,Exploiter,3.915482449970135
1806,0.10752688192128733,HOG8-ML00-H2-GPS-GradientEstimation-Escape-Specialist-Exploiter,Exploiter,3.4616457447140494
1820,0.10569712086270917,HOG8-ML00-H2-GPS-GradientEstimation-Escape-Specialist-Exploiter,Exploiter,1.7016777812989978
1830,0.10320276891359678,HOG8-ML00-H2-GPS-GradientEstimation-Escape-Specialist-Exploiter,Exploiter,2.359905292361109
1839,0.0990644801091427,HOG8-ML00-H2-GPS-GradientEstimation-Escape-Specialist-Exploiter,Exploiter,4.009862184917468
1851,0.09594583890265451,HOG8-ML00-H2-GPS-GradientEstimation-Escape-Specialist-Exploiter,Exploiter,3.1480922355341487
1865,0.09158960079412054,HOG8-ML00-H2-GPS-GradientEstimation-Escape-Specialist-Exploiter,Exploiter,4.5403095729391225
1875,0.08744742118285767,HOG8-ML00-H2-GPS-GradientEstimation-Escape-Specialist-Exploiter,Exploiter,4.522543580655906
1885,0.0841381790434616,HOG8-ML00-H2-GPS-GradientEstimation-Escape-Specialist-Exploiter,Exploiter,3.7842649841854676
1901,0.080970042178217,HOG8-ML00-H2-GPS-GradientEstimation-Escape-Specialist-Exploiter,Exploiter,3.7653974702829
1906,0.07877892915099276,HOG8-ML00-H2-GPS-GradientEstimation-Escape-Specialist-Exploiter,Exploiter,2.70607865363532
1920,0.0752519777128994,HOG8-ML00-H2-GPS-GradientEstimation-Escape-Specialist-Exploiter,Exploiter,4.477023838866065
1930,0.07264251033613796,HOG8-ML00-H2-GPS-GradientEstimation-Escape-Specialist-Exploiter,Exploiter,3.4676395970841587
1941,0.0700784133875429,HOG8-ML00-H2-GPS-GradientEstimation-Escape-Specialist-Exploiter,Exploiter,3.5297471642021065
1954,0.0676104228526815,HOG8-ML00-H2-GPS-GradientEstimation-Escape-Specialist-Exploiter,Exploiter,3.5217557241387496
1964,0.06486882143804915,HOG8-ML00-H2-GPS-GradientEstimation-Escape-Specialist-Exploiter,Exploiter,4.054998177730843
1975,0.06272761053431829,HOG8-ML00-H2-GPS-GradientEstimation-Escape-Specialist-Exploiter,Exploiter,3.300832135166433
1986,0.06076300672259852,HOG8-ML00-H2-GPS-GradientEstimation-Escape-Specialist-Exploiter,Exploiter,3.1319602245090064
1999,0.05871487254695215,HOG8-ML00-H2-GPS-GradientEstimation-Escape-Specialist-Exploiter,Exploiter,3.370692607422666
2005,0.05677455051096665,HOG8-ML00-H2-GPS-GradientEstimation-Escape-Specialist-Exploiter,Exploiter,3.3046517037636343
2024,0.05505503451343986,HOG8-ML00-H2-GPS-GradientEstimation-Escape-Specialist-Exploiter,Exploiter,3.028673907677427
2035,0.05291999240648753,HOG8-ML00-H2-GPS-GradientEstimation-Escape-Specialist-Exploiter,Exploiter,3.878014292100994
2045,0.0512427516613753,HOG8-ML00-H2-GPS-GradientEstimation-Escape-Specialist-Exploiter,Exploiter,3.1693896178764702
2060,0.04940084126873952,HOG8-ML00-H2-GPS-GradientEstimation-Escape-Specialist-Exploiter,Exploiter,3.594479868699435
2071,0.04798385417848616,HOG8-ML00-H2-GPS-GradientEstimation-Escape-Specialist-Exploiter,Exploiter,2.868346072377544
2080,0.04652782155533045,HOG8-ML00-H2-GPS-GradientEstimation-Escape-Specialist-Exploiter,Exploiter,3.034421990654788
2090,0.04512273022173299,HOG8-ML00-H2-GPS-GradientEstimation-Escape-Specialist-Exploiter,Exploiter,3.0198949502214236
2101,0.04385525724887772,HOG8-ML00-H2-GPS-GradientEstimation-Escape-Specialist-Exploiter,Exploiter,2.8089456613704775
2110,0.042564501042925224,HOG8-ML00-H2-GPS-GradientEstimation-Escape-Specialist-Exploiter,Exploiter,2.9432188679853803
2126,0.04109856299448967,HOG8-ML00-H2-GPS-GradientEstimation-Escape-Specialist-Exploiter,Exploiter,3.4440390760300295
2135,0.0397281354321071,HOG8-ML00-H2-GPS-GradientEstimation-Escape-Specialist-Exploiter,Exploiter,3.3344902170090784
2150,0.03845666599713481,HOG8-ML00-H2-GPS-GradientEstimation-Escape-Specialist-Exploiter,Exploiter,3.2004256458125164
2156,0.03844038459554617,HOG8-ML02-H2-GPS-GradientEstimation-Escape-Specialist-Polisher,Polisher,0.04233700755509397
2160,0.037210145690917046,HOG8-ML00-H2-GPS-GradientEstimation-Escape-Specialist-Exploiter,Exploiter,3.2003813634363656
2171,0.036202359931645764,HOG8-ML00-H2-GPS-GradientEstimation-Escape-Specialist-Exploiter,Exploiter,2.7083628417968844
2179,0.035223639795393606,HOG8-ML00-H2-GPS-GradientEstimation-Escape-Specialist-Exploiter,Exploiter,2.7034705419759772
2190,0.03433675830316006,HOG8-ML00-H2-GPS-GradientEstimation-Escape-Specialist-Exploiter,Exploiter,2.517858737442367
2200,0.033413818266448195,HOG8-ML00-H2-GPS-GradientEstimation-Escape-Specialist-Exploiter,Exploiter,2.6879067283032576
2211,0.033102775222960554,HOG8-ML02-H2-GPS-GradientEstimation-Escape-Specialist-Exploiter,Exploiter,0.9308814724714312
2215,0.032383376066152395,HOG8-ML00-H2-GPS-GradientEstimation-Escape-Specialist-Exploiter,Exploiter,2.1732291385320885
2225,0.03156920079702371,HOG8-ML00-H2-GPS-GradientEstimation-Escape-Specialist-Exploiter,Exploiter,2.5141766178594134
2234,0.03127462799028821,HOG8-ML02-H2-GPS-GradientEstimation-Escape-Specialist-Exploiter,Exploiter,0.9331018818926501
2241,0.030670679389878087,HOG8-ML00-H2-GPS-GradientEstimation-Escape-Specialist-Exploiter,Exploiter,1.9311136189938696
2246,0.02989339325211686,HOG8-ML00-H2-GPS-GradientEstimation-Escape-Specialist-Exploiter,Exploiter,2.5342970981521438
2258,0.02963910113359491,HOG8-ML02-H2-GPS-GradientEstimation-Escape-Specialist-Exploiter,Exploiter,0.8506632765885203
2261,0.029188347158033246,HOG8-ML00-H2-GPS-GradientEstimation-Escape-Specialist-Exploiter,Exploiter,1.5208085209127686
2268,0.028922934176854504,HOG8-ML02-H2-GPS-GradientEstimation-Escape-Specialist-Exploiter,Exploiter,0.9093114445354772
2271,0.028469019182888935,HOG8-ML00-H2-GPS-GradientEstimation-Escape-Specialist-Exploiter,Exploiter,1.5693946927722617
2280,0.02777800881720737,HOG8-ML00-H2-GPS-GradientEstimation-Escape-Specialist-Exploiter,Exploiter,2.4272362923443804
2291,0.026999718247544734,HOG8-ML00-H2-GPS-GradientEstimation-Escape-Specialist-Exploiter,Exploiter,2.8018227468504415
2302,0.026383468507488333,HOG8-ML00-H2-GPS-GradientEstimation-Escape-Specialist-Exploiter,Exploiter,2.282430262443352
2310,0.025808369676237976,HOG8-ML00-H2-GPS-GradientEstimation-Escape-Specialist-Exploiter,Exploiter,2.179769620082848
2321,0.025318265065365185,HOG8-ML00-H2-GPS-GradientEstimation-Escape-Specialist-Exploiter,Exploiter,1.8990142229868774
2336,0.024762995803490145,HOG8-ML00-H2-GPS-GradientEstimation-Escape-Specialist-Exploiter,Exploiter,2.193156839307427
2345,0.024225275337935885,HOG8-ML00-H2-GPS-GradientEstimation-Escape-Specialist-Exploiter,Exploiter,2.1714677409042444
2354,0.023661066673292805,HOG8-ML00-H2-GPS-GradientEstimation-Escape-Specialist-Exploiter,Exploiter,2.329008264189057
2364,0.02325935995424661,HOG8-ML00-H2-GPS-GradientEstimation-Escape-Specialist-Exploiter,Exploiter,1.6977540556090749
2379,0.022760621418553437,HOG8-ML00-H2-GPS-GradientEstimation-Escape-Specialist-Exploiter,Exploiter,2.1442487526494234
2390,0.022281622194191962,HOG8-ML00-H2-GPS-GradientEstimation-Escape-Specialist-Exploiter,Exploiter,2.104508552525793
2405,0.021906848034777833,HOG8-ML00-H2-GPS-GradientEstimation-Escape-Specialist-Exploiter,Exploiter,1.68198776618616
2410,0.021631617913987353,HOG8-ML00-H2-GPS-GradientEstimation-Escape-Specialist-Exploiter,Exploiter,1.2563656823361482
2425,0.021187534300831208,HOG8-ML00-H2-GPS-GradientEstimation-Escape-Specialist-Exploiter,Exploiter,2.052937579250573
2434,0.02074867756921061,HOG8-ML00-H2-GPS-GradientEstimation-Escape-Specialist-Exploiter,Exploiter,2.0712968549784576
2451,0.020246942199636825,HOG8-ML00-H2-GPS-GradientEstimation-Escape-Specialist-Exploiter,Exploiter,2.418155894033073
2465,0.01986504100989362,HOG8-ML00-H2-GPS-GradientEstimation-Escape-Specialist-Exploiter,Exploiter,1.886216624602477
2471,0.019541271576579918,HOG8-ML00-H2-GPS-GradientEstimation-Escape-Specialist-Exploiter,Exploiter,1.6298452802209251
2481,0.019143057242065456,HOG8-ML00-H2-GPS-GradientEstimation-Escape-Specialist-Exploiter,Exploiter,2.0378117818684807
2492,0.018699310032300995,HOG8-ML00-H2-GPS-GradientEstimation-Escape-Specialist-Exploiter,Exploiter,2.318058208536089
2502,0.01833518613961741,HOG8-ML00-H2-GPS-GradientEstimation-Escape-Specialist-Exploiter,Exploiter,1.9472584392397387
2526,0.0177395916974402,HOG8-ML00-H2-GPS-GradientEstimation-Escape-Specialist-Exploiter,Exploiter,3.248368670172883
2536,0.017362848727014945,HOG8-ML00-H2-GPS-GradientEstimation-Escape-Specialist-Exploiter,Exploiter,2.1237409341254283
2547,0.017044642276890204,HOG8-ML00-H2-GPS-GradientEstimation-Escape-Specialist-Exploiter,Exploiter,1.8326857252959992
2560,0.016802154487102393,HOG8-ML00-H2-GPS-GradientEstimation-Escape-Specialist-Exploiter,Exploiter,1.4226628277003244
2571,0.01652191605187608,HOG8-ML00-H2-GPS-GradientEstimation-Escape-Specialist-Exploiter,Exploiter,1.6678720305864794
2577,0.016225320235059466,HOG8-ML00-H2-GPS-GradientEstimation-Escape-Specialist-Exploiter,Exploiter,1.7951659836870784
2591,0.015999196895307127,HOG8-ML00-H2-GPS-GradientEstimation-Escape-Specialist-Exploiter,Exploiter,1.3936448493862983
2600,0.015661993833347196,HOG8-ML00-H2-GPS-GradientEstimation-Escape-Specialist-Exploiter,Exploiter,2.1076249274664507
2617,0.015368821362762838,HOG8-ML00-H2-GPS-GradientEstimation-Escape-Specialist-Exploiter,Exploiter,1.8718719577078407
2625,0.015058577007969809,HOG8-ML00-H2-GPS-GradientEstimation-Escape-Specialist-Exploiter,Exploiter,2.0186606862691594
2636,0.014823582438756696,HOG8-ML00-H2-GPS-GradientEstimation-Escape-Specialist-Exploiter,Exploiter,1.5605363580419396
2646,0.014548643881731388,HOG8-ML00-H2-GPS-GradientEstimation-Escape-Specialist-Exploiter,Exploiter,1.8547375991006965
2661,0.014334531710974758,HOG8-ML00-H2-GPS-GradientEstimation-Escape-Specialist-Exploiter,Exploiter,1.471698479234129
2666,0.014115575948138863,HOG8-ML00-H2-GPS-GradientEstimation-Escape-Specialist-Exploiter,Exploiter,1.5274706369951296
2679,0.013914125698606802,HOG8-ML00-H2-GPS-GradientEstimation-Escape-Specialist-Exploiter,Exploiter,1.4271486354662115
2690,0.013655897112681658,HOG8-ML00-H2-GPS-GradientEstimation-Escape-Specialist-Exploiter,Exploiter,1.8558736029745688
2702,0.013430654875598552,HOG8-ML00-H2-GPS-GradientEstimation-Escape-Specialist-Exploiter,Exploiter,1.6494136944978328
2712,0.013249931582822248,HOG8-ML00-H2-GPS-GradientEstimation-Escape-Specialist-Exploiter,Exploiter,1.3456029839963388
2726,0.013037163078480133,HOG8-ML00-H2-GPS-GradientEstimation-Escape-Specialist-Exploiter,Exploiter,1.6058083244592527
2737,0.012866826836515063,HOG8-ML00-H2-GPS-GradientEstimation-Escape-Specialist-Exploiter,Exploiter,1.3065437698346818
2747,0.01266831892148867,HOG8-ML00-H2-GPS-GradientEstimation-Escape-Specialist-Exploiter,Exploiter,1.542788424439222
2759,0.012494546959326374,HOG8-ML00-H2-GPS-GradientEstimation-Escape-Specialist-Exploiter,Exploiter,1.3717049850042418
2770,0.01230352713889538,HOG8-ML00-H2-GPS-GradientEstimation-Escape-Specialist-Exploiter,Exploiter,1.528825503260129
2780,0.0121432219020409,HOG8-ML00-H2-GPS-GradientEstimation-Escape-Specialist-Exploiter,Exploiter,1.3029209839160991
2795,0.012008165578629576,HOG8-ML00-H2-GPS-GradientEstimation-Escape-Specialist-Exploiter,Exploiter,1.1121951365199436
2805,0.011861961688277451,HOG8-ML00-H2-GPS-GradientEstimation-Escape-Specialist-Exploiter,Exploiter,1.2175372615807156
2815,0.011747281722224957,HOG8-ML00-H2-GPS-GradientEstimation-Escape-Specialist-Exploiter,Exploiter,0.966787526938538
2826,0.01157343316783734,HOG8-ML00-H2-GPS-GradientEstimation-Escape-Specialist-Exploiter,Exploiter,1.4799045302430118
2836,0.011421016544777191,HOG8-ML00-H2-GPS-GradientEstimation-Escape-Specialist-Exploiter,Exploiter,1.3169525485636906
2847,0.011281335279223703,HOG8-ML00-H2-GPS-GradientEstimation-Escape-Specialist-Exploiter,Exploiter,1.223019553520952
2857,0.011158933054879062,HOG8-ML00-H2-GPS-GradientEstimation-Escape-Specialist-Exploiter,Exploiter,1.0849976648603206
2867,0.011045128751159993,HOG8-ML00-H2-GPS-GradientEstimation-Escape-Specialist-Exploiter,Exploiter,1.0198493275242855
2875,0.0109122083890293,HOG8-ML00-H2-GPS-GradientEstimation-Escape-Specialist-Exploiter,Exploiter,1.2034297211495493
2889,0.010777052379085992,HOG8-ML00-H2-GPS-GradientEstimation-Escape-Specialist-Exploiter,Exploiter,1.238576144487746
2899,0.010684185380636755,HOG8-ML00-H2-GPS-GradientEstimation-Escape-Specialist-Exploiter,Exploiter,0.8617105603889906
2910,0.010554070308068788,HOG8-ML00-H2-GPS-GradientEstimation-Escape-Specialist-Exploiter,Exploiter,1.2178286685644606
2923,0.010418329363598856,HOG8-ML00-H2-GPS-GradientEstimation-Escape-Specialist-Exploiter,Exploiter,1.2861478131916086
2936,0.010322945026884576,HOG8-ML00-H2-GPS-GradientEstimation-Escape-Specialist-Exploiter,Exploiter,0.9155434944065837
2947,0.010227386348152701,HOG8-ML00-H2-GPS-GradientEstimation-Escape-Specialist-Exploiter,Exploiter,0.9256920237684784
2955,0.010155090942682842,HOG8-ML00-H2-GPS-GradientEstimation-Escape-Specialist-Exploiter,Exploiter,0.706880555880411
2966,0.010061095694468218,HOG8-ML00-H2-GPS-GradientEstimation-Escape-Specialist-Exploiter,Exploiter,0.9255973062688435
2975,0.009965854584139705,HOG8-ML00-H2-GPS-GradientEstimation-Escape-Specialist-Exploiter,Exploiter,0.9466276161241408
2990,0.009880132614279108,HOG8-ML00-H2-GPS-GradientEstimation-Escape-Specialist-Exploiter,Exploiter,0.8601567395637114
3000,0.00979806345185792,HOG8-ML00-H2-GPS-GradientEstimation-Escape-Specialist-Exploiter,Exploiter,0.830648389299745
3011,0.009716194545335588,HOG8-ML00-H2-GPS-GradientEstimation-Escape-Specialist-Exploiter,Exploiter,0.8355621182143667
3036,0.009600758211731134,HOG8-ML00-H2-GPS-GradientEstimation-Escape-Specialist-Exploiter,Exploiter,1.1880817439979303
3049,0.00953759880910107,HOG8-ML00-H2-GPS-GradientEstimation-Escape-Specialist-Exploiter,Exploiter,0.6578584861442386
3060,0.009490163047394515,HOG8-ML00-H2-GPS-GradientEstimation-Escape-Specialist-Refiner,Refiner,0.4973553895063293
3071,0.009416825716750548,HOG8-ML00-H2-GPS-GradientEstimation-Escape-Specialist-Exploiter,Exploiter,0.7727720828158082
3080,0.009346223364604016,HOG8-ML00-H2-GPS-GradientEstimation-Escape-Specialist-Exploiter,Exploiter,0.7497468283919196
3096,0.009274617679959156,HOG8-ML00-H2-GPS-GradientEstimation-Escape-Specialist-Exploiter,Exploiter,0.7661456596045556
3105,0.009206003389146858,HOG8-ML00-H2-GPS-GradientEstimation-Escape-Specialist-Exploiter,Exploiter,0.7398072155638425
3112,0.009146873192794383,HOG8-ML00-H2-GPS-GradientEstimation-Escape-Specialist-Exploiter,Exploiter,0.6423003973926945
3125,0.009081613964397715,HOG8-ML00-H2-GPS-GradientEstimation-Escape-Specialist-Exploiter,Exploiter,0.7134594196416416
3135,0.009017736393716775,HOG8-ML00-H2-GPS-GradientEstimation-Escape-Specialist-Exploiter,Exploiter,0.7033724504406049
3145,0.008957228479159893,HOG8-ML00-H2-GPS-GradientEstimation-Escape-Specialist-Exploiter,Exploiter,0.6709878390217846
3155,0.008907083665494933,HOG8-ML00-H2-GPS-GradientEstimation-Escape-Specialist-Exploiter,Exploiter,0.5598251041784682
3166,0.008839473127374878,HOG8-ML00-H2-GPS-GradientEstimation-Escape-Specialist-Exploiter,Exploiter,0.7590648146931692
3180,0.008780420071082809,HOG8-ML00-H2-GPS-GradientEstimation-Escape-Specialist-Exploiter,Exploiter,0.6680608158555176
3189,0.008728946135088853,HOG8-ML00-H2-GPS-GradientEstimation-Escape-Specialist-Exploiter,Exploiter,0.5862354600035433
3200,0.008680811751610675,HOG8-ML00-H2-GPS-GradientEstimation-Escape-Specialist-Exploiter,Exploiter,0.5514340761559539
3210,0.008630918996652958,HOG8-ML00-H2-GPS-GradientEstimation-Escape-Specialist-Exploiter,Exploiter,0.5747475741362534
3221,0.008579157382394804,HOG8-ML00-H2-GPS-GradientEstimation-Escape-Specialist-Exploiter,Exploiter,0.5997230918078001
3231,0.008527443731388433,HOG8-ML00-H2-GPS-GradientEstimation-Escape-Specialist-Exploiter,Exploiter,0.6027824027624376
3247,0.00847718351978024,HOG8-ML00-H2-GPS-GradientEstimation-Escape-Specialist-Exploiter,Exploiter,0.5893936470456115
3255,0.00842948635013014,HOG8-ML00-H2-GPS-GradientEstimation-Escape-Specialist-Exploiter,Exploiter,0.5626534985211346
3266,0.008381063474458238,HOG8-ML00-H2-GPS-GradientEstimation-Escape-Specialist-Exploiter,Exploiter,0.5744463382535142
3281,0.008333162600953329,HOG8-ML00-H2-GPS-GradientEstimation-Escape-Specialist-Exploiter,Exploiter,0.5715369374171865
3291,0.00828089149283868,HOG8-ML00-H2-GPS-GradientEstimation-Escape-Specialist-Exploiter,Exploiter,0.6272661487328813
3306,0.008230165074300775,HOG8-ML00-H2-GPS-GradientEstimation-Escape-Specialist-Exploiter,Exploiter,0.6125719505173224
3314,0.00818862809110853,HOG8-ML00-H2-GPS-GradientEstimation-Escape-Specialist-Exploiter,Exploiter,0.5046919814761257
3327,0.008145262746910374,HOG8-ML00-H2-GPS-GradientEstimation-Escape-Specialist-Exploiter,Exploiter,0.5295800922408921
3336,0.008096327471881245,HOG8-ML00-H2-GPS-GradientEstimation-Escape-Specialist-Exploiter,Exploiter,0.6007820318342898
3350,0.008059060773978131,HOG8-ML00-H2-GPS-GradientEstimation-Escape-Specialist-Refiner,Refiner,0.460291385600957
3365,0.008031137064392914,HOG8-ML00-H2-GPS-GradientEstimation-Escape-Specialist-Refiner,Refiner,0.34648838578535857
3366,0.00801446405429361,HOG8-ML04-H2-GPS-Sniper-Specialist-Refiner,Refiner,0.20760460151060456
3371,0.007992514563919185,HOG8-ML04-H2-GPS-Sniper-Specialist-Refiner,Refiner,0.2738734645976272
3381,0.007942935886927427,HOG8-ML04-H2-GPS-Sniper-Specialist-Exploiter,Exploiter,0.6203138773818676
3392,0.007913550483713748,HOG8-ML04-H2-GPS-Sniper-Specialist-Refiner,Refiner,0.369956444720171
3401,0.00788689042664662,HOG8-ML04-H2-GPS-Sniper-Specialist-Refiner,Refiner,0.3368912237559523
3412,0.007787083868822655,HOG8-ML04-H2-GPS-Sniper-Specialist-Exploiter,Exploiter,1.265474127632849
3427,0.0077670144291232274,HOG8-ML04-H2-GPS-Sniper-Specialist-Refiner,Refiner,0.25772728324886457
3432,0.007715301354905571,HOG8-ML04-H2-GPS-Sniper-Specialist-Exploiter,Exploiter,0.665803761400943
3448,0.007591768920816679,HOG8-ML04-H2-GPS-Sniper-Specialist-Exploiter,Exploiter,1.6011355669256857
3452,0.007571887459476046,HOG8-ML04-H2-GPS-Sniper-Specialist-Refiner,Refiner,0.2618818031475841
3465,0.0074622612336188035,HOG8-ML04-H2-GPS-Sniper-Specialist-Exploiter,Exploiter,1.4478058006534118
3478,0.007445637912594314,HOG8-ML04-H2-GPS-Sniper-Specialist-Refiner,Refiner,0.2227651981627023
3487,0.007408091468282701,HOG8-ML04-H2-GPS-Sniper-Specialist-Exploiter,Exploiter,0.5042743785338132
3496,0.007378797166447231,HOG8-ML04-H2-GPS-Sniper-Specialist-Refiner,Refiner,0.39543655691741425
3506,0.007376262461188542,HOG8-ML06-H1-GPS-Spray-Specialist-Polisher,Polisher,0.034351198461113924
3507,0.007316586358751236,HOG8-ML04-H2-GPS-Sniper-Specialist-Exploiter,Exploiter,0.8090290001379671
3517,0.0072513854486755,HOG8-ML04-H2-GPS-Sniper-Specialist-Exploiter,Exploiter,0.8911383926706494
3525,0.0071892877407721024,HOG8-ML04-H2-GPS-Sniper-Specialist-Exploiter,Exploiter,0.8563564624018206
3537,0.007154255857540006,HOG8-ML04-H2-GPS-Sniper-Specialist-Refiner,Refiner,0.48727891406296875
3546,0.007107238189885234,HOG8-ML04-H2-GPS-Sniper-Specialist-Exploiter,Exploiter,0.6571985764979152
3556,0.0071036065274981425,HOG8-ML04-H2-GPS-Sniper-Specialist-Refiner,Refiner,0.05109808184366574
3562,0.007086183669674395,HOG8-ML04-H2-GPS-Sniper-Specialist-Refiner,Refiner,0.24526777709749678
3568,0.007062280261702096,HOG8-ML04-H2-GPS-Sniper-Specialist-Refiner,Refiner,0.3373241378796651
3578,0.007011454124500174,HOG8-ML04-H2-GPS-Sniper-Specialist-Exploiter,Exploiter,0.7196845114961823
3587,0.007000306487477176,HOG8-ML04-H2-GPS-Sniper-Specialist-Refiner,Refiner,0.1589917986348205
3601,0.006960457951480588,HOG8-ML04-H2-GPS-Sniper-Specialist-Exploiter,Exploiter,0.5692398763950333
3606,0.006898986667529581,HOG8-ML04-H2-GPS-Sniper-Specialist-Exploiter,Exploiter,0.8831499935709053
3621,0.006815526137320952,HOG8-ML04-H2-GPS-Sniper-Specialist-Exploiter,Exploiter,1.209750565274177
3629,0.006812523788201566,HOG8-ML04-H2-GPS-Sniper-Specialist-Polisher,Polisher,0.04405161184762993
3636,0.006793703343953254,HOG8-ML04-H2-GPS-Sniper-Specialist-Refiner,Refiner,0.27626243714416837
3645,0.0067379026754593885,HOG8-ML04-H2-GPS-Sniper-Specialist-Exploiter,Exploiter,0.8213586267868278
3656,0.006706311932275191,HOG8-ML04-H2-GPS-Sniper-Specialist-Refiner,Refiner,0.4688512836384076
3659,0.00669449037548167,HOG8-ML04-H2-GPS-Sniper-Specialist-Refiner,Refiner,0.17627508104159942
3668,0.006674693481980346,HOG8-ML04-H2-GPS-Sniper-Specialist-Refiner,Refiner,0.29571920177567856
3677,0.0066255790796290875,HOG8-ML04-H2-GPS-Sniper-Specialist-Exploiter,Exploiter,0.7358300794463825
3686,0.006595991889477765,HOG8-ML04-H2-GPS-Sniper-Specialist-Refiner,Refiner,0.4465600635918932
3702,0.0065655604914088,HOG8-ML04-H2-GPS-Sniper-Specialist-Refiner,Refiner,0.4613619691908744
3708,0.00653687792600418,HOG8-ML04-H2-GPS-Sniper-Specialist-Refiner,Refiner,0.436863927187194
3723,0.006508668046689243,HOG8-ML04-H2-GPS-Sniper-Specialist-Refiner,Refiner,0.43154973420440146
3731,0.006463594096863124,HOG8-ML04-H2-GPS-Sniper-Specialist-Exploiter,Exploiter,0.6925218724136196
3741,0.00643214662315692,HOG8-ML04-H2-GPS-Sniper-Specialist-Refiner,Refiner,0.48653231058345603
3752,0.006407458773929873,HOG8-ML04-H2-GPS-Sniper-Specialist-Refiner,Refiner,0.383819752151889
3763,0.006376739676135524,HOG8-ML04-H2-GPS-Sniper-Specialist-Refiner,Refiner,0.47942716259582524
3772,0.006336901893864365,HOG8-ML04-H2-GPS-Sniper-Specialist-Exploiter,Exploiter,0.6247359041525316
3782,0.006298901496071187,HOG8-ML04-H2-GPS-Sniper-Specialist-Exploiter,Exploiter,0.5996683936352543
3793,0.006230519825090819,HOG8-ML04-H2-GPS-Sniper-Specialist-Exploiter,Exploiter,1.0856126425063082
3797,0.006228661404897358,HOG8-ML04-H2-GPS-Sniper-Specialist-Polisher,Polisher,0.029827690877046217
3807,0.006200558739779607,HOG8-ML04-H2-GPS-Sniper-Specialist-Refiner,Refiner,0.45118305990521645
3810,0.006197865697151316,HOG8-ML04-H2-GPS-Sniper-Specialist-Polisher,Polisher,0.04343225733857283
3818,0.006178010613367757,HOG8-ML04-H2-GPS-Sniper-Specialist-Refiner,Refiner,0.32035356611042715
3825,0.0060605924717595065,HOG8-ML04-H2-GPS-Sniper-Specialist-Exploiter,Exploiter,1.9005817399242624
3832,0.0060512493246520456,HOG8-ML04-H2-GPS-Sniper-Specialist-Refiner,Refiner,0.1541622729295386
3837,0.00602963163287132,HOG8-ML04-H2-GPS-Sniper-Specialist-Refiner,Refiner,0.35724344876449865
3846,0.005945770598187596,HOG8-ML04-H2-GPS-Sniper-Specialist-Exploiter,Exploiter,1.39081522371192
3856,0.00592432606599864,HOG8-ML04-H2-GPS-Sniper-Specialist-Refiner,Refiner,0.3606686775889516
3867,0.005888215099553975,HOG8-ML04-H2-GPS-Sniper-Specialist-Exploiter,Exploiter,0.6095371193681642
3877,0.005842757673761219,HOG8-ML04-H2-GPS-Sniper-Specialist-Exploiter,Exploiter,0.7720068819530566
3885,0.005806944454925376,HOG8-ML04-H2-GPS-Sniper-Specialist-Exploiter,Exploiter,0.6129506105768223
3897,0.005781588093077827,HOG8-ML04-H2-GPS-Sniper-Specialist-Refiner,Refiner,0.4366558358594481
3908,0.005738826893646488,HOG8-ML04-H2-GPS-Sniper-Specialist-Exploiter,Exploiter,0.7396099262508209
3915,0.0057042768568661825,HOG8-ML04-H2-GPS-Sniper-Specialist-Exploiter,Exploiter,0.6020400583707521
3929,0.005669276232806226,HOG8-ML04-H2-GPS-Sniper-Specialist-Exploiter,Exploiter,0.6135856470189888
3936,0.005661207712994576,HOG8-ML01-H2-GPS-GradientEstimation-Escape-Specialist-Refiner,Refiner,0.1423201036661358
3936,0.005647865094195995,HOG8-ML04-H2-GPS-Sniper-Specialist-Refiner,Refiner,0.23568502473341632
3946,0.005625978769840477,HOG8-ML02-H1-GPS-GradientEstimation-Escape-Specialist-Refiner,Refiner,0.3875149988622982
3947,0.0056244113003563355,HOG8-ML04-H2-GPS-Sniper-Specialist-Polisher,Polisher,0.027861276202188257
3951,0.005618015206661881,HOG8-ML01-H1-GPS-GradientEstimation-Escape-Specialist-Refiner,Refiner,0.11372023404563969
3958,0.005598270335752874,HOG8-ML04-H2-GPS-Sniper-Specialist-Refiner,Refiner,0.35145634503789036
3967,0.005582843817189287,HOG8-ML00-H1-GPS-GradientEstimation-Escape-Specialist-Refiner,Refiner,0.2755586571992907
3967,0.005577076884587686,HOG8-ML04-H2-GPS-Sniper-Specialist-Refiner,Refiner,0.10329740165477715
3970,0.005555547375844546,HOG8-ML00-H1-GPS-GradientEstimation-Escape-Specialist-Refiner,Refiner,0.38603571707318035
3976,0.00555096779249943,HOG8-ML04-H2-GPS-Sniper-Specialist-Refiner,Refiner,0.08243262158158271
3978,0.005548794996621077,HOG8-ML04-H2-GPS-Sniper-Specialist-Polisher,Polisher,0.039142649706768826
3980,0.005545180080060254,HOG8-ML00-H1-GPS-GradientEstimation-Escape-Specialist-Refiner,Refiner,0.06514777646361176
3987,0.005533238148119211,HOG8-ML00-H2-GPS-GradientEstimation-Escape-Specialist-Refiner,Refiner,0.21535697251717315
3991,0.005532844663953433,HOG8-ML04-H2-GPS-Sniper-Specialist-Polisher,Polisher,0.00711128195180077
3997,0.0055272242913064545,HOG8-ML00-H2-GPS-GradientEstimation-Escape-Specialist-Refiner,Refiner,0.10158197072828816
4002,0.0055038198566283525,HOG8-ML03-H1-GPS-JADE-Specialist-Refiner,Refiner,0.4234392064551073
4005,0.0054752315829574745,HOG8-ML06-H1-GPS-Spray-Specialist-Exploiter,Exploiter,0.5194260425593079
4012,0.005437086611040753,HOG8-ML04-H2-GPS-Sniper-Specialist-Exploiter,Exploiter,0.6966823473814945
4017,0.005416699921220113,HOG8-ML04-H2-GPS-Sniper-Specialist-Refiner,Refiner,0.37495613513388903
4033,0.005404920602325682,HOG8-ML04-H2-GPS-Sniper-Specialist-Refiner,Refiner,0.2174630137491074
4046,0.0053963267882367535,HOG8-ML04-H2-GPS-Sniper-Specialist-Refiner,Refiner,0.15899982111172362
4052,0.005392617704944935,HOG8-ML04-H2-GPS-Sniper-Specialist-Refiner,Refiner,0.06873348181774723
4061,0.005378876005202645,HOG8-ML04-H2-GPS-Sniper-Specialist-Refiner,Refiner,0.2548242893185005
4072,0.0053663668026019615,HOG8-ML04-H2-GPS-Sniper-Specialist-Refiner,Refiner,0.2325616464961123
4087,0.0053392581404855905,HOG8-ML04-H2-GPS-Sniper-Specialist-Exploiter,Exploiter,0.5051585758772005
4096,0.005313363563663663,HOG8-ML04-H2-GPS-Sniper-Specialist-Refiner,Refiner,0.48498454542923175
4106,0.005305613837425953,HOG8-ML04-H2-GPS-Sniper-Specialist-Refiner,Refiner,0.14585349082280033
4117,0.005248332998110382,HOG8-ML04-H2-GPS-Sniper-Specialist-Exploiter,Exploiter,1.0796269964374372
4132,0.005240010576241754,HOG8-ML04-H2-GPS-Sniper-Specialist-Refiner,Refiner,0.15857267196317065
4137,0.0052126113878569105,HOG8-ML04-H2-GPS-Sniper-Specialist-Exploiter,Exploiter,0.5228842191477903
4152,0.0052009517407875,HOG8-ML04-H2-GPS-Sniper-Specialist-Refiner,Refiner,0.223681494779617
4161,0.005148629776828983,HOG8-ML04-H2-GPS-Sniper-Specialist-Exploiter,Exploiter,1.0060074879793854
4170,0.00514667558847616,HOG8-ML04-H2-GPS-Sniper-Specialist-Polisher,Polisher,0.03795550345487628
4177,0.005123675616067984,HOG8-ML04-H2-GPS-Sniper-Specialist-Refiner,Refiner,0.4468898809102067
4191,0.005096138017021676,HOG8-ML04-H2-GPS-Sniper-Specialist-Exploiter,Exploiter,0.5374578937032976
4201,0.0050885008482443456,HOG8-ML04-H2-GPS-Sniper-Specialist-Refiner,Refiner,0.1498618905496912
4211,0.005058566596451659,HOG8-ML04-H2-GPS-Sniper-Specialist-Exploiter,Exploiter,0.5882725125812693
4221,0.005052032820359249,HOG8-ML04-H2-GPS-Sniper-Specialist-Refiner,Refiner,0.12916259908475836
4230,0.0050416879563114445,HOG8-ML04-H2-GPS-Sniper-Specialist-Refiner,Refiner,0.20476636664187076
4241,0.005021379368408191,HOG8-ML04-H2-GPS-Sniper-Specialist-Refiner,Refiner,0.4028132657006228
4246,0.005014264897457037,HOG8-ML04-H2-GPS-Sniper-Specialist-Refiner,Refiner,0.14168359785590243
4253,0.005008117834172356,HOG8-ML04-H2-GPS-Sniper-Specialist-Refiner,Refiner,0.12259151461659958
4267,0.004988900107002427,HOG8-ML04-H2-GPS-Sniper-Specialist-Refiner,Refiner,0.38373152961375084
4273,0.004982673544786839,HOG8-ML04-H2-GPS-Sniper-Specialist-Refiner,Refiner,0.12480831610255155
4283,0.0049710169900344355,HOG8-ML04-H2-GPS-Sniper-Specialist-Refiner,Refiner,0.23394177137290367
4292,0.004953203987083854,HOG8-ML04-H2-GPS-Sniper-Specialist-Refiner,Refiner,0.3583371971226843
4303,0.004937836288757411,HOG8-ML04-H2-GPS-Sniper-Specialist-Refiner,Refiner,0.31025773149088265
4312,0.004916447735861074,HOG8-ML04-H2-GPS-Sniper-Specialist-Refiner,Refiner,0.4331563795469485
4322,0.004904677695456237,HOG8-ML04-H2-GPS-Sniper-Specialist-Refiner,Refiner,0.23940131243509552
4333,0.004890088610380528,HOG8-ML04-H2-GPS-Sniper-Specialist-Refiner,Refiner,0.2974524725493131
4342,0.004869734680747155,HOG8-ML04-H2-GPS-Sniper-Specialist-Refiner,Refiner,0.41622823746314247
4350,0.004855053037797805,HOG8-ML04-H2-GPS-Sniper-Specialist-Refiner,Refiner,0.30148753293266056
4361,0.004820269084647739,HOG8-ML04-H2-GPS-Sniper-Specialist-Exploiter,Exploiter,0.7164484688275095
4372,0.0048089579576146915,HOG8-ML04-H2-GPS-Sniper-Specialist-Refiner,Refiner,0.234657585176572
4382,0.004781736231247181,HOG8-ML04-H2-GPS-Sniper-Specialist-Exploiter,Exploiter,0.5660628894541797
4392,0.004770526216249208,HOG8-ML04-H2-GPS-Sniper-Specialist-Refiner,Refiner,0.23443398915897287
4406,0.004755043375792072,HOG8-ML04-H2-GPS-Sniper-Specialist-Refiner,Refiner,0.3245520463633312
4410,0.004736536692985579,HOG8-ML04-H2-GPS-Sniper-Specialist-Refiner,Refiner,0.389201135382085
4422,0.004709628982509817,HOG8-ML04-H2-GPS-Sniper-Specialist-Exploiter,Exploiter,0.5680882936177852
4431,0.00468932725537518,HOG8-ML04-H2-GPS-Sniper-Specialist-Refiner,Refiner,0.43106850263643637
4447,0.004683381185485573,HOG8-ML04-H2-GPS-Sniper-Specialist-Refiner,Refiner,0.12680006247785586
4455,0.00465968556450345,HOG8-ML04-H2-GPS-Sniper-Specialist-Exploiter,Exploiter,0.5059511503261589
4467,0.004613619083453299,HOG8-ML04-H2-GPS-Sniper-Specialist-Exploiter,Exploiter,0.988617802906623
4473,0.004606946463659556,HOG8-ML04-H2-GPS-Sniper-Specialist-Refiner,Refiner,0.14462875397916197
4487,0.004598568312306759,HOG8-ML04-H2-GPS-Sniper-Specialist-Refiner,Refiner,0.18185909948997403
4497,0.004563847739258342,HOG8-ML04-H2-GPS-Sniper-Specialist-Exploiter,Exploiter,0.7550300591490047
4513,0.004536300072512765,HOG8-ML04-H2-GPS-Sniper-Specialist-Exploiter,Exploiter,0.603606174426275
4523,0.00453130840500297,HOG8-ML04-H2-GPS-Sniper-Specialist-Refiner,Refiner,0.11003830059747408
4531,0.004523612059592696,HOG8-ML04-H2-GPS-Sniper-Specialist-Refiner,Refiner,0.16984819223022776
4542,0.004505553203731812,HOG8-ML04-H2-GPS-Sniper-Specialist-Refiner,Refiner,0.3992131867848631
4550,0.0044891754691653105,HOG8-ML01-H1-GPS-GradientEstimation-Escape-Specialist-Refiner,Refiner,0.36350108024328537
4559,0.00448415782527329,HOG8-ML02-H1-GPS-GradientEstimation-Escape-Specialist-Refiner,Refiner,0.11177205984674442
4563,0.004448594818558902,HOG8-ML04-H2-GPS-Sniper-Specialist-Exploiter,Exploiter,0.7930810667267283
4575,0.004436769469998476,HOG8-ML04-H2-GPS-Sniper-Specialist-Refiner,Refiner,0.26582210883968455
4587,0.004430266064316814,HOG8-ML04-H2-GPS-Sniper-Specialist-Refiner,Refiner,0.1465797519036907
4590,0.00442307149819351,HOG8-ML00-H1-GPS-GradientEstimation-Escape-Specialist-Refiner,Refiner,0.16239580239326734
4592,0.004404092123559105,HOG8-ML04-H2-GPS-Sniper-Specialist-Refiner,Refiner,0.4290994310663174
4606,0.004391361457030346,HOG8-ML04-H2-GPS-Sniper-Specialist-Refiner,Refiner,0.2890644921040167
4616,0.004384108204800602,HOG8-ML04-H2-GPS-Sniper-Specialist-Refiner,Refiner,0.1651709225195195
4626,0.004365595821218182,HOG8-ML04-H2-GPS-Sniper-Specialist-Refiner,Refiner,0.42226110117786636
4635,0.004351755223693662,HOG8-ML04-H2-GPS-Sniper-Specialist-Refiner,Refiner,0.31703799644598235
4648,0.004348298820988072,HOG8-ML04-H2-GPS-Sniper-Specialist-Refiner,Refiner,0.07942548530237166
4657,0.00433258201764738,HOG8-ML04-H2-GPS-Sniper-Specialist-Refiner,Refiner,0.361447177108243
4666,0.004331747050306332,HOG8-ML04-H2-GPS-Sniper-Specialist-Polisher,Polisher,0.01927181845944232
4677,0.004321381314407956,HOG8-ML04-H2-GPS-Sniper-Specialist-Refiner,Refiner,0.239296888253045
4687,0.004290091408447053,HOG8-ML04-H2-GPS-Sniper-Specialist-Exploiter,Exploiter,0.724071857685389
4703,0.004271277755957067,HOG8-ML04-H2-GPS-Sniper-Specialist-Refiner,Refiner,0.4385373340284197
4710,0.004257152349523717,HOG8-ML04-H2-GPS-Sniper-Specialist-Refiner,Refiner,0.33070681047725053
4717,0.0042469967526972355,HOG8-ML04-H2-GPS-Sniper-Specialist-Refiner,Refiner,0.23855375595421344
4728,0.004214110404526678,HOG8-ML04-H2-GPS-Sniper-Specialist-Exploiter,Exploiter,0.7743436146889403
4737,0.0041775213379529365,HOG8-ML04-H2-GPS-Sniper-Specialist-Exploiter,Exploiter,0.8682512573576251
4747,0.004168908700914853,HOG8-ML04-H2-GPS-Sniper-Specialist-Refiner,Refiner,0.2061662009919009
4761,0.004153622130791585,HOG8-ML04-H2-GPS-Sniper-Specialist-Refiner,Refiner,0.366680376567451
4770,0.0041429539901033695,HOG8-ML04-H2-GPS-Sniper-Specialist-Refiner,Refiner,0.2568394608919914
4782,0.004125934510509277,HOG8-ML04-H2-GPS-Sniper-Specialist-Refiner,Refiner,0.41080542131891146
4796,0.004113398940426725,HOG8-ML04-H2-GPS-Sniper-Specialist-Refiner,Refiner,0.30382377739205374
4800,0.004105360101867088,HOG8-ML04-H2-GPS-Sniper-Specialist-Refiner,Refiner,0.19543055940017456
4813,0.004098079558688038,HOG8-ML04-H2-GPS-Sniper-Specialist-Refiner,Refiner,0.17734237675616676
4821,0.004091064772048044,HOG8-ML04-H2-GPS-Sniper-Specialist-Refiner,Refiner,0.17117253434288654
4831,0.0040828880037240564,HOG8-ML04-H2-GPS-Sniper-Specialist-Refiner,Refiner,0.19986895293994228
4842,0.0040745795430076216,HOG8-ML04-H2-GPS-Sniper-Specialist-Refiner,Refiner,0.20349470053689045
4852,0.004069033119013993,HOG8-ML04-H2-GPS-Sniper-Specialist-Refiner,Refiner,0.13612260934129952
4861,0.004064372900850366,HOG8-ML04-H2-GPS-Sniper-Specialist-Refiner,Refiner,0.11452888259499505
4872,0.004023433133792762,HOG8-ML04-H2-GPS-Sniper-Specialist-Exploiter,Exploiter,1.007283732480301
4883,0.003999467474419828,HOG8-ML04-H2-GPS-Sniper-Specialist-Exploiter,Exploiter,0.5956519861520101
4897,0.003933498071855167,HOG8-ML04-H2-GPS-Sniper-Specialist-Exploiter,Exploiter,1.6494546583162306
4906,0.003927642774080538,HOG8-ML04-H2-GPS-Sniper-Specialist-Refiner,Refiner,0.14885726820422662
4917,0.003891775729308943,HOG8-ML04-H2-GPS-Sniper-Specialist-Exploiter,Exploiter,0.9131951869016676
4928,0.0038900670241731466,HOG8-ML04-H2-GPS-Sniper-Specialist-Polisher,Polisher,0.04390553964680688
4935,0.003886715598006559,HOG8-ML04-H2-GPS-Sniper-Specialist-Refiner,Refiner,0.08615342989623734
4950,0.0038670066192838925,HOG8-ML04-H2-GPS-Sniper-Specialist-Exploiter,Exploiter,0.5070856929376298
4957,0.0038471870566852496,HOG8-ML04-H2-GPS-Sniper-Specialist-Exploiter,Exploiter,0.5125298337946264
4967,0.003836256689578402,HOG8-ML04-H2-GPS-Sniper-Specialist-Refiner,Refiner,0.2841132220970121
4980,0.003833441875475699,HOG8-ML04-H2-GPS-Sniper-Specialist-Refiner,Refiner,0.07337397704251164
4986,0.003813803414994929,HOG8-ML04-H2-GPS-Sniper-Specialist-Exploiter,Exploiter,0.5122931589599916
4998,0.0038052502893299316,HOG8-ML04-H2-GPS-Sniper-Specialist-Refiner,Refiner,0.2242676072754263
5011,0.0037774255689606434,HOG8-ML04-H2-GPS-Sniper-Specialist-Exploiter,Exploiter,0.7312191906879228
5022,0.0037474847511399256,HOG8-ML04-H2-GPS-Sniper-Specialist-Exploiter,Exploiter,0.7926249577686857
5028,0.0037266662821654147,HOG8-ML04-H2-GPS-Sniper-Specialist-Exploiter,Exploiter,0.5555317861714631
5042,0.0037172059313606127,HOG8-ML04-H2-GPS-Sniper-Specialist-Refiner,Refiner,0.25385559340465136
5052,0.0036966479914224293,HOG8-ML04-H2-GPS-Sniper-Specialist-Exploiter,Exploiter,0.5530481850559856
5062,0.0036951098286192793,HOG8-ML04-H2-GPS-Sniper-Specialist-Polisher,Polisher,0.041609663855447225
5070,0.0036524892702388865,HOG8-ML04-H2-GPS-Sniper-Specialist-Exploiter,Exploiter,1.1534314366054588
5083,0.0036424279230467664,HOG8-ML04-H2-GPS-Sniper-Specialist-Refiner,Refiner,0.27546548251631325
5087,0.00361731586831664,HOG8-ML04-H2-GPS-Sniper-Specialist-Exploiter,Exploiter,0.6894317543316323
5098,0.00358271310361083,HOG8-ML04-H2-GPS-Sniper-Specialist-Exploiter,Exploiter,0.9565867611642291
5113,0.0035688849804805076,HOG8-ML04-H2-GPS-Sniper-Specialist-Refiner,Refiner,0.38596791678311376
5117,0.0035609749257011535,HOG8-ML04-H2-GPS-Sniper-Specialist-Refiner,Refiner,0.22163938660441496
5127,0.0035509063074668492,HOG8-ML04-H2-GPS-Sniper-Specialist-Refiner,Refiner,0.28274892253900813
5142,0.0035164281306724592,HOG8-ML04-H2-GPS-Sniper-Specialist-Exploiter,Exploiter,0.9709683615669966
5151,0.0035080284811843357,HOG8-ML04-H2-GPS-Sniper-Specialist-Refiner,Refiner,0.2388687945832473
5160,0.003498466352767732,HOG8-ML04-H2-GPS-Sniper-Specialist-Refiner,Refiner,0.27257841456792703
5172,0.0034929655745579774,HOG8-ML04-H2-GPS-Sniper-Specialist-Refiner,Refiner,0.1572339892708395
5181,0.0034757270976622182,HOG8-ML04-H2-GPS-Sniper-Specialist-Refiner,Refiner,0.49351980509972854
5191,0.0034688774852701925,HOG8-ML04-H2-GPS-Sniper-Specialist-Refiner,Refiner,0.19706991370619362
5206,0.0034560288303323522,HOG8-ML04-H2-GPS-Sniper-Specialist-Refiner,Refiner,0.3703980608251284
5212,0.0034434297655752347,HOG8-ML04-H2-GPS-Sniper-Specialist-Refiner,Refiner,0.36455323076416274
5227,0.0034277672592847664,HOG8-ML04-H2-GPS-Sniper-Specialist-Refiner,Refiner,0.4548519167444644
5231,0.003425334601592053,HOG8-ML04-H2-GPS-Sniper-Specialist-Refiner,Refiner,0.07096916181003925
5242,0.003408479422058872,HOG8-ML04-H2-GPS-Sniper-Specialist-Refiner,Refiner,0.49207395754408517
5251,0.003396422189809214,HOG8-ML04-H2-GPS-Sniper-Specialist-Refiner,Refiner,0.3537422632399226
5262,0.0033859838526992788,HOG8-ML04-H2-GPS-Sniper-Specialist-Refiner,Refiner,0.30733332096507027
5277,0.003374916579778932,HOG8-ML04-H2-GPS-Sniper-Specialist-Refiner,Refiner,0.3268554547749598
5282,0.0033648347940886314,HOG8-ML04-H2-GPS-Sniper-Specialist-Refiner,Refiner,0.29872695967379626
5295,0.0033527337078302125,HOG8-ML04-H2-GPS-Sniper-Specialist-Refiner,Refiner,0.35963388989195355
5302,0.003344797188678824,HOG8-ML04-H2-GPS-Sniper-Specialist-Refiner,Refiner,0.2367178500592841
5318,0.003326747930660311,HOG8-ML04-H2-GPS-Sniper-Specialist-Exploiter,Exploiter,0.53962189634709
5327,0.0033256567748526445,HOG8-ML04-H2-GPS-Sniper-Specialist-Polisher,Polisher,0.03279947355224002
5337,0.0033213108722190236,HOG8-ML04-H2-GPS-Sniper-Specialist-Refiner,Refiner,0.13067802626184727
5347,0.003315230988121161,HOG8-ML04-H2-GPS-Sniper-Specialist-Refiner,Refiner,0.1830567607723072
5354,0.00331135517548809,HOG8-ML04-H2-GPS-Sniper-Specialist-Refiner,Refiner,0.11690927862820161
5367,0.0033064054855354336,HOG8-ML04-H2-GPS-Sniper-Specialist-Refiner,Refiner,0.14947626244674322
5376,0.0032740326108314103,HOG8-ML04-H2-GPS-Sniper-Specialist-Exploiter,Exploiter,0.9790957233057248
5385,0.0032740035662791275,HOG8-ML04-H2-GPS-Sniper-Specialist-Polisher,Polisher,0.0008871186006729722
5398,0.003255139608854021,HOG8-ML04-H2-GPS-Sniper-Specialist-Exploiter,Exploiter,0.5761740035776864
5406,0.0032548319074502882,HOG8-ML04-H2-GPS-Sniper-Specialist-Polisher,Polisher,0.009452786691410224
5415,0.003248447868163981,HOG8-ML04-H2-GPS-Sniper-Specialist-Refiner,Refiner,0.19614036816138375
5426,0.003224021709504279,HOG8-ML04-H2-GPS-Sniper-Specialist-Exploiter,Exploiter,0.7519332201414538
5436,0.003223237583372974,HOG8-ML04-H2-GPS-Sniper-Specialist-Polisher,Polisher,0.024321366354131048
5447,0.003222495267403612,HOG8-ML04-H2-GPS-Sniper-Specialist-Polisher,Polisher,0.0230301350788165
5460,0.0032183077797193747,HOG8-ML04-H2-GPS-Sniper-Specialist-Refiner,Refiner,0.12994550299560817
5467,0.003209169785356289,HOG8-ML04-H2-GPS-Sniper-Specialist-Refiner,Refiner,0.2839378638882814
5477,0.003197930144437097,HOG8-ML04-H2-GPS-Sniper-Specialist-Refiner,Refiner,0.3502351595879845
5487,0.003190978356564318,HOG8-ML04-H2-GPS-Sniper-Specialist-Refiner,Refiner,0.21738398147538845
5497,0.0031893236425308276,HOG8-ML04-H2-GPS-Sniper-Specialist-Refiner,Refiner,0.05185600930468756
5507,0.0031644004957999874,HOG8-ML04-H2-GPS-Sniper-Specialist-Exploiter,Exploiter,0.7814555537255826
5517,0.003159025218177639,HOG8-ML04-H2-GPS-Sniper-Specialist-Refiner,Refiner,0.1698671716643611
5530,0.0031573286439925373,HOG8-ML04-H2-GPS-Sniper-Specialist-Refiner,Refiner,0.053705623346696
5542,0.003152343610423809,HOG8-ML04-H2-GPS-Sniper-Specialist-Refiner,Refiner,0.15788769972405173
5559,0.0031436338317048567,HOG8-ML04-H2-GPS-Sniper-Specialist-Refiner,Refiner,0.27629534706025205
5564,0.003142476796795971,HOG8-ML04-H2-GPS-Sniper-Specialist-Polisher,Polisher,0.03680565138396187
5576,0.003113911147115021,HOG8-ML04-H2-GPS-Sniper-Specialist-Exploiter,Exploiter,0.9090170438195501
5595,0.003105269435747872,HOG8-ML04-H2-GPS-Sniper-Specialist-Refiner,Refiner,0.27751952316158296
5606,0.0030951082327727664,HOG8-ML04-H2-GPS-Sniper-Specialist-Refiner,Refiner,0.3272245190104908
5611,0.003081270868047983,HOG8-ML04-H2-GPS-Sniper-Specialist-Refiner,Refiner,0.4470720790396124
5625,0.0030790079894634577,HOG8-ML04-H2-GPS-Sniper-Specialist-Refiner,Refiner,0.07343978122763478
5636,0.003070645040830965,HOG8-ML04-H2-GPS-Sniper-Specialist-Refiner,Refiner,0.27161178733901964
5647,0.003067682375737323,HOG8-ML04-H2-GPS-Sniper-Specialist-Refiner,Refiner,0.09648347673685827
5652,0.0030610703308415303,HOG8-ML04-H2-GPS-Sniper-Specialist-Refiner,Refiner,0.2155387711611969
5667,0.0030503263759268867,HOG8-ML04-H2-GPS-Sniper-Specialist-Refiner,Refiner,0.35098686908281246
5678,0.003048313788210617,HOG8-ML04-H2-GPS-Sniper-Specialist-Refiner,Refiner,0.0659794221416131
5692,0.0030352595310454878,HOG8-ML04-H2-GPS-Sniper-Specialist-Refiner,Refiner,0.42824518970509834
5707,0.0029909430951424814,HOG8-ML04-H2-GPS-Sniper-Specialist-Exploiter,Exploiter,1.4600542540011954
5716,0.0029875925044175683,HOG8-ML04-H2-GPS-Sniper-Specialist-Refiner,Refiner,0.11202455607913986
5727,0.0029690628165035585,HOG8-ML04-H2-GPS-Sniper-Specialist-Exploiter,Exploiter,0.6202213952073822
5737,0.0029625028941655893,HOG8-ML04-H2-GPS-Sniper-Specialist-Refiner,Refiner,0.22094252440553996
5754,0.002953445799861278,HOG8-ML04-H2-GPS-Sniper-Specialist-Refiner,Refiner,0.3057244035828068
5760,0.0029416414282884464,HOG8-ML04-H2-GPS-Sniper-Specialist-Refiner,Refiner,0.3996813340331561
5772,0.0029401507970224696,HOG8-ML04-H2-GPS-Sniper-Specialist-Refiner,Refiner,0.0506734522991852
5782,0.002927292259838111,HOG8-ML04-H2-GPS-Sniper-Specialist-Refiner,Refiner,0.43734277838336666
5792,0.002925218766277958,HOG8-ML04-H2-GPS-Sniper-Specialist-Refiner,Refiner,0.07083315829446744
5802,0.0029197281507520687,HOG8-ML04-H2-GPS-Sniper-Specialist-Refiner,Refiner,0.1876993129261078
5820,0.0029121770220953396,HOG8-ML04-H2-GPS-Sniper-Specialist-Refiner,Refiner,0.25862437414880807
5832,0.0029115862508248586,HOG8-ML04-H2-GPS-Sniper-Specialist-Polisher,Polisher,0.02028624173594966
5847,0.00290554456152733,HOG8-ML04-H2-GPS-Sniper-Specialist-Refiner,Refiner,0.20750507720033204
5858,0.0028946777438342945,HOG8-ML04-H2-GPS-Sniper-Specialist-Refiner,Refiner,0.37400278890658006
5865,0.0028899968778994126,HOG8-ML04-H2-GPS-Sniper-Specialist-Refiner,Refiner,0.16170594273757186
5873,0.0028842139241372937,HOG8-ML04-H2-GPS-Sniper-Specialist-Refiner,Refiner,0.20010242247466614
5883,0.002883078262558324,HOG8-ML04-H2-GPS-Sniper-Specialist-Polisher,Polisher,0.03937508135113274
5895,0.002874448226634574,HOG8-ML04-H2-GPS-Sniper-Specialist-Refiner,Refiner,0.2993340845382419
5907,0.0028711523139363145,HOG8-ML04-H2-GPS-Sniper-Specialist-Refiner,Refiner,0.11466244782979602
5917,0.002865628050216975,HOG8-ML04-H2-GPS-Sniper-Specialist-Refiner,Refiner,0.19240580489322343
5927,0.002862431876536056,HOG8-ML04-H2-GPS-Sniper-Specialist-Refiner,Refiner,0.11153484070192052
5938,0.0028619552138606703,HOG8-ML04-H2-GPS-Sniper-Specialist-Polisher,Polisher,0.016652367495377268
5946,0.002853296872741247,HOG8-ML04-H2-GPS-Sniper-Specialist-Refiner,Refiner,0.3025323763799804
5961,0.002852281009146427,HOG8-ML04-H2-GPS-Sniper-Specialist-Polisher,Polisher,0.035603151025916935
5970,0.002844581427323828,HOG8-ML04-H2-GPS-Sniper-Specialist-Refiner,Refiner,0.2699447143499823
5982,0.0028298929168724387,HOG8-ML04-H2-GPS-Sniper-Specialist-Exploiter,Exploiter,0.5163680782802575
5992,0.0028117685507766006,HOG8-ML04-H2-GPS-Sniper-Specialist-Exploiter,Exploiter,0.6404611986473654
6000,0.002793566856407871,HOG8-ML04-H2-GPS-Sniper-Specialist-Exploiter,Exploiter,0.6473397095113742
6007,0.002783657895431279,HOG8-ML04-H2-GPS-Sniper-Specialist-Refiner,Refiner,0.35470641963921096
6021,0.002777415464966058,HOG8-ML04-H2-GPS-Sniper-Specialist-Refiner,Refiner,0.22425278894603862
6029,0.002777035518477247,HOG8-ML04-H2-GPS-Sniper-Specialist-Polisher,Polisher,0.013679857896794182
6042,0.0027670914929635694,HOG8-ML04-H2-GPS-Sniper-Specialist-Refiner,Refiner,0.35808060240908396
6053,0.0027617000727434664,HOG8-ML04-H2-GPS-Sniper-Specialist-Refiner,Refiner,0.19484069225079442
6062,0.002754105388038627,HOG8-ML04-H2-GPS-Sniper-Specialist-Refiner,Refiner,0.2750003441646296
6072,0.0027537079404803683,HOG8-ML04-H2-GPS-Sniper-Specialist-Polisher,Polisher,0.014431094757118262
6087,0.002730634089431896,HOG8-ML04-H2-GPS-Sniper-Specialist-Exploiter,Exploiter,0.8379193272198372
6097,0.0027211700981419687,HOG8-ML04-H2-GPS-Sniper-Specialist-Refiner,Refiner,0.34658584709517787
6103,0.0026910877949412196,HOG8-ML04-H2-GPS-Sniper-Specialist-Exploiter,Exploiter,1.1054914656488934
6114,0.0026795090274414624,HOG8-ML04-H2-GPS-Sniper-Specialist-Refiner,Refiner,0.43026346154604633
6127,0.0026723294744494656,HOG8-ML04-H2-GPS-Sniper-Specialist-Refiner,Refiner,0.267942855145078
6136,0.0026668065070651835,HOG8-ML04-H2-GPS-Sniper-Specialist-Refiner,Refiner,0.2066723971384498
6147,0.002651398194625127,HOG8-ML04-H2-GPS-Sniper-Specialist-Exploiter,Exploiter,0.5777814175582414
6156,0.0026452680753092208,HOG8-ML04-H2-GPS-Sniper-Specialist-Refiner,Refiner,0.2312032695931158
6166,0.0026395329369182656,HOG8-ML04-H2-GPS-Sniper-Specialist-Refiner,Refiner,0.21680745496029677
6177,0.0026381327527816465,HOG8-ML04-H2-GPS-Sniper-Specialist-Refiner,Refiner,0.053046662802921106
6192,0.0026309564136801768,HOG8-ML04-H2-GPS-Sniper-Specialist-Refiner,Refiner,0.27202342618668685
6197,0.0026208084043018685,HOG8-ML04-H2-GPS-Sniper-Specialist-Refiner,Refiner,0.38571560233919644
6209,0.0026151926895974257,HOG8-ML04-H2-GPS-Sniper-Specialist-Refiner,Refiner,0.2142741413384137
6221,0.0026090814341035327,HOG8-ML04-H2-GPS-Sniper-Specialist-Refiner,Refiner,0.23368279967292838
6232,0.0026067743928249757,HOG8-ML04-H2-GPS-Sniper-Specialist-Refiner,Refiner,0.08842350600488838
6241,0.0026029180159967543,HOG8-ML04-H2-GPS-Sniper-Specialist-Refiner,Refiner,0.1479367312658855
6253,0.00259923701507733,HOG8-ML04-H2-GPS-Sniper-Specialist-Refiner,Refiner,0.1414182427875984
6267,0.0025975110236955787,HOG8-ML04-H2-GPS-Sniper-Specialist-Refiner,Refiner,0.06640377048107757
6282,0.002593626560591761,HOG8-ML04-H2-GPS-Sniper-Specialist-Refiner,Refiner,0.14954558684764738
6292,0.0025916645031299297,HOG8-ML04-H2-GPS-Sniper-Specialist-Refiner,Refiner,0.07564918911778579
6302,0.002587478109587947,HOG8-ML04-H2-GPS-Sniper-Specialist-Refiner,Refiner,0.16153300463569878
6313,0.002576063333177137,HOG8-ML04-H2-GPS-Sniper-Specialist-Refiner,Refiner,0.4411545113565407
6323,0.0025708325819206327,HOG8-ML04-H2-GPS-Sniper-Specialist-Refiner,Refiner,0.2030521217835501
6337,0.002564209316411917,HOG8-ML04-H2-GPS-Sniper-Specialist-Refiner,Refiner,0.25763114857395464
6342,0.0025619693163619183,HOG8-ML04-H2-GPS-Sniper-Specialist-Refiner,Refiner,0.08735636500740873
6353,0.0025543627350505683,HOG8-ML04-H2-GPS-Sniper-Specialist-Refiner,Refiner,0.2969036850976665
6373,0.0025466501680707666,HOG8-ML04-H2-GPS-Sniper-Specialist-Refiner,Refiner,0.3019370300846862
6386,0.0025325238120705957,HOG8-ML04-H2-GPS-Sniper-Specialist-Exploiter,Exploiter,0.5547034365883252
6401,0.0025300865842293086,HOG8-ML04-H2-GPS-Sniper-Specialist-Refiner,Refiner,0.09623711452073128
6412,0.0025244544995682034,HOG8-ML04-H2-GPS-Sniper-Specialist-Refiner,Refiner,0.22260442374626277
6419,0.002515516056803665,HOG8-ML04-H2-GPS-Sniper-Specialist-Refiner,Refiner,0.35407422736545485
6427,0.0025117647952825604,HOG8-ML04-H2-GPS-Sniper-Specialist-Refiner,Refiner,0.14912492849960068
6438,0.0025011899012829407,HOG8-ML04-H2-GPS-Sniper-Specialist-Refiner,Refiner,0.42101450022234715
6449,0.002495464044142236,HOG8-ML04-H2-GPS-Sniper-Specialist-Refiner,Refiner,0.22892532621244066
6457,0.002491834095661464,HOG8-ML04-H2-GPS-Sniper-Specialist-Refiner,Refiner,0.14546186266609687
6468,0.0024843593124473902,HOG8-ML04-H2-GPS-Sniper-Specialist-Refiner,Refiner,0.29997114282560716
6477,0.0024702204213150657,HOG8-ML04-H2-GPS-Sniper-Specialist-Exploiter,Exploiter,0.5691161927135263
6493,0.002458552309162358,HOG8-ML04-H2-GPS-Sniper-Specialist-Refiner,Refiner,0.4723510522391278
6502,0.0024572152519824236,HOG8-ML04-H2-GPS-Sniper-Specialist-Refiner,Refiner,0.054383922398220895
6510,0.00245578280384096,HOG8-ML04-H2-GPS-Sniper-Specialist-Refiner,Refiner,0.05829559051889892
6522,0.002453371684076973,HOG8-ML04-H2-GPS-Sniper-Specialist-Refiner,Refiner,0.09818131148307267
6547,0.0024475793987092415,HOG8-ML04-H2-GPS-Sniper-Specialist-Refiner,Refiner,0.23609489770038483
6558,0.002446930039501904,HOG8-ML04-H2-GPS-Sniper-Specialist-Polisher,Polisher,0.02653066975805027
6567,0.002443686314276985,HOG8-ML04-H2-GPS-Sniper-Specialist-Refiner,Refiner,0.1325630554430986
6576,0.002441552256709818,HOG8-ML04-H2-GPS-Sniper-Specialist-Refiner,Refiner,0.08732943973615427
6591,0.0024346194161000284,HOG8-ML04-H2-GPS-Sniper-Specialist-Refiner,Refiner,0.2839521698025041
6599,0.0024301669983040263,HOG8-ML04-H2-GPS-Sniper-Specialist-Refiner,Refiner,0.18287941706857444
6617,0.0024280053817559537,HOG8-ML04-H2-GPS-Sniper-Specialist-Refiner,Refiner,0.08894930058638872
6626,0.002420917072423233,HOG8-ML04-H2-GPS-Sniper-Specialist-Refiner,Refiner,0.2919396054877887
6637,0.002418001530047518,HOG8-ML04-H2-GPS-Sniper-Specialist-Refiner,Refiner,0.12043131955762494
6652,0.0024160279488598625,HOG8-ML04-H2-GPS-Sniper-Specialist-Refiner,Refiner,0.08162034486457397
6661,0.0024134670795029865,HOG8-ML04-H2-GPS-Sniper-Specialist-Refiner,Refiner,0.10599502203956078
6672,0.0024056872604599003,HOG8-ML04-H2-GPS-Sniper-Specialist-Refiner,Refiner,0.32235032783991296
6682,0.0023957286960515187,HOG8-ML04-H2-GPS-Sniper-Specialist-Refiner,Refiner,0.41395922787061656
6703,0.0023902516150232844,HOG8-ML04-H2-GPS-Sniper-Specialist-Refiner,Refiner,0.22861858428549348
6713,0.002385239695511186,HOG8-ML04-H2-GPS-Sniper-Specialist-Refiner,Refiner,0.20968167035626756
6722,0.002378780903828974,HOG8-ML04-H2-GPS-Sniper-Specialist-Refiner,Refiner,0.2707816616655695
6735,0.0023673002535806995,HOG8-ML04-H2-GPS-Sniper-Specialist-Refiner,Refiner,0.4826274765277763
6742,0.002365762396580166,HOG8-ML04-H2-GPS-Sniper-Specialist-Refiner,Refiner,0.06496248197530503
6753,0.0023650689300716084,HOG8-ML04-H2-GPS-Sniper-Specialist-Polisher,Polisher,0.029312601703361328
6764,0.0023606162025754667,HOG8-ML04-H2-GPS-Sniper-Specialist-Refiner,Refiner,0.18827051675009365
6772,0.002359335513718262,HOG8-ML04-H2-GPS-Sniper-Specialist-Refiner,Refiner,0.05425231157048341
6781,0.002341687916614949,HOG8-ML04-H2-GPS-Sniper-Specialist-Exploiter,Exploiter,0.7479901438647323
6796,0.00233361382386747,HOG8-ML04-H2-GPS-Sniper-Specialist-Refiner,Refiner,0.34479798482928636
6807,0.0023282904589352294,HOG8-ML04-H2-GPS-Sniper-Specialist-Refiner,Refiner,0.2281167894102596
6816,0.002317941603631667,HOG8-ML04-H2-GPS-Sniper-Specialist-Refiner,Refiner,0.4444830009867143
6827,0.002308141239112349,HOG8-ML04-H2-GPS-Sniper-Specialist-Refiner,Refiner,0.42280463424803283
6837,0.002307428901082723,HOG8-ML04-H2-GPS-Sniper-Specialist-Polisher,Polisher,0.0308619774888591
6848,0.0023007381919924047,HOG8-ML04-H2-GPS-Sniper-Specialist-Refiner,Refiner,0.28996382454856184
6856,0.002281439609616986,HOG8-ML04-H2-GPS-Sniper-Specialist-Exploiter,Exploiter,0.838799583654779
6876,0.0022754233279470557,HOG8-ML00-H2-GPS-GradientEstimation-Escape-Specialist-Refiner,Refiner,0.26370549737848253
6927,0.0022675655555862368,HOG8-ML04-H2-GPS-Sniper-Specialist-Refiner,Refiner,0.3453323284642795
6942,0.0022650744045637494,HOG8-ML04-H2-GPS-Sniper-Specialist-Refiner,Refiner,0.10986015448816025
6957,0.002251122313018772,HOG8-ML04-H2-GPS-Sniper-Specialist-Exploiter,Exploiter,0.615966147375398
6963,0.002250682382025807,HOG8-ML04-H2-GPS-Sniper-Specialist-Polisher,Polisher,0.019542740544147032
6971,0.002245142788011255,HOG8-ML04-H2-GPS-Sniper-Specialist-Refiner,Refiner,0.2461295320384566
6982,0.0022375507796415614,HOG8-ML04-H2-GPS-Sniper-Specialist-Refiner,Refiner,0.3381525847814188
6992,0.0022344610705129905,HOG8-ML04-H2-GPS-Sniper-Specialist-Refiner,Refiner,0.13808442501876414
6996,0.002225466609550704,HOG8-ML03-H1-GPS-JADE-Specialist-Refiner,Refiner,0.40253379577660875
7013,0.002224921010482039,HOG8-ML04-H2-GPS-Sniper-Specialist-Polisher,Polisher,0.02451616511895678
7022,0.0022204300977119312,HOG8-ML04-H2-GPS-Sniper-Specialist-Refiner,Refiner,0.2018459418986298
7036,0.002212280668416185,HOG8-ML04-H2-GPS-Sniper-Specialist-Refiner,Refiner,0.3670203040457805
7048,0.0022114291592203504,HOG8-ML04-H2-GPS-Sniper-Specialist-Polisher,Polisher,0.0384901069738156
7061,0.0022051521676360415,HOG8-ML04-H2-GPS-Sniper-Specialist-Refiner,Refiner,0.28384321325137724
7067,0.00220345749981415,HOG8-ML04-H2-GPS-Sniper-Specialist-Refiner,Refiner,0.07685038006734243
7088,0.0022020877779983274,HOG8-ML04-H2-GPS-Sniper-Specialist-Refiner,Refiner,0.062162388697677
7096,0.002190996753063874,HOG8-ML04-H2-GPS-Sniper-Specialist-Exploiter,Exploiter,0.5036595291644075
7107,0.0021789949567322174,HOG8-ML04-H2-GPS-Sniper-Specialist-Exploiter,Exploiter,0.5477779150002576
7117,0.0021771426156815205,HOG8-ML04-H2-GPS-Sniper-Specialist-Refiner,Refiner,0.08500896456753669
7132,0.0021764061127724616,HOG8-ML04-H2-GPS-Sniper-Specialist-Polisher,Polisher,0.03382887752754513
7142,0.0021750181181075926,HOG8-ML04-H2-GPS-Sniper-Specialist-Refiner,Refiner,0.06377461709574209
7163,0.002171919720637271,HOG8-ML04-H2-GPS-Sniper-Specialist-Refiner,Refiner,0.14245386944259775
7171,0.002170529972214133,HOG8-ML04-H2-GPS-Sniper-Specialist-Refiner,Refiner,0.06398709905953646
7181,0.0021683838408977432,HOG8-ML04-H2-GPS-Sniper-Specialist-Refiner,Refiner,0.09887591251276547
7192,0.002158606169501758,HOG8-ML04-H2-GPS-Sniper-Specialist-Refiner,Refiner,0.45091976851925913
7199,0.0021552897632191857,HOG8-ML04-H2-GPS-Sniper-Specialist-Refiner,Refiner,0.15363646826497795
7206,0.002131486019184453,HOG8-ML04-H2-GPS-Sniper-Specialist-Exploiter,Exploiter,1.1044335866551274
7222,0.0021244856530606513,HOG8-ML04-H2-GPS-Sniper-Specialist-Refiner,Refiner,0.32842655597057974
7232,0.0021134415654523843,HOG8-ML04-H2-GPS-Sniper-Specialist-Exploiter,Exploiter,0.5198475966338609
7252,0.002112983499927545,HOG8-ML04-H2-GPS-Sniper-Specialist-Polisher,Polisher,0.021673914828180582
7261,0.0021105368674556877,HOG8-ML04-H2-GPS-Sniper-Specialist-Refiner,Refiner,0.11579042013063678
7273,0.0021076672987842657,HOG8-ML04-H2-GPS-Sniper-Specialist-Refiner,Refiner,0.13596392063415252
7282,0.0021066463478120567,HOG8-ML04-H2-GPS-Sniper-Specialist-Polisher,Polisher,0.04843985446839164
7290,0.0020996592073888104,HOG8-ML04-H2-GPS-Sniper-Specialist-Refiner,Refiner,0.3316712570433631
7302,0.002099610523738155,HOG8-ML04-H2-GPS-Sniper-Specialist-Polisher,Polisher,0.0023186453536929046
7312,0.002083191465706324,HOG8-ML04-H2-GPS-Sniper-Specialist-Exploiter,Exploiter,0.7820049407353057
7323,0.00208302718470355,HOG8-ML04-H2-GPS-Sniper-Specialist-Polisher,Polisher,0.007886025143554451
7333,0.002076828632915387,HOG8-ML04-H2-GPS-Sniper-Specialist-Refiner,Refiner,0.2975742147621223
7347,0.0020767718750547073,HOG8-ML04-H2-GPS-Sniper-Specialist-Polisher,Polisher,0.0027329101583087076
7357,0.002071758641118548,HOG8-ML04-H2-GPS-Sniper-Specialist-Refiner,Refiner,0.2413955040693787
7365,0.0020711799558361093,HOG8-ML04-H2-GPS-Sniper-Specialist-Polisher,Polisher,0.027932080067309895
7377,0.0020695108547911646,HOG8-ML04-H2-GPS-Sniper-Specialist-Refiner,Refiner,0.08058696397874811
7386,0.0020693422222537172,HOG8-ML04-H2-GPS-Sniper-Specialist-Polisher,Polisher,0.008148424882960735
7397,0.002066777556732624,HOG8-ML04-H2-GPS-Sniper-Specialist-Refiner,Refiner,0.12393626793638615
7406,0.0020461231874983354,HOG8-ML04-H2-GPS-Sniper-Specialist-Exploiter,Exploiter,0.999351341270672
7436,0.002044848108536072,HOG8-ML04-H2-GPS-Sniper-Specialist-Refiner,Refiner,0.06231682286060869
7458,0.0020410745527829656,HOG8-ML04-H2-GPS-Sniper-Specialist-Refiner,Refiner,0.1845396602981989
7471,0.0020350636057144453,HOG8-ML04-H2-GPS-Sniper-Specialist-Refiner,Refiner,0.2944991431265681
7482,0.002023571286681931,HOG8-ML04-H2-GPS-Sniper-Specialist-Exploiter,Exploiter,0.5647154713122541
7492,0.00202204606186301,HOG8-ML04-H2-GPS-Sniper-Specialist-Refiner,Refiner,0.07537292256314995
7501,0.002019591931743216,HOG8-ML04-H2-GPS-Sniper-Specialist-Refiner,Refiner,0.12136865554551186
7512,0.002016806703418593,HOG8-ML04-H2-GPS-Sniper-Specialist-Refiner,Refiner,0.13791045016796835
7523,0.002012896878017671,HOG8-ML04-H2-GPS-Sniper-Specialist-Refiner,Refiner,0.19386217798138952
7533,0.002011738101939487,HOG8-ML04-H2-GPS-Sniper-Specialist-Refiner,Refiner,0.05756758286221312
7542,0.002004657639063591,HOG8-ML04-H2-GPS-Sniper-Specialist-Refiner,Refiner,0.3519574873622905
7552,0.002003543866888406,HOG8-ML04-H2-GPS-Sniper-Specialist-Refiner,Refiner,0.05555922135937559
7562,0.0020030668944704235,HOG8-ML04-H2-GPS-Sniper-Specialist-Polisher,Polisher,0.023806437476379786
7575,0.0019986307160173187,HOG8-ML04-H2-GPS-Sniper-Specialist-Refiner,Refiner,0.2214693111523665
7586,0.0019955732884016685,HOG8-ML04-H2-GPS-Sniper-Specialist-Refiner,Refiner,0.1529761146542765
7601,0.001990421699340034,HOG8-ML04-H2-GPS-Sniper-Specialist-Refiner,Refiner,0.2581508327244027
7616,0.0019901005515472227,HOG8-ML04-H2-GPS-Sniper-Specialist-Polisher,Polisher,0.01613466095740587
7627,0.0019891364522421576,HOG8-ML04-H2-GPS-Sniper-Specialist-Polisher,Polisher,0.04844475342291074
7635,0.0019649941957027794,HOG8-ML04-H2-GPS-Sniper-Specialist-Exploiter,Exploiter,1.213705400258745
7649,0.001964233942364667,HOG8-ML04-H2-GPS-Sniper-Specialist-Polisher,Polisher,0.03868985159218548
7658,0.001960561605314149,HOG8-ML04-H2-GPS-Sniper-Specialist-Refiner,Refiner,0.18696026839332863
7665,0.0019574618938798124,HOG8-ML04-H2-GPS-Sniper-Specialist-Refiner,Refiner,0.15810324072117113
7678,0.001956631626866231,HOG8-ML04-H2-GPS-Sniper-Specialist-Polisher,Polisher,0.042415487942683995
7687,0.0019547210993204056,HOG8-ML04-H2-GPS-Sniper-Specialist-Refiner,Refiner,0.09764370153238608
7703,0.0019462070780688772,HOG8-ML04-H2-GPS-Sniper-Specialist-Refiner,Refiner,0.43556194561405287
7723,0.0019363578627775708,HOG8-ML04-H2-GPS-Sniper-Specialist-Exploiter,Exploiter,0.5060723189373706
7728,0.001929955680841912,HOG8-ML04-H2-GPS-Sniper-Specialist-Refiner,Refiner,0.33063009987602693
7740,0.0019263330876575246,HOG8-ML04-H2-GPS-Sniper-Specialist-Refiner,Refiner,0.18770343901405875
7751,0.0019256349282723085,HOG8-ML04-H2-GPS-Sniper-Specialist-Polisher,Polisher,0.03624292131456313
7761,0.0019225078320010479,HOG8-ML04-H2-GPS-Sniper-Specialist-Refiner,Refiner,0.16239299699794427
7771,0.0019221199867826434,HOG8-ML04-H2-GPS-Sniper-Specialist-Polisher,Polisher,0.020173921372316137
7782,0.0019189195016729216,HOG8-ML04-H2-GPS-Sniper-Specialist-Refiner,Refiner,0.16650808127118763
7791,0.00191719105036146,HOG8-ML04-H2-GPS-Sniper-Specialist-Refiner,Refiner,0.09007419591883566
7800,0.0019150088394546553,HOG8-ML04-H2-GPS-Sniper-Specialist-Refiner,Refiner,0.11382334099636429
7811,0.0019095614532425617,HOG8-ML04-H2-GPS-Sniper-Specialist-Refiner,Refiner,0.28445749700272055
7826,0.001908435065225502,HOG8-ML04-H2-GPS-Sniper-Specialist-Refiner,Refiner,0.05898673829778763
7842,0.0019049312204160226,HOG8-ML04-H2-GPS-Sniper-Specialist-Refiner,Refiner,0.18359780080154242
7853,0.0018951506537677552,HOG8-ML04-H2-GPS-Sniper-Specialist-Exploiter,Exploiter,0.5134341095071874
7869,0.0018940658406200646,HOG8-ML04-H2-GPS-Sniper-Specialist-Refiner,Refiner,0.05724152565569874
7872,0.0018916949462283394,HOG8-ML04-H2-GPS-Sniper-Specialist-Refiner,Refiner,0.12517486672739067
7883,0.0018913310475849347,HOG8-ML04-H2-GPS-Sniper-Specialist-Polisher,Polisher,0.019236645111845793
7897,0.0018905956262912581,HOG8-ML04-H2-GPS-Sniper-Specialist-Polisher,Polisher,0.038883795336392045
7903,0.001886334520195405,HOG8-ML04-H2-GPS-Sniper-Specialist-Refiner,Refiner,0.22538431997815106
7918,0.0018824251270643006,HOG8-ML04-H2-GPS-Sniper-Specialist-Refiner,Refiner,0.20724813596155667
7927,0.0018814894752807198,HOG8-ML04-H2-GPS-Sniper-Specialist-Polisher,Polisher,0.049704594893499376
7936,0.0018739358310620284,HOG8-ML04-H2-GPS-Sniper-Specialist-Refiner,Refiner,0.40147151062667463
7947,0.0018704899414892589,HOG8-ML04-H2-GPS-Sniper-Specialist-Refiner,Refiner,0.18388514247132062
7961,0.001869411845281669,HOG8-ML04-H2-GPS-Sniper-Specialist-Refiner,Refiner,0.05763710264763835
7977,0.001869246502543393,HOG8-ML04-H2-GPS-Sniper-Specialist-Polisher,Polisher,0.008844639488796166
7992,0.0018589950490413832,HOG8-ML04-H2-GPS-Sniper-Specialist-Exploiter,Exploiter,0.5484270527221063
7997,0.0018545333727064443,HOG8-ML04-H2-GPS-Sniper-Specialist-Refiner,Refiner,0.240004745426278
8022,0.00184743161756416,HOG8-ML04-H2-GPS-Sniper-Specialist-Refiner,Refiner,0.38294027202757575
8048,0.0018463639120954694,HOG8-ML04-H2-GPS-Sniper-Specialist-Refiner,Refiner,0.057794045448804864
8052,0.0018409419714887495,HOG8-ML04-H2-GPS-Sniper-Specialist-Refiner,Refiner,0.2936550357814607
8056,0.001838114070121874,HOG8-ML04-H2-GPS-Sniper-Specialist-Refiner,Refiner,0.15361165157142415
8077,0.0018376193740687952,HOG8-ML04-H2-GPS-Sniper-Specialist-Polisher,Polisher,0.026913240104084593
8083,0.001835767421641336,HOG8-ML04-H2-GPS-Sniper-Specialist-Refiner,Refiner,0.1007799794447429
8093,0.0018324183813481904,HOG8-ML04-H2-GPS-Sniper-Specialist-Refiner,Refiner,0.18243271199089967
8101,0.0018316243234145527,HOG8-ML04-H2-GPS-Sniper-Specialist-Polisher,Polisher,0.043333877335011595
8113,0.0018221599192049997,HOG8-ML04-H2-GPS-Sniper-Specialist-Exploiter,Exploiter,0.5167219111782313
8122,0.0018140800249438753,HOG8-ML04-H2-GPS-Sniper-Specialist-Refiner,Refiner,0.44342399237107594
8137,0.0018109903511595625,HOG8-ML04-H2-GPS-Sniper-Specialist-Refiner,Refiner,0.17031628934938492
8144,0.0018106895962800634,HOG8-ML04-H2-GPS-Sniper-Specialist-Polisher,Polisher,0.016607204964210302
8167,0.0018024591531750741,HOG8-ML04-H2-GPS-Sniper-Specialist-Refiner,Refiner,0.4545474344083117
8175,0.0018002022185057882,HOG8-ML04-H2-GPS-Sniper-Specialist-Refiner,Refiner,0.1252141922500876
8187,0.0017993107819225815,HOG8-ML04-H2-GPS-Sniper-Specialist-Polisher,Polisher,0.049518691513812794
8203,0.001796553075027762,HOG8-ML04-H2-GPS-Sniper-Specialist-Refiner,Refiner,0.153264623461706
8216,0.001795226668570905,HOG8-ML04-H2-GPS-Sniper-Specialist-Refiner,Refiner,0.07383063018254842
8226,0.0017920098680474247,HOG8-ML04-H2-GPS-Sniper-Specialist-Refiner,Refiner,0.1791863155665486
8235,0.0017868588467328575,HOG8-ML04-H2-GPS-Sniper-Specialist-Refiner,Refiner,0.287443802984174
8247,0.0017820736422512378,HOG8-ML04-H2-GPS-Sniper-Specialist-Refiner,Refiner,0.26779980356977706
8253,0.0017820088683437323,HOG8-ML04-H2-GPS-Sniper-Specialist-Polisher,Polisher,0.0036347492028257667
8265,0.001773308171721969,HOG8-ML04-H2-GPS-Sniper-Specialist-Refiner,Refiner,0.4882521504985559
8296,0.0017727926452491608,HOG8-ML04-H2-GPS-Sniper-Specialist-Polisher,Polisher,0.029071454191047345
8318,0.0017715206131575434,HOG8-ML04-H2-GPS-Sniper-Specialist-Refiner,Refiner,0.07175301042828047
8327,0.0017673282279865867,HOG8-ML04-H2-GPS-Sniper-Specialist-Refiner,Refiner,0.23665460846567046
8341,0.0017660464647369775,HOG8-ML04-H2-GPS-Sniper-Specialist-Refiner,Refiner,0.07252547825083293
8367,0.0017630589005621375,HOG8-ML04-H2-GPS-Sniper-Specialist-Refiner,Refiner,0.1691667934277656
8371,0.0017586155191781827,HOG8-ML04-H2-GPS-Sniper-Specialist-Refiner,Refiner,0.252026825793403
8376,0.0017585931947353257,HOG8-ML04-H2-GPS-Sniper-Specialist-Polisher,Polisher,0.0012694328358636366
8381,0.0017577229055830076,HOG8-ML04-H2-GPS-Sniper-Specialist-Polisher,Polisher,0.049487803940296365
8400,0.0017510052047956801,HOG8-ML04-H2-GPS-Sniper-Specialist-Refiner,Refiner,0.3821820132166608
8411,0.0017470292061152722,HOG8-ML04-H2-GPS-Sniper-Specialist-Refiner,Refiner,0.22706949525440612
8422,0.0017452827902157148,HOG8-ML04-H2-GPS-Sniper-Specialist-Refiner,Refiner,0.09996489431568986
8432,0.001741498291179083,HOG8-ML04-H2-GPS-Sniper-Specialist-Refiner,Refiner,0.21684159483198054
8442,0.0017413867318667115,HOG8-ML04-H2-GPS-Sniper-Specialist-Polisher,Polisher,0.006405938664227131
8454,0.0017342800259654203,HOG8-ML04-H2-GPS-Sniper-Specialist-Refiner,Refiner,0.40810612434568333
8476,0.0017322424401139003,HOG8-ML04-H2-GPS-Sniper-Specialist-Refiner,Refiner,0.11748886114199954
8487,0.0017272220400282434,HOG8-ML04-H2-GPS-Sniper-Specialist-Refiner,Refiner,0.2898208685688871
8497,0.001726931305313284,HOG8-ML04-H2-GPS-Sniper-Specialist-Polisher,Polisher,0.016832503767419675
8509,0.0017228925291060942,HOG8-ML04-H2-GPS-Sniper-Specialist-Refiner,Refiner,0.2338701136960996
8542,0.0017227285103953319,HOG8-ML04-H2-GPS-Sniper-Specialist-Polisher,Polisher,0.009519961807913974
8547,0.0017195180967993662,HOG8-ML04-H2-GPS-Sniper-Specialist-Refiner,Refiner,0.1863563281499839
8557,0.0017163570102136723,HOG8-ML04-H2-GPS-Sniper-Specialist-Refiner,Refiner,0.18383561019670686
8571,0.0017062107513144133,HOG8-ML04-H2-GPS-Sniper-Specialist-Exploiter,Exploiter,0.5911508409311552
8580,0.001703394890248654,HOG8-ML04-H2-GPS-Sniper-Specialist-Refiner,Refiner,0.16503594667833388
8592,0.0017029321864592772,HOG8-ML04-H2-GPS-Sniper-Specialist-Polisher,Polisher,0.027163624361312685
8605,0.0016952616548286566,HOG8-ML04-H2-GPS-Sniper-Specialist-Refiner,Refiner,0.4504308328665216
8617,0.0016865734312331896,HOG8-ML04-H2-GPS-Sniper-Specialist-Exploiter,Exploiter,0.5125004491619387
8637,0.0016859176838073297,HOG8-ML04-H2-GPS-Sniper-Specialist-Polisher,Polisher,0.038880455111904764
8648,0.0016857697789665086,HOG8-ML04-H2-GPS-Sniper-Specialist-Polisher,Polisher,0.00877295743686601
8657,0.0016828925464001617,HOG8-ML04-H2-GPS-Sniper-Specialist-Refiner,Refiner,0.17067766917205324
8667,0.0016820828705821653,HOG8-ML04-H2-GPS-Sniper-Specialist-Polisher,Polisher,0.04811215188565737
8682,0.0016812561398997171,HOG8-ML04-H2-GPS-Sniper-Specialist-Polisher,Polisher,0.04914922426871905
8687,0.0016797229792681306,HOG8-ML04-H2-GPS-Sniper-Specialist-Refiner,Refiner,0.09119137739940092
8701,0.0016765381158499694,HOG8-ML04-H2-GPS-Sniper-Specialist-Refiner,Refiner,0.18960646829686767
8712,0.0016711548167748025,HOG8-ML04-H2-GPS-Sniper-Specialist-Refiner,Refiner,0.32109613400812065
8723,0.0016669673034004355,HOG8-ML04-H2-GPS-Sniper-Specialist-Refiner,Refiner,0.250576028763665
8742,0.0016618360940967795,HOG8-ML04-H2-GPS-Sniper-Specialist-Refiner,Refiner,0.30781703355482143
8753,0.0016555029472479046,HOG8-ML04-H2-GPS-Sniper-Specialist-Refiner,Refiner,0.3810933503834532
8756,0.001653197474070234,HOG8-ML04-H2-GPS-Sniper-Specialist-Refiner,Refiner,0.13926119440036214
8771,0.0016260184050087426,HOG8-ML04-H2-GPS-Sniper-Specialist-Exploiter,Exploiter,1.6440304009523712
8776,0.0016253762240409264,HOG8-ML04-H2-GPS-Sniper-Specialist-Polisher,Polisher,0.039494077424831936
8791,0.0016135666741388206,HOG8-ML04-H2-GPS-Sniper-Specialist-Exploiter,Exploiter,0.7265733143767503
8803,0.0016132444364996643,HOG8-ML04-H2-GPS-Sniper-Specialist-Polisher,Polisher,0.01997051899502372
8812,0.0016119708928755974,HOG8-ML04-H2-GPS-Sniper-Specialist-Refiner,Refiner,0.07894300424988554
8821,0.0016075691106518229,HOG8-ML04-H2-GPS-Sniper-Specialist-Refiner,Refiner,0.2730683440519287
8841,0.0016057036759708032,HOG8-ML04-H2-GPS-Sniper-Specialist-Refiner,Refiner,0.11604071443393792
8853,0.0016046290603403393,HOG8-ML04-H2-GPS-Sniper-Specialist-Refiner,Refiner,0.06692490317768081
8865,0.0016033434817840217,HOG8-ML04-H2-GPS-Sniper-Specialist-Refiner,Refiner,0.08011686863286294
8893,0.0016024404853500257,HOG8-ML04-H2-GPS-Sniper-Specialist-Refiner,Refiner,0.056319587428092156
8903,0.0016011236544309097,HOG8-ML04-H2-GPS-Sniper-Specialist-Refiner,Refiner,0.08217658821995687
8918,0.0016000573425270347,HOG8-ML04-H2-GPS-Sniper-Specialist-Refiner,Refiner,0.06659772347526746
8927,0.0015975901478054023,HOG8-ML04-H2-GPS-Sniper-Specialist-Refiner,Refiner,0.15419414392585845
8938,0.0015897598465790482,HOG8-ML04-H2-GPS-Sniper-Specialist-Refiner,Refiner,0.49013204275893413
8991,0.00158363885469812,HOG8-ML04-H2-GPS-Sniper-Specialist-Refiner,Refiner,0.38502619713912956
9011,0.0015836371684498978,HOG8-ML04-H2-GPS-Sniper-Specialist-Polisher,Polisher,0.00010647934137352727
9026,0.0015775801024963568,HOG8-ML04-H2-GPS-Sniper-Specialist-Refiner,Refiner,0.38247813793546487
9037,0.0015764923079661678,HOG8-ML04-H2-GPS-Sniper-Specialist-Refiner,Refiner,0.06895336271467872
9042,0.0015762469486377212,HOG8-ML04-H2-GPS-Sniper-Specialist-Polisher,Polisher,0.015563623571570461
9063,0.0015761272149556042,HOG8-ML04-H2-GPS-Sniper-Specialist-Polisher,Polisher,0.00759612459332747
9072,0.0015757990277255262,HOG8-ML04-H2-GPS-Sniper-Specialist-Polisher,Polisher,0.020822382036415583
9087,0.0015551794357132062,HOG8-ML04-H2-GPS-Sniper-Specialist-Exploiter,Exploiter,1.3085166096391
9105,0.0015548537474026811,HOG8-ML04-H2-GPS-Sniper-Specialist-Polisher,Polisher,0.02094216931152858
9128,0.0015477731609867052,HOG8-ML04-H2-GPS-Sniper-Specialist-Refiner,Refiner,0.45538600834990034
9137,0.0015463198698432035,HOG8-ML04-H2-GPS-Sniper-Specialist-Refiner,Refiner,0.09389561598129771
9147,0.001542931443003182,HOG8-ML04-H2-GPS-Sniper-Specialist-Refiner,Refiner,0.2191284549919825
9157,0.0015426806747676268,HOG8-ML04-H2-GPS-Sniper-Specialist-Polisher,Polisher,0.016252714058842658
9172,0.0015401065517879173,HOG8-ML04-H2-GPS-Sniper-Specialist-Refiner,Refiner,0.1668603893088406
9186,0.0015398197401658735,HOG8-ML04-H2-GPS-Sniper-Specialist-Polisher,Polisher,0.018622842796874445
9202,0.0015353946180776455,HOG8-ML04-H2-GPS-Sniper-Specialist-Refiner,Refiner,0.2873792284122332
9217,0.0015330406358949806,HOG8-ML04-H2-GPS-Sniper-Specialist-Refiner,Refiner,0.15331447400878404
9266,0.0015252476698860977,HOG8-ML04-H2-GPS-Sniper-Specialist-Exploiter,Exploiter,0.5083339493041799
9272,0.0015188911246484102,HOG8-ML04-H2-GPS-Sniper-Specialist-Refiner,Refiner,0.41675495483053393
9291,0.0015168265945255752,HOG8-ML04-H2-GPS-Sniper-Specialist-Refiner,Refiner,0.13592350954798144
9302,0.0015056003664316766,HOG8-ML04-H2-GPS-Sniper-Specialist-Exploiter,Exploiter,0.7401128207018217
9315,0.0015016019668347234,HOG8-ML04-H2-GPS-Sniper-Specialist-Refiner,Refiner,0.26556845269834717
9326,0.0014986619845988643,HOG8-ML04-H2-GPS-Sniper-Specialist-Refiner,Refiner,0.19578971663551564
9338,0.0014980670700214384,HOG8-ML04-H2-GPS-Sniper-Specialist-Polisher,Polisher,0.03969638140819392
9347,0.0014910777661226392,HOG8-ML04-H2-GPS-Sniper-Specialist-Refiner,Refiner,0.46655480509955494
9357,0.0014885235242540508,HOG8-ML04-H2-GPS-Sniper-Specialist-Refiner,Refiner,0.17130172058231358
9372,0.0014833027095912275,HOG8-ML04-H2-GPS-Sniper-Specialist-Refiner,Refiner,0.350737800092185
9381,0.0014833026898501437,HOG8-ML04-H2-GPS-Sniper-Specialist-Polisher,Polisher,1.330887056298665E-06
9401,0.0014828810023779454,HOG8-ML04-H2-GPS-Sniper-Specialist-Polisher,Polisher,0.02842895621263431
9411,0.0014777229795869106,HOG8-ML04-H2-GPS-Sniper-Specialist-Refiner,Refiner,0.3478379440267563
9432,0.0014777208906652098,HOG8-ML04-H2-GPS-Sniper-Specialist-Polisher,Polisher,0.0001413608456807864
9436,0.0014777206327838371,HOG8-ML04-H2-GPS-Sniper-Specialist-Polisher,Polisher,1.7451290994946695E-05
9451,0.0014770851461503869,HOG8-ML04-H2-GPS-Sniper-Specialist-Polisher,Polisher,0.04300451786025837
9461,0.0014721621089586257,HOG8-ML04-H2-GPS-Sniper-Specialist-Refiner,Refiner,0.3332940693765487
9477,0.0014702448594927293,HOG8-ML04-H2-GPS-Sniper-Specialist-Refiner,Refiner,0.13023358326024714
9491,0.001468069935255694,HOG8-ML04-H2-GPS-Sniper-Specialist-Refiner,Refiner,0.1479293889716835
9532,0.0014663953535579127,HOG8-ML04-H2-GPS-Sniper-Specialist-Refiner,Refiner,0.11406688861111808
9540,0.0014657720241382025,HOG8-ML04-H2-GPS-Sniper-Specialist-Polisher,Polisher,0.04250759648125042
9582,0.0014630261395382994,HOG8-ML04-H2-GPS-Sniper-Specialist-Refiner,Refiner,0.18733367499748071
9592,0.0014613761202905142,HOG8-ML04-H2-GPS-Sniper-Specialist-Refiner,Refiner,0.11278125545356925
9600,0.0014595316160688145,HOG8-ML04-H2-GPS-Sniper-Specialist-Refiner,Refiner,0.12621694005326062
9616,0.0014557139282684755,HOG8-ML04-H2-GPS-Sniper-Specialist-Refiner,Refiner,0.2615693800879586
9656,0.0014507941857756562,HOG8-ML04-H2-GPS-Sniper-Specialist-Refiner,Refiner,0.33796080378726623
9662,0.0014489795502101769,HOG8-ML04-H2-GPS-Sniper-Specialist-Refiner,Refiner,0.12507877294180955
9674,0.0014355543221243074,HOG8-ML04-H2-GPS-Sniper-Specialist-Exploiter,Exploiter,0.9265298522620375
9686,0.001434721428974489,HOG8-ML04-H2-GPS-Sniper-Specialist-Refiner,Refiner,0.05801892251529704
9696,0.0014272992585289536,HOG8-ML04-H2-GPS-Sniper-Specialist-Exploiter,Exploiter,0.5173248475727245
9706,0.0014239712331162563,HOG8-ML04-H2-GPS-Sniper-Specialist-Refiner,Refiner,0.233169420695089
9720,0.001413001816315903,HOG8-ML04-H2-GPS-Sniper-Specialist-Exploiter,Exploiter,0.7703397754986652
9732,0.001411624257598543,HOG8-ML04-H2-GPS-Sniper-Specialist-Refiner,Refiner,0.09749164519488823
9744,0.0014113901367433343,HOG8-ML04-H2-GPS-Sniper-Specialist-Polisher,Polisher,0.016585210543699356
9757,0.0014102770800442223,HOG8-ML04-H2-GPS-Sniper-Specialist-Refiner,Refiner,0.0788624399544367
9772,0.001407078050655906,HOG8-ML04-H2-GPS-Sniper-Specialist-Refiner,Refiner,0.22683694102267177
9781,0.0014050159125970916,HOG8-ML04-H2-GPS-Sniper-Specialist-Refiner,Refiner,0.1465546319803139
9792,0.0014046534246504468,HOG8-ML04-H2-GPS-Sniper-Specialist-Polisher,Polisher,0.02579956165583219
9801,0.00139975916787837,HOG8-ML04-H2-GPS-Sniper-Specialist-Refiner,Refiner,0.34843162634902086
9810,0.0013983827591284189,HOG8-ML04-H2-GPS-Sniper-Specialist-Refiner,Refiner,0.09833182604100553
9822,0.0013949650030080534,HOG8-ML04-H2-GPS-Sniper-Specialist-Refiner,Refiner,0.2444077701941682
9832,0.0013913631495905531,HOG8-ML04-H2-GPS-Sniper-Specialist-Refiner,Refiner,0.2582038552747475
9848,0.0013873167472979217,HOG8-ML04-H2-GPS-Sniper-Specialist-Refiner,Refiner,0.2908228735123694
9877,0.001386692334636501,HOG8-ML04-H2-GPS-Sniper-Specialist-Polisher,Polisher,0.04500865881111116
9893,0.0013819198560772407,HOG8-ML04-H2-GPS-Sniper-Specialist-Refiner,Refiner,0.34416275622604364
9907,0.0013812264473140445,HOG8-ML04-H2-GPS-Sniper-Specialist-Refiner,Refiner,0.05017720529499759
9922,0.001380051670292704,HOG8-ML04-H2-GPS-Sniper-Specialist-Refiner,Refiner,0.08505318035467994
9927,0.0013758388397857415,HOG8-ML04-H2-GPS-Sniper-Specialist-Refiner,Refiner,0.30526614311976474
9942,0.0013753732789099026,HOG8-ML04-H2-GPS-Sniper-Specialist-Polisher,Polisher,0.0338383291978723
9953,0.001373638200246547,HOG8-ML04-H2-GPS-Sniper-Specialist-Refiner,Refiner,0.1261532916162846
9990,0.001371780586534102,HOG8-ML04-H2-GPS-Sniper-Specialist-Refiner,Refiner,0.13523311393869628
10004,0.001369401817217837,HOG8-ML04-H2-GPS-Sniper-Specialist-Refiner,Refiner,0.17340741949667468
10020,0.0013691961315020883,HOG8-ML04-H2-GPS-Sniper-Specialist-Polisher,Polisher,0.015020114123002519
10031,0.0013671265946507902,HOG8-ML04-H2-GPS-Sniper-Specialist-Refiner,Refiner,0.15114977348261746
10043,0.0013662113139106288,HOG8-ML04-H2-GPS-Sniper-Specialist-Refiner,Refiner,0.06694923087171382
10000,0.0013662113139106288,Final,Final,0
