TimeMs,BestQuality,Source,Role,DeltaPct
4,761102.360733714,HOG8-ML01-H1-GPS-GradientEstimation-Escape-Specialist-Global Explorer,Global Explorer,100
5,758825.609311006,HOG8-ML00-H2-GPS-GradientEstimation-Escape-Specialist-Refiner,Refiner,0.2991386625726795
10,700091.3622815128,HOG8-ML04-H2-GPS-Sniper-Specialist-Local Explorer,Local Explorer,7.740150873772221
16,5336.416124020611,HOG8-ML06-H2-GPS-Spray-Specialist-Global Explorer,Global Explorer,99.23775432585971
20,33.572357761830084,HOG8-ML01-H1-GPS-GradientEstimation-Escape-Specialist-Global Explorer,Global Explorer,99.37088193683562
20,27.6885716954783,HOG8-ML02-H2-GPS-GradientEstimation-Escape-Specialist-Local Explorer,Local Explorer,17.52568618532156
30,25.640964437159496,HOG8-ML00-H1-GPS-GradientEstimation-Escape-Specialist-Local Explorer,Local Explorer,7.395135006740662
41,25.02887248178024,HOG8-ML00-H1-GPS-GradientEstimation-Escape-Specialist-Exploiter,Exploiter,2.387164324022843
51,24.51594487937893,HOG8-ML00-H1-GPS-GradientEstimation-Escape-Specialist-Exploiter,Exploiter,2.0493436241472494
60,24.380499418641783,HOG8-ML00-H2-GPS-GradientEstimation-Escape-Specialist-Exploiter,Exploiter,0.5524790555842527
65,24.32635054954764,HOG8-ML01-H1-GPS-GradientEstimation-Escape-Specialist-Refiner,Refiner,0.2220990971691861
65,24.068324090225563,HOG8-ML00-H1-GPS-GradientEstimation-Escape-Specialist-Exploiter,Exploiter,1.0606870882524397
72,24.038959126724148,HOG8-ML00-H2-GPS-GradientEstimation-Escape-Specialist-Refiner,Refiner,0.12200668144293557
75,23.74833681625308,HOG8-ML00-H1-GPS-GradientEstimation-Escape-Specialist-Exploiter,Exploiter,1.2089637864061389
86,23.472005139513847,HOG8-ML00-H1-GPS-GradientEstimation-Escape-Specialist-Exploiter,Exploiter,1.1635832811252467
95,23.203865478236263,HOG8-ML00-H1-GPS-GradientEstimation-Escape-Specialist-Exploiter,Exploiter,1.142380719856715
105,22.936804758066092,HOG8-ML00-H1-GPS-GradientEstimation-Escape-Specialist-Exploiter,Exploiter,1.1509320307888233
116,22.640032158989865,HOG8-ML00-H1-GPS-GradientEstimation-Escape-Specialist-Exploiter,Exploiter,1.2938707121874191
131,22.346931658871178,HOG8-ML00-H1-GPS-GradientEstimation-Escape-Specialist-Exploiter,Exploiter,1.2946116774940313
141,22.09979809965698,HOG8-ML00-H1-GPS-GradientEstimation-Escape-Specialist-Exploiter,Exploiter,1.105894818074912
150,21.8233769128418,HOG8-ML00-H1-GPS-GradientEstimation-Escape-Specialist-Exploiter,Exploiter,1.2507860278572933
160,21.590795133197137,HOG8-ML00-H1-GPS-GradientEstimation-Escape-Specialist-Exploiter,Exploiter,1.0657460601700026
176,21.349779036934756,HOG8-ML00-H1-GPS-GradientEstimation-Escape-Specialist-Exploiter,Exploiter,1.1162909692557115
182,21.320716570195497,HOG8-ML00-H2-GPS-GradientEstimation-Escape-Specialist-Refiner,Refiner,0.13612537482931755
186,21.0699976978712,HOG8-ML00-H1-GPS-GradientEstimation-Escape-Specialist-Exploiter,Exploiter,1.1759401777085607
196,20.839886112005807,HOG8-ML00-H1-GPS-GradientEstimation-Escape-Specialist-Exploiter,Exploiter,1.09212914574093
205,20.57345218385015,HOG8-ML00-H1-GPS-GradientEstimation-Escape-Specialist-Exploiter,Exploiter,1.2784807302865469
221,20.35296523830442,HOG8-ML00-H1-GPS-GradientEstimation-Escape-Specialist-Exploiter,Exploiter,1.0717061170648299
230,20.154729793443636,HOG8-ML00-H1-GPS-GradientEstimation-Escape-Specialist-Exploiter,Exploiter,0.9739880284751068
241,19.893546705741933,HOG8-ML00-H1-GPS-GradientEstimation-Escape-Specialist-Exploiter,Exploiter,1.2958898004510384
252,19.66318394762331,HOG8-ML00-H1-GPS-GradientEstimation-Escape-Specialist-Exploiter,Exploiter,1.1579773155891457
261,19.479341628762334,HOG8-ML00-H1-GPS-GradientEstimation-Escape-Specialist-Exploiter,Exploiter,0.9349570209518192
275,19.36123509457844,HOG8-ML00-H1-GPS-GradientEstimation-Escape-Specialist-Exploiter,Exploiter,0.6063168685819629
285,19.113593060056587,HOG8-ML00-H1-GPS-GradientEstimation-Escape-Specialist-Exploiter,Exploiter,1.2790611410487853
295,19.106845438158402,HOG8-ML01-H1-GPS-GradientEstimation-Escape-Specialist-Polisher,Polisher,0.03530273913954121
295,18.856073223092856,HOG8-ML00-H1-GPS-GradientEstimation-Escape-Specialist-Exploiter,Exploiter,1.3124731441262754
304,18.59995164266021,HOG8-ML00-H1-GPS-GradientEstimation-Escape-Specialist-Exploiter,Exploiter,1.358297549030401
315,18.376191938908672,HOG8-ML00-H1-GPS-GradientEstimation-Escape-Specialist-Exploiter,Exploiter,1.2030122876143876
325,18.15510116473631,HOG8-ML00-H1-GPS-GradientEstimation-Escape-Specialist-Exploiter,Exploiter,1.2031370531357977
334,18.135169295795496,HOG8-ML00-H2-GPS-GradientEstimation-Escape-Specialist-Refiner,Refiner,0.10978660355540815
339,17.902792494313,HOG8-ML00-H1-GPS-GradientEstimation-Escape-Specialist-Exploiter,Exploiter,1.2813599790125465
345,17.880853723755944,HOG8-ML00-H2-GPS-GradientEstimation-Escape-Specialist-Refiner,Refiner,0.12254384652017783
349,17.691053881150317,HOG8-ML00-H1-GPS-GradientEstimation-Escape-Specialist-Exploiter,Exploiter,1.0614696900823295
359,17.461867189958696,HOG8-ML00-H1-GPS-GradientEstimation-Escape-Specialist-Exploiter,Exploiter,1.2954948457639275
369,17.20834139357481,HOG8-ML00-H1-GPS-GradientEstimation-Escape-Specialist-Exploiter,Exploiter,1.4518825142002831
379,16.99731829574712,HOG8-ML00-H1-GPS-GradientEstimation-Escape-Specialist-Exploiter,Exploiter,1.2262837713486974
395,16.78842873786332,HOG8-ML00-H1-GPS-GradientEstimation-Escape-Specialist-Exploiter,Exploiter,1.2289559696959174
406,16.559613938652795,HOG8-ML00-H1-GPS-GradientEstimation-Escape-Specialist-Exploiter,Exploiter,1.362931592844505
415,16.35127450828629,HOG8-ML00-H1-GPS-GradientEstimation-Escape-Specialist-Exploiter,Exploiter,1.2581176779744012
430,16.165879603025996,HOG8-ML00-H1-GPS-GradientEstimation-Escape-Specialist-Exploiter,Exploiter,1.1338254101620249
441,15.951578251290014,HOG8-ML00-H1-GPS-GradientEstimation-Escape-Specialist-Exploiter,Exploiter,1.325639909478651
450,15.700487096696042,HOG8-ML00-H1-GPS-GradientEstimation-Escape-Specialist-Exploiter,Exploiter,1.574083458316522
461,15.458838336662089,HOG8-ML00-H1-GPS-GradientEstimation-Escape-Specialist-Exploiter,Exploiter,1.5391163251540483
475,15.251270397383657,HOG8-ML00-H1-GPS-GradientEstimation-Escape-Specialist-Exploiter,Exploiter,1.3427136939919029
485,15.243713790709942,HOG8-ML01-H1-GPS-GradientEstimation-Escape-Specialist-Polisher,Polisher,0.049547391639002535
485,15.02802683562328,HOG8-ML00-H1-GPS-GradientEstimation-Escape-Specialist-Exploiter,Exploiter,1.4149239355183203
494,14.778690988692636,HOG8-ML00-H1-GPS-GradientEstimation-Escape-Specialist-Exploiter,Exploiter,1.659138951892231
519,14.607075960449777,HOG8-ML00-H2-GPS-GradientEstimation-Escape-Specialist-Exploiter,Exploiter,1.1612329425803984
520,3.6477800398379614,HOG8-ML00-H1-GPS-GradientEstimation-Escape-Specialist-Global Explorer,Global Explorer,75.02730834210271
534,3.636342027132347,HOG8-ML00-H1-GPS-GradientEstimation-Escape-Specialist-Refiner,Refiner,0.3135609214562862
545,3.6296683874081523,HOG8-ML00-H1-GPS-GradientEstimation-Escape-Specialist-Refiner,Refiner,0.18352618302678067
555,3.623111293230456,HOG8-ML00-H1-GPS-GradientEstimation-Escape-Specialist-Refiner,Refiner,0.18065270646882634
570,3.6165879779321903,HOG8-ML00-H1-GPS-GradientEstimation-Escape-Specialist-Refiner,Refiner,0.18004733419186317
580,3.610112804443281,HOG8-ML00-H1-GPS-GradientEstimation-Escape-Specialist-Refiner,Refiner,0.17904095043228274
589,3.6042588377943767,HOG8-ML00-H1-GPS-GradientEstimation-Escape-Specialist-Refiner,Refiner,0.1621546739952046
601,3.598638100684363,HOG8-ML00-H1-GPS-GradientEstimation-Escape-Specialist-Refiner,Refiner,0.1559470993335617
611,3.593110708287653,HOG8-ML00-H1-GPS-GradientEstimation-Escape-Specialist-Refiner,Refiner,0.1535967841739482
625,3.586519515668829,HOG8-ML00-H1-GPS-GradientEstimation-Escape-Specialist-Refiner,Refiner,0.1834397310280863
635,3.579982851007235,HOG8-ML00-H1-GPS-GradientEstimation-Escape-Specialist-Refiner,Refiner,0.18225649220745635
645,3.57330785156248,HOG8-ML00-H1-GPS-GradientEstimation-Escape-Specialist-Refiner,Refiner,0.18645339160988506
656,3.5678334159697194,HOG8-ML00-H1-GPS-GradientEstimation-Escape-Specialist-Refiner,Refiner,0.15320358111229437
670,3.562988703399486,HOG8-ML00-H1-GPS-GradientEstimation-Escape-Specialist-Refiner,Refiner,0.13578864272497332
680,3.559092429427631,HOG8-ML00-H1-GPS-GradientEstimation-Escape-Specialist-Refiner,Refiner,0.10935409276312397
704,3.557081477724721,HOG8-ML00-H1-GPS-GradientEstimation-Escape-Specialist-Refiner,Refiner,0.0565018117057865
716,3.554551028874614,HOG8-ML00-H1-GPS-GradientEstimation-Escape-Specialist-Refiner,Refiner,0.07113834377855183
723,3.55164022191424,HOG8-ML00-H1-GPS-GradientEstimation-Escape-Specialist-Refiner,Refiner,0.08188958146130822
735,3.54596856186593,HOG8-ML00-H1-GPS-GradientEstimation-Escape-Specialist-Refiner,Refiner,0.1596912889237664
744,3.540304490853487,HOG8-ML00-H1-GPS-GradientEstimation-Escape-Specialist-Refiner,Refiner,0.15973269118501232
754,3.5345659282786217,HOG8-ML00-H1-GPS-GradientEstimation-Escape-Specialist-Refiner,Refiner,0.1620923451553723
765,3.529650742850322,HOG8-ML00-H1-GPS-GradientEstimation-Escape-Specialist-Refiner,Refiner,0.1390605106266496
780,3.5241688416932835,HOG8-ML00-H1-GPS-GradientEstimation-Escape-Specialist-Refiner,Refiner,0.1553100166678689
789,3.517513965978689,HOG8-ML00-H1-GPS-GradientEstimation-Escape-Specialist-Refiner,Refiner,0.18883532581818116
800,3.51084365963393,HOG8-ML00-H1-GPS-GradientEstimation-Escape-Specialist-Refiner,Refiner,0.18963126825576565
810,3.5052454494532372,HOG8-ML00-H1-GPS-GradientEstimation-Escape-Specialist-Refiner,Refiner,0.15945484115565994
820,3.4997106213565186,HOG8-ML00-H1-GPS-GradientEstimation-Escape-Specialist-Refiner,Refiner,0.15790129896843674
836,3.4941420045424314,HOG8-ML00-H1-GPS-GradientEstimation-Escape-Specialist-Refiner,Refiner,0.1591164932353382
845,3.4881231919745805,HOG8-ML00-H1-GPS-GradientEstimation-Escape-Specialist-Refiner,Refiner,0.17225437775643704
855,3.48151611610686,HOG8-ML00-H1-GPS-GradientEstimation-Escape-Specialist-Refiner,Refiner,0.18941635670786555
865,3.4757962973918906,HOG8-ML00-H1-GPS-GradientEstimation-Escape-Specialist-Refiner,Refiner,0.16429103081003993
881,3.47034009800272,HOG8-ML00-H1-GPS-GradientEstimation-Escape-Specialist-Refiner,Refiner,0.1569769607403278
891,3.4634280868184706,HOG8-ML00-H1-GPS-GradientEstimation-Escape-Specialist-Refiner,Refiner,0.1991738846641398
900,3.45671084011228,HOG8-ML00-H1-GPS-GradientEstimation-Escape-Specialist-Refiner,Refiner,0.19394791916586845
916,3.4502361584883476,HOG8-ML00-H1-GPS-GradientEstimation-Escape-Specialist-Refiner,Refiner,0.18730758583561385
926,3.44454026617241,HOG8-ML00-H1-GPS-GradientEstimation-Escape-Specialist-Refiner,Refiner,0.16508702750461446
934,3.4377827409111794,HOG8-ML00-H1-GPS-GradientEstimation-Escape-Specialist-Refiner,Refiner,0.19618075966751314
944,3.4322421703589914,HOG8-ML00-H1-GPS-GradientEstimation-Escape-Specialist-Refiner,Refiner,0.16116697795508508
961,3.4263480356682834,HOG8-ML00-H1-GPS-GradientEstimation-Escape-Specialist-Refiner,Refiner,0.17172840371259399
969,3.4213550100309797,HOG8-ML00-H1-GPS-GradientEstimation-Escape-Specialist-Refiner,Refiner,0.1457244151885985
979,3.415022272944965,HOG8-ML00-H1-GPS-GradientEstimation-Escape-Specialist-Refiner,Refiner,0.18509441631891782
989,3.4090638939032964,HOG8-ML00-H1-GPS-GradientEstimation-Escape-Specialist-Refiner,Refiner,0.17447555434331505
1000,3.4034501202056413,HOG8-ML00-H1-GPS-GradientEstimation-Escape-Specialist-Refiner,Refiner,0.1646720000670773
1020,3.392842514687382,HOG8-ML00-H1-GPS-GradientEstimation-Escape-Specialist-Refiner,Refiner,0.3116721310320957
1036,3.386232508935343,HOG8-ML00-H1-GPS-GradientEstimation-Escape-Specialist-Refiner,Refiner,0.19482206213299944
1045,3.380668634353196,HOG8-ML00-H1-GPS-GradientEstimation-Escape-Specialist-Refiner,Refiner,0.1643086990472492
1056,3.3766818736101394,HOG8-ML00-H1-GPS-GradientEstimation-Escape-Specialist-Refiner,Refiner,0.1179281726267023
1065,3.3701251197145,HOG8-ML00-H1-GPS-GradientEstimation-Escape-Specialist-Refiner,Refiner,0.1941774244971855
1076,3.3633531883005174,HOG8-ML00-H1-GPS-GradientEstimation-Escape-Specialist-Refiner,Refiner,0.20094005929833705
1090,3.356501224701316,HOG8-ML00-H1-GPS-GradientEstimation-Escape-Specialist-Refiner,Refiner,0.2037241769028646
1100,3.3516217424516226,HOG8-ML00-H1-GPS-GradientEstimation-Escape-Specialist-Refiner,Refiner,0.14537406433175298
1110,3.1784325434839444,HOG8-ML00-H1-GPS-GradientEstimation-Escape-Specialist-Local Explorer,Local Explorer,5.167325321174066
1120,2.966709258803482,HOG8-ML00-H1-GPS-GradientEstimation-Escape-Specialist-Local Explorer,Local Explorer,6.661248328661657
1132,2.7610995622631176,HOG8-ML00-H1-GPS-GradientEstimation-Escape-Specialist-Local Explorer,Local Explorer,6.930564426906123
1144,2.5187805086836463,HOG8-ML00-H1-GPS-GradientEstimation-Escape-Specialist-Local Explorer,Local Explorer,8.776179493536842
1154,2.3581769408478843,HOG8-ML00-H1-GPS-GradientEstimation-Escape-Specialist-Local Explorer,Local Explorer,6.376243078032072
1164,2.1383407489185116,HOG8-ML00-H1-GPS-GradientEstimation-Escape-Specialist-Local Explorer,Local Explorer,9.32229418927023
1179,2.074674950058429,HOG8-ML01-H1-GPS-GradientEstimation-Escape-Specialist-Exploiter,Exploiter,2.97734581788623
1179,1.9419100829866616,HOG8-ML00-H1-GPS-GradientEstimation-Escape-Specialist-Local Explorer,Local Explorer,6.399309302309191
1190,1.8766224184095703,HOG8-ML01-H1-GPS-GradientEstimation-Escape-Specialist-Exploiter,Exploiter,3.362033347943622
1190,1.7538640512278723,HOG8-ML00-H1-GPS-GradientEstimation-Escape-Specialist-Local Explorer,Local Explorer,6.541452663969308
1202,1.6861495858186601,HOG8-ML01-H1-GPS-GradientEstimation-Escape-Specialist-Exploiter,Exploiter,3.8608731025535032
1202,1.5227758352502492,HOG8-ML00-H1-GPS-GradientEstimation-Escape-Specialist-Local Explorer,Local Explorer,9.689161148124924
1210,1.3549522045587294,HOG8-ML00-H1-GPS-GradientEstimation-Escape-Specialist-Local Explorer,Local Explorer,11.020901882379821
1226,1.351237390581018,HOG8-ML01-H1-GPS-GradientEstimation-Escape-Specialist-Refiner,Refiner,0.2741656838678869
1226,1.1947105830105254,HOG8-ML00-H1-GPS-GradientEstimation-Escape-Specialist-Local Explorer,Local Explorer,11.583960646854788
1235,1.1487055864354392,HOG8-ML00-H1-GPS-GradientEstimation-Escape-Specialist-Exploiter,Exploiter,3.850723114811553
1245,1.058130257388039,HOG8-ML00-H1-GPS-GradientEstimation-Escape-Specialist-Local Explorer,Local Explorer,7.884990733654005
1256,0.974827973403037,HOG8-ML00-H1-GPS-GradientEstimation-Escape-Specialist-Local Explorer,Local Explorer,7.872592566309463
1265,0.917037858241915,HOG8-ML00-H1-GPS-GradientEstimation-Escape-Specialist-Local Explorer,Local Explorer,5.928237262148097
1276,0.7930483529252046,HOG8-ML00-H1-GPS-GradientEstimation-Escape-Specialist-Local Explorer,Local Explorer,13.520652850081344
1285,0.7084682324460154,HOG8-ML00-H1-GPS-GradientEstimation-Escape-Specialist-Local Explorer,Local Explorer,10.665190863483987
1299,0.6361145863805066,HOG8-ML00-H1-GPS-GradientEstimation-Escape-Specialist-Local Explorer,Local Explorer,10.212687422229923
1309,0.5628874573594922,HOG8-ML00-H1-GPS-GradientEstimation-Escape-Specialist-Local Explorer,Local Explorer,11.511625513522162
1321,0.5020601198708006,HOG8-ML00-H1-GPS-GradientEstimation-Escape-Specialist-Local Explorer,Local Explorer,10.80630536236017
1329,0.45399236045741626,HOG8-ML00-H1-GPS-GradientEstimation-Escape-Specialist-Local Explorer,Local Explorer,9.574104277741478
1345,0.41434416964692383,HOG8-ML00-H1-GPS-GradientEstimation-Escape-Specialist-Local Explorer,Local Explorer,8.733228631985176
1355,0.37914367429253926,HOG8-ML00-H1-GPS-GradientEstimation-Escape-Specialist-Local Explorer,Local Explorer,8.49547258849571
1364,0.349471916078274,HOG8-ML00-H1-GPS-GradientEstimation-Escape-Specialist-Local Explorer,Local Explorer,7.825993212106491
1374,0.32289514884786347,HOG8-ML00-H1-GPS-GradientEstimation-Escape-Specialist-Local Explorer,Local Explorer,7.604836328095079
1389,0.2977351469220132,HOG8-ML00-H1-GPS-GradientEstimation-Escape-Specialist-Local Explorer,Local Explorer,7.792003693962202
1396,0.27242596308810324,HOG8-ML00-H1-GPS-GradientEstimation-Escape-Specialist-Local Explorer,Local Explorer,8.500569749845246
1411,0.25385481960822587,HOG8-ML00-H1-GPS-GradientEstimation-Escape-Specialist-Local Explorer,Local Explorer,6.816950656744643
1420,0.23622109844269662,HOG8-ML00-H1-GPS-GradientEstimation-Escape-Specialist-Local Explorer,Local Explorer,6.946380294352247
1430,0.22115384867686025,HOG8-ML00-H1-GPS-GradientEstimation-Escape-Specialist-Local Explorer,Local Explorer,6.378452164166632
1440,0.20753774560097593,HOG8-ML00-H1-GPS-GradientEstimation-Escape-Specialist-Local Explorer,Local Explorer,6.156846537986113
1451,0.19580606843319498,HOG8-ML00-H1-GPS-GradientEstimation-Escape-Specialist-Local Explorer,Local Explorer,5.652792042145891
1461,0.18380159601028884,HOG8-ML00-H1-GPS-GradientEstimation-Escape-Specialist-Local Explorer,Local Explorer,6.1307969252249315
1470,0.17497944021630546,HOG8-ML00-H1-GPS-GradientEstimation-Escape-Specialist-Exploiter,Exploiter,4.799825456080115
1485,0.16585429903016682,HOG8-ML00-H1-GPS-GradientEstimation-Escape-Specialist-Local Explorer,Local Explorer,5.214979071174505
1494,0.1549777249452448,HOG8-ML00-H1-GPS-GradientEstimation-Escape-Specialist-Local Explorer,Local Explorer,6.557909049402272
1506,0.14512530203256108,HOG8-ML00-H1-GPS-GradientEstimation-Escape-Specialist-Local Explorer,Local Explorer,6.357315489154776
1519,0.13995212807312274,HOG8-ML00-H1-GPS-GradientEstimation-Escape-Specialist-Exploiter,Exploiter,3.5646258005910347
1530,0.1323597079834899,HOG8-ML00-H1-GPS-GradientEstimation-Escape-Specialist-Local Explorer,Local Explorer,5.425012248235288
1539,0.1284320453518601,HOG8-ML00-H2-GPS-GradientEstimation-Escape-Specialist-Exploiter,Exploiter,2.9674156066585806
1540,0.12435899720922651,HOG8-ML00-H1-GPS-GradientEstimation-Escape-Specialist-Exploiter,Exploiter,3.1713643829893194
1549,0.1239394611382596,HOG8-ML00-H2-GPS-GradientEstimation-Escape-Specialist-Refiner,Refiner,0.3373588404392381
1555,0.12012197269031355,HOG8-ML00-H1-GPS-GradientEstimation-Escape-Specialist-Exploiter,Exploiter,3.080123483583233
1564,0.1130842227557973,HOG8-ML00-H1-GPS-GradientEstimation-Escape-Specialist-Local Explorer,Local Explorer,5.858836461719019
1574,0.10669098192712997,HOG8-ML00-H1-GPS-GradientEstimation-Escape-Specialist-Local Explorer,Local Explorer,5.653521484136099
1584,0.10254659183646511,HOG8-ML00-H1-GPS-GradientEstimation-Escape-Specialist-Exploiter,Exploiter,3.8844802211076135
1596,0.09758596808153491,HOG8-ML00-H1-GPS-GradientEstimation-Escape-Specialist-Exploiter,Exploiter,4.837434054211272
1605,0.09296109420467961,HOG8-ML00-H1-GPS-GradientEstimation-Escape-Specialist-Exploiter,Exploiter,4.739281648557433
1615,0.08867151732546233,HOG8-ML00-H1-GPS-GradientEstimation-Escape-Specialist-Exploiter,Exploiter,4.614378645084139
1625,0.08474882393882525,HOG8-ML00-H1-GPS-GradientEstimation-Escape-Specialist-Exploiter,Exploiter,4.423848271637346
1636,0.08104546162435465,HOG8-ML00-H1-GPS-GradientEstimation-Escape-Specialist-Exploiter,Exploiter,4.3698096827205815
1650,0.078046211843495,HOG8-ML00-H1-GPS-GradientEstimation-Escape-Specialist-Exploiter,Exploiter,3.7007004719908436
1660,0.0745968641836364,HOG8-ML00-H1-GPS-GradientEstimation-Escape-Specialist-Exploiter,Exploiter,4.419622142296328
1671,0.07151120492513133,HOG8-ML00-H1-GPS-GradientEstimation-Escape-Specialist-Exploiter,Exploiter,4.1364463403033245
1680,0.06928388160114966,HOG8-ML00-H2-GPS-GradientEstimation-Escape-Specialist-Exploiter,Exploiter,3.114649412373293
1685,0.06804477559174203,HOG8-ML00-H1-GPS-GradientEstimation-Escape-Specialist-Exploiter,Exploiter,1.7884477323901409
1691,0.06688326587405383,HOG8-ML00-H2-GPS-GradientEstimation-Escape-Specialist-Exploiter,Exploiter,1.7069785410963532
1694,0.0653664541064635,HOG8-ML00-H1-GPS-GradientEstimation-Escape-Specialist-Exploiter,Exploiter,2.2678494355323515
1700,0.06395247424199116,HOG8-ML00-H2-GPS-GradientEstimation-Escape-Specialist-Exploiter,Exploiter,2.163158280192716
1705,0.06233633818189024,HOG8-ML00-H1-GPS-GradientEstimation-Escape-Specialist-Exploiter,Exploiter,2.527089184986947
1710,0.06119135897773248,HOG8-ML00-H2-GPS-GradientEstimation-Escape-Specialist-Exploiter,Exploiter,1.8367764895282115
1715,0.05947739868434389,HOG8-ML00-H1-GPS-GradientEstimation-Escape-Specialist-Exploiter,Exploiter,2.8009841945368485
1725,0.058538178396526405,HOG8-ML00-H2-GPS-GradientEstimation-Escape-Specialist-Exploiter,Exploiter,1.5791213277535483
1729,0.05708899516573931,HOG8-ML00-H1-GPS-GradientEstimation-Escape-Specialist-Exploiter,Exploiter,2.475620647042701
1735,0.05491780541971544,HOG8-ML00-H1-GPS-GradientEstimation-Escape-Specialist-Exploiter,Exploiter,3.8031668620555017
1744,0.05411032349857717,HOG8-ML00-H2-GPS-GradientEstimation-Escape-Specialist-Exploiter,Exploiter,1.470346302018089
1750,0.05250451875151372,HOG8-ML00-H1-GPS-GradientEstimation-Escape-Specialist-Exploiter,Exploiter,2.9676495042682065
1754,0.051750163845648484,HOG8-ML00-H2-GPS-GradientEstimation-Escape-Specialist-Exploiter,Exploiter,1.4367428248135072
1760,0.050580768199472145,HOG8-ML00-H1-GPS-GradientEstimation-Escape-Specialist-Exploiter,Exploiter,2.259694577323873
1764,0.04992147263840346,HOG8-ML00-H2-GPS-GradientEstimation-Escape-Specialist-Exploiter,Exploiter,1.3034510635913377
1770,0.04842926042280526,HOG8-ML00-H1-GPS-GradientEstimation-Escape-Specialist-Exploiter,Exploiter,2.989118983742226
1774,0.04837819987474488,HOG8-ML00-H2-GPS-GradientEstimation-Escape-Specialist-Refiner,Refiner,0.10543326000563098
1780,0.04704139749071591,HOG8-ML00-H1-GPS-GradientEstimation-Escape-Specialist-Exploiter,Exploiter,2.7632330005871597
1784,0.04662878044927732,HOG8-ML00-H2-GPS-GradientEstimation-Escape-Specialist-Exploiter,Exploiter,0.8771360194391052
1790,0.04510509715465658,HOG8-ML00-H1-GPS-GradientEstimation-Escape-Specialist-Exploiter,Exploiter,3.267688496117102
1796,0.04471459329138244,HOG8-ML00-H2-GPS-GradientEstimation-Escape-Specialist-Exploiter,Exploiter,0.8657643767736015
1806,0.04330061626650977,HOG8-ML00-H1-GPS-GradientEstimation-Escape-Specialist-Exploiter,Exploiter,3.1622271853363295
1810,0.04292187451505769,HOG8-ML00-H2-GPS-GradientEstimation-Escape-Specialist-Exploiter,Exploiter,0.8746798177674326
1815,0.04177289053405148,HOG8-ML00-H1-GPS-GradientEstimation-Escape-Specialist-Exploiter,Exploiter,2.6769193889775966
1820,0.041217808059229796,HOG8-ML00-H2-GPS-GradientEstimation-Escape-Specialist-Exploiter,Exploiter,1.3288103066968777
1825,0.04034670686365581,HOG8-ML00-H1-GPS-GradientEstimation-Escape-Specialist-Exploiter,Exploiter,2.1134098017105094
1835,0.03922419140607764,HOG8-ML00-H1-GPS-GradientEstimation-Escape-Specialist-Exploiter,Exploiter,2.782173676209807
1846,0.03860777042934049,HOG8-ML00-H1-GPS-GradientEstimation-Escape-Specialist-Exploiter,Exploiter,1.5715326553338123
1862,0.03776847240220067,HOG8-ML00-H1-GPS-GradientEstimation-Escape-Specialist-Exploiter,Exploiter,2.173909598524717
1876,0.037132539144756734,HOG8-ML00-H1-GPS-GradientEstimation-Escape-Specialist-Exploiter,Exploiter,1.683767483820408
1886,0.036142028333139495,HOG8-ML00-H1-GPS-GradientEstimation-Escape-Specialist-Exploiter,Exploiter,2.6675008885221976
1899,0.03501333655028928,HOG8-ML00-H1-GPS-GradientEstimation-Escape-Specialist-Exploiter,Exploiter,3.1229342538456586
1910,0.0337675281615228,HOG8-ML00-H1-GPS-GradientEstimation-Escape-Specialist-Exploiter,Exploiter,3.558096746869974
1919,0.03255703708581067,HOG8-ML00-H1-GPS-GradientEstimation-Escape-Specialist-Exploiter,Exploiter,3.5847784591217264
1934,0.03161450706364602,HOG8-ML00-H1-GPS-GradientEstimation-Escape-Specialist-Exploiter,Exploiter,2.8950116673099586
1945,0.030639585069198692,HOG8-ML00-H1-GPS-GradientEstimation-Escape-Specialist-Exploiter,Exploiter,3.083780469784404
1955,0.029860170157902877,HOG8-ML00-H1-GPS-GradientEstimation-Escape-Specialist-Exploiter,Exploiter,2.5438167962638127
1965,0.028853697054503545,HOG8-ML00-H1-GPS-GradientEstimation-Escape-Specialist-Exploiter,Exploiter,3.3706207904275978
1976,0.028048661941692286,HOG8-ML00-H1-GPS-GradientEstimation-Escape-Specialist-Exploiter,Exploiter,2.7900587965922647
1984,0.02737474020663184,HOG8-ML00-H1-GPS-GradientEstimation-Escape-Specialist-Exploiter,Exploiter,2.4026876449985255
1996,0.026485609070641285,HOG8-ML00-H1-GPS-GradientEstimation-Escape-Specialist-Exploiter,Exploiter,3.2479984441100007
2010,0.025764131598864714,HOG8-ML00-H1-GPS-GradientEstimation-Escape-Specialist-Exploiter,Exploiter,2.724035795636328
2020,0.025303152993709478,HOG8-ML00-H1-GPS-GradientEstimation-Escape-Specialist-Exploiter,Exploiter,1.7892262480740804
2030,0.024517627631731494,HOG8-ML00-H1-GPS-GradientEstimation-Escape-Specialist-Exploiter,Exploiter,3.1044564373984183
2040,0.023895940449019135,HOG8-ML00-H1-GPS-GradientEstimation-Escape-Specialist-Exploiter,Exploiter,2.5356742995303145
2056,0.023296931867558306,HOG8-ML00-H1-GPS-GradientEstimation-Escape-Specialist-Exploiter,Exploiter,2.5067378400058606
2066,0.022566899304556954,HOG8-ML00-H1-GPS-GradientEstimation-Escape-Specialist-Exploiter,Exploiter,3.133599596511441
2076,0.021995364386644622,HOG8-ML00-H1-GPS-GradientEstimation-Escape-Specialist-Exploiter,Exploiter,2.532624930873516
2086,0.02143981349782176,HOG8-ML00-H1-GPS-GradientEstimation-Escape-Specialist-Exploiter,Exploiter,2.5257635156987273
2100,0.021139320935013518,HOG8-ML01-H1-GPS-GradientEstimation-Escape-Specialist-Exploiter,Exploiter,1.4015633244140546
2100,0.020928461380816804,HOG8-ML00-H1-GPS-GradientEstimation-Escape-Specialist-Exploiter,Exploiter,0.997475533130595
2109,0.020623872968422774,HOG8-ML01-H1-GPS-GradientEstimation-Escape-Specialist-Exploiter,Exploiter,1.4553789065125367
2109,0.020437163900030447,HOG8-ML00-H1-GPS-GradientEstimation-Escape-Specialist-Exploiter,Exploiter,0.9053055586513604
2119,0.019933532258844616,HOG8-ML00-H1-GPS-GradientEstimation-Escape-Specialist-Exploiter,Exploiter,2.4642932045237487
2129,0.019479872727272134,HOG8-ML00-H1-GPS-GradientEstimation-Escape-Specialist-Exploiter,Exploiter,2.275861225604867
2139,0.019021020847770638,HOG8-ML00-H1-GPS-GradientEstimation-Escape-Specialist-Exploiter,Exploiter,2.3555178513004127
2150,0.01865480611122271,HOG8-ML00-H1-GPS-GradientEstimation-Escape-Specialist-Exploiter,Exploiter,1.9253158885573125
2164,0.018324592706832225,HOG8-ML01-H1-GPS-GradientEstimation-Escape-Specialist-Exploiter,Exploiter,1.7701250949578602
2165,0.018253334496790778,HOG8-ML00-H1-GPS-GradientEstimation-Escape-Specialist-Refiner,Refiner,0.38886654225541906
2174,0.017762943710488435,HOG8-ML00-H1-GPS-GradientEstimation-Escape-Specialist-Exploiter,Exploiter,2.6865819304881597
2185,0.017398774934005455,HOG8-ML00-H1-GPS-GradientEstimation-Escape-Specialist-Exploiter,Exploiter,2.0501600546532748
2196,0.017142162117416884,HOG8-ML01-H1-GPS-GradientEstimation-Escape-Specialist-Exploiter,Exploiter,1.4748901434837678
2197,0.016934996362531537,HOG8-ML00-H1-GPS-GradientEstimation-Escape-Specialist-Exploiter,Exploiter,1.208515900540117
2208,0.016788044167130364,HOG8-ML01-H1-GPS-GradientEstimation-Escape-Specialist-Exploiter,Exploiter,0.8677427042517887
2210,0.01658113498622174,HOG8-ML00-H1-GPS-GradientEstimation-Escape-Specialist-Exploiter,Exploiter,1.2324793695368907
2220,0.016225136758879863,HOG8-ML00-H1-GPS-GradientEstimation-Escape-Specialist-Exploiter,Exploiter,2.147007594098341
2230,0.016090282199326237,HOG8-ML01-H1-GPS-GradientEstimation-Escape-Specialist-Exploiter,Exploiter,0.8311459037768744
2230,0.015889067721868926,HOG8-ML00-H1-GPS-GradientEstimation-Escape-Specialist-Exploiter,Exploiter,1.250534173140463
2240,0.015745748637632617,HOG8-ML01-H1-GPS-GradientEstimation-Escape-Specialist-Exploiter,Exploiter,0.9019980702772826
2240,0.015678881356613588,HOG8-ML00-H2-GPS-GradientEstimation-Escape-Specialist-Refiner,Refiner,0.4246687951007628
2245,0.01551767506664137,HOG8-ML00-H1-GPS-GradientEstimation-Escape-Specialist-Exploiter,Exploiter,1.0281746912015468
2256,0.015416024561426827,HOG8-ML01-H1-GPS-GradientEstimation-Escape-Specialist-Exploiter,Exploiter,0.6550627254276128
2256,0.015217612054578424,HOG8-ML00-H1-GPS-GradientEstimation-Escape-Specialist-Exploiter,Exploiter,1.2870536502962067
2265,0.015038771388047757,HOG8-ML00-H2-GPS-GradientEstimation-Escape-Specialist-Exploiter,Exploiter,1.1752216174866963
2265,0.014887045372029804,HOG8-ML00-H1-GPS-GradientEstimation-Escape-Specialist-Exploiter,Exploiter,1.008899012445513
2275,0.014800110451743507,HOG8-ML01-H1-GPS-GradientEstimation-Escape-Specialist-Exploiter,Exploiter,0.5839635610275823
2281,0.014582571012492615,HOG8-ML00-H1-GPS-GradientEstimation-Escape-Specialist-Exploiter,Exploiter,1.4698501065933929
2285,0.01453103614891241,HOG8-ML01-H1-GPS-GradientEstimation-Escape-Specialist-Refiner,Refiner,0.3534003951433226
2291,0.01427588783514024,HOG8-ML00-H1-GPS-GradientEstimation-Escape-Specialist-Exploiter,Exploiter,1.7558852043133102
2301,0.014018082209247058,HOG8-ML00-H1-GPS-GradientEstimation-Escape-Specialist-Exploiter,Exploiter,1.8058815596644697
2305,0.014004263926255553,HOG8-ML01-H1-GPS-GradientEstimation-Escape-Specialist-Refiner,Refiner,0.09857470362379869
2310,0.01384717856778124,HOG8-ML00-H2-GPS-GradientEstimation-Escape-Specialist-Exploiter,Exploiter,1.1216966439757294
2314,0.013730976661237291,HOG8-ML00-H1-GPS-GradientEstimation-Escape-Specialist-Exploiter,Exploiter,0.839173886399649
2320,0.01371241793412174,HOG8-ML01-H1-GPS-GradientEstimation-Escape-Specialist-Refiner,Refiner,0.13515955618760475
2320,0.013599543198494225,HOG8-ML00-H2-GPS-GradientEstimation-Escape-Specialist-Exploiter,Exploiter,0.8231570549395152
2324,0.0134969566900222,HOG8-ML00-H1-GPS-GradientEstimation-Escape-Specialist-Exploiter,Exploiter,0.7543378992566716
2331,0.01338465974315987,HOG8-ML00-H2-GPS-GradientEstimation-Escape-Specialist-Exploiter,Exploiter,0.8320167978707852
2336,0.013300301606552285,HOG8-ML00-H1-GPS-GradientEstimation-Escape-Specialist-Exploiter,Exploiter,0.6302598513996338
2340,0.013283311812218642,HOG8-ML01-H1-GPS-GradientEstimation-Escape-Specialist-Refiner,Refiner,0.1277399177569975
2345,0.013082273080924552,HOG8-ML00-H1-GPS-GradientEstimation-Escape-Specialist-Exploiter,Exploiter,1.5134684341985019
2355,0.01302183794793483,HOG8-ML01-H1-GPS-GradientEstimation-Escape-Specialist-Refiner,Refiner,0.4619620200242115
2355,0.012833157878731686,HOG8-ML00-H1-GPS-GradientEstimation-Escape-Specialist-Exploiter,Exploiter,1.4489511385223974
2365,0.012768832396768652,HOG8-ML01-H1-GPS-GradientEstimation-Escape-Specialist-Exploiter,Exploiter,0.5012443746962737
2365,0.01265116724524954,HOG8-ML00-H2-GPS-GradientEstimation-Escape-Specialist-Exploiter,Exploiter,0.9215028270626209
2374,0.012571200729635315,HOG8-ML01-H1-GPS-GradientEstimation-Escape-Specialist-Exploiter,Exploiter,0.6320880442415523
2374,0.012450119538282192,HOG8-ML00-H1-GPS-GradientEstimation-Escape-Specialist-Exploiter,Exploiter,0.963163296467667
2384,0.012406173551268369,HOG8-ML01-H1-GPS-GradientEstimation-Escape-Specialist-Refiner,Refiner,0.35297642628005366
2391,0.012270034825694973,HOG8-ML00-H1-GPS-GradientEstimation-Escape-Specialist-Exploiter,Exploiter,1.0973466154636962
2396,0.01218221655905982,HOG8-ML01-H1-GPS-GradientEstimation-Escape-Specialist-Exploiter,Exploiter,0.7157132631054216
2396,0.012075871568846024,HOG8-ML00-H1-GPS-GradientEstimation-Escape-Specialist-Exploiter,Exploiter,0.872952715117414
2407,0.011974662461261887,HOG8-ML01-H1-GPS-GradientEstimation-Escape-Specialist-Exploiter,Exploiter,0.8381101687537162
2411,0.011872201700485738,HOG8-ML00-H1-GPS-GradientEstimation-Escape-Specialist-Exploiter,Exploiter,0.8556463374864246
2420,0.011789384880982344,HOG8-ML01-H1-GPS-GradientEstimation-Escape-Specialist-Exploiter,Exploiter,0.6975691753957065
2420,0.011703200657328394,HOG8-ML00-H1-GPS-GradientEstimation-Escape-Specialist-Exploiter,Exploiter,0.7310324035054285
2430,0.011529265235374625,HOG8-ML00-H1-GPS-GradientEstimation-Escape-Specialist-Exploiter,Exploiter,1.4862209667818755
2440,0.011439420268035589,HOG8-ML01-H1-GPS-GradientEstimation-Escape-Specialist-Exploiter,Exploiter,0.7792774778341396
2440,0.011396150357301503,HOG8-ML00-H2-GPS-GradientEstimation-Escape-Specialist-Refiner,Refiner,0.37825265372050276
2445,0.01134888296087198,HOG8-ML00-H1-GPS-GradientEstimation-Escape-Specialist-Refiner,Refiner,0.41476634606912544
2451,0.01131200989390139,HOG8-ML01-H1-GPS-GradientEstimation-Escape-Specialist-Refiner,Refiner,0.3249048130791296
2451,0.011280561865493031,HOG8-ML00-H2-GPS-GradientEstimation-Escape-Specialist-Refiner,Refiner,0.27800566568911306
2455,0.011225850159824103,HOG8-ML00-H1-GPS-GradientEstimation-Escape-Specialist-Refiner,Refiner,0.48500869301812255
2465,0.011181165683780551,HOG8-ML01-H1-GPS-GradientEstimation-Escape-Specialist-Refiner,Refiner,0.398049817228735
2465,0.011113777221153876,HOG8-ML00-H1-GPS-GradientEstimation-Escape-Specialist-Exploiter,Exploiter,0.6026962173043249
2471,0.01099268919178489,HOG8-ML00-H2-GPS-GradientEstimation-Escape-Specialist-Exploiter,Exploiter,1.089530831502619
2475,0.010951764102056307,HOG8-ML00-H1-GPS-GradientEstimation-Escape-Specialist-Refiner,Refiner,0.3722937037023409
2486,0.010847090915737753,HOG8-ML01-H1-GPS-GradientEstimation-Escape-Specialist-Exploiter,Exploiter,0.9557655309513144
2486,0.010783775755509123,HOG8-ML00-H1-GPS-GradientEstimation-Escape-Specialist-Exploiter,Exploiter,0.5837063662550113
2496,0.010709075212796165,HOG8-ML01-H1-GPS-GradientEstimation-Escape-Specialist-Exploiter,Exploiter,0.6927123153019571
2496,0.010688962827381961,HOG8-ML00-H2-GPS-GradientEstimation-Escape-Specialist-Refiner,Refiner,0.18780693023960793
2500,0.010667577020377607,HOG8-ML00-H1-GPS-GradientEstimation-Escape-Specialist-Refiner,Refiner,0.20007373352978977
2505,0.01061617951576056,HOG8-ML01-H1-GPS-GradientEstimation-Escape-Specialist-Refiner,Refiner,0.481810485350762
2505,0.010550188781720208,HOG8-ML00-H1-GPS-GradientEstimation-Escape-Specialist-Exploiter,Exploiter,0.6216052954114307
2526,0.010425266582065601,HOG8-ML01-H1-GPS-GradientEstimation-Escape-Specialist-Exploiter,Exploiter,1.184075491341474
2526,0.010390203476903156,HOG8-ML00-H1-GPS-GradientEstimation-Escape-Specialist-Refiner,Refiner,0.33632813977882603
2535,0.010343458136642964,HOG8-ML01-H1-GPS-GradientEstimation-Escape-Specialist-Refiner,Refiner,0.4498982177211895
2537,0.01030773044636682,HOG8-ML00-H2-GPS-GradientEstimation-Escape-Specialist-Refiner,Refiner,0.3454133985381045
2539,0.010305502668774742,HOG8-ML00-H1-GPS-GradientEstimation-Escape-Specialist-Polisher,Polisher,0.021612687716947816
2544,0.010238703613886777,HOG8-ML00-H2-GPS-GradientEstimation-Escape-Specialist-Exploiter,Exploiter,0.6481882256007121
2554,0.010171515292423876,HOG8-ML00-H2-GPS-GradientEstimation-Escape-Specialist-Exploiter,Exploiter,0.6562190292506664
2559,0.010158840159120308,HOG8-ML01-H1-GPS-GradientEstimation-Escape-Specialist-Refiner,Refiner,0.12461401216207121
2564,0.010078357611723206,HOG8-ML00-H2-GPS-GradientEstimation-Escape-Specialist-Exploiter,Exploiter,0.7922414974198261
2580,0.01002900352101874,HOG8-ML00-H2-GPS-GradientEstimation-Escape-Specialist-Refiner,Refiner,0.48970370576111777
2590,0.009928199893418952,HOG8-ML00-H2-GPS-GradientEstimation-Escape-Specialist-Exploiter,Exploiter,1.0051210709870062
2600,0.009823996668389436,HOG8-ML00-H2-GPS-GradientEstimation-Escape-Specialist-Exploiter,Exploiter,1.0495681608766667
2610,0.00982392286906382,HOG8-ML01-H1-GPS-GradientEstimation-Escape-Specialist-Polisher,Polisher,0.0007512148884711696
2610,0.009704572939577428,HOG8-ML00-H2-GPS-GradientEstimation-Escape-Specialist-Exploiter,Exploiter,1.2148907424979145
2620,0.009609745235874573,HOG8-ML00-H2-GPS-GradientEstimation-Escape-Specialist-Exploiter,Exploiter,0.9771445306585975
2635,0.009526523170076965,HOG8-ML00-H2-GPS-GradientEstimation-Escape-Specialist-Exploiter,Exploiter,0.8660173995760861
2646,0.00942704050518077,HOG8-ML00-H2-GPS-GradientEstimation-Escape-Specialist-Exploiter,Exploiter,1.0442704344505507
2655,0.009343045852486565,HOG8-ML00-H2-GPS-GradientEstimation-Escape-Specialist-Exploiter,Exploiter,0.8909970488409821
2665,0.00924848079624652,HOG8-ML00-H2-GPS-GradientEstimation-Escape-Specialist-Exploiter,Exploiter,1.0121437669587972
2675,0.009169511883635774,HOG8-ML00-H2-GPS-GradientEstimation-Escape-Specialist-Exploiter,Exploiter,0.8538582103429948
2685,0.009117004264364691,HOG8-ML00-H2-GPS-GradientEstimation-Escape-Specialist-Exploiter,Exploiter,0.5726326541414869
2695,0.009088927603607319,HOG8-ML01-H1-GPS-GradientEstimation-Escape-Specialist-Refiner,Refiner,0.30795928073780565
2700,0.009030339743815202,HOG8-ML00-H2-GPS-GradientEstimation-Escape-Specialist-Exploiter,Exploiter,0.6446069585686162
2712,0.009013596008178986,HOG8-ML01-H1-GPS-GradientEstimation-Escape-Specialist-Refiner,Refiner,0.18541645288245245
2712,0.008952551286084156,HOG8-ML00-H2-GPS-GradientEstimation-Escape-Specialist-Exploiter,Exploiter,0.6772515879282528
2720,0.008890386925761747,HOG8-ML00-H2-GPS-GradientEstimation-Escape-Specialist-Exploiter,Exploiter,0.6943759196223461
2730,0.008880939737278954,HOG8-ML01-H1-GPS-GradientEstimation-Escape-Specialist-Refiner,Refiner,0.10626296202494458
2730,0.008814235791461171,HOG8-ML00-H2-GPS-GradientEstimation-Escape-Specialist-Exploiter,Exploiter,0.7510910758439687
2746,0.008812895434700603,HOG8-ML01-H1-GPS-GradientEstimation-Escape-Specialist-Polisher,Polisher,0.015206726848247707
2746,0.008744261783591249,HOG8-ML00-H2-GPS-GradientEstimation-Escape-Specialist-Exploiter,Exploiter,0.778786627140843
2755,0.008676236506805355,HOG8-ML00-H2-GPS-GradientEstimation-Escape-Specialist-Exploiter,Exploiter,0.7779419060113735
2765,0.008611270676317676,HOG8-ML00-H2-GPS-GradientEstimation-Escape-Specialist-Exploiter,Exploiter,0.7487789254790568
2775,0.0085453120261033,HOG8-ML00-H2-GPS-GradientEstimation-Escape-Specialist-Exploiter,Exploiter,0.7659572285397235
2787,0.008490290230382527,HOG8-ML00-H2-GPS-GradientEstimation-Escape-Specialist-Exploiter,Exploiter,0.6438828161300393
2796,0.008431000380546401,HOG8-ML00-H2-GPS-GradientEstimation-Escape-Specialist-Exploiter,Exploiter,0.6983253602327605
2807,0.008428123046567572,HOG8-ML01-H1-GPS-GradientEstimation-Escape-Specialist-Polisher,Polisher,0.03412802572596468
2807,0.008365973091085955,HOG8-ML00-H2-GPS-GradientEstimation-Escape-Specialist-Exploiter,Exploiter,0.7374115818934056
2820,0.00831186817912203,HOG8-ML00-H2-GPS-GradientEstimation-Escape-Specialist-Exploiter,Exploiter,0.6467258664933425
2831,0.008267328981573646,HOG8-ML00-H2-GPS-GradientEstimation-Escape-Specialist-Exploiter,Exploiter,0.5358506245353881
2841,0.008261312711428237,HOG8-ML01-H1-GPS-GradientEstimation-Escape-Specialist-Refiner,Refiner,0.07277163106509958
2841,0.008219801232437198,HOG8-ML00-H2-GPS-GradientEstimation-Escape-Specialist-Exploiter,Exploiter,0.5024804221926398
2850,0.008159042037234217,HOG8-ML00-H2-GPS-GradientEstimation-Escape-Specialist-Exploiter,Exploiter,0.739180832782324
2860,0.008110797354558542,HOG8-ML00-H2-GPS-GradientEstimation-Escape-Specialist-Exploiter,Exploiter,0.5913032737851899
2875,0.00810532579226271,HOG8-ML01-H1-GPS-GradientEstimation-Escape-Specialist-Refiner,Refiner,0.06746022686359153
2875,0.008066876255641045,HOG8-ML00-H2-GPS-GradientEstimation-Escape-Specialist-Refiner,Refiner,0.4743737340992339
2885,0.008022395586582702,HOG8-ML00-H2-GPS-GradientEstimation-Escape-Specialist-Exploiter,Exploiter,0.5513989262849831
2895,0.007980370358870451,HOG8-ML00-H2-GPS-GradientEstimation-Escape-Specialist-Exploiter,Exploiter,0.5238488585945269
2905,0.007938599857798592,HOG8-ML00-H2-GPS-GradientEstimation-Escape-Specialist-Exploiter,Exploiter,0.5234155708754799
2917,0.007908601438407926,HOG8-ML00-H2-GPS-GradientEstimation-Escape-Specialist-Refiner,Refiner,0.3778804817980184
2930,0.007868432590835112,HOG8-ML00-H2-GPS-GradientEstimation-Escape-Specialist-Exploiter,Exploiter,0.5079134140928528
2939,0.007852258321018341,HOG8-ML01-H1-GPS-GradientEstimation-Escape-Specialist-Refiner,Refiner,0.20555898052185914
2940,0.007825525807167975,HOG8-ML00-H2-GPS-GradientEstimation-Escape-Specialist-Refiner,Refiner,0.34044363745409345
2951,0.0077885929338634375,HOG8-ML00-H2-GPS-GradientEstimation-Escape-Specialist-Refiner,Refiner,0.4719538880148807
2960,0.007783323689757574,HOG8-ML01-H1-GPS-GradientEstimation-Escape-Specialist-Refiner,Refiner,0.0676533508761747
2960,0.0077532510137722,HOG8-ML00-H2-GPS-GradientEstimation-Escape-Specialist-Refiner,Refiner,0.3863731894505216
2969,0.007752953865872837,HOG8-ML01-H1-GPS-GradientEstimation-Escape-Specialist-Polisher,Polisher,0.0038325587400029402
2970,0.007723097213207704,HOG8-ML00-H2-GPS-GradientEstimation-Escape-Specialist-Refiner,Refiner,0.3851003524805775
2980,0.007718076047440231,HOG8-ML01-H1-GPS-GradientEstimation-Escape-Specialist-Refiner,Refiner,0.06501492379101101
2980,0.007684219514900315,HOG8-ML00-H2-GPS-GradientEstimation-Escape-Specialist-Refiner,Refiner,0.43866544371696287
2996,0.007673345773691057,HOG8-ML01-H1-GPS-GradientEstimation-Escape-Specialist-Refiner,Refiner,0.14150742555145343
2996,0.0076468619994813115,HOG8-ML00-H2-GPS-GradientEstimation-Escape-Specialist-Refiner,Refiner,0.34513985151755217
3005,0.0076165561759905295,HOG8-ML00-H2-GPS-GradientEstimation-Escape-Specialist-Refiner,Refiner,0.39631712319167955
3014,0.007607686429909902,HOG8-ML04-H1-GPS-Sniper-Specialist-Refiner,Refiner,0.11645349782343353
3022,0.007585817606085004,HOG8-ML00-H2-GPS-GradientEstimation-Escape-Specialist-Refiner,Refiner,0.28745695588765996
3026,0.007527600764183921,HOG8-ML04-H1-GPS-Sniper-Specialist-Exploiter,Exploiter,0.7674432068388309
3034,0.007466495862951901,HOG8-ML04-H1-GPS-Sniper-Specialist-Exploiter,Exploiter,0.8117447131728197
3044,0.007376905161530299,HOG8-ML04-H1-GPS-Sniper-Specialist-Exploiter,Exploiter,1.1999029138440038
3054,0.0072884106107856395,HOG8-ML04-H1-GPS-Sniper-Specialist-Exploiter,Exploiter,1.1996162185485106
3066,0.007249190279080295,HOG8-ML04-H1-GPS-Sniper-Specialist-Exploiter,Exploiter,0.5381191291185565
3076,0.0071654722468092085,HOG8-ML04-H1-GPS-Sniper-Specialist-Exploiter,Exploiter,1.1548604609356197
3085,0.007084936182827317,HOG8-ML04-H1-GPS-Sniper-Specialist-Exploiter,Exploiter,1.1239463528416371
3095,0.00699344056864106,HOG8-ML04-H1-GPS-Sniper-Specialist-Exploiter,Exploiter,1.2914105621448906
3105,0.00694393354068786,HOG8-ML04-H1-GPS-Sniper-Specialist-Exploiter,Exploiter,0.7079066085896477
3115,0.006874377376331678,HOG8-ML04-H1-GPS-Sniper-Specialist-Exploiter,Exploiter,1.0016824606488424
3124,0.00679838087508329,HOG8-ML04-H1-GPS-Sniper-Specialist-Exploiter,Exploiter,1.105503772749539
3135,0.006739704255207183,HOG8-ML04-H1-GPS-Sniper-Specialist-Exploiter,Exploiter,0.8630969778578157
3149,0.006711423686415392,HOG8-ML04-H1-GPS-Sniper-Specialist-Refiner,Refiner,0.4196114209305395
3159,0.006632141160604364,HOG8-ML04-H1-GPS-Sniper-Specialist-Exploiter,Exploiter,1.181307119255538
3175,0.006583158274142239,HOG8-ML04-H1-GPS-Sniper-Specialist-Exploiter,Exploiter,0.7385682131298572
3180,0.006549828961074732,HOG8-ML04-H1-GPS-Sniper-Specialist-Exploiter,Exploiter,0.5062815092631181
3190,0.0065018109627859744,HOG8-ML04-H1-GPS-Sniper-Specialist-Exploiter,Exploiter,0.7331183542978836
3204,0.006460482344662212,HOG8-ML04-H1-GPS-Sniper-Specialist-Exploiter,Exploiter,0.6356477965956343
3214,0.006422033490224559,HOG8-ML04-H1-GPS-Sniper-Specialist-Exploiter,Exploiter,0.5951390683610591
3223,0.006358271205598849,HOG8-ML04-H1-GPS-Sniper-Specialist-Exploiter,Exploiter,0.9928675196534971
3233,0.006329480361366839,HOG8-ML04-H1-GPS-Sniper-Specialist-Refiner,Refiner,0.4528093140578464
3243,0.00629534473905397,HOG8-ML04-H1-GPS-Sniper-Specialist-Exploiter,Exploiter,0.5393116079674113
3253,0.006245894821317736,HOG8-ML04-H1-GPS-Sniper-Specialist-Exploiter,Exploiter,0.7854997587259266
3264,0.0061708066501121855,HOG8-ML04-H1-GPS-Sniper-Specialist-Exploiter,Exploiter,1.2022003788675526
3274,0.0061414119245576,HOG8-ML04-H1-GPS-Sniper-Specialist-Refiner,Refiner,0.476351427313819
3279,0.006120792342262949,HOG8-ML04-H1-GPS-Sniper-Specialist-Refiner,Refiner,0.3357466092153813
3284,0.006094194944808768,HOG8-ML04-H1-GPS-Sniper-Specialist-Refiner,Refiner,0.43454173850222394
3294,0.006058784916441207,HOG8-ML04-H1-GPS-Sniper-Specialist-Exploiter,Exploiter,0.5810452190690878
3300,0.006030553533767934,HOG8-ML04-H1-GPS-Sniper-Specialist-Refiner,Refiner,0.46595782921199724
3310,0.00602635830192254,HOG8-ML04-H1-GPS-Sniper-Specialist-Refiner,Refiner,0.06956628146823873
3320,0.0059870108208628665,HOG8-ML04-H1-GPS-Sniper-Specialist-Exploiter,Exploiter,0.65292302728035
3324,0.005937903314922553,HOG8-ML04-H1-GPS-Sniper-Specialist-Exploiter,Exploiter,0.8202341270069068
3335,0.005904913513129601,HOG8-ML04-H1-GPS-Sniper-Specialist-Exploiter,Exploiter,0.5555799756800585
3345,0.005862535736414393,HOG8-ML04-H1-GPS-Sniper-Specialist-Exploiter,Exploiter,0.7176697274393655
3354,0.0057719635817077486,HOG8-ML04-H1-GPS-Sniper-Specialist-Exploiter,Exploiter,1.5449313876940207
3364,0.005702537443412906,HOG8-ML04-H1-GPS-Sniper-Specialist-Exploiter,Exploiter,1.2028166379092355
3374,0.005699533185800685,HOG8-ML02-H1-GPS-GradientEstimation-Escape-Specialist-Refiner,Refiner,0.0526828213235305
3375,0.005676769383383902,HOG8-ML04-H1-GPS-Sniper-Specialist-Refiner,Refiner,0.3993976642419632
3389,0.005653195205215445,HOG8-ML04-H1-GPS-Sniper-Specialist-Refiner,Refiner,0.4152745439590895
3398,0.00562496907296607,HOG8-ML04-H1-GPS-Sniper-Specialist-Refiner,Refiner,0.49929519899355845
3408,0.005594289907925373,HOG8-ML04-H1-GPS-Sniper-Specialist-Exploiter,Exploiter,0.5454103772435582
3419,0.005585192808385518,HOG8-ML04-H1-GPS-Sniper-Specialist-Refiner,Refiner,0.16261401696337668
3431,0.005563036141233475,HOG8-ML04-H1-GPS-Sniper-Specialist-Refiner,Refiner,0.39670371126271153
3439,0.005535847856388044,HOG8-ML04-H1-GPS-Sniper-Specialist-Refiner,Refiner,0.48873104821143154
3449,0.005485395730222829,HOG8-ML04-H1-GPS-Sniper-Specialist-Exploiter,Exploiter,0.9113712564733164
3460,0.005476015977002402,HOG8-ML04-H1-GPS-Sniper-Specialist-Refiner,Refiner,0.1709950144298214
3469,0.005460723464738823,HOG8-ML04-H1-GPS-Sniper-Specialist-Refiner,Refiner,0.2792634705194936
3481,0.005439030371491117,HOG8-ML04-H1-GPS-Sniper-Specialist-Refiner,Refiner,0.3972567625477385
3489,0.005417950479359539,HOG8-ML04-H1-GPS-Sniper-Specialist-Refiner,Refiner,0.3875670972912421
3499,0.005398761887260394,HOG8-ML04-H1-GPS-Sniper-Specialist-Refiner,Refiner,0.35416698938551205
3508,0.005379054040464627,HOG8-ML04-H1-GPS-Sniper-Specialist-Refiner,Refiner,0.365043823145307
3519,0.0053291648728359935,HOG8-ML04-H1-GPS-Sniper-Specialist-Exploiter,Exploiter,0.9274710247068633
3531,0.005320300698415924,HOG8-ML04-H1-GPS-Sniper-Specialist-Refiner,Refiner,0.16633327419183888
3539,0.0052919327733216785,HOG8-ML04-H1-GPS-Sniper-Specialist-Exploiter,Exploiter,0.5332015369486907
3548,0.0052489371546166,HOG8-ML04-H1-GPS-Sniper-Specialist-Exploiter,Exploiter,0.8124747714451852
3558,0.0052224594623787425,HOG8-ML04-H1-GPS-Sniper-Specialist-Exploiter,Exploiter,0.5044391170614383
3568,0.005206365796209467,HOG8-ML04-H1-GPS-Sniper-Specialist-Refiner,Refiner,0.3081625867124441
3579,0.005189562802647431,HOG8-ML04-H1-GPS-Sniper-Specialist-Refiner,Refiner,0.3227393967260194
3588,0.0051601091842344736,HOG8-ML04-H1-GPS-Sniper-Specialist-Exploiter,Exploiter,0.5675549084391458
3599,0.0051240607843383735,HOG8-ML04-H1-GPS-Sniper-Specialist-Exploiter,Exploiter,0.6985976189464684
3609,0.00511326543161699,HOG8-ML04-H1-GPS-Sniper-Specialist-Refiner,Refiner,0.21067963819592625
3620,0.0050758649031138895,HOG8-ML04-H1-GPS-Sniper-Specialist-Exploiter,Exploiter,0.7314411700953545
3630,0.005068075278879794,HOG8-ML04-H1-GPS-Sniper-Specialist-Refiner,Refiner,0.15346397870669304
3640,0.005055254466476944,HOG8-ML04-H1-GPS-Sniper-Specialist-Refiner,Refiner,0.25297201989635504
3650,0.0050454318538984844,HOG8-ML04-H1-GPS-Sniper-Specialist-Refiner,Refiner,0.19430500766275496
3664,0.0050261518532653164,HOG8-ML04-H1-GPS-Sniper-Specialist-Refiner,Refiner,0.3821278572669809
3670,0.005003713783543871,HOG8-ML04-H1-GPS-Sniper-Specialist-Refiner,Refiner,0.4464264187893173
3684,0.004949975666716709,HOG8-ML04-H1-GPS-Sniper-Specialist-Exploiter,Exploiter,1.0739646421003313
3700,0.004939888376178651,HOG8-ML04-H1-GPS-Sniper-Specialist-Refiner,Refiner,0.2037846490011031
3707,0.004936597600569492,HOG8-ML04-H1-GPS-Sniper-Specialist-Refiner,Refiner,0.06661639613210353
3715,0.00486990068781484,HOG8-ML04-H1-GPS-Sniper-Specialist-Exploiter,Exploiter,1.351070477102646
3723,0.004847183926184294,HOG8-ML04-H1-GPS-Sniper-Specialist-Refiner,Refiner,0.46647279044901874
3733,0.0048140644918957835,HOG8-ML04-H1-GPS-Sniper-Specialist-Exploiter,Exploiter,0.6832716643905451
3744,0.004795688135022661,HOG8-ML04-H1-GPS-Sniper-Specialist-Refiner,Refiner,0.38172228278325526
3749,0.004786300527784325,HOG8-ML04-H1-GPS-Sniper-Specialist-Refiner,Refiner,0.1957509949360215
3758,0.004768740517410179,HOG8-ML04-H1-GPS-Sniper-Specialist-Refiner,Refiner,0.3668806476361121
3768,0.004739269789616682,HOG8-ML04-H1-GPS-Sniper-Specialist-Exploiter,Exploiter,0.6179981419811573
3778,0.0046924869935799215,HOG8-ML04-H1-GPS-Sniper-Specialist-Exploiter,Exploiter,0.9871308896416344
3789,0.00467667262432072,HOG8-ML04-H1-GPS-Sniper-Specialist-Refiner,Refiner,0.33701466367063404
3795,0.00466068581791918,HOG8-ML04-H1-GPS-Sniper-Specialist-Refiner,Refiner,0.3418414690479254
3810,0.0046352072371612625,HOG8-ML04-H1-GPS-Sniper-Specialist-Exploiter,Exploiter,0.5466702059160139
3819,0.004606283503272048,HOG8-ML04-H1-GPS-Sniper-Specialist-Exploiter,Exploiter,0.624000878694866
3829,0.0045804450938561544,HOG8-ML04-H1-GPS-Sniper-Specialist-Exploiter,Exploiter,0.5609383225661126
3840,0.004563835543157212,HOG8-ML04-H1-GPS-Sniper-Specialist-Refiner,Refiner,0.3626187053572764
3850,0.004546564432436624,HOG8-ML04-H1-GPS-Sniper-Specialist-Refiner,Refiner,0.3784341165948376
3859,0.0045333724300699145,HOG8-ML04-H1-GPS-Sniper-Specialist-Refiner,Refiner,0.29015320386958043
3870,0.00451985351812792,HOG8-ML04-H1-GPS-Sniper-Specialist-Refiner,Refiner,0.2982087210025718
3879,0.004516125379628762,HOG8-ML04-H1-GPS-Sniper-Specialist-Refiner,Refiner,0.08248361333404892
3885,0.004509060171630881,HOG8-ML04-H1-GPS-Sniper-Specialist-Refiner,Refiner,0.15644401791301746
3890,0.004507026201905515,HOG8-ML04-H1-GPS-Sniper-Specialist-Polisher,Polisher,0.04510850704905443
3899,0.004464172995639958,HOG8-ML04-H1-GPS-Sniper-Specialist-Exploiter,Exploiter,0.9508089002774984
3909,0.004434293821057818,HOG8-ML04-H1-GPS-Sniper-Specialist-Exploiter,Exploiter,0.66931041004286
3923,0.004427926773587992,HOG8-ML04-H1-GPS-Sniper-Specialist-Refiner,Refiner,0.14358650388907038
3929,0.004420149919719504,HOG8-ML04-H1-GPS-Sniper-Specialist-Refiner,Refiner,0.17563194393539044
3944,0.004411815631068895,HOG8-ML04-H1-GPS-Sniper-Specialist-Refiner,Refiner,0.18855217135117228
3958,0.004407278103914333,HOG8-ML04-H1-GPS-Sniper-Specialist-Refiner,Refiner,0.10284942830812435
3964,0.004396591177511862,HOG8-ML04-H1-GPS-Sniper-Specialist-Refiner,Refiner,0.2424835953278952
3975,0.004390534193819117,HOG8-ML04-H1-GPS-Sniper-Specialist-Refiner,Refiner,0.13776545164640605
3990,0.004378809879926051,HOG8-ML04-H1-GPS-Sniper-Specialist-Refiner,Refiner,0.2670361595081223
3994,0.00437336853693007,HOG8-ML04-H1-GPS-Sniper-Specialist-Refiner,Refiner,0.1242653402452235
4006,0.004358920509794977,HOG8-ML04-H1-GPS-Sniper-Specialist-Refiner,Refiner,0.3303638148280767
4020,0.004346452742980759,HOG8-ML04-H1-GPS-Sniper-Specialist-Refiner,Refiner,0.28602877217423645
4026,0.004323616382986244,HOG8-ML04-H1-GPS-Sniper-Specialist-Exploiter,Exploiter,0.5254022382135498
4036,0.00431761263360108,HOG8-ML04-H1-GPS-Sniper-Specialist-Refiner,Refiner,0.1388594374096059
4050,0.004300925790177663,HOG8-ML04-H1-GPS-Sniper-Specialist-Refiner,Refiner,0.3864831062785642
4059,0.004263904231912933,HOG8-ML04-H1-GPS-Sniper-Specialist-Exploiter,Exploiter,0.8607811450566839
4069,0.004258853262114078,HOG8-ML04-H1-GPS-Sniper-Specialist-Refiner,Refiner,0.11845880029508228
4079,0.004230600389486955,HOG8-ML04-H1-GPS-Sniper-Specialist-Exploiter,Exploiter,0.6633915490457206
4089,0.004213500937507157,HOG8-ML04-H2-GPS-Sniper-Specialist-Refiner,Refiner,0.4041849951673513
4098,0.004193954292379445,HOG8-ML04-H2-GPS-Sniper-Specialist-Refiner,Refiner,0.463905085524357
4110,0.004167219350188647,HOG8-ML04-H2-GPS-Sniper-Specialist-Exploiter,Exploiter,0.6374638426407356
4119,0.004140205461281805,HOG8-ML04-H2-GPS-Sniper-Specialist-Exploiter,Exploiter,0.6482473476136713
4128,0.004122095545825169,HOG8-ML04-H2-GPS-Sniper-Specialist-Refiner,Refiner,0.43741586319799575
4138,0.00411085822311286,HOG8-ML04-H2-GPS-Sniper-Specialist-Refiner,Refiner,0.27261189332911256
4148,0.004091496084974905,HOG8-ML04-H2-GPS-Sniper-Specialist-Refiner,Refiner,0.47099990043669515
4158,0.004076300502601517,HOG8-ML04-H2-GPS-Sniper-Specialist-Refiner,Refiner,0.37139427871359015
4169,0.004054915266283517,HOG8-ML04-H2-GPS-Sniper-Specialist-Exploiter,Exploiter,0.5246236459837104
4180,0.004036875025392337,HOG8-ML04-H2-GPS-Sniper-Specialist-Refiner,Refiner,0.4448980979006838
4192,0.004031888049668558,HOG8-ML04-H2-GPS-Sniper-Specialist-Refiner,Refiner,0.12353554896820798
4200,0.004012429456828472,HOG8-ML04-H2-GPS-Sniper-Specialist-Refiner,Refiner,0.4826173891828574
4216,0.003980714491840977,HOG8-ML04-H2-GPS-Sniper-Specialist-Exploiter,Exploiter,0.7904180080604836
4224,0.003962430731712848,HOG8-ML04-H2-GPS-Sniper-Specialist-Refiner,Refiner,0.4593085026721697
4234,0.003956716517231643,HOG8-ML04-H2-GPS-Sniper-Specialist-Refiner,Refiner,0.1442098264449614
4244,0.003944097414261678,HOG8-ML04-H2-GPS-Sniper-Specialist-Refiner,Refiner,0.3189286600394176
4262,0.003913524630577739,HOG8-ML04-H2-GPS-Sniper-Specialist-Exploiter,Exploiter,0.7751528543232393
4265,0.003898798133816079,HOG8-ML04-H2-GPS-Sniper-Specialist-Refiner,Refiner,0.37629753615441186
4274,0.0038792324969885014,HOG8-ML04-H2-GPS-Sniper-Specialist-Exploiter,Exploiter,0.5018376472963776
4284,0.0038485798654439773,HOG8-ML04-H2-GPS-Sniper-Specialist-Exploiter,Exploiter,0.790172581002044
4294,0.003832860926680036,HOG8-ML04-H2-GPS-Sniper-Specialist-Refiner,Refiner,0.4084347814912205
4309,0.0038211548274890996,HOG8-ML04-H2-GPS-Sniper-Specialist-Refiner,Refiner,0.3054141388082175
4315,0.003795882509153157,HOG8-ML04-H2-GPS-Sniper-Specialist-Exploiter,Exploiter,0.6613790719532043
4330,0.003781004299779269,HOG8-ML04-H2-GPS-Sniper-Specialist-Refiner,Refiner,0.39195653021430216
4334,0.0037774125739103966,HOG8-ML04-H2-GPS-Sniper-Specialist-Refiner,Refiner,0.09499396414550246
4350,0.0037710155249850935,HOG8-ML04-H2-GPS-Sniper-Specialist-Refiner,Refiner,0.1693500193620838
4354,0.0037693671782676897,HOG8-ML04-H2-GPS-Sniper-Specialist-Polisher,Polisher,0.04371095017993495
4359,0.0037491293650843494,HOG8-ML04-H2-GPS-Sniper-Specialist-Exploiter,Exploiter,0.5369021436813467
4363,0.003740547582923589,HOG8-ML04-H2-GPS-Sniper-Specialist-Refiner,Refiner,0.22890066799728195
4368,0.0037270240571219814,HOG8-ML04-H2-GPS-Sniper-Specialist-Refiner,Refiner,0.36153866517687067
4380,0.0037012929352381544,HOG8-ML04-H2-GPS-Sniper-Specialist-Exploiter,Exploiter,0.6903932330315209
4390,0.0036710624605905454,HOG8-ML04-H2-GPS-Sniper-Specialist-Exploiter,Exploiter,0.8167544470690173
4400,0.003655425375962005,HOG8-ML04-H2-GPS-Sniper-Specialist-Refiner,Refiner,0.4259552866889938
4409,0.0036470978295139447,HOG8-ML04-H2-GPS-Sniper-Specialist-Refiner,Refiner,0.22781333474407614
4419,0.0036035943048027116,HOG8-ML04-H2-GPS-Sniper-Specialist-Exploiter,Exploiter,1.192825823293884
4435,0.0035941043161806883,HOG8-ML04-H2-GPS-Sniper-Specialist-Refiner,Refiner,0.2633478638085174
4444,0.0035893780960170336,HOG8-ML04-H2-GPS-Sniper-Specialist-Refiner,Refiner,0.13149924843241806
4465,0.0035806450828554637,HOG8-ML04-H2-GPS-Sniper-Specialist-Refiner,Refiner,0.24330156723418084
4479,0.0035695283873691283,HOG8-ML04-H2-GPS-Sniper-Specialist-Refiner,Refiner,0.31046627713993336
4494,0.003562301741000396,HOG8-ML04-H2-GPS-Sniper-Specialist-Refiner,Refiner,0.20245381418744346
4504,0.003541672325218354,HOG8-ML04-H2-GPS-Sniper-Specialist-Exploiter,Exploiter,0.5791035482650773
4519,0.003536562296588475,HOG8-ML04-H2-GPS-Sniper-Specialist-Refiner,Refiner,0.14428293079213117
4523,0.003534934056679041,HOG8-ML04-H2-GPS-Sniper-Specialist-Polisher,Polisher,0.046040187416041024
4534,0.0035200314132305117,HOG8-ML04-H2-GPS-Sniper-Specialist-Refiner,Refiner,0.42158193645427233
4544,0.0035063694646741963,HOG8-ML04-H2-GPS-Sniper-Specialist-Refiner,Refiner,0.38812007486538713
4558,0.0034868316401701254,HOG8-ML04-H2-GPS-Sniper-Specialist-Exploiter,Exploiter,0.5572095211559902
4570,0.003476383582904233,HOG8-ML04-H2-GPS-Sniper-Specialist-Refiner,Refiner,0.2996432963818835
4578,0.0034665500635121605,HOG8-ML04-H2-GPS-Sniper-Specialist-Refiner,Refiner,0.28286635112508346
4590,0.0034637040070165243,HOG8-ML04-H2-GPS-Sniper-Specialist-Refiner,Refiner,0.08210054502293027
4601,0.003444677711633496,HOG8-ML04-H2-GPS-Sniper-Specialist-Exploiter,Exploiter,0.5493048870367079
4609,0.0034188427547726993,HOG8-ML04-H2-GPS-Sniper-Specialist-Exploiter,Exploiter,0.7499963428667404
4619,0.00341039980437701,HOG8-ML04-H2-GPS-Sniper-Specialist-Refiner,Refiner,0.2469534576839746
4630,0.0033971651991185877,HOG8-ML04-H2-GPS-Sniper-Specialist-Refiner,Refiner,0.3880660924691783
4640,0.0033908300179555217,HOG8-ML04-H2-GPS-Sniper-Specialist-Refiner,Refiner,0.1864843418480117
4651,0.0033828644732821446,HOG8-ML04-H2-GPS-Sniper-Specialist-Refiner,Refiner,0.2349143021383268
4664,0.00337065524133377,HOG8-ML04-H2-GPS-Sniper-Specialist-Refiner,Refiner,0.36091401369469744
4674,0.0033602205044005852,HOG8-ML04-H2-GPS-Sniper-Specialist-Refiner,Refiner,0.3095759188072798
4681,0.003343691701641934,HOG8-ML04-H2-GPS-Sniper-Specialist-Refiner,Refiner,0.49189637218762666
4690,0.0033333030665601286,HOG8-ML04-H2-GPS-Sniper-Specialist-Refiner,Refiner,0.3106935689287373
4705,0.0033123204162309235,HOG8-ML04-H2-GPS-Sniper-Specialist-Exploiter,Exploiter,0.629485225622121
4710,0.003303132795143466,HOG8-ML04-H2-GPS-Sniper-Specialist-Refiner,Refiner,0.2773771837542207
4724,0.0032931418199273177,HOG8-ML04-H2-GPS-Sniper-Specialist-Refiner,Refiner,0.3024696806267648
4734,0.003275463070562329,HOG8-ML04-H2-GPS-Sniper-Specialist-Exploiter,Exploiter,0.5368353484812503
4744,0.003255315807225572,HOG8-ML04-H2-GPS-Sniper-Specialist-Exploiter,Exploiter,0.6150966413826291
4755,0.0032474855437557015,HOG8-ML04-H2-GPS-Sniper-Specialist-Refiner,Refiner,0.2405377522048755
4763,0.00323609649446532,HOG8-ML04-H2-GPS-Sniper-Specialist-Refiner,Refiner,0.3507036178276551
4773,0.0032176406199638952,HOG8-ML04-H2-GPS-Sniper-Specialist-Exploiter,Exploiter,0.5703128609727783
4801,0.0031917589915503542,HOG8-ML04-H2-GPS-Sniper-Specialist-Exploiter,Exploiter,0.8043666608681551
4810,0.0031860774373058814,HOG8-ML04-H2-GPS-Sniper-Specialist-Refiner,Refiner,0.17800699424717725
4819,0.0031777254862173205,HOG8-ML04-H2-GPS-Sniper-Specialist-Refiner,Refiner,0.2621389860386852
4830,0.003171472334711263,HOG8-ML04-H2-GPS-Sniper-Specialist-Refiner,Refiner,0.1967807330488193
4841,0.003162713221613856,HOG8-ML04-H2-GPS-Sniper-Specialist-Refiner,Refiner,0.2761844396856273
4850,0.0031588517718837967,HOG8-ML04-H2-GPS-Sniper-Specialist-Refiner,Refiner,0.12209294550230346
4855,0.003151655108503823,HOG8-ML04-H2-GPS-Sniper-Specialist-Refiner,Refiner,0.227825295382003
4870,0.003135612843709951,HOG8-ML04-H2-GPS-Sniper-Specialist-Exploiter,Exploiter,0.5090107972343266
4880,0.00311432483811011,HOG8-ML04-H2-GPS-Sniper-Specialist-Exploiter,Exploiter,0.6789105243826606
4890,0.003098279029197939,HOG8-ML04-H2-GPS-Sniper-Specialist-Exploiter,Exploiter,0.5152259236357656
4899,0.0030816503208694595,HOG8-ML04-H2-GPS-Sniper-Specialist-Exploiter,Exploiter,0.536707900475453
4910,0.0030715539772697385,HOG8-ML04-H2-GPS-Sniper-Specialist-Refiner,Refiner,0.3276278145948879
4919,0.0030619213405914166,HOG8-ML04-H2-GPS-Sniper-Specialist-Refiner,Refiner,0.31360792451006275
4929,0.003043432744283983,HOG8-ML04-H2-GPS-Sniper-Specialist-Exploiter,Exploiter,0.6038233596119271
4942,0.0030334276187568517,HOG8-ML04-H2-GPS-Sniper-Specialist-Refiner,Refiner,0.3287447552741991
4948,0.0030326097738321506,HOG8-ML04-H2-GPS-Sniper-Specialist-Polisher,Polisher,0.026961082560338
4964,0.003019459111642987,HOG8-ML04-H2-GPS-Sniper-Specialist-Refiner,Refiner,0.433641753140758
4970,0.0030043493100085986,HOG8-ML04-H2-GPS-Sniper-Specialist-Exploiter,Exploiter,0.50041418266355
4983,0.0030021757184128576,HOG8-ML04-H2-GPS-Sniper-Specialist-Refiner,Refiner,0.07234816499199853
4994,0.0029892706567769345,HOG8-ML04-H2-GPS-Sniper-Specialist-Refiner,Refiner,0.4298569719545094
5005,0.002988073989153255,HOG8-ML04-H2-GPS-Sniper-Specialist-Polisher,Polisher,0.040032093479613985
5016,0.0029820139062563316,HOG8-ML04-H2-GPS-Sniper-Specialist-Refiner,Refiner,0.20280899733143987
5026,0.0029772134413365036,HOG8-ML04-H2-GPS-Sniper-Specialist-Refiner,Refiner,0.16098063492448947
5035,0.002970882138216501,HOG8-ML04-H2-GPS-Sniper-Specialist-Refiner,Refiner,0.21265869057612735
5045,0.00295856423470815,HOG8-ML04-H2-GPS-Sniper-Specialist-Refiner,Refiner,0.4146210766794596
5055,0.00294916340751259,HOG8-ML04-H2-GPS-Sniper-Specialist-Refiner,Refiner,0.31774963968248443
5065,0.0029429718404759644,HOG8-ML04-H2-GPS-Sniper-Specialist-Refiner,Refiner,0.20994316628415344
5079,0.0029296335329191403,HOG8-ML04-H2-GPS-Sniper-Specialist-Refiner,Refiner,0.4532257962300751
5090,0.0029195549583150323,HOG8-ML04-H2-GPS-Sniper-Specialist-Refiner,Refiner,0.3440216836289923
5100,0.002910236072579631,HOG8-ML04-H2-GPS-Sniper-Specialist-Refiner,Refiner,0.3191885704655272
5110,0.0029009329741052302,HOG8-ML04-H2-GPS-Sniper-Specialist-Refiner,Refiner,0.3196681726975738
5127,0.0028920926203303324,HOG8-ML04-H2-GPS-Sniper-Specialist-Refiner,Refiner,0.30474174528711906
5140,0.0028865715921382335,HOG8-ML04-H1-GPS-Sniper-Specialist-Refiner,Refiner,0.19090080840731535
5144,0.0028726807893395437,HOG8-ML04-H2-GPS-Sniper-Specialist-Refiner,Refiner,0.48122148906759693
5153,0.0028643371360508782,HOG8-ML04-H2-GPS-Sniper-Specialist-Refiner,Refiner,0.2904483268600025
5164,0.002856185824836057,HOG8-ML04-H2-GPS-Sniper-Specialist-Refiner,Refiner,0.284579322462709
5175,0.002845927320477762,HOG8-ML04-H2-GPS-Sniper-Specialist-Refiner,Refiner,0.3591679599097342
5183,0.0028457135328683854,HOG8-ML04-H2-GPS-Sniper-Specialist-Polisher,Polisher,0.007512054430852762
5194,0.0028286693374776324,HOG8-ML04-H1-GPS-Sniper-Specialist-Exploiter,Exploiter,0.5989427675656791
5205,0.002823796551796073,HOG8-ML04-H1-GPS-Sniper-Specialist-Refiner,Refiner,0.1722642380641208
5214,0.00280945580861301,HOG8-ML04-H1-GPS-Sniper-Specialist-Exploiter,Exploiter,0.5078532720050843
5224,0.0028030235082001907,HOG8-ML04-H1-GPS-Sniper-Specialist-Refiner,Refiner,0.22895182736456535
5233,0.002795652637719216,HOG8-ML04-H1-GPS-Sniper-Specialist-Refiner,Refiner,0.2629614221718556
5245,0.0027772658095021044,HOG8-ML04-H1-GPS-Sniper-Specialist-Exploiter,Exploiter,0.6576935907213504
5259,0.002776095407342311,HOG8-ML04-H1-GPS-Sniper-Specialist-Polisher,Polisher,0.04214224492984807
5266,0.002763575899859983,HOG8-ML04-H1-GPS-Sniper-Specialist-Refiner,Refiner,0.45097540413114684
5280,0.0027536683215295572,HOG8-ML04-H1-GPS-Sniper-Specialist-Refiner,Refiner,0.35850574362468535
5290,0.0027517151156984223,HOG8-ML04-H1-GPS-Sniper-Specialist-Refiner,Refiner,0.07093104917044046
5294,0.0027475768285251017,HOG8-ML04-H1-GPS-Sniper-Specialist-Refiner,Refiner,0.1503893753285665
5306,0.002738070869856609,HOG8-ML04-H1-GPS-Sniper-Specialist-Refiner,Refiner,0.34597608226283544
5320,0.0027290518274728772,HOG8-ML04-H1-GPS-Sniper-Specialist-Refiner,Refiner,0.3293940446546633
5325,0.0027262669803645835,HOG8-ML04-H1-GPS-Sniper-Specialist-Refiner,Refiner,0.1020444932653584
5336,0.0027015232541527283,HOG8-ML04-H1-GPS-Sniper-Specialist-Exploiter,Exploiter,0.9076046619816467
5349,0.0026974982205580627,HOG8-ML04-H1-GPS-Sniper-Specialist-Refiner,Refiner,0.1489912621880424
5360,0.0026906394420657155,HOG8-ML04-H1-GPS-Sniper-Specialist-Refiner,Refiner,0.2542644306519035
5370,0.0026839291862629094,HOG8-ML04-H1-GPS-Sniper-Specialist-Refiner,Refiner,0.2493926052631685
5387,0.0026764583777815596,HOG8-ML04-H1-GPS-Sniper-Specialist-Refiner,Refiner,0.27835341258582913
5398,0.0026720377314089954,HOG8-ML04-H1-GPS-Sniper-Specialist-Refiner,Refiner,0.16516776084626927
5409,0.0026657091255592414,HOG8-ML04-H1-GPS-Sniper-Specialist-Refiner,Refiner,0.23684567681672633
5420,0.0026644895263906016,HOG8-ML04-H1-GPS-Sniper-Specialist-Polisher,Polisher,0.04575139714030036
5428,0.002656136374913059,HOG8-ML04-H1-GPS-Sniper-Specialist-Refiner,Refiner,0.313499129751063
5430,0.002654656158015881,HOG8-ML04-H1-GPS-Sniper-Specialist-Refiner,Refiner,0.05572819645702508
5439,0.002651268756049153,HOG8-ML04-H1-GPS-Sniper-Specialist-Refiner,Refiner,0.12760228689125505
5451,0.0026418376574720813,HOG8-ML04-H1-GPS-Sniper-Specialist-Refiner,Refiner,0.3557202020939463
5459,0.002638050152892286,HOG8-ML04-H2-GPS-Sniper-Specialist-Refiner,Refiner,0.14336628782177147
5463,0.002635687943195183,HOG8-ML04-H1-GPS-Sniper-Specialist-Refiner,Refiner,0.08954377514442803
5469,0.0026335725072227363,HOG8-ML04-H1-GPS-Sniper-Specialist-Refiner,Refiner,0.08026124556619683
5480,0.0026323503785965407,HOG8-ML04-H2-GPS-Sniper-Specialist-Polisher,Polisher,0.04640573300502683
5485,0.002628256954582677,HOG8-ML04-H1-GPS-Sniper-Specialist-Refiner,Refiner,0.1555045273283913
5493,0.0026246877209309366,HOG8-ML04-H1-GPS-Sniper-Specialist-Refiner,Refiner,0.13580230979764277
5509,0.002621219602253681,HOG8-ML04-H1-GPS-Sniper-Specialist-Refiner,Refiner,0.13213452593230385
5534,0.002611207948637583,HOG8-ML04-H2-GPS-Sniper-Specialist-Refiner,Refiner,0.3819463889057724
5540,0.0026111887048927062,HOG8-ML04-H2-GPS-Sniper-Specialist-Polisher,Polisher,0.0007369671529503165
5545,0.0025981832642859703,HOG8-ML04-H1-GPS-Sniper-Specialist-Refiner,Refiner,0.49806590317915556
5563,0.0025872610207468578,HOG8-ML04-H1-GPS-Sniper-Specialist-Refiner,Refiner,0.420380028200749
5569,0.002583410151185468,HOG8-ML04-H1-GPS-Sniper-Specialist-Refiner,Refiner,0.1488396234670584
5579,0.0025746028271490507,HOG8-ML04-H1-GPS-Sniper-Specialist-Refiner,Refiner,0.3409185348434126
5589,0.0025684546220448717,HOG8-ML04-H1-GPS-Sniper-Specialist-Refiner,Refiner,0.2388020800469284
5600,0.0025542592071207213,HOG8-ML04-H1-GPS-Sniper-Specialist-Exploiter,Exploiter,0.5526831115610197
5610,0.0025363768117381254,HOG8-ML04-H1-GPS-Sniper-Specialist-Exploiter,Exploiter,0.7001010442770905
5619,0.0025345155301164306,HOG8-ML04-H1-GPS-Sniper-Specialist-Refiner,Refiner,0.07338348202368852
5629,0.0025196161315448945,HOG8-ML04-H1-GPS-Sniper-Specialist-Exploiter,Exploiter,0.5878598254575164
5639,0.0025165679618600854,HOG8-ML04-H1-GPS-Sniper-Specialist-Refiner,Refiner,0.12097754283467181
5649,0.002510803933272125,HOG8-ML04-H2-GPS-Sniper-Specialist-Refiner,Refiner,0.22904323170751328
5665,0.0024870358940831524,HOG8-ML04-H2-GPS-Sniper-Specialist-Exploiter,Exploiter,0.9466306338782032
5676,0.002459427533808512,HOG8-ML04-H2-GPS-Sniper-Specialist-Exploiter,Exploiter,1.1100909456241848
5684,0.0024572733277409497,HOG8-ML04-H2-GPS-Sniper-Specialist-Refiner,Refiner,0.08758973533269042
5690,0.00245726226543304,HOG8-ML04-H2-GPS-Sniper-Specialist-Polisher,Polisher,0.00045018630140415314
5694,0.002455889944268313,HOG8-ML04-H2-GPS-Sniper-Specialist-Refiner,Refiner,0.05584756596932755
5703,0.0024524146107188093,HOG8-ML04-H2-GPS-Sniper-Specialist-Refiner,Refiner,0.14151015022536548
5724,0.0024457795441205077,HOG8-ML04-H2-GPS-Sniper-Specialist-Refiner,Refiner,0.27055240045062495
5734,0.0024447726023733383,HOG8-ML04-H2-GPS-Sniper-Specialist-Polisher,Polisher,0.041170585042712794
5743,0.0024371437415539937,HOG8-ML04-H2-GPS-Sniper-Specialist-Refiner,Refiner,0.3120478694803209
5754,0.0024355919696380426,HOG8-ML04-H2-GPS-Sniper-Specialist-Refiner,Refiner,0.06367174366833414
5764,0.002432669508707687,HOG8-ML04-H2-GPS-Sniper-Specialist-Refiner,Refiner,0.11998975882606813
5774,0.002430546109813674,HOG8-ML04-H2-GPS-Sniper-Specialist-Refiner,Refiner,0.08728678048589648
5786,0.0024071077652843428,HOG8-ML04-H2-GPS-Sniper-Specialist-Exploiter,Exploiter,0.964324208238445
5794,0.0024057155323837626,HOG8-ML04-H2-GPS-Sniper-Specialist-Refiner,Refiner,0.05783841175119437
5810,0.002399599024489243,HOG8-ML04-H2-GPS-Sniper-Specialist-Refiner,Refiner,0.25424900875369655
5820,0.002391934410205998,HOG8-ML04-H2-GPS-Sniper-Specialist-Refiner,Refiner,0.3194122936800434
5839,0.002389229669570285,HOG8-ML04-H2-GPS-Sniper-Specialist-Refiner,Refiner,0.11307754193310227
5860,0.0023883040766405315,HOG8-ML04-H2-GPS-Sniper-Specialist-Polisher,Polisher,0.03874022416271475
5875,0.002386825092073207,HOG8-ML04-H2-GPS-Sniper-Specialist-Refiner,Refiner,0.061926141725003006
5891,0.0023849819521138426,HOG8-ML04-H2-GPS-Sniper-Specialist-Refiner,Refiner,0.07722140870253383
5899,0.002384086156360118,HOG8-ML04-H2-GPS-Sniper-Specialist-Polisher,Polisher,0.037559854611502
5908,0.0023827968118376843,HOG8-ML04-H2-GPS-Sniper-Specialist-Refiner,Refiner,0.05408128892465524
5918,0.002376646426445011,HOG8-ML04-H2-GPS-Sniper-Specialist-Refiner,Refiner,0.25811623391967053
5924,0.0023719326483494225,HOG8-ML04-H2-GPS-Sniper-Specialist-Refiner,Refiner,0.19833737333151427
5939,0.002363990724400502,HOG8-ML04-H2-GPS-Sniper-Specialist-Refiner,Refiner,0.33482923532618225
5954,0.0023469511457754676,HOG8-ML04-H2-GPS-Sniper-Specialist-Exploiter,Exploiter,0.7207971862645829
5968,0.0023456088478732966,HOG8-ML04-H2-GPS-Sniper-Specialist-Refiner,Refiner,0.0571932613334137
5979,0.0023447572463582414,HOG8-ML04-H2-GPS-Sniper-Specialist-Polisher,Polisher,0.036306203220004135
5994,0.0023385833574711907,HOG8-ML04-H2-GPS-Sniper-Specialist-Refiner,Refiner,0.2633061011599254
6010,0.002328040044818471,HOG8-ML04-H2-GPS-Sniper-Specialist-Refiner,Refiner,0.4508418577014346
6024,0.002322334177666217,HOG8-ML04-H2-GPS-Sniper-Specialist-Refiner,Refiner,0.24509317032383537
6045,0.002315731690659785,HOG8-ML04-H2-GPS-Sniper-Specialist-Refiner,Refiner,0.28430391585877746
6060,0.0023085044880762854,HOG8-ML04-H2-GPS-Sniper-Specialist-Refiner,Refiner,0.3120915351571061
6070,0.0023063847393754193,HOG8-ML04-H2-GPS-Sniper-Specialist-Refiner,Refiner,0.09182346024514607
6080,0.0023020930742096318,HOG8-ML04-H2-GPS-Sniper-Specialist-Refiner,Refiner,0.18607759115461756
6095,0.0022989448490365527,HOG8-ML04-H2-GPS-Sniper-Specialist-Refiner,Refiner,0.13675490397624177
6104,0.0022930112590043425,HOG8-ML04-H2-GPS-Sniper-Specialist-Refiner,Refiner,0.2581005818689773
6114,0.0022905011458782243,HOG8-ML04-H2-GPS-Sniper-Specialist-Refiner,Refiner,0.109467980859721
6125,0.002285364458256686,HOG8-ML04-H2-GPS-Sniper-Specialist-Refiner,Refiner,0.22426042574927252
6134,0.0022824256001497123,HOG8-ML04-H2-GPS-Sniper-Specialist-Refiner,Refiner,0.1285947235398673
6144,0.0022750630456976634,HOG8-ML04-H2-GPS-Sniper-Specialist-Refiner,Refiner,0.32257587943133453
6155,0.0022656062055763327,HOG8-ML04-H2-GPS-Sniper-Specialist-Refiner,Refiner,0.41567376074321966
6164,0.0022615917574530364,HOG8-ML04-H2-GPS-Sniper-Specialist-Refiner,Refiner,0.1771909042893522
6174,0.0022511886266759346,HOG8-ML04-H2-GPS-Sniper-Specialist-Refiner,Refiner,0.45999154103822937
6181,0.002251146474988929,HOG8-ML04-H2-GPS-Sniper-Specialist-Polisher,Polisher,0.0018724191525281242
6195,0.0022429768419699875,HOG8-ML04-H2-GPS-Sniper-Specialist-Refiner,Refiner,0.36290988212936437
6205,0.0022369658341647013,HOG8-ML04-H2-GPS-Sniper-Specialist-Refiner,Refiner,0.2679924149375847
6219,0.0022332406915036465,HOG8-ML04-H2-GPS-Sniper-Specialist-Refiner,Refiner,0.1665265782857088
6229,0.0022298940953960756,HOG8-ML04-H2-GPS-Sniper-Specialist-Refiner,Refiner,0.14985380305414267
6245,0.0022264310435304068,HOG8-ML04-H2-GPS-Sniper-Specialist-Refiner,Refiner,0.15530118102105464
6260,0.002213525346935781,HOG8-ML04-H2-GPS-Sniper-Specialist-Exploiter,Exploiter,0.579658491204001
6271,0.002209661945875715,HOG8-ML04-H2-GPS-Sniper-Specialist-Refiner,Refiner,0.17453611115925036
6285,0.002200506913609578,HOG8-ML04-H2-GPS-Sniper-Specialist-Refiner,Refiner,0.4143182301358246
6294,0.002192422521756324,HOG8-ML04-H2-GPS-Sniper-Specialist-Refiner,Refiner,0.36738770522617786
6305,0.002181597507575987,HOG8-ML04-H2-GPS-Sniper-Specialist-Refiner,Refiner,0.49374671501119066
6313,0.0021743637440841007,HOG8-ML04-H2-GPS-Sniper-Specialist-Refiner,Refiner,0.3315810302663828
6323,0.0021742181513602324,HOG8-ML04-H2-GPS-Sniper-Specialist-Polisher,Polisher,0.006695877093443003
6334,0.002169748441113521,HOG8-ML04-H2-GPS-Sniper-Specialist-Refiner,Refiner,0.20557781857882731
6343,0.0021694843155408705,HOG8-ML04-H2-GPS-Sniper-Specialist-Polisher,Polisher,0.012173096551002559
6354,0.002165149846905364,HOG8-ML04-H2-GPS-Sniper-Specialist-Refiner,Refiner,0.19979257763963224
6364,0.002161190463954592,HOG8-ML04-H2-GPS-Sniper-Specialist-Refiner,Refiner,0.1828687726362637
6373,0.0021585810764547914,HOG8-ML04-H2-GPS-Sniper-Specialist-Refiner,Refiner,0.12073843297577616
6388,0.002151584747722096,HOG8-ML04-H2-GPS-Sniper-Specialist-Refiner,Refiner,0.3241170234006777
6400,0.002147024587541158,HOG8-ML04-H2-GPS-Sniper-Specialist-Refiner,Refiner,0.21194425112771656
6410,0.0021344209185715853,HOG8-ML04-H2-GPS-Sniper-Specialist-Exploiter,Exploiter,0.5870295590795692
6419,0.0021311220205633493,HOG8-ML04-H2-GPS-Sniper-Specialist-Refiner,Refiner,0.15455705008943285
6430,0.0021224151237793963,HOG8-ML04-H2-GPS-Sniper-Specialist-Refiner,Refiner,0.4085592800383757
6439,0.002121126260703726,HOG8-ML04-H2-GPS-Sniper-Specialist-Refiner,Refiner,0.06072624818914808
6451,0.0021205409222220858,HOG8-ML04-H2-GPS-Sniper-Specialist-Polisher,Polisher,0.02759564541179568
6460,0.002112478760073937,HOG8-ML04-H2-GPS-Sniper-Specialist-Refiner,Refiner,0.38019366019593237
6464,0.002106010137610266,HOG8-ML04-H2-GPS-Sniper-Specialist-Refiner,Refiner,0.3062100592881152
6475,0.0021047618974105423,HOG8-ML04-H2-GPS-Sniper-Specialist-Refiner,Refiner,0.0592703794455582
6489,0.002100461444595716,HOG8-ML04-H2-GPS-Sniper-Specialist-Refiner,Refiner,0.2043201570741692
6495,0.0020799773487255053,HOG8-ML04-H2-GPS-Sniper-Specialist-Exploiter,Exploiter,0.9752188464546258
6509,0.0020725450685526656,HOG8-ML04-H2-GPS-Sniper-Specialist-Refiner,Refiner,0.35732505343838494
6519,0.002072059217662899,HOG8-ML04-H2-GPS-Sniper-Specialist-Polisher,Polisher,0.023442235208213896
6544,0.002067722957870018,HOG8-ML04-H2-GPS-Sniper-Specialist-Refiner,Refiner,0.20927296652131022
6568,0.002067434797276145,HOG8-ML04-H2-GPS-Sniper-Specialist-Polisher,Polisher,0.013936131664825959
6578,0.00206743412538544,HOG8-ML04-H2-GPS-Sniper-Specialist-Polisher,Polisher,3.249876157082411E-05
6584,0.0020660728267364644,HOG8-ML04-H2-GPS-Sniper-Specialist-Refiner,Refiner,0.06584483792060944
6594,0.0020654380085132354,HOG8-ML04-H1-GPS-Sniper-Specialist-Polisher,Polisher,0.030725839622591036
6599,0.002061047170772802,HOG8-ML04-H2-GPS-Sniper-Specialist-Refiner,Refiner,0.2125862757601742
6619,0.002053876591026392,HOG8-ML04-H2-GPS-Sniper-Specialist-Refiner,Refiner,0.3479095407467765
6640,0.002052487312711434,HOG8-ML04-H2-GPS-Sniper-Specialist-Refiner,Refiner,0.06764176197478806
6650,0.0020449921355134826,HOG8-ML04-H2-GPS-Sniper-Specialist-Refiner,Refiner,0.3651753241801948
6660,0.0020361671574994555,HOG8-ML04-H2-GPS-Sniper-Specialist-Refiner,Refiner,0.431540926772867
6669,0.002036114982493266,HOG8-ML04-H2-GPS-Sniper-Specialist-Polisher,Polisher,0.0025624127173177235
6679,0.002030737619429165,HOG8-ML04-H2-GPS-Sniper-Specialist-Refiner,Refiner,0.26409918449282316
6690,0.0020264843115325674,HOG8-ML04-H2-GPS-Sniper-Specialist-Refiner,Refiner,0.2094464521612203
6705,0.0020194336949872728,HOG8-ML04-H2-GPS-Sniper-Specialist-Refiner,Refiner,0.3479235691670593
6713,0.002010102822871192,HOG8-ML04-H2-GPS-Sniper-Specialist-Refiner,Refiner,0.46205389853810724
6754,0.0020064693799443827,HOG8-ML04-H2-GPS-Sniper-Specialist-Refiner,Refiner,0.18075905796795447
6760,0.0020064521805412483,HOG8-ML04-H2-GPS-Sniper-Specialist-Polisher,Polisher,0.0008571973889196108
6769,0.0020000068522162827,HOG8-ML04-H2-GPS-Sniper-Specialist-Refiner,Refiner,0.32123009895142257
6780,0.0019957376740910773,HOG8-ML04-H2-GPS-Sniper-Specialist-Refiner,Refiner,0.21345817492948127
6799,0.0019904975609726537,HOG8-ML04-H2-GPS-Sniper-Specialist-Refiner,Refiner,0.2625652252022602
6805,0.001989579427048549,HOG8-ML04-H1-GPS-Sniper-Specialist-Polisher,Polisher,0.046125850245009085
6809,0.0019865989504947853,HOG8-ML04-H2-GPS-Sniper-Specialist-Refiner,Refiner,0.1498043512736232
6815,0.001978806435694257,HOG8-ML04-H1-GPS-Sniper-Specialist-Refiner,Refiner,0.3922540479842346
6824,0.0019742627550622775,HOG8-ML04-H1-GPS-Sniper-Specialist-Refiner,Refiner,0.2296172354212879
6834,0.0019595063573244215,HOG8-ML04-H1-GPS-Sniper-Specialist-Exploiter,Exploiter,0.7474383893440012
6845,0.0019517288420417838,HOG8-ML04-H1-GPS-Sniper-Specialist-Refiner,Refiner,0.39691196987273236
6854,0.0019516785580918556,HOG8-ML04-H1-GPS-Sniper-Specialist-Polisher,Polisher,0.0025763799173842334
6865,0.0019474194868612388,HOG8-ML04-H1-GPS-Sniper-Specialist-Refiner,Refiner,0.21822606048308005
6879,0.001937307162751747,HOG8-ML04-H1-GPS-Sniper-Specialist-Exploiter,Exploiter,0.5192678915722604
6886,0.0019246111816538245,HOG8-ML04-H1-GPS-Sniper-Specialist-Exploiter,Exploiter,0.6553416692007293
6899,0.0019236010811889883,HOG8-ML04-H1-GPS-Sniper-Specialist-Refiner,Refiner,0.052483352194191965
6915,0.0019199662006454854,HOG8-ML04-H1-GPS-Sniper-Specialist-Refiner,Refiner,0.1889622842827758
6919,0.001919195762869542,HOG8-ML04-H1-GPS-Sniper-Specialist-Polisher,Polisher,0.040127673897826774
6940,0.0019152365716560086,HOG8-ML04-H1-GPS-Sniper-Specialist-Refiner,Refiner,0.20629428691597262
6949,0.0019147962970988057,HOG8-ML04-H1-GPS-Sniper-Specialist-Polisher,Polisher,0.022987998648241845
6959,0.0019048772747183248,HOG8-ML04-H1-GPS-Sniper-Specialist-Exploiter,Exploiter,0.5180197181031546
6969,0.001903455066709153,HOG8-ML04-H1-GPS-Sniper-Specialist-Refiner,Refiner,0.07466139829832838
6979,0.0019011878453667887,HOG8-ML04-H1-GPS-Sniper-Specialist-Refiner,Refiner,0.11911084122853179
6990,0.0019005251989413605,HOG8-ML04-H1-GPS-Sniper-Specialist-Polisher,Polisher,0.034854337357723475
7016,0.001900108499222353,HOG8-ML04-H1-GPS-Sniper-Specialist-Polisher,Polisher,0.02192550349974321
7024,0.0018987038513029136,HOG8-ML04-H1-GPS-Sniper-Specialist-Refiner,Refiner,0.07392461641081631
7033,0.0018948985845507567,HOG8-ML04-H1-GPS-Sniper-Specialist-Refiner,Refiner,0.20041391655395718
7045,0.0018940843556987733,HOG8-ML04-H1-GPS-Sniper-Specialist-Polisher,Polisher,0.04296952135707207
7065,0.00189363862525697,HOG8-ML04-H1-GPS-Sniper-Specialist-Polisher,Polisher,0.023532766133793206
7099,0.0018927683215264899,HOG8-ML04-H1-GPS-Sniper-Specialist-Polisher,Polisher,0.045959335581356696
7120,0.001888974970924951,HOG8-ML04-H1-GPS-Sniper-Specialist-Refiner,Refiner,0.20041283227308052
7126,0.0018824926289930787,HOG8-ML04-H1-GPS-Sniper-Specialist-Refiner,Refiner,0.34316716905455646
7150,0.0018664782074446391,HOG8-ML04-H1-GPS-Sniper-Specialist-Exploiter,Exploiter,0.850703014811031
7166,0.001858376565902876,HOG8-ML04-H1-GPS-Sniper-Specialist-Refiner,Refiner,0.4340603340263501
7200,0.0018359227559647075,HOG8-ML04-H1-GPS-Sniper-Specialist-Exploiter,Exploiter,1.2082486590794574
7219,0.0018307962058399718,HOG8-ML04-H1-GPS-Sniper-Specialist-Refiner,Refiner,0.27923561097982763
7228,0.0018150102859429919,HOG8-ML04-H1-GPS-Sniper-Specialist-Exploiter,Exploiter,0.862243424288577
7239,0.001797231437751708,HOG8-ML04-H1-GPS-Sniper-Specialist-Exploiter,Exploiter,0.9795453132678454
7248,0.001797226583512381,HOG8-ML04-H1-GPS-Sniper-Specialist-Polisher,Polisher,0.0002700953936672786
7259,0.0017961028395405447,HOG8-ML04-H1-GPS-Sniper-Specialist-Refiner,Refiner,0.0625265607656566
7265,0.0017958631012733172,HOG8-ML00-H2-GPS-GradientEstimation-Escape-Specialist-Polisher,Polisher,0.013347691565857741
7269,0.0017921942892580216,HOG8-ML04-H1-GPS-Sniper-Specialist-Refiner,Refiner,0.20429241030089
7280,0.0017912425884782854,HOG8-ML04-H1-GPS-Sniper-Specialist-Refiner,Refiner,0.053102545044390034
7288,0.0017822954485158752,HOG8-ML04-H1-GPS-Sniper-Specialist-Refiner,Refiner,0.49949348122696496
7301,0.0017733106044003038,HOG8-ML04-H1-GPS-Sniper-Specialist-Exploiter,Exploiter,0.5041164259861108
7320,0.0017721690232225626,HOG8-ML04-H1-GPS-Sniper-Specialist-Refiner,Refiner,0.06437570355179073
7335,0.0017702290727845574,HOG8-ML04-H1-GPS-Sniper-Specialist-Refiner,Refiner,0.10946757406229857
7351,0.0017698993729879813,HOG8-ML04-H1-GPS-Sniper-Specialist-Polisher,Polisher,0.01862469674941039
7365,0.0017670614691076138,HOG8-ML04-H1-GPS-Sniper-Specialist-Refiner,Refiner,0.16034266827139282
7376,0.0017663190810714674,HOG8-ML04-H1-GPS-Sniper-Specialist-Polisher,Polisher,0.04201257563050642
7394,0.0017638877065624592,HOG8-ML04-H1-GPS-Sniper-Specialist-Refiner,Refiner,0.1376520547767242
7403,0.0017606707822736133,HOG8-ML04-H1-GPS-Sniper-Specialist-Refiner,Refiner,0.18237693232270202
7420,0.001759758952466375,HOG8-ML04-H1-GPS-Sniper-Specialist-Refiner,Refiner,0.051788773711617934
7440,0.0017566579933279403,HOG8-ML04-H1-GPS-Sniper-Specialist-Refiner,Refiner,0.1762149943370704
7468,0.0017393758498268712,HOG8-ML04-H1-GPS-Sniper-Specialist-Exploiter,Exploiter,0.9838080927937788
7484,0.001733798890796216,HOG8-ML04-H1-GPS-Sniper-Specialist-Refiner,Refiner,0.3206298990071821
7494,0.001727714109546042,HOG8-ML04-H1-GPS-Sniper-Specialist-Refiner,Refiner,0.3509508099511916
7506,0.001719616538698676,HOG8-ML04-H1-GPS-Sniper-Specialist-Refiner,Refiner,0.4686869663577409
7515,0.00171834273906996,HOG8-ML04-H1-GPS-Sniper-Specialist-Refiner,Refiner,0.07407463234098843
7539,0.0017173233565099491,HOG8-ML04-H1-GPS-Sniper-Specialist-Refiner,Refiner,0.05932358759595518
7554,0.0017171920307922591,HOG8-ML04-H1-GPS-Sniper-Specialist-Polisher,Polisher,0.007647116496272818
7566,0.0017128210652279042,HOG8-ML04-H1-GPS-Sniper-Specialist-Refiner,Refiner,0.2545414540701227
7574,0.0017093805267948846,HOG8-ML04-H1-GPS-Sniper-Specialist-Refiner,Refiner,0.20086969403087673
7585,0.001707481200153948,HOG8-ML04-H1-GPS-Sniper-Specialist-Refiner,Refiner,0.11111198537506878
7595,0.0017014378440316656,HOG8-ML04-H1-GPS-Sniper-Specialist-Refiner,Refiner,0.35393397723719955
7608,0.0017013229062118438,HOG8-ML04-H1-GPS-Sniper-Specialist-Polisher,Polisher,0.006755334626242233
7619,0.0017012758021549348,HOG8-ML04-H1-GPS-Sniper-Specialist-Polisher,Polisher,0.0027686723511990744
7629,0.0016965370772424773,HOG8-ML04-H1-GPS-Sniper-Specialist-Refiner,Refiner,0.27853948821556146
7639,0.0016964627914375177,HOG8-ML04-H1-GPS-Sniper-Specialist-Polisher,Polisher,0.004378672647719779
7648,0.0016951683898275205,HOG8-ML04-H1-GPS-Sniper-Specialist-Refiner,Refiner,0.0763000294807749
7658,0.0016876339605910867,HOG8-ML04-H1-GPS-Sniper-Specialist-Refiner,Refiner,0.444464944110971
7675,0.0016819411021218433,HOG8-ML04-H1-GPS-Sniper-Specialist-Refiner,Refiner,0.3373277975070826
7679,0.001677068523739377,HOG8-ML04-H1-GPS-Sniper-Specialist-Refiner,Refiner,0.28969970329634287
7700,0.0016769358788735237,HOG8-ML04-H1-GPS-Sniper-Specialist-Polisher,Polisher,0.007909328925783846
7709,0.0016732197224328302,HOG8-ML04-H1-GPS-Sniper-Specialist-Refiner,Refiner,0.22160396754047595
7724,0.0016675191576226126,HOG8-ML04-H1-GPS-Sniper-Specialist-Refiner,Refiner,0.34069433522628784
7730,0.0016674576440573394,HOG8-ML04-H1-GPS-Sniper-Specialist-Polisher,Polisher,0.0036889270502230434
7740,0.001666315050590793,HOG8-ML04-H1-GPS-Sniper-Specialist-Refiner,Refiner,0.06852308786483322
7756,0.0016586674662219204,HOG8-ML04-H1-GPS-Sniper-Specialist-Refiner,Refiner,0.4589518870492845
7760,0.0016556402217198806,HOG8-ML04-H1-GPS-Sniper-Specialist-Refiner,Refiner,0.18251063360729983
7769,0.0016519342211207926,HOG8-ML04-H1-GPS-Sniper-Specialist-Refiner,Refiner,0.22384093781185616
7784,0.0016477696343375511,HOG8-ML04-H1-GPS-Sniper-Specialist-Refiner,Refiner,0.25210366914100685
7794,0.0016477683525628253,HOG8-ML04-H1-GPS-Sniper-Specialist-Polisher,Polisher,7.778846624822672E-05
7799,0.0016434952831208835,HOG8-ML04-H1-GPS-Sniper-Specialist-Refiner,Refiner,0.25932464568188196
7813,0.0016416788740683662,HOG8-ML04-H1-GPS-Sniper-Specialist-Refiner,Refiner,0.11052109921898111
7834,0.0016398691505900577,HOG8-ML04-H1-GPS-Sniper-Specialist-Refiner,Refiner,0.11023614343185587
7864,0.0016353567096247582,HOG8-ML04-H1-GPS-Sniper-Specialist-Refiner,Refiner,0.2751707941865911
7878,0.0016319267409079501,HOG8-ML04-H1-GPS-Sniper-Specialist-Refiner,Refiner,0.20973826056549294
7905,0.0016293193293354465,HOG8-ML04-H1-GPS-Sniper-Specialist-Refiner,Refiner,0.15977503812781474
7915,0.0016270473158125419,HOG8-ML04-H1-GPS-Sniper-Specialist-Refiner,Refiner,0.13944556367788685
7929,0.001625373624423592,HOG8-ML04-H1-GPS-Sniper-Specialist-Refiner,Refiner,0.10286679266693242
7945,0.001618646550379519,HOG8-ML04-H1-GPS-Sniper-Specialist-Refiner,Refiner,0.4138786272269426
7960,0.001617063604706845,HOG8-ML04-H1-GPS-Sniper-Specialist-Refiner,Refiner,0.09779439941985317
7990,0.0016103493983892453,HOG8-ML04-H1-GPS-Sniper-Specialist-Refiner,Refiner,0.41520978507317546
8000,0.001608477693619892,HOG8-ML04-H1-GPS-Sniper-Specialist-Refiner,Refiner,0.11622973071715825
8008,0.0016073096858328303,HOG8-ML04-H1-GPS-Sniper-Specialist-Refiner,Refiner,0.07261572800758846
8025,0.0016068245073599086,HOG8-ML04-H1-GPS-Sniper-Specialist-Polisher,Polisher,0.030185749342405893
8044,0.0016059766213374943,HOG8-ML04-H1-GPS-Sniper-Specialist-Refiner,Refiner,0.05276780497998565
8054,0.0016048075749810857,HOG8-ML04-H1-GPS-Sniper-Specialist-Refiner,Refiner,0.07279348533946818
8064,0.0016039421290488653,HOG8-ML04-H1-GPS-Sniper-Specialist-Refiner,Refiner,0.05392833045610908
8094,0.0016039278121328894,HOG8-ML04-H1-GPS-Sniper-Specialist-Polisher,Polisher,0.0008926080135059103
8095,0.0016026980894688564,HOG8-ML04-H2-GPS-Sniper-Specialist-Refiner,Refiner,0.07666945199969241
8106,0.0015993015086404458,HOG8-ML04-H1-GPS-Sniper-Specialist-Refiner,Refiner,0.21192892477561487
8115,0.0015988823256096103,HOG8-ML04-H1-GPS-Sniper-Specialist-Polisher,Polisher,0.026210381755459256
8122,0.0015974658387162008,HOG8-ML04-H2-GPS-Sniper-Specialist-Refiner,Refiner,0.08859231669030933
8135,0.001594410611908011,HOG8-ML04-H2-GPS-Sniper-Specialist-Refiner,Refiner,0.19125459425443786
8145,0.0015935019930886768,HOG8-ML04-H1-GPS-Sniper-Specialist-Refiner,Refiner,0.05698775538421387
8164,0.001591757756266417,HOG8-ML04-H1-GPS-Sniper-Specialist-Refiner,Refiner,0.10945934362334947
8174,0.0015839397117460437,HOG8-ML04-H1-GPS-Sniper-Specialist-Refiner,Refiner,0.4911579346540143
8193,0.001579199390583075,HOG8-ML04-H1-GPS-Sniper-Specialist-Refiner,Refiner,0.29927409028360036
8215,0.0015771423431197055,HOG8-ML04-H1-GPS-Sniper-Specialist-Refiner,Refiner,0.13025888153427345
8231,0.0015718071779804678,HOG8-ML04-H1-GPS-Sniper-Specialist-Refiner,Refiner,0.33828050857377956
8234,0.001570512296573311,HOG8-ML04-H1-GPS-Sniper-Specialist-Refiner,Refiner,0.08238169575102688
8250,0.0015700637884756518,HOG8-ML04-H1-GPS-Sniper-Specialist-Polisher,Polisher,0.028558076153744668
8255,0.0015689693891531445,HOG8-ML04-H1-GPS-Sniper-Specialist-Refiner,Refiner,0.0697041311658913
8260,0.00156891633893715,HOG8-ML04-H1-GPS-Sniper-Specialist-Polisher,Polisher,0.0033812142136851837
8270,0.0015625631026907204,HOG8-ML04-H1-GPS-Sniper-Specialist-Refiner,Refiner,0.40494423372081534
8325,0.0015624945070595862,HOG8-ML04-H1-GPS-Sniper-Specialist-Polisher,Polisher,0.004389943101569715
8340,0.00155145587502668,HOG8-ML04-H2-GPS-Sniper-Specialist-Exploiter,Exploiter,0.7064749337058112
8360,0.0015500186509891695,HOG8-ML04-H1-GPS-Sniper-Specialist-Refiner,Refiner,0.09263711979470889
8376,0.0015486003482846158,HOG8-ML04-H2-GPS-Sniper-Specialist-Refiner,Refiner,0.09150229925611389
8385,0.0015462186498952084,HOG8-ML04-H1-GPS-Sniper-Specialist-Refiner,Refiner,0.15379683932304275
8399,0.001544361445280661,HOG8-ML04-H2-GPS-Sniper-Specialist-Refiner,Refiner,0.1201126771219098
8410,0.00154274043636597,HOG8-ML04-H2-GPS-Sniper-Specialist-Refiner,Refiner,0.10496305250591695
8420,0.0015412174527064477,HOG8-ML04-H2-GPS-Sniper-Specialist-Refiner,Refiner,0.09871937129681463
8441,0.0015397355473945125,HOG8-ML04-H1-GPS-Sniper-Specialist-Refiner,Refiner,0.09615160465078708
8449,0.001537274604560864,HOG8-ML04-H1-GPS-Sniper-Specialist-Refiner,Refiner,0.15982892892307723
8460,0.001536239837996897,HOG8-ML04-H2-GPS-Sniper-Specialist-Refiner,Refiner,0.06731175815284099
8471,0.0015301902644232418,HOG8-ML04-H1-GPS-Sniper-Specialist-Refiner,Refiner,0.3937909578977676
8554,0.0015294724976030406,HOG8-ML04-H1-GPS-Sniper-Specialist-Polisher,Polisher,0.04690703090257531
8585,0.0015270223421834533,HOG8-ML04-H1-GPS-Sniper-Specialist-Refiner,Refiner,0.16019610835939646
8594,0.00152702233419874,HOG8-ML04-H1-GPS-Sniper-Specialist-Polisher,Polisher,5.22894338042604E-07
8604,0.0015235876083656117,HOG8-ML04-H1-GPS-Sniper-Specialist-Refiner,Refiner,0.22492963961332893
8615,0.0015205196308289664,HOG8-ML04-H1-GPS-Sniper-Specialist-Refiner,Refiner,0.20136535108317785
8624,0.001519110026374708,HOG8-ML04-H1-GPS-Sniper-Specialist-Refiner,Refiner,0.09270544264463236
8646,0.0015174073033549377,HOG8-ML04-H1-GPS-Sniper-Specialist-Refiner,Refiner,0.112086879173179
8656,0.0015171636218015857,HOG8-ML04-H1-GPS-Sniper-Specialist-Polisher,Polisher,0.01605907344805903
8666,0.0015121641563299155,HOG8-ML04-H1-GPS-Sniper-Specialist-Refiner,Refiner,0.3295271122921797
8677,0.0015108731493190062,HOG8-ML04-H1-GPS-Sniper-Specialist-Refiner,Refiner,0.0853747925121168
8699,0.0015085762362090564,HOG8-ML04-H1-GPS-Sniper-Specialist-Refiner,Refiner,0.15202554304344287
8706,0.0015030506861042686,HOG8-ML04-H1-GPS-Sniper-Specialist-Refiner,Refiner,0.36627582830504707
8721,0.0015028210630196718,HOG8-ML04-H1-GPS-Sniper-Specialist-Polisher,Polisher,0.015277135143852393
8740,0.0015024321096057166,HOG8-ML04-H1-GPS-Sniper-Specialist-Polisher,Polisher,0.025881551937640954
8750,0.0015022544332099481,HOG8-ML04-H1-GPS-Sniper-Specialist-Polisher,Polisher,0.011825918431355437
8763,0.0015006691575759372,HOG8-ML04-H1-GPS-Sniper-Specialist-Refiner,Refiner,0.10552644072573149
8801,0.0015000041359130713,HOG8-ML04-H1-GPS-Sniper-Specialist-Polisher,Polisher,0.04431500837533857
8810,0.0014986183023435,HOG8-ML04-H1-GPS-Sniper-Specialist-Refiner,Refiner,0.09238864989713275
8821,0.001498556181922997,HOG8-ML04-H1-GPS-Sniper-Specialist-Polisher,Polisher,0.0041451796235214035
8825,0.001498509273072529,HOG8-ML04-H1-GPS-Sniper-Specialist-Polisher,Polisher,0.003130269724531556
8843,0.0014957360321854228,HOG8-ML04-H1-GPS-Sniper-Specialist-Refiner,Refiner,0.18506664836447828
8846,0.0014955802813581684,HOG8-ML04-H1-GPS-Sniper-Specialist-Polisher,Polisher,0.010412988916695112
8856,0.0014953164925823477,HOG8-ML04-H1-GPS-Sniper-Specialist-Polisher,Polisher,0.017637888056471384
8871,0.0014947471463982202,HOG8-ML04-H1-GPS-Sniper-Specialist-Polisher,Polisher,0.03807529623005172
8880,0.0014944019746086603,HOG8-ML04-H1-GPS-Sniper-Specialist-Polisher,Polisher,0.023092319687088553
8890,0.001493523728603801,HOG8-ML04-H1-GPS-Sniper-Specialist-Refiner,Refiner,0.05876906078695538
8910,0.0014890815462565948,HOG8-ML04-H1-GPS-Sniper-Specialist-Refiner,Refiner,0.2974296465553283
8919,0.0014786718954325339,HOG8-ML04-H1-GPS-Sniper-Specialist-Exploiter,Exploiter,0.6990651956052903
8940,0.0014694820343695875,HOG8-ML04-H1-GPS-Sniper-Specialist-Exploiter,Exploiter,0.621494267344426
8949,0.001462542175206478,HOG8-ML04-H1-GPS-Sniper-Specialist-Refiner,Refiner,0.47226566918095475
8970,0.0014615847709243599,HOG8-ML04-H1-GPS-Sniper-Specialist-Refiner,Refiner,0.06546165289100352
9002,0.00145395746075174,HOG8-ML04-H1-GPS-Sniper-Specialist-Exploiter,Exploiter,0.5218520556830973
9014,0.00145283342309627,HOG8-ML04-H1-GPS-Sniper-Specialist-Refiner,Refiner,0.07730884058250646
9026,0.0014495481379087716,HOG8-ML04-H1-GPS-Sniper-Specialist-Refiner,Refiner,0.2261295159700295
9045,0.0014478931647072854,HOG8-ML02-H1-GPS-GradientEstimation-Escape-Specialist-Refiner,Refiner,0.11417166206524246
9056,0.0014436144792156235,HOG8-ML04-H1-GPS-Sniper-Specialist-Refiner,Refiner,0.29551113272413576
9064,0.0014416251193532913,HOG8-ML04-H1-GPS-Sniper-Specialist-Refiner,Refiner,0.13780409458161533
9074,0.0014373255014205359,HOG8-ML04-H1-GPS-Sniper-Specialist-Refiner,Refiner,0.29824798937217817
9086,0.001436803072632717,HOG8-ML04-H1-GPS-Sniper-Specialist-Polisher,Polisher,0.036347284404436526
9104,0.001429893768561108,HOG8-ML04-H1-GPS-Sniper-Specialist-Refiner,Refiner,0.48088037972725495
9129,0.0014295555351443961,HOG8-ML00-H2-GPS-GradientEstimation-Escape-Specialist-Polisher,Polisher,0.023654443718026684
9144,0.0014257395594280112,HOG8-ML04-H1-GPS-Sniper-Specialist-Refiner,Refiner,0.2669344158077445
9154,0.001425494590622656,HOG8-ML04-H1-GPS-Sniper-Specialist-Polisher,Polisher,0.017181876152288562
9163,0.0014240157036273383,HOG8-ML04-H1-GPS-Sniper-Specialist-Refiner,Refiner,0.10374553541250418
9194,0.0014237006433710925,HOG8-ML04-H1-GPS-Sniper-Specialist-Polisher,Polisher,0.022124774006584337
9205,0.0014146887367312859,HOG8-ML04-H1-GPS-Sniper-Specialist-Exploiter,Exploiter,0.6329916813458661
9290,0.001410391939185874,HOG8-ML04-H1-GPS-Sniper-Specialist-Refiner,Refiner,0.3037274160632566
9304,0.001409212523209952,HOG8-ML04-H1-GPS-Sniper-Specialist-Refiner,Refiner,0.08362327826424734
9336,0.0014054165244802438,HOG8-ML04-H1-GPS-Sniper-Specialist-Refiner,Refiner,0.2693702097581186
9344,0.0014048387262956263,HOG8-ML04-H1-GPS-Sniper-Specialist-Polisher,Polisher,0.04111223787062906
9355,0.001399374261821243,HOG8-ML04-H1-GPS-Sniper-Specialist-Refiner,Refiner,0.38897450448226534
9384,0.001399134129802281,HOG8-ML04-H1-GPS-Sniper-Specialist-Polisher,Polisher,0.017159956811662363
9393,0.0013988766703579851,HOG8-ML04-H1-GPS-Sniper-Specialist-Polisher,Polisher,0.01840134114462474
9408,0.0013968401126915877,HOG8-ML04-H1-GPS-Sniper-Specialist-Refiner,Refiner,0.14558521916562
9465,0.0013944866251807992,HOG8-ML04-H1-GPS-Sniper-Specialist-Refiner,Refiner,0.16848653538833305
9509,0.0013943659148839898,HOG8-ML04-H1-GPS-Sniper-Specialist-Polisher,Polisher,0.008656253464870726
9520,0.0013930475170124076,HOG8-ML04-H1-GPS-Sniper-Specialist-Refiner,Refiner,0.09455178569047831
9530,0.001392505422780146,HOG8-ML04-H1-GPS-Sniper-Specialist-Polisher,Polisher,0.038914267147484714
9540,0.0013920710060214675,HOG8-ML04-H1-GPS-Sniper-Specialist-Polisher,Polisher,0.031196773209769227
9554,0.0013881873342611096,HOG8-ML04-H1-GPS-Sniper-Specialist-Refiner,Refiner,0.2789851770174754
9574,0.001384882724884933,HOG8-ML04-H1-GPS-Sniper-Specialist-Refiner,Refiner,0.2380521198124613
9581,0.001384748235375939,HOG8-ML04-H1-GPS-Sniper-Specialist-Polisher,Polisher,0.009711256164669268
9595,0.0013827405195731672,HOG8-ML04-H1-GPS-Sniper-Specialist-Refiner,Refiner,0.1449877856119353
9621,0.0013799162330541915,HOG8-ML04-H1-GPS-Sniper-Specialist-Refiner,Refiner,0.20425282104609738
9634,0.0013794219090877706,HOG8-ML04-H1-GPS-Sniper-Specialist-Polisher,Polisher,0.035822751742461974
9654,0.001376792344408666,HOG8-ML04-H1-GPS-Sniper-Specialist-Refiner,Refiner,0.19062802046137753
9661,0.001375336419656477,HOG8-ML04-H1-GPS-Sniper-Specialist-Refiner,Refiner,0.10574759208255606
9676,0.0013737869372136822,HOG8-ML04-H1-GPS-Sniper-Specialist-Refiner,Refiner,0.11266206730580967
9685,0.0013733728094896822,HOG8-ML04-H1-GPS-Sniper-Specialist-Polisher,Polisher,0.030144974652324494
9694,0.0013733335088631233,HOG8-ML04-H1-GPS-Sniper-Specialist-Polisher,Polisher,0.002861613852212375
9703,0.0013672829614614832,HOG8-ML04-H1-GPS-Sniper-Specialist-Refiner,Refiner,0.44057378361421634
9714,0.0013664374439855632,HOG8-ML04-H1-GPS-Sniper-Specialist-Refiner,Refiner,0.0618392461364522
9734,0.0013661118275049493,HOG8-ML04-H1-GPS-Sniper-Specialist-Polisher,Polisher,0.023829592935058284
9744,0.001365765085203989,HOG8-ML04-H1-GPS-Sniper-Specialist-Polisher,Polisher,0.025381692331410043
9756,0.0013631374533496696,HOG8-ML04-H1-GPS-Sniper-Specialist-Refiner,Refiner,0.19239266567770658
9780,0.001361579055064707,HOG8-ML04-H1-GPS-Sniper-Specialist-Refiner,Refiner,0.11432436847311758
9795,0.0013560031567710958,HOG8-ML04-H1-GPS-Sniper-Specialist-Refiner,Refiner,0.4095170436758984
9805,0.0013531394993425328,HOG8-ML04-H1-GPS-Sniper-Specialist-Refiner,Refiner,0.21118368451161879
9821,0.0013526318302776365,HOG8-ML04-H1-GPS-Sniper-Specialist-Polisher,Polisher,0.0375178660546741
9824,0.0013512246325589504,HOG8-ML04-H1-GPS-Sniper-Specialist-Refiner,Refiner,0.10403405325729687
9836,0.0013454255243385159,HOG8-ML04-H1-GPS-Sniper-Specialist-Refiner,Refiner,0.4291742528000041
9844,0.001345253964423293,HOG8-ML04-H1-GPS-Sniper-Specialist-Polisher,Polisher,0.012751349823487284
9860,0.0013430105274310528,HOG8-ML04-H1-GPS-Sniper-Specialist-Refiner,Refiner,0.16676680028978563
9866,0.001342463678347884,HOG8-ML04-H1-GPS-Sniper-Specialist-Polisher,Polisher,0.040718153134267916
9874,0.0013417718152836887,HOG8-ML04-H1-GPS-Sniper-Specialist-Refiner,Refiner,0.05153681811688138
9885,0.0013372783752003594,HOG8-ML04-H1-GPS-Sniper-Specialist-Refiner,Refiner,0.33488854305523436
9894,0.0013357020680651876,HOG8-ML04-H1-GPS-Sniper-Specialist-Refiner,Refiner,0.11787427093746293
9904,0.0013349134965678587,HOG8-ML04-H1-GPS-Sniper-Specialist-Refiner,Refiner,0.05903797831736278
9914,0.001330773414055173,HOG8-ML04-H1-GPS-Sniper-Specialist-Refiner,Refiner,0.31013863619854265
9926,0.0013225840137463963,HOG8-ML04-H1-GPS-Sniper-Specialist-Exploiter,Exploiter,0.6153865280357245
9941,0.0013218813391502617,HOG8-ML04-H1-GPS-Sniper-Specialist-Refiner,Refiner,0.053128919511447145
9950,0.0013214608313121346,HOG8-ML04-H1-GPS-Sniper-Specialist-Polisher,Polisher,0.03181131510619858
9960,0.0013170183143050506,HOG8-ML04-H1-GPS-Sniper-Specialist-Refiner,Refiner,0.336182269032734
9971,0.0013163649720520183,HOG8-ML04-H1-GPS-Sniper-Specialist-Polisher,Polisher,0.049607681680346905
9981,0.0013152206682101797,HOG8-ML04-H1-GPS-Sniper-Specialist-Refiner,Refiner,0.08692907105047314
10001,0.0013141957149345063,HOG8-ML04-H1-GPS-Sniper-Specialist-Refiner,Refiner,0.0779301375386785
10005,0.0013107367795958385,HOG8-ML04-H1-GPS-Sniper-Specialist-Refiner,Refiner,0.26319788592829524
10014,0.0013031363541645296,HOG8-ML04-H1-GPS-Sniper-Specialist-Exploiter,Exploiter,0.5798590189597352
10024,0.001300283956265792,HOG8-ML04-H1-GPS-Sniper-Specialist-Refiner,Refiner,0.21888714021537445
10035,0.0012934400360080987,HOG8-ML04-H1-GPS-Sniper-Specialist-Exploiter,Exploiter,0.5263404370033076
10045,0.0012907347560884084,HOG8-ML04-H1-GPS-Sniper-Specialist-Refiner,Refiner,0.2091538721840936
10054,0.0012862232277765383,HOG8-ML04-H1-GPS-Sniper-Specialist-Refiner,Refiner,0.3495317911437072
10064,0.001279301615235668,HOG8-ML04-H1-GPS-Sniper-Specialist-Exploiter,Exploiter,0.538134624798797
10074,0.0012763697324279554,HOG8-ML04-H1-GPS-Sniper-Specialist-Refiner,Refiner,0.22917838708212188
10084,0.0012760790440383629,HOG8-ML04-H1-GPS-Sniper-Specialist-Polisher,Polisher,0.02277462260402891
10094,0.0012693268115292436,HOG8-ML04-H1-GPS-Sniper-Specialist-Exploiter,Exploiter,0.5291390482952112
10104,0.0012632700149307575,HOG8-ML04-H1-GPS-Sniper-Specialist-Refiner,Refiner,0.4771660492374764
10115,0.001255678589634262,HOG8-ML04-H1-GPS-Sniper-Specialist-Exploiter,Exploiter,0.6009344959328857
10124,0.001250526507108895,HOG8-ML04-H1-GPS-Sniper-Specialist-Refiner,Refiner,0.41030264973042335
10133,0.001243329807125452,HOG8-ML04-H1-GPS-Sniper-Specialist-Exploiter,Exploiter,0.5754935974992796
10144,0.0012403273704967891,HOG8-ML04-H1-GPS-Sniper-Specialist-Refiner,Refiner,0.24148352363597467
10153,0.0012342707530707156,HOG8-ML04-H1-GPS-Sniper-Specialist-Refiner,Refiner,0.4883079717613322
10165,0.0012319051499609136,HOG8-ML04-H1-GPS-Sniper-Specialist-Refiner,Refiner,0.19165998253759287
10174,0.0012302218881166975,HOG8-ML04-H1-GPS-Sniper-Specialist-Refiner,Refiner,0.1366389160942768
10183,0.0012258137675496127,HOG8-ML04-H1-GPS-Sniper-Specialist-Refiner,Refiner,0.35831914629912776
10194,0.0012145935912241132,HOG8-ML04-H1-GPS-Sniper-Specialist-Exploiter,Exploiter,0.9153247110226616
10205,0.0012139791611962764,HOG8-ML04-H1-GPS-Sniper-Specialist-Refiner,Refiner,0.05058729374799115
10214,0.0012084055659507388,HOG8-ML04-H1-GPS-Sniper-Specialist-Refiner,Refiner,0.4591178682214987
10225,0.0011942915977859545,HOG8-ML04-H1-GPS-Sniper-Specialist-Exploiter,Exploiter,1.1679827172659398
10235,0.0011928187230630942,HOG8-ML04-H1-GPS-Sniper-Specialist-Refiner,Refiner,0.1233262233101872
10244,0.0011798059192529165,HOG8-ML04-H1-GPS-Sniper-Specialist-Exploiter,Exploiter,1.0909288694564998
10255,0.0011715008474584372,HOG8-ML04-H1-GPS-Sniper-Specialist-Exploiter,Exploiter,0.703935423526127
10265,0.0011666343969282994,HOG8-ML04-H1-GPS-Sniper-Specialist-Refiner,Refiner,0.4154030738172765
10280,0.0011593355253779161,HOG8-ML04-H1-GPS-Sniper-Specialist-Exploiter,Exploiter,0.6256348663815253
10300,0.001156069991353317,HOG8-ML04-H1-GPS-Sniper-Specialist-Refiner,Refiner,0.28167290254775057
10311,0.0011556078090338739,HOG8-ML04-H1-GPS-Sniper-Specialist-Polisher,Polisher,0.03997874894253093
10321,0.0011537435910343998,HOG8-ML04-H1-GPS-Sniper-Specialist-Refiner,Refiner,0.16131926289357326
10331,0.001152618431014897,HOG8-ML04-H1-GPS-Sniper-Specialist-Refiner,Refiner,0.09752253691776737
10341,0.001148235780914128,HOG8-ML04-H1-GPS-Sniper-Specialist-Refiner,Refiner,0.3802342547056151
10351,0.0011300174610916701,HOG8-ML04-H1-GPS-Sniper-Specialist-Exploiter,Exploiter,1.586635787290471
10359,0.0011248351699564203,HOG8-ML04-H1-GPS-Sniper-Specialist-Refiner,Refiner,0.4586027485135881
10371,0.001119877372565122,HOG8-ML04-H1-GPS-Sniper-Specialist-Refiner,Refiner,0.44075767932206
10381,0.0011137075908209634,HOG8-ML04-H1-GPS-Sniper-Specialist-Exploiter,Exploiter,0.5509336910724905
10391,0.0011087796418426119,HOG8-ML04-H1-GPS-Sniper-Specialist-Refiner,Refiner,0.44248140346415876
10400,0.0011052496122292556,HOG8-ML04-H1-GPS-Sniper-Specialist-Refiner,Refiner,0.31837070957489694
10413,0.001100422223229529,HOG8-ML04-H1-GPS-Sniper-Specialist-Refiner,Refiner,0.4367691195104631
10421,0.0010977082966290197,HOG8-ML04-H1-GPS-Sniper-Specialist-Refiner,Refiner,0.2466259353200323
10431,0.0010954270593331716,HOG8-ML04-H1-GPS-Sniper-Specialist-Refiner,Refiner,0.20781817016903817
10441,0.0010884731656452358,HOG8-ML04-H1-GPS-Sniper-Specialist-Exploiter,Exploiter,0.634811202506619
10451,0.001083070910995268,HOG8-ML04-H1-GPS-Sniper-Specialist-Refiner,Refiner,0.4963149134471709
10461,0.0010774756566020035,HOG8-ML04-H1-GPS-Sniper-Specialist-Exploiter,Exploiter,0.5166101624982963
10470,0.0010701181223461995,HOG8-ML04-H1-GPS-Sniper-Specialist-Exploiter,Exploiter,0.6828492329012075
10480,0.0010574730298121885,HOG8-ML04-H1-GPS-Sniper-Specialist-Exploiter,Exploiter,1.1816539006261313
10490,0.0010554404442914406,HOG8-ML04-H1-GPS-Sniper-Specialist-Refiner,Refiner,0.192211570739434
10500,0.0010544197876596107,HOG8-ML04-H1-GPS-Sniper-Specialist-Refiner,Refiner,0.09670433204926852
10000,0.0010544197876596107,Final,Final,0
