TimeMs,BestQuality,Source,Role,DeltaPct
10,1483953.808113357,HOG8-ML06-H2-GPS-Spray-Specialist-Global Explorer,Global Explorer,100
10,848261.2880052363,HOG8-ML05-H1-GPS-JADE-Specialist-Local Explorer,Local Explorer,42.83775658194619
10,561484.2105311763,HOG8-ML03-H2-GPS-JADE-Specialist-Local Explorer,Local Explorer,33.807634691009234
21,60.24892601798819,HOG8-ML06-H2-GPS-Spray-Specialist-Global Explorer,Global Explorer,99.98926970253339
21,35.89550940158391,HOG8-ML00-H1-GPS-GradientEstimation-Escape-Specialist-Local Explorer,Local Explorer,40.421329019430516
22,32.97917238227828,HOG8-ML06-H1-GPS-Spray-Specialist-Local Explorer,Local Explorer,8.124517712449416
27,27.455805117011394,HOG8-ML01-H2-GPS-GradientEstimation-Escape-Specialist-Local Explorer,Local Explorer,16.74804692259326
38,26.14862330061892,HOG8-ML01-H2-GPS-GradientEstimation-Escape-Specialist-Exploiter,Exploiter,4.761039826810819
43,26.138828404378433,HOG8-ML00-H1-GPS-GradientEstimation-Escape-Specialist-Polisher,Polisher,0.03745855423391964
46,25.702497284449056,HOG8-ML01-H2-GPS-GradientEstimation-Escape-Specialist-Exploiter,Exploiter,1.669283386306209
56,25.04467405798388,HOG8-ML01-H2-GPS-GradientEstimation-Escape-Specialist-Exploiter,Exploiter,2.5593747532975444
67,24.584749613726952,HOG8-ML01-H2-GPS-GradientEstimation-Escape-Specialist-Exploiter,Exploiter,1.8364161705283204
79,24.342743034924585,HOG8-ML01-H2-GPS-GradientEstimation-Escape-Specialist-Exploiter,Exploiter,0.9843768295579582
89,24.056375916493256,HOG8-ML01-H2-GPS-GradientEstimation-Escape-Specialist-Exploiter,Exploiter,1.1763962591252657
99,23.81696093623064,HOG8-ML01-H2-GPS-GradientEstimation-Escape-Specialist-Exploiter,Exploiter,0.9952246385477833
109,23.628840813668344,HOG8-ML01-H2-GPS-GradientEstimation-Escape-Specialist-Exploiter,Exploiter,0.7898577953164688
121,23.357475789467866,HOG8-ML01-H2-GPS-GradientEstimation-Escape-Specialist-Exploiter,Exploiter,1.148448315092561
135,23.13963606131151,HOG8-ML01-H2-GPS-GradientEstimation-Escape-Specialist-Exploiter,Exploiter,0.9326338604387314
148,22.880126195043733,HOG8-ML01-H2-GPS-GradientEstimation-Escape-Specialist-Exploiter,Exploiter,1.1214950208385799
158,22.64208813546919,HOG8-ML01-H2-GPS-GradientEstimation-Escape-Specialist-Exploiter,Exploiter,1.040370396322839
165,22.53979674577103,HOG8-ML01-H1-GPS-GradientEstimation-Escape-Specialist-Refiner,Refiner,0.4517754240957932
172,22.379694664379375,HOG8-ML01-H2-GPS-GradientEstimation-Escape-Specialist-Exploiter,Exploiter,0.7103084521899914
178,22.32571929824201,HOG8-ML01-H1-GPS-GradientEstimation-Escape-Specialist-Refiner,Refiner,0.2411800828689368
180,22.167962468094256,HOG8-ML01-H2-GPS-GradientEstimation-Escape-Specialist-Exploiter,Exploiter,0.7066147703477411
187,22.087266476810854,HOG8-ML01-H1-GPS-GradientEstimation-Escape-Specialist-Refiner,Refiner,0.36402078630160967
190,21.928532433422323,HOG8-ML01-H2-GPS-GradientEstimation-Escape-Specialist-Exploiter,Exploiter,0.7186676701491505
198,21.884370367128746,HOG8-ML01-H1-GPS-GradientEstimation-Escape-Specialist-Refiner,Refiner,0.20139088845848785
202,21.725876818984933,HOG8-ML01-H2-GPS-GradientEstimation-Escape-Specialist-Exploiter,Exploiter,0.7242317027401303
211,21.532417985094515,HOG8-ML01-H2-GPS-GradientEstimation-Escape-Specialist-Exploiter,Exploiter,0.8904535154197585
221,21.43442513402787,HOG8-ML01-H1-GPS-GradientEstimation-Escape-Specialist-Refiner,Refiner,0.4550945051061157
222,21.289530360829243,HOG8-ML01-H2-GPS-GradientEstimation-Escape-Specialist-Exploiter,Exploiter,0.6759909458388066
232,21.282054275861398,HOG8-ML01-H1-GPS-GradientEstimation-Escape-Specialist-Polisher,Polisher,0.03511625123304786
237,21.14341580978631,HOG8-ML01-H2-GPS-GradientEstimation-Escape-Specialist-Exploiter,Exploiter,0.651433664617315
247,20.897357540684784,HOG8-ML01-H2-GPS-GradientEstimation-Escape-Specialist-Exploiter,Exploiter,1.1637583601209591
257,20.664863083190188,HOG8-ML01-H2-GPS-GradientEstimation-Escape-Specialist-Exploiter,Exploiter,1.1125543363171906
268,20.47479996216811,HOG8-ML01-H2-GPS-GradientEstimation-Escape-Specialist-Exploiter,Exploiter,0.9197405289207295
277,20.285191456518564,HOG8-ML01-H2-GPS-GradientEstimation-Escape-Specialist-Exploiter,Exploiter,0.9260579150950943
286,20.23706302820981,HOG8-ML01-H1-GPS-GradientEstimation-Escape-Specialist-Refiner,Refiner,0.2372589305450607
291,20.056088655099533,HOG8-ML01-H2-GPS-GradientEstimation-Escape-Specialist-Exploiter,Exploiter,0.8942719250219527
297,19.99999905932355,HOG8-ML01-H1-GPS-GradientEstimation-Escape-Specialist-Refiner,Refiner,0.2796636808928431
302,19.835423694435352,HOG8-ML01-H2-GPS-GradientEstimation-Escape-Specialist-Exploiter,Exploiter,0.82287686314403
311,19.776392475744117,HOG8-ML01-H1-GPS-GradientEstimation-Escape-Specialist-Refiner,Refiner,0.2976050302761903
313,19.64256233191124,HOG8-ML01-H2-GPS-GradientEstimation-Escape-Specialist-Exploiter,Exploiter,0.6767166660806379
322,19.582883693487762,HOG8-ML01-H1-GPS-GradientEstimation-Escape-Specialist-Refiner,Refiner,0.30382308282928966
327,19.464538273794698,HOG8-ML01-H2-GPS-GradientEstimation-Escape-Specialist-Exploiter,Exploiter,0.6043309123692516
338,19.276464581448447,HOG8-ML01-H2-GPS-GradientEstimation-Escape-Specialist-Exploiter,Exploiter,0.9662376250632989
347,19.140292749005187,HOG8-ML01-H2-GPS-GradientEstimation-Escape-Specialist-Exploiter,Exploiter,0.7064149749446851
358,18.939651543271744,HOG8-ML01-H2-GPS-GradientEstimation-Escape-Specialist-Exploiter,Exploiter,1.0482661282381482
371,18.72279219389651,HOG8-ML01-H2-GPS-GradientEstimation-Escape-Specialist-Exploiter,Exploiter,1.145001790976839
381,18.543665086215377,HOG8-ML01-H2-GPS-GradientEstimation-Escape-Specialist-Exploiter,Exploiter,0.9567328730995946
389,18.392171371709665,HOG8-ML01-H2-GPS-GradientEstimation-Escape-Specialist-Exploiter,Exploiter,0.8169567008537391
400,18.207689763765693,HOG8-ML01-H2-GPS-GradientEstimation-Escape-Specialist-Exploiter,Exploiter,1.0030441986188587
404,18.177265849453292,HOG8-ML01-H1-GPS-GradientEstimation-Escape-Specialist-Refiner,Refiner,0.16709376481658886
410,18.022130891703622,HOG8-ML01-H2-GPS-GradientEstimation-Escape-Specialist-Exploiter,Exploiter,0.8534559544571771
412,17.99147043555411,HOG8-ML01-H1-GPS-GradientEstimation-Escape-Specialist-Refiner,Refiner,0.17012669774597203
421,17.805730562239617,HOG8-ML01-H2-GPS-GradientEstimation-Escape-Specialist-Exploiter,Exploiter,1.0323773922749528
424,17.774699558255996,HOG8-ML01-H1-GPS-GradientEstimation-Escape-Specialist-Refiner,Refiner,0.17427537654325775
434,17.593234407431435,HOG8-ML01-H2-GPS-GradientEstimation-Escape-Specialist-Exploiter,Exploiter,1.0209182452272398
437,17.549916969289903,HOG8-ML01-H1-GPS-GradientEstimation-Escape-Specialist-Refiner,Refiner,0.24621645536215092
446,17.372212370132942,HOG8-ML01-H1-GPS-GradientEstimation-Escape-Specialist-Exploiter,Exploiter,1.01256660910659
452,17.2724383805541,HOG8-ML01-H2-GPS-GradientEstimation-Escape-Specialist-Exploiter,Exploiter,0.5743309340978269
462,17.18984485519874,HOG8-ML01-H1-GPS-GradientEstimation-Escape-Specialist-Refiner,Refiner,0.4781810392697469
464,17.080736170659968,HOG8-ML01-H2-GPS-GradientEstimation-Escape-Specialist-Exploiter,Exploiter,0.6347275700151163
470,17.00922850631187,HOG8-ML01-H1-GPS-GradientEstimation-Escape-Specialist-Refiner,Refiner,0.41864509605228595
476,16.907371130719795,HOG8-ML01-H2-GPS-GradientEstimation-Escape-Specialist-Exploiter,Exploiter,0.5988359528139549
484,16.824457469128127,HOG8-ML01-H1-GPS-GradientEstimation-Escape-Specialist-Refiner,Refiner,0.4903994887828446
487,16.72125869105885,HOG8-ML01-H2-GPS-GradientEstimation-Escape-Specialist-Exploiter,Exploiter,0.6133854732530957
491,16.648587320708582,HOG8-ML01-H1-GPS-GradientEstimation-Escape-Specialist-Refiner,Refiner,0.4346046651926158
496,16.54438510149109,HOG8-ML01-H2-GPS-GradientEstimation-Escape-Specialist-Exploiter,Exploiter,0.6258922586655611
508,16.461133642492012,HOG8-ML01-H1-GPS-GradientEstimation-Escape-Specialist-Exploiter,Exploiter,0.5032006840289047
516,16.293001831712633,HOG8-ML01-H2-GPS-GradientEstimation-Escape-Specialist-Exploiter,Exploiter,1.0213865850974617
526,16.124739380485178,HOG8-ML01-H2-GPS-GradientEstimation-Escape-Specialist-Exploiter,Exploiter,1.0327283637810092
537,15.936835374428016,HOG8-ML01-H2-GPS-GradientEstimation-Escape-Specialist-Exploiter,Exploiter,1.1653149959407758
548,15.778734592141168,HOG8-ML01-H1-GPS-GradientEstimation-Escape-Specialist-Exploiter,Exploiter,0.9920462787771139
556,15.756604928162488,HOG8-ML01-H2-GPS-GradientEstimation-Escape-Specialist-Refiner,Refiner,0.14024992846829215
561,15.647539130452818,HOG8-ML01-H2-GPS-GradientEstimation-Escape-Specialist-Exploiter,Exploiter,0.6921909777323404
570,15.44147551494283,HOG8-ML01-H2-GPS-GradientEstimation-Escape-Specialist-Exploiter,Exploiter,1.316907494475938
580,15.22624060862691,HOG8-ML01-H1-GPS-GradientEstimation-Escape-Specialist-Exploiter,Exploiter,1.3938752556880738
593,15.009546873848207,HOG8-ML01-H1-GPS-GradientEstimation-Escape-Specialist-Exploiter,Exploiter,1.4231597959638724
603,14.826476200089903,HOG8-ML01-H1-GPS-GradientEstimation-Escape-Specialist-Exploiter,Exploiter,1.2196948735159707
614,14.61481777144256,HOG8-ML01-H1-GPS-GradientEstimation-Escape-Specialist-Exploiter,Exploiter,1.4275706903711878
627,14.438162702338055,HOG8-ML01-H1-GPS-GradientEstimation-Escape-Specialist-Exploiter,Exploiter,1.208739457906143
636,14.254337214233233,HOG8-ML01-H1-GPS-GradientEstimation-Escape-Specialist-Exploiter,Exploiter,1.2731916927009919
648,14.033345303610117,HOG8-ML01-H1-GPS-GradientEstimation-Escape-Specialist-Exploiter,Exploiter,1.5503485521757647
659,13.822931592625153,HOG8-ML01-H1-GPS-GradientEstimation-Escape-Specialist-Exploiter,Exploiter,1.4993838349494235
671,13.640803655232727,HOG8-ML01-H1-GPS-GradientEstimation-Escape-Specialist-Exploiter,Exploiter,1.3175782298567957
687,13.469303598012603,HOG8-ML01-H1-GPS-GradientEstimation-Escape-Specialist-Exploiter,Exploiter,1.2572577214271015
696,13.296899749902385,HOG8-ML01-H1-GPS-GradientEstimation-Escape-Specialist-Exploiter,Exploiter,1.2799759605660377
704,13.108664257427463,HOG8-ML01-H1-GPS-GradientEstimation-Escape-Specialist-Exploiter,Exploiter,1.4156344412260742
716,12.964751766046286,HOG8-ML01-H1-GPS-GradientEstimation-Escape-Specialist-Exploiter,Exploiter,1.0978425303679278
727,12.779670395493572,HOG8-ML01-H2-GPS-GradientEstimation-Escape-Specialist-Exploiter,Exploiter,1.4275735771310976
738,12.607121653451129,HOG8-ML01-H2-GPS-GradientEstimation-Escape-Specialist-Exploiter,Exploiter,1.3501814734070723
741,12.566326375579932,HOG8-ML01-H1-GPS-GradientEstimation-Escape-Specialist-Refiner,Refiner,0.32358915058164617
750,12.42466459437049,HOG8-ML01-H1-GPS-GradientEstimation-Escape-Specialist-Exploiter,Exploiter,1.1273126049370457
762,12.209006160781989,HOG8-ML01-H1-GPS-GradientEstimation-Escape-Specialist-Exploiter,Exploiter,1.7357284130326902
774,11.989587820451808,HOG8-ML01-H1-GPS-GradientEstimation-Escape-Specialist-Exploiter,Exploiter,1.7971842870798196
787,11.817009452123813,HOG8-ML01-H1-GPS-GradientEstimation-Escape-Specialist-Exploiter,Exploiter,1.4394020120826139
798,11.601772244223572,HOG8-ML01-H1-GPS-GradientEstimation-Escape-Specialist-Exploiter,Exploiter,1.8214185981001954
807,11.390346683588241,HOG8-ML01-H1-GPS-GradientEstimation-Escape-Specialist-Exploiter,Exploiter,1.8223557244937076
817,11.166223509489697,HOG8-ML01-H1-GPS-GradientEstimation-Escape-Specialist-Exploiter,Exploiter,1.967658933695772
829,10.99296969585452,HOG8-ML01-H1-GPS-GradientEstimation-Escape-Specialist-Exploiter,Exploiter,1.551588265163569
839,10.80525823819568,HOG8-ML01-H1-GPS-GradientEstimation-Escape-Specialist-Exploiter,Exploiter,1.7075591296283257
850,10.635567287340606,HOG8-ML01-H1-GPS-GradientEstimation-Escape-Specialist-Exploiter,Exploiter,1.570447897813591
861,10.420476220411688,HOG8-ML01-H1-GPS-GradientEstimation-Escape-Specialist-Exploiter,Exploiter,2.022375122246079
871,10.215686558854271,HOG8-ML01-H1-GPS-GradientEstimation-Escape-Specialist-Exploiter,Exploiter,1.965262020907198
883,10.03106522745802,HOG8-ML01-H1-GPS-GradientEstimation-Escape-Specialist-Exploiter,Exploiter,1.8072337119254451
897,9.814587301341902,HOG8-ML01-H1-GPS-GradientEstimation-Escape-Specialist-Exploiter,Exploiter,2.158075151615539
907,9.639717977357103,HOG8-ML01-H1-GPS-GradientEstimation-Escape-Specialist-Exploiter,Exploiter,1.7817287534942006
917,9.464884569669014,HOG8-ML01-H1-GPS-GradientEstimation-Escape-Specialist-Exploiter,Exploiter,1.8136776210544565
927,9.25043055356642,HOG8-ML01-H1-GPS-GradientEstimation-Escape-Specialist-Exploiter,Exploiter,2.2657858584966597
939,9.04205828197612,HOG8-ML01-H1-GPS-GradientEstimation-Escape-Specialist-Exploiter,Exploiter,2.252568357588124
951,8.863310509484796,HOG8-ML01-H1-GPS-GradientEstimation-Escape-Specialist-Exploiter,Exploiter,1.9768482674749903
964,8.690032202884021,HOG8-ML01-H1-GPS-GradientEstimation-Escape-Specialist-Exploiter,Exploiter,1.955006613108572
974,8.513916095633887,HOG8-ML01-H1-GPS-GradientEstimation-Escape-Specialist-Exploiter,Exploiter,2.0266450473185316
986,8.306172140259191,HOG8-ML01-H1-GPS-GradientEstimation-Escape-Specialist-Exploiter,Exploiter,2.440051711118354
996,8.124395985881007,HOG8-ML01-H1-GPS-GradientEstimation-Escape-Specialist-Exploiter,Exploiter,2.1884467515082338
1008,7.951600466746669,HOG8-ML01-H1-GPS-GradientEstimation-Escape-Specialist-Exploiter,Exploiter,2.1268721937560766
1019,7.941546999886477,HOG8-ML01-H2-GPS-GradientEstimation-Escape-Specialist-Refiner,Refiner,0.12643324953554635
1021,7.834377041123883,HOG8-ML01-H1-GPS-GradientEstimation-Escape-Specialist-Exploiter,Exploiter,1.3494846629268387
1030,7.765897327970706,HOG8-ML01-H2-GPS-GradientEstimation-Escape-Specialist-Exploiter,Exploiter,0.8740926405981693
1032,7.625884251519814,HOG8-ML01-H1-GPS-GradientEstimation-Escape-Specialist-Exploiter,Exploiter,1.8029220647381266
1040,7.556759015080327,HOG8-ML01-H2-GPS-GradientEstimation-Escape-Specialist-Exploiter,Exploiter,0.9064553586124884
1043,7.461411298954722,HOG8-ML01-H1-GPS-GradientEstimation-Escape-Specialist-Exploiter,Exploiter,1.2617540924002975
1053,7.387209974912249,HOG8-ML01-H2-GPS-GradientEstimation-Escape-Specialist-Exploiter,Exploiter,0.9944676827139688
1059,7.239696283945418,HOG8-ML01-H1-GPS-GradientEstimation-Escape-Specialist-Exploiter,Exploiter,1.996879626649351
1062,7.226180616964193,HOG8-ML01-H2-GPS-GradientEstimation-Escape-Specialist-Refiner,Refiner,0.1866883146907266
1066,7.054197473879221,HOG8-ML01-H1-GPS-GradientEstimation-Escape-Specialist-Exploiter,Exploiter,2.380000614449415
1072,7.0362358967062555,HOG8-ML01-H2-GPS-GradientEstimation-Escape-Specialist-Refiner,Refiner,0.25462254550534613
1077,6.844456539332168,HOG8-ML01-H1-GPS-GradientEstimation-Escape-Specialist-Exploiter,Exploiter,2.7255959036828385
1088,6.638315010056011,HOG8-ML01-H1-GPS-GradientEstimation-Escape-Specialist-Exploiter,Exploiter,3.0118027354188075
1097,6.459038620066439,HOG8-ML01-H1-GPS-GradientEstimation-Escape-Specialist-Exploiter,Exploiter,2.7006309540598212
1108,6.28975568951779,HOG8-ML01-H1-GPS-GradientEstimation-Escape-Specialist-Exploiter,Exploiter,2.6208688398724496
1120,6.196530565727128,HOG8-ML01-H2-GPS-GradientEstimation-Escape-Specialist-Exploiter,Exploiter,1.4821740047236842
1121,6.068532135049043,HOG8-ML01-H1-GPS-GradientEstimation-Escape-Specialist-Exploiter,Exploiter,2.0656467247340227
1130,6.027184841684847,HOG8-ML01-H2-GPS-GradientEstimation-Escape-Specialist-Exploiter,Exploiter,0.6813392834387935
1133,5.8593477178196345,HOG8-ML01-H1-GPS-GradientEstimation-Escape-Specialist-Exploiter,Exploiter,2.7846686019056177
1141,5.824518288071916,HOG8-ML01-H2-GPS-GradientEstimation-Escape-Specialist-Exploiter,Exploiter,0.5944250354317453
1147,5.674509817141943,HOG8-ML01-H1-GPS-GradientEstimation-Escape-Specialist-Exploiter,Exploiter,2.5754657039566116
1154,5.504547591458115,HOG8-ML01-H1-GPS-GradientEstimation-Escape-Specialist-Exploiter,Exploiter,2.995187798783864
1167,5.298956500555637,HOG8-ML01-H1-GPS-GradientEstimation-Escape-Specialist-Exploiter,Exploiter,3.7349316630763845
1177,5.115210362695841,HOG8-ML01-H1-GPS-GradientEstimation-Escape-Specialist-Exploiter,Exploiter,3.4675909840084445
1184,5.077344855426649,HOG8-ML01-H2-GPS-GradientEstimation-Escape-Specialist-Exploiter,Exploiter,0.7402531779599378
1187,4.905895955748868,HOG8-ML01-H1-GPS-GradientEstimation-Escape-Specialist-Exploiter,Exploiter,3.3767432498609384
1197,4.7573769880856664,HOG8-ML01-H1-GPS-GradientEstimation-Escape-Specialist-Exploiter,Exploiter,3.0273566541736896
1210,4.577721555908564,HOG8-ML01-H1-GPS-GradientEstimation-Escape-Specialist-Exploiter,Exploiter,3.7763547565608095
1221,4.364826955989697,HOG8-ML01-H1-GPS-GradientEstimation-Escape-Specialist-Exploiter,Exploiter,4.650667309462702
1230,4.349760623214797,HOG8-ML01-H2-GPS-GradientEstimation-Escape-Specialist-Refiner,Refiner,0.3451759468774612
1233,4.163653123864718,HOG8-ML01-H1-GPS-GradientEstimation-Escape-Specialist-Exploiter,Exploiter,4.278568764377935
1244,3.9368456345506253,HOG8-ML01-H1-GPS-GradientEstimation-Escape-Specialist-Local Explorer,Local Explorer,5.447319518864454
1257,3.72941124098073,HOG8-ML01-H1-GPS-GradientEstimation-Escape-Specialist-Local Explorer,Local Explorer,5.269050728060188
1268,3.547970586578893,HOG8-ML01-H1-GPS-GradientEstimation-Escape-Specialist-Exploiter,Exploiter,4.865128640362097
1280,3.338175626411078,HOG8-ML01-H1-GPS-GradientEstimation-Escape-Specialist-Local Explorer,Local Explorer,5.913097503159079
1289,3.1563067135199177,HOG8-ML01-H1-GPS-GradientEstimation-Escape-Specialist-Local Explorer,Local Explorer,5.4481529207823645
1299,2.981517286575497,HOG8-ML01-H1-GPS-GradientEstimation-Escape-Specialist-Local Explorer,Local Explorer,5.537783327447775
1309,2.8052948034268015,HOG8-ML01-H1-GPS-GradientEstimation-Escape-Specialist-Local Explorer,Local Explorer,5.910496777669215
1327,2.6209587551124285,HOG8-ML01-H1-GPS-GradientEstimation-Escape-Specialist-Local Explorer,Local Explorer,6.571004519353821
1336,2.4134843021407466,HOG8-ML01-H1-GPS-GradientEstimation-Escape-Specialist-Local Explorer,Local Explorer,7.915975501979315
1347,2.210304130976308,HOG8-ML01-H1-GPS-GradientEstimation-Escape-Specialist-Local Explorer,Local Explorer,8.418541234522186
1359,1.99676501998816,HOG8-ML01-H1-GPS-GradientEstimation-Escape-Specialist-Local Explorer,Local Explorer,9.661073695493032
1369,1.8361376675157772,HOG8-ML01-H1-GPS-GradientEstimation-Escape-Specialist-Local Explorer,Local Explorer,8.044379326784037
1379,1.6688169041135297,HOG8-ML01-H1-GPS-GradientEstimation-Escape-Specialist-Local Explorer,Local Explorer,9.112648052617212
1389,1.5126284196119237,HOG8-ML01-H1-GPS-GradientEstimation-Escape-Specialist-Local Explorer,Local Explorer,9.35923432442535
1400,1.3741197766951716,HOG8-ML01-H1-GPS-GradientEstimation-Escape-Specialist-Local Explorer,Local Explorer,9.156818761364246
1412,1.2179026194107547,HOG8-ML01-H1-GPS-GradientEstimation-Escape-Specialist-Local Explorer,Local Explorer,11.368525505114782
1424,1.0703453606995763,HOG8-ML01-H1-GPS-GradientEstimation-Escape-Specialist-Local Explorer,Local Explorer,12.115686127891696
1437,0.9449140289469211,HOG8-ML01-H1-GPS-GradientEstimation-Escape-Specialist-Local Explorer,Local Explorer,11.718771936440538
1448,0.8519561856456763,HOG8-ML01-H1-GPS-GradientEstimation-Escape-Specialist-Local Explorer,Local Explorer,9.837703796698158
1458,0.7704905810589089,HOG8-ML01-H1-GPS-GradientEstimation-Escape-Specialist-Local Explorer,Local Explorer,9.562182417283195
1469,0.6872118394627837,HOG8-ML01-H1-GPS-GradientEstimation-Escape-Specialist-Local Explorer,Local Explorer,10.808534671724683
1480,0.6246184839455438,HOG8-ML01-H1-GPS-GradientEstimation-Escape-Specialist-Local Explorer,Local Explorer,9.108305754186553
1489,0.5735865232089054,HOG8-ML01-H1-GPS-GradientEstimation-Escape-Specialist-Local Explorer,Local Explorer,8.170100957352957
1506,0.5140731768440838,HOG8-ML01-H1-GPS-GradientEstimation-Escape-Specialist-Local Explorer,Local Explorer,10.375652836450314
1522,0.46674317423875067,HOG8-ML01-H1-GPS-GradientEstimation-Escape-Specialist-Local Explorer,Local Explorer,9.206860956234667
1535,0.4236241290767918,HOG8-ML01-H1-GPS-GradientEstimation-Escape-Specialist-Local Explorer,Local Explorer,9.238280823771062
1544,0.3941053416419189,HOG8-ML01-H1-GPS-GradientEstimation-Escape-Specialist-Local Explorer,Local Explorer,6.968155354890546
1556,0.364952122539772,HOG8-ML01-H1-GPS-GradientEstimation-Escape-Specialist-Local Explorer,Local Explorer,7.397316408016438
1566,0.3346634764379355,HOG8-ML01-H1-GPS-GradientEstimation-Escape-Specialist-Local Explorer,Local Explorer,8.299347840766618
1577,0.31348711955634306,HOG8-ML01-H1-GPS-GradientEstimation-Escape-Specialist-Local Explorer,Local Explorer,6.327656996511134
1586,0.29362384125790636,HOG8-ML01-H1-GPS-GradientEstimation-Escape-Specialist-Local Explorer,Local Explorer,6.336234269065934
1597,0.27834341374764193,HOG8-ML01-H1-GPS-GradientEstimation-Escape-Specialist-Local Explorer,Local Explorer,5.204082694648343
1612,0.25831637065877894,HOG8-ML01-H1-GPS-GradientEstimation-Escape-Specialist-Local Explorer,Local Explorer,7.195084237567184
1622,0.239481982835402,HOG8-ML01-H1-GPS-GradientEstimation-Escape-Specialist-Local Explorer,Local Explorer,7.291209525491543
1633,0.22287051844691197,HOG8-ML01-H1-GPS-GradientEstimation-Escape-Specialist-Local Explorer,Local Explorer,6.936415087187264
1647,0.21035157432309545,HOG8-ML01-H1-GPS-GradientEstimation-Escape-Specialist-Local Explorer,Local Explorer,5.6171377942024865
1657,0.19910055519493652,HOG8-ML01-H1-GPS-GradientEstimation-Escape-Specialist-Local Explorer,Local Explorer,5.348673602450727
1665,0.19057061277764653,HOG8-ML01-H1-GPS-GradientEstimation-Escape-Specialist-Exploiter,Exploiter,4.284238388455747
1678,0.17872037365409144,HOG8-ML01-H1-GPS-GradientEstimation-Escape-Specialist-Local Explorer,Local Explorer,6.218293025788654
1688,0.16907476225779802,HOG8-ML01-H1-GPS-GradientEstimation-Escape-Specialist-Local Explorer,Local Explorer,5.3970407509119465
1698,0.16053750842290163,HOG8-ML01-H1-GPS-GradientEstimation-Escape-Specialist-Local Explorer,Local Explorer,5.049395735289667
1708,0.15258101956053696,HOG8-ML01-H1-GPS-GradientEstimation-Escape-Specialist-Exploiter,Exploiter,4.956155692540712
1721,0.14384590390755075,HOG8-ML01-H1-GPS-GradientEstimation-Escape-Specialist-Local Explorer,Local Explorer,5.724903187922745
1732,0.13711208135569647,HOG8-ML01-H1-GPS-GradientEstimation-Escape-Specialist-Exploiter,Exploiter,4.681275148565988
1742,0.130792212071153,HOG8-ML01-H1-GPS-GradientEstimation-Escape-Specialist-Exploiter,Exploiter,4.609272371957114
1753,0.12351659622540562,HOG8-ML01-H1-GPS-GradientEstimation-Escape-Specialist-Local Explorer,Local Explorer,5.562728644568934
1767,0.11687475684377693,HOG8-ML01-H1-GPS-GradientEstimation-Escape-Specialist-Local Explorer,Local Explorer,5.377284984042129
1777,0.11178529056276926,HOG8-ML01-H1-GPS-GradientEstimation-Escape-Specialist-Exploiter,Exploiter,4.354632615673046
1787,0.10787083523093485,HOG8-ML01-H1-GPS-GradientEstimation-Escape-Specialist-Exploiter,Exploiter,3.501762452043164
1798,0.10233794282223246,HOG8-ML01-H1-GPS-GradientEstimation-Escape-Specialist-Local Explorer,Local Explorer,5.1291828758508435
1811,0.09739986180499519,HOG8-ML01-H1-GPS-GradientEstimation-Escape-Specialist-Exploiter,Exploiter,4.825268987295396
1826,0.09236770182861748,HOG8-ML01-H1-GPS-GradientEstimation-Escape-Specialist-Local Explorer,Local Explorer,5.166496012543247
1837,0.08874260598385236,HOG8-ML01-H1-GPS-GradientEstimation-Escape-Specialist-Exploiter,Exploiter,3.9246357471264726
1848,0.0851959970147203,HOG8-ML01-H1-GPS-GradientEstimation-Escape-Specialist-Exploiter,Exploiter,3.9965120809923036
1860,0.08447805961637272,HOG8-ML01-H1-GPS-GradientEstimation-Escape-Specialist-Exploiter,Exploiter,0.8426891209730577
1874,0.08177761901768967,HOG8-ML01-H1-GPS-GradientEstimation-Escape-Specialist-Exploiter,Exploiter,3.1966176909675217
1882,0.0792488652295886,HOG8-ML01-H1-GPS-GradientEstimation-Escape-Specialist-Exploiter,Exploiter,3.0922321027151205
1897,0.07680844622096603,HOG8-ML01-H1-GPS-GradientEstimation-Escape-Specialist-Exploiter,Exploiter,3.0794371648761625
1908,0.07397977427675864,HOG8-ML01-H1-GPS-GradientEstimation-Escape-Specialist-Exploiter,Exploiter,3.6827615755560683
1920,0.07180351188395581,HOG8-ML01-H1-GPS-GradientEstimation-Escape-Specialist-Exploiter,Exploiter,2.941699152340508
1931,0.0692369111478926,HOG8-ML01-H1-GPS-GradientEstimation-Escape-Specialist-Exploiter,Exploiter,3.5744780007573813
1947,0.06687163979227019,HOG8-ML01-H1-GPS-GradientEstimation-Escape-Specialist-Exploiter,Exploiter,3.4161999956498663
1958,0.06441042073998537,HOG8-ML01-H1-GPS-GradientEstimation-Escape-Specialist-Exploiter,Exploiter,3.6805124862054193
1968,0.06178466947730615,HOG8-ML01-H1-GPS-GradientEstimation-Escape-Specialist-Exploiter,Exploiter,4.076593868683084
1978,0.05960766715188717,HOG8-ML01-H1-GPS-GradientEstimation-Escape-Specialist-Exploiter,Exploiter,3.52353155537816
1986,0.05750631228348136,HOG8-ML01-H1-GPS-GradientEstimation-Escape-Specialist-Exploiter,Exploiter,3.5253096938877326
1997,0.055585144439771667,HOG8-ML01-H1-GPS-GradientEstimation-Escape-Specialist-Exploiter,Exploiter,3.3407947187417677
2010,0.05378467847766789,HOG8-ML01-H1-GPS-GradientEstimation-Escape-Specialist-Exploiter,Exploiter,3.239113580166449
2024,0.05137108780515324,HOG8-ML01-H1-GPS-GradientEstimation-Escape-Specialist-Exploiter,Exploiter,4.487505997673303
2038,0.05043028541775703,HOG8-ML01-H1-GPS-GradientEstimation-Escape-Specialist-Exploiter,Exploiter,1.8313849824722501
2048,0.04860533086859201,HOG8-ML01-H1-GPS-GradientEstimation-Escape-Specialist-Exploiter,Exploiter,3.6187670445395304
2058,0.046722792501169425,HOG8-ML01-H1-GPS-GradientEstimation-Escape-Specialist-Exploiter,Exploiter,3.873110899115501
2070,0.04529083692563342,HOG8-ML01-H1-GPS-GradientEstimation-Escape-Specialist-Exploiter,Exploiter,3.0647902209615703
2080,0.04390718467017347,HOG8-ML01-H1-GPS-GradientEstimation-Escape-Specialist-Exploiter,Exploiter,3.055037948916418
2091,0.042589046325849624,HOG8-ML01-H1-GPS-GradientEstimation-Escape-Specialist-Exploiter,Exploiter,3.002101715756935
2102,0.04116698408919865,HOG8-ML01-H1-GPS-GradientEstimation-Escape-Specialist-Exploiter,Exploiter,3.3390328249445775
2114,0.03990746711889645,HOG8-ML01-H1-GPS-GradientEstimation-Escape-Specialist-Exploiter,Exploiter,3.0595318024102536
2123,0.03880671309433589,HOG8-ML01-H1-GPS-GradientEstimation-Escape-Specialist-Exploiter,Exploiter,2.7582658184772217
2136,0.037502507557580014,HOG8-ML01-H1-GPS-GradientEstimation-Escape-Specialist-Exploiter,Exploiter,3.360773002303657
2144,0.03646639263575505,HOG8-ML01-H1-GPS-GradientEstimation-Escape-Specialist-Exploiter,Exploiter,2.7627883821745716
2157,0.035505013425447304,HOG8-ML01-H1-GPS-GradientEstimation-Escape-Specialist-Exploiter,Exploiter,2.6363430567714636
2167,0.034758759227691644,HOG8-ML01-H1-GPS-GradientEstimation-Escape-Specialist-Exploiter,Exploiter,2.101827673780859
2177,0.033742944388435024,HOG8-ML01-H1-GPS-GradientEstimation-Escape-Specialist-Exploiter,Exploiter,2.922471520350873
2188,0.03285864287468822,HOG8-ML01-H1-GPS-GradientEstimation-Escape-Specialist-Exploiter,Exploiter,2.620700504280502
2199,0.031976552180240606,HOG8-ML01-H1-GPS-GradientEstimation-Escape-Specialist-Exploiter,Exploiter,2.68450129791303
2209,0.03118802843446875,HOG8-ML01-H1-GPS-GradientEstimation-Escape-Specialist-Exploiter,Exploiter,2.4659436118291462
2224,0.030271347857747564,HOG8-ML01-H1-GPS-GradientEstimation-Escape-Specialist-Exploiter,Exploiter,2.939206556923863
2232,0.029542218399979735,HOG8-ML01-H1-GPS-GradientEstimation-Escape-Specialist-Exploiter,Exploiter,2.4086454993487108
2242,0.028814339476530226,HOG8-ML01-H1-GPS-GradientEstimation-Escape-Specialist-Exploiter,Exploiter,2.4638600716932224
2258,0.028037516669147205,HOG8-ML01-H1-GPS-GradientEstimation-Escape-Specialist-Exploiter,Exploiter,2.6959591005574044
2265,0.027383242189277464,HOG8-ML01-H1-GPS-GradientEstimation-Escape-Specialist-Exploiter,Exploiter,2.3335678676197165
2277,0.026736559083423185,HOG8-ML01-H1-GPS-GradientEstimation-Escape-Specialist-Exploiter,Exploiter,2.3616016736962666
2292,0.026145843011768737,HOG8-ML01-H1-GPS-GradientEstimation-Escape-Specialist-Exploiter,Exploiter,2.2093945216035484
2302,0.02553544022339016,HOG8-ML01-H1-GPS-GradientEstimation-Escape-Specialist-Exploiter,Exploiter,2.3346074100721226
2313,0.024866440854877696,HOG8-ML01-H1-GPS-GradientEstimation-Escape-Specialist-Exploiter,Exploiter,2.6198857848538992
2324,0.024223011024980798,HOG8-ML01-H1-GPS-GradientEstimation-Escape-Specialist-Exploiter,Exploiter,2.5875429204042533
2336,0.023639788936691074,HOG8-ML01-H1-GPS-GradientEstimation-Escape-Specialist-Exploiter,Exploiter,2.407719204223854
2347,0.02316775743841009,HOG8-ML01-H1-GPS-GradientEstimation-Escape-Specialist-Exploiter,Exploiter,1.9967669742953942
2357,0.02273239301368333,HOG8-ML01-H1-GPS-GradientEstimation-Escape-Specialist-Exploiter,Exploiter,1.8791824192917594
2367,0.02224880173633631,HOG8-ML01-H1-GPS-GradientEstimation-Escape-Specialist-Exploiter,Exploiter,2.1273223503391407
2379,0.022027000833692578,HOG8-ML01-H1-GPS-GradientEstimation-Escape-Specialist-Exploiter,Exploiter,0.9969116776365121
2389,0.021670994699262272,HOG8-ML01-H1-GPS-GradientEstimation-Escape-Specialist-Exploiter,Exploiter,1.6162260905068744
2407,0.021274236015198414,HOG8-ML01-H1-GPS-GradientEstimation-Escape-Specialist-Exploiter,Exploiter,1.8308282087179168
2417,0.020940088630587498,HOG8-ML01-H1-GPS-GradientEstimation-Escape-Specialist-Exploiter,Exploiter,1.5706669060745564
2429,0.020624946302216587,HOG8-ML01-H1-GPS-GradientEstimation-Escape-Specialist-Exploiter,Exploiter,1.5049713204679476
2438,0.02022246347093818,HOG8-ML01-H1-GPS-GradientEstimation-Escape-Specialist-Exploiter,Exploiter,1.9514369898512223
2451,0.019921468601260137,HOG8-ML01-H1-GPS-GradientEstimation-Escape-Specialist-Exploiter,Exploiter,1.4884184120822135
2462,0.01955988891168071,HOG8-ML01-H1-GPS-GradientEstimation-Escape-Specialist-Exploiter,Exploiter,1.8150252715633313
2473,0.01921537828388567,HOG8-ML01-H1-GPS-GradientEstimation-Escape-Specialist-Exploiter,Exploiter,1.7613117812203278
2487,0.01901373743053901,HOG8-ML01-H1-GPS-GradientEstimation-Escape-Specialist-Exploiter,Exploiter,1.0493722807203825
2493,0.01895469871532729,HOG8-ML01-H2-GPS-GradientEstimation-Escape-Specialist-Refiner,Refiner,0.31050557749311936
2497,0.018847123703628968,HOG8-ML01-H1-GPS-GradientEstimation-Escape-Specialist-Exploiter,Exploiter,0.5675374392067408
2504,0.018684666008172812,HOG8-ML01-H2-GPS-GradientEstimation-Escape-Specialist-Exploiter,Exploiter,0.8619760660077531
2517,0.018673818633559207,HOG8-ML01-H1-GPS-GradientEstimation-Escape-Specialist-Refiner,Refiner,0.05805495591337106
2529,0.018057076563570883,HOG8-ML01-H2-GPS-GradientEstimation-Escape-Specialist-Exploiter,Exploiter,3.302709971060557
2541,0.017743266195996994,HOG8-ML01-H2-GPS-GradientEstimation-Escape-Specialist-Exploiter,Exploiter,1.7378802513745975
2551,0.01742029992788601,HOG8-ML01-H2-GPS-GradientEstimation-Escape-Specialist-Exploiter,Exploiter,1.8202188060721634
2561,0.017091326461630606,HOG8-ML01-H2-GPS-GradientEstimation-Escape-Specialist-Exploiter,Exploiter,1.888448922333378
2576,0.016733969642919164,HOG8-ML01-H2-GPS-GradientEstimation-Escape-Specialist-Exploiter,Exploiter,2.090866496018872
2586,0.016444231551115948,HOG8-ML01-H2-GPS-GradientEstimation-Escape-Specialist-Exploiter,Exploiter,1.7314367002321875
2597,0.01610407475849705,HOG8-ML01-H2-GPS-GradientEstimation-Escape-Specialist-Exploiter,Exploiter,2.068547816062678
2607,0.01578697469765225,HOG8-ML01-H2-GPS-GradientEstimation-Escape-Specialist-Exploiter,Exploiter,1.9690672429192868
2619,0.015522707061049001,HOG8-ML01-H2-GPS-GradientEstimation-Escape-Specialist-Exploiter,Exploiter,1.6739599680396648
2631,0.015256371790737574,HOG8-ML01-H2-GPS-GradientEstimation-Escape-Specialist-Exploiter,Exploiter,1.7157784996132543
2640,0.015009139081234461,HOG8-ML01-H2-GPS-GradientEstimation-Escape-Specialist-Exploiter,Exploiter,1.620521005218371
2650,0.01479266324693664,HOG8-ML01-H2-GPS-GradientEstimation-Escape-Specialist-Exploiter,Exploiter,1.442293479500599
2660,0.014613674290725917,HOG8-ML01-H2-GPS-GradientEstimation-Escape-Specialist-Exploiter,Exploiter,1.2099846607931763
2672,0.014381388574262393,HOG8-ML01-H2-GPS-GradientEstimation-Escape-Specialist-Exploiter,Exploiter,1.5895093310717676
2683,0.014138873269173926,HOG8-ML01-H2-GPS-GradientEstimation-Escape-Specialist-Exploiter,Exploiter,1.6863135561366018
2698,0.013878232186250204,HOG8-ML01-H2-GPS-GradientEstimation-Escape-Specialist-Exploiter,Exploiter,1.8434360218220596
2708,0.01364580778416438,HOG8-ML01-H2-GPS-GradientEstimation-Escape-Specialist-Exploiter,Exploiter,1.6747406943954761
2720,0.013421552907765193,HOG8-ML01-H2-GPS-GradientEstimation-Escape-Specialist-Exploiter,Exploiter,1.6433975910127498
2730,0.013238838875985516,HOG8-ML01-H2-GPS-GradientEstimation-Escape-Specialist-Exploiter,Exploiter,1.3613479232642693
2740,0.013031591837309064,HOG8-ML01-H2-GPS-GradientEstimation-Escape-Specialist-Exploiter,Exploiter,1.5654472466795082
2751,0.012826198602175942,HOG8-ML01-H2-GPS-GradientEstimation-Escape-Specialist-Exploiter,Exploiter,1.5761177736175573
2767,0.012654528789955821,HOG8-ML01-H2-GPS-GradientEstimation-Escape-Specialist-Exploiter,Exploiter,1.3384309532755625
2774,0.012471253690134038,HOG8-ML01-H2-GPS-GradientEstimation-Escape-Specialist-Exploiter,Exploiter,1.4482965179015783
2788,0.01230606428867681,HOG8-ML01-H2-GPS-GradientEstimation-Escape-Specialist-Exploiter,Exploiter,1.3245613116499177
2798,0.012168153732799761,HOG8-ML01-H2-GPS-GradientEstimation-Escape-Specialist-Exploiter,Exploiter,1.1206715050558025
2806,0.011996628594862332,HOG8-ML01-H2-GPS-GradientEstimation-Escape-Specialist-Exploiter,Exploiter,1.409623363609191
2819,0.01183893964534498,HOG8-ML01-H2-GPS-GradientEstimation-Escape-Specialist-Exploiter,Exploiter,1.3144438728801127
2831,0.011655778719023723,HOG8-ML01-H2-GPS-GradientEstimation-Escape-Specialist-Exploiter,Exploiter,1.5471058372467972
2840,0.011515031926966493,HOG8-ML01-H2-GPS-GradientEstimation-Escape-Specialist-Exploiter,Exploiter,1.20752800349163
2850,0.011374844859384333,HOG8-ML01-H2-GPS-GradientEstimation-Escape-Specialist-Exploiter,Exploiter,1.2174266512788645
2864,0.01125598492545137,HOG8-ML01-H2-GPS-GradientEstimation-Escape-Specialist-Exploiter,Exploiter,1.0449367477298168
2872,0.01111874705278076,HOG8-ML01-H2-GPS-GradientEstimation-Escape-Specialist-Exploiter,Exploiter,1.219243572015589
2883,0.010993566876191347,HOG8-ML01-H2-GPS-GradientEstimation-Escape-Specialist-Exploiter,Exploiter,1.1258478675266461
2894,0.010872706132906517,HOG8-ML01-H2-GPS-GradientEstimation-Escape-Specialist-Exploiter,Exploiter,1.0993769778812807
2908,0.010753329110344611,HOG8-ML01-H2-GPS-GradientEstimation-Escape-Specialist-Exploiter,Exploiter,1.0979513389091635
2917,0.010649817532375523,HOG8-ML01-H2-GPS-GradientEstimation-Escape-Specialist-Exploiter,Exploiter,0.9626002971443592
2925,0.010559653519625992,HOG8-ML01-H2-GPS-GradientEstimation-Escape-Specialist-Exploiter,Exploiter,0.8466249536710987
2937,0.010434926975211688,HOG8-ML01-H2-GPS-GradientEstimation-Escape-Specialist-Exploiter,Exploiter,1.1811613343419771
2947,0.010327520991794067,HOG8-ML01-H2-GPS-GradientEstimation-Escape-Specialist-Exploiter,Exploiter,1.0292931006873904
2960,0.010211187792485747,HOG8-ML01-H2-GPS-GradientEstimation-Escape-Specialist-Exploiter,Exploiter,1.1264387591248122
2970,0.010120139266446818,HOG8-ML01-H2-GPS-GradientEstimation-Escape-Specialist-Exploiter,Exploiter,0.891654603648857
2981,0.010058497369729386,HOG8-ML01-H2-GPS-GradientEstimation-Escape-Specialist-Exploiter,Exploiter,0.6091012692068897
2992,0.009954912531948381,HOG8-ML01-H2-GPS-GradientEstimation-Escape-Specialist-Exploiter,Exploiter,1.0298241772447914
3002,0.009878699626309662,HOG8-ML01-H2-GPS-GradientEstimation-Escape-Specialist-Exploiter,Exploiter,0.7655808666739029
3013,0.009800998223484264,HOG8-ML01-H2-GPS-GradientEstimation-Escape-Specialist-Exploiter,Exploiter,0.7865549694259106
3029,0.00972507131202019,HOG8-ML01-H2-GPS-GradientEstimation-Escape-Specialist-Exploiter,Exploiter,0.7746854935872312
3038,0.0096416119362208,HOG8-ML01-H2-GPS-GradientEstimation-Escape-Specialist-Exploiter,Exploiter,0.8581878026563501
3049,0.009550132287516815,HOG8-ML01-H2-GPS-GradientEstimation-Escape-Specialist-Exploiter,Exploiter,0.9488003594121202
3060,0.009458329007536464,HOG8-ML01-H2-GPS-GradientEstimation-Escape-Specialist-Exploiter,Exploiter,0.9612775741373669
3071,0.009389863246205096,HOG8-ML01-H2-GPS-GradientEstimation-Escape-Specialist-Exploiter,Exploiter,0.7238674112183444
3083,0.009313391525204596,HOG8-ML01-H2-GPS-GradientEstimation-Escape-Specialist-Exploiter,Exploiter,0.8144071856574314
3098,0.009233528983736397,HOG8-ML01-H2-GPS-GradientEstimation-Escape-Specialist-Exploiter,Exploiter,0.8575022455790506
3105,0.009164484958982753,HOG8-ML01-H2-GPS-GradientEstimation-Escape-Specialist-Exploiter,Exploiter,0.7477533765828424
3117,0.009101018029810375,HOG8-ML01-H2-GPS-GradientEstimation-Escape-Specialist-Exploiter,Exploiter,0.6925313256166067
3127,0.009035814806407678,HOG8-ML01-H2-GPS-GradientEstimation-Escape-Specialist-Exploiter,Exploiter,0.7164387894752442
3141,0.008960794498428477,HOG8-ML01-H2-GPS-GradientEstimation-Escape-Specialist-Exploiter,Exploiter,0.830255041592944
3151,0.008937897812858527,HOG8-ML01-H2-GPS-GradientEstimation-Escape-Specialist-Refiner,Refiner,0.255520708280555
3171,0.008876648825280737,HOG8-ML01-H2-GPS-GradientEstimation-Escape-Specialist-Exploiter,Exploiter,0.6852728556559937
3187,0.008805393900396136,HOG8-ML01-H2-GPS-GradientEstimation-Escape-Specialist-Exploiter,Exploiter,0.8027232606258637
3201,0.00874905664805107,HOG8-ML01-H2-GPS-GradientEstimation-Escape-Specialist-Exploiter,Exploiter,0.6398038859173839
3216,0.008682865877297625,HOG8-ML01-H2-GPS-GradientEstimation-Escape-Specialist-Exploiter,Exploiter,0.756547516104939
3222,0.008629737858435781,HOG8-ML01-H2-GPS-GradientEstimation-Escape-Specialist-Exploiter,Exploiter,0.6118719281470574
3233,0.00857974831747203,HOG8-ML01-H2-GPS-GradientEstimation-Escape-Specialist-Exploiter,Exploiter,0.5792706775546549
3248,0.008527908902567684,HOG8-ML01-H2-GPS-GradientEstimation-Escape-Specialist-Exploiter,Exploiter,0.6042067084739279
3258,0.008466902712666464,HOG8-ML01-H2-GPS-GradientEstimation-Escape-Specialist-Exploiter,Exploiter,0.7153710317291485
3268,0.008417181633977242,HOG8-ML01-H2-GPS-GradientEstimation-Escape-Specialist-Exploiter,Exploiter,0.5872404629716607
3278,0.008375082777639584,HOG8-ML01-H2-GPS-GradientEstimation-Escape-Specialist-Exploiter,Exploiter,0.5001538302051056
3288,0.008327813529552112,HOG8-ML01-H2-GPS-GradientEstimation-Escape-Specialist-Exploiter,Exploiter,0.5644033538829547
3299,0.008281719981519685,HOG8-ML01-H2-GPS-GradientEstimation-Escape-Specialist-Exploiter,Exploiter,0.5534891945990326
3312,0.008237892721811921,HOG8-ML01-H2-GPS-GradientEstimation-Escape-Specialist-Exploiter,Exploiter,0.5292048005192453
3328,0.008186152352138074,HOG8-ML01-H2-GPS-GradientEstimation-Escape-Specialist-Exploiter,Exploiter,0.6280777308115586
3337,0.008145084783273183,HOG8-ML01-H2-GPS-GradientEstimation-Escape-Specialist-Exploiter,Exploiter,0.5016712015403108
3343,0.008114409747844992,HOG8-ML01-H2-GPS-GradientEstimation-Escape-Specialist-Refiner,Refiner,0.37660793281348354
3358,0.008076671178773231,HOG8-ML01-H2-GPS-GradientEstimation-Escape-Specialist-Refiner,Refiner,0.465080889978269
3370,0.008037182220080649,HOG8-ML01-H2-GPS-GradientEstimation-Escape-Specialist-Refiner,Refiner,0.4889261654772558
3380,0.007995748139354364,HOG8-ML01-H2-GPS-GradientEstimation-Escape-Specialist-Exploiter,Exploiter,0.515529940614799
3390,0.007950642892584424,HOG8-ML01-H2-GPS-GradientEstimation-Escape-Specialist-Exploiter,Exploiter,0.5641154021339876
3400,0.007913128334599,HOG8-ML01-H2-GPS-GradientEstimation-Escape-Specialist-Refiner,Refiner,0.4718430759909241
3411,0.00788038602567235,HOG8-ML01-H2-GPS-GradientEstimation-Escape-Specialist-Refiner,Refiner,0.4137719943639666
3423,0.00785196041857128,HOG8-ML01-H2-GPS-GradientEstimation-Escape-Specialist-Refiner,Refiner,0.36071338394421026
3434,0.007817755258494052,HOG8-ML01-H2-GPS-GradientEstimation-Escape-Specialist-Refiner,Refiner,0.4356257323499356
3443,0.007795200497087509,HOG8-ML01-H2-GPS-GradientEstimation-Escape-Specialist-Refiner,Refiner,0.2885068751933245
3458,0.007760674424207522,HOG8-ML01-H2-GPS-GradientEstimation-Escape-Specialist-Refiner,Refiner,0.44291449453912846
3468,0.007722413275839651,HOG8-ML01-H2-GPS-GradientEstimation-Escape-Specialist-Refiner,Refiner,0.4930131877266367
3490,0.007688252678080255,HOG8-ML01-H2-GPS-GradientEstimation-Escape-Specialist-Refiner,Refiner,0.44235650876482835
3500,0.007658438365653467,HOG8-ML01-H2-GPS-GradientEstimation-Escape-Specialist-Refiner,Refiner,0.3877904860201936
3511,0.007639224543628465,HOG8-ML01-H2-GPS-GradientEstimation-Escape-Specialist-Refiner,Refiner,0.2508843331712592
3517,0.007544042059309307,HOG8-ML04-H1-GPS-Sniper-Specialist-Exploiter,Exploiter,1.2459705010051736
3528,0.007466870063999714,HOG8-ML04-H1-GPS-Sniper-Specialist-Exploiter,Exploiter,1.0229528772889542
3537,0.007342122453125932,HOG8-ML04-H1-GPS-Sniper-Specialist-Exploiter,Exploiter,1.67068142079011
3542,0.007235290434708494,HOG8-ML04-H1-GPS-Sniper-Specialist-Exploiter,Exploiter,1.4550563423517122
3547,0.007196465547455316,HOG8-ML04-H1-GPS-Sniper-Specialist-Exploiter,Exploiter,0.5366044059120356
3557,0.007117077457276356,HOG8-ML04-H1-GPS-Sniper-Specialist-Exploiter,Exploiter,1.1031538976384334
3567,0.00704248838340258,HOG8-ML04-H1-GPS-Sniper-Specialist-Exploiter,Exploiter,1.0480295363023984
3578,0.007018770363648629,HOG8-ML04-H1-GPS-Sniper-Specialist-Refiner,Refiner,0.33678464858882085
3586,0.0069925835226809785,HOG8-ML04-H1-GPS-Sniper-Specialist-Refiner,Refiner,0.37309727503376683
3596,0.006953223467390936,HOG8-ML04-H1-GPS-Sniper-Specialist-Exploiter,Exploiter,0.5628828767275319
3616,0.006936775440806082,HOG8-ML04-H1-GPS-Sniper-Specialist-Refiner,Refiner,0.2365525379989897
3622,0.006867944571896178,HOG8-ML04-H1-GPS-Sniper-Specialist-Exploiter,Exploiter,0.9922603015949069
3627,0.006841240919043623,HOG8-ML04-H1-GPS-Sniper-Specialist-Refiner,Refiner,0.38881578866881683
3631,0.006841008814468118,HOG8-ML04-H1-GPS-Sniper-Specialist-Polisher,Polisher,0.0033927262356539937
3638,0.00679379088558402,HOG8-ML04-H1-GPS-Sniper-Specialist-Exploiter,Exploiter,0.6902187990788144
3653,0.00673839704796102,HOG8-ML04-H1-GPS-Sniper-Specialist-Exploiter,Exploiter,0.8153597682928763
3658,0.0067182036444099116,HOG8-ML04-H1-GPS-Sniper-Specialist-Refiner,Refiner,0.2996766650492734
3661,0.006707331547248825,HOG8-ML04-H1-GPS-Sniper-Specialist-Refiner,Refiner,0.16183041980475307
3668,0.0067049527779603,HOG8-ML04-H1-GPS-Sniper-Specialist-Polisher,Polisher,0.035465211042100375
3672,0.006687575001978582,HOG8-ML04-H1-GPS-Sniper-Specialist-Refiner,Refiner,0.25917820090903637
3681,0.006655039848940471,HOG8-ML04-H1-GPS-Sniper-Specialist-Refiner,Refiner,0.48650150508196477
3691,0.006621887515258417,HOG8-ML04-H1-GPS-Sniper-Specialist-Refiner,Refiner,0.49815379673995686
3697,0.006621715546983418,HOG8-ML04-H1-GPS-Sniper-Specialist-Polisher,Polisher,0.002596967625957371
3702,0.006599949248284687,HOG8-ML04-H1-GPS-Sniper-Specialist-Refiner,Refiner,0.3287108687211252
3708,0.006569230580076015,HOG8-ML04-H1-GPS-Sniper-Specialist-Refiner,Refiner,0.46543794585475085
3711,0.006551290974455354,HOG8-ML04-H1-GPS-Sniper-Specialist-Refiner,Refiner,0.27308533932528634
3721,0.0065132825712046795,HOG8-ML04-H1-GPS-Sniper-Specialist-Exploiter,Exploiter,0.5801666175243269
3732,0.006468544409447565,HOG8-ML04-H1-GPS-Sniper-Specialist-Exploiter,Exploiter,0.6868757998448068
3743,0.006422006958859024,HOG8-ML04-H1-GPS-Sniper-Specialist-Exploiter,Exploiter,0.7194423914068023
3753,0.006392625725786979,HOG8-ML04-H1-GPS-Sniper-Specialist-Refiner,Refiner,0.45750858353578355
3763,0.006353660200974227,HOG8-ML04-H1-GPS-Sniper-Specialist-Exploiter,Exploiter,0.609538654133465
3778,0.006313069228869724,HOG8-ML04-H1-GPS-Sniper-Specialist-Exploiter,Exploiter,0.6388596623136973
3783,0.006292160275476343,HOG8-ML04-H1-GPS-Sniper-Specialist-Refiner,Refiner,0.3312010788312591
3793,0.006287937017507801,HOG8-ML04-H1-GPS-Sniper-Specialist-Refiner,Refiner,0.06711936415545332
3798,0.006263022951498392,HOG8-ML04-H1-GPS-Sniper-Specialist-Refiner,Refiner,0.39622003114915866
3808,0.006235623035378488,HOG8-ML04-H1-GPS-Sniper-Specialist-Refiner,Refiner,0.437487078238291
3818,0.006185547130050583,HOG8-ML04-H1-GPS-Sniper-Specialist-Exploiter,Exploiter,0.8030617797739621
3826,0.006155766937970395,HOG8-ML04-H1-GPS-Sniper-Specialist-Refiner,Refiner,0.4814479859915682
3838,0.006123287044956556,HOG8-ML04-H1-GPS-Sniper-Specialist-Exploiter,Exploiter,0.5276335725690772
3849,0.006114692941941087,HOG8-ML04-H1-GPS-Sniper-Specialist-Refiner,Refiner,0.14035113742621086
3858,0.006103478915649909,HOG8-ML04-H1-GPS-Sniper-Specialist-Refiner,Refiner,0.18339475747441908
3868,0.006084899299926517,HOG8-ML04-H1-GPS-Sniper-Specialist-Refiner,Refiner,0.30441025487532947
3878,0.006049182940720965,HOG8-ML04-H1-GPS-Sniper-Specialist-Exploiter,Exploiter,0.5869671369250704
3888,0.006037533796000961,HOG8-ML04-H1-GPS-Sniper-Specialist-Refiner,Refiner,0.19257385392638962
3900,0.006005368724490781,HOG8-ML04-H1-GPS-Sniper-Specialist-Exploiter,Exploiter,0.5327518254470803
3901,0.006002563294330174,HOG8-ML04-H1-GPS-Sniper-Specialist-Polisher,Polisher,0.046715369019166425
3903,0.005998111064043065,HOG8-ML04-H1-GPS-Sniper-Specialist-Refiner,Refiner,0.07417215060963261
3908,0.005905026395807669,HOG8-ML04-H1-GPS-Sniper-Specialist-Exploiter,Exploiter,1.5518997104507055
3922,0.00588301138517201,HOG8-ML04-H1-GPS-Sniper-Specialist-Refiner,Refiner,0.37281815795587564
3933,0.005841106918373534,HOG8-ML04-H1-GPS-Sniper-Specialist-Exploiter,Exploiter,0.7122962043571008
3943,0.005820880481020214,HOG8-ML04-H1-GPS-Sniper-Specialist-Refiner,Refiner,0.3462774716500522
3953,0.005790667412154041,HOG8-ML04-H1-GPS-Sniper-Specialist-Exploiter,Exploiter,0.5190463704706959
3960,0.005771918440175621,HOG8-ML04-H1-GPS-Sniper-Specialist-Refiner,Refiner,0.3237791198138595
3969,0.005738481058974335,HOG8-ML04-H1-GPS-Sniper-Specialist-Exploiter,Exploiter,0.5793113944324602
3979,0.005709169832614915,HOG8-ML04-H1-GPS-Sniper-Specialist-Exploiter,Exploiter,0.5107837084097407
3992,0.005678892429021726,HOG8-ML04-H1-GPS-Sniper-Specialist-Exploiter,Exploiter,0.5303293557711877
4003,0.005621198942194493,HOG8-ML04-H1-GPS-Sniper-Specialist-Exploiter,Exploiter,1.0159285027550855
4012,0.00560570034507246,HOG8-ML04-H1-GPS-Sniper-Specialist-Refiner,Refiner,0.27571692945602677
4019,0.0055235694140964966,HOG8-ML04-H1-GPS-Sniper-Specialist-Exploiter,Exploiter,1.4651323816864121
4029,0.0055221350732234655,HOG8-ML02-H2-GPS-GradientEstimation-Escape-Specialist-Polisher,Polisher,0.025967644570021563
4031,0.005484791269507688,HOG8-ML04-H1-GPS-Sniper-Specialist-Exploiter,Exploiter,0.6762566148889697
4042,0.005461229622891341,HOG8-ML04-H1-GPS-Sniper-Specialist-Refiner,Refiner,0.42958146369829353
4048,0.005450818909814404,HOG8-ML00-H1-GPS-GradientEstimation-Escape-Specialist-Refiner,Refiner,0.19062946984135268
4051,0.005403663466916767,HOG8-ML04-H1-GPS-Sniper-Specialist-Exploiter,Exploiter,0.8651074944488054
4063,0.005382813655695312,HOG8-ML04-H1-GPS-Sniper-Specialist-Refiner,Refiner,0.3858458497481498
4077,0.005338224931506588,HOG8-ML04-H1-GPS-Sniper-Specialist-Exploiter,Exploiter,0.8283534790684487
4083,0.005337585435598671,HOG8-ML04-H1-GPS-Sniper-Specialist-Polisher,Polisher,0.011979560923763352
4087,0.005334254341053274,HOG8-ML04-H1-GPS-Sniper-Specialist-Refiner,Refiner,0.06240826653902004
4092,0.005326216176432488,HOG8-ML04-H1-GPS-Sniper-Specialist-Refiner,Refiner,0.15068956421749324
4103,0.00531210464342566,HOG8-ML04-H1-GPS-Sniper-Specialist-Refiner,Refiner,0.2649448039542497
4112,0.0052880078840757735,HOG8-ML04-H1-GPS-Sniper-Specialist-Refiner,Refiner,0.4536198167652588
4123,0.005265666671349631,HOG8-ML04-H1-GPS-Sniper-Specialist-Refiner,Refiner,0.4224882643125518
4127,0.005257600741186959,HOG8-ML04-H1-GPS-Sniper-Specialist-Refiner,Refiner,0.15317965731781047
4139,0.005224351667431825,HOG8-ML04-H1-GPS-Sniper-Specialist-Exploiter,Exploiter,0.6324001268233914
4144,0.005210380146293295,HOG8-ML04-H1-GPS-Sniper-Specialist-Refiner,Refiner,0.267430717300825
4154,0.005200366135362762,HOG8-ML04-H1-GPS-Sniper-Specialist-Refiner,Refiner,0.19219348011788728
4165,0.005179276709218567,HOG8-ML04-H1-GPS-Sniper-Specialist-Refiner,Refiner,0.405537333242489
4178,0.005129368879770885,HOG8-ML04-H1-GPS-Sniper-Specialist-Exploiter,Exploiter,0.963606160660444
4190,0.0051220549778310046,HOG8-ML04-H1-GPS-Sniper-Specialist-Refiner,Refiner,0.14258872994541238
4198,0.005103072679454946,HOG8-ML04-H1-GPS-Sniper-Specialist-Refiner,Refiner,0.3705992703752125
4204,0.005068640140513341,HOG8-ML04-H1-GPS-Sniper-Specialist-Exploiter,Exploiter,0.6747413000843764
4214,0.0050550318183922305,HOG8-ML04-H1-GPS-Sniper-Specialist-Refiner,Refiner,0.26848073139656686
4228,0.005012241355965837,HOG8-ML04-H1-GPS-Sniper-Specialist-Exploiter,Exploiter,0.8464924448290189
4237,0.004996787488883115,HOG8-ML04-H1-GPS-Sniper-Specialist-Refiner,Refiner,0.3083224845971936
4249,0.004988251649591387,HOG8-ML04-H1-GPS-Sniper-Specialist-Refiner,Refiner,0.17082654226779118
4258,0.004972259013367782,HOG8-ML04-H1-GPS-Sniper-Specialist-Refiner,Refiner,0.32060604289910843
4267,0.004928284929762328,HOG8-ML04-H1-GPS-Sniper-Specialist-Exploiter,Exploiter,0.8843884336522189
4278,0.004916105888894121,HOG8-ML04-H1-GPS-Sniper-Specialist-Refiner,Refiner,0.24712533958124697
4287,0.0048962295723287445,HOG8-ML04-H1-GPS-Sniper-Specialist-Refiner,Refiner,0.40431017993893925
4297,0.0048693149654616096,HOG8-ML04-H1-GPS-Sniper-Specialist-Exploiter,Exploiter,0.5497006721099031
4308,0.004861007202831057,HOG8-ML04-H1-GPS-Sniper-Specialist-Refiner,Refiner,0.17061460779349724
4318,0.004818477228600545,HOG8-ML04-H1-GPS-Sniper-Specialist-Exploiter,Exploiter,0.8749210288300554
4332,0.004803250657133313,HOG8-ML04-H1-GPS-Sniper-Specialist-Refiner,Refiner,0.31600380669752876
4339,0.004796429834599992,HOG8-ML04-H1-GPS-Sniper-Specialist-Refiner,Refiner,0.14200430125776634
4353,0.00476481573025596,HOG8-ML04-H1-GPS-Sniper-Specialist-Exploiter,Exploiter,0.6591174151235827
4366,0.004752617041870232,HOG8-ML04-H1-GPS-Sniper-Specialist-Refiner,Refiner,0.2560159526898022
4372,0.004745779323769309,HOG8-ML04-H1-GPS-Sniper-Specialist-Refiner,Refiner,0.1438726924699094
4383,0.004735944311990542,HOG8-ML04-H1-GPS-Sniper-Specialist-Refiner,Refiner,0.20723702279010237
4393,0.004721651668828053,HOG8-ML04-H1-GPS-Sniper-Specialist-Refiner,Refiner,0.30179077752882666
4402,0.004712293780411046,HOG8-ML04-H1-GPS-Sniper-Specialist-Refiner,Refiner,0.19819099487552744
4409,0.004702875614142687,HOG8-ML04-H1-GPS-Sniper-Specialist-Refiner,Refiner,0.19986373318892575
4423,0.0046697586832326,HOG8-ML04-H1-GPS-Sniper-Specialist-Exploiter,Exploiter,0.7041847079794313
4432,0.004623360850630027,HOG8-ML04-H1-GPS-Sniper-Specialist-Exploiter,Exploiter,0.993580948179841
4441,0.0045878575376784355,HOG8-ML04-H1-GPS-Sniper-Specialist-Exploiter,Exploiter,0.7679113549346633
4452,0.004579723651354905,HOG8-ML04-H1-GPS-Sniper-Specialist-Refiner,Refiner,0.17729160630490237
4462,0.004551807098319721,HOG8-ML04-H1-GPS-Sniper-Specialist-Exploiter,Exploiter,0.6095685058840782
4473,0.004530999605432902,HOG8-ML04-H1-GPS-Sniper-Specialist-Refiner,Refiner,0.4571259817776617
4481,0.004518586692265583,HOG8-ML04-H1-GPS-Sniper-Specialist-Refiner,Refiner,0.2739552912879266
4492,0.00448497081558631,HOG8-ML04-H1-GPS-Sniper-Specialist-Exploiter,Exploiter,0.7439467021140315
4502,0.004439861589979923,HOG8-ML04-H1-GPS-Sniper-Specialist-Exploiter,Exploiter,1.0057863799162676
4513,0.0044269646041266986,HOG8-ML04-H1-GPS-Sniper-Specialist-Refiner,Refiner,0.2904817096625524
4529,0.004417973522786323,HOG8-ML04-H1-GPS-Sniper-Specialist-Refiner,Refiner,0.2030981077190909
4539,0.0043849872375319576,HOG8-ML04-H1-GPS-Sniper-Specialist-Exploiter,Exploiter,0.7466383644952671
4546,0.004354992219426661,HOG8-ML04-H1-GPS-Sniper-Specialist-Exploiter,Exploiter,0.6840388918025408
4554,0.0043179525255431644,HOG8-ML04-H1-GPS-Sniper-Specialist-Exploiter,Exploiter,0.8505111379595753
4564,0.004298269896409619,HOG8-ML04-H1-GPS-Sniper-Specialist-Refiner,Refiner,0.4558324580252239
4578,0.004256526372487854,HOG8-ML04-H1-GPS-Sniper-Specialist-Exploiter,Exploiter,0.9711703761700383
4588,0.004248880235444758,HOG8-ML04-H1-GPS-Sniper-Specialist-Refiner,Refiner,0.1796332590000294
4598,0.004231756493020719,HOG8-ML04-H1-GPS-Sniper-Specialist-Refiner,Refiner,0.4030177711574704
4608,0.004213774044131222,HOG8-ML04-H1-GPS-Sniper-Specialist-Refiner,Refiner,0.4249405399189266
4620,0.004205080992289902,HOG8-ML04-H1-GPS-Sniper-Specialist-Refiner,Refiner,0.20630085406281715
4632,0.004163090748111417,HOG8-ML04-H1-GPS-Sniper-Specialist-Exploiter,Exploiter,0.9985597008826961
4641,0.004151247527554837,HOG8-ML04-H1-GPS-Sniper-Specialist-Refiner,Refiner,0.28448144114928814
4652,0.004142924574249326,HOG8-ML04-H1-GPS-Sniper-Specialist-Refiner,Refiner,0.20049282174250735
4663,0.004138792353663561,HOG8-ML04-H1-GPS-Sniper-Specialist-Refiner,Refiner,0.09974163206951715
4673,0.004102602396528203,HOG8-ML04-H1-GPS-Sniper-Specialist-Exploiter,Exploiter,0.8744086207495598
4688,0.004096492354773026,HOG8-ML04-H1-GPS-Sniper-Specialist-Refiner,Refiner,0.14893087763872254
4693,0.004049377768954081,HOG8-ML04-H1-GPS-Sniper-Specialist-Exploiter,Exploiter,1.1501201940252594
4708,0.0040443279417926884,HOG8-ML04-H1-GPS-Sniper-Specialist-Refiner,Refiner,0.12470624993569529
4718,0.004022243735346711,HOG8-ML04-H1-GPS-Sniper-Specialist-Exploiter,Exploiter,0.5460538008742386
4723,0.004013648630107728,HOG8-ML04-H1-GPS-Sniper-Specialist-Refiner,Refiner,0.21368931881105174
4738,0.003983546319396912,HOG8-ML04-H1-GPS-Sniper-Specialist-Exploiter,Exploiter,0.7499986542172283
4748,0.003965837560014564,HOG8-ML04-H1-GPS-Sniper-Specialist-Refiner,Refiner,0.44454759559639756
4759,0.003914792229337908,HOG8-ML04-H1-GPS-Sniper-Specialist-Exploiter,Exploiter,1.2871261090297481
4769,0.0039004188732980716,HOG8-ML04-H1-GPS-Sniper-Specialist-Refiner,Refiner,0.36715501609820184
4778,0.0038836521425881813,HOG8-ML04-H1-GPS-Sniper-Specialist-Refiner,Refiner,0.4298700025444404
4789,0.0038539910645724543,HOG8-ML04-H1-GPS-Sniper-Specialist-Exploiter,Exploiter,0.7637418833284059
4798,0.0038452571815052613,HOG8-ML04-H1-GPS-Sniper-Specialist-Refiner,Refiner,0.2266191830977162
4812,0.0038374226420716,HOG8-ML04-H1-GPS-Sniper-Specialist-Refiner,Refiner,0.20374552504169385
4822,0.003836052372447044,HOG8-ML04-H1-GPS-Sniper-Specialist-Polisher,Polisher,0.035708071598184205
4829,0.0038287140488522456,HOG8-ML04-H1-GPS-Sniper-Specialist-Refiner,Refiner,0.1912988375108477
4837,0.003824060003048982,HOG8-ML04-H1-GPS-Sniper-Specialist-Refiner,Refiner,0.12155636968132674
4852,0.003820190379770664,HOG8-ML04-H1-GPS-Sniper-Specialist-Refiner,Refiner,0.10119148954861143
4901,0.0038150974843058115,HOG8-ML04-H1-GPS-Sniper-Specialist-Refiner,Refiner,0.13331522669187304
4917,0.0037975126146009034,HOG8-ML04-H1-GPS-Sniper-Specialist-Refiner,Refiner,0.4609284501181705
4929,0.0037797227489594215,HOG8-ML04-H1-GPS-Sniper-Specialist-Refiner,Refiner,0.46846100189588297
4934,0.0037787411929497907,HOG8-ML04-H1-GPS-Sniper-Specialist-Polisher,Polisher,0.02596899494549129
4949,0.00376364551188417,HOG8-ML04-H1-GPS-Sniper-Specialist-Refiner,Refiner,0.39948967909698474
4958,0.003743727147765493,HOG8-ML04-H1-GPS-Sniper-Specialist-Exploiter,Exploiter,0.5292306104754614
4970,0.0037213062718636242,HOG8-ML04-H1-GPS-Sniper-Specialist-Exploiter,Exploiter,0.5988918266987245
4978,0.0037150167505982535,HOG8-ML04-H1-GPS-Sniper-Specialist-Refiner,Refiner,0.16901380337665578
4988,0.0036865334247318735,HOG8-ML04-H1-GPS-Sniper-Specialist-Exploiter,Exploiter,0.7667078718230055
4998,0.0036762168986452866,HOG8-ML04-H1-GPS-Sniper-Specialist-Refiner,Refiner,0.27984355213969575
5009,0.0036637473314539357,HOG8-ML04-H1-GPS-Sniper-Specialist-Refiner,Refiner,0.3391956333138577
5016,0.0036519071126296203,HOG8-ML04-H1-GPS-Sniper-Specialist-Refiner,Refiner,0.3231723629701468
5019,0.003646423758349895,HOG8-ML04-H1-GPS-Sniper-Specialist-Refiner,Refiner,0.1501504312845761
5022,0.0036450883406252323,HOG8-ML04-H1-GPS-Sniper-Specialist-Polisher,Polisher,0.036622669584260734
5028,0.003623427772931145,HOG8-ML04-H1-GPS-Sniper-Specialist-Exploiter,Exploiter,0.5942398556620946
5038,0.0036004665553628964,HOG8-ML04-H1-GPS-Sniper-Specialist-Exploiter,Exploiter,0.6336877400946349
5051,0.003593316162319749,HOG8-ML04-H1-GPS-Sniper-Specialist-Refiner,Refiner,0.19859629115279606
5063,0.0035836640537096794,HOG8-ML04-H1-GPS-Sniper-Specialist-Refiner,Refiner,0.26861284045315764
5071,0.0035692710819525118,HOG8-ML04-H1-GPS-Sniper-Specialist-Refiner,Refiner,0.40162726029713913
5081,0.0035607719921385943,HOG8-ML04-H1-GPS-Sniper-Specialist-Refiner,Refiner,0.23811836139014184
5092,0.00354904692398195,HOG8-ML04-H1-GPS-Sniper-Specialist-Refiner,Refiner,0.3292844411978788
5103,0.0035366955211358657,HOG8-ML04-H1-GPS-Sniper-Specialist-Refiner,Refiner,0.3480202744748857
5111,0.0035234484818305644,HOG8-ML04-H1-GPS-Sniper-Specialist-Refiner,Refiner,0.3745597896718797
5122,0.0035072694353913796,HOG8-ML04-H1-GPS-Sniper-Specialist-Refiner,Refiner,0.45918214847231664
5134,0.003489916585494859,HOG8-ML04-H1-GPS-Sniper-Specialist-Refiner,Refiner,0.4947680871453879
5144,0.0034812788317212144,HOG8-ML04-H1-GPS-Sniper-Specialist-Refiner,Refiner,0.24750602376989286
5153,0.0034704508075710976,HOG8-ML04-H1-GPS-Sniper-Specialist-Refiner,Refiner,0.31103581969512223
5169,0.0034574297893934956,HOG8-ML04-H1-GPS-Sniper-Specialist-Refiner,Refiner,0.37519673666589615
5179,0.0034445231582176427,HOG8-ML04-H1-GPS-Sniper-Specialist-Refiner,Refiner,0.3733013238749534
5188,0.003428105207385195,HOG8-ML04-H1-GPS-Sniper-Specialist-Refiner,Refiner,0.47663929311316505
5199,0.0034187897579179274,HOG8-ML04-H1-GPS-Sniper-Specialist-Refiner,Refiner,0.27173756065592936
5208,0.0034180875240974497,HOG8-ML04-H1-GPS-Sniper-Specialist-Polisher,Polisher,0.02054042132457415
5218,0.0033942929861561395,HOG8-ML04-H1-GPS-Sniper-Specialist-Exploiter,Exploiter,0.6961360051069237
5280,0.003384022421267935,HOG8-ML04-H1-GPS-Sniper-Specialist-Refiner,Refiner,0.30258333414627814
5298,0.0033765358962760395,HOG8-ML04-H1-GPS-Sniper-Specialist-Refiner,Refiner,0.22123154222750377
5308,0.0033717401452844657,HOG8-ML04-H1-GPS-Sniper-Specialist-Refiner,Refiner,0.14203168984114656
5317,0.0033635387306769496,HOG8-ML04-H1-GPS-Sniper-Specialist-Refiner,Refiner,0.24323981843577497
5329,0.0033436703167511153,HOG8-ML04-H1-GPS-Sniper-Specialist-Exploiter,Exploiter,0.5906997218324151
5339,0.0033421586020366927,HOG8-ML04-H1-GPS-Sniper-Specialist-Polisher,Polisher,0.04521123709025044
5352,0.0033183017282356004,HOG8-ML04-H1-GPS-Sniper-Specialist-Exploiter,Exploiter,0.7138163277635614
5362,0.003292874640010993,HOG8-ML04-H1-GPS-Sniper-Specialist-Exploiter,Exploiter,0.7662681186658549
5372,0.0032851021148874774,HOG8-ML04-H1-GPS-Sniper-Specialist-Refiner,Refiner,0.23604072347830235
5382,0.0032649249433174855,HOG8-ML04-H1-GPS-Sniper-Specialist-Exploiter,Exploiter,0.6142022641717171
5392,0.0032353969659481433,HOG8-ML04-H1-GPS-Sniper-Specialist-Exploiter,Exploiter,0.9043998830594532
5403,0.0032328279987132746,HOG8-ML04-H1-GPS-Sniper-Specialist-Refiner,Refiner,0.07940191765976529
5415,0.0032245392200397098,HOG8-ML04-H1-GPS-Sniper-Specialist-Refiner,Refiner,0.25639405117945985
5424,0.0032222042681476727,HOG8-ML04-H1-GPS-Sniper-Specialist-Refiner,Refiner,0.0724119550950393
5428,0.0032208747702348168,HOG8-ML04-H1-GPS-Sniper-Specialist-Polisher,Polisher,0.0412605099558195
5439,0.0032138662227910743,HOG8-ML04-H1-GPS-Sniper-Specialist-Refiner,Refiner,0.217597638644966
5443,0.003196161907900153,HOG8-ML04-H1-GPS-Sniper-Specialist-Exploiter,Exploiter,0.5508728012812595
5457,0.0031928769211459138,HOG8-ML04-H1-GPS-Sniper-Specialist-Refiner,Refiner,0.10277910972280456
5467,0.0031768201370792814,HOG8-ML04-H1-GPS-Sniper-Specialist-Exploiter,Exploiter,0.5028939249205261
5478,0.0031679347258892513,HOG8-ML04-H1-GPS-Sniper-Specialist-Refiner,Refiner,0.27969512929992923
5488,0.0031179992351000625,HOG8-ML04-H1-GPS-Sniper-Specialist-Exploiter,Exploiter,1.5762790306600085
5498,0.003106553327971298,HOG8-ML04-H1-GPS-Sniper-Specialist-Refiner,Refiner,0.3670914027147689
5501,0.003095651021476863,HOG8-ML04-H1-GPS-Sniper-Specialist-Refiner,Refiner,0.35094541581729866
5507,0.0030897653575199693,HOG8-ML04-H1-GPS-Sniper-Specialist-Refiner,Refiner,0.19012685590398484
5517,0.0030746977130190496,HOG8-ML04-H1-GPS-Sniper-Specialist-Refiner,Refiner,0.48766306684899724
5529,0.0030702672483822937,HOG8-ML04-H1-GPS-Sniper-Specialist-Refiner,Refiner,0.14409431593864186
5539,0.0030622959086091753,HOG8-ML04-H1-GPS-Sniper-Specialist-Refiner,Refiner,0.25963016012102513
5547,0.003056057424108087,HOG8-ML04-H1-GPS-Sniper-Specialist-Refiner,Refiner,0.20371919263419327
5562,0.003035724936697963,HOG8-ML04-H1-GPS-Sniper-Specialist-Exploiter,Exploiter,0.6653175836857084
5568,0.0030331842732354624,HOG8-ML04-H1-GPS-Sniper-Specialist-Refiner,Refiner,0.0836921498317397
5581,0.0030102667428099535,HOG8-ML04-H1-GPS-Sniper-Specialist-Exploiter,Exploiter,0.755560109807081
5588,0.003004024878476332,HOG8-ML04-H1-GPS-Sniper-Specialist-Refiner,Refiner,0.20735253274581258
5602,0.002993523681580342,HOG8-ML04-H1-GPS-Sniper-Specialist-Refiner,Refiner,0.34957090306509925
5610,0.0029779591359152605,HOG8-ML04-H1-GPS-Sniper-Specialist-Exploiter,Exploiter,0.5199406225129605
5623,0.0029693500613528156,HOG8-ML04-H1-GPS-Sniper-Specialist-Refiner,Refiner,0.28909310603414107
5633,0.0029588335769301062,HOG8-ML04-H1-GPS-Sniper-Specialist-Refiner,Refiner,0.3541678887775894
5642,0.0029576711537248673,HOG8-ML04-H1-GPS-Sniper-Specialist-Polisher,Polisher,0.03928653555584567
5651,0.0029545915260237154,HOG8-ML04-H1-GPS-Sniper-Specialist-Refiner,Refiner,0.10412339780483926
5661,0.002945607932978599,HOG8-ML04-H1-GPS-Sniper-Specialist-Refiner,Refiner,0.30405533103272403
5671,0.0029375642500607873,HOG8-ML04-H1-GPS-Sniper-Specialist-Refiner,Refiner,0.2730737797028558
5681,0.0029284829559820848,HOG8-ML04-H1-GPS-Sniper-Specialist-Refiner,Refiner,0.3091436750196914
5693,0.0029243131918010802,HOG8-ML04-H1-GPS-Sniper-Specialist-Refiner,Refiner,0.1423864930641603
5711,0.002915108043584625,HOG8-ML04-H1-GPS-Sniper-Specialist-Refiner,Refiner,0.31477983419367295
5717,0.0029026511934553897,HOG8-ML04-H1-GPS-Sniper-Specialist-Refiner,Refiner,0.42732035804468854
5722,0.00289815891579339,HOG8-ML04-H1-GPS-Sniper-Specialist-Refiner,Refiner,0.15476463972414284
5732,0.0028928473013742828,HOG8-ML04-H1-GPS-Sniper-Specialist-Refiner,Refiner,0.18327547154718787
5743,0.0028768919557608562,HOG8-ML04-H1-GPS-Sniper-Specialist-Exploiter,Exploiter,0.551544687680085
5759,0.002867286567834107,HOG8-ML04-H1-GPS-Sniper-Specialist-Refiner,Refiner,0.3338807322087539
5767,0.0028664329439712834,HOG8-ML04-H1-GPS-Sniper-Specialist-Polisher,Polisher,0.02977113876233526
5770,0.0028635779897699803,HOG8-ML03-H1-GPS-JADE-Specialist-Refiner,Refiner,0.0995995460946563
5778,0.002858463017103361,HOG8-ML04-H1-GPS-Sniper-Specialist-Refiner,Refiner,0.17862173423920127
5788,0.002850188943921508,HOG8-ML04-H1-GPS-Sniper-Specialist-Refiner,Refiner,0.28945881518655797
5798,0.0028351781135468276,HOG8-ML04-H1-GPS-Sniper-Specialist-Exploiter,Exploiter,0.5266608870507788
5808,0.0028212750299955324,HOG8-ML04-H1-GPS-Sniper-Specialist-Refiner,Refiner,0.49037778208235294
5817,0.0028040851113064454,HOG8-ML04-H1-GPS-Sniper-Specialist-Exploiter,Exploiter,0.6092960986194311
5827,0.002789442224771818,HOG8-ML04-H1-GPS-Sniper-Specialist-Exploiter,Exploiter,0.5221983625099452
5838,0.002779882464060796,HOG8-ML04-H1-GPS-Sniper-Specialist-Refiner,Refiner,0.3427122679267569
5850,0.002764674829386661,HOG8-ML04-H1-GPS-Sniper-Specialist-Exploiter,Exploiter,0.547060347721321
5861,0.002746822026143323,HOG8-ML04-H1-GPS-Sniper-Specialist-Exploiter,Exploiter,0.6457469447608928
5871,0.002745868536954854,HOG8-ML04-H1-GPS-Sniper-Specialist-Polisher,Polisher,0.03471244876420739
5880,0.0027439794313917107,HOG8-ML04-H1-GPS-Sniper-Specialist-Refiner,Refiner,0.06879810659975888
5891,0.0027389378465591616,HOG8-ML04-H1-GPS-Sniper-Specialist-Refiner,Refiner,0.18373260290774177
5908,0.0027342242800519434,HOG8-ML04-H1-GPS-Sniper-Specialist-Refiner,Refiner,0.17209468674653372
5912,0.002720175169233039,HOG8-ML04-H1-GPS-Sniper-Specialist-Exploiter,Exploiter,0.5138243750303256
5923,0.0027150586314612485,HOG8-ML04-H1-GPS-Sniper-Specialist-Refiner,Refiner,0.18809589285506015
5938,0.002705258342352265,HOG8-ML04-H1-GPS-Sniper-Specialist-Refiner,Refiner,0.36096049622726184
5948,0.0026998967839962987,HOG8-ML04-H1-GPS-Sniper-Specialist-Refiner,Refiner,0.19819025310921956
5958,0.0026960900554567615,HOG8-ML04-H1-GPS-Sniper-Specialist-Refiner,Refiner,0.1409953358995657
5970,0.002690944600980505,HOG8-ML04-H1-GPS-Sniper-Specialist-Refiner,Refiner,0.1908487613699024
5982,0.0026821981251875645,HOG8-ML04-H1-GPS-Sniper-Specialist-Refiner,Refiner,0.32503366251961036
5997,0.0026747646693918545,HOG8-ML04-H1-GPS-Sniper-Specialist-Refiner,Refiner,0.27714044409714206
6011,0.002670231245682837,HOG8-ML04-H1-GPS-Sniper-Specialist-Refiner,Refiner,0.16948869412307602
6022,0.0026583989374390597,HOG8-ML04-H1-GPS-Sniper-Specialist-Refiner,Refiner,0.4431192340703558
6023,0.0026565835946847677,HOG8-ML04-H1-GPS-Sniper-Specialist-Refiner,Refiner,0.06828707041392428
6033,0.0026398442410752315,HOG8-ML04-H1-GPS-Sniper-Specialist-Exploiter,Exploiter,0.6301082955954367
6044,0.0026385612277520015,HOG8-ML04-H1-GPS-Sniper-Specialist-Polisher,Polisher,0.048601857006057674
6059,0.0026364088594686753,HOG8-ML04-H1-GPS-Sniper-Specialist-Refiner,Refiner,0.08157355837294605
6069,0.002628802732098332,HOG8-ML04-H1-GPS-Sniper-Specialist-Refiner,Refiner,0.28850333069644496
6079,0.002627935591614428,HOG8-ML04-H1-GPS-Sniper-Specialist-Polisher,Polisher,0.032986137503430955
6089,0.0026204910977839987,HOG8-ML04-H1-GPS-Sniper-Specialist-Refiner,Refiner,0.2832829637904464
6099,0.0026006388863233274,HOG8-ML04-H1-GPS-Sniper-Specialist-Exploiter,Exploiter,0.7575759931968187
6110,0.0025776262214231636,HOG8-ML04-H1-GPS-Sniper-Specialist-Exploiter,Exploiter,0.8848850573290514
6118,0.002574871442720524,HOG8-ML04-H1-GPS-Sniper-Specialist-Refiner,Refiner,0.1068726985993532
6128,0.0025612573818174743,HOG8-ML04-H1-GPS-Sniper-Specialist-Exploiter,Exploiter,0.5287277911112214
6138,0.0025579454063171915,HOG8-ML04-H1-GPS-Sniper-Specialist-Refiner,Refiner,0.12931053020265232
6148,0.0025512689505110472,HOG8-ML04-H1-GPS-Sniper-Specialist-Refiner,Refiner,0.26100853402327845
6162,0.0025456507389490833,HOG8-ML04-H1-GPS-Sniper-Specialist-Refiner,Refiner,0.22021243823935172
6168,0.002544598677962661,HOG8-ML04-H1-GPS-Sniper-Specialist-Polisher,Polisher,0.04132778194295735
6178,0.0025291829332492154,HOG8-ML04-H1-GPS-Sniper-Specialist-Exploiter,Exploiter,0.6058222401415563
6191,0.002523304781730463,HOG8-ML04-H1-GPS-Sniper-Specialist-Refiner,Refiner,0.2324130627910242
6202,0.0025147920040335505,HOG8-ML04-H1-GPS-Sniper-Specialist-Refiner,Refiner,0.3373662095260062
6212,0.0025081678002498837,HOG8-ML04-H1-GPS-Sniper-Specialist-Refiner,Refiner,0.2634096089474614
6223,0.002505308108375166,HOG8-ML04-H1-GPS-Sniper-Specialist-Refiner,Refiner,0.11401517372293792
6233,0.0025003975849471768,HOG8-ML04-H1-GPS-Sniper-Specialist-Refiner,Refiner,0.19600477129234095
6248,0.002494591216931254,HOG8-ML04-H1-GPS-Sniper-Specialist-Refiner,Refiner,0.23221779011777505
6253,0.0024919033135690086,HOG8-ML04-H1-GPS-Sniper-Specialist-Refiner,Refiner,0.10774925142052534
6262,0.002490046887605212,HOG8-ML04-H1-GPS-Sniper-Specialist-Refiner,Refiner,0.07449831434822682
6273,0.0024844152192433893,HOG8-ML04-H1-GPS-Sniper-Specialist-Refiner,Refiner,0.22616716134365675
6282,0.002476128875260715,HOG8-ML04-H1-GPS-Sniper-Specialist-Refiner,Refiner,0.3335329746207895
6299,0.0024700442790009207,HOG8-ML04-H1-GPS-Sniper-Specialist-Refiner,Refiner,0.2457301928258428
6303,0.0024696393897215927,HOG8-ML04-H1-GPS-Sniper-Specialist-Polisher,Polisher,0.016391984660766967
6314,0.002465398876449666,HOG8-ML04-H1-GPS-Sniper-Specialist-Refiner,Refiner,0.17170576763454973
6323,0.002456164273866562,HOG8-ML04-H1-GPS-Sniper-Specialist-Refiner,Refiner,0.3745682968916734
6337,0.002446540211313795,HOG8-ML04-H1-GPS-Sniper-Specialist-Refiner,Refiner,0.39183301602284515
6348,0.0024359424991728593,HOG8-ML04-H1-GPS-Sniper-Specialist-Refiner,Refiner,0.43317138594034627
6357,0.0024066907788077526,HOG8-ML04-H1-GPS-Sniper-Specialist-Exploiter,Exploiter,1.200837884106019
6368,0.0023931504074121736,HOG8-ML04-H1-GPS-Sniper-Specialist-Exploiter,Exploiter,0.562613673298187
6377,0.0023825994996950896,HOG8-ML04-H1-GPS-Sniper-Specialist-Refiner,Refiner,0.4408794233912449
6387,0.00238246463111547,HOG8-ML04-H1-GPS-Sniper-Specialist-Polisher,Polisher,0.005660564422878076
6398,0.002373113614360295,HOG8-ML04-H1-GPS-Sniper-Specialist-Refiner,Refiner,0.3924934134613833
6408,0.002366189141789501,HOG8-ML04-H1-GPS-Sniper-Specialist-Refiner,Refiner,0.2917884979839217
6418,0.002363425313715479,HOG8-ML04-H1-GPS-Sniper-Specialist-Refiner,Refiner,0.11680503579404038
6427,0.0023610898894402873,HOG8-ML04-H1-GPS-Sniper-Specialist-Refiner,Refiner,0.09881523488975218
6439,0.0023541518653448284,HOG8-ML04-H1-GPS-Sniper-Specialist-Refiner,Refiner,0.29384836750554966
6450,0.002351033645901081,HOG8-ML04-H1-GPS-Sniper-Specialist-Refiner,Refiner,0.13245617199341495
6459,0.002347946104301912,HOG8-ML04-H1-GPS-Sniper-Specialist-Refiner,Refiner,0.1313269848159037
6469,0.0023415340019379755,HOG8-ML04-H1-GPS-Sniper-Specialist-Refiner,Refiner,0.27309410348849067
6480,0.002340611375650861,HOG8-ML04-H1-GPS-Sniper-Specialist-Polisher,Polisher,0.03940264315406021
6492,0.0023376727209325782,HOG8-ML04-H1-GPS-Sniper-Specialist-Refiner,Refiner,0.12555073212294968
6502,0.002335470794890293,HOG8-ML04-H1-GPS-Sniper-Specialist-Refiner,Refiner,0.09419308453951658
6509,0.002334104523544352,HOG8-ML04-H1-GPS-Sniper-Specialist-Refiner,Refiner,0.05850089621887832
6522,0.002314845112378015,HOG8-ML04-H1-GPS-Sniper-Specialist-Exploiter,Exploiter,0.8251306217037497
6533,0.0023100984199941393,HOG8-ML04-H1-GPS-Sniper-Specialist-Refiner,Refiner,0.20505442711886754
6547,0.0023079804014114165,HOG8-ML04-H1-GPS-Sniper-Specialist-Refiner,Refiner,0.09168520978981257
6552,0.0023040025921652455,HOG8-ML04-H1-GPS-Sniper-Specialist-Refiner,Refiner,0.17235021769415473
6568,0.0023013888906256354,HOG8-ML04-H1-GPS-Sniper-Specialist-Refiner,Refiner,0.11344177947099439
6571,0.0022984292035380435,HOG8-ML04-H1-GPS-Sniper-Specialist-Refiner,Refiner,0.12860438753518894
6581,0.0022881805035047456,HOG8-ML04-H1-GPS-Sniper-Specialist-Refiner,Refiner,0.4459001833740064
6593,0.00228360596540044,HOG8-ML04-H1-GPS-Sniper-Specialist-Refiner,Refiner,0.1999203339639953
6604,0.002278857920517099,HOG8-ML04-H1-GPS-Sniper-Specialist-Refiner,Refiner,0.20791874584668593
6613,0.0022749086139708195,HOG8-ML04-H1-GPS-Sniper-Specialist-Refiner,Refiner,0.17330200846323887
6627,0.0022712406107174964,HOG8-ML04-H1-GPS-Sniper-Specialist-Refiner,Refiner,0.16123738908881208
6638,0.0022623802286597413,HOG8-ML04-H1-GPS-Sniper-Specialist-Refiner,Refiner,0.39011199500153537
6645,0.002242996921367835,HOG8-ML04-H1-GPS-Sniper-Specialist-Exploiter,Exploiter,0.8567661194329479
6660,0.0022394963692788468,HOG8-ML04-H1-GPS-Sniper-Specialist-Refiner,Refiner,0.1560658445689506
6668,0.0022378230235279347,HOG8-ML04-H1-GPS-Sniper-Specialist-Refiner,Refiner,0.07471973493088976
6676,0.00223020689821771,HOG8-ML04-H1-GPS-Sniper-Specialist-Refiner,Refiner,0.34033635502676224
6688,0.002222950017661391,HOG8-ML04-H1-GPS-Sniper-Specialist-Refiner,Refiner,0.32539046319507053
6699,0.0022160393791415683,HOG8-ML04-H1-GPS-Sniper-Specialist-Refiner,Refiner,0.31087691873040296
6705,0.0022085494554229057,HOG8-ML04-H1-GPS-Sniper-Specialist-Refiner,Refiner,0.3379869414398219
6713,0.0021849938253265403,HOG8-ML04-H1-GPS-Sniper-Specialist-Exploiter,Exploiter,1.0665656609376173
6724,0.0021775135879515623,HOG8-ML04-H1-GPS-Sniper-Specialist-Refiner,Refiner,0.34234592740142394
6728,0.002176286415112083,HOG8-ML04-H1-GPS-Sniper-Specialist-Refiner,Refiner,0.05635660995500911
6738,0.0021719691062683107,HOG8-ML04-H1-GPS-Sniper-Specialist-Refiner,Refiner,0.19837962566843625
6747,0.0021623573369554715,HOG8-ML04-H1-GPS-Sniper-Specialist-Refiner,Refiner,0.442537109993858
6760,0.0021580133680133675,HOG8-ML04-H1-GPS-Sniper-Specialist-Refiner,Refiner,0.20089042952633368
6767,0.002154170325211118,HOG8-ML04-H1-GPS-Sniper-Specialist-Refiner,Refiner,0.1780824372643872
6778,0.0021516662795529303,HOG8-ML04-H1-GPS-Sniper-Specialist-Refiner,Refiner,0.11624176737010282
6788,0.0021510994955041057,HOG8-ML04-H1-GPS-Sniper-Specialist-Polisher,Polisher,0.026341633654376435
6798,0.0021292045248022798,HOG8-ML04-H1-GPS-Sniper-Specialist-Exploiter,Exploiter,1.0178502085834438
6817,0.0021184426294702983,HOG8-ML04-H1-GPS-Sniper-Specialist-Exploiter,Exploiter,0.5054420656456593
6830,0.002090605504486521,HOG8-ML04-H1-GPS-Sniper-Specialist-Exploiter,Exploiter,1.3140372364361779
6838,0.002090598512471842,HOG8-ML04-H1-GPS-Sniper-Specialist-Polisher,Polisher,0.0003344492619024412
6852,0.002089946463300279,HOG8-ML04-H1-GPS-Sniper-Specialist-Polisher,Polisher,0.03118959320371795
6862,0.002087118398033829,HOG8-ML04-H1-GPS-Sniper-Specialist-Refiner,Refiner,0.13531759382887718
6868,0.0020851618054659876,HOG8-ML04-H1-GPS-Sniper-Specialist-Refiner,Refiner,0.09374612238983657
6879,0.002084822282545718,HOG8-ML04-H1-GPS-Sniper-Specialist-Polisher,Polisher,0.016282809294694115
6892,0.0020814832876488634,HOG8-ML04-H1-GPS-Sniper-Specialist-Refiner,Refiner,0.16015729133407394
6903,0.0020813626749458403,HOG8-ML04-H1-GPS-Sniper-Specialist-Polisher,Polisher,0.005794555437399585
6908,0.002075355738970658,HOG8-ML04-H1-GPS-Sniper-Specialist-Refiner,Refiner,0.2886059237772416
6920,0.0020694941663510166,HOG8-ML04-H1-GPS-Sniper-Specialist-Refiner,Refiner,0.2824370063201237
6928,0.0020666043877139873,HOG8-ML04-H1-GPS-Sniper-Specialist-Refiner,Refiner,0.1396369549629894
6942,0.0020625805222608097,HOG8-ML04-H1-GPS-Sniper-Specialist-Refiner,Refiner,0.19470903464153808
6952,0.0020520088746508796,HOG8-ML04-H1-GPS-Sniper-Specialist-Exploiter,Exploiter,0.5125447222948877
6958,0.0020445606521438276,HOG8-ML04-H1-GPS-Sniper-Specialist-Refiner,Refiner,0.3629722365756938
6971,0.002043557692260386,HOG8-ML04-H1-GPS-Sniper-Specialist-Polisher,Polisher,0.04905503206227316
6982,0.002042009602738691,HOG8-ML04-H1-GPS-Sniper-Specialist-Refiner,Refiner,0.07575462770431919
6988,0.002032080016565117,HOG8-ML04-H1-GPS-Sniper-Specialist-Refiner,Refiner,0.48626540052783707
7001,0.0020275517604985078,HOG8-ML04-H1-GPS-Sniper-Specialist-Refiner,Refiner,0.2228384723876819
7013,0.0020217182809532464,HOG8-ML04-H1-GPS-Sniper-Specialist-Refiner,Refiner,0.28771051170733647
7022,0.0020032198411829064,HOG8-ML04-H1-GPS-Sniper-Specialist-Exploiter,Exploiter,0.9149860267187129
7032,0.0020029626210765076,HOG8-ML04-H1-GPS-Sniper-Specialist-Polisher,Polisher,0.012840333402796413
7043,0.0020017113135963127,HOG8-ML04-H1-GPS-Sniper-Specialist-Refiner,Refiner,0.06247283234483342
7052,0.001993370822851998,HOG8-ML04-H1-GPS-Sniper-Specialist-Refiner,Refiner,0.4166680123983614
7063,0.001990686424283029,HOG8-ML04-H1-GPS-Sniper-Specialist-Refiner,Refiner,0.13466629180054623
7072,0.0019814233398028134,HOG8-ML04-H1-GPS-Sniper-Specialist-Refiner,Refiner,0.46532112577960716
7083,0.001976680185659993,HOG8-ML04-H1-GPS-Sniper-Specialist-Refiner,Refiner,0.23938115835923576
7098,0.0019670224173252526,HOG8-ML04-H1-GPS-Sniper-Specialist-Refiner,Refiner,0.4885852756962793
7108,0.0019667254981991086,HOG8-ML04-H1-GPS-Sniper-Specialist-Polisher,Polisher,0.015094852174982187
7114,0.0019589325728208034,HOG8-ML04-H1-GPS-Sniper-Specialist-Refiner,Refiner,0.39623858974935827
7124,0.0019470638384136948,HOG8-ML04-H1-GPS-Sniper-Specialist-Exploiter,Exploiter,0.6058776382495915
7137,0.0019438753719933886,HOG8-ML04-H1-GPS-Sniper-Specialist-Refiner,Refiner,0.16375767231668303
7147,0.001941387563576374,HOG8-ML04-H1-GPS-Sniper-Specialist-Refiner,Refiner,0.12798188880099753
7159,0.0019393298557952826,HOG8-ML04-H1-GPS-Sniper-Specialist-Refiner,Refiner,0.10599160207356342
7170,0.0019326237537823534,HOG8-ML04-H1-GPS-Sniper-Specialist-Refiner,Refiner,0.34579481117610483
7180,0.0019320378543800942,HOG8-ML04-H1-GPS-Sniper-Specialist-Polisher,Polisher,0.030316268291362615
7188,0.0019279061994516397,HOG8-ML04-H1-GPS-Sniper-Specialist-Refiner,Refiner,0.21384958473187457
7198,0.0019233174780899879,HOG8-ML04-H1-GPS-Sniper-Specialist-Refiner,Refiner,0.23801579988471694
7211,0.0019172247534832362,HOG8-ML04-H1-GPS-Sniper-Specialist-Refiner,Refiner,0.31678205372532703
7230,0.0019121477587179018,HOG8-ML04-H1-GPS-Sniper-Specialist-Refiner,Refiner,0.2648095772866757
7242,0.0019102580961005214,HOG8-ML04-H1-GPS-Sniper-Specialist-Refiner,Refiner,0.09882408975796941
7252,0.0019049532172757276,HOG8-ML04-H1-GPS-Sniper-Specialist-Refiner,Refiner,0.2777048209151854
7259,0.0019038429037122407,HOG8-ML04-H1-GPS-Sniper-Specialist-Refiner,Refiner,0.058285607930823435
7269,0.0019010695796067504,HOG8-ML04-H1-GPS-Sniper-Specialist-Refiner,Refiner,0.14566979765413576
7283,0.0018979529661526352,HOG8-ML04-H1-GPS-Sniper-Specialist-Refiner,Refiner,0.16393999922716906
7289,0.001896740117223023,HOG8-ML04-H1-GPS-Sniper-Specialist-Refiner,Refiner,0.06390300240530919
7303,0.0018947504718158483,HOG8-ML04-H1-GPS-Sniper-Specialist-Refiner,Refiner,0.10489815600503744
7310,0.00189155763036107,HOG8-ML04-H1-GPS-Sniper-Specialist-Refiner,Refiner,0.16850986461126566
7319,0.0018871417290018608,HOG8-ML04-H1-GPS-Sniper-Specialist-Refiner,Refiner,0.23345317574946764
7329,0.0018819845502846162,HOG8-ML04-H1-GPS-Sniper-Specialist-Refiner,Refiner,0.2732798834336766
7341,0.0018791407156677315,HOG8-ML04-H1-GPS-Sniper-Specialist-Refiner,Refiner,0.15110828707146537
7358,0.0018781161201737082,HOG8-ML04-H1-GPS-Sniper-Specialist-Refiner,Refiner,0.0545246817058738
7362,0.0018764862778472549,HOG8-ML04-H1-GPS-Sniper-Specialist-Refiner,Refiner,0.08678070056193264
7374,0.0018725569689738825,HOG8-ML04-H1-GPS-Sniper-Specialist-Refiner,Refiner,0.2093971546586608
7398,0.0018602944849167961,HOG8-ML04-H1-GPS-Sniper-Specialist-Exploiter,Exploiter,0.6548523895540509
7403,0.0018597045551768583,HOG8-ML04-H1-GPS-Sniper-Specialist-Polisher,Polisher,0.03171163193359999
7413,0.0018563536584009675,HOG8-ML04-H1-GPS-Sniper-Specialist-Refiner,Refiner,0.18018436135798602
7424,0.0018562736898231707,HOG8-ML04-H1-GPS-Sniper-Specialist-Polisher,Polisher,0.004307830969325
7440,0.0018531928592013555,HOG8-ML04-H1-GPS-Sniper-Specialist-Refiner,Refiner,0.1659685551061523
7444,0.0018518470954623004,HOG8-ML04-H1-GPS-Sniper-Specialist-Refiner,Refiner,0.0726186555475436
7456,0.0018486887333402987,HOG8-ML04-H1-GPS-Sniper-Specialist-Refiner,Refiner,0.17055199264241955
7464,0.0018485317873521059,HOG8-ML04-H1-GPS-Sniper-Specialist-Polisher,Polisher,0.008489584285463855
7475,0.0018461712320643467,HOG8-ML04-H1-GPS-Sniper-Specialist-Refiner,Refiner,0.1276989286259743
7483,0.0018404641803451633,HOG8-ML04-H1-GPS-Sniper-Specialist-Refiner,Refiner,0.3091290569402866
7498,0.0018390043162616616,HOG8-ML05-H1-GPS-JADE-Specialist-Refiner,Refiner,0.0793204290032905
7498,0.0018352702492658653,HOG8-ML04-H1-GPS-Sniper-Specialist-Refiner,Refiner,0.2030482997118213
7508,0.0018342195170693537,HOG8-ML04-H1-GPS-Sniper-Specialist-Refiner,Refiner,0.05725217836075633
7519,0.0018333115226474652,HOG8-ML04-H1-GPS-Sniper-Specialist-Polisher,Polisher,0.049503040036298594
7530,0.0018250686953480743,HOG8-ML04-H1-GPS-Sniper-Specialist-Refiner,Refiner,0.4496141107261252
7539,0.0018167649089517739,HOG8-ML04-H1-GPS-Sniper-Specialist-Refiner,Refiner,0.4549848681020027
7552,0.0018137962162944944,HOG8-ML04-H1-GPS-Sniper-Specialist-Refiner,Refiner,0.16340543802072752
7568,0.0018132647971946718,HOG8-ML04-H1-GPS-Sniper-Specialist-Polisher,Polisher,0.029298721380521604
7581,0.0018030608492255768,HOG8-ML04-H1-GPS-Sniper-Specialist-Exploiter,Exploiter,0.5627389879780209
7613,0.0017992728171758424,HOG8-ML04-H1-GPS-Sniper-Specialist-Refiner,Refiner,0.21008897461011278
7632,0.0017978228368908298,HOG8-ML04-H1-GPS-Sniper-Specialist-Refiner,Refiner,0.08058701666423837
7643,0.0017967935157410693,HOG8-ML04-H1-GPS-Sniper-Specialist-Refiner,Refiner,0.05725375874858698
7652,0.001795759957524329,HOG8-ML04-H1-GPS-Sniper-Specialist-Refiner,Refiner,0.05752237013800791
7664,0.0017945082087958576,HOG8-ML04-H1-GPS-Sniper-Specialist-Refiner,Refiner,0.06970579354030847
7679,0.001794140901812181,HOG8-ML04-H1-GPS-Sniper-Specialist-Polisher,Polisher,0.020468392503093874
7682,0.0017940476694290313,HOG8-ML04-H1-GPS-Sniper-Specialist-Polisher,Polisher,0.005196491705612448
7692,0.0017928627801529122,HOG8-ML04-H1-GPS-Sniper-Specialist-Refiner,Refiner,0.06604558486989362
7702,0.00179177256477509,HOG8-ML04-H1-GPS-Sniper-Specialist-Refiner,Refiner,0.060808634653522056
7719,0.0017835471768939326,HOG8-ML04-H1-GPS-Sniper-Specialist-Refiner,Refiner,0.45906428320549464
7725,0.0017830683863150924,HOG8-ML04-H1-GPS-Sniper-Specialist-Polisher,Polisher,0.026844850814319143
7737,0.001779382204711532,HOG8-ML04-H1-GPS-Sniper-Specialist-Refiner,Refiner,0.20673248608138675
7748,0.0017779563404518224,HOG8-ML04-H1-GPS-Sniper-Specialist-Refiner,Refiner,0.08013254577538834
7758,0.0017722631837938487,HOG8-ML04-H1-GPS-Sniper-Specialist-Refiner,Refiner,0.32020789984791787
7770,0.0017718302898432783,HOG8-ML04-H1-GPS-Sniper-Specialist-Polisher,Polisher,0.0244260533384012
7778,0.0017692546131165131,HOG8-ML04-H1-GPS-Sniper-Specialist-Refiner,Refiner,0.1453681394617679
7784,0.0017666224712529336,HOG8-ML04-H1-GPS-Sniper-Specialist-Refiner,Refiner,0.1487712307807991
7797,0.0017665474518572637,HOG8-ML04-H1-GPS-Sniper-Specialist-Polisher,Polisher,0.0042464871182550145
7808,0.0017645528232601102,HOG8-ML04-H1-GPS-Sniper-Specialist-Refiner,Refiner,0.11291112475107265
7827,0.0017580373231922304,HOG8-ML04-H1-GPS-Sniper-Specialist-Refiner,Refiner,0.36924369630613013
7839,0.0017552927579273403,HOG8-ML04-H1-GPS-Sniper-Specialist-Refiner,Refiner,0.1561153013467604
7849,0.0017202849187549411,HOG8-ML04-H1-GPS-Sniper-Specialist-Exploiter,Exploiter,1.9944159750158519
7858,0.0017192306344068174,HOG8-ML04-H1-GPS-Sniper-Specialist-Refiner,Refiner,0.06128544967346232
7873,0.0017107891264082889,HOG8-ML04-H1-GPS-Sniper-Specialist-Refiner,Refiner,0.4910049780168726
7889,0.0016957520191636464,HOG8-ML04-H1-GPS-Sniper-Specialist-Exploiter,Exploiter,0.8789573777694104
7899,0.001688964188832147,HOG8-ML04-H1-GPS-Sniper-Specialist-Refiner,Refiner,0.40028437264354055
7920,0.0016880527041206353,HOG8-ML04-H1-GPS-Sniper-Specialist-Refiner,Refiner,0.05396708334840382
7931,0.0016809636509066135,HOG8-ML04-H1-GPS-Sniper-Specialist-Refiner,Refiner,0.41995449530201223
7952,0.0016809004961821509,HOG8-ML04-H1-GPS-Sniper-Specialist-Polisher,Polisher,0.003757054736346023
7963,0.0016745646659371062,HOG8-ML04-H1-GPS-Sniper-Specialist-Refiner,Refiner,0.376930714187743
7971,0.0016728731069865028,HOG8-ML04-H1-GPS-Sniper-Specialist-Refiner,Refiner,0.1010148479190976
7979,0.0016687184670605227,HOG8-ML04-H1-GPS-Sniper-Specialist-Refiner,Refiner,0.24835356062745897
7991,0.00166221952092473,HOG8-ML04-H1-GPS-Sniper-Specialist-Refiner,Refiner,0.38945731494424773
8003,0.0016615554422300522,HOG8-ML04-H1-GPS-Sniper-Specialist-Polisher,Polisher,0.039951323295032176
8011,0.0016603241667134234,HOG8-ML04-H1-GPS-Sniper-Specialist-Refiner,Refiner,0.07410378765190331
8024,0.0016594631174401693,HOG8-ML04-H1-GPS-Sniper-Specialist-Refiner,Refiner,0.05186031080656554
8032,0.0016587959316012074,HOG8-ML04-H1-GPS-Sniper-Specialist-Polisher,Polisher,0.040204921215182175
8044,0.0016487376613132073,HOG8-ML04-H1-GPS-Sniper-Specialist-Exploiter,Exploiter,0.606359715284031
8053,0.0016364527494413088,HOG8-ML04-H1-GPS-Sniper-Specialist-Exploiter,Exploiter,0.7451101627722673
8062,0.0016341807615843035,HOG8-ML04-H1-GPS-Sniper-Specialist-Refiner,Refiner,0.13883614163506608
8068,0.001629961578900718,HOG8-ML04-H1-GPS-Sniper-Specialist-Refiner,Refiner,0.2581833529538709
8072,0.0016280704004114355,HOG8-ML04-H1-GPS-Sniper-Specialist-Refiner,Refiner,0.11602595507545704
8085,0.001625383590655268,HOG8-ML04-H1-GPS-Sniper-Specialist-Refiner,Refiner,0.16503031782216024
8092,0.0016169610312031352,HOG8-ML04-H1-GPS-Sniper-Specialist-Exploiter,Exploiter,0.5181890293808868
8103,0.0016153860986897126,HOG8-ML04-H1-GPS-Sniper-Specialist-Refiner,Refiner,0.09740077113984622
8118,0.0016136806580758388,HOG8-ML04-H1-GPS-Sniper-Specialist-Refiner,Refiner,0.10557479820193624
8123,0.0016133943116495208,HOG8-ML04-H1-GPS-Sniper-Specialist-Polisher,Polisher,0.01774492523566348
8138,0.0016125097693081203,HOG8-ML04-H1-GPS-Sniper-Specialist-Refiner,Refiner,0.0548249324429695
8153,0.0016105432471052623,HOG8-ML04-H1-GPS-Sniper-Specialist-Refiner,Refiner,0.12195412643619011
8168,0.0016092788540187208,HOG8-ML04-H1-GPS-Sniper-Specialist-Refiner,Refiner,0.07850724212554656
8177,0.0016086475942097068,HOG8-ML04-H1-GPS-Sniper-Specialist-Polisher,Polisher,0.03922625388618044
8187,0.0016070257117264041,HOG8-ML04-H1-GPS-Sniper-Specialist-Refiner,Refiner,0.10082273390023741
8217,0.0016005202705444426,HOG8-ML04-H1-GPS-Sniper-Specialist-Refiner,Refiner,0.4048125138566009
8239,0.0015962708182977682,HOG8-ML04-H1-GPS-Sniper-Specialist-Refiner,Refiner,0.2655044315826654
8249,0.0015954351460413891,HOG8-ML04-H1-GPS-Sniper-Specialist-Refiner,Refiner,0.05235153376231041
8259,0.001586926434215236,HOG8-ML04-H1-GPS-Sniper-Specialist-Exploiter,Exploiter,0.5333160578331876
8272,0.0015853633196051277,HOG8-ML04-H1-GPS-Sniper-Specialist-Refiner,Refiner,0.0984995004435277
8303,0.0015843863282234264,HOG8-ML04-H1-GPS-Sniper-Specialist-Refiner,Refiner,0.06162570873310325
8322,0.0015835968638857024,HOG8-ML04-H1-GPS-Sniper-Specialist-Polisher,Polisher,0.04982776761329849
8329,0.0015780640508515965,HOG8-ML04-H1-GPS-Sniper-Specialist-Refiner,Refiner,0.3493826718329014
8341,0.001575097482196404,HOG8-ML04-H1-GPS-Sniper-Specialist-Refiner,Refiner,0.18798784837608845
8353,0.001575065886079627,HOG8-ML04-H1-GPS-Sniper-Specialist-Polisher,Polisher,0.0020059784955608656
8363,0.001573393202358509,HOG8-ML04-H1-GPS-Sniper-Specialist-Refiner,Refiner,0.10619769851541581
8382,0.0015662311697527808,HOG8-ML04-H1-GPS-Sniper-Specialist-Refiner,Refiner,0.45519661550541773
8393,0.001563748888222468,HOG8-ML04-H1-GPS-Sniper-Specialist-Refiner,Refiner,0.15848755779165052
8404,0.0015574721220212738,HOG8-ML04-H1-GPS-Sniper-Specialist-Refiner,Refiner,0.4013922087151154
8415,0.0015549808340005503,HOG8-ML04-H1-GPS-Sniper-Specialist-Refiner,Refiner,0.1599571501472709
8428,0.0015507125536386506,HOG8-ML04-H1-GPS-Sniper-Specialist-Refiner,Refiner,0.27449086629052183
8445,0.0015483888713304981,HOG8-ML04-H1-GPS-Sniper-Specialist-Refiner,Refiner,0.14984610156796185
8458,0.0015457842176111436,HOG8-ML04-H1-GPS-Sniper-Specialist-Refiner,Refiner,0.16821702658689136
8470,0.0015451325606225387,HOG8-ML04-H1-GPS-Sniper-Specialist-Polisher,Polisher,0.04215704761250788
8474,0.0015437718039523992,HOG8-ML04-H1-GPS-Sniper-Specialist-Refiner,Refiner,0.08806730922757956
8483,0.0015426286205520883,HOG8-ML04-H1-GPS-Sniper-Specialist-Refiner,Refiner,0.07405132010988177
8499,0.001538351545352261,HOG8-ML04-H1-GPS-Sniper-Specialist-Refiner,Refiner,0.27725890359123295
8509,0.001522837413305318,HOG8-ML04-H1-GPS-Sniper-Specialist-Exploiter,Exploiter,1.0084906856183273
8529,0.0015113116570759971,HOG8-ML04-H2-GPS-Sniper-Specialist-Exploiter,Exploiter,0.7568605898842562
8537,0.0015077740249147293,HOG8-ML04-H2-GPS-Sniper-Specialist-Refiner,Refiner,0.23407694532789255
8563,0.0015052502272251767,HOG8-ML04-H2-GPS-Sniper-Specialist-Refiner,Refiner,0.16738567237854596
8572,0.0015043159608305774,HOG8-ML04-H1-GPS-Sniper-Specialist-Refiner,Refiner,0.062067181768277864
8582,0.0015017596571973227,HOG8-ML04-H1-GPS-Sniper-Specialist-Refiner,Refiner,0.1699312976672351
8588,0.0014993219549696828,HOG8-ML04-H2-GPS-Sniper-Specialist-Refiner,Refiner,0.16232305988224793
8594,0.0014922164788310653,HOG8-ML04-H1-GPS-Sniper-Specialist-Refiner,Refiner,0.47391263197778166
8609,0.0014902648449580853,HOG8-ML04-H1-GPS-Sniper-Specialist-Refiner,Refiner,0.13078758348177383
8611,0.0014879061909181097,HOG8-ML04-H1-GPS-Sniper-Specialist-Refiner,Refiner,0.15827079649335707
8622,0.001484929394085893,HOG8-ML04-H1-GPS-Sniper-Specialist-Refiner,Refiner,0.20006616347094588
8634,0.0014837143856119223,HOG8-ML04-H1-GPS-Sniper-Specialist-Refiner,Refiner,0.08182264280105793
8653,0.0014827579157932708,HOG8-ML04-H1-GPS-Sniper-Specialist-Refiner,Refiner,0.06446455112430875
8669,0.0014792411524312701,HOG8-ML04-H1-GPS-Sniper-Specialist-Refiner,Refiner,0.2371771767017796
8682,0.0014792126505410895,HOG8-ML04-H1-GPS-Sniper-Specialist-Polisher,Polisher,0.001926791323634799
8693,0.0014792081235146168,HOG8-ML04-H1-GPS-Sniper-Specialist-Polisher,Polisher,0.00030604297975685884
8703,0.0014788043127946793,HOG8-ML04-H1-GPS-Sniper-Specialist-Polisher,Polisher,0.027299114540965994
8712,0.001476206121180655,HOG8-ML04-H1-GPS-Sniper-Specialist-Refiner,Refiner,0.17569543120375022
8732,0.001472179734506589,HOG8-ML04-H1-GPS-Sniper-Specialist-Refiner,Refiner,0.2727523356186763
8753,0.0014685268048969615,HOG8-ML04-H1-GPS-Sniper-Specialist-Refiner,Refiner,0.24813068160129806
8759,0.0014632640908999696,HOG8-ML04-H1-GPS-Sniper-Specialist-Refiner,Refiner,0.3583669007227437
8773,0.0014580902026531733,HOG8-ML04-H1-GPS-Sniper-Specialist-Refiner,Refiner,0.3535854039590404
8781,0.0014531954709172605,HOG8-ML04-H1-GPS-Sniper-Specialist-Refiner,Refiner,0.3356947140174362
8792,0.001452532524019634,HOG8-ML04-H1-GPS-Sniper-Specialist-Polisher,Polisher,0.04561993970488077
8803,0.0014449244605275842,HOG8-ML04-H1-GPS-Sniper-Specialist-Exploiter,Exploiter,0.5237792177620788
8817,0.0014425552499495538,HOG8-ML04-H1-GPS-Sniper-Specialist-Refiner,Refiner,0.16396778120603742
8835,0.0014419066709106933,HOG8-ML04-H1-GPS-Sniper-Specialist-Polisher,Polisher,0.04496042968774831
8849,0.0014394893574697306,HOG8-ML04-H1-GPS-Sniper-Specialist-Refiner,Refiner,0.16764701140025165
8870,0.0014384231636172748,HOG8-ML04-H1-GPS-Sniper-Specialist-Refiner,Refiner,0.07406750504428765
8878,0.0014348399573170887,HOG8-ML04-H1-GPS-Sniper-Specialist-Refiner,Refiner,0.24910654881107416
8889,0.0014347327379722198,HOG8-ML04-H1-GPS-Sniper-Specialist-Polisher,Polisher,0.007472564749967984
8899,0.001434710116168299,HOG8-ML04-H1-GPS-Sniper-Specialist-Polisher,Polisher,0.0015767259868021142
8910,0.0014306654388075595,HOG8-ML04-H1-GPS-Sniper-Specialist-Refiner,Refiner,0.28191599927807354
8918,0.0014294075508828599,HOG8-ML04-H1-GPS-Sniper-Specialist-Refiner,Refiner,0.08792327616078283
8931,0.0014253479706172253,HOG8-ML04-H1-GPS-Sniper-Specialist-Refiner,Refiner,0.2840043949066365
8941,0.0014160077420628527,HOG8-ML04-H1-GPS-Sniper-Specialist-Exploiter,Exploiter,0.6552946190625911
8951,0.0014143105635602549,HOG8-ML04-H1-GPS-Sniper-Specialist-Refiner,Refiner,0.11985658356114476
8971,0.001407429229781076,HOG8-ML04-H1-GPS-Sniper-Specialist-Refiner,Refiner,0.4865504052982799
8987,0.0014058858844217907,HOG8-ML04-H1-GPS-Sniper-Specialist-Refiner,Refiner,0.10965704893917874
9007,0.001404452792444675,HOG8-ML04-H1-GPS-Sniper-Specialist-Refiner,Refiner,0.1019351565440258
9017,0.0014037810066689182,HOG8-ML04-H1-GPS-Sniper-Specialist-Polisher,Polisher,0.04783256364120595
9027,0.0014037354266913304,HOG8-ML04-H1-GPS-Sniper-Specialist-Polisher,Polisher,0.0032469436024057624
9038,0.0014020949299770231,HOG8-ML04-H1-GPS-Sniper-Specialist-Refiner,Refiner,0.11686651794305836
9059,0.0013940029014457241,HOG8-ML04-H1-GPS-Sniper-Specialist-Exploiter,Exploiter,0.5771384203943727
9068,0.001389361148400643,HOG8-ML04-H1-GPS-Sniper-Specialist-Refiner,Refiner,0.33298015666015246
9080,0.0013879230097977309,HOG8-ML04-H1-GPS-Sniper-Specialist-Refiner,Refiner,0.10351078296436679
9089,0.0013839399804011512,HOG8-ML04-H1-GPS-Sniper-Specialist-Refiner,Refiner,0.28697769029423276
9102,0.0013814842787708379,HOG8-ML04-H1-GPS-Sniper-Specialist-Refiner,Refiner,0.17744278401448055
9112,0.0013799809924460507,HOG8-ML04-H1-GPS-Sniper-Specialist-Refiner,Refiner,0.10881675223439284
9120,0.001378418760388348,HOG8-ML04-H1-GPS-Sniper-Specialist-Refiner,Refiner,0.11320678083642977
9131,0.0013775680131888008,HOG8-ML04-H1-GPS-Sniper-Specialist-Refiner,Refiner,0.06171906709304352
9142,0.00136641409792362,HOG8-ML04-H1-GPS-Sniper-Specialist-Exploiter,Exploiter,0.8096816388296969
9163,0.0013651642983947042,HOG8-ML04-H1-GPS-Sniper-Specialist-Refiner,Refiner,0.09146564945538443
9172,0.0013650365814314607,HOG8-ML04-H1-GPS-Sniper-Specialist-Polisher,Polisher,0.009355428016515718
9182,0.0013629314629034297,HOG8-ML04-H1-GPS-Sniper-Specialist-Refiner,Refiner,0.15421700463319765
9194,0.0013606013450767152,HOG8-ML04-H1-GPS-Sniper-Specialist-Refiner,Refiner,0.1709636830711033
9207,0.0013586341316799864,HOG8-ML04-H1-GPS-Sniper-Specialist-Refiner,Refiner,0.14458411377050537
9228,0.0013585442763371374,HOG8-ML04-H1-GPS-Sniper-Specialist-Polisher,Polisher,0.006613652693823429
9238,0.0013542109400063267,HOG8-ML04-H1-GPS-Sniper-Specialist-Refiner,Refiner,0.31896909112848854
9248,0.0013536991480737287,HOG8-ML04-H1-GPS-Sniper-Specialist-Polisher,Polisher,0.03779263019360788
9258,0.0013501243294267579,HOG8-ML04-H1-GPS-Sniper-Specialist-Refiner,Refiner,0.26407777917698394
9273,0.001349872381239996,HOG8-ML04-H1-GPS-Sniper-Specialist-Polisher,Polisher,0.018661110037834536
9289,0.0013488331747118377,HOG8-ML04-H1-GPS-Sniper-Specialist-Refiner,Refiner,0.07698553897396292
9299,0.0013477024733640054,HOG8-ML04-H1-GPS-Sniper-Specialist-Refiner,Refiner,0.083828109289632
9309,0.0013471420126823883,HOG8-ML04-H1-GPS-Sniper-Specialist-Polisher,Polisher,0.041586380725276956
9328,0.00134707132139132,HOG8-ML04-H1-GPS-Sniper-Specialist-Polisher,Polisher,0.005247501035728614
9348,0.0013452887390151653,HOG8-ML04-H1-GPS-Sniper-Specialist-Refiner,Refiner,0.13233021502630077
9358,0.0013431364033604791,HOG8-ML04-H1-GPS-Sniper-Specialist-Refiner,Refiner,0.15999060961900416
9378,0.0013409470437021056,HOG8-ML04-H1-GPS-Sniper-Specialist-Refiner,Refiner,0.16300352316382713
9389,0.0013400490986206835,HOG8-ML04-H1-GPS-Sniper-Specialist-Refiner,Refiner,0.06696350058262206
9397,0.0013383559475718715,HOG8-ML04-H1-GPS-Sniper-Specialist-Refiner,Refiner,0.12634992632395128
9408,0.0013381985290490503,HOG8-ML04-H1-GPS-Sniper-Specialist-Polisher,Polisher,0.011762081911526896
9421,0.0013375102973556628,HOG8-ML04-H1-GPS-Sniper-Specialist-Refiner,Refiner,0.05142971528123166
9432,0.001337380149975406,HOG8-ML04-H1-GPS-Sniper-Specialist-Polisher,Polisher,0.009730570337593487
9442,0.0013371216267457863,HOG8-ML04-H1-GPS-Sniper-Specialist-Polisher,Polisher,0.019330571761849744
9462,0.0013292793226768913,HOG8-ML04-H1-GPS-Sniper-Specialist-Exploiter,Exploiter,0.5865064113861587
9473,0.0013288314242697289,HOG8-ML04-H1-GPS-Sniper-Specialist-Polisher,Polisher,0.033694829936907686
9494,0.0013179959795666606,HOG8-ML04-H1-GPS-Sniper-Specialist-Exploiter,Exploiter,0.8154115341622793
9512,0.0013179956205919762,HOG8-ML04-H1-GPS-Sniper-Specialist-Polisher,Polisher,2.7236402080252873E-05
9523,0.0013119378930576864,HOG8-ML04-H1-GPS-Sniper-Specialist-Refiner,Refiner,0.4596166663716988
9531,0.001311936805163722,HOG8-ML04-H1-GPS-Sniper-Specialist-Polisher,Polisher,8.292267264503425E-05
9549,0.0013103697947187743,HOG8-ML04-H1-GPS-Sniper-Specialist-Refiner,Refiner,0.11944252488229788
9557,0.001309333154179524,HOG8-ML04-H1-GPS-Sniper-Specialist-Refiner,Refiner,0.07911053379194062
9578,0.0013088519936413244,HOG8-ML04-H1-GPS-Sniper-Specialist-Polisher,Polisher,0.03674851863818363
9590,0.0013085983513918841,HOG8-ML04-H1-GPS-Sniper-Specialist-Polisher,Polisher,0.01937898636916023
9599,0.0013076923159787827,HOG8-ML04-H1-GPS-Sniper-Specialist-Refiner,Refiner,0.06923708960337153
9611,0.0013055860607535004,HOG8-ML04-H1-GPS-Sniper-Specialist-Refiner,Refiner,0.16106657503036606
9634,0.0013054998485160063,HOG8-ML04-H1-GPS-Sniper-Specialist-Polisher,Polisher,0.006603336240000091
9660,0.0013047192339004584,HOG8-ML04-H1-GPS-Sniper-Specialist-Refiner,Refiner,0.05979430916328134
9668,0.0013038630630308285,HOG8-ML04-H1-GPS-Sniper-Specialist-Refiner,Refiner,0.06562108133183343
9699,0.0013036000132149717,HOG8-ML04-H1-GPS-Sniper-Specialist-Polisher,Polisher,0.020174650491701578
9710,0.0013022106501420258,HOG8-ML04-H1-GPS-Sniper-Specialist-Refiner,Refiner,0.10657893977152048
9719,0.0013018780883645251,HOG8-ML04-H1-GPS-Sniper-Specialist-Polisher,Polisher,0.02553824739986237
9732,0.0012965195588589735,HOG8-ML04-H1-GPS-Sniper-Specialist-Refiner,Refiner,0.41159994575861
9740,0.0012965133719573963,HOG8-ML04-H1-GPS-Sniper-Specialist-Polisher,Polisher,0.00047719307702952517
9748,0.0012871299810166166,HOG8-ML04-H1-GPS-Sniper-Specialist-Exploiter,Exploiter,0.7237403904761307
9761,0.0012871227048766873,HOG8-ML04-H1-GPS-Sniper-Specialist-Polisher,Polisher,0.0005652995452360618
9772,0.0012835518872706874,HOG8-ML04-H1-GPS-Sniper-Specialist-Refiner,Refiner,0.2774263551152243
9781,0.0012825485533361127,HOG8-ML04-H1-GPS-Sniper-Specialist-Refiner,Refiner,0.07816855278894796
9794,0.0012815075119565074,HOG8-ML04-H1-GPS-Sniper-Specialist-Refiner,Refiner,0.08116974417049239
9821,0.0012807597426054565,HOG8-ML04-H1-GPS-Sniper-Specialist-Refiner,Refiner,0.05835075831192534
9839,0.0012794409538052,HOG8-ML04-H1-GPS-Sniper-Specialist-Refiner,Refiner,0.10296925772930547
9849,0.0012766929129094063,HOG8-ML04-H1-GPS-Sniper-Specialist-Refiner,Refiner,0.21478450315511755
9859,0.0012754759376056755,HOG8-ML04-H1-GPS-Sniper-Specialist-Refiner,Refiner,0.09532247664456249
9868,0.0012753758926733543,HOG8-ML04-H1-GPS-Sniper-Specialist-Polisher,Polisher,0.00784373341522716
9877,0.0012685501404274188,HOG8-ML04-H1-GPS-Sniper-Specialist-Exploiter,Exploiter,0.5351953322269416
9888,0.0012682480755481823,HOG8-ML04-H1-GPS-Sniper-Specialist-Polisher,Polisher,0.023811820251325673
9901,0.0012679276922252277,HOG8-ML04-H2-GPS-Sniper-Specialist-Polisher,Polisher,0.025261881262158524
9907,0.0012651026987267635,HOG8-ML04-H1-GPS-Sniper-Specialist-Refiner,Refiner,0.22280399077855817
9922,0.0012616009180028466,HOG8-ML04-H1-GPS-Sniper-Specialist-Refiner,Refiner,0.27679813879467435
9939,0.0012615923528629198,HOG8-ML04-H1-GPS-Sniper-Specialist-Polisher,Polisher,0.0006789104069688155
9949,0.0012596992493959128,HOG8-ML04-H1-GPS-Sniper-Specialist-Refiner,Refiner,0.150056669471013
9963,0.001259022647785271,HOG8-ML04-H1-GPS-Sniper-Specialist-Refiner,Refiner,0.05371136094319428
9982,0.001257982039089365,HOG8-ML04-H1-GPS-Sniper-Specialist-Refiner,Refiner,0.08265210302106911
9988,0.0012572529288374388,HOG8-ML04-H1-GPS-Sniper-Specialist-Refiner,Refiner,0.05795871715735822
9998,0.001256791777168374,HOG8-ML04-H1-GPS-Sniper-Specialist-Polisher,Polisher,0.036679307598916557
10018,0.0012544980904799024,HOG8-ML04-H1-GPS-Sniper-Specialist-Refiner,Refiner,0.18250331758531402
10029,0.0012539773813381048,HOG8-ML04-H1-GPS-Sniper-Specialist-Polisher,Polisher,0.04150736822551373
10000,0.0012539773813381048,Final,Final,0
