TimeMs,BestQuality,Source,Role,DeltaPct
6,562228.4709680198,HOG8-ML00-H2-GPS-GradientEstimation-Escape-Specialist-Global Explorer,Global Explorer,100
16,528664.3440085498,HOG8-ML04-H2-GPS-Sniper-Specialist-Local Explorer,Local Explorer,5.969837653664315
20,413.58167257893524,HOG8-ML01-H2-GPS-GradientEstimation-Escape-Specialist-Global Explorer,Global Explorer,99.92176857068836
20,228.0472170528192,HOG8-ML00-H1-GPS-GradientEstimation-Escape-Specialist-Local Explorer,Local Explorer,44.8604152038931
22,29.833038936034782,HOG8-ML06-H2-GPS-Spray-Specialist-Global Explorer,Global Explorer,86.91804297303702
30,29.378066688351346,HOG8-ML01-H1-GPS-GradientEstimation-Escape-Specialist-Exploiter,Exploiter,1.5250616896888887
31,29.00175456513982,HOG8-ML06-H1-GPS-Spray-Specialist-Exploiter,Exploiter,1.2809288208224325
39,26.373727728975243,HOG8-ML00-H1-GPS-GradientEstimation-Escape-Specialist-Local Explorer,Local Explorer,9.061613256059587
50,21.89659873898869,HOG8-ML00-H1-GPS-GradientEstimation-Escape-Specialist-Local Explorer,Local Explorer,16.97571551505705
59,21.721062459055087,HOG8-ML00-H1-GPS-GradientEstimation-Escape-Specialist-Exploiter,Exploiter,0.8016600296056297
72,21.568414773602264,HOG8-ML00-H1-GPS-GradientEstimation-Escape-Specialist-Exploiter,Exploiter,0.7027634386695828
82,21.34845711843596,HOG8-ML00-H1-GPS-GradientEstimation-Escape-Specialist-Exploiter,Exploiter,1.0198137298227037
97,21.136584693943185,HOG8-ML00-H1-GPS-GradientEstimation-Escape-Specialist-Exploiter,Exploiter,0.9924484159082737
104,20.953224499157766,HOG8-ML00-H1-GPS-GradientEstimation-Escape-Specialist-Exploiter,Exploiter,0.8675015261002
116,20.777827084044098,HOG8-ML00-H1-GPS-GradientEstimation-Escape-Specialist-Exploiter,Exploiter,0.8370903252657765
127,20.570167862185404,HOG8-ML00-H1-GPS-GradientEstimation-Escape-Specialist-Exploiter,Exploiter,0.9994270383459017
140,20.344477963278177,HOG8-ML00-H1-GPS-GradientEstimation-Escape-Specialist-Exploiter,Exploiter,1.0971709147892645
151,20.160938663028432,HOG8-ML00-H1-GPS-GradientEstimation-Escape-Specialist-Exploiter,Exploiter,0.9021578267136346
161,19.948479932288645,HOG8-ML00-H1-GPS-GradientEstimation-Escape-Specialist-Exploiter,Exploiter,1.053813685418319
171,19.767457871630967,HOG8-ML00-H1-GPS-GradientEstimation-Escape-Specialist-Exploiter,Exploiter,0.9074478921307474
187,19.556335977874994,HOG8-ML00-H1-GPS-GradientEstimation-Escape-Specialist-Exploiter,Exploiter,1.0680275386293439
194,19.38440578118144,HOG8-ML00-H1-GPS-GradientEstimation-Escape-Specialist-Exploiter,Exploiter,0.8791534206001989
206,19.2053362006773,HOG8-ML00-H1-GPS-GradientEstimation-Escape-Specialist-Exploiter,Exploiter,0.9237816341937072
217,18.986059771200974,HOG8-ML00-H1-GPS-GradientEstimation-Escape-Specialist-Exploiter,Exploiter,1.1417474142868382
230,18.78486780463308,HOG8-ML00-H1-GPS-GradientEstimation-Escape-Specialist-Exploiter,Exploiter,1.0596825723316856
240,18.562381327080892,HOG8-ML00-H1-GPS-GradientEstimation-Escape-Specialist-Exploiter,Exploiter,1.184392032278844
250,18.38264077293974,HOG8-ML00-H1-GPS-GradientEstimation-Escape-Specialist-Exploiter,Exploiter,0.9683054720943894
261,18.209451822239643,HOG8-ML00-H1-GPS-GradientEstimation-Escape-Specialist-Exploiter,Exploiter,0.94213313984268
273,18.0433461325273,HOG8-ML00-H1-GPS-GradientEstimation-Escape-Specialist-Exploiter,Exploiter,0.9121948938049492
284,17.924477312152042,HOG8-ML00-H1-GPS-GradientEstimation-Escape-Specialist-Exploiter,Exploiter,0.6587958768965244
300,17.81309700527176,HOG8-ML00-H1-GPS-GradientEstimation-Escape-Specialist-Exploiter,Exploiter,0.6213866376163198
315,17.70975846451783,HOG8-ML00-H1-GPS-GradientEstimation-Escape-Specialist-Exploiter,Exploiter,0.5801267501285624
326,17.533041851273968,HOG8-ML00-H1-GPS-GradientEstimation-Escape-Specialist-Exploiter,Exploiter,0.9978488052105297
340,17.32561611195988,HOG8-ML00-H1-GPS-GradientEstimation-Escape-Specialist-Exploiter,Exploiter,1.1830562036730345
350,17.120102449482694,HOG8-ML00-H1-GPS-GradientEstimation-Escape-Specialist-Exploiter,Exploiter,1.186183862952622
360,16.89775453902127,HOG8-ML00-H1-GPS-GradientEstimation-Escape-Specialist-Exploiter,Exploiter,1.2987533872388788
375,16.690327438133636,HOG8-ML00-H1-GPS-GradientEstimation-Escape-Specialist-Exploiter,Exploiter,1.227542395698982
386,16.50946217541726,HOG8-ML00-H1-GPS-GradientEstimation-Escape-Specialist-Exploiter,Exploiter,1.0836531720950004
397,16.335355757822686,HOG8-ML00-H1-GPS-GradientEstimation-Escape-Specialist-Exploiter,Exploiter,1.0545856415227044
407,16.119580727561747,HOG8-ML00-H1-GPS-GradientEstimation-Escape-Specialist-Exploiter,Exploiter,1.3209080564872844
417,15.91364127136327,HOG8-ML00-H1-GPS-GradientEstimation-Escape-Specialist-Exploiter,Exploiter,1.277573279845645
427,15.747187192288386,HOG8-ML00-H1-GPS-GradientEstimation-Escape-Specialist-Exploiter,Exploiter,1.045983607626112
439,15.526053746661217,HOG8-ML00-H1-GPS-GradientEstimation-Escape-Specialist-Exploiter,Exploiter,1.404272667409841
451,15.347556954160506,HOG8-ML00-H1-GPS-GradientEstimation-Escape-Specialist-Exploiter,Exploiter,1.1496597616705784
460,15.178692876663762,HOG8-ML00-H1-GPS-GradientEstimation-Escape-Specialist-Exploiter,Exploiter,1.1002668242320326
471,14.996487550493205,HOG8-ML00-H1-GPS-GradientEstimation-Escape-Specialist-Exploiter,Exploiter,1.2004019558936172
486,14.789749483830454,HOG8-ML00-H1-GPS-GradientEstimation-Escape-Specialist-Exploiter,Exploiter,1.37857658979587
494,14.581783075695492,HOG8-ML00-H1-GPS-GradientEstimation-Escape-Specialist-Exploiter,Exploiter,1.4061523378900347
517,14.298433653175545,HOG8-ML00-H1-GPS-GradientEstimation-Escape-Specialist-Exploiter,Exploiter,1.9431740346777355
526,14.11993982125431,HOG8-ML00-H1-GPS-GradientEstimation-Escape-Specialist-Exploiter,Exploiter,1.2483453520210845
540,13.911862129974834,HOG8-ML00-H1-GPS-GradientEstimation-Escape-Specialist-Exploiter,Exploiter,1.4736443208225491
550,13.701278767844961,HOG8-ML00-H1-GPS-GradientEstimation-Escape-Specialist-Exploiter,Exploiter,1.5136964423773616
560,13.486366890701689,HOG8-ML00-H1-GPS-GradientEstimation-Escape-Specialist-Exploiter,Exploiter,1.5685534232588676
571,13.27987710082473,HOG8-ML00-H1-GPS-GradientEstimation-Escape-Specialist-Exploiter,Exploiter,1.5311001958527797
581,13.099637717809115,HOG8-ML00-H1-GPS-GradientEstimation-Escape-Specialist-Exploiter,Exploiter,1.3572368301843876
596,12.894614399351072,HOG8-ML00-H1-GPS-GradientEstimation-Escape-Specialist-Exploiter,Exploiter,1.5651067829098138
606,12.688350345919076,HOG8-ML00-H1-GPS-GradientEstimation-Escape-Specialist-Exploiter,Exploiter,1.5996139709488024
617,12.508574260278314,HOG8-ML00-H1-GPS-GradientEstimation-Escape-Specialist-Exploiter,Exploiter,1.4168594083515622
627,12.33077034568635,HOG8-ML00-H1-GPS-GradientEstimation-Escape-Specialist-Exploiter,Exploiter,1.4214562818449283
641,12.122964422027644,HOG8-ML00-H1-GPS-GradientEstimation-Escape-Specialist-Exploiter,Exploiter,1.685263108735148
650,11.944903891008558,HOG8-ML00-H1-GPS-GradientEstimation-Escape-Specialist-Exploiter,Exploiter,1.4687870459765404
659,11.776381924135372,HOG8-ML00-H1-GPS-GradientEstimation-Escape-Specialist-Exploiter,Exploiter,1.4108273152372521
671,11.609751560451882,HOG8-ML00-H1-GPS-GradientEstimation-Escape-Specialist-Exploiter,Exploiter,1.4149538012348741
687,11.393154148624214,HOG8-ML00-H1-GPS-GradientEstimation-Escape-Specialist-Exploiter,Exploiter,1.865650704925478
697,11.175984789535915,HOG8-ML00-H1-GPS-GradientEstimation-Escape-Specialist-Exploiter,Exploiter,1.906139039771732
706,10.969395099973797,HOG8-ML00-H1-GPS-GradientEstimation-Escape-Specialist-Exploiter,Exploiter,1.8485144123992432
723,10.790188357903876,HOG8-ML00-H1-GPS-GradientEstimation-Escape-Specialist-Exploiter,Exploiter,1.6336975780036302
729,10.655079736800147,HOG8-ML00-H1-GPS-GradientEstimation-Escape-Specialist-Exploiter,Exploiter,1.2521433048456587
739,10.478456275136143,HOG8-ML00-H1-GPS-GradientEstimation-Escape-Specialist-Exploiter,Exploiter,1.657645611547965
750,10.2725435471711,HOG8-ML00-H1-GPS-GradientEstimation-Escape-Specialist-Exploiter,Exploiter,1.9651055704993834
760,10.092772277430756,HOG8-ML00-H1-GPS-GradientEstimation-Escape-Specialist-Exploiter,Exploiter,1.7500171103178301
772,9.926973438151755,HOG8-ML00-H1-GPS-GradientEstimation-Escape-Specialist-Exploiter,Exploiter,1.6427482432131804
786,9.749268722104897,HOG8-ML00-H1-GPS-GradientEstimation-Escape-Specialist-Exploiter,Exploiter,1.7901197898233066
795,9.578488729162427,HOG8-ML00-H1-GPS-GradientEstimation-Escape-Specialist-Exploiter,Exploiter,1.7517210552957143
806,9.377367443859063,HOG8-ML00-H1-GPS-GradientEstimation-Escape-Specialist-Exploiter,Exploiter,2.099718347958534
817,9.296267960687151,HOG8-ML00-H1-GPS-GradientEstimation-Escape-Specialist-Exploiter,Exploiter,0.8648427573883847
829,9.257284572521362,HOG8-ML00-H1-GPS-GradientEstimation-Escape-Specialist-Refiner,Refiner,0.41934449749776515
842,9.158277134568442,HOG8-ML00-H1-GPS-GradientEstimation-Escape-Specialist-Exploiter,Exploiter,1.0695084198535583
855,8.942238355516736,HOG8-ML00-H1-GPS-GradientEstimation-Escape-Specialist-Exploiter,Exploiter,2.358945638762724
866,8.811325272517095,HOG8-ML00-H1-GPS-GradientEstimation-Escape-Specialist-Exploiter,Exploiter,1.4639856129408173
877,8.60785339322564,HOG8-ML00-H1-GPS-GradientEstimation-Escape-Specialist-Exploiter,Exploiter,2.309208580984902
886,8.39168268096017,HOG8-ML00-H1-GPS-GradientEstimation-Escape-Specialist-Exploiter,Exploiter,2.5113196332502077
897,8.174962746797645,HOG8-ML00-H1-GPS-GradientEstimation-Escape-Specialist-Exploiter,Exploiter,2.582556352544632
910,8.006782577813585,HOG8-ML00-H1-GPS-GradientEstimation-Escape-Specialist-Exploiter,Exploiter,2.0572591483666494
920,7.830064231359258,HOG8-ML00-H1-GPS-GradientEstimation-Escape-Specialist-Exploiter,Exploiter,2.2071080953790965
928,7.655073371007372,HOG8-ML00-H1-GPS-GradientEstimation-Escape-Specialist-Exploiter,Exploiter,2.2348585551961486
940,7.4535098386817955,HOG8-ML00-H1-GPS-GradientEstimation-Escape-Specialist-Exploiter,Exploiter,2.633071200714721
949,7.273288594900767,HOG8-ML00-H1-GPS-GradientEstimation-Escape-Specialist-Exploiter,Exploiter,2.4179379605260176
960,7.1014154962804215,HOG8-ML00-H1-GPS-GradientEstimation-Escape-Specialist-Exploiter,Exploiter,2.3630727198264068
971,6.967239703716578,HOG8-ML00-H1-GPS-GradientEstimation-Escape-Specialist-Exploiter,Exploiter,1.8894232091351704
988,6.7893242618866365,HOG8-ML00-H1-GPS-GradientEstimation-Escape-Specialist-Exploiter,Exploiter,2.5536001256714993
995,6.612785166997728,HOG8-ML00-H1-GPS-GradientEstimation-Escape-Specialist-Exploiter,Exploiter,2.6002454453376056
1016,6.301535607326289,HOG8-ML00-H1-GPS-GradientEstimation-Escape-Specialist-Exploiter,Exploiter,4.706784687710481
1030,6.103598486972068,HOG8-ML00-H1-GPS-GradientEstimation-Escape-Specialist-Exploiter,Exploiter,3.1410934205322225
1040,5.890560176819394,HOG8-ML00-H1-GPS-GradientEstimation-Escape-Specialist-Exploiter,Exploiter,3.490372287878988
1057,5.699208315175969,HOG8-ML00-H1-GPS-GradientEstimation-Escape-Specialist-Exploiter,Exploiter,3.2484493138094823
1065,5.541003927326273,HOG8-ML00-H1-GPS-GradientEstimation-Escape-Specialist-Exploiter,Exploiter,2.775901126976301
1076,5.367274346111292,HOG8-ML00-H1-GPS-GradientEstimation-Escape-Specialist-Exploiter,Exploiter,3.135344848939882
1087,5.235081794103324,HOG8-ML00-H1-GPS-GradientEstimation-Escape-Specialist-Exploiter,Exploiter,2.4629363711162724
1095,5.1209755540896005,HOG8-ML00-H1-GPS-GradientEstimation-Escape-Specialist-Exploiter,Exploiter,2.17964579163309
1106,5.027077042370976,HOG8-ML00-H1-GPS-GradientEstimation-Escape-Specialist-Exploiter,Exploiter,1.8336059355650902
1121,4.926318522480265,HOG8-ML00-H1-GPS-GradientEstimation-Escape-Specialist-Exploiter,Exploiter,2.004316206842731
1135,4.818308333215901,HOG8-ML00-H1-GPS-GradientEstimation-Escape-Specialist-Exploiter,Exploiter,2.192513309309592
1145,4.726021169902217,HOG8-ML00-H1-GPS-GradientEstimation-Escape-Specialist-Exploiter,Exploiter,1.9153436627848301
1155,4.650247285851244,HOG8-ML00-H1-GPS-GradientEstimation-Escape-Specialist-Exploiter,Exploiter,1.603333572298419
1166,4.589392132899711,HOG8-ML00-H1-GPS-GradientEstimation-Escape-Specialist-Exploiter,Exploiter,1.3086433733683385
1181,4.541271866204427,HOG8-ML00-H1-GPS-GradientEstimation-Escape-Specialist-Exploiter,Exploiter,1.0485106807571876
1188,4.498148749024843,HOG8-ML00-H1-GPS-GradientEstimation-Escape-Specialist-Exploiter,Exploiter,0.9495823736187549
1201,4.449170972181087,HOG8-ML00-H1-GPS-GradientEstimation-Escape-Specialist-Exploiter,Exploiter,1.088842979111647
1211,4.416077351525976,HOG8-ML00-H1-GPS-GradientEstimation-Escape-Specialist-Exploiter,Exploiter,0.7438154402703945
1222,4.383268176381208,HOG8-ML00-H1-GPS-GradientEstimation-Escape-Specialist-Exploiter,Exploiter,0.7429483800466293
1234,4.355960377176116,HOG8-ML00-H1-GPS-GradientEstimation-Escape-Specialist-Exploiter,Exploiter,0.6230008775697808
1242,4.335972333043078,HOG8-ML00-H1-GPS-GradientEstimation-Escape-Specialist-Refiner,Refiner,0.45886652775283504
1256,4.308541980844098,HOG8-ML00-H1-GPS-GradientEstimation-Escape-Specialist-Exploiter,Exploiter,0.6326228603891676
1260,4.212791578249355,HOG8-ML02-H2-GPS-GradientEstimation-Escape-Specialist-Exploiter,Exploiter,2.222338856635311
1266,4.140753485825038,HOG8-ML00-H1-GPS-GradientEstimation-Escape-Specialist-Exploiter,Exploiter,1.709984723579724
1271,4.040275939540206,HOG8-ML02-H2-GPS-GradientEstimation-Escape-Specialist-Exploiter,Exploiter,2.4265522356932148
1276,3.9653114160891847,HOG8-ML00-H1-GPS-GradientEstimation-Escape-Specialist-Exploiter,Exploiter,1.8554307817785431
1287,3.861623918148644,HOG8-ML02-H2-GPS-GradientEstimation-Escape-Specialist-Exploiter,Exploiter,2.614863930228289
1289,3.7558654115441095,HOG8-ML00-H1-GPS-GradientEstimation-Escape-Specialist-Exploiter,Exploiter,2.738705499194177
1297,3.6545868061754065,HOG8-ML02-H2-GPS-GradientEstimation-Escape-Specialist-Exploiter,Exploiter,2.696545117335962
1302,3.5491349836690764,HOG8-ML00-H1-GPS-GradientEstimation-Escape-Specialist-Exploiter,Exploiter,2.885464981380136
1306,3.451536048308522,HOG8-ML02-H2-GPS-GradientEstimation-Escape-Specialist-Exploiter,Exploiter,2.7499358522469377
1310,3.370927420431232,HOG8-ML00-H1-GPS-GradientEstimation-Escape-Specialist-Exploiter,Exploiter,2.3354421552917994
1317,3.271797527569124,HOG8-ML02-H2-GPS-GradientEstimation-Escape-Specialist-Exploiter,Exploiter,2.9407305616039308
1322,3.2027294045913814,HOG8-ML00-H1-GPS-GradientEstimation-Escape-Specialist-Exploiter,Exploiter,2.1110145843608636
1330,3.0935086189617524,HOG8-ML02-H2-GPS-GradientEstimation-Escape-Specialist-Exploiter,Exploiter,3.410240823750262
1330,3.0568939678765052,HOG8-ML00-H1-GPS-GradientEstimation-Escape-Specialist-Exploiter,Exploiter,1.183596220188837
1340,2.9268250498805966,HOG8-ML02-H2-GPS-GradientEstimation-Escape-Specialist-Exploiter,Exploiter,4.254937180116262
1345,2.8825904374168516,HOG8-ML00-H1-GPS-GradientEstimation-Escape-Specialist-Exploiter,Exploiter,1.5113514374748687
1349,2.7887627453835986,HOG8-ML02-H2-GPS-GradientEstimation-Escape-Specialist-Exploiter,Exploiter,3.2549782589764624
1356,2.6781337613331835,HOG8-ML00-H1-GPS-GradientEstimation-Escape-Specialist-Exploiter,Exploiter,3.966955748872711
1360,2.5730571329281497,HOG8-ML02-H2-GPS-GradientEstimation-Escape-Specialist-Exploiter,Exploiter,3.9235018773941395
1370,2.467808919594957,HOG8-ML00-H1-GPS-GradientEstimation-Escape-Specialist-Exploiter,Exploiter,4.090395506042261
1370,2.366742678298219,HOG8-ML02-H2-GPS-GradientEstimation-Escape-Specialist-Exploiter,Exploiter,4.095383580724155
1380,2.2958762062059352,HOG8-ML00-H1-GPS-GradientEstimation-Escape-Specialist-Exploiter,Exploiter,2.9942618072548286
1386,2.1636372036593037,HOG8-ML02-H2-GPS-GradientEstimation-Escape-Specialist-Local Explorer,Local Explorer,5.759848993128596
1388,2.1362952732626987,HOG8-ML00-H1-GPS-GradientEstimation-Escape-Specialist-Exploiter,Exploiter,1.2637021747621195
1393,1.9909996370292398,HOG8-ML02-H2-GPS-GradientEstimation-Escape-Specialist-Local Explorer,Local Explorer,6.801289973906714
1398,1.961419421324893,HOG8-ML00-H1-GPS-GradientEstimation-Escape-Specialist-Exploiter,Exploiter,1.4856966899543615
1405,1.8232208716524507,HOG8-ML02-H2-GPS-GradientEstimation-Escape-Specialist-Local Explorer,Local Explorer,7.045843850118113
1409,1.7937623397455216,HOG8-ML00-H1-GPS-GradientEstimation-Escape-Specialist-Exploiter,Exploiter,1.6157412612455353
1416,1.668455281281906,HOG8-ML02-H2-GPS-GradientEstimation-Escape-Specialist-Local Explorer,Local Explorer,6.985711300048406
1422,1.6314998130528027,HOG8-ML00-H1-GPS-GradientEstimation-Escape-Specialist-Exploiter,Exploiter,2.214951077424727
1426,1.5121248954378332,HOG8-ML02-H2-GPS-GradientEstimation-Escape-Specialist-Local Explorer,Local Explorer,7.316882089713481
1431,1.4849864879136647,HOG8-ML00-H1-GPS-GradientEstimation-Escape-Specialist-Exploiter,Exploiter,1.794719973597858
1440,1.3440036569006186,HOG8-ML02-H2-GPS-GradientEstimation-Escape-Specialist-Local Explorer,Local Explorer,9.493879719479486
1442,1.3227693412521924,HOG8-ML00-H1-GPS-GradientEstimation-Escape-Specialist-Exploiter,Exploiter,1.5799299011874948
1450,1.191128576062428,HOG8-ML02-H2-GPS-GradientEstimation-Escape-Specialist-Local Explorer,Local Explorer,9.95190628361158
1452,1.1856751240934729,HOG8-ML00-H1-GPS-GradientEstimation-Escape-Specialist-Refiner,Refiner,0.457839067800961
1461,1.0734269932547829,HOG8-ML02-H2-GPS-GradientEstimation-Escape-Specialist-Local Explorer,Local Explorer,9.467022505385794
1467,1.0498696573146873,HOG8-ML00-H1-GPS-GradientEstimation-Escape-Specialist-Exploiter,Exploiter,2.194591349772786
1471,0.966364459637973,HOG8-ML02-H2-GPS-GradientEstimation-Escape-Specialist-Local Explorer,Local Explorer,7.953863329120338
1477,0.9311221700656889,HOG8-ML00-H1-GPS-GradientEstimation-Escape-Specialist-Exploiter,Exploiter,3.6468942147858883
1481,0.8776085829458027,HOG8-ML02-H2-GPS-GradientEstimation-Escape-Specialist-Local Explorer,Local Explorer,5.747214365662769
1489,0.8408966881141898,HOG8-ML00-H1-GPS-GradientEstimation-Escape-Specialist-Exploiter,Exploiter,4.183174087516875
1497,0.7901003352076159,HOG8-ML02-H2-GPS-GradientEstimation-Escape-Specialist-Local Explorer,Local Explorer,6.040736469124494
1500,0.7615104604145746,HOG8-ML00-H1-GPS-GradientEstimation-Escape-Specialist-Exploiter,Exploiter,3.6185119179235268
1502,0.720015764381923,HOG8-ML02-H2-GPS-GradientEstimation-Escape-Specialist-Local Explorer,Local Explorer,5.448998824003203
1526,0.6449748673172491,HOG8-ML00-H1-GPS-GradientEstimation-Escape-Specialist-Local Explorer,Local Explorer,10.42211862251248
1531,0.5902298000466069,HOG8-ML02-H2-GPS-GradientEstimation-Escape-Specialist-Local Explorer,Local Explorer,8.487938064680325
1546,0.5812486250209978,HOG8-ML00-H1-GPS-GradientEstimation-Escape-Specialist-Exploiter,Exploiter,1.5216403890314982
1547,0.5582255266158911,HOG8-ML02-H2-GPS-GradientEstimation-Escape-Specialist-Exploiter,Exploiter,3.9609725363694457
1556,0.5228173210815181,HOG8-ML02-H2-GPS-GradientEstimation-Escape-Specialist-Local Explorer,Local Explorer,6.342992902712054
1570,0.4893587408778528,HOG8-ML02-H2-GPS-GradientEstimation-Escape-Specialist-Local Explorer,Local Explorer,6.399669416929749
1580,0.4663062032556619,HOG8-ML00-H1-GPS-GradientEstimation-Escape-Specialist-Exploiter,Exploiter,4.710764454894035
1581,0.4429265961396985,HOG8-ML02-H2-GPS-GradientEstimation-Escape-Specialist-Local Explorer,Local Explorer,5.013788569127201
1596,0.43187771100640737,HOG8-ML00-H1-GPS-GradientEstimation-Escape-Specialist-Exploiter,Exploiter,2.494518330934976
1596,0.4120369943513679,HOG8-ML02-H2-GPS-GradientEstimation-Escape-Specialist-Exploiter,Exploiter,4.594058954513883
1604,0.3823838571165851,HOG8-ML02-H2-GPS-GradientEstimation-Escape-Specialist-Local Explorer,Local Explorer,7.196717198042621
1615,0.3674673510310482,HOG8-ML00-H1-GPS-GradientEstimation-Escape-Specialist-Exploiter,Exploiter,3.9009246357879093
1615,0.35154568762658345,HOG8-ML02-H2-GPS-GradientEstimation-Escape-Specialist-Exploiter,Exploiter,4.332810346222979
1627,0.3382323364514918,HOG8-ML00-H1-GPS-GradientEstimation-Escape-Specialist-Exploiter,Exploiter,3.787089884383181
1627,0.3236446279453338,HOG8-ML02-H2-GPS-GradientEstimation-Escape-Specialist-Exploiter,Exploiter,4.312925446219173
1637,0.31659406549145175,HOG8-ML00-H1-GPS-GradientEstimation-Escape-Specialist-Exploiter,Exploiter,2.1784889490187744
1637,0.30412775455722163,HOG8-ML02-H2-GPS-GradientEstimation-Escape-Specialist-Exploiter,Exploiter,3.93763253738776
1647,0.28485518172604546,HOG8-ML02-H2-GPS-GradientEstimation-Escape-Specialist-Local Explorer,Local Explorer,6.336999021754865
1657,0.2643653234285075,HOG8-ML02-H2-GPS-GradientEstimation-Escape-Specialist-Local Explorer,Local Explorer,7.193079014179118
1670,0.24897404852834323,HOG8-ML02-H2-GPS-GradientEstimation-Escape-Specialist-Local Explorer,Local Explorer,5.821971921490124
1679,0.23478740679635524,HOG8-ML02-H2-GPS-GradientEstimation-Escape-Specialist-Local Explorer,Local Explorer,5.698040344302386
1692,0.2216593677571299,HOG8-ML02-H2-GPS-GradientEstimation-Escape-Specialist-Local Explorer,Local Explorer,5.591457914355703
1702,0.20781791525532517,HOG8-ML02-H2-GPS-GradientEstimation-Escape-Specialist-Local Explorer,Local Explorer,6.244469900758127
1716,0.19924823317540424,HOG8-ML00-H1-GPS-GradientEstimation-Escape-Specialist-Exploiter,Exploiter,4.123649334751632
1716,0.19515963993993218,HOG8-ML02-H2-GPS-GradientEstimation-Escape-Specialist-Exploiter,Exploiter,2.0520097821257703
1724,0.18504246065531196,HOG8-ML02-H2-GPS-GradientEstimation-Escape-Specialist-Local Explorer,Local Explorer,5.184053059195112
1736,0.18107543034169618,HOG8-ML00-H1-GPS-GradientEstimation-Escape-Specialist-Exploiter,Exploiter,2.143848660230136
1737,0.1756379270672571,HOG8-ML02-H2-GPS-GradientEstimation-Escape-Specialist-Exploiter,Exploiter,3.002894022771791
1747,0.16566266415699096,HOG8-ML02-H2-GPS-GradientEstimation-Escape-Specialist-Local Explorer,Local Explorer,5.67944696047699
1759,0.1564472852821866,HOG8-ML02-H2-GPS-GradientEstimation-Escape-Specialist-Local Explorer,Local Explorer,5.562737338372978
1770,0.14888041086281312,HOG8-ML02-H2-GPS-GradientEstimation-Escape-Specialist-Exploiter,Exploiter,4.836692695386169
1784,0.14183334696039346,HOG8-ML02-H2-GPS-GradientEstimation-Escape-Specialist-Exploiter,Exploiter,4.733372148544931
1790,0.13866776797641944,HOG8-ML02-H2-GPS-GradientEstimation-Escape-Specialist-Exploiter,Exploiter,2.2319003618084214
1800,0.1378964078870739,HOG8-ML00-H1-GPS-GradientEstimation-Escape-Specialist-Exploiter,Exploiter,0.5562648772688835
1802,0.1308920141862474,HOG8-ML02-H2-GPS-GradientEstimation-Escape-Specialist-Local Explorer,Local Explorer,5.0794605952045835
1809,0.13065839996449494,HOG8-ML00-H1-GPS-GradientEstimation-Escape-Specialist-Refiner,Refiner,0.17847859031343108
1815,0.12381639757361682,HOG8-ML02-H2-GPS-GradientEstimation-Escape-Specialist-Local Explorer,Local Explorer,5.236557613392912
1826,0.11764419849332597,HOG8-ML02-H2-GPS-GradientEstimation-Escape-Specialist-Exploiter,Exploiter,4.984960959327764
1831,0.11752021508076338,HOG8-ML00-H1-GPS-GradientEstimation-Escape-Specialist-Refiner,Refiner,0.1053884629675326
1836,0.11299414558140802,HOG8-ML02-H2-GPS-GradientEstimation-Escape-Specialist-Exploiter,Exploiter,3.851311449902391
1842,0.11253665170081349,HOG8-ML00-H1-GPS-GradientEstimation-Escape-Specialist-Refiner,Refiner,0.40488281781371055
1846,0.10823508077862104,HOG8-ML02-H2-GPS-GradientEstimation-Escape-Specialist-Exploiter,Exploiter,3.8223732954384295
1856,0.10806049050660166,HOG8-ML00-H1-GPS-GradientEstimation-Escape-Specialist-Refiner,Refiner,0.16130654752915116
1856,0.10376006976386928,HOG8-ML02-H2-GPS-GradientEstimation-Escape-Specialist-Exploiter,Exploiter,3.9796420713726564
1870,0.09974524743267456,HOG8-ML02-H2-GPS-GradientEstimation-Escape-Specialist-Exploiter,Exploiter,3.8693327214711872
1880,0.09553244536737715,HOG8-ML02-H2-GPS-GradientEstimation-Escape-Specialist-Exploiter,Exploiter,4.223561697153481
1891,0.09116850376554039,HOG8-ML02-H2-GPS-GradientEstimation-Escape-Specialist-Exploiter,Exploiter,4.568020409249333
1901,0.0870823855312407,HOG8-ML02-H2-GPS-GradientEstimation-Escape-Specialist-Exploiter,Exploiter,4.48194065442604
1911,0.08397830350991621,HOG8-ML02-H2-GPS-GradientEstimation-Escape-Specialist-Exploiter,Exploiter,3.564534896911966
1926,0.08068483268426102,HOG8-ML02-H2-GPS-GradientEstimation-Escape-Specialist-Exploiter,Exploiter,3.921811572754973
1935,0.0778223670668044,HOG8-ML02-H2-GPS-GradientEstimation-Escape-Specialist-Exploiter,Exploiter,3.547712156333189
1947,0.0745075975002806,HOG8-ML02-H2-GPS-GradientEstimation-Escape-Specialist-Exploiter,Exploiter,4.259404707747228
1961,0.07145044400077036,HOG8-ML02-H2-GPS-GradientEstimation-Escape-Specialist-Exploiter,Exploiter,4.103143306289982
1972,0.07028421099168539,HOG8-ML00-H1-GPS-GradientEstimation-Escape-Specialist-Exploiter,Exploiter,1.6322263988624026
1972,0.06840770879874905,HOG8-ML02-H2-GPS-GradientEstimation-Escape-Specialist-Exploiter,Exploiter,2.6698772974179446
1981,0.06604222675600327,HOG8-ML02-H2-GPS-GradientEstimation-Escape-Specialist-Exploiter,Exploiter,3.4579173667471785
1995,0.06386208107181668,HOG8-ML02-H2-GPS-GradientEstimation-Escape-Specialist-Exploiter,Exploiter,3.3011389701338536
2006,0.06347216177428024,HOG8-ML00-H1-GPS-GradientEstimation-Escape-Specialist-Exploiter,Exploiter,0.6105646590156608
2006,0.06138225089337179,HOG8-ML02-H2-GPS-GradientEstimation-Escape-Specialist-Exploiter,Exploiter,3.292641722745456
2020,0.05890876631189402,HOG8-ML02-H2-GPS-GradientEstimation-Escape-Specialist-Exploiter,Exploiter,4.029641379190392
2032,0.056693672915856544,HOG8-ML02-H2-GPS-GradientEstimation-Escape-Specialist-Exploiter,Exploiter,3.760210126128944
2046,0.05617114646238495,HOG8-ML00-H1-GPS-GradientEstimation-Escape-Specialist-Exploiter,Exploiter,0.92166625762123
2046,0.054422143487288126,HOG8-ML02-H2-GPS-GradientEstimation-Escape-Specialist-Exploiter,Exploiter,3.113703538645136
2054,0.05279713012908637,HOG8-ML02-H2-GPS-GradientEstimation-Escape-Specialist-Exploiter,Exploiter,2.9859414827740545
2067,0.05273732145696143,HOG8-ML00-H1-GPS-GradientEstimation-Escape-Specialist-Refiner,Refiner,0.11328015742278277
2067,0.051143846793159656,HOG8-ML02-H2-GPS-GradientEstimation-Escape-Specialist-Exploiter,Exploiter,3.0215312795174833
2076,0.05107857107376128,HOG8-ML00-H1-GPS-GradientEstimation-Escape-Specialist-Refiner,Refiner,0.12763161844741833
2076,0.049324223684033344,HOG8-ML02-H2-GPS-GradientEstimation-Escape-Specialist-Exploiter,Exploiter,3.43460545753037
2086,0.049242867868960795,HOG8-ML00-H1-GPS-GradientEstimation-Escape-Specialist-Refiner,Refiner,0.16494089312729499
2090,0.04745181452550387,HOG8-ML02-H2-GPS-GradientEstimation-Escape-Specialist-Exploiter,Exploiter,3.637183253061255
2101,0.045804068812037566,HOG8-ML02-H2-GPS-GradientEstimation-Escape-Specialist-Exploiter,Exploiter,3.4724609162852853
2112,0.04474416875834163,HOG8-ML02-H2-GPS-GradientEstimation-Escape-Specialist-Exploiter,Exploiter,2.3139866854304096
2126,0.04343307856173652,HOG8-ML02-H2-GPS-GradientEstimation-Escape-Specialist-Exploiter,Exploiter,2.9301923200007804
2137,0.04195757868152876,HOG8-ML02-H2-GPS-GradientEstimation-Escape-Specialist-Exploiter,Exploiter,3.3971800504780205
2145,0.04056705582510708,HOG8-ML02-H2-GPS-GradientEstimation-Escape-Specialist-Exploiter,Exploiter,3.314116067030913
2156,0.039431012354950036,HOG8-ML02-H2-GPS-GradientEstimation-Escape-Specialist-Exploiter,Exploiter,2.8004089699157824
2166,0.03831196377452942,HOG8-ML02-H2-GPS-GradientEstimation-Escape-Specialist-Exploiter,Exploiter,2.8379909963943324
2176,0.03729525314367186,HOG8-ML02-H2-GPS-GradientEstimation-Escape-Specialist-Exploiter,Exploiter,2.653767989657288
2189,0.03613046701713049,HOG8-ML02-H2-GPS-GradientEstimation-Escape-Specialist-Exploiter,Exploiter,3.123148466251947
2200,0.03512081979478787,HOG8-ML02-H2-GPS-GradientEstimation-Escape-Specialist-Exploiter,Exploiter,2.79444830276873
2210,0.03402889987432696,HOG8-ML02-H2-GPS-GradientEstimation-Escape-Specialist-Exploiter,Exploiter,3.1090388175476464
2220,0.03317422846991688,HOG8-ML02-H2-GPS-GradientEstimation-Escape-Specialist-Exploiter,Exploiter,2.511604570134462
2231,0.03239203418706976,HOG8-ML02-H2-GPS-GradientEstimation-Escape-Specialist-Exploiter,Exploiter,2.357837149269143
2242,0.03150985566942057,HOG8-ML02-H2-GPS-GradientEstimation-Escape-Specialist-Exploiter,Exploiter,2.7234427839710644
2257,0.030715899436738112,HOG8-ML02-H2-GPS-GradientEstimation-Escape-Specialist-Exploiter,Exploiter,2.519707614697108
2271,0.030117940537048974,HOG8-ML02-H2-GPS-GradientEstimation-Escape-Specialist-Exploiter,Exploiter,1.94674064785465
2286,0.02984351123906296,HOG8-ML02-H2-GPS-GradientEstimation-Escape-Specialist-Exploiter,Exploiter,0.91118214955113
2300,0.029244085131766042,HOG8-ML02-H2-GPS-GradientEstimation-Escape-Specialist-Exploiter,Exploiter,2.0085642821824305
2313,0.02853611450515163,HOG8-ML02-H2-GPS-GradientEstimation-Escape-Specialist-Exploiter,Exploiter,2.420901947947714
2320,0.028103288455920153,HOG8-ML02-H2-GPS-GradientEstimation-Escape-Specialist-Exploiter,Exploiter,1.5167658832926927
2331,0.027325393470818134,HOG8-ML02-H2-GPS-GradientEstimation-Escape-Specialist-Exploiter,Exploiter,2.767985626743085
2347,0.026569543915013295,HOG8-ML02-H2-GPS-GradientEstimation-Escape-Specialist-Exploiter,Exploiter,2.766106759311776
2355,0.025976728493518432,HOG8-ML02-H2-GPS-GradientEstimation-Escape-Specialist-Exploiter,Exploiter,2.231184033083417
2366,0.02593100984850711,HOG8-ML00-H1-GPS-GradientEstimation-Escape-Specialist-Refiner,Refiner,0.17599847118057896
2366,0.025263555193369123,HOG8-ML02-H2-GPS-GradientEstimation-Escape-Specialist-Exploiter,Exploiter,2.5739632163859336
2376,0.02470119298123403,HOG8-ML02-H2-GPS-GradientEstimation-Escape-Specialist-Exploiter,Exploiter,2.2259820830074486
2387,0.024141673406382912,HOG8-ML02-H2-GPS-GradientEstimation-Escape-Specialist-Exploiter,Exploiter,2.265152032439056
2399,0.023529732114709496,HOG8-ML02-H2-GPS-GradientEstimation-Escape-Specialist-Exploiter,Exploiter,2.53479235416888
2410,0.02300046827757742,HOG8-ML02-H2-GPS-GradientEstimation-Escape-Specialist-Exploiter,Exploiter,2.249340683318748
2422,0.022888167926835633,HOG8-ML00-H1-GPS-GradientEstimation-Escape-Specialist-Refiner,Refiner,0.4882524537609711
2422,0.022428743788200898,HOG8-ML02-H2-GPS-GradientEstimation-Escape-Specialist-Exploiter,Exploiter,2.007256063933696
2437,0.02195090617006198,HOG8-ML02-H2-GPS-GradientEstimation-Escape-Specialist-Exploiter,Exploiter,2.130469823237685
2444,0.02152931659126575,HOG8-ML02-H2-GPS-GradientEstimation-Escape-Specialist-Exploiter,Exploiter,1.9206021634369697
2457,0.021383466847709958,HOG8-ML00-H1-GPS-GradientEstimation-Escape-Specialist-Exploiter,Exploiter,0.6774471587963141
2457,0.020962223244740723,HOG8-ML02-H2-GPS-GradientEstimation-Escape-Specialist-Exploiter,Exploiter,1.9699499897246453
2471,0.0208673318626545,HOG8-ML00-H1-GPS-GradientEstimation-Escape-Specialist-Refiner,Refiner,0.45267804363275777
2471,0.020471905849910564,HOG8-ML02-H2-GPS-GradientEstimation-Escape-Specialist-Exploiter,Exploiter,1.8949524325705225
2481,0.02046038114429498,HOG8-ML00-H1-GPS-GradientEstimation-Escape-Specialist-Refiner,Refiner,0.05629522576001887
2481,0.020062759065647685,HOG8-ML02-H2-GPS-GradientEstimation-Escape-Specialist-Exploiter,Exploiter,1.9433757164302081
2489,0.01998083878415792,HOG8-ML00-H1-GPS-GradientEstimation-Escape-Specialist-Refiner,Refiner,0.40832011799429996
2489,0.019601001520287972,HOG8-ML02-H2-GPS-GradientEstimation-Escape-Specialist-Exploiter,Exploiter,1.9010076001969787
2501,0.019568916822506707,HOG8-ML00-H1-GPS-GradientEstimation-Escape-Specialist-Refiner,Refiner,0.1636890734795148
2501,0.019210808979698134,HOG8-ML02-H2-GPS-GradientEstimation-Escape-Specialist-Exploiter,Exploiter,1.8299829574455746
2520,0.018969752937091255,HOG8-ML00-H1-GPS-GradientEstimation-Escape-Specialist-Exploiter,Exploiter,1.2547938135329246
2531,0.01854533956339106,HOG8-ML02-H2-GPS-GradientEstimation-Escape-Specialist-Exploiter,Exploiter,2.2373162956189354
2541,0.01814675478684121,HOG8-ML02-H2-GPS-GradientEstimation-Escape-Specialist-Exploiter,Exploiter,2.1492449636061934
2556,0.017974973788877587,HOG8-ML00-H1-GPS-GradientEstimation-Escape-Specialist-Exploiter,Exploiter,0.9466210348981442
2556,0.017747694457717993,HOG8-ML02-H2-GPS-GradientEstimation-Escape-Specialist-Exploiter,Exploiter,1.2644209322865734
2564,0.017429570909632416,HOG8-ML02-H2-GPS-GradientEstimation-Escape-Specialist-Exploiter,Exploiter,1.792478165789211
2577,0.017328370254447313,HOG8-ML00-H1-GPS-GradientEstimation-Escape-Specialist-Exploiter,Exploiter,0.5806261996339506
2577,0.01705233987684382,HOG8-ML02-H2-GPS-GradientEstimation-Escape-Specialist-Exploiter,Exploiter,1.5929390563007542
2586,0.017039042649386486,HOG8-ML00-H1-GPS-GradientEstimation-Escape-Specialist-Refiner,Refiner,0.0779789023287653
2586,0.016745700311302857,HOG8-ML02-H2-GPS-GradientEstimation-Escape-Specialist-Exploiter,Exploiter,1.721589317661525
2594,0.016736869676725226,HOG8-ML00-H1-GPS-GradientEstimation-Escape-Specialist-Refiner,Refiner,0.052733743071174774
2597,0.016480287407395978,HOG8-ML02-H2-GPS-GradientEstimation-Escape-Specialist-Exploiter,Exploiter,1.5330361906686698
2606,0.016376126976279617,HOG8-ML00-H1-GPS-GradientEstimation-Escape-Specialist-Exploiter,Exploiter,0.6320304284840051
2609,0.016126167074991028,HOG8-ML02-H2-GPS-GradientEstimation-Escape-Specialist-Exploiter,Exploiter,1.5263676304577396
2617,0.01608570441413004,HOG8-ML00-H1-GPS-GradientEstimation-Escape-Specialist-Refiner,Refiner,0.2509130698747365
2621,0.015797905028013554,HOG8-ML02-H2-GPS-GradientEstimation-Escape-Specialist-Exploiter,Exploiter,1.7891624681582174
2631,0.015769408960945308,HOG8-ML00-H1-GPS-GradientEstimation-Escape-Specialist-Refiner,Refiner,0.1803787718543419
2631,0.015536212889673454,HOG8-ML02-H2-GPS-GradientEstimation-Escape-Specialist-Exploiter,Exploiter,1.478787644162127
2640,0.015519499962138233,HOG8-ML00-H1-GPS-GradientEstimation-Escape-Specialist-Refiner,Refiner,0.10757401210902245
2640,0.015340234978779819,HOG8-ML02-H2-GPS-GradientEstimation-Escape-Specialist-Exploiter,Exploiter,1.1550950983971995
2650,0.01505268298053608,HOG8-ML02-H2-GPS-GradientEstimation-Escape-Specialist-Exploiter,Exploiter,1.8744953948978582
2660,0.014831771073550533,HOG8-ML02-H2-GPS-GradientEstimation-Escape-Specialist-Exploiter,Exploiter,1.4675915733507374
2670,0.014577211712478767,HOG8-ML02-H2-GPS-GradientEstimation-Escape-Specialist-Exploiter,Exploiter,1.716311287501741
2680,0.014349499605057424,HOG8-ML02-H2-GPS-GradientEstimation-Escape-Specialist-Exploiter,Exploiter,1.5621101752018205
2691,0.014132551719658286,HOG8-ML02-H2-GPS-GradientEstimation-Escape-Specialist-Exploiter,Exploiter,1.5118846745197692
2707,0.014003991665842057,HOG8-ML00-H1-GPS-GradientEstimation-Escape-Specialist-Exploiter,Exploiter,0.9096733298163193
2707,0.01388105349254914,HOG8-ML02-H2-GPS-GradientEstimation-Escape-Specialist-Exploiter,Exploiter,0.8778795091172705
2714,0.013683792239466471,HOG8-ML02-H2-GPS-GradientEstimation-Escape-Specialist-Exploiter,Exploiter,1.4210827239341108
2726,0.013472156313047524,HOG8-ML02-H2-GPS-GradientEstimation-Escape-Specialist-Exploiter,Exploiter,1.5466175071596846
2737,0.013280484133271918,HOG8-ML02-H2-GPS-GradientEstimation-Escape-Specialist-Exploiter,Exploiter,1.4227282947272177
2750,0.013200196470201667,HOG8-ML00-H1-GPS-GradientEstimation-Escape-Specialist-Exploiter,Exploiter,0.6045537366300143
2750,0.01305957393816712,HOG8-ML02-H2-GPS-GradientEstimation-Escape-Specialist-Exploiter,Exploiter,1.0653063562500007
2760,0.01288185247902988,HOG8-ML02-H2-GPS-GradientEstimation-Escape-Specialist-Exploiter,Exploiter,1.3608518928618558
2771,0.01270506375633573,HOG8-ML02-H2-GPS-GradientEstimation-Escape-Specialist-Exploiter,Exploiter,1.3723858659454526
2780,0.012503366835212859,HOG8-ML02-H2-GPS-GradientEstimation-Escape-Specialist-Exploiter,Exploiter,1.5875317510491709
2789,0.012332181798443635,HOG8-ML02-H2-GPS-GradientEstimation-Escape-Specialist-Exploiter,Exploiter,1.3691115283214803
2802,0.012172684307667506,HOG8-ML02-H2-GPS-GradientEstimation-Escape-Specialist-Exploiter,Exploiter,1.293343654699112
2817,0.011993077135710574,HOG8-ML02-H2-GPS-GradientEstimation-Escape-Specialist-Exploiter,Exploiter,1.4754935511126155
2826,0.011851753919065629,HOG8-ML02-H2-GPS-GradientEstimation-Escape-Specialist-Exploiter,Exploiter,1.1783732819006196
2834,0.011709136262049408,HOG8-ML02-H2-GPS-GradientEstimation-Escape-Specialist-Exploiter,Exploiter,1.203346424420733
2847,0.011559815893443667,HOG8-ML02-H2-GPS-GradientEstimation-Escape-Specialist-Exploiter,Exploiter,1.2752466558076083
2857,0.011538290755525527,HOG8-ML00-H1-GPS-GradientEstimation-Escape-Specialist-Refiner,Refiner,0.18620658076698646
2857,0.011407662375892146,HOG8-ML02-H2-GPS-GradientEstimation-Escape-Specialist-Exploiter,Exploiter,1.1321293803488601
2867,0.011276905596095718,HOG8-ML02-H2-GPS-GradientEstimation-Escape-Specialist-Exploiter,Exploiter,1.1462188789243695
2879,0.01116131509966168,HOG8-ML02-H2-GPS-GradientEstimation-Escape-Specialist-Exploiter,Exploiter,1.0250196337021578
2892,0.011024161502904441,HOG8-ML02-H2-GPS-GradientEstimation-Escape-Specialist-Exploiter,Exploiter,1.2288300754218087
2902,0.010895255914254633,HOG8-ML02-H2-GPS-GradientEstimation-Escape-Specialist-Exploiter,Exploiter,1.169300618608013
2912,0.01075505243331008,HOG8-ML02-H2-GPS-GradientEstimation-Escape-Specialist-Exploiter,Exploiter,1.28683054393537
2923,0.010638845140253261,HOG8-ML02-H2-GPS-GradientEstimation-Escape-Specialist-Exploiter,Exploiter,1.080490251232122
2939,0.010521420743172876,HOG8-ML02-H2-GPS-GradientEstimation-Escape-Specialist-Exploiter,Exploiter,1.1037325530390254
2950,0.01045788082934778,HOG8-ML02-H2-GPS-GradientEstimation-Escape-Specialist-Exploiter,Exploiter,0.6039100172505196
2961,0.01037572453800066,HOG8-ML02-H2-GPS-GradientEstimation-Escape-Specialist-Exploiter,Exploiter,0.7855921547371824
2978,0.01031434531199296,HOG8-ML02-H2-GPS-GradientEstimation-Escape-Specialist-Exploiter,Exploiter,0.5915656856820151
2985,0.010222417720420648,HOG8-ML02-H2-GPS-GradientEstimation-Escape-Specialist-Exploiter,Exploiter,0.8912595883853519
2996,0.010121772237168682,HOG8-ML02-H2-GPS-GradientEstimation-Escape-Specialist-Exploiter,Exploiter,0.9845565501682964
3012,0.010025545770608858,HOG8-ML02-H2-GPS-GradientEstimation-Escape-Specialist-Exploiter,Exploiter,0.9506879260379442
3027,0.009918487394340458,HOG8-ML02-H2-GPS-GradientEstimation-Escape-Specialist-Exploiter,Exploiter,1.0678558426440512
3037,0.009816314488782889,HOG8-ML02-H2-GPS-GradientEstimation-Escape-Specialist-Exploiter,Exploiter,1.0301258800396282
3047,0.009736225679687634,HOG8-ML02-H2-GPS-GradientEstimation-Escape-Specialist-Exploiter,Exploiter,0.8158745238528433
3060,0.009640365806182874,HOG8-ML02-H2-GPS-GradientEstimation-Escape-Specialist-Exploiter,Exploiter,0.9845691406347468
3070,0.009564165824633684,HOG8-ML02-H2-GPS-GradientEstimation-Escape-Specialist-Exploiter,Exploiter,0.7904262460696133
3070,0.009542460205966555,HOG8-ML04-H2-GPS-Sniper-Specialist-Refiner,Refiner,0.2269473267728461
3080,0.009518171651260843,HOG8-ML02-H2-GPS-GradientEstimation-Escape-Specialist-Refiner,Refiner,0.2545313701232513
3080,0.009479562544887498,HOG8-ML04-H2-GPS-Sniper-Specialist-Refiner,Refiner,0.40563574379571044
3091,0.009429252902154033,HOG8-ML02-H2-GPS-GradientEstimation-Escape-Specialist-Exploiter,Exploiter,0.5307169238584584
3091,0.009391427673774199,HOG8-ML04-H2-GPS-Sniper-Specialist-Refiner,Refiner,0.4011476706833613
3101,0.009318394167574212,HOG8-ML04-H2-GPS-Sniper-Specialist-Exploiter,Exploiter,0.7776613816015907
3110,0.00927327458566078,HOG8-ML04-H2-GPS-Sniper-Specialist-Refiner,Refiner,0.4841991130879338
3126,0.00923931043939024,HOG8-ML02-H2-GPS-GradientEstimation-Escape-Specialist-Refiner,Refiner,0.3662583907852636
3126,0.00918546667458593,HOG8-ML04-H2-GPS-Sniper-Specialist-Exploiter,Exploiter,0.5827682180128504
3134,0.009112925671884233,HOG8-ML04-H2-GPS-Sniper-Specialist-Exploiter,Exploiter,0.7897367142205345
3146,0.009106482530834938,HOG8-ML02-H2-GPS-GradientEstimation-Escape-Specialist-Refiner,Refiner,0.0707033205502198
3146,0.009054999293328479,HOG8-ML04-H2-GPS-Sniper-Specialist-Exploiter,Exploiter,0.5653471286211141
3157,0.00904317907657273,HOG8-ML02-H2-GPS-GradientEstimation-Escape-Specialist-Refiner,Refiner,0.13053801963804199
3157,0.009004186439420211,HOG8-ML04-H2-GPS-Sniper-Specialist-Refiner,Refiner,0.431182848668036
3166,0.008925864426900826,HOG8-ML04-H2-GPS-Sniper-Specialist-Exploiter,Exploiter,0.8698399688448535
3177,0.008921054536840417,HOG8-ML02-H2-GPS-GradientEstimation-Escape-Specialist-Refiner,Refiner,0.053887106395126234
3177,0.008881698047903112,HOG8-ML04-H2-GPS-Sniper-Specialist-Refiner,Refiner,0.4411640885590146
3187,0.008795294416472752,HOG8-ML04-H2-GPS-Sniper-Specialist-Exploiter,Exploiter,0.9728278417521637
3196,0.008771674207862403,HOG8-ML04-H2-GPS-Sniper-Specialist-Refiner,Refiner,0.2685550646958595
3206,0.008742883337724987,HOG8-ML04-H2-GPS-Sniper-Specialist-Refiner,Refiner,0.3282254841568283
3212,0.008737141108314358,HOG8-ML02-H2-GPS-GradientEstimation-Escape-Specialist-Refiner,Refiner,0.06567889778251507
3216,0.0086665824809334,HOG8-ML04-H2-GPS-Sniper-Specialist-Exploiter,Exploiter,0.8075711094309062
3227,0.00861159652173149,HOG8-ML04-H2-GPS-Sniper-Specialist-Exploiter,Exploiter,0.6344595383806615
3237,0.008554861097582932,HOG8-ML04-H2-GPS-Sniper-Specialist-Exploiter,Exploiter,0.6588258519240431
3247,0.008523483895290222,HOG8-ML04-H2-GPS-Sniper-Specialist-Refiner,Refiner,0.36677629168724546
3251,0.008501848967718197,HOG8-ML04-H2-GPS-Sniper-Specialist-Refiner,Refiner,0.25382728280838746
3254,0.008436264875384814,HOG8-ML04-H2-GPS-Sniper-Specialist-Exploiter,Exploiter,0.7714097554826923
3257,0.00840634955948367,HOG8-ML04-H2-GPS-Sniper-Specialist-Refiner,Refiner,0.3546038008885937
3266,0.008376592918579779,HOG8-ML04-H2-GPS-Sniper-Specialist-Refiner,Refiner,0.35397815298224394
3276,0.008268213542099601,HOG8-ML04-H2-GPS-Sniper-Specialist-Exploiter,Exploiter,1.2938360206067252
3287,0.008238037548020896,HOG8-ML04-H2-GPS-Sniper-Specialist-Refiner,Refiner,0.3649638936519572
3298,0.008141378986812324,HOG8-ML04-H2-GPS-Sniper-Specialist-Exploiter,Exploiter,1.1733202312460127
3310,0.008106269172729653,HOG8-ML04-H2-GPS-Sniper-Specialist-Refiner,Refiner,0.43125143958466117
3320,0.008012509677957198,HOG8-ML04-H2-GPS-Sniper-Specialist-Exploiter,Exploiter,1.1566294280958658
3333,0.007974187882381679,HOG8-ML04-H2-GPS-Sniper-Specialist-Refiner,Refiner,0.4782745621006194
3342,0.007955025819488246,HOG8-ML04-H2-GPS-Sniper-Specialist-Refiner,Refiner,0.24030112126866474
3352,0.00792641569185411,HOG8-ML04-H2-GPS-Sniper-Specialist-Refiner,Refiner,0.3596484572563777
3360,0.007845091627285672,HOG8-ML04-H2-GPS-Sniper-Specialist-Exploiter,Exploiter,1.0259878831741556
3370,0.007814178839265539,HOG8-ML04-H2-GPS-Sniper-Specialist-Refiner,Refiner,0.39403985942772624
3380,0.007777607199165916,HOG8-ML04-H2-GPS-Sniper-Specialist-Refiner,Refiner,0.4680164205591692
3392,0.007720873093383613,HOG8-ML04-H2-GPS-Sniper-Specialist-Exploiter,Exploiter,0.729454500972837
3401,0.007683750197826208,HOG8-ML04-H2-GPS-Sniper-Specialist-Refiner,Refiner,0.4808121453157572
3417,0.007657616045424757,HOG8-ML04-H2-GPS-Sniper-Specialist-Refiner,Refiner,0.3401223585957409
3427,0.0076070865594388,HOG8-ML04-H2-GPS-Sniper-Specialist-Exploiter,Exploiter,0.659859226242442
3436,0.007584597861634235,HOG8-ML04-H2-GPS-Sniper-Specialist-Refiner,Refiner,0.29562826226371036
3447,0.0075497871369723055,HOG8-ML04-H2-GPS-Sniper-Specialist-Refiner,Refiner,0.45896598998366067
3457,0.007493480096774527,HOG8-ML04-H2-GPS-Sniper-Specialist-Exploiter,Exploiter,0.7458096390828753
3464,0.0074689577288809365,HOG8-ML04-H2-GPS-Sniper-Specialist-Refiner,Refiner,0.3272493898281767
3477,0.007417606315147556,HOG8-ML04-H2-GPS-Sniper-Specialist-Exploiter,Exploiter,0.6875311870465577
3489,0.0073925901904497,HOG8-ML04-H2-GPS-Sniper-Specialist-Refiner,Refiner,0.3372533353080468
3496,0.007333688013944054,HOG8-ML04-H2-GPS-Sniper-Specialist-Exploiter,Exploiter,0.7967731875864118
3506,0.0073225589306217505,HOG8-ML06-H2-GPS-Spray-Specialist-Refiner,Refiner,0.15175288751229796
3506,0.007275952127005181,HOG8-ML04-H2-GPS-Sniper-Specialist-Exploiter,Exploiter,0.6364824654625489
3518,0.007233017739055298,HOG8-ML04-H2-GPS-Sniper-Specialist-Exploiter,Exploiter,0.590086179793968
3527,0.007192248697775564,HOG8-ML04-H2-GPS-Sniper-Specialist-Exploiter,Exploiter,0.5636518912375735
3530,0.007190522509109815,HOG8-ML04-H2-GPS-Sniper-Specialist-Polisher,Polisher,0.024000680987063296
3536,0.007178040752552049,HOG8-ML04-H2-GPS-Sniper-Specialist-Refiner,Refiner,0.1735862246721661
3547,0.007129854740107348,HOG8-ML04-H2-GPS-Sniper-Specialist-Exploiter,Exploiter,0.6712975602370097
3554,0.007104322654525775,HOG8-ML04-H2-GPS-Sniper-Specialist-Refiner,Refiner,0.3581010625356534
3556,0.007072906491543861,HOG8-ML04-H2-GPS-Sniper-Specialist-Refiner,Refiner,0.4422119392606861
3566,0.007041980267747321,HOG8-ML04-H2-GPS-Sniper-Specialist-Refiner,Refiner,0.43724915398661673
3581,0.006988592341246184,HOG8-ML04-H2-GPS-Sniper-Specialist-Exploiter,Exploiter,0.7581379735705347
3590,0.006894647729135003,HOG8-ML04-H2-GPS-Sniper-Specialist-Exploiter,Exploiter,1.3442565759162537
3599,0.0068702680376013445,HOG8-ML04-H2-GPS-Sniper-Specialist-Refiner,Refiner,0.3536031497394116
3610,0.006832376317613978,HOG8-ML04-H2-GPS-Sniper-Specialist-Exploiter,Exploiter,0.5515319021031372
3626,0.0068047171241846375,HOG8-ML04-H2-GPS-Sniper-Specialist-Refiner,Refiner,0.4048253805639275
3630,0.006790964942982047,HOG8-ML04-H2-GPS-Sniper-Specialist-Refiner,Refiner,0.20209776470669444
3640,0.006743136769975757,HOG8-ML04-H2-GPS-Sniper-Specialist-Exploiter,Exploiter,0.7042912665263636
3650,0.0067057686128143505,HOG8-ML04-H2-GPS-Sniper-Specialist-Exploiter,Exploiter,0.5541657901377689
3661,0.0065498386792944025,HOG8-ML04-H2-GPS-Sniper-Specialist-Exploiter,Exploiter,2.3253103786190077
3672,0.006423909121985311,HOG8-ML04-H2-GPS-Sniper-Specialist-Exploiter,Exploiter,1.9226360140316863
3682,0.006397782185103641,HOG8-ML04-H2-GPS-Sniper-Specialist-Refiner,Refiner,0.40671398653901525
3697,0.006381375513670986,HOG8-ML04-H2-GPS-Sniper-Specialist-Refiner,Refiner,0.25644310728264363
3702,0.006352661385082899,HOG8-ML04-H2-GPS-Sniper-Specialist-Refiner,Refiner,0.4499676993866323
3712,0.006330996913784301,HOG8-ML04-H2-GPS-Sniper-Specialist-Refiner,Refiner,0.3410298453726712
3727,0.006307444684704528,HOG8-ML04-H2-GPS-Sniper-Specialist-Refiner,Refiner,0.3720145405298394
3734,0.006279149656204144,HOG8-ML04-H2-GPS-Sniper-Specialist-Refiner,Refiner,0.4485973308493499
3750,0.006240483734187568,HOG8-ML04-H2-GPS-Sniper-Specialist-Exploiter,Exploiter,0.6157827752739117
3757,0.006217813882885158,HOG8-ML04-H2-GPS-Sniper-Specialist-Refiner,Refiner,0.36327073778297897
3767,0.006162303828741499,HOG8-ML04-H2-GPS-Sniper-Specialist-Exploiter,Exploiter,0.8927583743935033
3776,0.006151599621848234,HOG8-ML04-H2-GPS-Sniper-Specialist-Refiner,Refiner,0.17370462721003188
3788,0.006122712829804583,HOG8-ML04-H2-GPS-Sniper-Specialist-Refiner,Refiner,0.46958179692084456
3797,0.006105204232206427,HOG8-ML04-H2-GPS-Sniper-Specialist-Refiner,Refiner,0.28596143710883387
3806,0.0060960195031904895,HOG8-ML04-H2-GPS-Sniper-Specialist-Refiner,Refiner,0.150440978984552
3816,0.006058121376727906,HOG8-ML04-H2-GPS-Sniper-Specialist-Exploiter,Exploiter,0.6216864372357794
3827,0.006051896142043734,HOG8-ML04-H2-GPS-Sniper-Specialist-Refiner,Refiner,0.1027585004831143
3839,0.006044092682775058,HOG8-ML04-H2-GPS-Sniper-Specialist-Refiner,Refiner,0.12894238575020564
3848,0.006028991693547098,HOG8-ML04-H2-GPS-Sniper-Specialist-Refiner,Refiner,0.24984708244126766
3857,0.005980581114215011,HOG8-ML04-H2-GPS-Sniper-Specialist-Exploiter,Exploiter,0.8029631121220739
3867,0.005940845603223845,HOG8-ML04-H2-GPS-Sniper-Specialist-Exploiter,Exploiter,0.6644088631574647
3877,0.005930187611506861,HOG8-ML04-H2-GPS-Sniper-Specialist-Refiner,Refiner,0.17940193078239214
3890,0.005904788204710747,HOG8-ML04-H2-GPS-Sniper-Specialist-Refiner,Refiner,0.4283069686839115
3900,0.005891477600651179,HOG8-ML04-H2-GPS-Sniper-Specialist-Refiner,Refiner,0.22542051633535112
3910,0.005869154087484736,HOG8-ML04-H2-GPS-Sniper-Specialist-Refiner,Refiner,0.3789119585887149
3920,0.005831443777758624,HOG8-ML04-H2-GPS-Sniper-Specialist-Exploiter,Exploiter,0.6425169481667633
3929,0.005778679104383691,HOG8-ML04-H2-GPS-Sniper-Specialist-Exploiter,Exploiter,0.9048303539541969
3940,0.005750092851145582,HOG8-ML04-H2-GPS-Sniper-Specialist-Refiner,Refiner,0.4946849050057748
3951,0.005716985714958271,HOG8-ML04-H2-GPS-Sniper-Specialist-Exploiter,Exploiter,0.5757669840186107
3960,0.005701336620772952,HOG8-ML04-H2-GPS-Sniper-Specialist-Refiner,Refiner,0.2737298108752382
3971,0.00566389304541517,HOG8-ML04-H2-GPS-Sniper-Specialist-Exploiter,Exploiter,0.6567508261370776
3980,0.005606814078379112,HOG8-ML01-H2-GPS-GradientEstimation-Escape-Specialist-Exploiter,Exploiter,1.007769154155585
3990,0.005588362153402622,HOG8-ML01-H2-GPS-GradientEstimation-Escape-Specialist-Refiner,Refiner,0.3290982136833176
3990,0.005567539033735797,HOG8-ML04-H2-GPS-Sniper-Specialist-Refiner,Refiner,0.372615787868115
4001,0.00554714275418577,HOG8-ML04-H2-GPS-Sniper-Specialist-Refiner,Refiner,0.366342820884386
4012,0.005531588966458032,HOG8-ML04-H2-GPS-Sniper-Specialist-Refiner,Refiner,0.2803927790753397
4021,0.005519944280776461,HOG8-ML04-H2-GPS-Sniper-Specialist-Refiner,Refiner,0.21051249021178797
4031,0.005494462380837624,HOG8-ML04-H2-GPS-Sniper-Specialist-Refiner,Refiner,0.46163328183545604
4040,0.005479654696463169,HOG8-ML01-H1-GPS-GradientEstimation-Escape-Specialist-Refiner,Refiner,0.2695019703128375
4047,0.005468058991702804,HOG8-ML04-H2-GPS-Sniper-Specialist-Refiner,Refiner,0.21161378595351277
4057,0.005452183857443884,HOG8-ML04-H2-GPS-Sniper-Specialist-Refiner,Refiner,0.2903248535359288
4065,0.005433434980738375,HOG8-ML04-H2-GPS-Sniper-Specialist-Refiner,Refiner,0.3438782916300843
4079,0.005385198813905307,HOG8-ML04-H2-GPS-Sniper-Specialist-Exploiter,Exploiter,0.8877656032337993
4086,0.005376470270965494,HOG8-ML04-H2-GPS-Sniper-Specialist-Refiner,Refiner,0.16208394975639792
4094,0.005368652307242197,HOG8-ML04-H2-GPS-Sniper-Specialist-Refiner,Refiner,0.14541071240581144
4107,0.005344531086840838,HOG8-ML04-H2-GPS-Sniper-Specialist-Refiner,Refiner,0.44929749629753124
4122,0.005327180062146461,HOG8-ML04-H2-GPS-Sniper-Specialist-Refiner,Refiner,0.32465008459018047
4139,0.00530474292769471,HOG8-ML04-H2-GPS-Sniper-Specialist-Refiner,Refiner,0.4211822050315626
4150,0.005285138648532703,HOG8-ML04-H2-GPS-Sniper-Specialist-Refiner,Refiner,0.36956134216529624
4156,0.0052636743051893715,HOG8-ML04-H2-GPS-Sniper-Specialist-Refiner,Refiner,0.40612640028451913
4166,0.005226473316431642,HOG8-ML04-H2-GPS-Sniper-Specialist-Exploiter,Exploiter,0.706749441565063
4177,0.005214666523539329,HOG8-ML04-H2-GPS-Sniper-Specialist-Refiner,Refiner,0.22590362903400626
4187,0.005202431548833842,HOG8-ML04-H2-GPS-Sniper-Specialist-Refiner,Refiner,0.23462621531516442
4200,0.005184696088315215,HOG8-ML04-H2-GPS-Sniper-Specialist-Refiner,Refiner,0.3409071383669017
4210,0.005177744800494591,HOG8-ML04-H2-GPS-Sniper-Specialist-Refiner,Refiner,0.13407319739126275
4221,0.005157971771615372,HOG8-ML04-H2-GPS-Sniper-Specialist-Refiner,Refiner,0.3818849642286425
4230,0.00512022750077,HOG8-ML04-H2-GPS-Sniper-Specialist-Exploiter,Exploiter,0.7317657505045162
4241,0.005110355991086092,HOG8-ML04-H2-GPS-Sniper-Specialist-Refiner,Refiner,0.19279435693869557
4257,0.005077374058979627,HOG8-ML04-H2-GPS-Sniper-Specialist-Exploiter,Exploiter,0.6453940227255256
4260,0.005060473396406064,HOG8-ML04-H2-GPS-Sniper-Specialist-Refiner,Refiner,0.332862270481595
4272,0.0050462499048944615,HOG8-ML04-H2-GPS-Sniper-Specialist-Refiner,Refiner,0.28107037420063474
4281,0.004986859781673921,HOG8-ML04-H2-GPS-Sniper-Specialist-Exploiter,Exploiter,1.1769160136706103
4297,0.004948117677357771,HOG8-ML04-H2-GPS-Sniper-Specialist-Exploiter,Exploiter,0.7768837707954467
4304,0.004933522725789215,HOG8-ML04-H2-GPS-Sniper-Specialist-Refiner,Refiner,0.294959669923391
4317,0.004912802498699877,HOG8-ML04-H2-GPS-Sniper-Specialist-Refiner,Refiner,0.41998847965219993
4326,0.0048823475901549635,HOG8-ML04-H2-GPS-Sniper-Specialist-Exploiter,Exploiter,0.6199090753795502
4335,0.0048673695439067285,HOG8-ML04-H2-GPS-Sniper-Specialist-Refiner,Refiner,0.3067795967341107
4346,0.004807964998655621,HOG8-ML04-H2-GPS-Sniper-Specialist-Exploiter,Exploiter,1.2204650728743909
4356,0.004773341752078943,HOG8-ML04-H2-GPS-Sniper-Specialist-Exploiter,Exploiter,0.7201226836376645
4363,0.004751917070462682,HOG8-ML04-H2-GPS-Sniper-Specialist-Refiner,Refiner,0.44884030369142575
4377,0.004706730561583412,HOG8-ML04-H2-GPS-Sniper-Specialist-Exploiter,Exploiter,0.9509111419503504
4386,0.004689859505774109,HOG8-ML04-H2-GPS-Sniper-Specialist-Refiner,Refiner,0.358445328207349
4401,0.004651332145766587,HOG8-ML04-H2-GPS-Sniper-Specialist-Exploiter,Exploiter,0.8215035004798479
4406,0.004627455825367416,HOG8-ML04-H2-GPS-Sniper-Specialist-Exploiter,Exploiter,0.5133221978332074
4421,0.004604113681602847,HOG8-ML04-H2-GPS-Sniper-Specialist-Exploiter,Exploiter,0.5044271549089387
4430,0.004598126412782856,HOG8-ML04-H2-GPS-Sniper-Specialist-Refiner,Refiner,0.13004172429354313
4439,0.004594936939275012,HOG8-ML04-H2-GPS-Sniper-Specialist-Refiner,Refiner,0.06936463292912219
4453,0.004579625857019452,HOG8-ML04-H2-GPS-Sniper-Specialist-Refiner,Refiner,0.3332163739765144
4457,0.004575816238530512,HOG8-ML04-H2-GPS-Sniper-Specialist-Refiner,Refiner,0.08318623852428869
4470,0.00456264398172501,HOG8-ML04-H2-GPS-Sniper-Specialist-Refiner,Refiner,0.28786682241706546
4480,0.00453677292326151,HOG8-ML04-H2-GPS-Sniper-Specialist-Exploiter,Exploiter,0.5670190040494625
4490,0.004535932195871452,HOG8-ML04-H2-GPS-Sniper-Specialist-Polisher,Polisher,0.018531396750043217
4501,0.004507155594351235,HOG8-ML04-H2-GPS-Sniper-Specialist-Exploiter,Exploiter,0.6344142786439547
4510,0.00449512155749293,HOG8-ML04-H2-GPS-Sniper-Specialist-Refiner,Refiner,0.26699847845030605
4520,0.00448309442628105,HOG8-ML04-H2-GPS-Sniper-Specialist-Refiner,Refiner,0.2675596434501615
4531,0.004476430398020165,HOG8-ML04-H2-GPS-Sniper-Specialist-Refiner,Refiner,0.14864795668408592
4541,0.004469858499967806,HOG8-ML04-H2-GPS-Sniper-Specialist-Refiner,Refiner,0.14681113003043703
4550,0.004444596458636128,HOG8-ML04-H2-GPS-Sniper-Specialist-Exploiter,Exploiter,0.5651642290658716
4560,0.004430757649058261,HOG8-ML04-H2-GPS-Sniper-Specialist-Refiner,Refiner,0.3113625659080314
4570,0.004420915574898669,HOG8-ML04-H2-GPS-Sniper-Specialist-Refiner,Refiner,0.22213072659670094
4580,0.004415006964182091,HOG8-ML04-H2-GPS-Sniper-Specialist-Refiner,Refiner,0.1336512904730875
4590,0.004402207128404914,HOG8-ML04-H2-GPS-Sniper-Specialist-Refiner,Refiner,0.2899165478337554
4600,0.004392842858731976,HOG8-ML04-H2-GPS-Sniper-Specialist-Refiner,Refiner,0.21271760732283115
4611,0.004367684528078173,HOG8-ML04-H2-GPS-Sniper-Specialist-Exploiter,Exploiter,0.572711828373142
4619,0.004334582040999988,HOG8-ML04-H2-GPS-Sniper-Specialist-Exploiter,Exploiter,0.7578955592003493
4631,0.004319741330031701,HOG8-ML04-H2-GPS-Sniper-Specialist-Refiner,Refiner,0.34237928427497094
4642,0.0043155923115113255,HOG8-ML04-H2-GPS-Sniper-Specialist-Refiner,Refiner,0.09604784646549787
4650,0.004304254065601433,HOG8-ML04-H2-GPS-Sniper-Specialist-Refiner,Refiner,0.2627274564293146
4661,0.00429711295710793,HOG8-ML04-H2-GPS-Sniper-Specialist-Refiner,Refiner,0.16590815469218798
4676,0.004283229726500677,HOG8-ML04-H2-GPS-Sniper-Specialist-Refiner,Refiner,0.3230827475523663
4687,0.004266204757161291,HOG8-ML04-H2-GPS-Sniper-Specialist-Refiner,Refiner,0.39747971569329765
4694,0.004265494382765684,HOG8-ML04-H2-GPS-Sniper-Specialist-Polisher,Polisher,0.016651202556911444
4706,0.004239353806601526,HOG8-ML04-H2-GPS-Sniper-Specialist-Exploiter,Exploiter,0.6128381336000738
4717,0.004191885686651551,HOG8-ML04-H2-GPS-Sniper-Specialist-Exploiter,Exploiter,1.1197017780412206
4725,0.004180120520387499,HOG8-ML04-H2-GPS-Sniper-Specialist-Refiner,Refiner,0.2806652457512375
4736,0.004158826230601163,HOG8-ML04-H2-GPS-Sniper-Specialist-Exploiter,Exploiter,0.5094180821456855
4746,0.00413378014802679,HOG8-ML04-H2-GPS-Sniper-Specialist-Exploiter,Exploiter,0.602239218125568
4755,0.00412295511721144,HOG8-ML04-H2-GPS-Sniper-Specialist-Refiner,Refiner,0.26186759884936067
4767,0.004105941071256437,HOG8-ML04-H2-GPS-Sniper-Specialist-Refiner,Refiner,0.4126662908353761
4776,0.004093825521622371,HOG8-ML04-H2-GPS-Sniper-Specialist-Refiner,Refiner,0.29507363656240493
4787,0.004080609647921011,HOG8-ML04-H2-GPS-Sniper-Specialist-Refiner,Refiner,0.3228245471517448
4797,0.004070196884027497,HOG8-ML04-H2-GPS-Sniper-Specialist-Refiner,Refiner,0.25517667191761617
4811,0.004060165021220485,HOG8-ML04-H2-GPS-Sniper-Specialist-Refiner,Refiner,0.2464711927420475
4817,0.0040456374844392426,HOG8-ML04-H2-GPS-Sniper-Specialist-Refiner,Refiner,0.3578065597165104
4827,0.004038548724081531,HOG8-ML04-H2-GPS-Sniper-Specialist-Refiner,Refiner,0.17521986052820943
4841,0.004030154525280244,HOG8-ML04-H2-GPS-Sniper-Specialist-Refiner,Refiner,0.2078518639934505
4850,0.004021404977442987,HOG8-ML04-H2-GPS-Sniper-Specialist-Refiner,Refiner,0.21710204366540137
4857,0.004016871949626345,HOG8-ML04-H2-GPS-Sniper-Specialist-Refiner,Refiner,0.11272248982801582
4869,0.003990659685997229,HOG8-ML04-H2-GPS-Sniper-Specialist-Exploiter,Exploiter,0.6525541256438238
4880,0.003981733358882406,HOG8-ML04-H2-GPS-Sniper-Specialist-Refiner,Refiner,0.22368048937234083
4890,0.003972678523634971,HOG8-ML04-H2-GPS-Sniper-Specialist-Refiner,Refiner,0.22740938258047055
4901,0.0039559180770185245,HOG8-ML04-H2-GPS-Sniper-Specialist-Refiner,Refiner,0.4218928492887618
4911,0.003912673862683676,HOG8-ML04-H2-GPS-Sniper-Specialist-Exploiter,Exploiter,1.0931524236073191
4920,0.003901291980263435,HOG8-ML04-H2-GPS-Sniper-Specialist-Refiner,Refiner,0.2908978059427294
4930,0.003890000766676741,HOG8-ML04-H2-GPS-Sniper-Specialist-Refiner,Refiner,0.2894224181070278
4940,0.003885241418407237,HOG8-ML04-H2-GPS-Sniper-Specialist-Refiner,Refiner,0.12234826044957081
4950,0.003871656060888574,HOG8-ML04-H2-GPS-Sniper-Specialist-Refiner,Refiner,0.34966572358410725
4960,0.0038200092991731677,HOG8-ML04-H2-GPS-Sniper-Specialist-Exploiter,Exploiter,1.3339708099885546
4971,0.0038143878568922423,HOG8-ML04-H2-GPS-Sniper-Specialist-Refiner,Refiner,0.14715781666139133
4981,0.003793143106318942,HOG8-ML04-H2-GPS-Sniper-Specialist-Exploiter,Exploiter,0.5569635645445172
4995,0.0037885279604528534,HOG8-ML04-H2-GPS-Sniper-Specialist-Refiner,Refiner,0.12167075527417746
5001,0.0037778134891858993,HOG8-ML04-H2-GPS-Sniper-Specialist-Refiner,Refiner,0.2828135724164835
5010,0.0037486486031540586,HOG8-ML04-H2-GPS-Sniper-Specialist-Exploiter,Exploiter,0.772004391305342
5021,0.003723741605668265,HOG8-ML04-H2-GPS-Sniper-Specialist-Exploiter,Exploiter,0.6644260404892877
5036,0.00370831039821738,HOG8-ML04-H2-GPS-Sniper-Specialist-Refiner,Refiner,0.4144005971680719
5042,0.00366993081516156,HOG8-ML04-H2-GPS-Sniper-Specialist-Exploiter,Exploiter,1.0349614496744792
5056,0.0036594154851945773,HOG8-ML04-H2-GPS-Sniper-Specialist-Refiner,Refiner,0.28652665395055
5066,0.0036490586741468765,HOG8-ML04-H2-GPS-Sniper-Specialist-Refiner,Refiner,0.2830181784386829
5069,0.003630347084985178,HOG8-ML04-H2-GPS-Sniper-Specialist-Exploiter,Exploiter,0.5127785226986804
5078,0.003622842403731124,HOG8-ML04-H2-GPS-Sniper-Specialist-Refiner,Refiner,0.20672076466443065
5087,0.003604385510128566,HOG8-ML04-H2-GPS-Sniper-Specialist-Exploiter,Exploiter,0.5094589150096432
5099,0.0035659919065658147,HOG8-ML04-H2-GPS-Sniper-Specialist-Exploiter,Exploiter,1.0651913746424366
5110,0.0035532808396753555,HOG8-ML04-H2-GPS-Sniper-Specialist-Refiner,Refiner,0.3564524884943006
5120,0.003545385703904921,HOG8-ML04-H2-GPS-Sniper-Specialist-Refiner,Refiner,0.22219284449116833
5130,0.0035324206243675577,HOG8-ML04-H2-GPS-Sniper-Specialist-Refiner,Refiner,0.36568883106522315
5141,0.003528794766403979,HOG8-ML04-H2-GPS-Sniper-Specialist-Refiner,Refiner,0.10264513627190083
5152,0.003519735372588877,HOG8-ML04-H2-GPS-Sniper-Specialist-Refiner,Refiner,0.256727704919323
5168,0.0035171271700710606,HOG8-ML04-H2-GPS-Sniper-Specialist-Refiner,Refiner,0.07410223331357343
5175,0.0035069559780319393,HOG8-ML04-H2-GPS-Sniper-Specialist-Refiner,Refiner,0.28919034050497167
5186,0.0035020250623752146,HOG8-ML04-H2-GPS-Sniper-Specialist-Refiner,Refiner,0.14060386522136697
5196,0.003488806300983257,HOG8-ML04-H2-GPS-Sniper-Specialist-Refiner,Refiner,0.37746050232410294
5204,0.0034762173624190845,HOG8-ML04-H2-GPS-Sniper-Specialist-Refiner,Refiner,0.3608379909376054
5217,0.0034650717500975805,HOG8-ML04-H2-GPS-Sniper-Specialist-Refiner,Refiner,0.3206247239311817
5226,0.0034588834765086115,HOG8-ML04-H2-GPS-Sniper-Specialist-Refiner,Refiner,0.17859005628944832
5238,0.003458076836056661,HOG8-ML04-H2-GPS-Sniper-Specialist-Polisher,Polisher,0.0233208333680181
5246,0.003447262020952147,HOG8-ML04-H2-GPS-Sniper-Specialist-Refiner,Refiner,0.31274074051073747
5256,0.00344394078245426,HOG8-ML04-H2-GPS-Sniper-Specialist-Refiner,Refiner,0.09634424298764517
5270,0.0034232915837097634,HOG8-ML04-H2-GPS-Sniper-Specialist-Exploiter,Exploiter,0.5995805401096785
5278,0.003397804644771453,HOG8-ML04-H2-GPS-Sniper-Specialist-Exploiter,Exploiter,0.7445155726609327
5287,0.0033837852600206667,HOG8-ML04-H2-GPS-Sniper-Specialist-Refiner,Refiner,0.4126012592383585
5297,0.003366775392643945,HOG8-ML04-H2-GPS-Sniper-Specialist-Exploiter,Exploiter,0.502687554606166
5310,0.003358118994280738,HOG8-ML04-H2-GPS-Sniper-Specialist-Refiner,Refiner,0.25711244005526634
5321,0.00334089261457947,HOG8-ML04-H2-GPS-Sniper-Specialist-Exploiter,Exploiter,0.5129770484788146
5337,0.0033305282894446966,HOG8-ML04-H2-GPS-Sniper-Specialist-Refiner,Refiner,0.31022622785132487
5341,0.00332857904499165,HOG8-ML04-H2-GPS-Sniper-Specialist-Refiner,Refiner,0.05852658448283496
5354,0.0033188589672795295,HOG8-ML04-H2-GPS-Sniper-Specialist-Refiner,Refiner,0.29201883388486366
5363,0.0033130968274374347,HOG8-ML04-H2-GPS-Sniper-Specialist-Refiner,Refiner,0.17361809883768675
5377,0.003309433275097049,HOG8-ML04-H2-GPS-Sniper-Specialist-Refiner,Refiner,0.11057788320721681
5385,0.0033016127995545434,HOG8-ML04-H2-GPS-Sniper-Specialist-Refiner,Refiner,0.23630860308782553
5397,0.0032923561330115573,HOG8-ML04-H2-GPS-Sniper-Specialist-Refiner,Refiner,0.2803680232956181
5407,0.003288888926947766,HOG8-ML04-H2-GPS-Sniper-Specialist-Refiner,Refiner,0.10531078424433961
5417,0.0032838709610066414,HOG8-ML04-H2-GPS-Sniper-Specialist-Refiner,Refiner,0.1525732869848444
5426,0.003274484339214693,HOG8-ML04-H2-GPS-Sniper-Specialist-Refiner,Refiner,0.2858401533862633
5437,0.0032661625344307032,HOG8-ML04-H2-GPS-Sniper-Specialist-Refiner,Refiner,0.25414092485736567
5441,0.0032465189414872192,HOG8-ML04-H2-GPS-Sniper-Specialist-Exploiter,Exploiter,0.6014272938473925
5457,0.0032326143844288316,HOG8-ML04-H2-GPS-Sniper-Specialist-Refiner,Refiner,0.4282912654751979
5471,0.0032139859682713545,HOG8-ML04-H2-GPS-Sniper-Specialist-Exploiter,Exploiter,0.5762647177222329
5481,0.0032033731211211,HOG8-ML04-H2-GPS-Sniper-Specialist-Refiner,Refiner,0.33020826024211647
5490,0.003199876216149448,HOG8-ML04-H2-GPS-Sniper-Specialist-Refiner,Refiner,0.10916321138475461
5501,0.0031916228691413165,HOG8-ML04-H2-GPS-Sniper-Specialist-Refiner,Refiner,0.25792707125600045
5511,0.0031790768843739316,HOG8-ML04-H2-GPS-Sniper-Specialist-Refiner,Refiner,0.393091078795294
5523,0.0031756975324728717,HOG8-ML04-H2-GPS-Sniper-Specialist-Refiner,Refiner,0.10629978525119625
5537,0.003168468434871536,HOG8-ML04-H2-GPS-Sniper-Specialist-Refiner,Refiner,0.22763810241419072
5548,0.0031635067143531755,HOG8-ML04-H2-GPS-Sniper-Specialist-Refiner,Refiner,0.1565968107415215
5558,0.003143864736118175,HOG8-ML04-H2-GPS-Sniper-Specialist-Exploiter,Exploiter,0.6208925729755056
5567,0.0031379280280473504,HOG8-ML04-H2-GPS-Sniper-Specialist-Refiner,Refiner,0.18883471679367111
5577,0.003130483828708548,HOG8-ML04-H2-GPS-Sniper-Specialist-Refiner,Refiner,0.23723295347327808
5587,0.0031167641095093774,HOG8-ML04-H2-GPS-Sniper-Specialist-Refiner,Refiner,0.4382619412805067
5595,0.003109929719051157,HOG8-ML04-H2-GPS-Sniper-Specialist-Refiner,Refiner,0.2192783995865541
5612,0.0030963825547783803,HOG8-ML04-H2-GPS-Sniper-Specialist-Refiner,Refiner,0.435609981466401
5621,0.003056066046452235,HOG8-ML04-H2-GPS-Sniper-Specialist-Exploiter,Exploiter,1.3020519142225622
5628,0.0030546418890229645,HOG8-ML04-H2-GPS-Sniper-Specialist-Polisher,Polisher,0.04660100297648143
5640,0.0030441420929442874,HOG8-ML04-H2-GPS-Sniper-Specialist-Refiner,Refiner,0.3437324720913688
5646,0.0030397987205722154,HOG8-ML04-H2-GPS-Sniper-Specialist-Refiner,Refiner,0.14267968575248233
5657,0.0030198473031624066,HOG8-ML04-H2-GPS-Sniper-Specialist-Exploiter,Exploiter,0.6563400818213753
5667,0.003018537712666772,HOG8-ML04-H2-GPS-Sniper-Specialist-Polisher,Polisher,0.04336611636831108
5682,0.0030126715944473583,HOG8-ML04-H2-GPS-Sniper-Specialist-Refiner,Refiner,0.1943364230566833
5686,0.0029906441772915167,HOG8-ML04-H2-GPS-Sniper-Specialist-Exploiter,Exploiter,0.7311589220823197
5698,0.0029675218820615938,HOG8-ML04-H2-GPS-Sniper-Specialist-Exploiter,Exploiter,0.7731543393057116
5711,0.0029588171597096776,HOG8-ML04-H2-GPS-Sniper-Specialist-Refiner,Refiner,0.29333304682723343
5720,0.0029535467533428976,HOG8-ML04-H2-GPS-Sniper-Specialist-Refiner,Refiner,0.17812544953934006
5732,0.0029392836894689502,HOG8-ML04-H2-GPS-Sniper-Specialist-Refiner,Refiner,0.4829130894171257
5745,0.002934808641296624,HOG8-ML04-H2-GPS-Sniper-Specialist-Refiner,Refiner,0.15224961742752943
5757,0.002923362747396432,HOG8-ML04-H2-GPS-Sniper-Specialist-Refiner,Refiner,0.39000477711333636
5766,0.0029101037208196603,HOG8-ML04-H2-GPS-Sniper-Specialist-Refiner,Refiner,0.453553928214364
5777,0.0029028922724042847,HOG8-ML04-H2-GPS-Sniper-Specialist-Refiner,Refiner,0.2478072641804129
5790,0.0029019009248189556,HOG8-ML04-H2-GPS-Sniper-Specialist-Polisher,Polisher,0.034150340153960894
5800,0.002899566924637367,HOG8-ML04-H2-GPS-Sniper-Specialist-Refiner,Refiner,0.08043004368711873
5811,0.0028980912157730875,HOG8-ML04-H2-GPS-Sniper-Specialist-Refiner,Refiner,0.050894112901491796
5819,0.0028874984872662027,HOG8-ML04-H2-GPS-Sniper-Specialist-Refiner,Refiner,0.36550707752858436
5832,0.002861059231013656,HOG8-ML04-H2-GPS-Sniper-Specialist-Exploiter,Exploiter,0.9156457178815178
5840,0.00285945798309532,HOG8-ML04-H2-GPS-Sniper-Specialist-Refiner,Refiner,0.055966961500781925
5857,0.002852686683581891,HOG8-ML04-H2-GPS-Sniper-Specialist-Refiner,Refiner,0.23680360241207157
5865,0.0028492769695185874,HOG8-ML04-H2-GPS-Sniper-Specialist-Refiner,Refiner,0.11952641286992642
5876,0.0028425634974410877,HOG8-ML04-H2-GPS-Sniper-Specialist-Refiner,Refiner,0.2356201994162048
5887,0.00284028323071666,HOG8-ML04-H2-GPS-Sniper-Specialist-Refiner,Refiner,0.08021867326729305
5895,0.002833440864677148,HOG8-ML04-H2-GPS-Sniper-Specialist-Refiner,Refiner,0.24090435649213626
5906,0.0028160514629136215,HOG8-ML04-H2-GPS-Sniper-Specialist-Exploiter,Exploiter,0.6137202995943933
5916,0.002815145021109332,HOG8-ML06-H2-GPS-Spray-Specialist-Polisher,Polisher,0.03218839627851317
5916,0.0028136606287005404,HOG8-ML04-H2-GPS-Sniper-Specialist-Refiner,Refiner,0.052728807846874906
5927,0.002802871788016378,HOG8-ML04-H2-GPS-Sniper-Specialist-Refiner,Refiner,0.38344498885585376
5938,0.002774852442652493,HOG8-ML04-H2-GPS-Sniper-Specialist-Exploiter,Exploiter,0.9996656102387914
5947,0.002763522851771885,HOG8-ML04-H2-GPS-Sniper-Specialist-Refiner,Refiner,0.4082952558651498
5957,0.002758604849903246,HOG8-ML04-H2-GPS-Sniper-Specialist-Refiner,Refiner,0.1779613244553298
5970,0.0027421652545050164,HOG8-ML04-H2-GPS-Sniper-Specialist-Exploiter,Exploiter,0.5959387550125582
5984,0.00274154946227958,HOG8-ML04-H2-GPS-Sniper-Specialist-Polisher,Polisher,0.022456422873307118
5990,0.0027332922511897504,HOG8-ML04-H2-GPS-Sniper-Specialist-Refiner,Refiner,0.3011877481489473
6006,0.002725850028527662,HOG8-ML04-H2-GPS-Sniper-Specialist-Refiner,Refiner,0.2722805312475761
6022,0.002716270330216701,HOG8-ML04-H2-GPS-Sniper-Specialist-Refiner,Refiner,0.35143893503691837
6036,0.0027161466939707277,HOG8-ML04-H2-GPS-Sniper-Specialist-Polisher,Polisher,0.0045516915086818484
6041,0.0027106567311153103,HOG8-ML04-H2-GPS-Sniper-Specialist-Refiner,Refiner,0.20212320886806048
6052,0.002697623796175012,HOG8-ML04-H2-GPS-Sniper-Specialist-Refiner,Refiner,0.4808035923802113
6061,0.002695630315385271,HOG8-ML04-H2-GPS-Sniper-Specialist-Refiner,Refiner,0.07389765735932277
6074,0.0026905349151058605,HOG8-ML04-H2-GPS-Sniper-Specialist-Refiner,Refiner,0.18902444635410456
6087,0.002673721305608203,HOG8-ML04-H2-GPS-Sniper-Specialist-Exploiter,Exploiter,0.6249169785256687
6092,0.002672791524998992,HOG8-ML04-H2-GPS-Sniper-Specialist-Polisher,Polisher,0.03477477653562789
6102,0.0026639799265399666,HOG8-ML04-H2-GPS-Sniper-Specialist-Refiner,Refiner,0.3296777311888841
6117,0.0026484460581569823,HOG8-ML04-H2-GPS-Sniper-Specialist-Exploiter,Exploiter,0.5831075612930773
6126,0.0026480140811027965,HOG8-ML04-H2-GPS-Sniper-Specialist-Polisher,Polisher,0.016310585328152178
6136,0.002643049874796768,HOG8-ML04-H2-GPS-Sniper-Specialist-Refiner,Refiner,0.18746902977045143
6147,0.0026356353739905225,HOG8-ML04-H2-GPS-Sniper-Specialist-Refiner,Refiner,0.28052822146671924
6156,0.0026306082785049075,HOG8-ML04-H2-GPS-Sniper-Specialist-Refiner,Refiner,0.1907356205347792
6168,0.002609123495373989,HOG8-ML04-H2-GPS-Sniper-Specialist-Exploiter,Exploiter,0.8167230106616019
6177,0.00260845552281116,HOG8-ML04-H2-GPS-Sniper-Specialist-Polisher,Polisher,0.02560141610826046
6186,0.0026075319217602946,HOG8-ML04-H2-GPS-Sniper-Specialist-Polisher,Polisher,0.035407966238575166
6196,0.002599928145887909,HOG8-ML04-H2-GPS-Sniper-Specialist-Refiner,Refiner,0.2916081605341344
6207,0.0025998808753808765,HOG8-ML04-H2-GPS-Sniper-Specialist-Polisher,Polisher,0.001818146670988475
6216,0.0025916104909156894,HOG8-ML04-H2-GPS-Sniper-Specialist-Refiner,Refiner,0.318106284926436
6232,0.00258812056104326,HOG8-ML04-H2-GPS-Sniper-Specialist-Refiner,Refiner,0.1346625924174334
6237,0.0025870512330264206,HOG8-ML04-H2-GPS-Sniper-Specialist-Polisher,Polisher,0.04131677762370493
6247,0.0025848686755446148,HOG8-ML04-H2-GPS-Sniper-Specialist-Refiner,Refiner,0.08436467952173458
6255,0.002578522480229415,HOG8-ML04-H2-GPS-Sniper-Specialist-Refiner,Refiner,0.245513258574447
6267,0.002562221847791746,HOG8-ML04-H2-GPS-Sniper-Specialist-Exploiter,Exploiter,0.6321694909644027
6280,0.002551275501895922,HOG8-ML04-H2-GPS-Sniper-Specialist-Refiner,Refiner,0.42722084761154533
6285,0.002549388996383956,HOG8-ML04-H2-GPS-Sniper-Specialist-Refiner,Refiner,0.07394362194769359
6297,0.0025351150745862115,HOG8-ML04-H2-GPS-Sniper-Specialist-Exploiter,Exploiter,0.5598957953451014
6311,0.002531897411971156,HOG8-ML04-H2-GPS-Sniper-Specialist-Refiner,Refiner,0.12692373010249666
6316,0.0025305129626809145,HOG8-ML04-H2-GPS-Sniper-Specialist-Refiner,Refiner,0.054680307491746634
6327,0.0025265187477282692,HOG8-ML04-H2-GPS-Sniper-Specialist-Refiner,Refiner,0.15784210598999265
6337,0.0025226681596201023,HOG8-ML04-H2-GPS-Sniper-Specialist-Refiner,Refiner,0.1524068686064238
6347,0.002517041256056071,HOG8-ML04-H2-GPS-Sniper-Specialist-Refiner,Refiner,0.22305365620813927
6360,0.0025141189448607965,HOG8-ML04-H2-GPS-Sniper-Specialist-Refiner,Refiner,0.11610104475814623
6368,0.00250432841419282,HOG8-ML04-H2-GPS-Sniper-Specialist-Refiner,Refiner,0.389421935982374
6388,0.002502596158387366,HOG8-ML04-H2-GPS-Sniper-Specialist-Refiner,Refiner,0.06917047283562269
6400,0.002500398138751724,HOG8-ML04-H2-GPS-Sniper-Specialist-Refiner,Refiner,0.08782957762782378
6402,0.00249194543798779,HOG8-ML04-H2-GPS-Sniper-Specialist-Refiner,Refiner,0.33805419356751243
6410,0.002476882499415154,HOG8-ML04-H2-GPS-Sniper-Specialist-Exploiter,Exploiter,0.6044650233112286
6422,0.002466289128716859,HOG8-ML04-H2-GPS-Sniper-Specialist-Refiner,Refiner,0.42768967445149364
6430,0.002462816840650138,HOG8-ML04-H2-GPS-Sniper-Specialist-Refiner,Refiner,0.14078998387863964
6441,0.002455810709778422,HOG8-ML04-H2-GPS-Sniper-Specialist-Refiner,Refiner,0.28447632629743963
6452,0.0024483225882491882,HOG8-ML04-H2-GPS-Sniper-Specialist-Refiner,Refiner,0.30491444228245457
6465,0.0024431158383551276,HOG8-ML04-H2-GPS-Sniper-Specialist-Refiner,Refiner,0.21266600729212237
6477,0.0024303098571026634,HOG8-ML04-H2-GPS-Sniper-Specialist-Exploiter,Exploiter,0.5241659462649947
6492,0.002419264816607039,HOG8-ML04-H2-GPS-Sniper-Specialist-Refiner,Refiner,0.45447046446958334
6495,0.0024179069716992407,HOG8-ML04-H2-GPS-Sniper-Specialist-Refiner,Refiner,0.056126344601770045
6508,0.002410206849456245,HOG8-ML04-H2-GPS-Sniper-Specialist-Refiner,Refiner,0.31846230368342254
6518,0.0024064027789661197,HOG8-ML04-H2-GPS-Sniper-Specialist-Refiner,Refiner,0.157831701913208
6540,0.0024015649773841703,HOG8-ML04-H2-GPS-Sniper-Specialist-Refiner,Refiner,0.20103872985169635
6550,0.002400576440144105,HOG8-ML04-H2-GPS-Sniper-Specialist-Polisher,Polisher,0.04116221086560172
6560,0.002400416297765157,HOG8-ML04-H2-GPS-Sniper-Specialist-Polisher,Polisher,0.006670996860168515
6569,0.0023872275169804493,HOG8-ML04-H2-GPS-Sniper-Specialist-Exploiter,Exploiter,0.5494372287418101
6580,0.002386794434649433,HOG8-ML04-H2-GPS-Sniper-Specialist-Polisher,Polisher,0.018141644561978608
6590,0.002382746774475604,HOG8-ML04-H2-GPS-Sniper-Specialist-Refiner,Refiner,0.16958562141206718
6598,0.00237917907533925,HOG8-ML04-H2-GPS-Sniper-Specialist-Refiner,Refiner,0.14973052002722162
6610,0.0023790050765580186,HOG8-ML04-H2-GPS-Sniper-Specialist-Polisher,Polisher,0.007313395743720317
6620,0.002371960374827109,HOG8-ML04-H2-GPS-Sniper-Specialist-Refiner,Refiner,0.29611965944613267
6630,0.002361803538427403,HOG8-ML04-H2-GPS-Sniper-Specialist-Refiner,Refiner,0.428204303389605
6640,0.002355226163728269,HOG8-ML04-H2-GPS-Sniper-Specialist-Refiner,Refiner,0.2784894929708442
6661,0.0023448121002795476,HOG8-ML04-H2-GPS-Sniper-Specialist-Refiner,Refiner,0.4421682982765501
6682,0.0023317150300601022,HOG8-ML04-H2-GPS-Sniper-Specialist-Exploiter,Exploiter,0.5585552129266117
6690,0.0023293392828440925,HOG8-ML04-H2-GPS-Sniper-Specialist-Refiner,Refiner,0.1018884034018738
6700,0.0023270085839442157,HOG8-ML04-H2-GPS-Sniper-Specialist-Refiner,Refiner,0.10005836921408297
6711,0.0023197432351780983,HOG8-ML04-H2-GPS-Sniper-Specialist-Refiner,Refiner,0.3122183912962955
6712,0.0023197317412029556,HOG8-ML04-H2-GPS-Sniper-Specialist-Polisher,Polisher,0.0004954848005785259
6719,0.0023178660421794934,HOG8-ML04-H2-GPS-Sniper-Specialist-Refiner,Refiner,0.080427361074718
6729,0.0023103126769304302,HOG8-ML04-H2-GPS-Sniper-Specialist-Refiner,Refiner,0.325875831976931
6746,0.0023051558103839094,HOG8-ML04-H2-GPS-Sniper-Specialist-Refiner,Refiner,0.22321076268223705
6766,0.002300796014324296,HOG8-ML04-H2-GPS-Sniper-Specialist-Refiner,Refiner,0.1891323805520685
6787,0.0022917769181108817,HOG8-ML04-H2-GPS-Sniper-Specialist-Refiner,Refiner,0.39199894980968253
6795,0.002289680021388002,HOG8-ML04-H2-GPS-Sniper-Specialist-Refiner,Refiner,0.09149654603416046
6808,0.002288696028201388,HOG8-ML04-H2-GPS-Sniper-Specialist-Polisher,Polisher,0.042975139644953184
6820,0.0022859027085597354,HOG8-ML04-H2-GPS-Sniper-Specialist-Refiner,Refiner,0.12204852052143428
6836,0.0022799357114907173,HOG8-ML04-H2-GPS-Sniper-Specialist-Refiner,Refiner,0.2610346033833476
6850,0.002274824961651447,HOG8-ML04-H2-GPS-Sniper-Specialist-Refiner,Refiner,0.22416201533721863
6860,0.0022438716522210607,HOG8-ML04-H2-GPS-Sniper-Specialist-Exploiter,Exploiter,1.360689721283654
6869,0.0022375568940303237,HOG8-ML04-H2-GPS-Sniper-Specialist-Refiner,Refiner,0.28142243271742
6876,0.002236953225807876,HOG8-ML04-H2-GPS-Sniper-Specialist-Polisher,Polisher,0.02697889935482946
6890,0.0022350767165378667,HOG8-ML04-H2-GPS-Sniper-Specialist-Refiner,Refiner,0.08388683537769351
6900,0.0022214377789885617,HOG8-ML04-H2-GPS-Sniper-Specialist-Exploiter,Exploiter,0.6102223448701874
6911,0.002213926805659486,HOG8-ML04-H2-GPS-Sniper-Specialist-Refiner,Refiner,0.33811315356739957
6920,0.002197315876056593,HOG8-ML04-H2-GPS-Sniper-Specialist-Exploiter,Exploiter,0.7502926275805516
6929,0.002195444215326323,HOG8-ML04-H2-GPS-Sniper-Specialist-Refiner,Refiner,0.08517941142031087
6940,0.002193767217685702,HOG8-ML04-H2-GPS-Sniper-Specialist-Refiner,Refiner,0.07638534511212015
6951,0.0021902779358610714,HOG8-ML04-H2-GPS-Sniper-Specialist-Refiner,Refiner,0.1590543334087947
6961,0.00218510094488106,HOG8-ML04-H2-GPS-Sniper-Specialist-Refiner,Refiner,0.2363622851351196
6976,0.0021785899013757114,HOG8-ML04-H2-GPS-Sniper-Specialist-Refiner,Refiner,0.29797449498164413
6990,0.0021756636213134703,HOG8-ML04-H2-GPS-Sniper-Specialist-Refiner,Refiner,0.13431991309577
7000,0.0021750141436534956,HOG8-ML04-H2-GPS-Sniper-Specialist-Polisher,Polisher,0.029851933617502283
7011,0.0021697443215406547,HOG8-ML04-H2-GPS-Sniper-Specialist-Refiner,Refiner,0.24228909629014686
7020,0.002164430105833563,HOG8-ML04-H2-GPS-Sniper-Specialist-Refiner,Refiner,0.24492359096569827
7031,0.002162926861816223,HOG8-ML04-H2-GPS-Sniper-Specialist-Refiner,Refiner,0.06945218574111367
7046,0.0021575686445983394,HOG8-ML04-H2-GPS-Sniper-Specialist-Refiner,Refiner,0.2477299307931347
7056,0.0021569346179706947,HOG8-ML04-H2-GPS-Sniper-Specialist-Polisher,Polisher,0.029386162485819357
7064,0.0021544803397704868,HOG8-ML04-H2-GPS-Sniper-Specialist-Refiner,Refiner,0.11378547035037043
7079,0.0021531116253954126,HOG8-ML04-H2-GPS-Sniper-Specialist-Refiner,Refiner,0.06352874750390848
7100,0.0021521347860958533,HOG8-ML04-H2-GPS-Sniper-Specialist-Polisher,Polisher,0.045368725338608515
7105,0.0021510102229796955,HOG8-ML04-H2-GPS-Sniper-Specialist-Refiner,Refiner,0.05225337759619765
7116,0.002150198559206565,HOG8-ML04-H2-GPS-Sniper-Specialist-Polisher,Polisher,0.03773407324890121
7129,0.0021467145367257464,HOG8-ML04-H2-GPS-Sniper-Specialist-Refiner,Refiner,0.1620325930319783
7136,0.0021465471110361954,HOG8-ML04-H2-GPS-Sniper-Specialist-Polisher,Polisher,0.007799159445129744
7150,0.002140899644861612,HOG8-ML04-H2-GPS-Sniper-Specialist-Refiner,Refiner,0.2630953751514564
7169,0.0021348196197862566,HOG8-ML04-H2-GPS-Sniper-Specialist-Refiner,Refiner,0.2839939317075426
7181,0.0021340580104504073,HOG8-ML04-H2-GPS-Sniper-Specialist-Polisher,Polisher,0.03567558255463088
7190,0.002126915527427442,HOG8-ML04-H2-GPS-Sniper-Specialist-Refiner,Refiner,0.3346901999846676
7200,0.0021254505632331876,HOG8-ML04-H2-GPS-Sniper-Specialist-Refiner,Refiner,0.06887740370330378
7210,0.002125411339026031,HOG8-ML04-H2-GPS-Sniper-Specialist-Polisher,Polisher,0.0018454537515534973
7218,0.0021216555578802794,HOG8-ML04-H2-GPS-Sniper-Specialist-Refiner,Refiner,0.17670843647012432
7229,0.002118393095823864,HOG8-ML04-H2-GPS-Sniper-Specialist-Refiner,Refiner,0.15376963731449045
7240,0.0021093905975817567,HOG8-ML04-H2-GPS-Sniper-Specialist-Refiner,Refiner,0.4249682582451146
7250,0.002105982861033238,HOG8-ML04-H2-GPS-Sniper-Specialist-Refiner,Refiner,0.1615507603203246
7259,0.00209566936074701,HOG8-ML04-H2-GPS-Sniper-Specialist-Refiner,Refiner,0.48972384709569156
7271,0.0020938212162679654,HOG8-ML04-H2-GPS-Sniper-Specialist-Refiner,Refiner,0.08818874359006114
7281,0.0020899646716063913,HOG8-ML04-H2-GPS-Sniper-Specialist-Refiner,Refiner,0.18418691298046957
7290,0.0020893161134509495,HOG8-ML04-H2-GPS-Sniper-Specialist-Polisher,Polisher,0.031032015241831967
7302,0.002081876679550602,HOG8-ML04-H2-GPS-Sniper-Specialist-Refiner,Refiner,0.356070287901999
7317,0.002079758252419352,HOG8-ML04-H2-GPS-Sniper-Specialist-Refiner,Refiner,0.10175564922063973
7331,0.002075152660124295,HOG8-ML04-H2-GPS-Sniper-Specialist-Refiner,Refiner,0.2214484442939241
7342,0.0020716910868788826,HOG8-ML04-H2-GPS-Sniper-Specialist-Refiner,Refiner,0.16681053456592032
7357,0.0020698851779771483,HOG8-ML04-H2-GPS-Sniper-Specialist-Refiner,Refiner,0.08717076175942244
7377,0.0020613369609502417,HOG8-ML04-H2-GPS-Sniper-Specialist-Refiner,Refiner,0.41298025213459216
7382,0.002060742163293605,HOG8-ML04-H2-GPS-Sniper-Specialist-Polisher,Polisher,0.028854945499173768
7395,0.0020597744522112826,HOG8-ML04-H2-GPS-Sniper-Specialist-Polisher,Polisher,0.04695934792617939
7406,0.0020590231312440583,HOG8-ML04-H2-GPS-Sniper-Specialist-Polisher,Polisher,0.036475885328987934
7417,0.0020560181361067016,HOG8-ML04-H2-GPS-Sniper-Specialist-Refiner,Refiner,0.14594275759986475
7425,0.0020524533061250638,HOG8-ML04-H1-GPS-Sniper-Specialist-Refiner,Refiner,0.1733851428172829
7430,0.002040680232442105,HOG8-ML04-H2-GPS-Sniper-Specialist-Exploiter,Exploiter,0.5736098184462817
7439,0.002020192037617858,HOG8-ML04-H1-GPS-Sniper-Specialist-Exploiter,Exploiter,1.0039884984688898
7451,0.0020201392779346274,HOG8-ML04-H1-GPS-Sniper-Specialist-Polisher,Polisher,0.002611617224914046
7470,0.0020120481711547386,HOG8-ML04-H1-GPS-Sniper-Specialist-Refiner,Refiner,0.4005222247923929
7480,0.0020093579376559106,HOG8-ML04-H1-GPS-Sniper-Specialist-Refiner,Refiner,0.13370621724648
7490,0.0019985024225851007,HOG8-ML04-H1-GPS-Sniper-Specialist-Exploiter,Exploiter,0.5402479502220414
7501,0.0019976236234147313,HOG8-ML04-H1-GPS-Sniper-Specialist-Polisher,Polisher,0.04397288491812905
7510,0.001995694650671352,HOG8-ML04-H1-GPS-Sniper-Specialist-Refiner,Refiner,0.0965633726378323
7520,0.001995485791059435,HOG8-ML04-H1-GPS-Sniper-Specialist-Polisher,Polisher,0.010465509432857534
7533,0.0019950744194533903,HOG8-ML04-H1-GPS-Sniper-Specialist-Polisher,Polisher,0.020615110760884833
7541,0.0019946340415657945,HOG8-ML04-H1-GPS-Sniper-Specialist-Polisher,Polisher,0.022073256180409773
7551,0.0019909209518472236,HOG8-ML04-H1-GPS-Sniper-Specialist-Refiner,Refiner,0.18615393306213368
7560,0.0019906013319293666,HOG8-ML04-H1-GPS-Sniper-Specialist-Polisher,Polisher,0.016053872835103827
7572,0.001987980560264795,HOG8-ML04-H1-GPS-Sniper-Specialist-Refiner,Refiner,0.13165728478798677
7583,0.0019864817262120753,HOG8-ML04-H1-GPS-Sniper-Specialist-Refiner,Refiner,0.07539480428923276
7591,0.001985842597281694,HOG8-ML04-H1-GPS-Sniper-Specialist-Polisher,Polisher,0.03217391441098464
7602,0.001973621761449121,HOG8-ML04-H1-GPS-Sniper-Specialist-Exploiter,Exploiter,0.6153980103610198
7612,0.001973528006170336,HOG8-ML04-H1-GPS-Sniper-Specialist-Polisher,Polisher,0.004750417765764917
7626,0.0019694962008207804,HOG8-ML04-H1-GPS-Sniper-Specialist-Refiner,Refiner,0.20429430628548917
7634,0.001949720383542496,HOG8-ML04-H1-GPS-Sniper-Specialist-Exploiter,Exploiter,1.0041053783217715
7638,0.001949299032763767,HOG8-ML04-H1-GPS-Sniper-Specialist-Polisher,Polisher,0.021610831085605853
7651,0.0019370340457051686,HOG8-ML04-H1-GPS-Sniper-Specialist-Exploiter,Exploiter,0.6291998740290125
7661,0.0019358082861961202,HOG8-ML04-H1-GPS-Sniper-Specialist-Refiner,Refiner,0.06328022534070556
7676,0.0019200807977932132,HOG8-ML04-H1-GPS-Sniper-Specialist-Exploiter,Exploiter,0.8124507222671119
7686,0.0019198426553939025,HOG8-ML04-H1-GPS-Sniper-Specialist-Polisher,Polisher,0.012402728030217369
7695,0.0019184249989227732,HOG8-ML04-H1-GPS-Sniper-Specialist-Refiner,Refiner,0.07384232593990422
7701,0.0019141782371763611,HOG8-ML04-H1-GPS-Sniper-Specialist-Refiner,Refiner,0.2213670979473649
7716,0.0019138900194340298,HOG8-ML04-H1-GPS-Sniper-Specialist-Polisher,Polisher,0.015056996090210653
7726,0.0019125436134589532,HOG8-ML04-H1-GPS-Sniper-Specialist-Refiner,Refiner,0.07034918210581337
7738,0.0019121329742184442,HOG8-ML04-H1-GPS-Sniper-Specialist-Polisher,Polisher,0.02147084320688166
7747,0.0019079244752995583,HOG8-ML04-H1-GPS-Sniper-Specialist-Refiner,Refiner,0.2200944691415139
7755,0.0019076749766516788,HOG8-ML04-H1-GPS-Sniper-Specialist-Polisher,Polisher,0.013076966678161306
7780,0.0019015780783681927,HOG8-ML04-H1-GPS-Sniper-Specialist-Refiner,Refiner,0.3195983780312161
7792,0.0019007487857295325,HOG8-ML04-H1-GPS-Sniper-Specialist-Polisher,Polisher,0.043610759300077934
7811,0.0018972940536385763,HOG8-ML04-H1-GPS-Sniper-Specialist-Refiner,Refiner,0.1817563750082945
7829,0.0018934384842994743,HOG8-ML04-H1-GPS-Sniper-Specialist-Refiner,Refiner,0.20321411600420586
7840,0.0018882584265669379,HOG8-ML04-H1-GPS-Sniper-Specialist-Refiner,Refiner,0.2735794046381675
7847,0.0018882554214261543,HOG8-ML04-H1-GPS-Sniper-Specialist-Polisher,Polisher,0.00015914880830345934
7860,0.0018879447968228272,HOG8-ML04-H1-GPS-Sniper-Specialist-Polisher,Polisher,0.016450348814169544
7870,0.0018863745028599886,HOG8-ML04-H1-GPS-Sniper-Specialist-Refiner,Refiner,0.08317478167165003
7880,0.0018845186920942382,HOG8-ML04-H1-GPS-Sniper-Specialist-Refiner,Refiner,0.09837976302885343
7887,0.0018777450055482967,HOG8-ML04-H1-GPS-Sniper-Specialist-Refiner,Refiner,0.3594385438763663
7901,0.0018726097560564066,HOG8-ML04-H1-GPS-Sniper-Specialist-Refiner,Refiner,0.27347959796014143
7907,0.001853167567668232,HOG8-ML04-H1-GPS-Sniper-Specialist-Exploiter,Exploiter,1.038240259365013
7919,0.0018510325732429686,HOG8-ML04-H1-GPS-Sniper-Specialist-Refiner,Refiner,0.11520784534071347
7930,0.001848070288890792,HOG8-ML04-H1-GPS-Sniper-Specialist-Refiner,Refiner,0.16003415580022612
7940,0.001846627135736226,HOG8-ML04-H1-GPS-Sniper-Specialist-Refiner,Refiner,0.07808973301724853
7951,0.001842249967110947,HOG8-ML04-H1-GPS-Sniper-Specialist-Refiner,Refiner,0.2370358661243248
7961,0.0018383608554824976,HOG8-ML04-H1-GPS-Sniper-Specialist-Refiner,Refiner,0.2111066195076817
7971,0.0018296899641940035,HOG8-ML04-H1-GPS-Sniper-Specialist-Refiner,Refiner,0.4716642688857903
7983,0.0018266250691285472,HOG8-ML04-H1-GPS-Sniper-Specialist-Refiner,Refiner,0.16750898378602824
7997,0.001826386746764008,HOG8-ML04-H1-GPS-Sniper-Specialist-Polisher,Polisher,0.013047141888450223
8010,0.0018222528428121177,HOG8-ML04-H1-GPS-Sniper-Specialist-Refiner,Refiner,0.22634329553774427
8020,0.0018203297961031104,HOG8-ML04-H1-GPS-Sniper-Specialist-Refiner,Refiner,0.10553127775834262
8021,0.0018166763140962812,HOG8-ML04-H1-GPS-Sniper-Specialist-Refiner,Refiner,0.20070440063390563
8037,0.0018165559867402408,HOG8-ML04-H1-GPS-Sniper-Specialist-Polisher,Polisher,0.006623489011595931
8050,0.001816501824927274,HOG8-ML01-H2-GPS-GradientEstimation-Escape-Specialist-Polisher,Polisher,0.0029815658511061507
8050,0.0018144565999303364,HOG8-ML04-H1-GPS-Sniper-Specialist-Refiner,Refiner,0.112591408875651
8061,0.0018133622876755201,HOG8-ML04-H1-GPS-Sniper-Specialist-Refiner,Refiner,0.06031074288898932
8072,0.0018104486453664644,HOG8-ML04-H1-GPS-Sniper-Specialist-Refiner,Refiner,0.16067623821551183
8082,0.0018026081967039047,HOG8-ML04-H1-GPS-Sniper-Specialist-Refiner,Refiner,0.4330666148761488
8115,0.0018001338794540835,HOG8-ML04-H1-GPS-Sniper-Specialist-Refiner,Refiner,0.1372631753447863
8129,0.0017965976523468996,HOG8-ML04-H1-GPS-Sniper-Specialist-Refiner,Refiner,0.19644245061685794
8145,0.0017913399435199704,HOG8-ML04-H1-GPS-Sniper-Specialist-Refiner,Refiner,0.2926480962535556
8157,0.0017876603605094475,HOG8-ML04-H1-GPS-Sniper-Specialist-Refiner,Refiner,0.20540953289370947
8170,0.0017869474939274561,HOG8-ML04-H1-GPS-Sniper-Specialist-Polisher,Polisher,0.03987707048492575
8175,0.0017859876024776278,HOG8-ML04-H1-GPS-Sniper-Specialist-Refiner,Refiner,0.05371682453403034
8188,0.0017812584118981232,HOG8-ML04-H1-GPS-Sniper-Specialist-Refiner,Refiner,0.2647941437523985
8197,0.0017778334229988314,HOG8-ML04-H1-GPS-Sniper-Specialist-Refiner,Refiner,0.19227917052428703
8211,0.0017756067489865571,HOG8-ML04-H1-GPS-Sniper-Specialist-Refiner,Refiner,0.1252464929204879
8216,0.0017665890068767796,HOG8-ML04-H1-GPS-Sniper-Specialist-Exploiter,Exploiter,0.5078682042025634
8228,0.0017654105888481814,HOG8-ML04-H1-GPS-Sniper-Specialist-Refiner,Refiner,0.06670583955922788
8237,0.0017643990565810088,HOG8-ML04-H1-GPS-Sniper-Specialist-Refiner,Refiner,0.05729728107230584
8249,0.0017624663652614156,HOG8-ML04-H1-GPS-Sniper-Specialist-Refiner,Refiner,0.109538219961323
8257,0.0017621315531598867,HOG8-ML04-H1-GPS-Sniper-Specialist-Polisher,Polisher,0.018996793818485923
8270,0.0017612841123759,HOG8-ML04-H1-GPS-Sniper-Specialist-Polisher,Polisher,0.0480918000967146
8278,0.001759457167232698,HOG8-ML04-H1-GPS-Sniper-Specialist-Refiner,Refiner,0.10372802038947714
8287,0.0017566521113212441,HOG8-ML04-H1-GPS-Sniper-Specialist-Refiner,Refiner,0.15942734859898447
8310,0.0017546634507568282,HOG8-ML04-H1-GPS-Sniper-Specialist-Refiner,Refiner,0.11320742175411234
8322,0.00174827486480506,HOG8-ML04-H1-GPS-Sniper-Specialist-Refiner,Refiner,0.3640918119661433
8330,0.0017463262069283242,HOG8-ML04-H1-GPS-Sniper-Specialist-Refiner,Refiner,0.11146175672743014
8342,0.001743626643529352,HOG8-ML04-H1-GPS-Sniper-Specialist-Refiner,Refiner,0.15458528814730838
8351,0.0017433166766084567,HOG8-ML04-H1-GPS-Sniper-Specialist-Polisher,Polisher,0.017777138359615578
8362,0.0017340243154995404,HOG8-ML04-H1-GPS-Sniper-Specialist-Exploiter,Exploiter,0.5330277185780283
8372,0.0017292170411898275,HOG8-ML04-H2-GPS-Sniper-Specialist-Refiner,Refiner,0.2772322317941649
8385,0.0017191757817707118,HOG8-ML04-H2-GPS-Sniper-Specialist-Exploiter,Exploiter,0.5806824233126074
8397,0.0017136260169384576,HOG8-ML04-H2-GPS-Sniper-Specialist-Refiner,Refiner,0.3228154381361824
8411,0.0017127841369994857,HOG8-ML04-H2-GPS-Sniper-Specialist-Polisher,Polisher,0.0491285689322076
8416,0.0017124256485292802,HOG8-ML04-H2-GPS-Sniper-Specialist-Polisher,Polisher,0.020930160576655317
8430,0.0017071662177992864,HOG8-ML04-H2-GPS-Sniper-Specialist-Refiner,Refiner,0.30713337741179736
8447,0.0017017130196945005,HOG8-ML04-H2-GPS-Sniper-Specialist-Refiner,Refiner,0.31942982750769666
8461,0.0016960392112428237,HOG8-ML04-H2-GPS-Sniper-Specialist-Refiner,Refiner,0.3334174673409609
8470,0.0016948219038803274,HOG8-ML04-H2-GPS-Sniper-Specialist-Refiner,Refiner,0.07177353886790752
8477,0.0016946002931676131,HOG8-ML04-H2-GPS-Sniper-Specialist-Polisher,Polisher,0.013075752219561263
8490,0.001684802317663409,HOG8-ML04-H2-GPS-Sniper-Specialist-Exploiter,Exploiter,0.5781879977070772
8500,0.0016803438474092057,HOG8-ML04-H2-GPS-Sniper-Specialist-Refiner,Refiner,0.26462868714393994
8510,0.0016774134522957675,HOG8-ML04-H2-GPS-Sniper-Specialist-Refiner,Refiner,0.1743925874431223
8521,0.0016774086760565335,HOG8-ML04-H2-GPS-Sniper-Specialist-Polisher,Polisher,0.0002847383408926954
8548,0.0016762656697765373,HOG8-ML04-H2-GPS-Sniper-Specialist-Refiner,Refiner,0.0681411928000329
8561,0.0016754608687584358,HOG8-ML04-H2-GPS-Sniper-Specialist-Polisher,Polisher,0.04801154331394427
8570,0.0016733225922321623,HOG8-ML04-H2-GPS-Sniper-Specialist-Refiner,Refiner,0.1276231851274466
8586,0.0016641926571034213,HOG8-ML04-H2-GPS-Sniper-Specialist-Exploiter,Exploiter,0.5456171554202204
8592,0.001663317711111426,HOG8-ML04-H2-GPS-Sniper-Specialist-Refiner,Refiner,0.052574801857268885
8606,0.0016632644718299972,HOG8-ML04-H2-GPS-Sniper-Specialist-Polisher,Polisher,0.003200788464709889
8617,0.0016605570469151575,HOG8-ML04-H2-GPS-Sniper-Specialist-Refiner,Refiner,0.16277777591562612
8625,0.0016601755841489127,HOG8-ML04-H2-GPS-Sniper-Specialist-Polisher,Polisher,0.022971975997662784
8640,0.0016469846582351467,HOG8-ML04-H2-GPS-Sniper-Specialist-Exploiter,Exploiter,0.7945500487846457
8656,0.0016344833981503757,HOG8-ML04-H2-GPS-Sniper-Specialist-Exploiter,Exploiter,0.7590392552998625
8677,0.0016267031144326714,HOG8-ML04-H2-GPS-Sniper-Specialist-Refiner,Refiner,0.4760087331880296
8691,0.0016212014784132921,HOG8-ML04-H2-GPS-Sniper-Specialist-Refiner,Refiner,0.3382077510374745
8700,0.0016188763808330175,HOG8-ML04-H2-GPS-Sniper-Specialist-Refiner,Refiner,0.143418175423223
8712,0.0016150659727309123,HOG8-ML04-H2-GPS-Sniper-Specialist-Refiner,Refiner,0.2353736299583603
8722,0.0016131959145535932,HOG8-ML04-H2-GPS-Sniper-Specialist-Refiner,Refiner,0.11578834604241937
8726,0.0016131210884323716,HOG8-ML04-H2-GPS-Sniper-Specialist-Polisher,Polisher,0.004638377803129274
8736,0.0016122173995620215,HOG8-ML04-H2-GPS-Sniper-Specialist-Refiner,Refiner,0.056021142915458635
8745,0.0016100511222818593,HOG8-ML04-H2-GPS-Sniper-Specialist-Refiner,Refiner,0.13436632558057687
8756,0.001605179120326524,HOG8-ML04-H2-GPS-Sniper-Specialist-Refiner,Refiner,0.30259920867795037
8770,0.0016032010017565594,HOG8-ML04-H2-GPS-Sniper-Specialist-Refiner,Refiner,0.1232335098878026
8787,0.0015999524201477516,HOG8-ML04-H2-GPS-Sniper-Specialist-Refiner,Refiner,0.20263096176015394
8798,0.0015974031277356457,HOG8-ML04-H2-GPS-Sniper-Specialist-Refiner,Refiner,0.15933551398175455
8811,0.0015942757725301553,HOG8-ML04-H2-GPS-Sniper-Specialist-Refiner,Refiner,0.19577745599656202
8819,0.0015852332682977106,HOG8-ML04-H2-GPS-Sniper-Specialist-Exploiter,Exploiter,0.5671857020127757
8836,0.0015817224578051911,HOG8-ML04-H2-GPS-Sniper-Specialist-Refiner,Refiner,0.2214696450503766
8847,0.0015811412961105372,HOG8-ML04-H2-GPS-Sniper-Specialist-Polisher,Polisher,0.03674233060206612
8860,0.0015772246218484758,HOG8-ML04-H2-GPS-Sniper-Specialist-Refiner,Refiner,0.2477118440771908
8870,0.0015765200944983736,HOG8-ML04-H2-GPS-Sniper-Specialist-Polisher,Polisher,0.044668802423113656
8889,0.00157466419606967,HOG8-ML04-H2-GPS-Sniper-Specialist-Refiner,Refiner,0.11772120350258997
8901,0.0015720077029766505,HOG8-ML04-H2-GPS-Sniper-Specialist-Refiner,Refiner,0.16870219692872063
8909,0.0015715620136219838,HOG8-ML04-H2-GPS-Sniper-Specialist-Polisher,Polisher,0.02835160119271025
8925,0.0015695977760284206,HOG8-ML04-H2-GPS-Sniper-Specialist-Refiner,Refiner,0.12498632421359206
8968,0.0015549262592460084,HOG8-ML04-H2-GPS-Sniper-Specialist-Exploiter,Exploiter,0.9347309869115485
8981,0.0015505238769050254,HOG8-ML04-H2-GPS-Sniper-Specialist-Refiner,Refiner,0.2831248308275244
8987,0.001541936395397407,HOG8-ML04-H2-GPS-Sniper-Specialist-Exploiter,Exploiter,0.5538438740304877
9000,0.0015377795807345975,HOG8-ML04-H2-GPS-Sniper-Specialist-Refiner,Refiner,0.26958405516707706
9012,0.0015313440839814269,HOG8-ML04-H2-GPS-Sniper-Specialist-Refiner,Refiner,0.41849279531312455
9031,0.0015278464950980854,HOG8-ML04-H2-GPS-Sniper-Specialist-Refiner,Refiner,0.2283999344058529
9042,0.0015149195243859238,HOG8-ML04-H2-GPS-Sniper-Specialist-Exploiter,Exploiter,0.8460909360748124
9068,0.0015108030241061175,HOG8-ML04-H2-GPS-Sniper-Specialist-Refiner,Refiner,0.27173062420427263
9096,0.0015107479953706212,HOG8-ML04-H2-GPS-Sniper-Specialist-Polisher,Polisher,0.0036423501024465304
9102,0.0015039530768759968,HOG8-ML04-H2-GPS-Sniper-Specialist-Refiner,Refiner,0.4497718028053677
9116,0.0015029701040656068,HOG8-ML04-H2-GPS-Sniper-Specialist-Refiner,Refiner,0.06535927386989099
9126,0.0015017912074646786,HOG8-ML04-H2-GPS-Sniper-Specialist-Refiner,Refiner,0.0784377944537416
9137,0.001494731148698465,HOG8-ML04-H2-GPS-Sniper-Specialist-Refiner,Refiner,0.47010920899799274
9157,0.0014877151357234983,HOG8-ML04-H2-GPS-Sniper-Specialist-Refiner,Refiner,0.46938293759890315
9165,0.0014863142672201244,HOG8-ML04-H2-GPS-Sniper-Specialist-Refiner,Refiner,0.09416241521887175
9180,0.00148480276206468,HOG8-ML04-H2-GPS-Sniper-Specialist-Refiner,Refiner,0.1016948561135339
9192,0.0014837392946000232,HOG8-ML04-H2-GPS-Sniper-Specialist-Refiner,Refiner,0.07162348372641521
9206,0.001478315602987254,HOG8-ML04-H2-GPS-Sniper-Specialist-Refiner,Refiner,0.36554208899826646
9216,0.0014782626604025921,HOG8-ML04-H2-GPS-Sniper-Specialist-Polisher,Polisher,0.0035812775401263992
9220,0.0014782446058191827,HOG8-ML04-H2-GPS-Sniper-Specialist-Polisher,Polisher,0.0012213379863465189
9227,0.0014766636032181903,HOG8-ML04-H2-GPS-Sniper-Specialist-Refiner,Refiner,0.1069513526224759
9240,0.0014765339929041705,HOG8-ML04-H2-GPS-Sniper-Specialist-Polisher,Polisher,0.008777240377382575
9247,0.0014764803412853382,HOG8-ML04-H2-GPS-Sniper-Specialist-Polisher,Polisher,0.0036336189407188847
9258,0.0014745872656108249,HOG8-ML04-H2-GPS-Sniper-Specialist-Refiner,Refiner,0.12821543379746606
9270,0.0014740085902796999,HOG8-ML04-H2-GPS-Sniper-Specialist-Polisher,Polisher,0.03924320687018089
9280,0.0014739133367040532,HOG8-ML04-H2-GPS-Sniper-Specialist-Polisher,Polisher,0.006462213061363712
9291,0.0014681716250241274,HOG8-ML04-H2-GPS-Sniper-Specialist-Refiner,Refiner,0.3895555822003305
9326,0.0014671122621263467,HOG8-ML04-H2-GPS-Sniper-Specialist-Refiner,Refiner,0.07215524940848084
9345,0.0014640833602410199,HOG8-ML04-H2-GPS-Sniper-Specialist-Refiner,Refiner,0.20645331400453948
9356,0.0014640184561022108,HOG8-ML04-H2-GPS-Sniper-Specialist-Polisher,Polisher,0.004433090394416889
9370,0.0014612434586858492,HOG8-ML04-H2-GPS-Sniper-Specialist-Refiner,Refiner,0.18954661430633504
9390,0.0014559369413462927,HOG8-ML04-H2-GPS-Sniper-Specialist-Refiner,Refiner,0.3631508020113776
9396,0.0014558800179942095,HOG8-ML04-H2-GPS-Sniper-Specialist-Polisher,Polisher,0.003909740213785561
9406,0.001451742378490439,HOG8-ML04-H2-GPS-Sniper-Specialist-Refiner,Refiner,0.28420195707273604
9418,0.0014416118825188715,HOG8-ML04-H2-GPS-Sniper-Specialist-Exploiter,Exploiter,0.6978163702916425
9431,0.001441293371127418,HOG8-ML04-H2-GPS-Sniper-Specialist-Polisher,Polisher,0.022094115296621072
9437,0.0014389459183146952,HOG8-ML04-H2-GPS-Sniper-Specialist-Refiner,Refiner,0.16287126963517548
9446,0.0014311078614400485,HOG8-ML04-H2-GPS-Sniper-Specialist-Exploiter,Exploiter,0.5447082322473054
9457,0.0014284122497067915,HOG8-ML04-H2-GPS-Sniper-Specialist-Refiner,Refiner,0.18835839043917493
9465,0.0014251039555897595,HOG8-ML04-H2-GPS-Sniper-Specialist-Refiner,Refiner,0.23160639498233634
9476,0.0014187518267001604,HOG8-ML04-H2-GPS-Sniper-Specialist-Refiner,Refiner,0.4457309142034056
9490,0.0014172345959068944,HOG8-ML04-H2-GPS-Sniper-Specialist-Refiner,Refiner,0.10694123980758657
9506,0.0014118027875768425,HOG8-ML04-H2-GPS-Sniper-Specialist-Refiner,Refiner,0.38326811564856794
9519,0.0014106369710880072,HOG8-ML04-H2-GPS-Sniper-Specialist-Refiner,Refiner,0.08257644049820068
9532,0.001404899347030132,HOG8-ML04-H2-GPS-Sniper-Specialist-Refiner,Refiner,0.40673994624213583
9570,0.001403551815684966,HOG8-ML04-H2-GPS-Sniper-Specialist-Refiner,Refiner,0.09591657566178405
9580,0.0013959510539577114,HOG8-ML04-H2-GPS-Sniper-Specialist-Exploiter,Exploiter,0.5415376648239554
9591,0.0013952132662233894,HOG8-ML04-H2-GPS-Sniper-Specialist-Refiner,Refiner,0.05285197731183152
9611,0.0013938673435907733,HOG8-ML04-H2-GPS-Sniper-Specialist-Refiner,Refiner,0.09646716134368223
9628,0.0013930313607409533,HOG8-ML04-H2-GPS-Sniper-Specialist-Refiner,Refiner,0.05997578275034486
9631,0.0013922564148807967,HOG8-ML04-H2-GPS-Sniper-Specialist-Refiner,Refiner,0.05563018048239233
9641,0.0013919905098630884,HOG8-ML04-H2-GPS-Sniper-Specialist-Polisher,Polisher,0.019098853836565354
9651,0.0013906323642969625,HOG8-ML04-H2-GPS-Sniper-Specialist-Refiner,Refiner,0.09756859378728744
9667,0.001387312779871528,HOG8-ML04-H2-GPS-Sniper-Specialist-Refiner,Refiner,0.23871042488737207
9675,0.0013872939111481363,HOG8-ML04-H2-GPS-Sniper-Specialist-Polisher,Polisher,0.0013600915140009528
9687,0.0013872028368009407,HOG8-ML04-H2-GPS-Sniper-Specialist-Polisher,Polisher,0.006564892014854312
9697,0.0013835956188237635,HOG8-ML04-H2-GPS-Sniper-Specialist-Refiner,Refiner,0.2600353662407353
9704,0.001383545978559395,HOG8-ML04-H2-GPS-Sniper-Specialist-Polisher,Polisher,0.003587772589988853
9716,0.001381335895312074,HOG8-ML04-H2-GPS-Sniper-Specialist-Refiner,Refiner,0.15974049880310165
9727,0.0013774245746364286,HOG8-ML04-H2-GPS-Sniper-Specialist-Refiner,Refiner,0.28315492914645346
9802,0.0013689455299586495,HOG8-ML04-H1-GPS-Sniper-Specialist-Exploiter,Exploiter,0.6155723394159086
9810,0.0013583801356644321,HOG8-ML04-H1-GPS-Sniper-Specialist-Exploiter,Exploiter,0.7717907004332425
9820,0.001354663555526931,HOG8-ML04-H1-GPS-Sniper-Specialist-Refiner,Refiner,0.27360383444382746
9831,0.0013539661299429419,HOG8-ML04-H1-GPS-Sniper-Specialist-Refiner,Refiner,0.051483306031496465
9840,0.0013500900391191439,HOG8-ML04-H1-GPS-Sniper-Specialist-Refiner,Refiner,0.2862767936419029
9850,0.0013498599273341165,HOG8-ML04-H1-GPS-Sniper-Specialist-Polisher,Polisher,0.01704418063683256
9861,0.0013442842569273738,HOG8-ML04-H1-GPS-Sniper-Specialist-Refiner,Refiner,0.41305548033819717
9870,0.0013439671700841763,HOG8-ML04-H1-GPS-Sniper-Specialist-Polisher,Polisher,0.02358778223902016
9880,0.0013414758951734653,HOG8-ML04-H1-GPS-Sniper-Specialist-Refiner,Refiner,0.1853672445402811
9890,0.0013401072942585395,HOG8-ML04-H1-GPS-Sniper-Specialist-Refiner,Refiner,0.10202202811469636
9900,0.001339016028461908,HOG8-ML04-H1-GPS-Sniper-Specialist-Refiner,Refiner,0.08143122579116964
9911,0.0013377890689458163,HOG8-ML04-H1-GPS-Sniper-Specialist-Refiner,Refiner,0.09163142860216256
9922,0.001333112768348767,HOG8-ML04-H1-GPS-Sniper-Specialist-Refiner,Refiner,0.34955440327631515
9944,0.0013314419385207126,HOG8-ML04-H1-GPS-Sniper-Specialist-Refiner,Refiner,0.1253329701525519
9951,0.0013294107240965276,HOG8-ML04-H1-GPS-Sniper-Specialist-Refiner,Refiner,0.15255749165012508
9960,0.0013286774974977625,HOG8-ML04-H1-GPS-Sniper-Specialist-Refiner,Refiner,0.055154256353948564
9961,0.0013286763861446106,HOG8-ML04-H1-GPS-Sniper-Specialist-Polisher,Polisher,8.364355940097621E-05
9971,0.0013275720638524064,HOG8-ML04-H1-GPS-Sniper-Specialist-Refiner,Refiner,0.08311446667676778
9987,0.0013267755593129728,HOG8-ML04-H1-GPS-Sniper-Specialist-Refiner,Refiner,0.05999708498853876
9998,0.0013242259577589855,HOG8-ML04-H1-GPS-Sniper-Specialist-Refiner,Refiner,0.192165248755979
10004,0.0013234359579856428,HOG8-ML04-H1-GPS-Sniper-Specialist-Refiner,Refiner,0.05965747527556098
10011,0.0013216541283479562,HOG8-ML04-H1-GPS-Sniper-Specialist-Refiner,Refiner,0.1346366348091901
10021,0.001315832890383038,HOG8-ML04-H1-GPS-Sniper-Specialist-Refiner,Refiner,0.44045093493519744
10000,0.001315832890383038,Final,Final,0
