TimeMs,BestQuality,Source,Role,DeltaPct
7,151305.0328479119,HOG8-ML00-H1-GPS-GradientEstimation-Escape-Specialist-Global Explorer,Global Explorer,100
7,144033.90856766864,HOG8-ML03-H1-GPS-JADE-Specialist-Exploiter,Exploiter,4.805606359143402
9,115856.01998686657,HOG8-ML05-H1-GPS-JADE-Specialist-Local Explorer,Local Explorer,19.563371473435925
15,274.59859388876566,HOG8-ML06-H2-GPS-Spray-Specialist-Global Explorer,Global Explorer,99.76298288693165
22,63.29297358484016,HOG8-ML06-H2-GPS-Spray-Specialist-Global Explorer,Global Explorer,76.95072917580967
33,42.2969758892834,HOG8-ML06-H2-GPS-Spray-Specialist-Local Explorer,Local Explorer,33.172714926109414
43,33.87857073122876,HOG8-ML06-H2-GPS-Spray-Specialist-Local Explorer,Local Explorer,19.903089951609456
53,30.281329467960227,HOG8-ML06-H2-GPS-Spray-Specialist-Local Explorer,Local Explorer,10.618043163056619
63,27.955649989474157,HOG8-ML06-H2-GPS-Spray-Specialist-Local Explorer,Local Explorer,7.680242312170613
73,26.52932046724326,HOG8-ML06-H2-GPS-Spray-Specialist-Local Explorer,Local Explorer,5.102115396236318
82,25.63887385109625,HOG8-ML06-H1-GPS-Spray-Specialist-Exploiter,Exploiter,3.3564622103550574
91,25.315577196853454,HOG8-ML06-H1-GPS-Spray-Specialist-Exploiter,Exploiter,1.2609627712996163
103,25.070127536336976,HOG8-ML06-H1-GPS-Spray-Specialist-Exploiter,Exploiter,0.9695598034675086
116,24.83731130400901,HOG8-ML06-H1-GPS-Spray-Specialist-Exploiter,Exploiter,0.9286599439532942
126,24.62469089949151,HOG8-ML06-H1-GPS-Spray-Specialist-Exploiter,Exploiter,0.8560524201473401
134,24.487570339164765,HOG8-ML06-H1-GPS-Spray-Specialist-Exploiter,Exploiter,0.5568417523956726
146,24.359226393113346,HOG8-ML06-H1-GPS-Spray-Specialist-Exploiter,Exploiter,0.5241187438108127
157,24.23363657477734,HOG8-ML06-H1-GPS-Spray-Specialist-Exploiter,Exploiter,0.5155739197510495
169,24.145758682907623,HOG8-ML06-H1-GPS-Spray-Specialist-Refiner,Refiner,0.36262775336484526
178,23.970815972865804,HOG8-ML06-H1-GPS-Spray-Specialist-Exploiter,Exploiter,0.7245277000372651
187,23.95721016581419,HOG8-ML06-H1-GPS-Spray-Specialist-Refiner,Refiner,0.05675988279671538
196,23.93022019436576,HOG8-ML06-H1-GPS-Spray-Specialist-Refiner,Refiner,0.11265907533316649
197,23.800881123482576,HOG8-ML06-H1-GPS-Spray-Specialist-Exploiter,Exploiter,0.5404842489231914
207,23.739199257634212,HOG8-ML06-H1-GPS-Spray-Specialist-Refiner,Refiner,0.2591579090217245
217,23.693127470909687,HOG8-ML06-H1-GPS-Spray-Specialist-Refiner,Refiner,0.19407472941493162
228,23.599242773512973,HOG8-ML06-H1-GPS-Spray-Specialist-Refiner,Refiner,0.3962528691578813
239,23.55752522560149,HOG8-ML06-H1-GPS-Spray-Specialist-Refiner,Refiner,0.17677494278886002
252,23.47701205201777,HOG8-ML06-H1-GPS-Spray-Specialist-Refiner,Refiner,0.34177263024310617
262,23.360111784970776,HOG8-ML06-H1-GPS-Spray-Specialist-Refiner,Refiner,0.497935030181775
270,23.352015265553646,HOG8-ML06-H1-GPS-Spray-Specialist-Polisher,Polisher,0.03465959192172583
283,23.31815280622218,HOG8-ML06-H1-GPS-Spray-Specialist-Refiner,Refiner,0.14500872385697894
292,23.123569719378708,HOG8-ML06-H1-GPS-Spray-Specialist-Exploiter,Exploiter,0.8344704165055061
303,23.11442217842376,HOG8-ML06-H1-GPS-Spray-Specialist-Polisher,Polisher,0.039559380605853234
312,23.09046339119677,HOG8-ML06-H1-GPS-Spray-Specialist-Refiner,Refiner,0.10365297926137382
321,23.066494939635916,HOG8-ML06-H1-GPS-Spray-Specialist-Refiner,Refiner,0.10380238436441443
329,23.04126775754098,HOG8-ML06-H1-GPS-Spray-Specialist-Refiner,Refiner,0.10936721058381854
341,22.951356395921746,HOG8-ML06-H1-GPS-Spray-Specialist-Refiner,Refiner,0.39021881332812847
352,22.896644788834195,HOG8-ML06-H1-GPS-Spray-Specialist-Refiner,Refiner,0.23838071329532767
359,22.85637542334164,HOG8-ML06-H1-GPS-Spray-Specialist-Refiner,Refiner,0.17587452600126577
372,22.806474931601503,HOG8-ML06-H1-GPS-Spray-Specialist-Refiner,Refiner,0.21832198157357816
382,22.78439148515925,HOG8-ML06-H1-GPS-Spray-Specialist-Refiner,Refiner,0.09682972273655804
393,22.764236501296004,HOG8-ML06-H1-GPS-Spray-Specialist-Refiner,Refiner,0.08845961006408587
403,22.75764862241315,HOG8-ML06-H1-GPS-Spray-Specialist-Polisher,Polisher,0.028939599544571204
412,22.75203588695823,HOG8-ML06-H1-GPS-Spray-Specialist-Polisher,Polisher,0.024663072833426933
422,22.732297715735914,HOG8-ML06-H1-GPS-Spray-Specialist-Refiner,Refiner,0.08675342866186751
434,22.72568392248799,HOG8-ML06-H1-GPS-Spray-Specialist-Polisher,Polisher,0.02909425756529452
442,22.687858067871893,HOG8-ML06-H1-GPS-Spray-Specialist-Refiner,Refiner,0.16644539607745218
454,22.645825881845198,HOG8-ML06-H1-GPS-Spray-Specialist-Refiner,Refiner,0.18526290979498278
463,22.594297471075265,HOG8-ML06-H1-GPS-Spray-Specialist-Refiner,Refiner,0.2275404352165513
477,22.463009895818587,HOG8-ML06-H1-GPS-Spray-Specialist-Exploiter,Exploiter,0.5810650914229564
483,22.420152853536997,HOG8-ML06-H1-GPS-Spray-Specialist-Refiner,Refiner,0.19078940213424908
494,22.417718882422694,HOG8-ML06-H1-GPS-Spray-Specialist-Polisher,Polisher,0.010856175380265363
507,22.401124207446024,HOG8-ML06-H1-GPS-Spray-Specialist-Refiner,Refiner,0.07402481520847884
518,22.398455332870512,HOG8-ML06-H1-GPS-Spray-Specialist-Polisher,Polisher,0.011914020701805791
527,22.37789771494417,HOG8-ML06-H1-GPS-Spray-Specialist-Refiner,Refiner,0.09178140912321807
536,22.371822745747004,HOG8-ML06-H1-GPS-Spray-Specialist-Polisher,Polisher,0.02714718457716509
548,22.360234781092135,HOG8-ML06-H1-GPS-Spray-Specialist-Refiner,Refiner,0.05179714137092998
557,22.33595992409232,HOG8-ML06-H1-GPS-Spray-Specialist-Refiner,Refiner,0.1085626212670197
566,22.331702823101097,HOG8-ML06-H1-GPS-Spray-Specialist-Polisher,Polisher,0.019059404680580854
579,22.31576829309357,HOG8-ML06-H1-GPS-Spray-Specialist-Refiner,Refiner,0.0713538512210712
586,22.310826310696896,HOG8-ML06-H1-GPS-Spray-Specialist-Polisher,Polisher,0.022145696853298397
599,22.301984012196453,HOG8-ML06-H1-GPS-Spray-Specialist-Polisher,Polisher,0.039632321892999825
608,22.26969470147848,HOG8-ML06-H1-GPS-Spray-Specialist-Refiner,Refiner,0.14478223417394692
617,22.268189874694702,HOG8-ML06-H1-GPS-Spray-Specialist-Polisher,Polisher,0.006757285198329978
628,22.25698701024698,HOG8-ML06-H1-GPS-Spray-Specialist-Refiner,Refiner,0.0503088239805793
642,22.241121010697704,HOG8-ML06-H1-GPS-Spray-Specialist-Refiner,Refiner,0.0712854778680165
653,22.235279845334688,HOG8-ML06-H1-GPS-Spray-Specialist-Polisher,Polisher,0.026262908961317208
658,22.230024085654275,HOG8-ML06-H1-GPS-Spray-Specialist-Polisher,Polisher,0.023637029607772395
674,22.2296455242264,HOG8-ML06-H1-GPS-Spray-Specialist-Polisher,Polisher,0.001702928554721971
683,22.229363108733455,HOG8-ML06-H1-GPS-Spray-Specialist-Polisher,Polisher,0.0012704453277750942
689,22.22470134233025,HOG8-ML06-H1-GPS-Spray-Specialist-Polisher,Polisher,0.020971209928073678
701,22.20959359151342,HOG8-ML06-H1-GPS-Spray-Specialist-Refiner,Refiner,0.06797729510116225
712,22.19917096362886,HOG8-ML06-H1-GPS-Spray-Specialist-Polisher,Polisher,0.04692849439867688
721,22.10645662993673,HOG8-ML06-H1-GPS-Spray-Specialist-Refiner,Refiner,0.4176477303771039
735,22.105807796717215,HOG8-ML06-H1-GPS-Spray-Specialist-Polisher,Polisher,0.0029350394338459687
746,22.084074404273075,HOG8-ML06-H1-GPS-Spray-Specialist-Refiner,Refiner,0.09831530538941897
751,22.08304182883831,HOG8-ML06-H1-GPS-Spray-Specialist-Polisher,Polisher,0.004675656384147674
762,22.06409111508444,HOG8-ML06-H1-GPS-Spray-Specialist-Refiner,Refiner,0.08581568563223332
776,22.05907728482842,HOG8-ML06-H1-GPS-Spray-Specialist-Polisher,Polisher,0.02272393741428266
787,22.047804365806094,HOG8-ML06-H1-GPS-Spray-Specialist-Refiner,Refiner,0.05110331169689513
795,22.04498567424114,HOG8-ML06-H1-GPS-Spray-Specialist-Polisher,Polisher,0.012784454715707126
808,22.02638162077872,HOG8-ML06-H1-GPS-Spray-Specialist-Refiner,Refiner,0.08439131572744261
817,22.026289277948667,HOG8-ML06-H1-GPS-Spray-Specialist-Polisher,Polisher,0.00041923740196817417
828,22.026258105112554,HOG8-ML06-H1-GPS-Spray-Specialist-Polisher,Polisher,0.00014152559116946552
838,21.99397314659479,HOG8-ML06-H1-GPS-Spray-Specialist-Refiner,Refiner,0.14657486697783617
848,21.993535247741086,HOG8-ML06-H1-GPS-Spray-Specialist-Polisher,Polisher,0.001990994763817617
857,21.97415096520176,HOG8-ML06-H1-GPS-Spray-Specialist-Refiner,Refiner,0.08813627423230415
868,21.97202032670358,HOG8-ML06-H1-GPS-Spray-Specialist-Polisher,Polisher,0.009696112953596823
882,21.95033489924929,HOG8-ML06-H1-GPS-Spray-Specialist-Refiner,Refiner,0.0986956462439257
891,21.94070368364126,HOG8-ML06-H1-GPS-Spray-Specialist-Polisher,Polisher,0.043877305982976074
897,21.908009656897413,HOG8-ML06-H1-GPS-Spray-Specialist-Refiner,Refiner,0.1490108394664828
909,21.89181837565551,HOG8-ML06-H1-GPS-Spray-Specialist-Refiner,Refiner,0.07390576093161547
919,21.874399577660967,HOG8-ML06-H1-GPS-Spray-Specialist-Refiner,Refiner,0.07956761606388398
926,21.846991541193205,HOG8-ML06-H1-GPS-Spray-Specialist-Refiner,Refiner,0.12529732014108305
941,21.84234048266479,HOG8-ML06-H1-GPS-Spray-Specialist-Polisher,Polisher,0.021289240304080404
951,21.84079430660202,HOG8-ML06-H1-GPS-Spray-Specialist-Polisher,Polisher,0.007078802127429645
958,21.83700689538175,HOG8-ML06-H1-GPS-Spray-Specialist-Polisher,Polisher,0.017340995785691368
973,21.836778911941224,HOG8-ML06-H1-GPS-Spray-Specialist-Polisher,Polisher,0.0010440233023697708
981,21.832681841444526,HOG8-ML06-H1-GPS-Spray-Specialist-Polisher,Polisher,0.018762247459755202
988,21.83223268815387,HOG8-ML06-H1-GPS-Spray-Specialist-Polisher,Polisher,0.0020572520312355487
1003,21.831405138953166,HOG8-ML06-H1-GPS-Spray-Specialist-Polisher,Polisher,0.0037904927660135333
1012,21.831138418010607,HOG8-ML06-H1-GPS-Spray-Specialist-Polisher,Polisher,0.001221730533885607
1027,21.829839285963043,HOG8-ML06-H1-GPS-Spray-Specialist-Polisher,Polisher,0.005950821357495999
1033,21.814292372020574,HOG8-ML06-H1-GPS-Spray-Specialist-Refiner,Refiner,0.07121863674216698
1043,21.780805182555618,HOG8-ML06-H1-GPS-Spray-Specialist-Refiner,Refiner,0.15351031742798113
1064,21.77975808811228,HOG8-ML06-H1-GPS-Spray-Specialist-Polisher,Polisher,0.004807418433617547
1076,21.778163276420393,HOG8-ML06-H1-GPS-Spray-Specialist-Polisher,Polisher,0.007322449062270671
1086,21.774458564766363,HOG8-ML06-H1-GPS-Spray-Specialist-Polisher,Polisher,0.017011129942449753
1107,21.771071028805654,HOG8-ML06-H1-GPS-Spray-Specialist-Polisher,Polisher,0.015557383209473523
1116,21.771035027572125,HOG8-ML06-H1-GPS-Spray-Specialist-Polisher,Polisher,0.0001653627122014519
1128,21.7705122125828,HOG8-ML06-H1-GPS-Spray-Specialist-Polisher,Polisher,0.002401424593098293
1138,21.770502389459995,HOG8-ML06-H1-GPS-Spray-Specialist-Polisher,Polisher,4.512122962436985E-05
1152,21.763722165754295,HOG8-ML06-H1-GPS-Spray-Specialist-Polisher,Polisher,0.031144084708779083
1157,21.736129728984096,HOG8-ML06-H1-GPS-Spray-Specialist-Refiner,Refiner,0.12678179109277676
1166,21.733230885921206,HOG8-ML06-H1-GPS-Spray-Specialist-Polisher,Polisher,0.013336518961907037
1176,21.722097093330888,HOG8-ML06-H1-GPS-Spray-Specialist-Refiner,Refiner,0.05122934849751381
1191,21.71716783913362,HOG8-ML06-H1-GPS-Spray-Specialist-Polisher,Polisher,0.022692349528175552
1197,21.71589031741756,HOG8-ML06-H1-GPS-Spray-Specialist-Polisher,Polisher,0.00588254290578682
1213,21.710018227495524,HOG8-ML06-H1-GPS-Spray-Specialist-Polisher,Polisher,0.027040521186121203
1239,21.69326211927862,HOG8-ML06-H1-GPS-Spray-Specialist-Refiner,Refiner,0.07718145623517507
1251,21.69251085592429,HOG8-ML06-H1-GPS-Spray-Specialist-Polisher,Polisher,0.0034631184106873355
1272,21.69247941973169,HOG8-ML06-H1-GPS-Spray-Specialist-Polisher,Polisher,0.00014491726111810855
1281,21.661650050211396,HOG8-ML06-H1-GPS-Spray-Specialist-Refiner,Refiner,0.14212008191304976
1319,21.661054160507163,HOG8-ML06-H1-GPS-Spray-Specialist-Polisher,Polisher,0.002750897105489974
1327,21.655487770075368,HOG8-ML06-H1-GPS-Spray-Specialist-Polisher,Polisher,0.02569768945938026
1335,21.62474695505852,HOG8-ML06-H1-GPS-Spray-Specialist-Refiner,Refiner,0.14195392568957804
1358,21.62228793222647,HOG8-ML06-H1-GPS-Spray-Specialist-Polisher,Polisher,0.011371336909326969
1368,21.620653471773046,HOG8-ML06-H1-GPS-Spray-Specialist-Polisher,Polisher,0.007559146647880511
1379,21.612586674951977,HOG8-ML06-H1-GPS-Spray-Specialist-Polisher,Polisher,0.03731060595185377
1408,21.607633772329393,HOG8-ML06-H1-GPS-Spray-Specialist-Polisher,Polisher,0.022916750766923562
1422,21.580128826728657,HOG8-ML06-H1-GPS-Spray-Specialist-Refiner,Refiner,0.12729272390741173
1431,21.57237115469115,HOG8-ML06-H1-GPS-Spray-Specialist-Polisher,Polisher,0.035948219307652365
1439,21.5700782336708,HOG8-ML06-H1-GPS-Spray-Specialist-Polisher,Polisher,0.010628970751106082
1452,21.561268126005668,HOG8-ML06-H1-GPS-Spray-Specialist-Polisher,Polisher,0.04084411549040204
1473,21.561076868667303,HOG8-ML06-H1-GPS-Spray-Specialist-Polisher,Polisher,0.0008870412317455988
1481,21.56105863060451,HOG8-ML06-H1-GPS-Spray-Specialist-Polisher,Polisher,8.458790302739245E-05
1493,21.558301159869465,HOG8-ML06-H1-GPS-Spray-Specialist-Polisher,Polisher,0.012789124978912544
1502,21.558071618760206,HOG8-ML06-H1-GPS-Spray-Specialist-Polisher,Polisher,0.0010647458144194815
1512,21.5580042092476,HOG8-ML06-H1-GPS-Spray-Specialist-Polisher,Polisher,0.0003126880446387892
1529,21.557777246059814,HOG8-ML06-H1-GPS-Spray-Specialist-Polisher,Polisher,0.0010528024096395077
1538,21.55602167955692,HOG8-ML06-H1-GPS-Spray-Specialist-Polisher,Polisher,0.008143541344061936
1569,21.55577021118438,HOG8-ML06-H1-GPS-Spray-Specialist-Polisher,Polisher,0.0011665806254866856
1579,21.550822832040012,HOG8-ML06-H1-GPS-Spray-Specialist-Polisher,Polisher,0.022951530360078888
1597,21.550802923548524,HOG8-ML06-H1-GPS-Spray-Specialist-Polisher,Polisher,9.237926386111617E-05
1608,21.5507827279336,HOG8-ML06-H1-GPS-Spray-Specialist-Polisher,Polisher,9.371165888462442E-05
1617,21.550534795207323,HOG8-ML06-H1-GPS-Spray-Specialist-Polisher,Polisher,0.0011504581035794916
1632,21.5479845798869,HOG8-ML06-H1-GPS-Spray-Specialist-Polisher,Polisher,0.011833652132797001
1641,21.547892630780716,HOG8-ML06-H1-GPS-Spray-Specialist-Polisher,Polisher,0.00042671789486459444
1647,21.543273471403488,HOG8-ML06-H1-GPS-Spray-Specialist-Polisher,Polisher,0.021436710570152995
1668,21.53822613213567,HOG8-ML06-H1-GPS-Spray-Specialist-Polisher,Polisher,0.02342884090720178
1681,21.51989970430741,HOG8-ML06-H1-GPS-Spray-Specialist-Refiner,Refiner,0.08508791632063155
1693,21.518157729258146,HOG8-ML06-H1-GPS-Spray-Specialist-Polisher,Polisher,0.008094717323031351
1700,21.51234047719535,HOG8-ML06-H1-GPS-Spray-Specialist-Polisher,Polisher,0.027034154763557947
1712,21.507649033659117,HOG8-ML06-H1-GPS-Spray-Specialist-Polisher,Polisher,0.02180815026244077
1733,21.47402704419342,HOG8-ML06-H1-GPS-Spray-Specialist-Refiner,Refiner,0.15632573050210738
1749,21.47397687232505,HOG8-ML06-H1-GPS-Spray-Specialist-Polisher,Polisher,0.00023363977453708332
1763,21.473890388967586,HOG8-ML06-H1-GPS-Spray-Specialist-Polisher,Polisher,0.00040273563661754366
1773,21.449355561904078,HOG8-ML06-H1-GPS-Spray-Specialist-Refiner,Refiner,0.11425422510358628
1792,21.4393849089193,HOG8-ML06-H1-GPS-Spray-Specialist-Polisher,Polisher,0.04648462727003908
1801,21.43723051311008,HOG8-ML06-H1-GPS-Spray-Specialist-Polisher,Polisher,0.010048776204977145
1811,21.422031435214528,HOG8-ML06-H1-GPS-Spray-Specialist-Refiner,Refiner,0.07090038000131173
1822,21.41062134021856,HOG8-ML06-H1-GPS-Spray-Specialist-Refiner,Refiner,0.053263365943950126
1832,21.40568679047562,HOG8-ML06-H1-GPS-Spray-Specialist-Polisher,Polisher,0.023047204770616028
1843,21.386915543263427,HOG8-ML06-H1-GPS-Spray-Specialist-Refiner,Refiner,0.08769280516869576
1864,21.364643232790918,HOG8-ML06-H1-GPS-Spray-Specialist-Refiner,Refiner,0.10413989070773023
1873,21.364510752779786,HOG8-ML06-H1-GPS-Spray-Specialist-Polisher,Polisher,0.0006200899761744741
1887,21.363983775177203,HOG8-ML06-H1-GPS-Spray-Specialist-Polisher,Polisher,0.0024666027164423772
1898,21.363477739568346,HOG8-ML06-H1-GPS-Spray-Specialist-Polisher,Polisher,0.0023686387996873512
1905,21.362938964759895,HOG8-ML06-H1-GPS-Spray-Specialist-Polisher,Polisher,0.002521943360621432
1918,21.362771113270547,HOG8-ML06-H1-GPS-Spray-Specialist-Polisher,Polisher,0.0007857134714685648
1928,21.352122294156246,HOG8-ML06-H1-GPS-Spray-Specialist-Polisher,Polisher,0.049847555159575924
1935,21.342804740631077,HOG8-ML06-H1-GPS-Spray-Specialist-Polisher,Polisher,0.043637599095796856
1949,21.335852001151263,HOG8-ML06-H1-GPS-Spray-Specialist-Polisher,Polisher,0.03257650324925738
1958,21.332426188043033,HOG8-ML06-H1-GPS-Spray-Specialist-Polisher,Polisher,0.01605660326123744
1969,21.309339112709324,HOG8-ML06-H1-GPS-Spray-Specialist-Refiner,Refiner,0.10822526762872292
1979,21.295022299222516,HOG8-ML06-H1-GPS-Spray-Specialist-Refiner,Refiner,0.067185628850727
1998,21.286176395847107,HOG8-ML06-H1-GPS-Spray-Specialist-Polisher,Polisher,0.04153977042668841
2009,21.286076121530094,HOG8-ML06-H1-GPS-Spray-Specialist-Polisher,Polisher,0.0004710771683395385
2021,21.275606246939287,HOG8-ML06-H1-GPS-Spray-Specialist-Polisher,Polisher,0.049186494171264826
2042,21.2752542933425,HOG8-ML06-H1-GPS-Spray-Specialist-Polisher,Polisher,0.0016542588385144435
2061,21.275210991987578,HOG8-ML06-H1-GPS-Spray-Specialist-Polisher,Polisher,0.0002035292002822481
2073,21.274952334079096,HOG8-ML06-H1-GPS-Spray-Specialist-Polisher,Polisher,0.0012157712963665555
2082,21.271678896133484,HOG8-ML06-H1-GPS-Spray-Specialist-Polisher,Polisher,0.015386346790393381
2092,21.26816223165146,HOG8-ML06-H1-GPS-Spray-Specialist-Polisher,Polisher,0.016532143509667144
2103,21.26759945653582,HOG8-ML06-H1-GPS-Spray-Specialist-Polisher,Polisher,0.0026460918884759006
2114,21.26568187136729,HOG8-ML06-H1-GPS-Spray-Specialist-Polisher,Polisher,0.009016462682824475
2123,21.26552662428646,HOG8-ML06-H1-GPS-Spray-Specialist-Polisher,Polisher,0.0007300357532337224
2135,21.25831353072312,HOG8-ML06-H1-GPS-Spray-Specialist-Polisher,Polisher,0.033919186158780576
2143,21.253305184916325,HOG8-ML06-H1-GPS-Spray-Specialist-Polisher,Polisher,0.023559469096918015
2198,21.2521500028253,HOG8-ML06-H1-GPS-Spray-Specialist-Polisher,Polisher,0.005435305619407621
2209,21.248475607662776,HOG8-ML06-H1-GPS-Spray-Specialist-Polisher,Polisher,0.01728952205793223
2228,21.247887295671212,HOG8-ML06-H1-GPS-Spray-Specialist-Polisher,Polisher,0.0027687256367302264
2238,21.24537304891679,HOG8-ML06-H1-GPS-Spray-Specialist-Polisher,Polisher,0.011832925878400258
2249,21.244175294285554,HOG8-ML06-H1-GPS-Spray-Specialist-Polisher,Polisher,0.005637719933076152
2272,21.243892491962903,HOG8-ML06-H1-GPS-Spray-Specialist-Polisher,Polisher,0.0013311993463327883
2279,21.24384192018236,HOG8-ML06-H1-GPS-Spray-Specialist-Polisher,Polisher,0.00023805326902169764
2293,21.241950720613254,HOG8-ML06-H1-GPS-Spray-Specialist-Polisher,Polisher,0.00890234250570365
2331,21.2263223912636,HOG8-ML06-H1-GPS-Spray-Specialist-Refiner,Refiner,0.07357294796135216
2341,21.22476408096066,HOG8-ML06-H1-GPS-Spray-Specialist-Polisher,Polisher,0.00734140504518735
2353,21.224669448329912,HOG8-ML06-H1-GPS-Spray-Specialist-Polisher,Polisher,0.00044585951762536233
2362,21.22447158108689,HOG8-ML06-H1-GPS-Spray-Specialist-Polisher,Polisher,0.0009322512348461237
2382,21.221587840214397,HOG8-ML06-H1-GPS-Spray-Specialist-Polisher,Polisher,0.013586867694085738
2392,21.221490587658433,HOG8-ML06-H1-GPS-Spray-Specialist-Polisher,Polisher,0.00045827181592718725
2404,21.22121017259324,HOG8-ML06-H1-GPS-Spray-Specialist-Polisher,Polisher,0.001321373086571944
2414,21.221173677017234,HOG8-ML06-H1-GPS-Spray-Specialist-Polisher,Polisher,0.0001719768840137023
2429,21.204460865365277,HOG8-ML06-H1-GPS-Spray-Specialist-Refiner,Refiner,0.07875535965315873
2442,20.820129331319713,HOG8-ML03-H2-GPS-JADE-Specialist-Exploiter,Exploiter,1.8125032109319983
2451,19.744909720391625,HOG8-ML03-H2-GPS-JADE-Specialist-Local Explorer,Local Explorer,5.164327242245489
2466,18.09777712146631,HOG8-ML03-H2-GPS-JADE-Specialist-Local Explorer,Local Explorer,8.342061940269252
2474,16.781210768688222,HOG8-ML03-H2-GPS-JADE-Specialist-Local Explorer,Local Explorer,7.274740670866539
2486,16.5232602463126,HOG8-ML03-H2-GPS-JADE-Specialist-Exploiter,Exploiter,1.5371389224008103
2496,16.49590224916805,HOG8-ML03-H2-GPS-JADE-Specialist-Refiner,Refiner,0.16557263358878518
2504,16.05706750468812,HOG8-ML03-H2-GPS-JADE-Specialist-Exploiter,Exploiter,2.6602651849616903
2518,15.03297011597832,HOG8-ML03-H2-GPS-JADE-Specialist-Local Explorer,Local Explorer,6.377860642429259
2530,14.428739176437233,HOG8-ML03-H2-GPS-JADE-Specialist-Exploiter,Exploiter,4.019371653635219
2542,13.608119691055812,HOG8-ML03-H2-GPS-JADE-Specialist-Local Explorer,Local Explorer,5.687395657699107
2548,13.254843286971129,HOG8-ML03-H2-GPS-JADE-Specialist-Exploiter,Exploiter,2.596070670343094
2560,13.237079281302993,HOG8-ML03-H2-GPS-JADE-Specialist-Refiner,Refiner,0.1340189792028474
2571,13.183781511300626,HOG8-ML03-H2-GPS-JADE-Specialist-Refiner,Refiner,0.4026399545528754
2580,13.163326719586653,HOG8-ML03-H2-GPS-JADE-Specialist-Refiner,Refiner,0.15515117340529658
2591,13.158431162342247,HOG8-ML03-H2-GPS-JADE-Specialist-Polisher,Polisher,0.0371908815202622
2601,13.141336733076791,HOG8-ML03-H2-GPS-JADE-Specialist-Refiner,Refiner,0.12991236610620743
2610,13.079686780380221,HOG8-ML03-H2-GPS-JADE-Specialist-Refiner,Refiner,0.46912999757016005
2621,13.078206862854962,HOG8-ML03-H2-GPS-JADE-Specialist-Polisher,Polisher,0.011314625113798715
2642,13.074908246165968,HOG8-ML03-H2-GPS-JADE-Specialist-Polisher,Polisher,0.02522223974268924
2661,13.07148161482914,HOG8-ML03-H2-GPS-JADE-Specialist-Polisher,Polisher,0.026207689356689934
2674,13.04878492630908,HOG8-ML03-H2-GPS-JADE-Specialist-Refiner,Refiner,0.1736351638540481
2682,13.04423076530014,HOG8-ML03-H2-GPS-JADE-Specialist-Polisher,Polisher,0.034901035112916805
2695,13.038342820826957,HOG8-ML03-H2-GPS-JADE-Specialist-Polisher,Polisher,0.04513830350844884
2706,13.026026222753588,HOG8-ML03-H2-GPS-JADE-Specialist-Refiner,Refiner,0.09446444415999519
2713,13.023367840830284,HOG8-ML03-H2-GPS-JADE-Specialist-Polisher,Polisher,0.020408234083394636
2755,13.001667773082112,HOG8-ML03-H2-GPS-JADE-Specialist-Refiner,Refiner,0.16662408689816294
2765,12.995978902888432,HOG8-ML03-H2-GPS-JADE-Specialist-Polisher,Polisher,0.04375492662147406
2775,12.957725729671328,HOG8-ML03-H2-GPS-JADE-Specialist-Refiner,Refiner,0.29434622434329955
2785,12.944512245865981,HOG8-ML03-H2-GPS-JADE-Specialist-Refiner,Refiner,0.10197378830985283
2801,12.898621058454525,HOG8-ML03-H2-GPS-JADE-Specialist-Refiner,Refiner,0.3545223376501674
2811,12.89790999646976,HOG8-ML03-H2-GPS-JADE-Specialist-Polisher,Polisher,0.00551269768715866
2841,12.896641362457185,HOG8-ML03-H2-GPS-JADE-Specialist-Polisher,Polisher,0.0098359657721492
2851,12.887600371811228,HOG8-ML03-H2-GPS-JADE-Specialist-Refiner,Refiner,0.070103450905255
2872,12.887450385327911,HOG8-ML03-H2-GPS-JADE-Specialist-Polisher,Polisher,0.0011638045795152724
2881,12.883084604620267,HOG8-ML03-H2-GPS-JADE-Specialist-Polisher,Polisher,0.033876217382878236
2890,12.882702964543954,HOG8-ML03-H2-GPS-JADE-Specialist-Polisher,Polisher,0.0029623346273448987
2951,12.879409803546272,HOG8-ML03-H2-GPS-JADE-Specialist-Polisher,Polisher,0.025562655653441457
3012,12.877938414601918,HOG8-ML04-H1-GPS-Sniper-Specialist-Polisher,Polisher,0.011424350702385158
3014,12.87681078495004,HOG8-ML06-H1-GPS-Spray-Specialist-Polisher,Polisher,0.00875629014189911
3014,11.36014601041612,HOG8-ML00-H2-GPS-GradientEstimation-Escape-Specialist-Local Explorer,Local Explorer,11.778264042728221
3019,10.923053969863197,HOG8-ML00-H1-GPS-GradientEstimation-Escape-Specialist-Exploiter,Exploiter,3.847591748839785
3026,10.605316769355042,HOG8-ML00-H1-GPS-GradientEstimation-Escape-Specialist-Exploiter,Exploiter,2.908867807343943
3030,10.337735922609223,HOG8-ML01-H2-GPS-GradientEstimation-Escape-Specialist-Exploiter,Exploiter,2.523082078217752
3035,10.11984620542043,HOG8-ML00-H2-GPS-GradientEstimation-Escape-Specialist-Exploiter,Exploiter,2.107712160766807
3037,10.108551608550426,HOG8-ML02-H2-GPS-GradientEstimation-Escape-Specialist-Refiner,Refiner,0.11160838456175258
3045,9.42185153408171,HOG8-ML00-H1-GPS-GradientEstimation-Escape-Specialist-Local Explorer,Local Explorer,6.793258827385945
3051,9.362839626539525,HOG8-ML02-H2-GPS-GradientEstimation-Escape-Specialist-Exploiter,Exploiter,0.6263302635232709
3055,9.087204155379775,HOG8-ML00-H1-GPS-GradientEstimation-Escape-Specialist-Exploiter,Exploiter,2.943930283484142
3055,9.083942270938278,HOG8-ML00-H2-GPS-GradientEstimation-Escape-Specialist-Polisher,Polisher,0.035895357754949654
3060,9.016745578203155,HOG8-ML02-H2-GPS-GradientEstimation-Escape-Specialist-Exploiter,Exploiter,0.7397305127103454
3066,8.846321191714091,HOG8-ML00-H1-GPS-GradientEstimation-Escape-Specialist-Exploiter,Exploiter,1.8900875599844251
3066,8.796328805223672,HOG8-ML00-H1-GPS-GradientEstimation-Escape-Specialist-Exploiter,Exploiter,0.5651206349736101
3071,8.747455803555761,HOG8-ML02-H2-GPS-GradientEstimation-Escape-Specialist-Exploiter,Exploiter,0.5556068076819453
3079,8.529414547124015,HOG8-ML00-H2-GPS-GradientEstimation-Escape-Specialist-Exploiter,Exploiter,2.492624842335467
3082,8.480617824904643,HOG8-ML02-H2-GPS-GradientEstimation-Escape-Specialist-Exploiter,Exploiter,0.5720993152551742
3089,8.224316770905025,HOG8-ML00-H1-GPS-GradientEstimation-Escape-Specialist-Exploiter,Exploiter,3.0221979022206398
3097,8.175899488187381,HOG8-ML02-H2-GPS-GradientEstimation-Escape-Specialist-Exploiter,Exploiter,0.5887088747472419
3099,7.923117175347933,HOG8-ML00-H2-GPS-GradientEstimation-Escape-Specialist-Exploiter,Exploiter,3.091798195472813
3108,7.798646706575364,HOG8-ML00-H1-GPS-GradientEstimation-Escape-Specialist-Exploiter,Exploiter,1.570978517897571
3109,7.751988430803153,HOG8-ML01-H2-GPS-GradientEstimation-Escape-Specialist-Exploiter,Exploiter,0.5982868249804368
3114,7.669906714139651,HOG8-ML00-H2-GPS-GradientEstimation-Escape-Specialist-Exploiter,Exploiter,1.0588472544327343
3117,7.659662467875055,HOG8-ML02-H2-GPS-GradientEstimation-Escape-Specialist-Refiner,Refiner,0.1335641572499183
3119,7.58821001372747,HOG8-ML01-H1-GPS-GradientEstimation-Escape-Specialist-Exploiter,Exploiter,0.9328407674262377
3119,7.499883263493214,HOG8-ML01-H2-GPS-GradientEstimation-Escape-Specialist-Exploiter,Exploiter,1.1639998112132872
3124,7.4559864355378656,HOG8-ML00-H2-GPS-GradientEstimation-Escape-Specialist-Exploiter,Exploiter,0.5853001495239686
3131,7.221380905943158,HOG8-ML01-H2-GPS-GradientEstimation-Escape-Specialist-Exploiter,Exploiter,3.1465391148848525
3140,6.96579253578362,HOG8-ML01-H2-GPS-GradientEstimation-Escape-Specialist-Exploiter,Exploiter,3.539328190667663
3156,6.929378289262375,HOG8-ML00-H1-GPS-GradientEstimation-Escape-Specialist-Exploiter,Exploiter,0.5227581260019322
3156,6.733308541283504,HOG8-ML01-H2-GPS-GradientEstimation-Escape-Specialist-Exploiter,Exploiter,2.829543139284172
3164,6.649960722888753,HOG8-ML01-H2-GPS-GradientEstimation-Escape-Specialist-Exploiter,Exploiter,1.2378434447749684
3177,6.575935465662555,HOG8-ML02-H2-GPS-GradientEstimation-Escape-Specialist-Exploiter,Exploiter,1.1131683375423256
3184,6.50478206893717,HOG8-ML01-H2-GPS-GradientEstimation-Escape-Specialist-Exploiter,Exploiter,1.0820269921583814
3187,6.373601364522367,HOG8-ML02-H2-GPS-GradientEstimation-Escape-Specialist-Exploiter,Exploiter,2.0166810052137123
3190,6.345042233659186,HOG8-ML01-H1-GPS-GradientEstimation-Escape-Specialist-Refiner,Refiner,0.44808467348069525
3201,6.064976262357645,HOG8-ML01-H1-GPS-GradientEstimation-Escape-Specialist-Exploiter,Exploiter,4.413933918608874
3211,5.900003847899107,HOG8-ML02-H2-GPS-GradientEstimation-Escape-Specialist-Exploiter,Exploiter,2.7200834318584373
3218,5.803097036793607,HOG8-ML01-H1-GPS-GradientEstimation-Escape-Specialist-Exploiter,Exploiter,1.6424872526143643
3221,5.71871457713826,HOG8-ML02-H2-GPS-GradientEstimation-Escape-Specialist-Exploiter,Exploiter,1.4540935490193223
3224,5.608915226339413,HOG8-ML01-H1-GPS-GradientEstimation-Escape-Specialist-Exploiter,Exploiter,1.9200005406423506
3231,5.452110443173817,HOG8-ML02-H2-GPS-GradientEstimation-Escape-Specialist-Exploiter,Exploiter,2.7956347500001764
3236,5.340849629979425,HOG8-ML01-H1-GPS-GradientEstimation-Escape-Specialist-Exploiter,Exploiter,2.040692578663622
3246,5.165179309223365,HOG8-ML01-H1-GPS-GradientEstimation-Escape-Specialist-Exploiter,Exploiter,3.28918305001476
3257,4.994567523233985,HOG8-ML02-H2-GPS-GradientEstimation-Escape-Specialist-Exploiter,Exploiter,3.3031144859719004
3261,4.928987623481549,HOG8-ML01-H1-GPS-GradientEstimation-Escape-Specialist-Exploiter,Exploiter,1.3130245901645694
3266,4.807834703550655,HOG8-ML02-H2-GPS-GradientEstimation-Escape-Specialist-Exploiter,Exploiter,2.4579676230819816
3270,4.665478058956116,HOG8-ML01-H1-GPS-GradientEstimation-Escape-Specialist-Exploiter,Exploiter,2.960930509724192
3276,4.548046926964856,HOG8-ML02-H2-GPS-GradientEstimation-Escape-Specialist-Exploiter,Exploiter,2.5170224895995834
3280,4.449570402047396,HOG8-ML01-H1-GPS-GradientEstimation-Escape-Specialist-Exploiter,Exploiter,2.1652486550568377
3287,4.364217160255802,HOG8-ML02-H2-GPS-GradientEstimation-Escape-Specialist-Exploiter,Exploiter,1.918235561624546
3289,4.255536560343828,HOG8-ML01-H1-GPS-GradientEstimation-Escape-Specialist-Exploiter,Exploiter,2.4902656288901035
3299,4.040077276981654,HOG8-ML01-H1-GPS-GradientEstimation-Escape-Specialist-Local Explorer,Local Explorer,5.063034480069571
3311,3.9167240219549186,HOG8-ML02-H2-GPS-GradientEstimation-Escape-Specialist-Exploiter,Exploiter,3.0532399894809057
3313,3.8525237039662192,HOG8-ML01-H1-GPS-GradientEstimation-Escape-Specialist-Exploiter,Exploiter,1.6391330517245812
3322,3.6647651201024387,HOG8-ML02-H2-GPS-GradientEstimation-Escape-Specialist-Exploiter,Exploiter,4.873651618820173
3323,3.63205923505648,HOG8-ML01-H1-GPS-GradientEstimation-Escape-Specialist-Exploiter,Exploiter,0.8924415064571593
3334,3.421391138543134,HOG8-ML01-H1-GPS-GradientEstimation-Escape-Specialist-Local Explorer,Local Explorer,5.800238456465314
3343,3.192366587734651,HOG8-ML01-H1-GPS-GradientEstimation-Escape-Specialist-Local Explorer,Local Explorer,6.693901443434623
3354,3.014776925736528,HOG8-ML01-H1-GPS-GradientEstimation-Escape-Specialist-Local Explorer,Local Explorer,5.56294702119857
3361,3.0073617173675755,HOG8-ML02-H1-GPS-GradientEstimation-Escape-Specialist-Refiner,Refiner,0.24596209111361314
3365,2.7941254793626635,HOG8-ML01-H1-GPS-GradientEstimation-Escape-Specialist-Local Explorer,Local Explorer,7.090475241919465
3375,2.5751426097911008,HOG8-ML01-H1-GPS-GradientEstimation-Escape-Specialist-Local Explorer,Local Explorer,7.837259678885735
3384,2.363108804150491,HOG8-ML01-H1-GPS-GradientEstimation-Escape-Specialist-Local Explorer,Local Explorer,8.233866537504507
3389,2.355385754501026,HOG8-ML02-H2-GPS-GradientEstimation-Escape-Specialist-Refiner,Refiner,0.3268173533059664
3400,2.1219779457482297,HOG8-ML01-H1-GPS-GradientEstimation-Escape-Specialist-Local Explorer,Local Explorer,9.90953640212715
3410,2.0059275056930344,HOG8-ML01-H1-GPS-GradientEstimation-Escape-Specialist-Local Explorer,Local Explorer,5.468974844329727
3430,1.836978726861576,HOG8-ML01-H1-GPS-GradientEstimation-Escape-Specialist-Local Explorer,Local Explorer,8.422476801976334
3441,1.7953364304308976,HOG8-ML02-H2-GPS-GradientEstimation-Escape-Specialist-Exploiter,Exploiter,2.266890510039985
3445,1.7065089198512775,HOG8-ML01-H1-GPS-GradientEstimation-Escape-Specialist-Exploiter,Exploiter,4.947680505669942
3451,1.6704403225691054,HOG8-ML02-H2-GPS-GradientEstimation-Escape-Specialist-Exploiter,Exploiter,2.113589730624762
3455,1.637355446444158,HOG8-ML00-H2-GPS-GradientEstimation-Escape-Specialist-Exploiter,Exploiter,1.980608087457052
3455,1.5491636844090428,HOG8-ML01-H1-GPS-GradientEstimation-Escape-Specialist-Local Explorer,Local Explorer,5.386231940452578
3464,1.4784271023460223,HOG8-ML02-H2-GPS-GradientEstimation-Escape-Specialist-Exploiter,Exploiter,4.566114141127983
3466,1.4211625720153531,HOG8-ML00-H2-GPS-GradientEstimation-Escape-Specialist-Exploiter,Exploiter,3.8733414883831396
3466,1.3398730674179027,HOG8-ML01-H1-GPS-GradientEstimation-Escape-Specialist-Local Explorer,Local Explorer,5.719930020544634
3475,1.3085662134942142,HOG8-ML01-H2-GPS-GradientEstimation-Escape-Specialist-Exploiter,Exploiter,2.3365537143022492
3477,1.2781003042766983,HOG8-ML02-H2-GPS-GradientEstimation-Escape-Specialist-Exploiter,Exploiter,2.328190113984676
3479,1.1845069187981498,HOG8-ML01-H1-GPS-GradientEstimation-Escape-Specialist-Local Explorer,Local Explorer,7.322851357234811
3486,1.1553792305583215,HOG8-ML02-H2-GPS-GradientEstimation-Escape-Specialist-Exploiter,Exploiter,2.4590559816554327
3489,1.1291787938457902,HOG8-ML00-H2-GPS-GradientEstimation-Escape-Specialist-Exploiter,Exploiter,2.2676915093817502
3490,1.0379022629212686,HOG8-ML01-H1-GPS-GradientEstimation-Escape-Specialist-Local Explorer,Local Explorer,8.083443598302914
3497,0.9914173890258531,HOG8-ML02-H2-GPS-GradientEstimation-Escape-Specialist-Exploiter,Exploiter,4.478733263821945
3498,0.9761897751249397,HOG8-ML00-H2-GPS-GradientEstimation-Escape-Specialist-Exploiter,Exploiter,1.5359437981893556
3499,0.9161768344121087,HOG8-ML01-H1-GPS-GradientEstimation-Escape-Specialist-Local Explorer,Local Explorer,6.1476715124525905
3508,0.81244932984357,HOG8-ML01-H1-GPS-GradientEstimation-Escape-Specialist-Local Explorer,Local Explorer,11.32177770409339
3521,0.8096890618788288,HOG8-ML01-H2-GPS-GradientEstimation-Escape-Specialist-Refiner,Refiner,0.3397464756691503
3522,0.7956636472739729,HOG8-ML00-H2-GPS-GradientEstimation-Escape-Specialist-Exploiter,Exploiter,1.7321976132802053
3526,0.7814741710082034,HOG8-ML00-H1-GPS-GradientEstimation-Escape-Specialist-Exploiter,Exploiter,1.7833510823806176
3526,0.7479711788795449,HOG8-ML02-H2-GPS-GradientEstimation-Escape-Specialist-Exploiter,Exploiter,4.287152841588515
3526,0.707578780295629,HOG8-ML01-H1-GPS-GradientEstimation-Escape-Specialist-Local Explorer,Local Explorer,5.400261363602721
3540,0.6925325010029265,HOG8-ML00-H1-GPS-GradientEstimation-Escape-Specialist-Exploiter,Exploiter,2.1264458052877355
3540,0.6205463937510167,HOG8-ML01-H1-GPS-GradientEstimation-Escape-Specialist-Local Explorer,Local Explorer,10.39461789124112
3549,0.6100373087301418,HOG8-ML00-H1-GPS-GradientEstimation-Escape-Specialist-Exploiter,Exploiter,1.6935212462279607
3549,0.5599398850900534,HOG8-ML01-H1-GPS-GradientEstimation-Escape-Specialist-Local Explorer,Local Explorer,8.212190127251654
3559,0.5393031210162865,HOG8-ML00-H1-GPS-GradientEstimation-Escape-Specialist-Exploiter,Exploiter,3.6855320764385207
3559,0.5076742133237917,HOG8-ML01-H1-GPS-GradientEstimation-Escape-Specialist-Local Explorer,Local Explorer,5.864773716289999
3566,0.5029966205755442,HOG8-ML01-H2-GPS-GradientEstimation-Escape-Specialist-Exploiter,Exploiter,0.9213768644310059
3566,0.4976822810645746,HOG8-ML00-H2-GPS-GradientEstimation-Escape-Specialist-Exploiter,Exploiter,1.0565358281907968
3570,0.4881259224863331,HOG8-ML00-H1-GPS-GradientEstimation-Escape-Specialist-Exploiter,Exploiter,1.9201725562340461
3570,0.4562800251677456,HOG8-ML01-H1-GPS-GradientEstimation-Escape-Specialist-Local Explorer,Local Explorer,6.524115162000877
3582,0.4499896319732636,HOG8-ML00-H2-GPS-GradientEstimation-Escape-Specialist-Exploiter,Exploiter,1.378625591196855
3584,0.43731649482125573,HOG8-ML00-H1-GPS-GradientEstimation-Escape-Specialist-Exploiter,Exploiter,2.8163175885707594
3584,0.40872274989569046,HOG8-ML01-H1-GPS-GradientEstimation-Escape-Specialist-Local Explorer,Local Explorer,6.538455618339387
3596,0.3698174651701521,HOG8-ML01-H1-GPS-GradientEstimation-Escape-Specialist-Local Explorer,Local Explorer,9.51874705664593
3610,0.34462488584134954,HOG8-ML01-H1-GPS-GradientEstimation-Escape-Specialist-Local Explorer,Local Explorer,6.812165920073987
3620,0.3133931913975905,HOG8-ML01-H1-GPS-GradientEstimation-Escape-Specialist-Local Explorer,Local Explorer,9.062518618616762
3632,0.3116029927635073,HOG8-ML02-H2-GPS-GradientEstimation-Escape-Specialist-Exploiter,Exploiter,0.5712308637273603
3635,0.28911764276926144,HOG8-ML01-H1-GPS-GradientEstimation-Escape-Specialist-Local Explorer,Local Explorer,7.216025043543536
3645,0.27804093628675847,HOG8-ML01-H1-GPS-GradientEstimation-Escape-Specialist-Exploiter,Exploiter,3.83121084428011
3656,0.26825915285753843,HOG8-ML01-H1-GPS-GradientEstimation-Escape-Specialist-Exploiter,Exploiter,3.51810908129426
3666,0.25861450377849293,HOG8-ML00-H1-GPS-GradientEstimation-Escape-Specialist-Exploiter,Exploiter,3.5952730694588375
3666,0.24833960171897207,HOG8-ML01-H1-GPS-GradientEstimation-Escape-Specialist-Exploiter,Exploiter,3.973057160135715
3675,0.24122022709318483,HOG8-ML00-H1-GPS-GradientEstimation-Escape-Specialist-Exploiter,Exploiter,2.866789902419075
3675,0.23153799221071142,HOG8-ML01-H1-GPS-GradientEstimation-Escape-Specialist-Exploiter,Exploiter,4.01385696346812
3686,0.22347423224222202,HOG8-ML00-H1-GPS-GradientEstimation-Escape-Specialist-Exploiter,Exploiter,3.482694088990359
3686,0.21849706467904456,HOG8-ML01-H1-GPS-GradientEstimation-Escape-Specialist-Exploiter,Exploiter,2.227177385615868
3695,0.20439246039055892,HOG8-ML01-H1-GPS-GradientEstimation-Escape-Specialist-Local Explorer,Local Explorer,6.455283190739531
3708,0.19821908628252174,HOG8-ML00-H1-GPS-GradientEstimation-Escape-Specialist-Exploiter,Exploiter,3.0203531462172886
3710,0.18948047271516721,HOG8-ML01-H1-GPS-GradientEstimation-Escape-Specialist-Exploiter,Exploiter,4.408563136498057
3719,0.17807448179381402,HOG8-ML01-H1-GPS-GradientEstimation-Escape-Specialist-Local Explorer,Local Explorer,6.0196128698174745
3729,0.1677180277481263,HOG8-ML01-H1-GPS-GradientEstimation-Escape-Specialist-Local Explorer,Local Explorer,5.8157990641685995
3743,0.1581354184338718,HOG8-ML01-H1-GPS-GradientEstimation-Escape-Specialist-Local Explorer,Local Explorer,5.713523729628736
3754,0.15335979950986925,HOG8-ML00-H1-GPS-GradientEstimation-Escape-Specialist-Exploiter,Exploiter,3.0199552834519436
3754,0.15052422454504394,HOG8-ML01-H1-GPS-GradientEstimation-Escape-Specialist-Exploiter,Exploiter,1.848968878342092
3763,0.14176991346741313,HOG8-ML01-H1-GPS-GradientEstimation-Escape-Specialist-Local Explorer,Local Explorer,5.815881864922747
3779,0.13830446924066253,HOG8-ML00-H1-GPS-GradientEstimation-Escape-Specialist-Exploiter,Exploiter,2.4444144332127005
3779,0.1329439415676103,HOG8-ML01-H1-GPS-GradientEstimation-Escape-Specialist-Exploiter,Exploiter,3.8758889734245803
3789,0.13156410523359424,HOG8-ML00-H1-GPS-GradientEstimation-Escape-Specialist-Exploiter,Exploiter,1.0379083978898935
3790,0.1257017091540063,HOG8-ML01-H1-GPS-GradientEstimation-Escape-Specialist-Exploiter,Exploiter,4.45592364967569
3859,0.12350000655178214,HOG8-ML01-H1-GPS-GradientEstimation-Escape-Specialist-Exploiter,Exploiter,1.7515295671331672
3869,0.11809707843009126,HOG8-ML01-H1-GPS-GradientEstimation-Escape-Specialist-Exploiter,Exploiter,4.37484035227601
3878,0.11592798651336444,HOG8-ML00-H1-GPS-GradientEstimation-Escape-Specialist-Exploiter,Exploiter,1.836702436301871
3879,0.11122831486481813,HOG8-ML01-H1-GPS-GradientEstimation-Escape-Specialist-Exploiter,Exploiter,4.053957797330092
3889,0.11019110848150285,HOG8-ML00-H1-GPS-GradientEstimation-Escape-Specialist-Exploiter,Exploiter,0.9325021102547989
3892,0.10586327063220449,HOG8-ML01-H1-GPS-GradientEstimation-Escape-Specialist-Exploiter,Exploiter,3.9275744739647886
3899,0.10048986344597007,HOG8-ML01-H1-GPS-GradientEstimation-Escape-Specialist-Local Explorer,Local Explorer,5.075799334504778
3911,0.09569161815996916,HOG8-ML01-H1-GPS-GradientEstimation-Escape-Specialist-Exploiter,Exploiter,4.774855016676146
3925,0.09190518121619959,HOG8-ML01-H1-GPS-GradientEstimation-Escape-Specialist-Exploiter,Exploiter,3.9569159938749507
3935,0.08960657870324065,HOG8-ML01-H1-GPS-GradientEstimation-Escape-Specialist-Exploiter,Exploiter,2.501058680850275
3951,0.08851734805680017,HOG8-ML01-H1-GPS-GradientEstimation-Escape-Specialist-Exploiter,Exploiter,1.2155699527908532
3963,0.0848594372382976,HOG8-ML01-H2-GPS-GradientEstimation-Escape-Specialist-Exploiter,Exploiter,4.132422512426998
3974,0.08238713509054779,HOG8-ML01-H1-GPS-GradientEstimation-Escape-Specialist-Exploiter,Exploiter,2.913408606289982
3975,0.08035508492866923,HOG8-ML01-H2-GPS-GradientEstimation-Escape-Specialist-Exploiter,Exploiter,2.4664653767183795
3985,0.07953713380974659,HOG8-ML01-H1-GPS-GradientEstimation-Escape-Specialist-Exploiter,Exploiter,1.0179207944945083
3990,0.07690704168493026,HOG8-ML01-H2-GPS-GradientEstimation-Escape-Specialist-Exploiter,Exploiter,3.3067474258093386
3995,0.07575610955968005,HOG8-ML01-H1-GPS-GradientEstimation-Escape-Specialist-Exploiter,Exploiter,1.4965237253115258
4000,0.07300351378631906,HOG8-ML01-H2-GPS-GradientEstimation-Escape-Specialist-Exploiter,Exploiter,3.633496742850191
4005,0.0725056507684492,HOG8-ML01-H1-GPS-GradientEstimation-Escape-Specialist-Exploiter,Exploiter,0.6819713080210116
4009,0.06998609696860557,HOG8-ML01-H2-GPS-GradientEstimation-Escape-Specialist-Exploiter,Exploiter,3.4749757751847006
4025,0.06791942690228533,HOG8-ML01-H2-GPS-GradientEstimation-Escape-Specialist-Exploiter,Exploiter,2.9529723128399383
4031,0.06518691173589039,HOG8-ML01-H2-GPS-GradientEstimation-Escape-Specialist-Exploiter,Exploiter,4.023171706566625
4045,0.06243056593056749,HOG8-ML01-H2-GPS-GradientEstimation-Escape-Specialist-Exploiter,Exploiter,4.228373045942779
4055,0.05998949489977444,HOG8-ML01-H2-GPS-GradientEstimation-Escape-Specialist-Exploiter,Exploiter,3.910057508541413
4069,0.057223620841340556,HOG8-ML01-H2-GPS-GradientEstimation-Escape-Specialist-Exploiter,Exploiter,4.610597343843087
4079,0.054966597884958286,HOG8-ML01-H2-GPS-GradientEstimation-Escape-Specialist-Exploiter,Exploiter,3.9442155585368144
4094,0.052502144548761315,HOG8-ML01-H2-GPS-GradientEstimation-Escape-Specialist-Exploiter,Exploiter,4.483547155956279
4106,0.050208251726887615,HOG8-ML01-H2-GPS-GradientEstimation-Escape-Specialist-Exploiter,Exploiter,4.36914118763901
4115,0.04869670178490125,HOG8-ML01-H2-GPS-GradientEstimation-Escape-Specialist-Exploiter,Exploiter,3.010560794286523
4127,0.048341102687880555,HOG8-ML00-H2-GPS-GradientEstimation-Escape-Specialist-Exploiter,Exploiter,0.7302324058648076
4127,0.0466087193859568,HOG8-ML01-H2-GPS-GradientEstimation-Escape-Specialist-Exploiter,Exploiter,3.58366525709823
4136,0.04523479940807511,HOG8-ML01-H2-GPS-GradientEstimation-Escape-Specialist-Exploiter,Exploiter,2.9477745709006875
4151,0.04494300887169143,HOG8-ML00-H2-GPS-GradientEstimation-Escape-Specialist-Exploiter,Exploiter,0.6450576551724281
4151,0.04366406664050096,HOG8-ML01-H2-GPS-GradientEstimation-Escape-Specialist-Exploiter,Exploiter,2.8456978366574033
4160,0.04191636983062598,HOG8-ML01-H2-GPS-GradientEstimation-Escape-Specialist-Exploiter,Exploiter,4.002597431577501
4171,0.040600690686512224,HOG8-ML01-H2-GPS-GradientEstimation-Escape-Specialist-Exploiter,Exploiter,3.138819390682209
4181,0.038953157830928425,HOG8-ML01-H2-GPS-GradientEstimation-Escape-Specialist-Exploiter,Exploiter,4.057893665663963
4195,0.03768556358531015,HOG8-ML01-H2-GPS-GradientEstimation-Escape-Specialist-Exploiter,Exploiter,3.2541501541931863
4205,0.036453268125955854,HOG8-ML01-H2-GPS-GradientEstimation-Escape-Specialist-Exploiter,Exploiter,3.26994037535012
4213,0.035086781421347316,HOG8-ML01-H2-GPS-GradientEstimation-Escape-Specialist-Exploiter,Exploiter,3.748598616417488
4225,0.03399392689411268,HOG8-ML01-H2-GPS-GradientEstimation-Escape-Specialist-Exploiter,Exploiter,3.114718657464906
4239,0.03277472721973612,HOG8-ML01-H2-GPS-GradientEstimation-Escape-Specialist-Exploiter,Exploiter,3.586522022519584
4249,0.03185581222823178,HOG8-ML01-H2-GPS-GradientEstimation-Escape-Specialist-Exploiter,Exploiter,2.803730402830008
4259,0.031221671162052267,HOG8-ML01-H2-GPS-GradientEstimation-Escape-Specialist-Exploiter,Exploiter,1.9906604849256118
4274,0.03028125514610619,HOG8-ML01-H2-GPS-GradientEstimation-Escape-Specialist-Exploiter,Exploiter,3.0120617537253627
4284,0.02977270430575024,HOG8-ML01-H2-GPS-GradientEstimation-Escape-Specialist-Exploiter,Exploiter,1.6794245743850602
4296,0.02889487463639333,HOG8-ML01-H2-GPS-GradientEstimation-Escape-Specialist-Exploiter,Exploiter,2.9484378051185898
4309,0.02807620781337291,HOG8-ML01-H2-GPS-GradientEstimation-Escape-Specialist-Exploiter,Exploiter,2.833259646640945
4319,0.027228240408102025,HOG8-ML01-H2-GPS-GradientEstimation-Escape-Specialist-Exploiter,Exploiter,3.020234822692084
4330,0.026342278848701585,HOG8-ML01-H2-GPS-GradientEstimation-Escape-Specialist-Exploiter,Exploiter,3.253833322026986
4342,0.025713721805835303,HOG8-ML01-H2-GPS-GradientEstimation-Escape-Specialist-Exploiter,Exploiter,2.3861149085712583
4349,0.02500427537584004,HOG8-ML01-H2-GPS-GradientEstimation-Escape-Specialist-Exploiter,Exploiter,2.75901884352761
4360,0.02444695274825163,HOG8-ML01-H2-GPS-GradientEstimation-Escape-Specialist-Exploiter,Exploiter,2.228909333349106
4376,0.023694730228613806,HOG8-ML01-H2-GPS-GradientEstimation-Escape-Specialist-Exploiter,Exploiter,3.076958209818683
4385,0.023033692002073766,HOG8-ML01-H2-GPS-GradientEstimation-Escape-Specialist-Exploiter,Exploiter,2.7898111527843787
4394,0.02233425575118544,HOG8-ML01-H2-GPS-GradientEstimation-Escape-Specialist-Exploiter,Exploiter,3.0365789853635
4406,0.021757007494902933,HOG8-ML01-H2-GPS-GradientEstimation-Escape-Specialist-Exploiter,Exploiter,2.5845869354830384
4417,0.021188250355487503,HOG8-ML01-H2-GPS-GradientEstimation-Escape-Specialist-Exploiter,Exploiter,2.61413312262118
4430,0.02058091868847013,HOG8-ML01-H2-GPS-GradientEstimation-Escape-Specialist-Exploiter,Exploiter,2.8663606330292364
4439,0.020080853956116435,HOG8-ML01-H2-GPS-GradientEstimation-Escape-Specialist-Exploiter,Exploiter,2.429749322287753
4449,0.01959901562607886,HOG8-ML01-H2-GPS-GradientEstimation-Escape-Specialist-Exploiter,Exploiter,2.399491232248179
4460,0.019060596876923297,HOG8-ML01-H2-GPS-GradientEstimation-Escape-Specialist-Exploiter,Exploiter,2.747172406144376
4476,0.018651510232326616,HOG8-ML01-H2-GPS-GradientEstimation-Escape-Specialist-Exploiter,Exploiter,2.1462425717211566
4485,0.018142709967120772,HOG8-ML01-H2-GPS-GradientEstimation-Escape-Specialist-Exploiter,Exploiter,2.7279306547734454
4496,0.017723415674453104,HOG8-ML01-H2-GPS-GradientEstimation-Escape-Specialist-Exploiter,Exploiter,2.311089652138721
4506,0.017332774459962987,HOG8-ML01-H2-GPS-GradientEstimation-Escape-Specialist-Exploiter,Exploiter,2.2040966688672516
4516,0.01695245776665423,HOG8-ML01-H2-GPS-GradientEstimation-Escape-Specialist-Exploiter,Exploiter,2.194205516186982
4535,0.016453962905800305,HOG8-ML01-H2-GPS-GradientEstimation-Escape-Specialist-Exploiter,Exploiter,2.940546248311397
4546,0.016099842442062896,HOG8-ML01-H2-GPS-GradientEstimation-Escape-Specialist-Exploiter,Exploiter,2.152189510604618
4560,0.015774930657265547,HOG8-ML01-H2-GPS-GradientEstimation-Escape-Specialist-Exploiter,Exploiter,2.0181053694567574
4570,0.015487879858458169,HOG8-ML01-H2-GPS-GradientEstimation-Escape-Specialist-Exploiter,Exploiter,1.8196644095875618
4581,0.015174983153841273,HOG8-ML01-H2-GPS-GradientEstimation-Escape-Specialist-Exploiter,Exploiter,2.0202681546888317
4600,0.014973195926448298,HOG8-ML01-H2-GPS-GradientEstimation-Escape-Specialist-Exploiter,Exploiter,1.3297360883191203
4614,0.014785833801309649,HOG8-ML01-H2-GPS-GradientEstimation-Escape-Specialist-Exploiter,Exploiter,1.2513168602014841
4631,0.014584729210850095,HOG8-ML01-H2-GPS-GradientEstimation-Escape-Specialist-Exploiter,Exploiter,1.360116670875474
4639,0.014434903301822028,HOG8-ML01-H2-GPS-GradientEstimation-Escape-Specialist-Exploiter,Exploiter,1.0272793334867443
4649,0.014346931210698362,HOG8-ML01-H1-GPS-GradientEstimation-Escape-Specialist-Exploiter,Exploiter,0.6094401138978335
4650,0.01421484201662293,HOG8-ML00-H1-GPS-GradientEstimation-Escape-Specialist-Exploiter,Exploiter,0.9206790785818618
4656,0.014117080668541735,HOG8-ML01-H2-GPS-GradientEstimation-Escape-Specialist-Exploiter,Exploiter,0.6877413619291236
4660,0.014081636434399155,HOG8-ML01-H1-GPS-GradientEstimation-Escape-Specialist-Refiner,Refiner,0.2510733980685023
4664,0.01394539473408489,HOG8-ML00-H1-GPS-GradientEstimation-Escape-Specialist-Exploiter,Exploiter,0.9675132641647316
4665,0.013859872231530823,HOG8-ML01-H2-GPS-GradientEstimation-Escape-Specialist-Exploiter,Exploiter,0.6132669901773075
4669,0.013813162436406984,HOG8-ML01-H1-GPS-GradientEstimation-Escape-Specialist-Refiner,Refiner,0.3370146156006799
4674,0.013637253722262864,HOG8-ML00-H1-GPS-GradientEstimation-Escape-Specialist-Exploiter,Exploiter,1.2734861763478695
4674,0.013586629710829428,HOG8-ML01-H2-GPS-GradientEstimation-Escape-Specialist-Refiner,Refiner,0.37121851997805666
4686,0.01342746144800926,HOG8-ML00-H1-GPS-GradientEstimation-Escape-Specialist-Exploiter,Exploiter,1.171506592935998
4686,0.013337106041796191,HOG8-ML01-H2-GPS-GradientEstimation-Escape-Specialist-Exploiter,Exploiter,0.6729150298656391
4695,0.013172247719074357,HOG8-ML00-H1-GPS-GradientEstimation-Escape-Specialist-Exploiter,Exploiter,1.2360876655340105
4702,0.013089574187447911,HOG8-ML01-H2-GPS-GradientEstimation-Escape-Specialist-Exploiter,Exploiter,0.6276342002491262
4706,0.01304637149568165,HOG8-ML02-H2-GPS-GradientEstimation-Escape-Specialist-Refiner,Refiner,0.330054218323543
4706,0.012935790874163465,HOG8-ML00-H1-GPS-GradientEstimation-Escape-Specialist-Exploiter,Exploiter,0.8475967555790289
4709,0.012818336609113351,HOG8-ML01-H2-GPS-GradientEstimation-Escape-Specialist-Exploiter,Exploiter,0.9079790033147769
4716,0.012793414400369536,HOG8-ML01-H1-GPS-GradientEstimation-Escape-Specialist-Refiner,Refiner,0.19442623098302028
4719,0.012720417352038665,HOG8-ML00-H1-GPS-GradientEstimation-Escape-Specialist-Exploiter,Exploiter,0.5705830050245385
4721,0.012618032182677964,HOG8-ML01-H2-GPS-GradientEstimation-Escape-Specialist-Exploiter,Exploiter,0.8048884445154767
4725,0.012576518021235356,HOG8-ML01-H1-GPS-GradientEstimation-Escape-Specialist-Refiner,Refiner,0.3290066219643929
4729,0.012537988079558558,HOG8-ML00-H1-GPS-GradientEstimation-Escape-Specialist-Refiner,Refiner,0.3063641431733368
4731,0.01239250910741947,HOG8-ML01-H2-GPS-GradientEstimation-Escape-Specialist-Exploiter,Exploiter,1.1603055547346581
4739,0.012331063576564667,HOG8-ML00-H1-GPS-GradientEstimation-Escape-Specialist-Refiner,Refiner,0.4958280064366889
4746,0.012192557256276302,HOG8-ML01-H2-GPS-GradientEstimation-Escape-Specialist-Exploiter,Exploiter,1.1232309316091615
4749,0.012088081158718521,HOG8-ML00-H1-GPS-GradientEstimation-Escape-Specialist-Exploiter,Exploiter,0.8568842069943927
4756,0.011958392782253604,HOG8-ML01-H2-GPS-GradientEstimation-Escape-Specialist-Exploiter,Exploiter,1.0728615630726464
4760,0.011896786062791483,HOG8-ML00-H1-GPS-GradientEstimation-Escape-Specialist-Exploiter,Exploiter,0.5151755807314315
4765,0.011776394990171479,HOG8-ML01-H2-GPS-GradientEstimation-Escape-Specialist-Exploiter,Exploiter,1.01196299559039
4772,0.011714305026406456,HOG8-ML01-H1-GPS-GradientEstimation-Escape-Specialist-Exploiter,Exploiter,0.5272408391264235
4775,0.01168850742685719,HOG8-ML00-H1-GPS-GradientEstimation-Escape-Specialist-Refiner,Refiner,0.2202230477276633
4775,0.011619335970911119,HOG8-ML01-H2-GPS-GradientEstimation-Escape-Specialist-Exploiter,Exploiter,0.5917903237767758
4786,0.011475253169857131,HOG8-ML00-H1-GPS-GradientEstimation-Escape-Specialist-Exploiter,Exploiter,1.2400261203798306
4791,0.011441351344676186,HOG8-ML01-H2-GPS-GradientEstimation-Escape-Specialist-Refiner,Refiner,0.29543422423130383
4795,0.011370819775598943,HOG8-ML01-H1-GPS-GradientEstimation-Escape-Specialist-Exploiter,Exploiter,0.6164618754589826
4800,0.011311602257934008,HOG8-ML00-H1-GPS-GradientEstimation-Escape-Specialist-Exploiter,Exploiter,0.5207849463238574
4800,0.011250764240726773,HOG8-ML01-H2-GPS-GradientEstimation-Escape-Specialist-Exploiter,Exploiter,0.5378373091624788
4806,0.011201158630452162,HOG8-ML01-H1-GPS-GradientEstimation-Escape-Specialist-Refiner,Refiner,0.44090880595509774
4810,0.011140782538376819,HOG8-ML00-H1-GPS-GradientEstimation-Escape-Specialist-Exploiter,Exploiter,0.5390164898763316
4815,0.011085765470043165,HOG8-ML01-H2-GPS-GradientEstimation-Escape-Specialist-Refiner,Refiner,0.49383486432964485
4820,0.011038728804061154,HOG8-ML01-H1-GPS-GradientEstimation-Escape-Specialist-Refiner,Refiner,0.4242978629587408
4820,0.011020507853172972,HOG8-ML00-H1-GPS-GradientEstimation-Escape-Specialist-Refiner,Refiner,0.16506385120611244
4825,0.010951325337143134,HOG8-ML01-H2-GPS-GradientEstimation-Escape-Specialist-Exploiter,Exploiter,0.6277615963943003
4829,0.010894110302464942,HOG8-ML00-H1-GPS-GradientEstimation-Escape-Specialist-Exploiter,Exploiter,0.5224484974812885
4834,0.010812987285562174,HOG8-ML01-H2-GPS-GradientEstimation-Escape-Specialist-Exploiter,Exploiter,0.7446502252176833
4839,0.010738830372725135,HOG8-ML00-H1-GPS-GradientEstimation-Escape-Specialist-Exploiter,Exploiter,0.6858133731097206
4844,0.01063594417079311,HOG8-ML01-H2-GPS-GradientEstimation-Escape-Specialist-Exploiter,Exploiter,0.9580764232326354
4849,0.010583148640187804,HOG8-ML00-H1-GPS-GradientEstimation-Escape-Specialist-Refiner,Refiner,0.49638781247352953
4856,0.010491379558621897,HOG8-ML01-H2-GPS-GradientEstimation-Escape-Specialist-Exploiter,Exploiter,0.8671245645877892
4860,0.010438164510748743,HOG8-ML01-H1-GPS-GradientEstimation-Escape-Specialist-Exploiter,Exploiter,0.5072264097949003
4866,0.010356084191467262,HOG8-ML01-H2-GPS-GradientEstimation-Escape-Specialist-Exploiter,Exploiter,0.7863482051557907
4874,0.010307952601886335,HOG8-ML00-H1-GPS-GradientEstimation-Escape-Specialist-Refiner,Refiner,0.4647663025044219
4880,0.010246458587544534,HOG8-ML01-H2-GPS-GradientEstimation-Escape-Specialist-Exploiter,Exploiter,0.5965686564230759
4881,0.010201605649837905,HOG8-ML00-H1-GPS-GradientEstimation-Escape-Specialist-Refiner,Refiner,0.43774087723490895
4884,0.010181103455042154,HOG8-ML01-H1-GPS-GradientEstimation-Escape-Specialist-Refiner,Refiner,0.2009702736948751
4889,0.01010098572629188,HOG8-ML01-H2-GPS-GradientEstimation-Escape-Specialist-Exploiter,Exploiter,0.7869257895674855
4896,0.010058175661361569,HOG8-ML00-H1-GPS-GradientEstimation-Escape-Specialist-Refiner,Refiner,0.42382066553050823
4901,0.009987120408037387,HOG8-ML01-H2-GPS-GradientEstimation-Escape-Specialist-Exploiter,Exploiter,0.7064427557886058
4904,0.009970913038747838,HOG8-ML00-H1-GPS-GradientEstimation-Escape-Specialist-Refiner,Refiner,0.16228270639959466
4904,0.00994046761279202,HOG8-ML01-H1-GPS-GradientEstimation-Escape-Specialist-Refiner,Refiner,0.3053424078367185
4909,0.009889773828494193,HOG8-ML01-H2-GPS-GradientEstimation-Escape-Specialist-Exploiter,Exploiter,0.5099738389831011
4914,0.009864999343522605,HOG8-ML00-H1-GPS-GradientEstimation-Escape-Specialist-Refiner,Refiner,0.25050608235556904
4914,0.00984619427799533,HOG8-ML01-H1-GPS-GradientEstimation-Escape-Specialist-Refiner,Refiner,0.1906240930428674
4922,0.009769732557724606,HOG8-ML01-H2-GPS-GradientEstimation-Escape-Specialist-Exploiter,Exploiter,0.776561157660728
4929,0.009753514926626215,HOG8-ML01-H1-GPS-GradientEstimation-Escape-Specialist-Refiner,Refiner,0.1659987210762333
4933,0.009711918244424408,HOG8-ML01-H2-GPS-GradientEstimation-Escape-Specialist-Refiner,Refiner,0.4264788900691756
4935,0.009647376957986327,HOG8-ML00-H1-GPS-GradientEstimation-Escape-Specialist-Exploiter,Exploiter,0.6645575550961229
4945,0.009591105284738428,HOG8-ML01-H2-GPS-GradientEstimation-Escape-Specialist-Exploiter,Exploiter,0.5832846948238659
4950,0.009576682978338715,HOG8-ML01-H1-GPS-GradientEstimation-Escape-Specialist-Refiner,Refiner,0.1503716826324701
4960,0.009472480610880702,HOG8-ML01-H2-GPS-GradientEstimation-Escape-Specialist-Exploiter,Exploiter,1.0880841278102875
4976,0.009456311794172582,HOG8-ML00-H1-GPS-GradientEstimation-Escape-Specialist-Refiner,Refiner,0.17069252894059686
4976,0.00942409982681476,HOG8-ML01-H2-GPS-GradientEstimation-Escape-Specialist-Refiner,Refiner,0.3406398610679465
4985,0.009390188929247022,HOG8-ML00-H1-GPS-GradientEstimation-Escape-Specialist-Refiner,Refiner,0.35983168887123546
4985,0.009360118339146168,HOG8-ML01-H2-GPS-GradientEstimation-Escape-Specialist-Refiner,Refiner,0.3202341329597187
4994,0.009298517530198936,HOG8-ML01-H2-GPS-GradientEstimation-Escape-Specialist-Exploiter,Exploiter,0.6581199800605464
5005,0.009295615160988004,HOG8-ML02-H2-GPS-GradientEstimation-Escape-Specialist-Polisher,Polisher,0.03121324664394796
5006,0.009205530191574069,HOG8-ML00-H1-GPS-GradientEstimation-Escape-Specialist-Exploiter,Exploiter,0.9691125100790032
5007,0.009186362366221598,HOG8-ML01-H2-GPS-GradientEstimation-Escape-Specialist-Refiner,Refiner,0.20822076462272018
5017,0.00912956091864313,HOG8-ML00-H1-GPS-GradientEstimation-Escape-Specialist-Exploiter,Exploiter,0.6183236118284164
5017,0.009098447339548768,HOG8-ML01-H2-GPS-GradientEstimation-Escape-Specialist-Refiner,Refiner,0.340800388667391
5030,0.009040495262752985,HOG8-ML01-H2-GPS-GradientEstimation-Escape-Specialist-Exploiter,Exploiter,0.6369446855385918
5039,0.00895825219096374,HOG8-ML01-H2-GPS-GradientEstimation-Escape-Specialist-Exploiter,Exploiter,0.909718653668109
5046,0.00894732867940029,HOG8-ML00-H1-GPS-GradientEstimation-Escape-Specialist-Refiner,Refiner,0.12193797775047804
5054,0.008880214375099137,HOG8-ML01-H2-GPS-GradientEstimation-Escape-Specialist-Exploiter,Exploiter,0.7501043798209079
5066,0.008878282899138154,HOG8-ML02-H2-GPS-GradientEstimation-Escape-Specialist-Polisher,Polisher,0.021750330334351017
5066,0.008811710217293739,HOG8-ML00-H1-GPS-GradientEstimation-Escape-Specialist-Exploiter,Exploiter,0.7498373570736021
5066,0.008788584773921478,HOG8-ML01-H2-GPS-GradientEstimation-Escape-Specialist-Refiner,Refiner,0.2624398987483234
5075,0.008723916357515708,HOG8-ML01-H2-GPS-GradientEstimation-Escape-Specialist-Exploiter,Exploiter,0.7358228664717593
5084,0.008650874306370572,HOG8-ML01-H2-GPS-GradientEstimation-Escape-Specialist-Exploiter,Exploiter,0.8372621670336101
5094,0.008589712085161804,HOG8-ML01-H2-GPS-GradientEstimation-Escape-Specialist-Exploiter,Exploiter,0.7070062405568417
5106,0.008577830477578879,HOG8-ML02-H2-GPS-GradientEstimation-Escape-Specialist-Refiner,Refiner,0.1383237000859404
5106,0.008520293460125379,HOG8-ML01-H2-GPS-GradientEstimation-Escape-Specialist-Exploiter,Exploiter,0.6707642171746477
5115,0.008505253886886086,HOG8-ML02-H2-GPS-GradientEstimation-Escape-Specialist-Refiner,Refiner,0.1765147328513636
5120,0.008453471747245915,HOG8-ML01-H2-GPS-GradientEstimation-Escape-Specialist-Exploiter,Exploiter,0.6088253252499846
5125,0.008442080669433513,HOG8-ML00-H1-GPS-GradientEstimation-Escape-Specialist-Refiner,Refiner,0.1347502913949287
5128,0.008382219609194934,HOG8-ML01-H2-GPS-GradientEstimation-Escape-Specialist-Exploiter,Exploiter,0.7090794625467158
5135,0.008377080711068428,HOG8-ML00-H1-GPS-GradientEstimation-Escape-Specialist-Refiner,Refiner,0.061307128255961296
5140,0.008312422780927536,HOG8-ML01-H2-GPS-GradientEstimation-Escape-Specialist-Exploiter,Exploiter,0.7718432276229764
5151,0.008247553603386748,HOG8-ML01-H2-GPS-GradientEstimation-Escape-Specialist-Exploiter,Exploiter,0.7803883326246025
5159,0.008237580999130129,HOG8-ML01-H1-GPS-GradientEstimation-Escape-Specialist-Refiner,Refiner,0.12091590714274394
5164,0.008197121216317745,HOG8-ML00-H1-GPS-GradientEstimation-Escape-Specialist-Refiner,Refiner,0.49116097088036476
5164,0.00818636906975425,HOG8-ML01-H2-GPS-GradientEstimation-Escape-Specialist-Refiner,Refiner,0.1311697885117406
5173,0.008126395912265489,HOG8-ML01-H2-GPS-GradientEstimation-Escape-Specialist-Exploiter,Exploiter,0.7325977729289158
5181,0.008124805707290995,HOG8-ML02-H2-GPS-GradientEstimation-Escape-Specialist-Polisher,Polisher,0.019568391592797583
5185,0.008067194467173768,HOG8-ML01-H2-GPS-GradientEstimation-Escape-Specialist-Exploiter,Exploiter,0.7090783729822412
5195,0.008011617730754718,HOG8-ML01-H2-GPS-GradientEstimation-Escape-Specialist-Exploiter,Exploiter,0.6889227307609604
5204,0.007993879645673083,HOG8-ML01-H1-GPS-GradientEstimation-Escape-Specialist-Refiner,Refiner,0.2214045362341976
5209,0.007957997073717984,HOG8-ML01-H2-GPS-GradientEstimation-Escape-Specialist-Refiner,Refiner,0.44887555912255084
5216,0.007910859242710663,HOG8-ML01-H2-GPS-GradientEstimation-Escape-Specialist-Exploiter,Exploiter,0.592332851729717
5226,0.007910226027707433,HOG8-ML02-H2-GPS-GradientEstimation-Escape-Specialist-Polisher,Polisher,0.008004377069581244
5226,0.007893585518748615,HOG8-ML01-H1-GPS-GradientEstimation-Escape-Specialist-Refiner,Refiner,0.21036704767386605
5231,0.007857482383426012,HOG8-ML01-H2-GPS-GradientEstimation-Escape-Specialist-Refiner,Refiner,0.45737308143240907
5235,0.0078476725948533,HOG8-ML02-H2-GPS-GradientEstimation-Escape-Specialist-Refiner,Refiner,0.12484645964213534
5240,0.007803177404880637,HOG8-ML01-H2-GPS-GradientEstimation-Escape-Specialist-Exploiter,Exploiter,0.5669858092938785
5249,0.007792624867775148,HOG8-ML01-H1-GPS-GradientEstimation-Escape-Specialist-Refiner,Refiner,0.13523384844344
5256,0.007777329050405496,HOG8-ML00-H1-GPS-GradientEstimation-Escape-Specialist-Refiner,Refiner,0.1962858167715098
5256,0.0077578114010928975,HOG8-ML01-H2-GPS-GradientEstimation-Escape-Specialist-Refiner,Refiner,0.2509556839642912
5261,0.0077503499603024575,HOG8-ML01-H1-GPS-GradientEstimation-Escape-Specialist-Refiner,Refiner,0.09617971364177358
5264,0.00772126743336325,HOG8-ML01-H2-GPS-GradientEstimation-Escape-Specialist-Refiner,Refiner,0.3752414676520274
5275,0.007685153262371052,HOG8-ML01-H2-GPS-GradientEstimation-Escape-Specialist-Refiner,Refiner,0.46772335376120255
5285,0.007645010321208913,HOG8-ML01-H2-GPS-GradientEstimation-Escape-Specialist-Exploiter,Exploiter,0.5223440547203146
5308,0.00762028238699573,HOG8-ML00-H1-GPS-GradientEstimation-Escape-Specialist-Refiner,Refiner,0.32345194020971163
5315,0.0075981674738658245,HOG8-ML01-H2-GPS-GradientEstimation-Escape-Specialist-Refiner,Refiner,0.29021120224684893
5319,0.007592703219334007,HOG8-ML00-H1-GPS-GradientEstimation-Escape-Specialist-Refiner,Refiner,0.07191542632631046
5329,0.007548819976906795,HOG8-ML00-H1-GPS-GradientEstimation-Escape-Specialist-Exploiter,Exploiter,0.5779659912884224
5340,0.007542066497508109,HOG8-ML01-H2-GPS-GradientEstimation-Escape-Specialist-Refiner,Refiner,0.08946404099376805
5340,0.007509150167901949,HOG8-ML00-H1-GPS-GradientEstimation-Escape-Specialist-Refiner,Refiner,0.43643648086417186
5356,0.0074695493435222365,HOG8-ML00-H1-GPS-GradientEstimation-Escape-Specialist-Exploiter,Exploiter,0.5273675914617812
5364,0.007438739735236879,HOG8-ML00-H1-GPS-GradientEstimation-Escape-Specialist-Refiner,Refiner,0.4124694391647113
5375,0.007432364536629527,HOG8-ML02-H2-GPS-GradientEstimation-Escape-Specialist-Refiner,Refiner,0.08570267053642537
5378,0.007396821313447848,HOG8-ML00-H1-GPS-GradientEstimation-Escape-Specialist-Refiner,Refiner,0.4782222804937536
5388,0.007359165904890058,HOG8-ML00-H1-GPS-GradientEstimation-Escape-Specialist-Exploiter,Exploiter,0.5090755469424478
5399,0.007325092629080252,HOG8-ML00-H1-GPS-GradientEstimation-Escape-Specialist-Refiner,Refiner,0.46300458842984193
5409,0.007287723266784547,HOG8-ML00-H1-GPS-GradientEstimation-Escape-Specialist-Exploiter,Exploiter,0.5101554913770081
5422,0.007286623493656722,HOG8-ML02-H2-GPS-GradientEstimation-Escape-Specialist-Polisher,Polisher,0.015090764118847817
5425,0.007250936272388913,HOG8-ML00-H1-GPS-GradientEstimation-Escape-Specialist-Refiner,Refiner,0.4897634864608582
5436,0.007220558563697732,HOG8-ML00-H1-GPS-GradientEstimation-Escape-Specialist-Refiner,Refiner,0.4189487750272666
5445,0.007191696017227067,HOG8-ML00-H1-GPS-GradientEstimation-Escape-Specialist-Refiner,Refiner,0.3997273371034614
5456,0.007157697314740023,HOG8-ML00-H1-GPS-GradientEstimation-Escape-Specialist-Refiner,Refiner,0.47274943776270384
5466,0.007130785170375465,HOG8-ML00-H1-GPS-GradientEstimation-Escape-Specialist-Refiner,Refiner,0.37598885760560524
5479,0.007102728106049725,HOG8-ML00-H1-GPS-GradientEstimation-Escape-Specialist-Refiner,Refiner,0.3934638844864045
5490,0.007072508499378552,HOG8-ML00-H1-GPS-GradientEstimation-Escape-Specialist-Refiner,Refiner,0.4254647822635031
5499,0.007046331464571051,HOG8-ML00-H1-GPS-GradientEstimation-Escape-Specialist-Refiner,Refiner,0.3701237659848871
5510,0.007021571207501329,HOG8-ML00-H1-GPS-GradientEstimation-Escape-Specialist-Refiner,Refiner,0.35139217043955956
5520,0.006996674451278875,HOG8-ML00-H1-GPS-GradientEstimation-Escape-Specialist-Refiner,Refiner,0.35457528645236175
5535,0.006973201379171226,HOG8-ML00-H1-GPS-GradientEstimation-Escape-Specialist-Refiner,Refiner,0.33548898510432734
5549,0.006953516216503824,HOG8-ML00-H1-GPS-GradientEstimation-Escape-Specialist-Refiner,Refiner,0.28229734948140917
5559,0.006927713779419872,HOG8-ML00-H1-GPS-GradientEstimation-Escape-Specialist-Refiner,Refiner,0.37107035175544256
5570,0.0069045205053040095,HOG8-ML00-H1-GPS-GradientEstimation-Escape-Specialist-Refiner,Refiner,0.33478972795848544
5580,0.0068819056467565,HOG8-ML00-H1-GPS-GradientEstimation-Escape-Specialist-Refiner,Refiner,0.3275369887038093
5594,0.0068659172839226675,HOG8-ML00-H1-GPS-GradientEstimation-Escape-Specialist-Refiner,Refiner,0.23232464457526586
5608,0.0068533183070634916,HOG8-ML00-H1-GPS-GradientEstimation-Escape-Specialist-Refiner,Refiner,0.18350027153222356
5615,0.006846755396012617,HOG8-ML00-H1-GPS-GradientEstimation-Escape-Specialist-Refiner,Refiner,0.09576253074529177
5629,0.006829503579029726,HOG8-ML00-H1-GPS-GradientEstimation-Escape-Specialist-Refiner,Refiner,0.25197069246753495
5641,0.006816104902311655,HOG8-ML00-H1-GPS-GradientEstimation-Escape-Specialist-Refiner,Refiner,0.19618814988562366
5646,0.006812694815429587,HOG8-ML01-H2-GPS-GradientEstimation-Escape-Specialist-Refiner,Refiner,0.050029847411995676
5651,0.006793494703097331,HOG8-ML00-H1-GPS-GradientEstimation-Escape-Specialist-Refiner,Refiner,0.28182845191848277
5665,0.006773238359800824,HOG8-ML00-H1-GPS-GradientEstimation-Escape-Specialist-Refiner,Refiner,0.2981726516585329
5675,0.00675698525240172,HOG8-ML00-H1-GPS-GradientEstimation-Escape-Specialist-Refiner,Refiner,0.23996065893038157
5685,0.006739006416488423,HOG8-ML00-H1-GPS-GradientEstimation-Escape-Specialist-Refiner,Refiner,0.26607777347015166
5699,0.006721087761395598,HOG8-ML00-H1-GPS-GradientEstimation-Escape-Specialist-Refiner,Refiner,0.26589461391494185
5709,0.006703111305165506,HOG8-ML00-H1-GPS-GradientEstimation-Escape-Specialist-Refiner,Refiner,0.26746349502151806
5719,0.006685710308859648,HOG8-ML00-H1-GPS-GradientEstimation-Escape-Specialist-Refiner,Refiner,0.2595958132524007
5731,0.006669132334378656,HOG8-ML00-H1-GPS-GradientEstimation-Escape-Specialist-Refiner,Refiner,0.2479613042614682
5739,0.006653143363837161,HOG8-ML00-H1-GPS-GradientEstimation-Escape-Specialist-Refiner,Refiner,0.23974588806813163
5756,0.006637172761198441,HOG8-ML00-H1-GPS-GradientEstimation-Escape-Specialist-Refiner,Refiner,0.24004597173611672
5765,0.006619995784429783,HOG8-ML00-H1-GPS-GradientEstimation-Escape-Specialist-Refiner,Refiner,0.2587996031846006
5773,0.00660703214105629,HOG8-ML00-H1-GPS-GradientEstimation-Escape-Specialist-Refiner,Refiner,0.1958255533029827
5790,0.006592192520630141,HOG8-ML00-H1-GPS-GradientEstimation-Escape-Specialist-Refiner,Refiner,0.2246034241900382
5799,0.006577874308226252,HOG8-ML00-H1-GPS-GradientEstimation-Escape-Specialist-Refiner,Refiner,0.2171995486946159
5804,0.006577126409609987,HOG8-ML01-H2-GPS-GradientEstimation-Escape-Specialist-Polisher,Polisher,0.011369913458655513
5809,0.0065634617559261746,HOG8-ML00-H1-GPS-GradientEstimation-Escape-Specialist-Refiner,Refiner,0.20776024106587207
5816,0.006562813850780842,HOG8-ML01-H2-GPS-GradientEstimation-Escape-Specialist-Polisher,Polisher,0.009871393624671846
5819,0.0065489120272084235,HOG8-ML00-H1-GPS-GradientEstimation-Escape-Specialist-Refiner,Refiner,0.21182718097001565
5830,0.006535019701073364,HOG8-ML00-H1-GPS-GradientEstimation-Escape-Specialist-Refiner,Refiner,0.2121318178858096
5840,0.006524008269363404,HOG8-ML00-H1-GPS-GradientEstimation-Escape-Specialist-Refiner,Refiner,0.16849882959267665
5849,0.0065212489542153616,HOG8-ML01-H2-GPS-GradientEstimation-Escape-Specialist-Polisher,Polisher,0.04229478311670002
5851,0.006510710098520776,HOG8-ML00-H1-GPS-GradientEstimation-Escape-Specialist-Refiner,Refiner,0.16160793382643648
5860,0.006506120710160166,HOG8-ML01-H2-GPS-GradientEstimation-Escape-Specialist-Refiner,Refiner,0.07048982816256896
5865,0.006495451977404454,HOG8-ML00-H1-GPS-GradientEstimation-Escape-Specialist-Refiner,Refiner,0.16397993875291378
5870,0.006493343736468838,HOG8-ML01-H2-GPS-GradientEstimation-Escape-Specialist-Polisher,Polisher,0.03245718608882984
5876,0.006483157550329459,HOG8-ML00-H1-GPS-GradientEstimation-Escape-Specialist-Refiner,Refiner,0.1568711984577327
5886,0.006470854549974682,HOG8-ML00-H1-GPS-GradientEstimation-Escape-Specialist-Refiner,Refiner,0.18976864682475175
5894,0.006468771933393791,HOG8-ML01-H2-GPS-GradientEstimation-Escape-Specialist-Polisher,Polisher,0.032184567970224766
5898,0.006458520372620622,HOG8-ML00-H1-GPS-GradientEstimation-Escape-Specialist-Refiner,Refiner,0.15847769682909507
5904,0.006456518502106738,HOG8-ML01-H2-GPS-GradientEstimation-Escape-Specialist-Polisher,Polisher,0.030995807063956406
5910,0.006449706562685342,HOG8-ML00-H1-GPS-GradientEstimation-Escape-Specialist-Refiner,Refiner,0.10550483854685454
5914,0.006448783250758507,HOG8-ML01-H2-GPS-GradientEstimation-Escape-Specialist-Polisher,Polisher,0.014315564868900489
5918,0.0064395853539576655,HOG8-ML00-H1-GPS-GradientEstimation-Escape-Specialist-Refiner,Refiner,0.14262995736071474
5928,0.006433110041598185,HOG8-ML00-H1-GPS-GradientEstimation-Escape-Specialist-Refiner,Refiner,0.1005548028880656
5939,0.006427458385975347,HOG8-ML01-H2-GPS-GradientEstimation-Escape-Specialist-Refiner,Refiner,0.08785261850477902
5944,0.006425891497653189,HOG8-ML00-H1-GPS-GradientEstimation-Escape-Specialist-Polisher,Polisher,0.024378039157385692
5954,0.006416429901770786,HOG8-ML01-H2-GPS-GradientEstimation-Escape-Specialist-Refiner,Refiner,0.1472417622653366
5965,0.006410565361696249,HOG8-ML01-H2-GPS-GradientEstimation-Escape-Specialist-Refiner,Refiner,0.09139880220491804
5978,0.006405951399583552,HOG8-ML00-H1-GPS-GradientEstimation-Escape-Specialist-Refiner,Refiner,0.07197434005222392
5980,0.006402198447066167,HOG8-ML01-H2-GPS-GradientEstimation-Escape-Specialist-Refiner,Refiner,0.0585854041544766
5989,0.006396655092895071,HOG8-ML00-H1-GPS-GradientEstimation-Escape-Specialist-Refiner,Refiner,0.08658516628199346
5989,0.006393058397887179,HOG8-ML01-H2-GPS-GradientEstimation-Escape-Specialist-Refiner,Refiner,0.056227746465291405
5999,0.006386036072206069,HOG8-ML00-H1-GPS-GradientEstimation-Escape-Specialist-Refiner,Refiner,0.10984297724280284
5999,0.006383409243165547,HOG8-ML01-H2-GPS-GradientEstimation-Escape-Specialist-Polisher,Polisher,0.041133952436539396
6014,0.006370825967617611,HOG8-ML01-H2-GPS-GradientEstimation-Escape-Specialist-Refiner,Refiner,0.19712468789947102
6026,0.006367872199860177,HOG8-ML00-H1-GPS-GradientEstimation-Escape-Specialist-Polisher,Polisher,0.046363968698058325
6026,0.006361008615433787,HOG8-ML01-H2-GPS-GradientEstimation-Escape-Specialist-Refiner,Refiner,0.10778458189756043
6035,0.00635922464571116,HOG8-ML00-H1-GPS-GradientEstimation-Escape-Specialist-Polisher,Polisher,0.028045390762376547
6045,0.006348265931331752,HOG8-ML00-H1-GPS-GradientEstimation-Escape-Specialist-Refiner,Refiner,0.17232783853294242
6045,0.006343561183352677,HOG8-ML01-H2-GPS-GradientEstimation-Escape-Specialist-Refiner,Refiner,0.07411075764571633
6056,0.0063363667450311795,HOG8-ML01-H2-GPS-GradientEstimation-Escape-Specialist-Refiner,Refiner,0.1134132408209086
6065,0.0063268644965017405,HOG8-ML01-H2-GPS-GradientEstimation-Escape-Specialist-Refiner,Refiner,0.14996367653261888
6075,0.006317977624191503,HOG8-ML01-H2-GPS-GradientEstimation-Escape-Specialist-Refiner,Refiner,0.14046250421755185
6086,0.00631037122491368,HOG8-ML01-H2-GPS-GradientEstimation-Escape-Specialist-Refiner,Refiner,0.12039294423421233
6100,0.006300592718128135,HOG8-ML01-H2-GPS-GradientEstimation-Escape-Specialist-Refiner,Refiner,0.15495929537297437
6109,0.006292082347657787,HOG8-ML01-H2-GPS-GradientEstimation-Escape-Specialist-Refiner,Refiner,0.13507253763382626
6120,0.006282878555364302,HOG8-ML01-H2-GPS-GradientEstimation-Escape-Specialist-Refiner,Refiner,0.14627577620485865
6134,0.0062747466563811225,HOG8-ML01-H2-GPS-GradientEstimation-Escape-Specialist-Refiner,Refiner,0.12942951087660828
6145,0.00626562003225712,HOG8-ML01-H2-GPS-GradientEstimation-Escape-Specialist-Refiner,Refiner,0.14545008147414298
6154,0.006257858369627635,HOG8-ML01-H2-GPS-GradientEstimation-Escape-Specialist-Refiner,Refiner,0.12387700801399075
6165,0.006250623033432649,HOG8-ML01-H2-GPS-GradientEstimation-Escape-Specialist-Refiner,Refiner,0.11562000556135908
6178,0.006242261638226812,HOG8-ML01-H2-GPS-GradientEstimation-Escape-Specialist-Refiner,Refiner,0.13376898848505855
6190,0.0062351008846909806,HOG8-ML01-H2-GPS-GradientEstimation-Escape-Specialist-Refiner,Refiner,0.11471408843199173
6200,0.006228582591663794,HOG8-ML01-H2-GPS-GradientEstimation-Escape-Specialist-Refiner,Refiner,0.1045419015302653
6211,0.006221393612617524,HOG8-ML01-H2-GPS-GradientEstimation-Escape-Specialist-Refiner,Refiner,0.11541918149872231
6220,0.006214873777281842,HOG8-ML01-H2-GPS-GradientEstimation-Escape-Specialist-Refiner,Refiner,0.10479702365172462
6236,0.006212328122577599,HOG8-ML00-H1-GPS-GradientEstimation-Escape-Specialist-Polisher,Polisher,0.04096068231585148
6236,0.006206997135254279,HOG8-ML01-H2-GPS-GradientEstimation-Escape-Specialist-Refiner,Refiner,0.08581303527650723
6246,0.006200844095476109,HOG8-ML01-H2-GPS-GradientEstimation-Escape-Specialist-Refiner,Refiner,0.09913070111184233
6265,0.006195137574582577,HOG8-ML01-H2-GPS-GradientEstimation-Escape-Specialist-Refiner,Refiner,0.09202813045559136
6275,0.006191498356760729,HOG8-ML01-H2-GPS-GradientEstimation-Escape-Specialist-Refiner,Refiner,0.05874313165826936
6285,0.006187589051830486,HOG8-ML01-H2-GPS-GradientEstimation-Escape-Specialist-Refiner,Refiner,0.063139884806295
6302,0.0061817229198092025,HOG8-ML01-H2-GPS-GradientEstimation-Escape-Specialist-Refiner,Refiner,0.09480480963014952
6313,0.0061758214086990205,HOG8-ML01-H2-GPS-GradientEstimation-Escape-Specialist-Refiner,Refiner,0.09546709205083719
6324,0.00617031500632881,HOG8-ML01-H2-GPS-GradientEstimation-Escape-Specialist-Refiner,Refiner,0.0891606477229826
6335,0.006164660959875316,HOG8-ML01-H2-GPS-GradientEstimation-Escape-Specialist-Refiner,Refiner,0.09163302761195258
6349,0.006159219191046061,HOG8-ML01-H2-GPS-GradientEstimation-Escape-Specialist-Refiner,Refiner,0.08827361090373395
6359,0.006154797671906072,HOG8-ML01-H2-GPS-GradientEstimation-Escape-Specialist-Refiner,Refiner,0.0717870074573341
6369,0.0061504911759226715,HOG8-ML01-H2-GPS-GradientEstimation-Escape-Specialist-Refiner,Refiner,0.06996974089103465
6380,0.006144570885556369,HOG8-ML01-H2-GPS-GradientEstimation-Escape-Specialist-Refiner,Refiner,0.0962571963273234
6389,0.006139446872863397,HOG8-ML01-H2-GPS-GradientEstimation-Escape-Specialist-Refiner,Refiner,0.08339089561187739
6400,0.006134574438592782,HOG8-ML01-H2-GPS-GradientEstimation-Escape-Specialist-Refiner,Refiner,0.07936275647487072
6411,0.00613044331215345,HOG8-ML01-H2-GPS-GradientEstimation-Escape-Specialist-Refiner,Refiner,0.06734169551099031
6421,0.006129729941736277,HOG8-ML00-H1-GPS-GradientEstimation-Escape-Specialist-Polisher,Polisher,0.011636522529433823
6426,0.006124904950589178,HOG8-ML01-H2-GPS-GradientEstimation-Escape-Specialist-Refiner,Refiner,0.0787145794832882
6436,0.006120425533979826,HOG8-ML01-H2-GPS-GradientEstimation-Escape-Specialist-Refiner,Refiner,0.07313446731807814
6445,0.006116319966095218,HOG8-ML01-H2-GPS-GradientEstimation-Escape-Specialist-Refiner,Refiner,0.06707977838819501
6459,0.006115226097689479,HOG8-ML00-H1-GPS-GradientEstimation-Escape-Specialist-Polisher,Polisher,0.017884420890375903
6460,0.006111585976229245,HOG8-ML01-H2-GPS-GradientEstimation-Escape-Specialist-Refiner,Refiner,0.059525541690267976
6470,0.006110980994990684,HOG8-ML00-H1-GPS-GradientEstimation-Escape-Specialist-Polisher,Polisher,0.009898923796774555
6470,0.006107375483845246,HOG8-ML01-H2-GPS-GradientEstimation-Escape-Specialist-Refiner,Refiner,0.059000529512256795
6479,0.006105729011567491,HOG8-ML00-H1-GPS-GradientEstimation-Escape-Specialist-Polisher,Polisher,0.026958753102872598
6481,0.006103302826797922,HOG8-ML01-H2-GPS-GradientEstimation-Escape-Specialist-Polisher,Polisher,0.039736201278699146
6489,0.006102370808238498,HOG8-ML00-H1-GPS-GradientEstimation-Escape-Specialist-Polisher,Polisher,0.015270724489240304
6494,0.006099072178530839,HOG8-ML01-H2-GPS-GradientEstimation-Escape-Specialist-Refiner,Refiner,0.0540548880314785
6500,0.00609809852631691,HOG8-ML00-H1-GPS-GradientEstimation-Escape-Specialist-Polisher,Polisher,0.015963939849023077
6505,0.006094737830931101,HOG8-ML01-H2-GPS-GradientEstimation-Escape-Specialist-Refiner,Refiner,0.0551105458743481
6519,0.0060909031935609155,HOG8-ML01-H2-GPS-GradientEstimation-Escape-Specialist-Refiner,Refiner,0.06291718325806568
6530,0.00608842719382633,HOG8-ML01-H2-GPS-GradientEstimation-Escape-Specialist-Polisher,Polisher,0.04065078127005256
6539,0.006087786090945527,HOG8-ML00-H1-GPS-GradientEstimation-Escape-Specialist-Polisher,Polisher,0.01052986034642561
6545,0.006083703935332805,HOG8-ML01-H2-GPS-GradientEstimation-Escape-Specialist-Refiner,Refiner,0.06705484640455463
6549,0.006083174640293134,HOG8-ML00-H1-GPS-GradientEstimation-Escape-Specialist-Polisher,Polisher,0.008700210353719977
6554,0.006079297139261564,HOG8-ML01-H2-GPS-GradientEstimation-Escape-Specialist-Refiner,Refiner,0.063741405776621
6565,0.006076366874662152,HOG8-ML01-H2-GPS-GradientEstimation-Escape-Specialist-Polisher,Polisher,0.0482007135411661
6575,0.006075767349296906,HOG8-ML00-H1-GPS-GradientEstimation-Escape-Specialist-Polisher,Polisher,0.009866510327848904
6575,0.006072609044274195,HOG8-ML01-H2-GPS-GradientEstimation-Escape-Specialist-Refiner,Refiner,0.05198199406164224
6584,0.006072087253114809,HOG8-ML00-H1-GPS-GradientEstimation-Escape-Specialist-Polisher,Polisher,0.008592536677099522
6589,0.0060685048659357465,HOG8-ML01-H2-GPS-GradientEstimation-Escape-Specialist-Refiner,Refiner,0.05899762354740247
6600,0.006066895740761252,HOG8-ML01-H2-GPS-GradientEstimation-Escape-Specialist-Polisher,Polisher,0.026516006990898525
6611,0.006063284744312627,HOG8-ML01-H2-GPS-GradientEstimation-Escape-Specialist-Refiner,Refiner,0.0595196720517922
6625,0.006061131707482038,HOG8-ML01-H2-GPS-GradientEstimation-Escape-Specialist-Polisher,Polisher,0.03550941315444585
6640,0.006059745113886595,HOG8-ML01-H2-GPS-GradientEstimation-Escape-Specialist-Polisher,Polisher,0.022876810179391124
6651,0.006056880665919352,HOG8-ML01-H2-GPS-GradientEstimation-Escape-Specialist-Polisher,Polisher,0.047270106471608474
6659,0.00605383284793462,HOG8-ML01-H2-GPS-GradientEstimation-Escape-Specialist-Refiner,Refiner,0.05031992791076989
6670,0.006051020557558209,HOG8-ML01-H2-GPS-GradientEstimation-Escape-Specialist-Polisher,Polisher,0.04645470806765377
6686,0.006047939500285116,HOG8-ML01-H2-GPS-GradientEstimation-Escape-Specialist-Refiner,Refiner,0.05091797728639833
6695,0.0060444952318254,HOG8-ML01-H2-GPS-GradientEstimation-Escape-Specialist-Refiner,Refiner,0.05694945294267424
6703,0.006042015403329381,HOG8-ML01-H2-GPS-GradientEstimation-Escape-Specialist-Polisher,Polisher,0.041026229666988566
6715,0.006039280532387285,HOG8-ML01-H2-GPS-GradientEstimation-Escape-Specialist-Polisher,Polisher,0.04526421664845638
6725,0.006036332297239242,HOG8-ML01-H2-GPS-GradientEstimation-Escape-Specialist-Polisher,Polisher,0.04881765521955522
6735,0.00603353620868293,HOG8-ML01-H2-GPS-GradientEstimation-Escape-Specialist-Polisher,Polisher,0.04632098464146219
6749,0.006030358471142213,HOG8-ML01-H2-GPS-GradientEstimation-Escape-Specialist-Refiner,Refiner,0.0526679119973423
6759,0.006027779258218218,HOG8-ML01-H2-GPS-GradientEstimation-Escape-Specialist-Polisher,Polisher,0.04277047436463085
6769,0.006025494440470848,HOG8-ML01-H2-GPS-GradientEstimation-Escape-Specialist-Polisher,Polisher,0.0379048012459097
6781,0.006022993296076446,HOG8-ML01-H2-GPS-GradientEstimation-Escape-Specialist-Polisher,Polisher,0.04150936357359929
6791,0.00602101570174643,HOG8-ML01-H2-GPS-GradientEstimation-Escape-Specialist-Polisher,Polisher,0.032834078219948354
6802,0.006018885322447352,HOG8-ML01-H2-GPS-GradientEstimation-Escape-Specialist-Polisher,Polisher,0.03538239068967532
6816,0.006018536499346554,HOG8-ML00-H1-GPS-GradientEstimation-Escape-Specialist-Polisher,Polisher,0.0057954767720278695
6816,0.0060164549847511115,HOG8-ML01-H2-GPS-GradientEstimation-Escape-Specialist-Polisher,Polisher,0.034585062260048975
6824,0.00601409436952083,HOG8-ML01-H2-GPS-GradientEstimation-Escape-Specialist-Polisher,Polisher,0.039235982588826206
6835,0.006013785257003135,HOG8-ML00-H1-GPS-GradientEstimation-Escape-Specialist-Polisher,Polisher,0.005139801584454728
6835,0.006011880773310482,HOG8-ML01-H2-GPS-GradientEstimation-Escape-Specialist-Polisher,Polisher,0.03166863483252241
6845,0.00600965037212497,HOG8-ML01-H2-GPS-GradientEstimation-Escape-Specialist-Polisher,Polisher,0.03709989052700963
6861,0.006007425056776225,HOG8-ML01-H2-GPS-GradientEstimation-Escape-Specialist-Polisher,Polisher,0.037029031822999735
6870,0.006005109608920975,HOG8-ML01-H2-GPS-GradientEstimation-Escape-Specialist-Polisher,Polisher,0.0385431001363517
6880,0.006002887926017594,HOG8-ML01-H2-GPS-GradientEstimation-Escape-Specialist-Polisher,Polisher,0.036996542079436166
6889,0.006000836282560821,HOG8-ML01-H2-GPS-GradientEstimation-Escape-Specialist-Polisher,Polisher,0.03417760721270882
6899,0.005998820677022541,HOG8-ML01-H2-GPS-GradientEstimation-Escape-Specialist-Polisher,Polisher,0.033588744024526815
6914,0.005996459064347454,HOG8-ML01-H2-GPS-GradientEstimation-Escape-Specialist-Polisher,Polisher,0.03936794917262383
6924,0.005994243254897314,HOG8-ML01-H2-GPS-GradientEstimation-Escape-Specialist-Polisher,Polisher,0.03695196492399825
6939,0.005993262789823243,HOG8-ML01-H2-GPS-GradientEstimation-Escape-Specialist-Polisher,Polisher,0.016356778201645543
6957,0.0059924359280196455,HOG8-ML01-H2-GPS-GradientEstimation-Escape-Specialist-Polisher,Polisher,0.013796521737740573
6969,0.005991545734878208,HOG8-ML01-H2-GPS-GradientEstimation-Escape-Specialist-Polisher,Polisher,0.014855280091944926
6980,0.0059905781332462,HOG8-ML01-H2-GPS-GradientEstimation-Escape-Specialist-Polisher,Polisher,0.016149449154243302
6990,0.00598906926467591,HOG8-ML01-H2-GPS-GradientEstimation-Escape-Specialist-Polisher,Polisher,0.025187361498824203
7004,0.0059872495427976975,HOG8-ML01-H2-GPS-GradientEstimation-Escape-Specialist-Polisher,Polisher,0.030384051307364296
7016,0.00598639695750562,HOG8-ML00-H1-GPS-GradientEstimation-Escape-Specialist-Polisher,Polisher,0.014240015987030381
7016,0.00598548871223175,HOG8-ML01-H2-GPS-GradientEstimation-Escape-Specialist-Polisher,Polisher,0.015171818379518535
7026,0.005984628363798273,HOG8-ML00-H1-GPS-GradientEstimation-Escape-Specialist-Polisher,Polisher,0.014373904535454765
7026,0.005984106658890346,HOG8-ML01-H2-GPS-GradientEstimation-Escape-Specialist-Polisher,Polisher,0.00871741528818862
7046,0.005982347454565837,HOG8-ML00-H1-GPS-GradientEstimation-Escape-Specialist-Polisher,Polisher,0.029397944000473398
7046,0.005981290580153136,HOG8-ML01-H2-GPS-GradientEstimation-Escape-Specialist-Polisher,Polisher,0.01766655014152716
7056,0.005980518227970052,HOG8-ML00-H1-GPS-GradientEstimation-Escape-Specialist-Polisher,Polisher,0.01291280155567556
7056,0.005979408431913746,HOG8-ML01-H2-GPS-GradientEstimation-Escape-Specialist-Polisher,Polisher,0.01855685433940469
7066,0.005977868341783295,HOG8-ML01-H2-GPS-GradientEstimation-Escape-Specialist-Polisher,Polisher,0.02575656351272739
7075,0.005977366192799892,HOG8-ML00-H1-GPS-GradientEstimation-Escape-Specialist-Polisher,Polisher,0.00840013454115965
7080,0.005976393899437506,HOG8-ML01-H2-GPS-GradientEstimation-Escape-Specialist-Polisher,Polisher,0.016266250569639054
7089,0.005975786514566077,HOG8-ML00-H1-GPS-GradientEstimation-Escape-Specialist-Polisher,Polisher,0.010163066251150592
7089,0.005975042610853942,HOG8-ML01-H2-GPS-GradientEstimation-Escape-Specialist-Polisher,Polisher,0.012448632666536194
7100,0.00597332249873671,HOG8-ML01-H2-GPS-GradientEstimation-Escape-Specialist-Polisher,Polisher,0.028788282013381714
7110,0.005972841903021244,HOG8-ML00-H1-GPS-GradientEstimation-Escape-Specialist-Polisher,Polisher,0.008045701794387695
7115,0.005972012350027121,HOG8-ML01-H2-GPS-GradientEstimation-Escape-Specialist-Polisher,Polisher,0.013888748565467703
7125,0.0059715264054525955,HOG8-ML00-H1-GPS-GradientEstimation-Escape-Specialist-Polisher,Polisher,0.008137032310773477
7125,0.005970879378040109,HOG8-ML01-H2-GPS-GradientEstimation-Escape-Specialist-Polisher,Polisher,0.010835209769747717
7131,0.005970459625387217,HOG8-ML02-H1-GPS-GradientEstimation-Escape-Specialist-Polisher,Polisher,0.007029997196657736
7135,0.005970007715640173,HOG8-ML00-H1-GPS-GradientEstimation-Escape-Specialist-Polisher,Polisher,0.007569094766540443
7135,0.005969233910606538,HOG8-ML01-H2-GPS-GradientEstimation-Escape-Specialist-Polisher,Polisher,0.012961541600824935
7143,0.005967895160003657,HOG8-ML01-H2-GPS-GradientEstimation-Escape-Specialist-Polisher,Polisher,0.022427511183676623
7153,0.005966615160204437,HOG8-ML01-H2-GPS-GradientEstimation-Escape-Specialist-Polisher,Polisher,0.02144809459452796
7165,0.005965846590176513,HOG8-ML00-H1-GPS-GradientEstimation-Escape-Specialist-Polisher,Polisher,0.012881173115542174
7165,0.0059650246795107525,HOG8-ML01-H2-GPS-GradientEstimation-Escape-Specialist-Polisher,Polisher,0.013776932633733252
7174,0.005964331694330735,HOG8-ML00-H1-GPS-GradientEstimation-Escape-Specialist-Polisher,Polisher,0.011617473811932634
7174,0.005963694268070312,HOG8-ML01-H2-GPS-GradientEstimation-Escape-Specialist-Polisher,Polisher,0.010687304011429548
7184,0.005963036323494222,HOG8-ML00-H1-GPS-GradientEstimation-Escape-Specialist-Polisher,Polisher,0.011032500100015608
7184,0.005962372264800761,HOG8-ML01-H2-GPS-GradientEstimation-Escape-Specialist-Polisher,Polisher,0.011136251021064893
7196,0.005961995745361069,HOG8-ML00-H1-GPS-GradientEstimation-Escape-Specialist-Polisher,Polisher,0.006314926726639247
7196,0.005961042297550279,HOG8-ML01-H2-GPS-GradientEstimation-Escape-Specialist-Polisher,Polisher,0.0159920914323323
7210,0.0059605940955153695,HOG8-ML00-H1-GPS-GradientEstimation-Escape-Specialist-Polisher,Polisher,0.007518853457791121
7210,0.005959976610953883,HOG8-ML01-H2-GPS-GradientEstimation-Escape-Specialist-Polisher,Polisher,0.010359446585223843
7220,0.005959472508847405,HOG8-ML00-H1-GPS-GradientEstimation-Escape-Specialist-Polisher,Polisher,0.008458122227382962
7220,0.005958818730210205,HOG8-ML01-H2-GPS-GradientEstimation-Escape-Specialist-Polisher,Polisher,0.010970411160199556
7229,0.0059574136632318305,HOG8-ML01-H2-GPS-GradientEstimation-Escape-Specialist-Polisher,Polisher,0.023579622774076225
7240,0.0059570578313275415,HOG8-ML00-H1-GPS-GradientEstimation-Escape-Specialist-Polisher,Polisher,0.0059729259105363326
7240,0.0059565221858249254,HOG8-ML01-H2-GPS-GradientEstimation-Escape-Specialist-Polisher,Polisher,0.008991779461988059
7255,0.005956143944929829,HOG8-ML00-H1-GPS-GradientEstimation-Escape-Specialist-Polisher,Polisher,0.006350029149495824
7259,0.005955392525952684,HOG8-ML01-H2-GPS-GradientEstimation-Escape-Specialist-Polisher,Polisher,0.012615863284925843
7271,0.005954388561229238,HOG8-ML01-H2-GPS-GradientEstimation-Escape-Specialist-Polisher,Polisher,0.01685807810434646
7282,0.005953563179945591,HOG8-ML01-H2-GPS-GradientEstimation-Escape-Specialist-Polisher,Polisher,0.013861730304629756
7295,0.0059530504956281025,HOG8-ML01-H2-GPS-GradientEstimation-Escape-Specialist-Polisher,Polisher,0.008611386189959486
7312,0.005952193027118717,HOG8-ML01-H2-GPS-GradientEstimation-Escape-Specialist-Polisher,Polisher,0.01440385076551028
7318,0.005951132438907357,HOG8-ML01-H2-GPS-GradientEstimation-Escape-Specialist-Polisher,Polisher,0.0178184445048652
7331,0.005950116056399782,HOG8-ML01-H2-GPS-GradientEstimation-Escape-Specialist-Polisher,Polisher,0.01707880841183377
7344,0.005949172441908691,HOG8-ML01-H2-GPS-GradientEstimation-Escape-Specialist-Polisher,Polisher,0.015858757747685866
7350,0.005948261410353851,HOG8-ML01-H2-GPS-GradientEstimation-Escape-Specialist-Polisher,Polisher,0.01531358459912657
7364,0.005947470472530412,HOG8-ML01-H2-GPS-GradientEstimation-Escape-Specialist-Polisher,Polisher,0.013296958033190401
7374,0.005946511658816464,HOG8-ML01-H2-GPS-GradientEstimation-Escape-Specialist-Polisher,Polisher,0.016121369889549087
7384,0.005945410257006311,HOG8-ML01-H2-GPS-GradientEstimation-Escape-Specialist-Polisher,Polisher,0.018521813684158332
7395,0.005944603813042149,HOG8-ML01-H2-GPS-GradientEstimation-Escape-Specialist-Polisher,Polisher,0.013564143251710162
7406,0.005943654686362388,HOG8-ML01-H2-GPS-GradientEstimation-Escape-Specialist-Polisher,Polisher,0.015966188994431994
7419,0.005943385069849682,HOG8-ML00-H1-GPS-GradientEstimation-Escape-Specialist-Polisher,Polisher,0.004536207551302706
7420,0.0059428205454646445,HOG8-ML01-H2-GPS-GradientEstimation-Escape-Specialist-Polisher,Polisher,0.009498364625599583
7430,0.00594180881571814,HOG8-ML01-H2-GPS-GradientEstimation-Escape-Specialist-Polisher,Polisher,0.01702440345899739
7441,0.005941135992712684,HOG8-ML01-H2-GPS-GradientEstimation-Escape-Specialist-Polisher,Polisher,0.011323538442984614
7453,0.005940356318724756,HOG8-ML01-H2-GPS-GradientEstimation-Escape-Specialist-Polisher,Polisher,0.013123314949944532
7465,0.005940113788795953,HOG8-ML00-H1-GPS-GradientEstimation-Escape-Specialist-Polisher,Polisher,0.004082750525214585
7465,0.005939671136867223,HOG8-ML01-H2-GPS-GradientEstimation-Escape-Specialist-Polisher,Polisher,0.007451909920738163
7475,0.00593930173347371,HOG8-ML00-H1-GPS-GradientEstimation-Escape-Specialist-Polisher,Polisher,0.0062192566726503445
7475,0.005938881391905679,HOG8-ML01-H2-GPS-GradientEstimation-Escape-Specialist-Polisher,Polisher,0.007077289332883702
7489,0.005937951220070277,HOG8-ML01-H2-GPS-GradientEstimation-Escape-Specialist-Polisher,Polisher,0.015662408019633537
7498,0.0059373044863138096,HOG8-ML01-H2-GPS-GradientEstimation-Escape-Specialist-Polisher,Polisher,0.010891530302254154
7509,0.005937082697757406,HOG8-ML00-H1-GPS-GradientEstimation-Escape-Specialist-Polisher,Polisher,0.003735509218273805
7509,0.005936621076904147,HOG8-ML01-H2-GPS-GradientEstimation-Escape-Specialist-Polisher,Polisher,0.0077752134635754
7518,0.005936432907773984,HOG8-ML00-H1-GPS-GradientEstimation-Escape-Specialist-Polisher,Polisher,0.0031696334956424614
7520,0.005936057609798933,HOG8-ML01-H2-GPS-GradientEstimation-Escape-Specialist-Polisher,Polisher,0.006321944185689766
7529,0.00593572744752341,HOG8-ML00-H1-GPS-GradientEstimation-Escape-Specialist-Polisher,Polisher,0.0055619789635886945
7529,0.005935401546645461,HOG8-ML01-H2-GPS-GradientEstimation-Escape-Specialist-Polisher,Polisher,0.005490495997831071
7540,0.0059351573743554945,HOG8-ML00-H1-GPS-GradientEstimation-Escape-Specialist-Polisher,Polisher,0.004113829334848525
7543,0.005934600536211445,HOG8-ML01-H2-GPS-GradientEstimation-Escape-Specialist-Polisher,Polisher,0.009382028292214213
7557,0.0059343880530403565,HOG8-ML00-H1-GPS-GradientEstimation-Escape-Specialist-Polisher,Polisher,0.0035804123595512757
7557,0.005933970809889729,HOG8-ML01-H2-GPS-GradientEstimation-Escape-Specialist-Polisher,Polisher,0.007030938100069533
7569,0.005933698865411893,HOG8-ML00-H1-GPS-GradientEstimation-Escape-Specialist-Polisher,Polisher,0.004582841516231583
7570,0.005933240101425194,HOG8-ML01-H2-GPS-GradientEstimation-Escape-Specialist-Polisher,Polisher,0.007731500992960605
7575,0.005932812031506691,HOG8-ML01-H2-GPS-GradientEstimation-Escape-Specialist-Polisher,Polisher,0.0072147749153084265
7586,0.005932620873985089,HOG8-ML00-H1-GPS-GradientEstimation-Escape-Specialist-Polisher,Polisher,0.003222039069963025
7588,0.005932046371328749,HOG8-ML01-H2-GPS-GradientEstimation-Escape-Specialist-Polisher,Polisher,0.009683791844159564
7596,0.005931949204869773,HOG8-ML00-H1-GPS-GradientEstimation-Escape-Specialist-Polisher,Polisher,0.001637992235625367
7601,0.005931361270216159,HOG8-ML01-H2-GPS-GradientEstimation-Escape-Specialist-Polisher,Polisher,0.009911323130198145
7609,0.005931271312096528,HOG8-ML00-H1-GPS-GradientEstimation-Escape-Specialist-Polisher,Polisher,0.001516652173628646
7611,0.005930773228013922,HOG8-ML01-H2-GPS-GradientEstimation-Escape-Specialist-Polisher,Polisher,0.00839759397939409
7619,0.0059307155706664885,HOG8-ML00-H1-GPS-GradientEstimation-Escape-Specialist-Polisher,Polisher,0.0009721725181034086
7627,0.005930302833078405,HOG8-ML01-H2-GPS-GradientEstimation-Escape-Specialist-Polisher,Polisher,0.00695932190922943
7640,0.005930215227822116,HOG8-ML00-H1-GPS-GradientEstimation-Escape-Specialist-Polisher,Polisher,0.0014772476002438174
7641,0.005929828730837168,HOG8-ML01-H2-GPS-GradientEstimation-Escape-Specialist-Polisher,Polisher,0.006517419184627435
7650,0.005929404617279082,HOG8-ML01-H2-GPS-GradientEstimation-Escape-Specialist-Polisher,Polisher,0.0071522058618783465
7661,0.005929234801511175,HOG8-ML01-H2-GPS-GradientEstimation-Escape-Specialist-Polisher,Polisher,0.0028639598554611877
7680,0.0059288277766894595,HOG8-ML01-H2-GPS-GradientEstimation-Escape-Specialist-Polisher,Polisher,0.006864710798974212
7689,0.005928509434737786,HOG8-ML01-H2-GPS-GradientEstimation-Escape-Specialist-Polisher,Polisher,0.005369391111767961
7700,0.005928063625647967,HOG8-ML01-H2-GPS-GradientEstimation-Escape-Specialist-Polisher,Polisher,0.007519750026985624
7710,0.005927546415615322,HOG8-ML01-H2-GPS-GradientEstimation-Escape-Specialist-Polisher,Polisher,0.008724771954326214
7720,0.005926962590112763,HOG8-ML01-H2-GPS-GradientEstimation-Escape-Specialist-Polisher,Polisher,0.009849361972448536
7730,0.005926469471325942,HOG8-ML01-H2-GPS-GradientEstimation-Escape-Specialist-Polisher,Polisher,0.0083199240643763
7741,0.00592640095787096,HOG8-ML02-H1-GPS-GradientEstimation-Escape-Specialist-Polisher,Polisher,0.0011560585153400857
7745,0.005925943242488106,HOG8-ML01-H2-GPS-GradientEstimation-Escape-Specialist-Polisher,Polisher,0.007723327971008517
7753,0.005925483588076169,HOG8-ML01-H2-GPS-GradientEstimation-Escape-Specialist-Polisher,Polisher,0.007756645535207142
7766,0.0059253817001224,HOG8-ML02-H1-GPS-GradientEstimation-Escape-Specialist-Polisher,Polisher,0.0017194875701675464
7766,0.0059248677668261324,HOG8-ML01-H2-GPS-GradientEstimation-Escape-Specialist-Polisher,Polisher,0.008673420925045871
7776,0.005924452838245657,HOG8-ML01-H2-GPS-GradientEstimation-Escape-Specialist-Polisher,Polisher,0.007003170312062522
7790,0.005923968162194651,HOG8-ML01-H2-GPS-GradientEstimation-Escape-Specialist-Polisher,Polisher,0.008180942008304435
7798,0.005923623137694604,HOG8-ML01-H2-GPS-GradientEstimation-Escape-Specialist-Polisher,Polisher,0.005824212598718984
7809,0.005923136540155435,HOG8-ML01-H2-GPS-GradientEstimation-Escape-Specialist-Polisher,Polisher,0.008214525601279669
7819,0.005922713771718632,HOG8-ML01-H2-GPS-GradientEstimation-Escape-Specialist-Polisher,Polisher,0.007137577091743569
7829,0.005922581403820517,HOG8-ML02-H1-GPS-GradientEstimation-Escape-Specialist-Polisher,Polisher,0.002234919721219579
7836,0.005922268639774814,HOG8-ML01-H2-GPS-GradientEstimation-Escape-Specialist-Polisher,Polisher,0.005280873733546755
7841,0.00592218545601667,HOG8-ML02-H1-GPS-GradientEstimation-Escape-Specialist-Polisher,Polisher,0.0014045927870612199
7843,0.005921863318169585,HOG8-ML01-H2-GPS-GradientEstimation-Escape-Specialist-Polisher,Polisher,0.005439509611399969
7854,0.005921487232095623,HOG8-ML01-H2-GPS-GradientEstimation-Escape-Specialist-Polisher,Polisher,0.00635080638906554
7865,0.005921360753292,HOG8-ML02-H1-GPS-GradientEstimation-Escape-Specialist-Polisher,Polisher,0.0021359296856631577
7865,0.005921048848193045,HOG8-ML01-H2-GPS-GradientEstimation-Escape-Specialist-Polisher,Polisher,0.005267456450461124
7874,0.005920994653506726,HOG8-ML02-H1-GPS-GradientEstimation-Escape-Specialist-Polisher,Polisher,0.0009152886204593277
7879,0.0059206765361451,HOG8-ML01-H2-GPS-GradientEstimation-Escape-Specialist-Polisher,Polisher,0.005372701382819859
7882,0.0058887083730886445,HOG8-ML04-H2-GPS-Sniper-Specialist-Exploiter,Exploiter,0.5399410500015248
7901,0.005887897202413395,HOG8-ML04-H2-GPS-Sniper-Specialist-Polisher,Polisher,0.013775018626442537
7911,0.005865914514812641,HOG8-ML04-H2-GPS-Sniper-Specialist-Refiner,Refiner,0.3733537941481552
7950,0.005857521908981017,HOG8-ML04-H2-GPS-Sniper-Specialist-Refiner,Refiner,0.14307412442562573
7961,0.005852447489426088,HOG8-ML04-H2-GPS-Sniper-Specialist-Refiner,Refiner,0.08663082501063361
7976,0.005851409966254931,HOG8-ML04-H2-GPS-Sniper-Specialist-Polisher,Polisher,0.01772802187515091
7990,0.00585109082220034,HOG8-ML04-H2-GPS-Sniper-Specialist-Polisher,Polisher,0.005454139368665606
8001,0.005843795367252809,HOG8-ML04-H2-GPS-Sniper-Specialist-Refiner,Refiner,0.12468538208038923
8016,0.00584029171081155,HOG8-ML04-H2-GPS-Sniper-Specialist-Refiner,Refiner,0.05995515279148783
8039,0.005840182321625094,HOG8-ML04-H2-GPS-Sniper-Specialist-Polisher,Polisher,0.0018730089501158183
8055,0.005838417241969947,HOG8-ML04-H2-GPS-Sniper-Specialist-Polisher,Polisher,0.030223023151370307
8065,0.005809810789950211,HOG8-ML04-H2-GPS-Sniper-Specialist-Refiner,Refiner,0.48996929876981876
8081,0.005800467462877268,HOG8-ML04-H2-GPS-Sniper-Specialist-Refiner,Refiner,0.16081981687088273
8100,0.005796585828914968,HOG8-ML04-H2-GPS-Sniper-Specialist-Refiner,Refiner,0.06691932998749366
8116,0.005782724997477985,HOG8-ML04-H2-GPS-Sniper-Specialist-Refiner,Refiner,0.23912061075402474
8129,0.005773919662547943,HOG8-ML04-H2-GPS-Sniper-Specialist-Refiner,Refiner,0.15226964681671787
8141,0.005773915343460714,HOG8-ML04-H2-GPS-Sniper-Specialist-Polisher,Polisher,7.480338282802435E-05
8147,0.005770633036324139,HOG8-ML04-H2-GPS-Sniper-Specialist-Refiner,Refiner,0.056847164208816074
8157,0.005764893385723018,HOG8-ML04-H2-GPS-Sniper-Specialist-Refiner,Refiner,0.09946310162146631
8181,0.005762823058063708,HOG8-ML04-H2-GPS-Sniper-Specialist-Polisher,Polisher,0.03591267905209437
8189,0.005762602952334065,HOG8-ML04-H2-GPS-Sniper-Specialist-Polisher,Polisher,0.0038194080821984913
8202,0.005761603182478365,HOG8-ML04-H2-GPS-Sniper-Specialist-Polisher,Polisher,0.01734927538770892
8211,0.005758371888593644,HOG8-ML04-H2-GPS-Sniper-Specialist-Refiner,Refiner,0.056083242500061796
8231,0.005747398660461065,HOG8-ML04-H2-GPS-Sniper-Specialist-Refiner,Refiner,0.19056129657612006
8245,0.005743377089907888,HOG8-ML04-H2-GPS-Sniper-Specialist-Refiner,Refiner,0.06997201326651821
8255,0.0057159984583604806,HOG8-ML04-H2-GPS-Sniper-Specialist-Refiner,Refiner,0.4766991809664744
8277,0.005713196240080387,HOG8-ML04-H2-GPS-Sniper-Specialist-Polisher,Polisher,0.04902412588993382
8295,0.005708616469800454,HOG8-ML04-H2-GPS-Sniper-Specialist-Refiner,Refiner,0.08016126328383384
8316,0.00570762067518598,HOG8-ML04-H2-GPS-Sniper-Specialist-Polisher,Polisher,0.017443711970179302
8322,0.0056956207978941555,HOG8-ML04-H2-GPS-Sniper-Specialist-Refiner,Refiner,0.210243076313645
8334,0.005671707488124015,HOG8-ML04-H2-GPS-Sniper-Specialist-Refiner,Refiner,0.4198543164773536
8349,0.005660126262092828,HOG8-ML04-H2-GPS-Sniper-Specialist-Refiner,Refiner,0.2041929358211233
8354,0.005659473195860159,HOG8-ML04-H2-GPS-Sniper-Specialist-Polisher,Polisher,0.011538015274376874
8376,0.00565730072717236,HOG8-ML04-H2-GPS-Sniper-Specialist-Polisher,Polisher,0.03838641181987955
8386,0.0056486041098451475,HOG8-ML04-H2-GPS-Sniper-Specialist-Refiner,Refiner,0.15372379420175208
8396,0.005632725761958743,HOG8-ML04-H2-GPS-Sniper-Specialist-Refiner,Refiner,0.2811021551099538
8405,0.005612686248761276,HOG8-ML04-H2-GPS-Sniper-Specialist-Refiner,Refiner,0.35576937426648114
8414,0.005607520386847397,HOG8-ML04-H2-GPS-Sniper-Specialist-Refiner,Refiner,0.09203902881652443
8425,0.005601428243759429,HOG8-ML04-H2-GPS-Sniper-Specialist-Refiner,Refiner,0.10864237073944365
8435,0.005590616495701064,HOG8-ML04-H2-GPS-Sniper-Specialist-Refiner,Refiner,0.19301770169795746
8450,0.005590310520905711,HOG8-ML04-H2-GPS-Sniper-Specialist-Polisher,Polisher,0.005473006341754053
8470,0.005550004870020505,HOG8-ML04-H2-GPS-Sniper-Specialist-Exploiter,Exploiter,0.7209912711374019
8496,0.005542093217993515,HOG8-ML04-H2-GPS-Sniper-Specialist-Refiner,Refiner,0.14255216368775303
8512,0.005540360823269917,HOG8-ML04-H2-GPS-Sniper-Specialist-Polisher,Polisher,0.03125885212420837
8531,0.0055351473778274705,HOG8-ML04-H2-GPS-Sniper-Specialist-Refiner,Refiner,0.09409938465649277
8541,0.005529251634161944,HOG8-ML04-H2-GPS-Sniper-Specialist-Refiner,Refiner,0.1065146646165811
8550,0.005518339280473421,HOG8-ML04-H2-GPS-Sniper-Specialist-Refiner,Refiner,0.1973567927547748
8563,0.0055180571068050984,HOG8-ML04-H2-GPS-Sniper-Specialist-Polisher,Polisher,0.005113380203372651
8570,0.00550802824590663,HOG8-ML04-H2-GPS-Sniper-Specialist-Refiner,Refiner,0.18174623249368735
8581,0.0055054300947281545,HOG8-ML04-H2-GPS-Sniper-Specialist-Polisher,Polisher,0.047170258801892136
8600,0.005501253257421738,HOG8-ML04-H2-GPS-Sniper-Specialist-Refiner,Refiner,0.07586759316799543
8621,0.00549404274814129,HOG8-ML04-H2-GPS-Sniper-Specialist-Refiner,Refiner,0.1310703024028303
8639,0.0054861890598053905,HOG8-ML04-H2-GPS-Sniper-Specialist-Refiner,Refiner,0.1429491668690798
8653,0.005474806706334129,HOG8-ML04-H2-GPS-Sniper-Specialist-Refiner,Refiner,0.20747286225796702
8665,0.0054606877558112405,HOG8-ML04-H2-GPS-Sniper-Specialist-Refiner,Refiner,0.2578894795783976
8692,0.0054466385198629,HOG8-ML04-H2-GPS-Sniper-Specialist-Refiner,Refiner,0.2572796060970356
8702,0.0054427767392842274,HOG8-ML04-H2-GPS-Sniper-Specialist-Refiner,Refiner,0.07090209061221223
8712,0.005434250543715947,HOG8-ML04-H2-GPS-Sniper-Specialist-Refiner,Refiner,0.1566515765149979
8726,0.005408678995410301,HOG8-ML04-H2-GPS-Sniper-Specialist-Refiner,Refiner,0.4705625568776241
8746,0.005392805326221168,HOG8-ML04-H2-GPS-Sniper-Specialist-Refiner,Refiner,0.2934851412443493
8757,0.00537283179656641,HOG8-ML04-H2-GPS-Sniper-Specialist-Refiner,Refiner,0.3703736450051635
8775,0.005354443002117038,HOG8-ML04-H2-GPS-Sniper-Specialist-Refiner,Refiner,0.34225516721226296
8787,0.00530130699212366,HOG8-ML04-H2-GPS-Sniper-Specialist-Exploiter,Exploiter,0.9923723153345597
8796,0.005298654319884,HOG8-ML04-H2-GPS-Sniper-Specialist-Refiner,Refiner,0.05003808011119957
8816,0.005261759912142153,HOG8-ML04-H2-GPS-Sniper-Specialist-Exploiter,Exploiter,0.696297692102604
8826,0.005252184323815465,HOG8-ML04-H2-GPS-Sniper-Specialist-Refiner,Refiner,0.1819845163324776
8856,0.005240513096077626,HOG8-ML04-H2-GPS-Sniper-Specialist-Refiner,Refiner,0.22221664393834453
8864,0.005237707710508298,HOG8-ML04-H2-GPS-Sniper-Specialist-Refiner,Refiner,0.05353265067551827
8877,0.005229345072014129,HOG8-ML04-H2-GPS-Sniper-Specialist-Refiner,Refiner,0.15966218346609318
8891,0.005222828032865305,HOG8-ML04-H2-GPS-Sniper-Specialist-Refiner,Refiner,0.12462438525430869
8920,0.005222713890697822,HOG8-ML04-H2-GPS-Sniper-Specialist-Polisher,Polisher,0.0021854475537819123
8931,0.005218062314790872,HOG8-ML04-H2-GPS-Sniper-Specialist-Refiner,Refiner,0.08906434478892551
8939,0.005213614422818061,HOG8-ML04-H2-GPS-Sniper-Specialist-Refiner,Refiner,0.08524030002867612
8950,0.0051937235872803866,HOG8-ML04-H2-GPS-Sniper-Specialist-Refiner,Refiner,0.38151719564491865
8961,0.005193621144354339,HOG8-ML04-H2-GPS-Sniper-Specialist-Polisher,Polisher,0.001972437006435542
8969,0.0051913036698181,HOG8-ML04-H2-GPS-Sniper-Specialist-Polisher,Polisher,0.044621555400867506
8981,0.005176135163347728,HOG8-ML04-H2-GPS-Sniper-Specialist-Refiner,Refiner,0.2921906988134931
8991,0.005166878419957824,HOG8-ML04-H2-GPS-Sniper-Specialist-Refiner,Refiner,0.17883504000147796
9011,0.005162854099241056,HOG8-ML04-H2-GPS-Sniper-Specialist-Refiner,Refiner,0.07788688623335437
9021,0.005162292059283449,HOG8-ML04-H2-GPS-Sniper-Specialist-Polisher,Polisher,0.01088622585110911
9037,0.00514893168531644,HOG8-ML04-H2-GPS-Sniper-Specialist-Refiner,Refiner,0.258807014666741
9051,0.005148925877265783,HOG8-ML04-H2-GPS-Sniper-Specialist-Polisher,Polisher,0.00011280108208275403
9062,0.005148310069025833,HOG8-ML04-H2-GPS-Sniper-Specialist-Polisher,Polisher,0.011959936006626334
9075,0.005133056223419799,HOG8-ML04-H2-GPS-Sniper-Specialist-Refiner,Refiner,0.29628840146609475
9104,0.005128536525197529,HOG8-ML04-H2-GPS-Sniper-Specialist-Refiner,Refiner,0.08805082246417466
9126,0.005128428141002471,HOG8-ML04-H2-GPS-Sniper-Specialist-Polisher,Polisher,0.0021133552335173647
9135,0.005128194381223917,HOG8-ML04-H2-GPS-Sniper-Specialist-Polisher,Polisher,0.004558117460689829
9149,0.0051213741974915385,HOG8-ML04-H2-GPS-Sniper-Specialist-Refiner,Refiner,0.13299386149147488
9171,0.005118767674385387,HOG8-ML04-H2-GPS-Sniper-Specialist-Refiner,Refiner,0.05089499430501372
9201,0.005110286793475163,HOG8-ML04-H2-GPS-Sniper-Specialist-Refiner,Refiner,0.1656820830658691
9212,0.005108134809430215,HOG8-ML04-H2-GPS-Sniper-Specialist-Polisher,Polisher,0.042110827276765295
9261,0.005105227247677983,HOG8-ML04-H2-GPS-Sniper-Specialist-Refiner,Refiner,0.056920223539610085
9271,0.005096664672778089,HOG8-ML04-H2-GPS-Sniper-Specialist-Refiner,Refiner,0.16772171902412367
9281,0.00509626244936417,HOG8-ML04-H2-GPS-Sniper-Specialist-Polisher,Polisher,0.007891894792837263
9316,0.005092989896949738,HOG8-ML04-H2-GPS-Sniper-Specialist-Refiner,Refiner,0.06421475438025268
9344,0.005090088597861876,HOG8-ML04-H2-GPS-Sniper-Specialist-Refiner,Refiner,0.05696651959980016
9366,0.005080996242412375,HOG8-ML04-H2-GPS-Sniper-Specialist-Refiner,Refiner,0.17862862845492197
9386,0.005065640700534448,HOG8-ML04-H2-GPS-Sniper-Specialist-Refiner,Refiner,0.3022151787822696
9395,0.005063792991991105,HOG8-ML04-H2-GPS-Sniper-Specialist-Polisher,Polisher,0.0364753177845423
9415,0.005057342299122864,HOG8-ML04-H2-GPS-Sniper-Specialist-Refiner,Refiner,0.12738855791386722
9427,0.005042109970744959,HOG8-ML04-H2-GPS-Sniper-Specialist-Refiner,Refiner,0.3011923551337831
9447,0.0050398869632046405,HOG8-ML04-H2-GPS-Sniper-Specialist-Polisher,Polisher,0.04408883489682663
9460,0.005009900966844184,HOG8-ML04-H2-GPS-Sniper-Specialist-Exploiter,Exploiter,0.5949735892764901
9465,0.005003489021760801,HOG8-ML04-H2-GPS-Sniper-Specialist-Refiner,Refiner,0.12798546569717198
9478,0.005000163742328711,HOG8-ML04-H2-GPS-Sniper-Specialist-Refiner,Refiner,0.06645921311365847
9491,0.004991198657385473,HOG8-ML04-H2-GPS-Sniper-Specialist-Refiner,Refiner,0.17929582720150267
9522,0.0049846863362169,HOG8-ML04-H2-GPS-Sniper-Specialist-Refiner,Refiner,0.13047609633682977
9531,0.004984137906852088,HOG8-ML04-H2-GPS-Sniper-Specialist-Polisher,Polisher,0.011002284352931817
9542,0.0049611800591166395,HOG8-ML04-H2-GPS-Sniper-Specialist-Refiner,Refiner,0.4606182285583707
9576,0.004958209822014404,HOG8-ML04-H2-GPS-Sniper-Specialist-Refiner,Refiner,0.05986956866798316
9584,0.004957328020132633,HOG8-ML04-H2-GPS-Sniper-Specialist-Polisher,Polisher,0.017784682646066745
9595,0.004956538754754353,HOG8-ML04-H2-GPS-Sniper-Specialist-Polisher,Polisher,0.015921185265024475
9605,0.004938639438253478,HOG8-ML04-H2-GPS-Sniper-Specialist-Refiner,Refiner,0.3611253212477327
9615,0.004938125862155378,HOG8-ML04-H2-GPS-Sniper-Specialist-Polisher,Polisher,0.010399141393507616
9636,0.004932597275336085,HOG8-ML04-H2-GPS-Sniper-Specialist-Refiner,Refiner,0.1119571872734733
9656,0.004926696809628735,HOG8-ML04-H2-GPS-Sniper-Specialist-Refiner,Refiner,0.11962188230637402
9685,0.00491947787238947,HOG8-ML04-H2-GPS-Sniper-Specialist-Refiner,Refiner,0.14652692297111694
9698,0.004908887323840804,HOG8-ML04-H2-GPS-Sniper-Specialist-Refiner,Refiner,0.21527789784573453
9746,0.004904211119538875,HOG8-ML04-H2-GPS-Sniper-Specialist-Refiner,Refiner,0.0952599640904012
9765,0.004902325563055296,HOG8-ML04-H2-GPS-Sniper-Specialist-Polisher,Polisher,0.03844770214044555
9776,0.004898448385031258,HOG8-ML04-H2-GPS-Sniper-Specialist-Refiner,Refiner,0.07908854632700452
9821,0.004898202427426518,HOG8-ML04-H2-GPS-Sniper-Specialist-Polisher,Polisher,0.005021132926340013
9830,0.004896335921050943,HOG8-ML04-H2-GPS-Sniper-Specialist-Polisher,Polisher,0.03810594607367983
9851,0.004888344032694221,HOG8-ML04-H2-GPS-Sniper-Specialist-Refiner,Refiner,0.1632218149568207
9870,0.004884302844615381,HOG8-ML04-H2-GPS-Sniper-Specialist-Refiner,Refiner,0.08266987862988617
9891,0.004875784805311849,HOG8-ML04-H2-GPS-Sniper-Specialist-Refiner,Refiner,0.1743962152740614
9899,0.004866945430507186,HOG8-ML04-H2-GPS-Sniper-Specialist-Refiner,Refiner,0.18129132350207805
9911,0.0048480016783818,HOG8-ML04-H2-GPS-Sniper-Specialist-Refiner,Refiner,0.389232885305059
9926,0.004842244753155727,HOG8-ML04-H2-GPS-Sniper-Specialist-Refiner,Refiner,0.1187484165227108
9957,0.004837679625949471,HOG8-ML04-H2-GPS-Sniper-Specialist-Refiner,Refiner,0.09427708509117792
9967,0.004836766873273241,HOG8-ML04-H2-GPS-Sniper-Specialist-Polisher,Polisher,0.018867571786563737
9988,0.004834908994165503,HOG8-ML04-H2-GPS-Sniper-Specialist-Polisher,Polisher,0.038411590974215475
10004,0.0048306362294576344,HOG8-ML04-H2-GPS-Sniper-Specialist-Refiner,Refiner,0.0883732188759875
10015,0.004828032817599247,HOG8-ML04-H2-GPS-Sniper-Specialist-Refiner,Refiner,0.05389376750232822
10020,0.0047959618641461674,HOG8-ML04-H2-GPS-Sniper-Specialist-Exploiter,Exploiter,0.6642654402881056
10031,0.004777205446259957,HOG8-ML04-H2-GPS-Sniper-Specialist-Refiner,Refiner,0.3910877195757288
10041,0.0047508761060145975,HOG8-ML04-H2-GPS-Sniper-Specialist-Exploiter,Exploiter,0.5511452363006943
10000,0.0047508761060145975,Final,Final,0
