TimeMs,BestQuality,Source,Role,DeltaPct
6,708176.2359087092,HOG8-ML02-H1-GPS-GradientEstimation-Escape-Specialist-Global Explorer,Global Explorer,100
17,652738.9950665275,HOG8-ML06-H1-GPS-Spray-Specialist-Local Explorer,Local Explorer,7.8281701688346566
17,617087.3795463745,HOG8-ML05-H2-GPS-JADE-Specialist-Local Explorer,Local Explorer,5.461848578009244
19,63104.294845740944,HOG8-ML01-H2-GPS-GradientEstimation-Escape-Specialist-Global Explorer,Global Explorer,89.77384776656277
21,346.0035075810645,HOG8-ML00-H2-GPS-GradientEstimation-Escape-Specialist-Global Explorer,Global Explorer,99.45169578643281
31,25.79320059194125,HOG8-ML00-H1-GPS-GradientEstimation-Escape-Specialist-Global Explorer,Global Explorer,92.54539331919975
38,25.075086696958557,HOG8-ML00-H1-GPS-GradientEstimation-Escape-Specialist-Exploiter,Exploiter,2.7841209252916768
50,24.592731250981412,HOG8-ML00-H1-GPS-GradientEstimation-Escape-Specialist-Exploiter,Exploiter,1.9236441804033788
61,24.157695618905457,HOG8-ML00-H1-GPS-GradientEstimation-Escape-Specialist-Exploiter,Exploiter,1.7689602168876397
72,23.91356397552096,HOG8-ML00-H1-GPS-GradientEstimation-Escape-Specialist-Exploiter,Exploiter,1.010575045052896
88,23.871113351822395,HOG8-ML00-H1-GPS-GradientEstimation-Escape-Specialist-Refiner,Refiner,0.1775169261345634
88,23.629112124758528,HOG8-ML00-H1-GPS-GradientEstimation-Escape-Specialist-Exploiter,Exploiter,1.0137827402398532
98,23.44966974592831,HOG8-ML00-H1-GPS-GradientEstimation-Escape-Specialist-Exploiter,Exploiter,0.7594122787296673
106,23.17391961214212,HOG8-ML00-H1-GPS-GradientEstimation-Escape-Specialist-Exploiter,Exploiter,1.175923314800924
117,22.929290232471867,HOG8-ML00-H1-GPS-GradientEstimation-Escape-Specialist-Exploiter,Exploiter,1.055623665588617
127,22.810188541494348,HOG8-ML00-H1-GPS-GradientEstimation-Escape-Specialist-Exploiter,Exploiter,0.5194303433293831
127,22.70346343402176,HOG8-ML00-H1-GPS-GradientEstimation-Escape-Specialist-Refiner,Refiner,0.467883495475905
135,22.556189217548898,HOG8-ML00-H1-GPS-GradientEstimation-Escape-Specialist-Exploiter,Exploiter,0.6486861218371104
138,22.51287630478382,HOG8-ML00-H1-GPS-GradientEstimation-Escape-Specialist-Refiner,Refiner,0.19202229750484706
141,22.469230380642305,HOG8-ML02-H2-GPS-GradientEstimation-Escape-Specialist-Refiner,Refiner,0.19387093657259863
147,22.274477585678767,HOG8-ML00-H1-GPS-GradientEstimation-Escape-Specialist-Exploiter,Exploiter,0.8667532962380473
151,22.249101418213098,HOG8-ML00-H1-GPS-GradientEstimation-Escape-Specialist-Refiner,Refiner,0.11392486027140247
151,22.216968289619686,HOG8-ML02-H2-GPS-GradientEstimation-Escape-Specialist-Refiner,Refiner,0.14442438815577194
161,22.003669726933754,HOG8-ML00-H1-GPS-GradientEstimation-Escape-Specialist-Exploiter,Exploiter,0.9600705186476318
161,21.97521130135603,HOG8-ML02-H2-GPS-GradientEstimation-Escape-Specialist-Refiner,Refiner,0.12933490609018716
170,21.771594264997667,HOG8-ML00-H1-GPS-GradientEstimation-Escape-Specialist-Exploiter,Exploiter,0.9265760113341813
172,21.732279367069165,HOG8-ML02-H2-GPS-GradientEstimation-Escape-Specialist-Refiner,Refiner,0.18057886551610555
181,21.547665141190194,HOG8-ML00-H1-GPS-GradientEstimation-Escape-Specialist-Exploiter,Exploiter,0.8494931560594406
188,21.456460252160657,HOG8-ML02-H2-GPS-GradientEstimation-Escape-Specialist-Refiner,Refiner,0.42327040276485217
190,21.301346415638605,HOG8-ML00-H1-GPS-GradientEstimation-Escape-Specialist-Exploiter,Exploiter,0.7229237008300649
196,21.26150645727163,HOG8-ML02-H2-GPS-GradientEstimation-Escape-Specialist-Refiner,Refiner,0.1870302355053332
208,21.25007802810625,HOG8-ML00-H1-GPS-GradientEstimation-Escape-Specialist-Refiner,Refiner,0.05375173762192367
208,21.103533090586648,HOG8-ML00-H1-GPS-GradientEstimation-Escape-Specialist-Exploiter,Exploiter,0.6896207031605892
208,21.079616483194012,HOG8-ML02-H2-GPS-GradientEstimation-Escape-Specialist-Refiner,Refiner,0.11332987367553024
214,21.05440316273135,HOG8-ML00-H1-GPS-GradientEstimation-Escape-Specialist-Refiner,Refiner,0.11960995819237652
217,20.83191343417312,HOG8-ML00-H1-GPS-GradientEstimation-Escape-Specialist-Exploiter,Exploiter,1.0567372859662052
217,20.796155176494562,HOG8-ML02-H2-GPS-GradientEstimation-Escape-Specialist-Refiner,Refiner,0.1716513357812839
225,20.602652609114443,HOG8-ML00-H1-GPS-GradientEstimation-Escape-Specialist-Exploiter,Exploiter,0.9304728000819604
227,20.527872873119474,HOG8-ML02-H2-GPS-GradientEstimation-Escape-Specialist-Refiner,Refiner,0.36296168951510355
237,20.335626290924985,HOG8-ML00-H1-GPS-GradientEstimation-Escape-Specialist-Exploiter,Exploiter,0.936514871183897
237,20.260713990841793,HOG8-ML02-H2-GPS-GradientEstimation-Escape-Specialist-Refiner,Refiner,0.36837960636905487
248,20.06466951932212,HOG8-ML00-H1-GPS-GradientEstimation-Escape-Specialist-Exploiter,Exploiter,0.9676088987203967
248,20.03909749364529,HOG8-ML02-H2-GPS-GradientEstimation-Escape-Specialist-Refiner,Refiner,0.1274480282478825
258,19.771285246293242,HOG8-ML02-H2-GPS-GradientEstimation-Escape-Specialist-Exploiter,Exploiter,1.3364486471358048
270,19.557567717593376,HOG8-ML02-H2-GPS-GradientEstimation-Escape-Specialist-Exploiter,Exploiter,1.0809490937870874
281,19.399368462808777,HOG8-ML00-H1-GPS-GradientEstimation-Escape-Specialist-Exploiter,Exploiter,0.8088902314897133
281,19.34279156859441,HOG8-ML02-H2-GPS-GradientEstimation-Escape-Specialist-Refiner,Refiner,0.29164296932053163
290,19.177908264871075,HOG8-ML00-H1-GPS-GradientEstimation-Escape-Specialist-Exploiter,Exploiter,0.8524276505726602
293,19.105233062662567,HOG8-ML02-H2-GPS-GradientEstimation-Escape-Specialist-Refiner,Refiner,0.378952705398169
302,18.965199468649725,HOG8-ML00-H1-GPS-GradientEstimation-Escape-Specialist-Exploiter,Exploiter,0.732959360158289
302,18.889520611406535,HOG8-ML02-H2-GPS-GradientEstimation-Escape-Specialist-Refiner,Refiner,0.39904066059674437
317,18.733704859156862,HOG8-ML00-H1-GPS-GradientEstimation-Escape-Specialist-Exploiter,Exploiter,0.8248793363002693
317,18.69421910965988,HOG8-ML02-H2-GPS-GradientEstimation-Escape-Specialist-Refiner,Refiner,0.21077384208752717
328,18.476837448335505,HOG8-ML00-H1-GPS-GradientEstimation-Escape-Specialist-Exploiter,Exploiter,1.1628282521415758
328,18.443416952222805,HOG8-ML02-H2-GPS-GradientEstimation-Escape-Specialist-Refiner,Refiner,0.18087779473164875
339,18.21869480757647,HOG8-ML00-H1-GPS-GradientEstimation-Escape-Specialist-Exploiter,Exploiter,1.2184409495728072
339,18.190493339685702,HOG8-ML02-H2-GPS-GradientEstimation-Escape-Specialist-Refiner,Refiner,0.15479411773800192
348,17.978198311072322,HOG8-ML02-H2-GPS-GradientEstimation-Escape-Specialist-Exploiter,Exploiter,1.1670658109652314
352,17.965698727908052,HOG8-ML00-H1-GPS-GradientEstimation-Escape-Specialist-Refiner,Refiner,0.06952633933608635
361,17.74216806776364,HOG8-ML00-H1-GPS-GradientEstimation-Escape-Specialist-Exploiter,Exploiter,1.2442079961920882
370,17.5655872556765,HOG8-ML02-H2-GPS-GradientEstimation-Escape-Specialist-Exploiter,Exploiter,0.9952606209833745
373,17.563401259137223,HOG8-ML00-H1-GPS-GradientEstimation-Escape-Specialist-Polisher,Polisher,0.012444767757890399
381,17.32454212894797,HOG8-ML02-H2-GPS-GradientEstimation-Escape-Specialist-Exploiter,Exploiter,1.359982196301451
387,17.2745510423221,HOG8-ML00-H1-GPS-GradientEstimation-Escape-Specialist-Refiner,Refiner,0.28855646662281365
393,17.022806055849546,HOG8-ML00-H1-GPS-GradientEstimation-Escape-Specialist-Exploiter,Exploiter,1.457317101068415
403,16.844976326911855,HOG8-ML02-H2-GPS-GradientEstimation-Escape-Specialist-Exploiter,Exploiter,1.04465578914696
405,16.81075116282709,HOG8-ML00-H1-GPS-GradientEstimation-Escape-Specialist-Refiner,Refiner,0.2031772762428144
419,16.593209676936002,HOG8-ML00-H1-GPS-GradientEstimation-Escape-Specialist-Exploiter,Exploiter,1.294061661992396
428,16.41311498517083,HOG8-ML00-H1-GPS-GradientEstimation-Escape-Specialist-Exploiter,Exploiter,1.085351750936403
436,16.16330363819643,HOG8-ML00-H1-GPS-GradientEstimation-Escape-Specialist-Exploiter,Exploiter,1.522022767768948
447,15.952304274492006,HOG8-ML02-H2-GPS-GradientEstimation-Escape-Specialist-Exploiter,Exploiter,1.3054222603713335
457,15.73948208052335,HOG8-ML02-H2-GPS-GradientEstimation-Escape-Specialist-Exploiter,Exploiter,1.3341156882831127
460,15.69486923772326,HOG8-ML00-H1-GPS-GradientEstimation-Escape-Specialist-Refiner,Refiner,0.28344543087155144
466,15.531634294950317,HOG8-ML02-H2-GPS-GradientEstimation-Escape-Specialist-Exploiter,Exploiter,1.0400529007314154
472,15.484025450233785,HOG8-ML00-H1-GPS-GradientEstimation-Escape-Specialist-Refiner,Refiner,0.3065282365810687
478,15.30819408991871,HOG8-ML02-H2-GPS-GradientEstimation-Escape-Specialist-Exploiter,Exploiter,1.1355662058306761
481,15.27164492907315,HOG8-ML00-H1-GPS-GradientEstimation-Escape-Specialist-Refiner,Refiner,0.23875553596246576
487,15.058635244735203,HOG8-ML02-H2-GPS-GradientEstimation-Escape-Specialist-Exploiter,Exploiter,1.394805113183532
490,15.024618432514476,HOG8-ML00-H1-GPS-GradientEstimation-Escape-Specialist-Refiner,Refiner,0.22589571809052442
497,14.845418640077979,HOG8-ML02-H2-GPS-GradientEstimation-Escape-Specialist-Exploiter,Exploiter,1.1927077765162724
503,14.768419051934913,HOG8-ML00-H1-GPS-GradientEstimation-Escape-Specialist-Exploiter,Exploiter,0.518675761256007
511,14.642175739004466,HOG8-ML02-H2-GPS-GradientEstimation-Escape-Specialist-Exploiter,Exploiter,0.8548194121963688
520,14.520757043209786,HOG8-ML00-H1-GPS-GradientEstimation-Escape-Specialist-Exploiter,Exploiter,0.8292394379015706
520,14.453995609680131,HOG8-ML02-H2-GPS-GradientEstimation-Escape-Specialist-Refiner,Refiner,0.45976551588178755
531,14.27483330030968,HOG8-ML00-H1-GPS-GradientEstimation-Escape-Specialist-Exploiter,Exploiter,1.239534826276426
532,14.204877583905937,HOG8-ML02-H2-GPS-GradientEstimation-Escape-Specialist-Refiner,Refiner,0.4900632808246245
540,14.062810042359226,HOG8-ML00-H1-GPS-GradientEstimation-Escape-Specialist-Exploiter,Exploiter,1.0001321074929392
543,13.998509013598136,HOG8-ML02-H2-GPS-GradientEstimation-Escape-Specialist-Refiner,Refiner,0.457241679062761
552,13.891053984516061,HOG8-ML00-H1-GPS-GradientEstimation-Escape-Specialist-Exploiter,Exploiter,0.7676176725513666
556,13.821187128864068,HOG8-ML02-H2-GPS-GradientEstimation-Escape-Specialist-Exploiter,Exploiter,0.5029629553658886
568,13.643858311889739,HOG8-ML00-H1-GPS-GradientEstimation-Escape-Specialist-Exploiter,Exploiter,1.2830216053149082
568,13.574988213342946,HOG8-ML02-H2-GPS-GradientEstimation-Escape-Specialist-Exploiter,Exploiter,0.5047699629567148
577,13.427482969669532,HOG8-ML00-H1-GPS-GradientEstimation-Escape-Specialist-Exploiter,Exploiter,1.0865957403073887
577,13.319526039686991,HOG8-ML02-H2-GPS-GradientEstimation-Escape-Specialist-Exploiter,Exploiter,0.8039997535383018
586,13.253214061391311,HOG8-ML00-H1-GPS-GradientEstimation-Escape-Specialist-Refiner,Refiner,0.49785538988471495
590,13.077037737051839,HOG8-ML02-H2-GPS-GradientEstimation-Escape-Specialist-Exploiter,Exploiter,1.3293101848607556
600,12.938201055539805,HOG8-ML02-H2-GPS-GradientEstimation-Escape-Specialist-Exploiter,Exploiter,1.061682961414578
607,12.857046791425974,HOG8-ML00-H1-GPS-GradientEstimation-Escape-Specialist-Exploiter,Exploiter,0.627245347057602
610,12.693328253209518,HOG8-ML02-H2-GPS-GradientEstimation-Escape-Specialist-Exploiter,Exploiter,1.2733759227323902
618,12.620677398702721,HOG8-ML00-H1-GPS-GradientEstimation-Escape-Specialist-Exploiter,Exploiter,0.5723546500771173
625,12.513988438245498,HOG8-ML02-H2-GPS-GradientEstimation-Escape-Specialist-Exploiter,Exploiter,0.8453505076374882
633,12.440073617211763,HOG8-ML00-H1-GPS-GradientEstimation-Escape-Specialist-Exploiter,Exploiter,0.5906575781054387
633,12.303055055456918,HOG8-ML02-H2-GPS-GradientEstimation-Escape-Specialist-Exploiter,Exploiter,1.1014288658651457
650,12.231513655601393,HOG8-ML00-H1-GPS-GradientEstimation-Escape-Specialist-Exploiter,Exploiter,0.5814929668529196
650,12.19306621379138,HOG8-ML02-H2-GPS-GradientEstimation-Escape-Specialist-Refiner,Refiner,0.31433102143010005
667,12.127757190204374,HOG8-ML00-H1-GPS-GradientEstimation-Escape-Specialist-Exploiter,Exploiter,0.5356242838502372
667,12.096797148442876,HOG8-ML02-H2-GPS-GradientEstimation-Escape-Specialist-Refiner,Refiner,0.255282500102362
677,11.948179406294368,HOG8-ML02-H2-GPS-GradientEstimation-Escape-Specialist-Exploiter,Exploiter,1.228571003752329
687,11.765200603502018,HOG8-ML00-H1-GPS-GradientEstimation-Escape-Specialist-Exploiter,Exploiter,1.531436686462508
687,11.699969261737124,HOG8-ML02-H2-GPS-GradientEstimation-Escape-Specialist-Exploiter,Exploiter,0.5544430899501852
698,11.559463551915867,HOG8-ML00-H1-GPS-GradientEstimation-Escape-Specialist-Exploiter,Exploiter,1.2009066577701055
698,11.490783663735996,HOG8-ML02-H2-GPS-GradientEstimation-Escape-Specialist-Exploiter,Exploiter,0.5941442513436315
708,11.352540950036675,HOG8-ML00-H1-GPS-GradientEstimation-Escape-Specialist-Exploiter,Exploiter,1.203074722706728
710,11.285008862725315,HOG8-ML02-H2-GPS-GradientEstimation-Escape-Specialist-Exploiter,Exploiter,0.5948631906158566
720,11.108020188468391,HOG8-ML00-H1-GPS-GradientEstimation-Escape-Specialist-Exploiter,Exploiter,1.5683521068514363
723,11.03812595106253,HOG8-ML02-H2-GPS-GradientEstimation-Escape-Specialist-Exploiter,Exploiter,0.6292231758673009
731,10.891559302023861,HOG8-ML00-H1-GPS-GradientEstimation-Escape-Specialist-Exploiter,Exploiter,1.3278218575188447
733,10.825045644000227,HOG8-ML02-H2-GPS-GradientEstimation-Escape-Specialist-Exploiter,Exploiter,0.6106899497051334
740,10.68307456802303,HOG8-ML00-H1-GPS-GradientEstimation-Escape-Specialist-Exploiter,Exploiter,1.311505564467373
747,10.611788865564431,HOG8-ML02-H2-GPS-GradientEstimation-Escape-Specialist-Exploiter,Exploiter,0.6672770278321777
752,10.437866815951173,HOG8-ML00-H1-GPS-GradientEstimation-Escape-Specialist-Exploiter,Exploiter,1.6389512816038085
757,10.371005685516662,HOG8-ML02-H2-GPS-GradientEstimation-Escape-Specialist-Exploiter,Exploiter,0.6405631688299879
762,10.230106408613421,HOG8-ML00-H1-GPS-GradientEstimation-Escape-Specialist-Exploiter,Exploiter,1.3585883681464934
767,10.159918574725435,HOG8-ML02-H2-GPS-GradientEstimation-Escape-Specialist-Exploiter,Exploiter,0.686090946511475
772,10.027237556675646,HOG8-ML00-H1-GPS-GradientEstimation-Escape-Specialist-Exploiter,Exploiter,1.305925998067112
780,9.956366879564515,HOG8-ML02-H2-GPS-GradientEstimation-Escape-Specialist-Exploiter,Exploiter,0.7067816705304711
787,9.877289630792333,HOG8-ML00-H1-GPS-GradientEstimation-Escape-Specialist-Exploiter,Exploiter,0.7942379959349204
787,9.807835970693022,HOG8-ML02-H2-GPS-GradientEstimation-Escape-Specialist-Exploiter,Exploiter,0.7031651667152744
796,9.628759317799638,HOG8-ML00-H1-GPS-GradientEstimation-Escape-Specialist-Exploiter,Exploiter,1.8258528530502176
798,9.567407601949908,HOG8-ML02-H2-GPS-GradientEstimation-Escape-Specialist-Exploiter,Exploiter,0.6371715589184542
808,9.420803513004373,HOG8-ML00-H1-GPS-GradientEstimation-Escape-Specialist-Exploiter,Exploiter,1.532328244441643
808,9.323482585261635,HOG8-ML02-H2-GPS-GradientEstimation-Escape-Specialist-Exploiter,Exploiter,1.0330427506358333
817,9.214537501836107,HOG8-ML00-H1-GPS-GradientEstimation-Escape-Specialist-Exploiter,Exploiter,1.1685020316093708
820,9.080484664651385,HOG8-ML02-H2-GPS-GradientEstimation-Escape-Specialist-Exploiter,Exploiter,1.4547972392321418
826,8.964820009466928,HOG8-ML00-H1-GPS-GradientEstimation-Escape-Specialist-Exploiter,Exploiter,1.2737718244789
830,8.863587202107633,HOG8-ML02-H2-GPS-GradientEstimation-Escape-Specialist-Exploiter,Exploiter,1.1292229766174076
837,8.757661855695256,HOG8-ML00-H1-GPS-GradientEstimation-Escape-Specialist-Exploiter,Exploiter,1.195061818618872
840,8.617664378488723,HOG8-ML02-H2-GPS-GradientEstimation-Escape-Specialist-Exploiter,Exploiter,1.598571393978752
847,8.514500896784261,HOG8-ML00-H1-GPS-GradientEstimation-Escape-Specialist-Exploiter,Exploiter,1.1971164943714518
852,8.390862845057292,HOG8-ML02-H2-GPS-GradientEstimation-Escape-Specialist-Exploiter,Exploiter,1.4520880698205625
856,8.299375317190366,HOG8-ML00-H1-GPS-GradientEstimation-Escape-Specialist-Exploiter,Exploiter,1.0903232427499103
863,8.166260380164754,HOG8-ML02-H2-GPS-GradientEstimation-Escape-Specialist-Exploiter,Exploiter,1.6039151374428486
867,8.1274112833688,HOG8-ML00-H1-GPS-GradientEstimation-Escape-Specialist-Refiner,Refiner,0.4757268931849759
878,7.951992201588498,HOG8-ML00-H1-GPS-GradientEstimation-Escape-Specialist-Exploiter,Exploiter,2.1583635386985387
887,7.760920144198843,HOG8-ML02-H2-GPS-GradientEstimation-Escape-Specialist-Exploiter,Exploiter,2.402819979520179
888,7.749884502191659,HOG8-ML00-H1-GPS-GradientEstimation-Escape-Specialist-Refiner,Refiner,0.14219502072100232
897,7.5026475443548275,HOG8-ML02-H2-GPS-GradientEstimation-Escape-Specialist-Exploiter,Exploiter,3.190201838064979
908,7.257162423020068,HOG8-ML02-H2-GPS-GradientEstimation-Escape-Specialist-Exploiter,Exploiter,3.271979922866941
919,7.04684203401735,HOG8-ML02-H2-GPS-GradientEstimation-Escape-Specialist-Exploiter,Exploiter,2.898107782947946
931,6.871732323699287,HOG8-ML02-H2-GPS-GradientEstimation-Escape-Specialist-Exploiter,Exploiter,2.4849387778632286
932,6.838498633401144,HOG8-ML00-H1-GPS-GradientEstimation-Escape-Specialist-Refiner,Refiner,0.483628999685067
940,6.666154656632899,HOG8-ML02-H2-GPS-GradientEstimation-Escape-Specialist-Exploiter,Exploiter,2.520201962554606
946,6.591069249311678,HOG8-ML00-H1-GPS-GradientEstimation-Escape-Specialist-Exploiter,Exploiter,1.1263676165465197
953,6.415743144909531,HOG8-ML02-H2-GPS-GradientEstimation-Escape-Specialist-Exploiter,Exploiter,2.6600555656497953
958,6.389138315730449,HOG8-ML00-H1-GPS-GradientEstimation-Escape-Specialist-Refiner,Refiner,0.4146803975497502
963,6.211069463622799,HOG8-ML02-H2-GPS-GradientEstimation-Escape-Specialist-Exploiter,Exploiter,2.787055833010118
967,6.2089466598396745,HOG8-ML00-H1-GPS-GradientEstimation-Escape-Specialist-Polisher,Polisher,0.03417774983128702
972,6.035635645125696,HOG8-ML02-H2-GPS-GradientEstimation-Escape-Specialist-Exploiter,Exploiter,2.79131105820216
976,5.991026004152405,HOG8-ML00-H1-GPS-GradientEstimation-Escape-Specialist-Exploiter,Exploiter,0.7391042732892098
987,5.8250517997002005,HOG8-ML00-H1-GPS-GradientEstimation-Escape-Specialist-Exploiter,Exploiter,2.770380304428113
997,5.579927879257273,HOG8-ML00-H1-GPS-GradientEstimation-Escape-Specialist-Exploiter,Exploiter,4.208098552111476
1010,5.4022657969528955,HOG8-ML00-H1-GPS-GradientEstimation-Escape-Specialist-Exploiter,Exploiter,3.1839494371390575
1010,5.387289513450634,HOG8-ML02-H2-GPS-GradientEstimation-Escape-Specialist-Refiner,Refiner,0.277222263123536
1023,5.155208298632832,HOG8-ML00-H1-GPS-GradientEstimation-Escape-Specialist-Exploiter,Exploiter,4.307940277543215
1028,5.057091108413071,HOG8-ML02-H2-GPS-GradientEstimation-Escape-Specialist-Exploiter,Exploiter,1.903263351080923
1037,4.8442249829831425,HOG8-ML02-H2-GPS-GradientEstimation-Escape-Specialist-Exploiter,Exploiter,4.209260242035201
1048,4.706229381246526,HOG8-ML00-H1-GPS-GradientEstimation-Escape-Specialist-Exploiter,Exploiter,2.848662112543677
1048,4.638415187791996,HOG8-ML02-H2-GPS-GradientEstimation-Escape-Specialist-Exploiter,Exploiter,1.440945350533854
1065,4.475578575712303,HOG8-ML02-H2-GPS-GradientEstimation-Escape-Specialist-Exploiter,Exploiter,3.510608806824115
1077,4.231761590700608,HOG8-ML02-H2-GPS-GradientEstimation-Escape-Specialist-Local Explorer,Local Explorer,5.447719906758443
1090,4.0771825494499305,HOG8-ML02-H2-GPS-GradientEstimation-Escape-Specialist-Exploiter,Exploiter,3.652829629872546
1102,3.9481819457259553,HOG8-ML02-H2-GPS-GradientEstimation-Escape-Specialist-Exploiter,Exploiter,3.1639643837232465
1110,3.693596830069619,HOG8-ML02-H2-GPS-GradientEstimation-Escape-Specialist-Local Explorer,Local Explorer,6.448160676382542
1122,3.487568444471303,HOG8-ML02-H2-GPS-GradientEstimation-Escape-Specialist-Local Explorer,Local Explorer,5.577987936339899
1133,3.2820486599559313,HOG8-ML02-H2-GPS-GradientEstimation-Escape-Specialist-Local Explorer,Local Explorer,5.892924763703879
1143,3.11941197578875,HOG8-ML02-H2-GPS-GradientEstimation-Escape-Specialist-Exploiter,Exploiter,4.9553404296377765
1156,2.861865408557016,HOG8-ML02-H2-GPS-GradientEstimation-Escape-Specialist-Local Explorer,Local Explorer,8.256253718030074
1167,2.7551510625078954,HOG8-ML00-H1-GPS-GradientEstimation-Escape-Specialist-Exploiter,Exploiter,3.7288387402860854
1167,2.6566081179273873,HOG8-ML02-H2-GPS-GradientEstimation-Escape-Specialist-Exploiter,Exploiter,3.5766802743225545
1177,2.4522840259241185,HOG8-ML02-H2-GPS-GradientEstimation-Escape-Specialist-Local Explorer,Local Explorer,7.691164181289817
1186,2.2740568753825112,HOG8-ML02-H2-GPS-GradientEstimation-Escape-Specialist-Local Explorer,Local Explorer,7.267802124774033
1198,2.0697229792881777,HOG8-ML02-H2-GPS-GradientEstimation-Escape-Specialist-Local Explorer,Local Explorer,8.985434722689739
1201,2.067265535492898,HOG8-ML00-H1-GPS-GradientEstimation-Escape-Specialist-Refiner,Refiner,0.11873298117050224
1207,1.8415124757057115,HOG8-ML02-H2-GPS-GradientEstimation-Escape-Specialist-Local Explorer,Local Explorer,10.920370697969389
1214,1.8319905640360834,HOG8-ML00-H1-GPS-GradientEstimation-Escape-Specialist-Exploiter,Exploiter,0.5170701689641881
1217,1.643781786692372,HOG8-ML02-H2-GPS-GradientEstimation-Escape-Specialist-Local Explorer,Local Explorer,10.273457791674756
1224,1.6383656121709236,HOG8-ML00-H1-GPS-GradientEstimation-Escape-Specialist-Refiner,Refiner,0.32949473983082334
1227,1.4556301224640686,HOG8-ML02-H2-GPS-GradientEstimation-Escape-Specialist-Local Explorer,Local Explorer,11.153523264243837
1240,1.2929546892417456,HOG8-ML02-H2-GPS-GradientEstimation-Escape-Specialist-Local Explorer,Local Explorer,11.175602284662022
1246,1.2890753313360834,HOG8-ML00-H1-GPS-GradientEstimation-Escape-Specialist-Refiner,Refiner,0.3000381945277013
1252,1.1448973510633942,HOG8-ML02-H2-GPS-GradientEstimation-Escape-Specialist-Local Explorer,Local Explorer,11.184604713772126
1258,1.1431476537407221,HOG8-ML00-H1-GPS-GradientEstimation-Escape-Specialist-Refiner,Refiner,0.15282569402810747
1262,1.0141315542970708,HOG8-ML02-H2-GPS-GradientEstimation-Escape-Specialist-Local Explorer,Local Explorer,11.286039823593388
1268,1.009723984916356,HOG8-ML00-H1-GPS-GradientEstimation-Escape-Specialist-Refiner,Refiner,0.4346151504742287
1271,0.8947122988872367,HOG8-ML02-H2-GPS-GradientEstimation-Escape-Specialist-Local Explorer,Local Explorer,11.390408443020858
1276,0.8770473443824489,HOG8-ML00-H1-GPS-GradientEstimation-Escape-Specialist-Exploiter,Exploiter,1.9743726029873372
1282,0.7878860662272853,HOG8-ML02-H2-GPS-GradientEstimation-Escape-Specialist-Local Explorer,Local Explorer,10.166073556490193
1287,0.7825184234422431,HOG8-ML00-H1-GPS-GradientEstimation-Escape-Specialist-Exploiter,Exploiter,0.6812714445814014
1292,0.7095981389255133,HOG8-ML02-H2-GPS-GradientEstimation-Escape-Specialist-Local Explorer,Local Explorer,9.318666798406952
1298,0.7071828691607305,HOG8-ML00-H1-GPS-GradientEstimation-Escape-Specialist-Refiner,Refiner,0.3403714908892006
1303,0.6363687806532329,HOG8-ML02-H2-GPS-GradientEstimation-Escape-Specialist-Local Explorer,Local Explorer,10.013546933276006
1310,0.6351567351307916,HOG8-ML00-H1-GPS-GradientEstimation-Escape-Specialist-Refiner,Refiner,0.1904627567048601
1318,0.5806291847920426,HOG8-ML02-H2-GPS-GradientEstimation-Escape-Specialist-Local Explorer,Local Explorer,8.584896817243177
1322,0.5637393853194981,HOG8-ML00-H1-GPS-GradientEstimation-Escape-Specialist-Exploiter,Exploiter,2.9088788360843023
1327,0.5151924905486848,HOG8-ML02-H2-GPS-GradientEstimation-Escape-Specialist-Local Explorer,Local Explorer,8.611584720712651
1331,0.5054204095577509,HOG8-ML00-H1-GPS-GradientEstimation-Escape-Specialist-Exploiter,Exploiter,1.8967824978439602
1335,0.45954646836778723,HOG8-ML02-H2-GPS-GradientEstimation-Escape-Specialist-Local Explorer,Local Explorer,9.07639270644095
1342,0.45296259859541826,HOG8-ML00-H1-GPS-GradientEstimation-Escape-Specialist-Exploiter,Exploiter,1.4326885800588334
1347,0.4204224096591112,HOG8-ML02-H2-GPS-GradientEstimation-Escape-Specialist-Local Explorer,Local Explorer,7.183857792499913
1357,0.41974298962150086,HOG8-ML00-H1-GPS-GradientEstimation-Escape-Specialist-Refiner,Refiner,0.1616041443083959
1357,0.3885423273455464,HOG8-ML02-H2-GPS-GradientEstimation-Escape-Specialist-Local Explorer,Local Explorer,7.4332777550589615
1366,0.3852534295021496,HOG8-ML00-H1-GPS-GradientEstimation-Escape-Specialist-Exploiter,Exploiter,0.8464709278564289
1367,0.3523434235422108,HOG8-ML02-H2-GPS-GradientEstimation-Escape-Specialist-Local Explorer,Local Explorer,8.542430369138383
1377,0.34957918853418163,HOG8-ML00-H1-GPS-GradientEstimation-Escape-Specialist-Exploiter,Exploiter,0.7845286227395801
1380,0.3209264980842044,HOG8-ML02-H2-GPS-GradientEstimation-Escape-Specialist-Local Explorer,Local Explorer,8.196337593814045
1392,0.29322248180080074,HOG8-ML02-H2-GPS-GradientEstimation-Escape-Specialist-Local Explorer,Local Explorer,8.63251132230743
1402,0.27139859516605197,HOG8-ML02-H2-GPS-GradientEstimation-Escape-Specialist-Local Explorer,Local Explorer,7.442773999019188
1417,0.2597492459217085,HOG8-ML00-H1-GPS-GradientEstimation-Escape-Specialist-Exploiter,Exploiter,4.292339552168997
1417,0.2531713320904119,HOG8-ML02-H2-GPS-GradientEstimation-Escape-Specialist-Exploiter,Exploiter,2.5324092117977655
1425,0.23374246419488504,HOG8-ML02-H2-GPS-GradientEstimation-Escape-Specialist-Local Explorer,Local Explorer,7.674197443724988
1439,0.21619536258639718,HOG8-ML02-H2-GPS-GradientEstimation-Escape-Specialist-Local Explorer,Local Explorer,7.507023453751984
1447,0.20163304448466146,HOG8-ML02-H2-GPS-GradientEstimation-Escape-Specialist-Local Explorer,Local Explorer,6.735721769201339
1456,0.1895468271609329,HOG8-ML02-H2-GPS-GradientEstimation-Escape-Specialist-Local Explorer,Local Explorer,5.994164971628929
1468,0.17819753716180586,HOG8-ML02-H2-GPS-GradientEstimation-Escape-Specialist-Local Explorer,Local Explorer,5.987591651687758
1480,0.16789051278709247,HOG8-ML02-H2-GPS-GradientEstimation-Escape-Specialist-Local Explorer,Local Explorer,5.7840442347721535
1490,0.15695340195603824,HOG8-ML02-H2-GPS-GradientEstimation-Escape-Specialist-Local Explorer,Local Explorer,6.514430535407286
1501,0.1478352121956748,HOG8-ML02-H2-GPS-GradientEstimation-Escape-Specialist-Local Explorer,Local Explorer,5.809488451175713
1518,0.13985366698603402,HOG8-ML02-H2-GPS-GradientEstimation-Escape-Specialist-Local Explorer,Local Explorer,5.398947308356012
1531,0.1322916439213684,HOG8-ML02-H2-GPS-GradientEstimation-Escape-Specialist-Local Explorer,Local Explorer,5.40709673734959
1542,0.12420762556706341,HOG8-ML02-H2-GPS-GradientEstimation-Escape-Specialist-Local Explorer,Local Explorer,6.110755082240859
1550,0.11793943234458668,HOG8-ML02-H2-GPS-GradientEstimation-Escape-Specialist-Local Explorer,Local Explorer,5.046544601315441
1562,0.11210665658797496,HOG8-ML02-H2-GPS-GradientEstimation-Escape-Specialist-Exploiter,Exploiter,4.945568789554578
1576,0.10651520829575867,HOG8-ML02-H2-GPS-GradientEstimation-Escape-Specialist-Exploiter,Exploiter,4.987614886033497
1587,0.1015160178050972,HOG8-ML02-H2-GPS-GradientEstimation-Escape-Specialist-Exploiter,Exploiter,4.693405355581071
1598,0.09580546731907078,HOG8-ML02-H2-GPS-GradientEstimation-Escape-Specialist-Local Explorer,Local Explorer,5.625270385398915
1608,0.09062866295292737,HOG8-ML02-H2-GPS-GradientEstimation-Escape-Specialist-Local Explorer,Local Explorer,5.403454010513364
1619,0.08655212493956456,HOG8-ML02-H2-GPS-GradientEstimation-Escape-Specialist-Exploiter,Exploiter,4.498067035900302
1629,0.0841474816189903,HOG8-ML02-H2-GPS-GradientEstimation-Escape-Specialist-Exploiter,Exploiter,2.7782602937285636
1640,0.0820942551419181,HOG8-ML02-H2-GPS-GradientEstimation-Escape-Specialist-Exploiter,Exploiter,2.4400331864582347
1651,0.08039032584011788,HOG8-ML02-H2-GPS-GradientEstimation-Escape-Specialist-Exploiter,Exploiter,2.0755767853117097
1677,0.07861120660002675,HOG8-ML00-H1-GPS-GradientEstimation-Escape-Specialist-Exploiter,Exploiter,2.2131011679558017
1677,0.07747418633363327,HOG8-ML02-H2-GPS-GradientEstimation-Escape-Specialist-Exploiter,Exploiter,1.446384447676309
1686,0.07466126120429234,HOG8-ML00-H1-GPS-GradientEstimation-Escape-Specialist-Exploiter,Exploiter,3.630790154061651
1686,0.07352860952167747,HOG8-ML02-H2-GPS-GradientEstimation-Escape-Specialist-Exploiter,Exploiter,1.5170540442862874
1696,0.07156290092493779,HOG8-ML00-H1-GPS-GradientEstimation-Escape-Specialist-Exploiter,Exploiter,2.6733928596326275
1696,0.07051487380118002,HOG8-ML02-H2-GPS-GradientEstimation-Escape-Specialist-Exploiter,Exploiter,1.4644838459763512
1708,0.06816628951980584,HOG8-ML00-H1-GPS-GradientEstimation-Escape-Specialist-Exploiter,Exploiter,3.330622540708387
1708,0.06713871511448558,HOG8-ML02-H2-GPS-GradientEstimation-Escape-Specialist-Exploiter,Exploiter,1.5074524556917581
1722,0.06548277080069106,HOG8-ML00-H1-GPS-GradientEstimation-Escape-Specialist-Exploiter,Exploiter,2.4664521967255086
1722,0.06448301887295685,HOG8-ML02-H2-GPS-GradientEstimation-Escape-Specialist-Exploiter,Exploiter,1.5267404166160685
1730,0.06264692608964048,HOG8-ML00-H1-GPS-GradientEstimation-Escape-Specialist-Exploiter,Exploiter,2.8474051237176115
1730,0.06176555192407551,HOG8-ML02-H2-GPS-GradientEstimation-Escape-Specialist-Exploiter,Exploiter,1.4068913202601905
1740,0.06023819655453232,HOG8-ML00-H1-GPS-GradientEstimation-Escape-Specialist-Exploiter,Exploiter,2.472827202160643
1740,0.05933292578882075,HOG8-ML02-H2-GPS-GradientEstimation-Escape-Specialist-Exploiter,Exploiter,1.5028185063476154
1750,0.05789154724783219,HOG8-ML00-H1-GPS-GradientEstimation-Escape-Specialist-Exploiter,Exploiter,2.4293063620674253
1750,0.05708830399918106,HOG8-ML02-H2-GPS-GradientEstimation-Escape-Specialist-Exploiter,Exploiter,1.3874965981000065
1762,0.05573941688270964,HOG8-ML00-H1-GPS-GradientEstimation-Escape-Specialist-Exploiter,Exploiter,2.3628081795717137
1762,0.05492760240744352,HOG8-ML02-H2-GPS-GradientEstimation-Escape-Specialist-Exploiter,Exploiter,1.4564459419702753
1773,0.05326790884221641,HOG8-ML00-H1-GPS-GradientEstimation-Escape-Specialist-Exploiter,Exploiter,3.0216020588624826
1777,0.05253713367082759,HOG8-ML02-H2-GPS-GradientEstimation-Escape-Specialist-Exploiter,Exploiter,1.3718863519749467
1786,0.05028277260872533,HOG8-ML02-H2-GPS-GradientEstimation-Escape-Specialist-Exploiter,Exploiter,4.290986021862174
1797,0.04920442043914043,HOG8-ML00-H1-GPS-GradientEstimation-Escape-Specialist-Exploiter,Exploiter,2.144575793335983
1797,0.0481786750887861,HOG8-ML02-H2-GPS-GradientEstimation-Escape-Specialist-Exploiter,Exploiter,2.0846609739526274
1806,0.04650194853082542,HOG8-ML02-H2-GPS-GradientEstimation-Escape-Specialist-Exploiter,Exploiter,3.480225545577425
1815,0.04566604806489264,HOG8-ML00-H1-GPS-GradientEstimation-Escape-Specialist-Exploiter,Exploiter,1.7975600858503242
1816,0.04483935359483715,HOG8-ML02-H2-GPS-GradientEstimation-Escape-Specialist-Exploiter,Exploiter,1.8103043838624617
1826,0.04407077392518121,HOG8-ML00-H1-GPS-GradientEstimation-Escape-Specialist-Exploiter,Exploiter,1.7140739284529634
1829,0.04323568876578402,HOG8-ML02-H2-GPS-GradientEstimation-Escape-Specialist-Exploiter,Exploiter,1.8948729169469776
1839,0.04260286962716093,HOG8-ML00-H1-GPS-GradientEstimation-Escape-Specialist-Exploiter,Exploiter,1.46364995374815
1840,0.04175183169314663,HOG8-ML02-H2-GPS-GradientEstimation-Escape-Specialist-Exploiter,Exploiter,1.9976070660548504
1852,0.040907787440102955,HOG8-ML00-H1-GPS-GradientEstimation-Escape-Specialist-Exploiter,Exploiter,2.0215741892402233
1852,0.04012169962869027,HOG8-ML02-H2-GPS-GradientEstimation-Escape-Specialist-Exploiter,Exploiter,1.9216092108713334
1861,0.03934962689185642,HOG8-ML00-H1-GPS-GradientEstimation-Escape-Specialist-Exploiter,Exploiter,1.9243270947618452
1861,0.03858939324645243,HOG8-ML02-H2-GPS-GradientEstimation-Escape-Specialist-Exploiter,Exploiter,1.931997087274357
1872,0.03784081028984225,HOG8-ML00-H1-GPS-GradientEstimation-Escape-Specialist-Exploiter,Exploiter,1.939867133513419
1872,0.037140096390808244,HOG8-ML02-H2-GPS-GradientEstimation-Escape-Specialist-Exploiter,Exploiter,1.8517412647004043
1887,0.036427898678980296,HOG8-ML00-H1-GPS-GradientEstimation-Escape-Specialist-Exploiter,Exploiter,1.9175979091002289
1887,0.03576840410890768,HOG8-ML02-H2-GPS-GradientEstimation-Escape-Specialist-Exploiter,Exploiter,1.8104106851849804
1897,0.03524567824369411,HOG8-ML00-H1-GPS-GradientEstimation-Escape-Specialist-Exploiter,Exploiter,1.461417914039365
1897,0.034641106396254985,HOG8-ML02-H2-GPS-GradientEstimation-Escape-Specialist-Exploiter,Exploiter,1.7153077414456892
1905,0.034154514096777874,HOG8-ML00-H1-GPS-GradientEstimation-Escape-Specialist-Exploiter,Exploiter,1.4046673160812084
1908,0.033536710820252766,HOG8-ML02-H2-GPS-GradientEstimation-Escape-Specialist-Exploiter,Exploiter,1.8088480918643544
1918,0.0330900123128578,HOG8-ML00-H1-GPS-GradientEstimation-Escape-Specialist-Exploiter,Exploiter,1.3319687484832536
1918,0.03266129772147138,HOG8-ML02-H2-GPS-GradientEstimation-Escape-Specialist-Exploiter,Exploiter,1.2956011842275137
1928,0.03191995529799847,HOG8-ML00-H1-GPS-GradientEstimation-Escape-Specialist-Exploiter,Exploiter,2.269788634226721
1928,0.031531522146775695,HOG8-ML02-H2-GPS-GradientEstimation-Escape-Specialist-Exploiter,Exploiter,1.216897541354434
1940,0.030949901773915982,HOG8-ML00-H1-GPS-GradientEstimation-Escape-Specialist-Exploiter,Exploiter,1.8445680172125396
1940,0.030573734988034874,HOG8-ML02-H2-GPS-GradientEstimation-Escape-Specialist-Exploiter,Exploiter,1.2154054272254071
1949,0.029693351411413008,HOG8-ML02-H2-GPS-GradientEstimation-Escape-Specialist-Exploiter,Exploiter,2.8795421199484057
1961,0.029231319449041036,HOG8-ML00-H1-GPS-GradientEstimation-Escape-Specialist-Exploiter,Exploiter,1.5560114989053888
1961,0.028968922946729304,HOG8-ML02-H2-GPS-GradientEstimation-Escape-Specialist-Exploiter,Exploiter,0.8976553479536489
1971,0.028354303993521256,HOG8-ML00-H1-GPS-GradientEstimation-Escape-Specialist-Exploiter,Exploiter,2.121649307909256
1972,0.02813376173542237,HOG8-ML02-H2-GPS-GradientEstimation-Escape-Specialist-Exploiter,Exploiter,0.7778087522419133
1981,0.02752541122073448,HOG8-ML00-H1-GPS-GradientEstimation-Escape-Specialist-Exploiter,Exploiter,2.162350418721057
1981,0.027363293232853893,HOG8-ML02-H2-GPS-GradientEstimation-Escape-Specialist-Exploiter,Exploiter,0.5889757162227793
1993,0.026604074556840232,HOG8-ML02-H2-GPS-GradientEstimation-Escape-Specialist-Exploiter,Exploiter,2.774588093446664
2002,0.025750892492773333,HOG8-ML02-H2-GPS-GradientEstimation-Escape-Specialist-Exploiter,Exploiter,3.206960130276492
2014,0.025060360540287905,HOG8-ML02-H2-GPS-GradientEstimation-Escape-Specialist-Exploiter,Exploiter,2.681584541891966
2025,0.024870283530278883,HOG8-ML00-H1-GPS-GradientEstimation-Escape-Specialist-Exploiter,Exploiter,0.758476757361281
2031,0.024069154016572766,HOG8-ML02-H2-GPS-GradientEstimation-Escape-Specialist-Exploiter,Exploiter,3.2212319281795234
2041,0.023559730418025795,HOG8-ML02-H2-GPS-GradientEstimation-Escape-Specialist-Exploiter,Exploiter,2.116499807995779
2053,0.02286491327449434,HOG8-ML02-H2-GPS-GradientEstimation-Escape-Specialist-Exploiter,Exploiter,2.9491727248281356
2066,0.022399314815322768,HOG8-ML00-H1-GPS-GradientEstimation-Escape-Specialist-Exploiter,Exploiter,2.036301006621116
2066,0.0221986516947221,HOG8-ML02-H2-GPS-GradientEstimation-Escape-Specialist-Exploiter,Exploiter,0.8958449053245162
2076,0.021838238362267785,HOG8-ML00-H1-GPS-GradientEstimation-Escape-Specialist-Exploiter,Exploiter,1.6235820869247006
2076,0.021624112062648335,HOG8-ML02-H2-GPS-GradientEstimation-Escape-Specialist-Exploiter,Exploiter,0.980510863868112
2087,0.021218637969205093,HOG8-ML00-H1-GPS-GradientEstimation-Escape-Specialist-Exploiter,Exploiter,1.8751017025278176
2088,0.021098224394616033,HOG8-ML02-H2-GPS-GradientEstimation-Escape-Specialist-Exploiter,Exploiter,0.5674896511445175
2097,0.02070674455835372,HOG8-ML00-H1-GPS-GradientEstimation-Escape-Specialist-Exploiter,Exploiter,1.8555108190157135
2097,0.020575483786192672,HOG8-ML02-H2-GPS-GradientEstimation-Escape-Specialist-Exploiter,Exploiter,0.6339034694282424
2108,0.020093120719010073,HOG8-ML02-H2-GPS-GradientEstimation-Escape-Specialist-Exploiter,Exploiter,2.344358325641376
2116,0.019689967386634567,HOG8-ML02-H2-GPS-GradientEstimation-Escape-Specialist-Exploiter,Exploiter,2.006424676451989
2122,0.019671707940700098,HOG8-ML00-H1-GPS-GradientEstimation-Escape-Specialist-Refiner,Refiner,0.09273476982427074
2129,0.019239769871652344,HOG8-ML02-H2-GPS-GradientEstimation-Escape-Specialist-Exploiter,Exploiter,2.1957324211493
2132,0.019221313914852593,HOG8-ML00-H1-GPS-GradientEstimation-Escape-Specialist-Refiner,Refiner,0.0959260787570224
2140,0.018718013430996272,HOG8-ML00-H1-GPS-GradientEstimation-Escape-Specialist-Exploiter,Exploiter,2.6184499461684227
2140,0.01871566513599418,HOG8-ML02-H2-GPS-GradientEstimation-Escape-Specialist-Polisher,Polisher,0.012545642253909044
2151,0.018227371850413263,HOG8-ML02-H2-GPS-GradientEstimation-Escape-Specialist-Exploiter,Exploiter,2.609008453788939
2158,0.018220013140245468,HOG8-ML00-H1-GPS-GradientEstimation-Escape-Specialist-Polisher,Polisher,0.04037175643414677
2163,0.017834271422533417,HOG8-ML00-H1-GPS-GradientEstimation-Escape-Specialist-Exploiter,Exploiter,2.117131940261897
2163,0.017752457384746193,HOG8-ML02-H2-GPS-GradientEstimation-Escape-Specialist-Refiner,Refiner,0.4587461738630548
2176,0.01737085766170016,HOG8-ML02-H2-GPS-GradientEstimation-Escape-Specialist-Exploiter,Exploiter,2.1495600004871567
2187,0.01694522058313976,HOG8-ML02-H2-GPS-GradientEstimation-Escape-Specialist-Exploiter,Exploiter,2.450293974251251
2197,0.016731131356949043,HOG8-ML00-H1-GPS-GradientEstimation-Escape-Specialist-Exploiter,Exploiter,1.2634195296562365
2197,0.01652120046728482,HOG8-ML02-H2-GPS-GradientEstimation-Escape-Specialist-Exploiter,Exploiter,1.254732182692651
2206,0.01638256681034591,HOG8-ML00-H1-GPS-GradientEstimation-Escape-Specialist-Exploiter,Exploiter,0.8391258081604519
2210,0.01618340351731444,HOG8-ML02-H2-GPS-GradientEstimation-Escape-Specialist-Exploiter,Exploiter,1.215702614474881
2216,0.01597532531424921,HOG8-ML00-H1-GPS-GradientEstimation-Escape-Specialist-Exploiter,Exploiter,1.285750570592961
2221,0.015824881917661134,HOG8-ML02-H2-GPS-GradientEstimation-Escape-Specialist-Exploiter,Exploiter,0.9417235244273044
2228,0.015654124115647018,HOG8-ML00-H1-GPS-GradientEstimation-Escape-Specialist-Exploiter,Exploiter,1.0790462949587232
2229,0.015491844427133163,HOG8-ML02-H2-GPS-GradientEstimation-Escape-Specialist-Exploiter,Exploiter,1.03665773514373
2237,0.01540005056724497,HOG8-ML00-H1-GPS-GradientEstimation-Escape-Specialist-Exploiter,Exploiter,0.592530220142291
2248,0.015302407379224565,HOG8-ML02-H2-GPS-GradientEstimation-Escape-Specialist-Exploiter,Exploiter,0.6340445935163744
2250,0.015253153239790356,HOG8-ML00-H1-GPS-GradientEstimation-Escape-Specialist-Refiner,Refiner,0.3218718350230275
2257,0.01505247276110886,HOG8-ML02-H2-GPS-GradientEstimation-Escape-Specialist-Exploiter,Exploiter,1.3156655251976848
2266,0.015007978381108343,HOG8-ML00-H1-GPS-GradientEstimation-Escape-Specialist-Refiner,Refiner,0.29559515374429585
2270,0.01495823215727605,HOG8-ML02-H2-GPS-GradientEstimation-Escape-Specialist-Refiner,Refiner,0.33146518850874723
2278,0.014917073279979216,HOG8-ML00-H1-GPS-GradientEstimation-Escape-Specialist-Refiner,Refiner,0.2751587010020628
2279,0.014781000531090232,HOG8-ML02-H2-GPS-GradientEstimation-Escape-Specialist-Exploiter,Exploiter,0.9121946801160608
2286,0.014733719587696599,HOG8-ML00-H1-GPS-GradientEstimation-Escape-Specialist-Refiner,Refiner,0.31987647449292905
2291,0.014459902729085075,HOG8-ML02-H2-GPS-GradientEstimation-Escape-Specialist-Exploiter,Exploiter,1.8584367442432832
2298,0.014453503301274189,HOG8-ML00-H1-GPS-GradientEstimation-Escape-Specialist-Polisher,Polisher,0.044256368322688366
2302,0.014210497742237475,HOG8-ML02-H2-GPS-GradientEstimation-Escape-Specialist-Exploiter,Exploiter,1.6812917530886158
2312,0.013963811291734528,HOG8-ML02-H2-GPS-GradientEstimation-Escape-Specialist-Exploiter,Exploiter,1.7359451792439857
2320,0.01396113498402736,HOG8-ML00-H1-GPS-GradientEstimation-Escape-Specialist-Polisher,Polisher,0.01916602603153913
2326,0.013766344273405732,HOG8-ML02-H2-GPS-GradientEstimation-Escape-Specialist-Exploiter,Exploiter,1.395235493707952
2333,0.013737019321088815,HOG8-ML00-H1-GPS-GradientEstimation-Escape-Specialist-Refiner,Refiner,0.2130191700462402
2333,0.013604444137060679,HOG8-ML02-H2-GPS-GradientEstimation-Escape-Specialist-Exploiter,Exploiter,0.9650942531951521
2342,0.01348750548605062,HOG8-ML00-H1-GPS-GradientEstimation-Escape-Specialist-Exploiter,Exploiter,0.8595621389006204
2347,0.013353548508672585,HOG8-ML02-H2-GPS-GradientEstimation-Escape-Specialist-Exploiter,Exploiter,0.9931931261609475
2351,0.013264844053196237,HOG8-ML00-H1-GPS-GradientEstimation-Escape-Specialist-Exploiter,Exploiter,0.6642762814598524
2355,0.013121665157943982,HOG8-ML02-H2-GPS-GradientEstimation-Escape-Specialist-Exploiter,Exploiter,1.0793861931437883
2362,0.013000983130512832,HOG8-ML00-H1-GPS-GradientEstimation-Escape-Specialist-Exploiter,Exploiter,0.9197157980981381
2367,0.01286426901648293,HOG8-ML02-H2-GPS-GradientEstimation-Escape-Specialist-Exploiter,Exploiter,1.0515675057606866
2377,0.012787993448832656,HOG8-ML00-H1-GPS-GradientEstimation-Escape-Specialist-Exploiter,Exploiter,0.5929257818889134
2378,0.012699687090616925,HOG8-ML02-H2-GPS-GradientEstimation-Escape-Specialist-Exploiter,Exploiter,0.6905411593231006
2387,0.012553621577492435,HOG8-ML00-H1-GPS-GradientEstimation-Escape-Specialist-Exploiter,Exploiter,1.1501504886085685
2391,0.012462719868237281,HOG8-ML02-H2-GPS-GradientEstimation-Escape-Specialist-Exploiter,Exploiter,0.7241074513360567
2397,0.012371034579188589,HOG8-ML00-H1-GPS-GradientEstimation-Escape-Specialist-Exploiter,Exploiter,0.7356764014439828
2400,0.012258001173180374,HOG8-ML02-H2-GPS-GradientEstimation-Escape-Specialist-Exploiter,Exploiter,0.9136940430056492
2407,0.012190641531464,HOG8-ML00-H1-GPS-GradientEstimation-Escape-Specialist-Exploiter,Exploiter,0.5495157062291037
2411,0.012094654673977256,HOG8-ML02-H2-GPS-GradientEstimation-Escape-Specialist-Exploiter,Exploiter,0.7873815109648035
2420,0.011996146301285206,HOG8-ML00-H1-GPS-GradientEstimation-Escape-Specialist-Exploiter,Exploiter,0.8144785886611496
2423,0.011887325856880277,HOG8-ML02-H2-GPS-GradientEstimation-Escape-Specialist-Exploiter,Exploiter,0.9071283533218507
2430,0.011823676547821925,HOG8-ML00-H1-GPS-GradientEstimation-Escape-Specialist-Exploiter,Exploiter,0.5354384141956777
2437,0.0116828250814358,HOG8-ML02-H2-GPS-GradientEstimation-Escape-Specialist-Exploiter,Exploiter,1.191266234461325
2439,0.01165396777788279,HOG8-ML00-H1-GPS-GradientEstimation-Escape-Specialist-Refiner,Refiner,0.24700621084247876
2446,0.011518347310921252,HOG8-ML02-H2-GPS-GradientEstimation-Escape-Specialist-Exploiter,Exploiter,1.1637278354151837
2449,0.011491449113375234,HOG8-ML00-H1-GPS-GradientEstimation-Escape-Specialist-Refiner,Refiner,0.2335248002160414
2456,0.01134326719218125,HOG8-ML02-H2-GPS-GradientEstimation-Escape-Specialist-Exploiter,Exploiter,1.2894972577610742
2460,0.011335082049754225,HOG8-ML00-H1-GPS-GradientEstimation-Escape-Specialist-Refiner,Refiner,0.07215859671072339
2466,0.011178448561428713,HOG8-ML02-H2-GPS-GradientEstimation-Escape-Specialist-Exploiter,Exploiter,1.3818469741814352
2469,0.011160808900036984,HOG8-ML00-H1-GPS-GradientEstimation-Escape-Specialist-Refiner,Refiner,0.15780062228487735
2477,0.01102865641725321,HOG8-ML02-H2-GPS-GradientEstimation-Escape-Specialist-Exploiter,Exploiter,1.1840762078036753
2481,0.011011391255352405,HOG8-ML00-H1-GPS-GradientEstimation-Escape-Specialist-Refiner,Refiner,0.15654818907765009
2490,0.010918059695994674,HOG8-ML02-H2-GPS-GradientEstimation-Escape-Specialist-Exploiter,Exploiter,0.8475909827685406
2491,0.010835351792471153,HOG8-ML00-H1-GPS-GradientEstimation-Escape-Specialist-Exploiter,Exploiter,0.7575329850400329
2500,0.010764277060784786,HOG8-ML02-H2-GPS-GradientEstimation-Escape-Specialist-Exploiter,Exploiter,0.6559522297721102
2505,0.010710562739555628,HOG8-ML00-H1-GPS-GradientEstimation-Escape-Specialist-Refiner,Refiner,0.4990053760771704
2508,0.010629281379750645,HOG8-ML02-H2-GPS-GradientEstimation-Escape-Specialist-Exploiter,Exploiter,0.758889722057272
2520,0.010528437068334744,HOG8-ML02-H2-GPS-GradientEstimation-Escape-Specialist-Exploiter,Exploiter,0.9487406327206169
2527,0.010508646410586825,HOG8-ML00-H1-GPS-GradientEstimation-Escape-Specialist-Refiner,Refiner,0.1879733679317067
2533,0.010440044197514833,HOG8-ML02-H2-GPS-GradientEstimation-Escape-Specialist-Exploiter,Exploiter,0.6528168366468109
2542,0.010360204457450346,HOG8-ML00-H1-GPS-GradientEstimation-Escape-Specialist-Exploiter,Exploiter,0.7647452305182029
2543,0.010321002557603915,HOG8-ML02-H2-GPS-GradientEstimation-Escape-Specialist-Refiner,Refiner,0.37838924904845445
2550,0.010242717384740429,HOG8-ML00-H1-GPS-GradientEstimation-Escape-Specialist-Exploiter,Exploiter,0.7585035700413674
2559,0.010206187801440655,HOG8-ML02-H2-GPS-GradientEstimation-Escape-Specialist-Refiner,Refiner,0.3566395706103847
2560,0.010127629122657241,HOG8-ML00-H1-GPS-GradientEstimation-Escape-Specialist-Exploiter,Exploiter,0.769716179162658
2565,0.010091419472785003,HOG8-ML02-H2-GPS-GradientEstimation-Escape-Specialist-Refiner,Refiner,0.3575333321718014
2572,0.01001780698642546,HOG8-ML00-H1-GPS-GradientEstimation-Escape-Specialist-Exploiter,Exploiter,0.7294562133510066
2578,0.009979188256772464,HOG8-ML02-H2-GPS-GradientEstimation-Escape-Specialist-Refiner,Refiner,0.38550083571509136
2583,0.009900675588368473,HOG8-ML00-H1-GPS-GradientEstimation-Escape-Specialist-Exploiter,Exploiter,0.7867640772355196
2589,0.009861758795350017,HOG8-ML02-H2-GPS-GradientEstimation-Escape-Specialist-Refiner,Refiner,0.3930720956474596
2595,0.00979870792445111,HOG8-ML00-H1-GPS-GradientEstimation-Escape-Specialist-Exploiter,Exploiter,0.6393471206032397
2599,0.009758474666733678,HOG8-ML02-H2-GPS-GradientEstimation-Escape-Specialist-Refiner,Refiner,0.41059758110593025
2607,0.0096836327333324,HOG8-ML00-H1-GPS-GradientEstimation-Escape-Specialist-Exploiter,Exploiter,0.7669429491518044
2607,0.009646526618758255,HOG8-ML02-H2-GPS-GradientEstimation-Escape-Specialist-Refiner,Refiner,0.3831838277635159
2617,0.009590518440520807,HOG8-ML00-H1-GPS-GradientEstimation-Escape-Specialist-Exploiter,Exploiter,0.5806046098347727
2621,0.009555094241120901,HOG8-ML02-H2-GPS-GradientEstimation-Escape-Specialist-Refiner,Refiner,0.36936688688522873
2627,0.009499427793698029,HOG8-ML00-H1-GPS-GradientEstimation-Escape-Specialist-Exploiter,Exploiter,0.5825839705830281
2630,0.009467613885702404,HOG8-ML02-H2-GPS-GradientEstimation-Escape-Specialist-Refiner,Refiner,0.3349034140427986
2636,0.009424600276724277,HOG8-ML00-H1-GPS-GradientEstimation-Escape-Specialist-Refiner,Refiner,0.4543236500496044
2641,0.009410821751350627,HOG8-ML02-H2-GPS-GradientEstimation-Escape-Specialist-Refiner,Refiner,0.14619745102270662
2651,0.009324465526570375,HOG8-ML00-H1-GPS-GradientEstimation-Escape-Specialist-Exploiter,Exploiter,0.9176268243297558
2651,0.009311484715803182,HOG8-ML02-H2-GPS-GradientEstimation-Escape-Specialist-Refiner,Refiner,0.13921238413293455
2660,0.009228722847648063,HOG8-ML00-H1-GPS-GradientEstimation-Escape-Specialist-Exploiter,Exploiter,0.8888149492922279
2672,0.009147606986809196,HOG8-ML00-H1-GPS-GradientEstimation-Escape-Specialist-Exploiter,Exploiter,0.878950014839152
2682,0.009076128574120056,HOG8-ML02-H2-GPS-GradientEstimation-Escape-Specialist-Exploiter,Exploiter,0.7813891960182716
2686,0.009056999326703565,HOG8-ML00-H1-GPS-GradientEstimation-Escape-Specialist-Refiner,Refiner,0.21076439431496363
2697,0.008990048443266185,HOG8-ML02-H2-GPS-GradientEstimation-Escape-Specialist-Exploiter,Exploiter,0.7392170521640968
2697,0.008970052932081439,HOG8-ML00-H1-GPS-GradientEstimation-Escape-Specialist-Refiner,Refiner,0.22241828073488185
2707,0.008896868464409336,HOG8-ML00-H1-GPS-GradientEstimation-Escape-Specialist-Exploiter,Exploiter,0.815875538597529
2716,0.008848030814714244,HOG8-ML02-H2-GPS-GradientEstimation-Escape-Specialist-Exploiter,Exploiter,0.5489307826732571
2718,0.008812759990218206,HOG8-ML00-H1-GPS-GradientEstimation-Escape-Specialist-Refiner,Refiner,0.39862908747314263
2729,0.008775520802569981,HOG8-ML02-H2-GPS-GradientEstimation-Escape-Specialist-Refiner,Refiner,0.4225598755617842
2730,0.008746188862212184,HOG8-ML00-H1-GPS-GradientEstimation-Escape-Specialist-Refiner,Refiner,0.3342472887672632
2737,0.008710450393190374,HOG8-ML02-H2-GPS-GradientEstimation-Escape-Specialist-Refiner,Refiner,0.40861762288506426
2740,0.008679722588797081,HOG8-ML00-H1-GPS-GradientEstimation-Escape-Specialist-Refiner,Refiner,0.35276940922957395
2751,0.008616358152279761,HOG8-ML00-H1-GPS-GradientEstimation-Escape-Specialist-Exploiter,Exploiter,0.7300283605734683
2761,0.008553472948795281,HOG8-ML00-H1-GPS-GradientEstimation-Escape-Specialist-Exploiter,Exploiter,0.7298350692147255
2773,0.008511515904407657,HOG8-ML00-H1-GPS-GradientEstimation-Escape-Specialist-Refiner,Refiner,0.49052641703313854
2788,0.008485480713739314,HOG8-ML00-H1-GPS-GradientEstimation-Escape-Specialist-Refiner,Refiner,0.30588194818340925
2806,0.008454144560306073,HOG8-ML00-H1-GPS-GradientEstimation-Escape-Specialist-Refiner,Refiner,0.36929143427906874
2818,0.008402769028683817,HOG8-ML00-H1-GPS-GradientEstimation-Escape-Specialist-Exploiter,Exploiter,0.607696393831193
2827,0.008349402316607243,HOG8-ML00-H1-GPS-GradientEstimation-Escape-Specialist-Exploiter,Exploiter,0.6351086397162712
2837,0.008288829130448077,HOG8-ML00-H1-GPS-GradientEstimation-Escape-Specialist-Exploiter,Exploiter,0.7254793081258479
2851,0.008236203182210466,HOG8-ML00-H1-GPS-GradientEstimation-Escape-Specialist-Exploiter,Exploiter,0.6349020761484282
2860,0.008197844494511395,HOG8-ML00-H1-GPS-GradientEstimation-Escape-Specialist-Refiner,Refiner,0.46573265436097366
2871,0.00814476642840769,HOG8-ML00-H1-GPS-GradientEstimation-Escape-Specialist-Exploiter,Exploiter,0.6474636855973621
2882,0.008094032021359013,HOG8-ML00-H1-GPS-GradientEstimation-Escape-Specialist-Exploiter,Exploiter,0.6229080661137704
2895,0.00804838046154219,HOG8-ML00-H1-GPS-GradientEstimation-Escape-Specialist-Exploiter,Exploiter,0.5640150631521353
2907,0.00800406350645145,HOG8-ML00-H1-GPS-GradientEstimation-Escape-Specialist-Exploiter,Exploiter,0.5506319600881316
2917,0.007961227954337216,HOG8-ML00-H1-GPS-GradientEstimation-Escape-Specialist-Exploiter,Exploiter,0.5351725667807095
2929,0.007926999511001492,HOG8-ML00-H1-GPS-GradientEstimation-Escape-Specialist-Refiner,Refiner,0.42993924470002604
2938,0.007884175136502875,HOG8-ML00-H1-GPS-GradientEstimation-Escape-Specialist-Exploiter,Exploiter,0.5402343527230278
2941,0.007881814546195472,HOG8-ML02-H2-GPS-GradientEstimation-Escape-Specialist-Polisher,Polisher,0.02994086593122771
2948,0.007844133757455246,HOG8-ML00-H1-GPS-GradientEstimation-Escape-Specialist-Refiner,Refiner,0.47807251134086026
2952,0.007835683574347132,HOG8-ML02-H2-GPS-GradientEstimation-Escape-Specialist-Refiner,Refiner,0.10772614758235881
2961,0.0078006637017006015,HOG8-ML00-H1-GPS-GradientEstimation-Escape-Specialist-Refiner,Refiner,0.4469281118137578
2962,0.007795190748384319,HOG8-ML02-H2-GPS-GradientEstimation-Escape-Specialist-Refiner,Refiner,0.07016009823739695
2971,0.007766318977651506,HOG8-ML00-H1-GPS-GradientEstimation-Escape-Specialist-Refiner,Refiner,0.37037927184523883
2983,0.007735667733222892,HOG8-ML00-H1-GPS-GradientEstimation-Escape-Specialist-Refiner,Refiner,0.3946688838923131
2985,0.007730158663755029,HOG8-ML02-H2-GPS-GradientEstimation-Escape-Specialist-Refiner,Refiner,0.0712164697069732
2998,0.007701324221348071,HOG8-ML00-H1-GPS-GradientEstimation-Escape-Specialist-Refiner,Refiner,0.3730122971751749
2998,0.00770031383425354,HOG8-ML02-H2-GPS-GradientEstimation-Escape-Specialist-Polisher,Polisher,0.013119654042485171
3007,0.007662003060280873,HOG8-ML00-H1-GPS-GradientEstimation-Escape-Specialist-Refiner,Refiner,0.49752224126564765
3007,0.007657688499548457,HOG8-ML02-H2-GPS-GradientEstimation-Escape-Specialist-Refiner,Refiner,0.05631113298273884
3012,0.007652220031581996,HOG8-ML04-H2-GPS-Sniper-Specialist-Refiner,Refiner,0.07141147053426067
3021,0.007629053541132863,HOG8-ML02-H2-GPS-GradientEstimation-Escape-Specialist-Refiner,Refiner,0.30274208469596253
3021,0.007582678168633152,HOG8-ML04-H1-GPS-Sniper-Specialist-Exploiter,Exploiter,0.6078784511036984
3022,0.007471703893079219,HOG8-ML04-H2-GPS-Sniper-Specialist-Exploiter,Exploiter,1.463523481887901
3037,0.007333042234477475,HOG8-ML04-H1-GPS-Sniper-Specialist-Exploiter,Exploiter,1.8558237931535395
3046,0.007293604353142236,HOG8-ML04-H1-GPS-Sniper-Specialist-Exploiter,Exploiter,0.5378106394889619
3059,0.007178910077394297,HOG8-ML04-H1-GPS-Sniper-Specialist-Exploiter,Exploiter,1.5725321829189545
3067,0.007093143996676218,HOG8-ML04-H1-GPS-Sniper-Specialist-Exploiter,Exploiter,1.1946950134972198
3077,0.007073759369596469,HOG8-ML04-H1-GPS-Sniper-Specialist-Refiner,Refiner,0.273286811727389
3090,0.007017158670976512,HOG8-ML04-H1-GPS-Sniper-Specialist-Exploiter,Exploiter,0.800150184118935
3098,0.0069644208545211785,HOG8-ML04-H1-GPS-Sniper-Specialist-Exploiter,Exploiter,0.7515551368883985
3108,0.0069402105857545495,HOG8-ML04-H1-GPS-Sniper-Specialist-Refiner,Refiner,0.3476278828111324
3128,0.006875534717940229,HOG8-ML04-H1-GPS-Sniper-Specialist-Exploiter,Exploiter,0.9319006536642274
3131,0.006842276862757329,HOG8-ML04-H1-GPS-Sniper-Specialist-Refiner,Refiner,0.4837129990213132
3143,0.006751045761367237,HOG8-ML04-H1-GPS-Sniper-Specialist-Exploiter,Exploiter,1.3333441955069725
3151,0.00670963394792242,HOG8-ML04-H1-GPS-Sniper-Specialist-Exploiter,Exploiter,0.6134133126721784
3165,0.006697933032997564,HOG8-ML04-H1-GPS-Sniper-Specialist-Refiner,Refiner,0.17438976575582768
3171,0.006691476705242935,HOG8-ML04-H1-GPS-Sniper-Specialist-Refiner,Refiner,0.09639283825057482
3177,0.0066369878239440185,HOG8-ML04-H1-GPS-Sniper-Specialist-Exploiter,Exploiter,0.8143027869502018
3187,0.006605607593559442,HOG8-ML04-H1-GPS-Sniper-Specialist-Refiner,Refiner,0.47280831631733317
3192,0.006602673961666892,HOG8-ML04-H1-GPS-Sniper-Specialist-Polisher,Polisher,0.04441123471232034
3195,0.006579316612204102,HOG8-ML04-H1-GPS-Sniper-Specialist-Refiner,Refiner,0.353755911595754
3207,0.006567303606244324,HOG8-ML04-H1-GPS-Sniper-Specialist-Refiner,Refiner,0.18258744285834502
3218,0.006497136025562137,HOG8-ML04-H1-GPS-Sniper-Specialist-Exploiter,Exploiter,1.0684382037015914
3227,0.006462930250101001,HOG8-ML04-H1-GPS-Sniper-Specialist-Exploiter,Exploiter,0.5264746701709481
3237,0.006409991115504771,HOG8-ML04-H1-GPS-Sniper-Specialist-Exploiter,Exploiter,0.8191196956736889
3247,0.006398938687697441,HOG8-ML04-H1-GPS-Sniper-Specialist-Refiner,Refiner,0.17242500977256425
3251,0.006384970079127843,HOG8-ML04-H1-GPS-Sniper-Specialist-Refiner,Refiner,0.21829570888769315
3253,0.006384943595671329,HOG8-ML04-H1-GPS-Sniper-Specialist-Polisher,Polisher,0.0004147780833174277
3258,0.006367925350695485,HOG8-ML04-H1-GPS-Sniper-Specialist-Refiner,Refiner,0.2665371231686609
3262,0.006356050771989854,HOG8-ML04-H1-GPS-Sniper-Specialist-Refiner,Refiner,0.18647484151700439
3267,0.00630168345564008,HOG8-ML04-H1-GPS-Sniper-Specialist-Exploiter,Exploiter,0.8553631539471425
3282,0.0062692291539145,HOG8-ML04-H1-GPS-Sniper-Specialist-Exploiter,Exploiter,0.5150100279399591
3291,0.006231035209799518,HOG8-ML04-H1-GPS-Sniper-Specialist-Exploiter,Exploiter,0.6092287134078334
3295,0.006230409389927114,HOG8-ML04-H1-GPS-Sniper-Specialist-Polisher,Polisher,0.01004359390266125
3302,0.0061965322945430595,HOG8-ML04-H1-GPS-Sniper-Specialist-Exploiter,Exploiter,0.5437378712035326
3316,0.006143296951955099,HOG8-ML04-H1-GPS-Sniper-Specialist-Exploiter,Exploiter,0.8591150672262545
3322,0.006106374370490375,HOG8-ML04-H1-GPS-Sniper-Specialist-Exploiter,Exploiter,0.6010222483706225
3335,0.006067878561420386,HOG8-ML04-H1-GPS-Sniper-Specialist-Exploiter,Exploiter,0.6304200616330217
3343,0.006064423910701579,HOG8-ML04-H1-GPS-Sniper-Specialist-Refiner,Refiner,0.0569334188850199
3354,0.0060310034185193494,HOG8-ML04-H1-GPS-Sniper-Specialist-Exploiter,Exploiter,0.5510909638630921
3363,0.005999905980562006,HOG8-ML04-H1-GPS-Sniper-Specialist-Exploiter,Exploiter,0.5156262697821129
3374,0.005942195714818071,HOG8-ML04-H1-GPS-Sniper-Specialist-Exploiter,Exploiter,0.9618528345427464
3383,0.005923998690097255,HOG8-ML04-H1-GPS-Sniper-Specialist-Refiner,Refiner,0.30623401843594406
3390,0.00590706137426435,HOG8-ML02-H1-GPS-GradientEstimation-Escape-Specialist-Refiner,Refiner,0.2859101886909222
3398,0.0058865878957843325,HOG8-ML04-H1-GPS-Sniper-Specialist-Refiner,Refiner,0.3465932920422296
3406,0.005819677017501357,HOG8-ML04-H1-GPS-Sniper-Specialist-Exploiter,Exploiter,1.1366665964657356
3418,0.005740379989814707,HOG8-ML04-H1-GPS-Sniper-Specialist-Exploiter,Exploiter,1.362567500708062
3428,0.0057276187516594095,HOG8-ML04-H1-GPS-Sniper-Specialist-Refiner,Refiner,0.22230650545678435
3431,0.00572303789016056,HOG8-ML01-H2-GPS-GradientEstimation-Escape-Specialist-Refiner,Refiner,0.0799784639562856
3431,0.0057206001338637865,HOG8-ML04-H1-GPS-Sniper-Specialist-Polisher,Polisher,0.042595494622964636
3432,0.0057110638375983255,HOG8-ML04-H1-GPS-Sniper-Specialist-Refiner,Refiner,0.1667009761617453
3437,0.005668788268795045,HOG8-ML04-H1-GPS-Sniper-Specialist-Exploiter,Exploiter,0.7402398223070515
3447,0.0056204679952672485,HOG8-ML04-H1-GPS-Sniper-Specialist-Exploiter,Exploiter,0.8523915735887563
3457,0.005586430937862968,HOG8-ML04-H1-GPS-Sniper-Specialist-Exploiter,Exploiter,0.6055911613221869
3472,0.005572677847754476,HOG8-ML04-H1-GPS-Sniper-Specialist-Refiner,Refiner,0.24618741843344047
3481,0.005545166875516764,HOG8-ML04-H1-GPS-Sniper-Specialist-Refiner,Refiner,0.49367598467579665
3488,0.005511237676895493,HOG8-ML04-H1-GPS-Sniper-Specialist-Exploiter,Exploiter,0.611869748610745
3499,0.005491757993426567,HOG8-ML04-H1-GPS-Sniper-Specialist-Refiner,Refiner,0.3534538811597691
3508,0.005469025285886465,HOG8-ML04-H1-GPS-Sniper-Specialist-Refiner,Refiner,0.4139422670720654
3511,0.005468257227862969,HOG8-ML04-H1-GPS-Sniper-Specialist-Polisher,Polisher,0.014043782636708978
3512,0.005452291141294247,HOG8-ML04-H1-GPS-Sniper-Specialist-Refiner,Refiner,0.2919776064550923
3520,0.005435004589021162,HOG8-ML02-H2-GPS-GradientEstimation-Escape-Specialist-Refiner,Refiner,0.31705115932201516
3526,0.0054217473553595345,HOG8-ML00-H1-GPS-GradientEstimation-Escape-Specialist-Refiner,Refiner,0.24392313648469266
3528,0.005397877593278744,HOG8-ML04-H1-GPS-Sniper-Specialist-Refiner,Refiner,0.440259578993371
3531,0.005380729876115166,HOG8-ML04-H1-GPS-Sniper-Specialist-Refiner,Refiner,0.3176751763494926
3533,0.005365690095128682,HOG8-ML04-H1-GPS-Sniper-Specialist-Refiner,Refiner,0.27951191256125524
3538,0.005322938974406024,HOG8-ML04-H1-GPS-Sniper-Specialist-Exploiter,Exploiter,0.7967497183907504
3543,0.005319049418423509,HOG8-ML04-H1-GPS-Sniper-Specialist-Refiner,Refiner,0.07307158697886891
3553,0.005316175684177577,HOG8-ML04-H1-GPS-Sniper-Specialist-Refiner,Refiner,0.054027214636851575
3561,0.00530912637111259,HOG8-ML04-H1-GPS-Sniper-Specialist-Refiner,Refiner,0.13260120590008484
3570,0.0053020030666479714,HOG8-ML04-H1-GPS-Sniper-Specialist-Refiner,Refiner,0.13417093447572329
3581,0.005272086588263218,HOG8-ML04-H1-GPS-Sniper-Specialist-Exploiter,Exploiter,0.5642486058324195
3593,0.005264725985945615,HOG8-ML04-H1-GPS-Sniper-Specialist-Refiner,Refiner,0.1396145946083226
3601,0.005246879586762612,HOG8-ML04-H1-GPS-Sniper-Specialist-Refiner,Refiner,0.3389805895054072
3612,0.005219765068981366,HOG8-ML04-H1-GPS-Sniper-Specialist-Exploiter,Exploiter,0.5167741575326636
3623,0.005206349195347163,HOG8-ML04-H1-GPS-Sniper-Specialist-Refiner,Refiner,0.2570206409082967
3637,0.0051407768546791535,HOG8-ML04-H1-GPS-Sniper-Specialist-Exploiter,Exploiter,1.259468741101928
3646,0.005128174647941125,HOG8-ML04-H1-GPS-Sniper-Specialist-Refiner,Refiner,0.2451420688792903
3658,0.005116744620244104,HOG8-ML04-H1-GPS-Sniper-Specialist-Refiner,Refiner,0.22288686485376416
3668,0.0050798521954392405,HOG8-ML04-H1-GPS-Sniper-Specialist-Exploiter,Exploiter,0.7210136042143005
3675,0.005033017730836024,HOG8-ML04-H1-GPS-Sniper-Specialist-Exploiter,Exploiter,0.9219651045214404
3687,0.00501222602626957,HOG8-ML04-H1-GPS-Sniper-Specialist-Refiner,Refiner,0.4131061259543989
3697,0.004975648632739369,HOG8-ML04-H1-GPS-Sniper-Specialist-Exploiter,Exploiter,0.7297634491839595
3706,0.004934819767366889,HOG8-ML04-H1-GPS-Sniper-Specialist-Exploiter,Exploiter,0.8205737258822762
3717,0.004899140371125753,HOG8-ML04-H1-GPS-Sniper-Specialist-Exploiter,Exploiter,0.723013157989626
3728,0.004880115651585521,HOG8-ML04-H1-GPS-Sniper-Specialist-Refiner,Refiner,0.3883277085171734
3738,0.004872988986047279,HOG8-ML04-H1-GPS-Sniper-Specialist-Refiner,Refiner,0.1460347673507687
3751,0.004849197424451138,HOG8-ML04-H1-GPS-Sniper-Specialist-Refiner,Refiner,0.4882334366907744
3758,0.004766692217925878,HOG8-ML04-H1-GPS-Sniper-Specialist-Exploiter,Exploiter,1.7014198289647509
3768,0.0047430694764952945,HOG8-ML04-H1-GPS-Sniper-Specialist-Refiner,Refiner,0.4955793315487562
3781,0.004708333149916271,HOG8-ML04-H1-GPS-Sniper-Specialist-Exploiter,Exploiter,0.7323596407592771
3787,0.004697977836481975,HOG8-ML04-H1-GPS-Sniper-Specialist-Refiner,Refiner,0.21993586911920443
3801,0.00466725375071937,HOG8-ML04-H1-GPS-Sniper-Specialist-Exploiter,Exploiter,0.6539853279855414
3811,0.004649886132418896,HOG8-ML04-H1-GPS-Sniper-Specialist-Refiner,Refiner,0.3721164356619178
3820,0.004617905674170078,HOG8-ML04-H1-GPS-Sniper-Specialist-Exploiter,Exploiter,0.6877686321359843
3830,0.004558682896237358,HOG8-ML04-H1-GPS-Sniper-Specialist-Exploiter,Exploiter,1.2824596713609313
3840,0.004551116511563383,HOG8-ML04-H1-GPS-Sniper-Specialist-Refiner,Refiner,0.16597742914341812
3851,0.004542642261269681,HOG8-ML04-H1-GPS-Sniper-Specialist-Refiner,Refiner,0.18620156772894883
3862,0.004517246779197508,HOG8-ML04-H1-GPS-Sniper-Specialist-Exploiter,Exploiter,0.559046489059761
3873,0.004468576707408042,HOG8-ML04-H1-GPS-Sniper-Specialist-Exploiter,Exploiter,1.0774277821968348
3885,0.0043818417220754784,HOG8-ML04-H1-GPS-Sniper-Specialist-Exploiter,Exploiter,1.9409980182005966
3891,0.004374389036470863,HOG8-ML04-H1-GPS-Sniper-Specialist-Refiner,Refiner,0.1700811229001997
3903,0.00436289459606844,HOG8-ML04-H1-GPS-Sniper-Specialist-Refiner,Refiner,0.2627667614057522
3914,0.004343001477133993,HOG8-ML04-H1-GPS-Sniper-Specialist-Refiner,Refiner,0.45596148374461654
3932,0.00432764129111321,HOG8-ML04-H1-GPS-Sniper-Specialist-Refiner,Refiner,0.35367673950042566
3937,0.004282596717629395,HOG8-ML04-H1-GPS-Sniper-Specialist-Exploiter,Exploiter,1.0408573736532667
3947,0.00427280331356584,HOG8-ML04-H1-GPS-Sniper-Specialist-Refiner,Refiner,0.22867911011185577
3957,0.004253665232744608,HOG8-ML04-H1-GPS-Sniper-Specialist-Refiner,Refiner,0.44790455859436923
3967,0.004236691229685237,HOG8-ML04-H1-GPS-Sniper-Specialist-Refiner,Refiner,0.3990441685139053
3979,0.00423093831193013,HOG8-ML04-H1-GPS-Sniper-Specialist-Refiner,Refiner,0.13578798744637469
3991,0.004216296851398063,HOG8-ML04-H1-GPS-Sniper-Specialist-Refiner,Refiner,0.34605705525846164
4002,0.004209813648409449,HOG8-ML04-H1-GPS-Sniper-Specialist-Refiner,Refiner,0.15376533524824906
4010,0.004190716990082865,HOG8-ML04-H1-GPS-Sniper-Specialist-Refiner,Refiner,0.4536224147070978
4021,0.004185360157011069,HOG8-ML04-H1-GPS-Sniper-Specialist-Refiner,Refiner,0.1278261711414276
4030,0.0041825990888831755,HOG8-ML04-H1-GPS-Sniper-Specialist-Refiner,Refiner,0.06596966627276592
4034,0.004182179059955078,HOG8-ML04-H1-GPS-Sniper-Specialist-Polisher,Polisher,0.010042294735210374
4041,0.004171224010872285,HOG8-ML04-H1-GPS-Sniper-Specialist-Refiner,Refiner,0.26194595988700164
4051,0.004156176734854148,HOG8-ML04-H1-GPS-Sniper-Specialist-Refiner,Refiner,0.3607400604454779
4062,0.00414234368645564,HOG8-ML04-H1-GPS-Sniper-Specialist-Refiner,Refiner,0.3328310916738069
4077,0.004125493698406025,HOG8-ML04-H1-GPS-Sniper-Specialist-Refiner,Refiner,0.40677426416138257
4088,0.0040932852744858614,HOG8-ML04-H1-GPS-Sniper-Specialist-Exploiter,Exploiter,0.7807168371777632
4096,0.004087493044794916,HOG8-ML04-H1-GPS-Sniper-Specialist-Refiner,Refiner,0.14150564406173088
4108,0.0040551073712759445,HOG8-ML04-H1-GPS-Sniper-Specialist-Exploiter,Exploiter,0.7923114036906362
4117,0.004028292597060907,HOG8-ML04-H1-GPS-Sniper-Specialist-Exploiter,Exploiter,0.6612592900739954
4127,0.004007997875273639,HOG8-ML04-H1-GPS-Sniper-Specialist-Exploiter,Exploiter,0.5038045598295157
4137,0.004003136184648,HOG8-ML04-H1-GPS-Sniper-Specialist-Refiner,Refiner,0.12129973061194099
4147,0.0039959541648237114,HOG8-ML04-H1-GPS-Sniper-Specialist-Refiner,Refiner,0.17940983001856353
4159,0.003987905772632824,HOG8-ML04-H1-GPS-Sniper-Specialist-Refiner,Refiner,0.20141352625456244
4171,0.00397419325495238,HOG8-ML04-H1-GPS-Sniper-Specialist-Refiner,Refiner,0.34385259989206174
4178,0.003969633062442572,HOG8-ML04-H1-GPS-Sniper-Specialist-Refiner,Refiner,0.11474511220926747
4189,0.003964179777857407,HOG8-ML04-H1-GPS-Sniper-Specialist-Refiner,Refiner,0.13737502936379029
4201,0.003942117136283182,HOG8-ML04-H1-GPS-Sniper-Specialist-Exploiter,Exploiter,0.5565499752927338
4212,0.003923491345053922,HOG8-ML04-H1-GPS-Sniper-Specialist-Refiner,Refiner,0.4724819325592365
4220,0.003908273032571919,HOG8-ML04-H1-GPS-Sniper-Specialist-Refiner,Refiner,0.387876795017979
4230,0.00389973518850159,HOG8-ML04-H1-GPS-Sniper-Specialist-Refiner,Refiner,0.2184556708084198
4242,0.003851522402327668,HOG8-ML04-H1-GPS-Sniper-Specialist-Exploiter,Exploiter,1.2363092323826912
4251,0.0038142577353822323,HOG8-ML04-H1-GPS-Sniper-Specialist-Exploiter,Exploiter,0.9675308372324408
4259,0.00380038302766783,HOG8-ML04-H1-GPS-Sniper-Specialist-Refiner,Refiner,0.36375905030476285
4271,0.003779586020703582,HOG8-ML04-H1-GPS-Sniper-Specialist-Exploiter,Exploiter,0.5472344974924946
4280,0.003764522880785847,HOG8-ML04-H1-GPS-Sniper-Specialist-Refiner,Refiner,0.3985394123912682
4294,0.003758470932286474,HOG8-ML04-H1-GPS-Sniper-Specialist-Refiner,Refiner,0.16076269665572737
4301,0.0037345434094355205,HOG8-ML04-H1-GPS-Sniper-Specialist-Exploiter,Exploiter,0.6366291846348568
4311,0.003729011607141625,HOG8-ML04-H1-GPS-Sniper-Specialist-Refiner,Refiner,0.14812526425369746
4321,0.0037126560284400207,HOG8-ML04-H1-GPS-Sniper-Specialist-Refiner,Refiner,0.4386035878858897
4331,0.0037061083632234397,HOG8-ML04-H1-GPS-Sniper-Specialist-Refiner,Refiner,0.17636067457970794
4342,0.003697939117567702,HOG8-ML04-H1-GPS-Sniper-Specialist-Refiner,Refiner,0.2204265190085358
4351,0.0036853794168497994,HOG8-ML04-H1-GPS-Sniper-Specialist-Refiner,Refiner,0.33964054892725504
4358,0.003682854233978977,HOG8-ML04-H1-GPS-Sniper-Specialist-Refiner,Refiner,0.06851893889885795
4362,0.0036753183031045964,HOG8-ML04-H1-GPS-Sniper-Specialist-Refiner,Refiner,0.20462202399573856
4372,0.003664376608924765,HOG8-ML04-H1-GPS-Sniper-Specialist-Refiner,Refiner,0.2977073896045579
4382,0.003657310736823193,HOG8-ML04-H1-GPS-Sniper-Specialist-Refiner,Refiner,0.19282603443005247
4392,0.0036306253798147714,HOG8-ML04-H1-GPS-Sniper-Specialist-Exploiter,Exploiter,0.7296442366721392
4403,0.0036224027589665786,HOG8-ML04-H1-GPS-Sniper-Specialist-Refiner,Refiner,0.22647946257160365
4416,0.003608287456343253,HOG8-ML04-H1-GPS-Sniper-Specialist-Refiner,Refiner,0.38966684718825906
4425,0.003598867525801002,HOG8-ML04-H1-GPS-Sniper-Specialist-Refiner,Refiner,0.2610637499429557
4436,0.0035871042530302103,HOG8-ML04-H1-GPS-Sniper-Specialist-Refiner,Refiner,0.3268603994578436
4447,0.0035619452842254717,HOG8-ML04-H1-GPS-Sniper-Specialist-Exploiter,Exploiter,0.7013726680367758
4455,0.003545491492950908,HOG8-ML04-H1-GPS-Sniper-Specialist-Refiner,Refiner,0.46193273511054245
4468,0.0035107409523117807,HOG8-ML04-H1-GPS-Sniper-Specialist-Exploiter,Exploiter,0.9801332398686549
4476,0.0034872859932520224,HOG8-ML04-H1-GPS-Sniper-Specialist-Exploiter,Exploiter,0.6680914194000404
4487,0.0034844868266518288,HOG8-ML04-H1-GPS-Sniper-Specialist-Refiner,Refiner,0.08026776712922613
4501,0.003476607631228361,HOG8-ML04-H1-GPS-Sniper-Specialist-Refiner,Refiner,0.22612211827584555
4520,0.003442133398006299,HOG8-ML04-H1-GPS-Sniper-Specialist-Exploiter,Exploiter,0.9916055212098077
4530,0.003427963260755398,HOG8-ML04-H1-GPS-Sniper-Specialist-Refiner,Refiner,0.4116672892197654
4546,0.0034045302116839826,HOG8-ML04-H1-GPS-Sniper-Specialist-Exploiter,Exploiter,0.6835851871484692
4552,0.0033959792649211227,HOG8-ML04-H1-GPS-Sniper-Specialist-Refiner,Refiner,0.2511637797636215
4563,0.003375673026713417,HOG8-ML04-H1-GPS-Sniper-Specialist-Exploiter,Exploiter,0.5979494167546768
4575,0.0033692303209609657,HOG8-ML04-H1-GPS-Sniper-Specialist-Refiner,Refiner,0.1908569254624791
4587,0.003362339954304819,HOG8-ML04-H1-GPS-Sniper-Specialist-Refiner,Refiner,0.2045086265928368
4597,0.0033535963989560023,HOG8-ML04-H1-GPS-Sniper-Specialist-Refiner,Refiner,0.2600437632019419
4605,0.0033446471867085745,HOG8-ML04-H1-GPS-Sniper-Specialist-Refiner,Refiner,0.26685418228066343
4620,0.0033312411318440847,HOG8-ML04-H1-GPS-Sniper-Specialist-Refiner,Refiner,0.40082119626143625
4631,0.0033195295778986594,HOG8-ML04-H1-GPS-Sniper-Specialist-Refiner,Refiner,0.3515672832408295
4642,0.0032974405218848995,HOG8-ML04-H1-GPS-Sniper-Specialist-Exploiter,Exploiter,0.6654272991217872
4650,0.0032744864292354762,HOG8-ML04-H1-GPS-Sniper-Specialist-Exploiter,Exploiter,0.6961184742250363
4661,0.003271961704590231,HOG8-ML04-H1-GPS-Sniper-Specialist-Refiner,Refiner,0.07710291979541345
4672,0.0032632931360573898,HOG8-ML04-H1-GPS-Sniper-Specialist-Refiner,Refiner,0.26493490191771535
4680,0.0032492706451802793,HOG8-ML04-H1-GPS-Sniper-Specialist-Refiner,Refiner,0.42970368558590544
4690,0.0032429975238836874,HOG8-ML04-H1-GPS-Sniper-Specialist-Refiner,Refiner,0.19306244328698752
4703,0.0032330736869640468,HOG8-ML04-H1-GPS-Sniper-Specialist-Refiner,Refiner,0.30600815592841357
4711,0.0032064086126416262,HOG8-ML04-H1-GPS-Sniper-Specialist-Exploiter,Exploiter,0.8247592509238431
4726,0.0031773542875523845,HOG8-ML04-H1-GPS-Sniper-Specialist-Exploiter,Exploiter,0.9061329543181663
4733,0.0031733511326697368,HOG8-ML04-H1-GPS-Sniper-Specialist-Refiner,Refiner,0.12599019562692565
4743,0.0031511172564208656,HOG8-ML04-H1-GPS-Sniper-Specialist-Exploiter,Exploiter,0.7006434308505232
4752,0.0031509149573503903,HOG8-ML04-H1-GPS-Sniper-Specialist-Polisher,Polisher,0.006419915668422992
4778,0.003132373013465394,HOG8-ML04-H1-GPS-Sniper-Specialist-Exploiter,Exploiter,0.5884622129119002
4788,0.0031151592966162478,HOG8-ML04-H1-GPS-Sniper-Specialist-Exploiter,Exploiter,0.5495423685221481
4801,0.003111868969502598,HOG8-ML04-H1-GPS-Sniper-Specialist-Refiner,Refiner,0.1056230773567172
4812,0.003099860864282618,HOG8-ML04-H1-GPS-Sniper-Specialist-Refiner,Refiner,0.3858808111030211
4822,0.003091691861234871,HOG8-ML04-H1-GPS-Sniper-Specialist-Refiner,Refiner,0.2635280551418426
4832,0.003084037500780989,HOG8-ML04-H1-GPS-Sniper-Specialist-Refiner,Refiner,0.2475783744769597
4842,0.0030720616456232134,HOG8-ML04-H1-GPS-Sniper-Specialist-Refiner,Refiner,0.38831742982188266
4852,0.0030442903370185284,HOG8-ML04-H1-GPS-Sniper-Specialist-Exploiter,Exploiter,0.903995811550558
4867,0.0030441952609209424,HOG8-ML04-H1-GPS-Sniper-Specialist-Polisher,Polisher,0.0031230956006356304
4876,0.003035713337332397,HOG8-ML04-H1-GPS-Sniper-Specialist-Refiner,Refiner,0.27862613471053604
4881,0.0030271721777146926,HOG8-ML04-H1-GPS-Sniper-Specialist-Refiner,Refiner,0.2813559341281499
4897,0.0030109258136361244,HOG8-ML04-H1-GPS-Sniper-Specialist-Exploiter,Exploiter,0.5366845070184646
4912,0.0029924655697368824,HOG8-ML04-H1-GPS-Sniper-Specialist-Exploiter,Exploiter,0.6131085600195725
4927,0.002983039409830341,HOG8-ML04-H1-GPS-Sniper-Specialist-Refiner,Refiner,0.31499643644589226
4941,0.002962321527485046,HOG8-ML04-H1-GPS-Sniper-Specialist-Exploiter,Exploiter,0.694522582471453
4951,0.0029538211196010558,HOG8-ML04-H1-GPS-Sniper-Specialist-Refiner,Refiner,0.2869508864963413
4961,0.002939826990936719,HOG8-ML04-H1-GPS-Sniper-Specialist-Refiner,Refiner,0.47376357936755703
4971,0.002936560181852915,HOG8-ML04-H1-GPS-Sniper-Specialist-Refiner,Refiner,0.1111224944146454
4981,0.002921112608696957,HOG8-ML04-H1-GPS-Sniper-Specialist-Exploiter,Exploiter,0.5260431320774404
4991,0.002909982431620513,HOG8-ML04-H1-GPS-Sniper-Specialist-Refiner,Refiner,0.3810252656233257
5001,0.0028849733383930626,HOG8-ML04-H1-GPS-Sniper-Specialist-Exploiter,Exploiter,0.8594241998060208
5012,0.002873802441348089,HOG8-ML04-H1-GPS-Sniper-Specialist-Refiner,Refiner,0.3872097151232494
5024,0.002865396664495266,HOG8-ML04-H1-GPS-Sniper-Specialist-Refiner,Refiner,0.2924966842494503
5034,0.002844116400969327,HOG8-ML04-H1-GPS-Sniper-Specialist-Exploiter,Exploiter,0.742663792054342
5041,0.0028397809409739885,HOG8-ML04-H1-GPS-Sniper-Specialist-Refiner,Refiner,0.1524360955782588
5051,0.0028215499558022347,HOG8-ML04-H1-GPS-Sniper-Specialist-Exploiter,Exploiter,0.6419856161687221
5062,0.002807557956967203,HOG8-ML04-H1-GPS-Sniper-Specialist-Refiner,Refiner,0.4958976113911631
5066,0.0028063400385599,HOG8-ML04-H1-GPS-Sniper-Specialist-Polisher,Polisher,0.04337999165005653
5074,0.002795887127739718,HOG8-ML04-H1-GPS-Sniper-Specialist-Refiner,Refiner,0.3724748489689823
5084,0.0027835127109102353,HOG8-ML04-H1-GPS-Sniper-Specialist-Refiner,Refiner,0.44259357635394164
5087,0.0027800494062313816,HOG8-ML04-H1-GPS-Sniper-Specialist-Refiner,Refiner,0.12442208958770005
5096,0.0027778435623221466,HOG8-ML04-H1-GPS-Sniper-Specialist-Refiner,Refiner,0.07934549307974968
5103,0.002764764925445553,HOG8-ML04-H1-GPS-Sniper-Specialist-Refiner,Refiner,0.4708197773981401
5113,0.0027488771278085626,HOG8-ML04-H1-GPS-Sniper-Specialist-Exploiter,Exploiter,0.5746527486212937
5128,0.0027428220102692076,HOG8-ML04-H1-GPS-Sniper-Specialist-Refiner,Refiner,0.22027603482525365
5137,0.0027259976843228987,HOG8-ML04-H1-GPS-Sniper-Specialist-Exploiter,Exploiter,0.6133947402827505
5148,0.00269851195487948,HOG8-ML04-H1-GPS-Sniper-Specialist-Exploiter,Exploiter,1.0082814670565572
5169,0.002694918244990114,HOG8-ML04-H1-GPS-Sniper-Specialist-Refiner,Refiner,0.13317376203829445
5190,0.0026909528313717795,HOG8-ML04-H1-GPS-Sniper-Specialist-Refiner,Refiner,0.14714411562228594
5197,0.0026886392581885795,HOG8-ML04-H1-GPS-Sniper-Specialist-Refiner,Refiner,0.0859759842769374
5208,0.0026873164363298,HOG8-ML04-H1-GPS-Sniper-Specialist-Polisher,Polisher,0.04920042191419999
5220,0.0026677695327917785,HOG8-ML04-H1-GPS-Sniper-Specialist-Exploiter,Exploiter,0.7273763250865066
5230,0.002632842299781802,HOG8-ML04-H1-GPS-Sniper-Specialist-Exploiter,Exploiter,1.3092297734364509
5238,0.0026305680830943402,HOG8-ML04-H1-GPS-Sniper-Specialist-Refiner,Refiner,0.08637876593103633
5250,0.0026219319020368767,HOG8-ML04-H1-GPS-Sniper-Specialist-Refiner,Refiner,0.32830098992552126
5260,0.0026077784276673133,HOG8-ML04-H1-GPS-Sniper-Specialist-Exploiter,Exploiter,0.5398109065520784
5271,0.0026077303115276,HOG8-ML04-H1-GPS-Sniper-Specialist-Polisher,Polisher,0.001845100764800279
5281,0.0025950466094879737,HOG8-ML04-H1-GPS-Sniper-Specialist-Refiner,Refiner,0.4863885649354716
5292,0.0025794655953427967,HOG8-ML04-H1-GPS-Sniper-Specialist-Exploiter,Exploiter,0.6004136530037605
5302,0.0025773885972726657,HOG8-ML04-H1-GPS-Sniper-Specialist-Refiner,Refiner,0.08052047966373523
5317,0.0025701003596038164,HOG8-ML04-H1-GPS-Sniper-Specialist-Refiner,Refiner,0.28277605001285094
5322,0.002568896720177286,HOG8-ML04-H1-GPS-Sniper-Specialist-Polisher,Polisher,0.046832390106194055
5333,0.002563634902366632,HOG8-ML04-H1-GPS-Sniper-Specialist-Refiner,Refiner,0.20482792357222634
5341,0.002558669895991812,HOG8-ML04-H1-GPS-Sniper-Specialist-Refiner,Refiner,0.1936705718211465
5351,0.002556935754313522,HOG8-ML04-H1-GPS-Sniper-Specialist-Refiner,Refiner,0.06777512335633884
5357,0.0025522494216861204,HOG8-ML03-H1-GPS-JADE-Specialist-Refiner,Refiner,0.18327924819760527
5362,0.002544607254255853,HOG8-ML04-H1-GPS-Sniper-Specialist-Refiner,Refiner,0.29942870651015047
5373,0.002540547998393207,HOG8-ML04-H1-GPS-Sniper-Specialist-Refiner,Refiner,0.1595238658483311
5385,0.0025352390485550323,HOG8-ML04-H1-GPS-Sniper-Specialist-Refiner,Refiner,0.20896868870543925
5397,0.002531508366581626,HOG8-ML04-H1-GPS-Sniper-Specialist-Refiner,Refiner,0.14715306533056172
5407,0.0025192827559563113,HOG8-ML04-H1-GPS-Sniper-Specialist-Refiner,Refiner,0.4829377926103207
5414,0.0025167529877595405,HOG8-ML04-H1-GPS-Sniper-Specialist-Refiner,Refiner,0.10041620738242513
5427,0.0024972609774284154,HOG8-ML04-H1-GPS-Sniper-Specialist-Exploiter,Exploiter,0.7744904019554689
5438,0.002493885700952931,HOG8-ML04-H1-GPS-Sniper-Specialist-Refiner,Refiner,0.13515914059411088
5445,0.0024918227219032788,HOG8-ML04-H1-GPS-Sniper-Specialist-Refiner,Refiner,0.08272147552167258
5457,0.0024857143449444003,HOG8-ML04-H1-GPS-Sniper-Specialist-Refiner,Refiner,0.24513689939438646
5468,0.0024824831359787744,HOG8-ML04-H1-GPS-Sniper-Specialist-Refiner,Refiner,0.12999116218634263
5481,0.0024760409391884615,HOG8-ML04-H1-GPS-Sniper-Specialist-Refiner,Refiner,0.25950616529658577
5487,0.0024737819412157616,HOG8-ML04-H1-GPS-Sniper-Specialist-Refiner,Refiner,0.09123427391472427
5500,0.0024719535699893602,HOG8-ML04-H1-GPS-Sniper-Specialist-Refiner,Refiner,0.07390995931932351
5507,0.002465170006545783,HOG8-ML04-H1-GPS-Sniper-Specialist-Refiner,Refiner,0.2744211511871711
5522,0.002460818419895947,HOG8-ML04-H1-GPS-Sniper-Specialist-Refiner,Refiner,0.17652278091495557
5541,0.0024607258642006763,HOG8-ML04-H1-GPS-Sniper-Specialist-Polisher,Polisher,0.003761175327786917
5547,0.00246069264634941,HOG8-ML04-H1-GPS-Sniper-Specialist-Polisher,Polisher,0.0013499208404051223
5558,0.0024514975534700957,HOG8-ML04-H1-GPS-Sniper-Specialist-Refiner,Refiner,0.37367904898468357
5566,0.002451026607892659,HOG8-ML04-H1-GPS-Sniper-Specialist-Polisher,Polisher,0.019210526103517842
5569,0.0024485023773471904,HOG8-ML04-H2-GPS-Sniper-Specialist-Refiner,Refiner,0.10298666433650522
5580,0.0024398919633488504,HOG8-ML04-H2-GPS-Sniper-Specialist-Refiner,Refiner,0.3516604303921025
5587,0.0024172619307964213,HOG8-ML04-H2-GPS-Sniper-Specialist-Exploiter,Exploiter,0.9275014177827973
5597,0.002405112432641399,HOG8-ML04-H1-GPS-Sniper-Specialist-Exploiter,Exploiter,0.5026140527112609
5610,0.0023891157875356294,HOG8-ML04-H1-GPS-Sniper-Specialist-Exploiter,Exploiter,0.6651100750496419
5620,0.002381217170963128,HOG8-ML04-H1-GPS-Sniper-Specialist-Refiner,Refiner,0.3306083620438049
5631,0.0023481740057707187,HOG8-ML04-H1-GPS-Sniper-Specialist-Exploiter,Exploiter,1.3876586140626672
5642,0.00234404343472531,HOG8-ML04-H1-GPS-Sniper-Specialist-Refiner,Refiner,0.17590566266629362
5651,0.002340912726841736,HOG8-ML04-H1-GPS-Sniper-Specialist-Refiner,Refiner,0.13356014812674222
5662,0.0023374087009688975,HOG8-ML04-H1-GPS-Sniper-Specialist-Refiner,Refiner,0.14968630964579968
5678,0.0023272208445205642,HOG8-ML04-H1-GPS-Sniper-Specialist-Refiner,Refiner,0.4358611501749889
5686,0.002313692527422605,HOG8-ML04-H1-GPS-Sniper-Specialist-Exploiter,Exploiter,0.5813078346136102
5716,0.002312332747310716,HOG8-ML04-H1-GPS-Sniper-Specialist-Refiner,Refiner,0.05877099466642321
5728,0.002310020482798802,HOG8-ML04-H1-GPS-Sniper-Specialist-Refiner,Refiner,0.09999704906671786
5737,0.0022993836154170757,HOG8-ML04-H1-GPS-Sniper-Specialist-Refiner,Refiner,0.4604663664643727
5746,0.0022970851136176573,HOG8-ML04-H1-GPS-Sniper-Specialist-Refiner,Refiner,0.09996164989639966
5759,0.0022958926097034877,HOG8-ML04-H1-GPS-Sniper-Specialist-Refiner,Refiner,0.05191378878824231
5767,0.00226217886523805,HOG8-ML04-H1-GPS-Sniper-Specialist-Exploiter,Exploiter,1.4684373442794274
5783,0.0022540463368496883,HOG8-ML04-H1-GPS-Sniper-Specialist-Refiner,Refiner,0.3594997952341856
5798,0.0022499738210168575,HOG8-ML04-H1-GPS-Sniper-Specialist-Refiner,Refiner,0.18067578142704274
5805,0.0022490226114709987,HOG8-ML04-H1-GPS-Sniper-Specialist-Polisher,Polisher,0.04227647170707857
5817,0.002239380541673066,HOG8-ML04-H1-GPS-Sniper-Specialist-Refiner,Refiner,0.4287226704059842
5826,0.0022389133838540166,HOG8-ML04-H1-GPS-Sniper-Specialist-Polisher,Polisher,0.020861028769149345
5837,0.0022273699027184086,HOG8-ML04-H1-GPS-Sniper-Specialist-Exploiter,Exploiter,0.5155840873011963
5848,0.0022179313703168894,HOG8-ML04-H1-GPS-Sniper-Specialist-Refiner,Refiner,0.4237523542901377
5856,0.0022117496412324897,HOG8-ML04-H1-GPS-Sniper-Specialist-Refiner,Refiner,0.2787159768391062
5867,0.0022066727087579657,HOG8-ML04-H1-GPS-Sniper-Specialist-Refiner,Refiner,0.22954372320796823
5890,0.0022044574472431687,HOG8-ML04-H1-GPS-Sniper-Specialist-Refiner,Refiner,0.10038921975175717
5901,0.0022011850217514266,HOG8-ML04-H1-GPS-Sniper-Specialist-Refiner,Refiner,0.14844584529560378
5907,0.0022001742072224042,HOG8-ML04-H2-GPS-Sniper-Specialist-Polisher,Polisher,0.04592137957663139
5919,0.002197595295050921,HOG8-ML04-H2-GPS-Sniper-Specialist-Refiner,Refiner,0.1172139989196167
5927,0.0021940523172172335,HOG8-ML04-H2-GPS-Sniper-Specialist-Refiner,Refiner,0.16122066886775127
5933,0.0021798806135906305,HOG8-ML04-H2-GPS-Sniper-Specialist-Exploiter,Exploiter,0.6459145716533025
5940,0.0021796445833032014,HOG8-ML00-H2-GPS-GradientEstimation-Escape-Specialist-Polisher,Polisher,0.010827670375960623
5947,0.0021718925924895326,HOG8-ML04-H2-GPS-Sniper-Specialist-Refiner,Refiner,0.3556538929810678
5957,0.0021632833690280033,HOG8-ML04-H2-GPS-Sniper-Specialist-Refiner,Refiner,0.3963926895510536
5968,0.0021473310242641572,HOG8-ML04-H2-GPS-Sniper-Specialist-Exploiter,Exploiter,0.7374135535010212
5977,0.002144527974253342,HOG8-ML04-H2-GPS-Sniper-Specialist-Refiner,Refiner,0.13053646499500082
5985,0.0021370463323637607,HOG8-ML04-H2-GPS-Sniper-Specialist-Refiner,Refiner,0.3488712658171789
5997,0.0021348593045812125,HOG8-ML04-H2-GPS-Sniper-Specialist-Refiner,Refiner,0.10233880985299937
6012,0.0021256365162505312,HOG8-ML04-H2-GPS-Sniper-Specialist-Refiner,Refiner,0.4320091872513563
6030,0.002121627111652565,HOG8-ML04-H2-GPS-Sniper-Specialist-Refiner,Refiner,0.1886213643449573
6041,0.002118057689339102,HOG8-ML04-H2-GPS-Sniper-Specialist-Refiner,Refiner,0.16823985203897185
6060,0.0021121147595187044,HOG8-ML04-H2-GPS-Sniper-Specialist-Refiner,Refiner,0.28058394491850697
6071,0.0021113218378092788,HOG8-ML04-H2-GPS-Sniper-Specialist-Polisher,Polisher,0.03754160165077282
6078,0.0021043657050177347,HOG8-ML04-H2-GPS-Sniper-Specialist-Refiner,Refiner,0.32946814014682785
6091,0.002100695793198138,HOG8-ML04-H2-GPS-Sniper-Specialist-Refiner,Refiner,0.1743951543615313
6099,0.0020981622931438727,HOG8-ML04-H2-GPS-Sniper-Specialist-Refiner,Refiner,0.12060290035656163
6113,0.0020946749425822583,HOG8-ML04-H2-GPS-Sniper-Specialist-Refiner,Refiner,0.16620976237205037
6127,0.0020940127281583003,HOG8-ML04-H2-GPS-Sniper-Specialist-Polisher,Polisher,0.031614185594908015
6136,0.002090565055787511,HOG8-ML04-H2-GPS-Sniper-Specialist-Refiner,Refiner,0.1646442891405765
6151,0.0020862729101944885,HOG8-ML04-H2-GPS-Sniper-Specialist-Refiner,Refiner,0.2053103098198267
6167,0.00208179529070446,HOG8-ML04-H2-GPS-Sniper-Specialist-Refiner,Refiner,0.21462290327160485
6178,0.0020800451240035886,HOG8-ML04-H2-GPS-Sniper-Specialist-Refiner,Refiner,0.08407006724850444
6191,0.0020798629509634053,HOG8-ML04-H2-GPS-Sniper-Specialist-Polisher,Polisher,0.008758129238692569
6201,0.0020733783950314987,HOG8-ML04-H1-GPS-Sniper-Specialist-Refiner,Refiner,0.3117780394570182
6217,0.0020682431586250983,HOG8-ML04-H1-GPS-Sniper-Specialist-Refiner,Refiner,0.24767482957795459
6227,0.002068113741244262,HOG8-ML04-H1-GPS-Sniper-Specialist-Polisher,Polisher,0.006257358101079215
6237,0.002063213757963382,HOG8-ML04-H1-GPS-Sniper-Specialist-Refiner,Refiner,0.23693006739232406
6243,0.002062554530949343,HOG8-ML04-H2-GPS-Sniper-Specialist-Polisher,Polisher,0.031951464626228686
6252,0.00205620222168349,HOG8-ML04-H1-GPS-Sniper-Specialist-Refiner,Refiner,0.3079826094551288
6260,0.002044166857337213,HOG8-ML04-H2-GPS-Sniper-Specialist-Exploiter,Exploiter,0.5853200730628229
6273,0.0020430992293908427,HOG8-ML04-H2-GPS-Sniper-Specialist-Refiner,Refiner,0.05222802348732751
6282,0.0020416652149406684,HOG8-ML04-H2-GPS-Sniper-Specialist-Refiner,Refiner,0.07018819397244502
6297,0.002038058362282924,HOG8-ML04-H2-GPS-Sniper-Specialist-Refiner,Refiner,0.1766622966071997
6303,0.0020366533649809017,HOG8-ML04-H2-GPS-Sniper-Specialist-Refiner,Refiner,0.06893803082500548
6313,0.002033545866529558,HOG8-ML04-H2-GPS-Sniper-Specialist-Refiner,Refiner,0.15257866187615737
6323,0.002031857381366653,HOG8-ML04-H2-GPS-Sniper-Specialist-Refiner,Refiner,0.08303157507761369
6323,0.002031592031610706,HOG8-ML04-H1-GPS-Sniper-Specialist-Polisher,Polisher,0.013059467577815141
6337,0.002029935061828494,HOG8-ML04-H2-GPS-Sniper-Specialist-Refiner,Refiner,0.08156016347919808
6345,0.0020289720631091555,HOG8-ML04-H2-GPS-Sniper-Specialist-Polisher,Polisher,0.04743987812451904
6347,0.002026311177839347,HOG8-ML04-H1-GPS-Sniper-Specialist-Refiner,Refiner,0.13114450012343576
6357,0.0020245128392615145,HOG8-ML04-H2-GPS-Sniper-Specialist-Refiner,Refiner,0.0887493785505298
6368,0.0020181888208164523,HOG8-ML04-H1-GPS-Sniper-Specialist-Refiner,Refiner,0.3123723555820455
6381,0.002014100665050028,HOG8-ML04-H1-GPS-Sniper-Specialist-Refiner,Refiner,0.2025655738579701
6391,0.0020097736342797445,HOG8-ML04-H1-GPS-Sniper-Specialist-Refiner,Refiner,0.2148368671620556
6419,0.0020089441768289837,HOG8-ML04-H2-GPS-Sniper-Specialist-Polisher,Polisher,0.04127118779016409
6431,0.0019931931055980636,HOG8-ML04-H2-GPS-Sniper-Specialist-Exploiter,Exploiter,0.7840472329988952
6447,0.00198529728953624,HOG8-ML04-H2-GPS-Sniper-Specialist-Refiner,Refiner,0.39613904140283346
6456,0.001985198533888082,HOG8-ML04-H2-GPS-Sniper-Specialist-Polisher,Polisher,0.004974350626413718
6476,0.0019840579452579917,HOG8-ML04-H2-GPS-Sniper-Specialist-Refiner,Refiner,0.05745463794274864
6487,0.001982354464521604,HOG8-ML04-H2-GPS-Sniper-Specialist-Refiner,Refiner,0.085858416608205
6494,0.00198180203490004,HOG8-ML04-H2-GPS-Sniper-Specialist-Polisher,Polisher,0.02786734821904582
6517,0.0019722635243318337,HOG8-ML04-H2-GPS-Sniper-Specialist-Refiner,Refiner,0.48130491341872217
6532,0.001968948259278106,HOG8-ML04-H2-GPS-Sniper-Specialist-Refiner,Refiner,0.16809442616706488
6558,0.0019679612389442427,HOG8-ML04-H2-GPS-Sniper-Specialist-Refiner,Refiner,0.05012931798548037
6568,0.0019657452458155898,HOG8-ML04-H2-GPS-Sniper-Specialist-Refiner,Refiner,0.11260349466241394
6581,0.00196495731503019,HOG8-ML04-H2-GPS-Sniper-Specialist-Polisher,Polisher,0.040083056900525285
6584,0.0019567358724882395,HOG8-ML04-H1-GPS-Sniper-Specialist-Refiner,Refiner,0.41840311130750174
6591,0.0019567358402422185,HOG8-ML04-H1-GPS-Sniper-Specialist-Polisher,Polisher,1.6479495986639026E-06
6602,0.0019409473901194343,HOG8-ML04-H1-GPS-Sniper-Specialist-Exploiter,Exploiter,0.8068769323931727
6615,0.0019401236514515945,HOG8-ML04-H1-GPS-Sniper-Specialist-Polisher,Polisher,0.042440030679510264
6622,0.001934273356684451,HOG8-ML04-H1-GPS-Sniper-Specialist-Refiner,Refiner,0.3015423662696035
6630,0.0019326709478384347,HOG8-ML04-H1-GPS-Sniper-Specialist-Refiner,Refiner,0.08284293636567766
6644,0.0019220363980823347,HOG8-ML04-H1-GPS-Sniper-Specialist-Exploiter,Exploiter,0.5502514418191103
6667,0.0019053324018871694,HOG8-ML04-H1-GPS-Sniper-Specialist-Exploiter,Exploiter,0.869078036806758
6676,0.001902929251541161,HOG8-ML04-H1-GPS-Sniper-Specialist-Refiner,Refiner,0.1261276165580444
6712,0.001901615651390798,HOG8-ML04-H1-GPS-Sniper-Specialist-Refiner,Refiner,0.06903042503020514
6720,0.001882993444928005,HOG8-ML04-H1-GPS-Sniper-Specialist-Exploiter,Exploiter,0.9792834029933035
6732,0.0018802769734903666,HOG8-ML04-H1-GPS-Sniper-Specialist-Refiner,Refiner,0.14426345694167753
6743,0.0018760766671862756,HOG8-ML04-H1-GPS-Sniper-Specialist-Refiner,Refiner,0.2233876372103828
6751,0.0018682433512636355,HOG8-ML04-H1-GPS-Sniper-Specialist-Refiner,Refiner,0.4175370900160731
6762,0.0018672578614855615,HOG8-ML04-H1-GPS-Sniper-Specialist-Refiner,Refiner,0.05274954022490932
6771,0.001866915211973072,HOG8-ML04-H1-GPS-Sniper-Specialist-Polisher,Polisher,0.018350412096642045
6788,0.0018642259427929212,HOG8-ML04-H1-GPS-Sniper-Specialist-Refiner,Refiner,0.1440488117994703
6812,0.0018553933882071603,HOG8-ML04-H1-GPS-Sniper-Specialist-Refiner,Refiner,0.4737920647391167
6824,0.0018525049859312167,HOG8-ML04-H1-GPS-Sniper-Specialist-Refiner,Refiner,0.15567600349889318
6836,0.0018467916839878089,HOG8-ML04-H1-GPS-Sniper-Specialist-Refiner,Refiner,0.3084095312453849
6867,0.0018463529359590328,HOG8-ML04-H1-GPS-Sniper-Specialist-Polisher,Polisher,0.02375731018176533
6877,0.0018448014567494426,HOG8-ML04-H1-GPS-Sniper-Specialist-Refiner,Refiner,0.08402939542998869
6907,0.0018444188476073914,HOG8-ML04-H1-GPS-Sniper-Specialist-Polisher,Polisher,0.020739854722651677
6930,0.0018392262222551583,HOG8-ML04-H1-GPS-Sniper-Specialist-Refiner,Refiner,0.2815317875855074
6937,0.0018284142071713079,HOG8-ML04-H1-GPS-Sniper-Specialist-Exploiter,Exploiter,0.5878567276293679
6959,0.0018217284442216635,HOG8-ML04-H1-GPS-Sniper-Specialist-Refiner,Refiner,0.36565910084388287
6972,0.0018186371993116636,HOG8-ML04-H1-GPS-Sniper-Specialist-Refiner,Refiner,0.16968747014984223
7017,0.0018124754640781158,HOG8-ML04-H1-GPS-Sniper-Specialist-Refiner,Refiner,0.33881057947566445
7063,0.001805882441134041,HOG8-ML04-H1-GPS-Sniper-Specialist-Refiner,Refiner,0.3637579142307609
7073,0.0018020309542337528,HOG8-ML04-H1-GPS-Sniper-Specialist-Refiner,Refiner,0.21327450849289548
7082,0.0017981849121118231,HOG8-ML04-H1-GPS-Sniper-Specialist-Refiner,Refiner,0.21342819405480673
7095,0.0017958302512749188,HOG8-ML04-H1-GPS-Sniper-Specialist-Refiner,Refiner,0.13094653508903714
7104,0.0017888325715713917,HOG8-ML04-H1-GPS-Sniper-Specialist-Refiner,Refiner,0.38966264760041824
7117,0.0017878023813021505,HOG8-ML04-H1-GPS-Sniper-Specialist-Refiner,Refiner,0.057590088955967705
7125,0.0017827342544266378,HOG8-ML04-H1-GPS-Sniper-Specialist-Refiner,Refiner,0.28348361812905276
7147,0.001775471481401816,HOG8-ML04-H1-GPS-Sniper-Specialist-Refiner,Refiner,0.4073951575669694
7167,0.0017697923181649927,HOG8-ML04-H1-GPS-Sniper-Specialist-Refiner,Refiner,0.31986789403901744
7186,0.0017682192835640218,HOG8-ML04-H1-GPS-Sniper-Specialist-Refiner,Refiner,0.08888244031943242
7207,0.0017580810631017119,HOG8-ML04-H1-GPS-Sniper-Specialist-Exploiter,Exploiter,0.5733576461102328
7217,0.0017554746891191323,HOG8-ML04-H1-GPS-Sniper-Specialist-Refiner,Refiner,0.14825106971923266
7237,0.0017492277511303449,HOG8-ML04-H1-GPS-Sniper-Specialist-Refiner,Refiner,0.35585463165647013
7281,0.001746397370528892,HOG8-ML04-H1-GPS-Sniper-Specialist-Refiner,Refiner,0.16180743757488542
7294,0.0017445911397420263,HOG8-ML04-H1-GPS-Sniper-Specialist-Refiner,Refiner,0.10342610549847334
7327,0.0017441392428132164,HOG8-ML04-H1-GPS-Sniper-Specialist-Polisher,Polisher,0.02590274125069474
7335,0.001742369225577995,HOG8-ML04-H1-GPS-Sniper-Specialist-Refiner,Refiner,0.1014837113788253
7347,0.0017375850035143926,HOG8-ML04-H1-GPS-Sniper-Specialist-Refiner,Refiner,0.2745814143965571
7357,0.00173251604320428,HOG8-ML04-H1-GPS-Sniper-Specialist-Refiner,Refiner,0.2917244508821345
7371,0.001730632632795121,HOG8-ML04-H1-GPS-Sniper-Specialist-Refiner,Refiner,0.1087095508608166
7382,0.0017284884900540338,HOG8-ML04-H1-GPS-Sniper-Specialist-Refiner,Refiner,0.12389358090539034
7388,0.0017223174004750194,HOG8-ML04-H1-GPS-Sniper-Specialist-Refiner,Refiner,0.35702231253050226
7402,0.0017211213840257465,HOG8-ML04-H1-GPS-Sniper-Specialist-Refiner,Refiner,0.06944227869630971
7411,0.0017195124431892363,HOG8-ML04-H1-GPS-Sniper-Specialist-Refiner,Refiner,0.09348212458710241
7432,0.001718296186526551,HOG8-ML04-H1-GPS-Sniper-Specialist-Refiner,Refiner,0.07073264677454028
7441,0.0017125233170298217,HOG8-ML04-H1-GPS-Sniper-Specialist-Refiner,Refiner,0.33596475054738756
7451,0.0017101141174682265,HOG8-ML04-H1-GPS-Sniper-Specialist-Refiner,Refiner,0.14068127059278174
7463,0.001709810811323933,HOG8-ML04-H1-GPS-Sniper-Specialist-Polisher,Polisher,0.017736017801119275
7478,0.0017084566473006858,HOG8-ML04-H1-GPS-Sniper-Specialist-Refiner,Refiner,0.07919964093562744
7481,0.0017003217238972827,HOG8-ML04-H1-GPS-Sniper-Specialist-Refiner,Refiner,0.47615626748598466
7492,0.0016984872034660013,HOG8-ML04-H1-GPS-Sniper-Specialist-Refiner,Refiner,0.1078925479512526
7503,0.0016933879439898882,HOG8-ML04-H1-GPS-Sniper-Specialist-Refiner,Refiner,0.30022360284536226
7514,0.0016926851642641524,HOG8-ML04-H1-GPS-Sniper-Specialist-Polisher,Polisher,0.04150140127252444
7521,0.0016887743385270624,HOG8-ML04-H1-GPS-Sniper-Specialist-Refiner,Refiner,0.231042713651368
7537,0.0016825001157248984,HOG8-ML04-H1-GPS-Sniper-Specialist-Refiner,Refiner,0.3715252333616301
7557,0.0016770480245920873,HOG8-ML04-H1-GPS-Sniper-Specialist-Refiner,Refiner,0.324046998978191
7562,0.0016735457906143292,HOG8-ML04-H1-GPS-Sniper-Specialist-Refiner,Refiner,0.20883325500531674
7572,0.0016571551598489659,HOG8-ML04-H1-GPS-Sniper-Specialist-Exploiter,Exploiter,0.9793954164437082
7587,0.0016520616549637608,HOG8-ML04-H1-GPS-Sniper-Specialist-Refiner,Refiner,0.3073643922195755
7606,0.0016513308472969413,HOG8-ML04-H1-GPS-Sniper-Specialist-Polisher,Polisher,0.044236101275259274
7616,0.0016413862631097956,HOG8-ML04-H1-GPS-Sniper-Specialist-Exploiter,Exploiter,0.6022163398342604
7631,0.0016394715704495396,HOG8-ML04-H1-GPS-Sniper-Specialist-Refiner,Refiner,0.11665094946197274
7640,0.0016364144981091911,HOG8-ML04-H1-GPS-Sniper-Specialist-Refiner,Refiner,0.18646693211704785
7648,0.001632760896175717,HOG8-ML04-H1-GPS-Sniper-Specialist-Refiner,Refiner,0.2232687340338119
7665,0.001618954821619225,HOG8-ML04-H1-GPS-Sniper-Specialist-Exploiter,Exploiter,0.8455662178601159
7686,0.001618922280598312,HOG8-ML03-H1-GPS-JADE-Specialist-Polisher,Polisher,0.002010001791185825
7721,0.0016168870499378523,HOG8-ML04-H1-GPS-Sniper-Specialist-Refiner,Refiner,0.12571515537531475
7726,0.0016159405698135552,HOG8-ML04-H1-GPS-Sniper-Specialist-Refiner,Refiner,0.05853718256531296
7731,0.001613549539338938,HOG8-ML04-H1-GPS-Sniper-Specialist-Refiner,Refiner,0.14796524818317333
7751,0.0016083794150035858,HOG8-ML04-H1-GPS-Sniper-Specialist-Refiner,Refiner,0.32041931216257447
7757,0.0016050698134362884,HOG8-ML04-H1-GPS-Sniper-Specialist-Refiner,Refiner,0.20577244003648648
7762,0.001604480311882689,HOG8-ML04-H1-GPS-Sniper-Specialist-Polisher,Polisher,0.03672747120807245
7771,0.0016036094065960444,HOG8-ML04-H1-GPS-Sniper-Specialist-Refiner,Refiner,0.054279586991180635
7782,0.001597384089747288,HOG8-ML04-H1-GPS-Sniper-Specialist-Refiner,Refiner,0.38820655598240134
7794,0.0015966976564873313,HOG8-ML04-H1-GPS-Sniper-Specialist-Polisher,Polisher,0.042972336106423197
7801,0.0015932547599571641,HOG8-ML04-H1-GPS-Sniper-Specialist-Refiner,Refiner,0.21562607774732864
7822,0.0015920417834544313,HOG8-ML04-H1-GPS-Sniper-Specialist-Refiner,Refiner,0.07613198674927883
7831,0.0015900000347037623,HOG8-ML04-H1-GPS-Sniper-Specialist-Refiner,Refiner,0.12824718370386168
7841,0.0015865961030812627,HOG8-ML04-H1-GPS-Sniper-Specialist-Refiner,Refiner,0.21408374517008993
7850,0.001582790776994341,HOG8-ML04-H1-GPS-Sniper-Specialist-Refiner,Refiner,0.23984214252963154
7861,0.0015753931662570617,HOG8-ML04-H1-GPS-Sniper-Specialist-Refiner,Refiner,0.46737767523052043
7871,0.0015684761048788114,HOG8-ML04-H1-GPS-Sniper-Specialist-Refiner,Refiner,0.4390688957147364
7886,0.0015631320813613131,HOG8-ML04-H1-GPS-Sniper-Specialist-Refiner,Refiner,0.34071437243292874
7897,0.00156276903769828,HOG8-ML04-H1-GPS-Sniper-Specialist-Polisher,Polisher,0.023225399015357504
7923,0.001560333421089864,HOG8-ML04-H1-GPS-Sniper-Specialist-Refiner,Refiner,0.15585262759000915
7933,0.0015550421278582823,HOG8-ML04-H1-GPS-Sniper-Specialist-Refiner,Refiner,0.33911298444699556
7938,0.0015528803226222386,HOG8-ML04-H1-GPS-Sniper-Specialist-Refiner,Refiner,0.13901907847481462
7948,0.0015502480577825116,HOG8-ML04-H1-GPS-Sniper-Specialist-Refiner,Refiner,0.1695085449522651
7958,0.0015498851143027907,HOG8-ML04-H1-GPS-Sniper-Specialist-Polisher,Polisher,0.023411961582458063
7968,0.0015480582146145034,HOG8-ML04-H1-GPS-Sniper-Specialist-Refiner,Refiner,0.1178732327595227
7977,0.0015423900638030631,HOG8-ML04-H1-GPS-Sniper-Specialist-Refiner,Refiner,0.3661458437370045
7988,0.001542381752453231,HOG8-ML04-H1-GPS-Sniper-Specialist-Polisher,Polisher,0.0005388617333034834
7997,0.001538314771417619,HOG8-ML04-H1-GPS-Sniper-Specialist-Refiner,Refiner,0.2636818692352416
8011,0.0015370079091864101,HOG8-ML04-H1-GPS-Sniper-Specialist-Refiner,Refiner,0.08495414953368707
8053,0.0015316659648470855,HOG8-ML04-H1-GPS-Sniper-Specialist-Refiner,Refiner,0.3475547723207462
8063,0.0015256730233622348,HOG8-ML04-H1-GPS-Sniper-Specialist-Refiner,Refiner,0.39126948188398974
8083,0.0015253104013332438,HOG8-ML04-H1-GPS-Sniper-Specialist-Polisher,Polisher,0.023768004247198268
8092,0.001519698234783417,HOG8-ML04-H1-GPS-Sniper-Specialist-Refiner,Refiner,0.36793603091680804
8107,0.0015158397324409462,HOG8-ML04-H1-GPS-Sniper-Specialist-Refiner,Refiner,0.25389924487348775
8127,0.001515618443596574,HOG8-ML04-H1-GPS-Sniper-Specialist-Polisher,Polisher,0.014598432778629603
8146,0.0015111439632231561,HOG8-ML04-H1-GPS-Sniper-Specialist-Refiner,Refiner,0.2952247244233783
8161,0.0015056396527316684,HOG8-ML04-H1-GPS-Sniper-Specialist-Refiner,Refiner,0.3642479224644764
8190,0.0015029487481080222,HOG8-ML04-H1-GPS-Sniper-Specialist-Refiner,Refiner,0.17872168940052563
8207,0.001492566210493416,HOG8-ML04-H1-GPS-Sniper-Specialist-Exploiter,Exploiter,0.6908111555817339
8221,0.0014915969382504842,HOG8-ML04-H1-GPS-Sniper-Specialist-Refiner,Refiner,0.06493998297142897
8243,0.0014915908512396674,HOG8-ML04-H1-GPS-Sniper-Specialist-Polisher,Polisher,0.0004080868404014998
8261,0.0014872497076717553,HOG8-ML04-H1-GPS-Sniper-Specialist-Refiner,Refiner,0.29104117689540066
8271,0.00147847651995904,HOG8-ML04-H1-GPS-Sniper-Specialist-Exploiter,Exploiter,0.5898933896211309
8281,0.0014739307129591635,HOG8-ML04-H1-GPS-Sniper-Specialist-Refiner,Refiner,0.3074656200831975
8297,0.0014699881466129824,HOG8-ML04-H1-GPS-Sniper-Specialist-Refiner,Refiner,0.26748654543372624
8303,0.0014695287542355777,HOG8-ML04-H1-GPS-Sniper-Specialist-Polisher,Polisher,0.031251434133201056
8318,0.0014681431579124495,HOG8-ML04-H1-GPS-Sniper-Specialist-Refiner,Refiner,0.09428847983645093
8340,0.0014623332597929082,HOG8-ML04-H1-GPS-Sniper-Specialist-Refiner,Refiner,0.395731035371397
8371,0.0014594550428394992,HOG8-ML04-H1-GPS-Sniper-Specialist-Refiner,Refiner,0.19682359914433012
8382,0.0014566715929934723,HOG8-ML04-H1-GPS-Sniper-Specialist-Refiner,Refiner,0.1907184369729831
8391,0.001454538642754783,HOG8-ML04-H1-GPS-Sniper-Specialist-Refiner,Refiner,0.14642629463969375
8401,0.0014481146246553304,HOG8-ML04-H1-GPS-Sniper-Specialist-Refiner,Refiner,0.44165331264668234
8411,0.0014475028965468166,HOG8-ML04-H1-GPS-Sniper-Specialist-Polisher,Polisher,0.04224307234376369
8422,0.0014395379046720862,HOG8-ML04-H1-GPS-Sniper-Specialist-Exploiter,Exploiter,0.550257404923459
8433,0.001439336524356924,HOG8-ML04-H1-GPS-Sniper-Specialist-Polisher,Polisher,0.013989233246905616
8447,0.0014352753100218673,HOG8-ML04-H1-GPS-Sniper-Specialist-Refiner,Refiner,0.2821587770706524
8468,0.0014335894835047194,HOG8-ML04-H1-GPS-Sniper-Specialist-Refiner,Refiner,0.11745666530849692
8481,0.0014289699985114074,HOG8-ML04-H1-GPS-Sniper-Specialist-Refiner,Refiner,0.3222320647901693
8499,0.0014275786238435412,HOG8-ML04-H1-GPS-Sniper-Specialist-Refiner,Refiner,0.09736906088411333
8508,0.0014248417323303455,HOG8-ML04-H1-GPS-Sniper-Specialist-Refiner,Refiner,0.19171564126023335
8518,0.0014210665854401871,HOG8-ML04-H1-GPS-Sniper-Specialist-Refiner,Refiner,0.26495201568696863
8528,0.0014195226239622004,HOG8-ML04-H1-GPS-Sniper-Specialist-Refiner,Refiner,0.10864807418636893
8541,0.00141701971759252,HOG8-ML04-H1-GPS-Sniper-Specialist-Refiner,Refiner,0.17632028735788988
8567,0.001413326726902583,HOG8-ML04-H1-GPS-Sniper-Specialist-Refiner,Refiner,0.26061674683054525
8578,0.0014113371646322878,HOG8-ML04-H1-GPS-Sniper-Specialist-Refiner,Refiner,0.14077157336828103
8601,0.0014082692310874313,HOG8-ML04-H1-GPS-Sniper-Specialist-Refiner,Refiner,0.21737779049103437
8618,0.0014071926314357542,HOG8-ML04-H1-GPS-Sniper-Specialist-Refiner,Refiner,0.07644842533737381
8639,0.0014028802094079931,HOG8-ML04-H1-GPS-Sniper-Specialist-Refiner,Refiner,0.3064556999109011
8651,0.0014003412931784002,HOG8-ML04-H1-GPS-Sniper-Specialist-Refiner,Refiner,0.1809788328730018
8671,0.0013965771410519023,HOG8-ML04-H1-GPS-Sniper-Specialist-Refiner,Refiner,0.2688024801406993
8691,0.0013874675840358055,HOG8-ML04-H1-GPS-Sniper-Specialist-Exploiter,Exploiter,0.6522773965235846
8746,0.0013870171386833753,HOG8-ML04-H1-GPS-Sniper-Specialist-Polisher,Polisher,0.0324652883867726
8757,0.0013863896374031112,HOG8-ML04-H1-GPS-Sniper-Specialist-Polisher,Polisher,0.04524106175499056
8777,0.0013841193009068392,HOG8-ML04-H1-GPS-Sniper-Specialist-Refiner,Refiner,0.16375890550687
8787,0.0013839372016244732,HOG8-ML04-H1-GPS-Sniper-Specialist-Polisher,Polisher,0.013156328522166087
8807,0.0013831054479036577,HOG8-ML04-H1-GPS-Sniper-Specialist-Refiner,Refiner,0.06010053923250466
8843,0.0013823916783159173,HOG8-ML04-H1-GPS-Sniper-Specialist-Refiner,Refiner,0.051606302962816514
8887,0.001380237239925124,HOG8-ML04-H1-GPS-Sniper-Specialist-Refiner,Refiner,0.1558486226868779
8899,0.0013798890132494834,HOG8-ML04-H1-GPS-Sniper-Specialist-Polisher,Polisher,0.025229479800113683
8911,0.0013764621280604591,HOG8-ML04-H1-GPS-Sniper-Specialist-Refiner,Refiner,0.24834498688806242
8918,0.0013764606810297679,HOG8-ML04-H1-GPS-Sniper-Specialist-Polisher,Polisher,0.00010512680746786403
8925,0.0013654357526365084,HOG8-ML04-H1-GPS-Sniper-Specialist-Exploiter,Exploiter,0.8009621012211884
8932,0.0013636242118176755,HOG8-ML06-H1-GPS-Spray-Specialist-Refiner,Refiner,0.13267126009663732
8937,0.0013621500180288097,HOG8-ML04-H1-GPS-Sniper-Specialist-Refiner,Refiner,0.10810850790781709
8947,0.0013590108610217744,HOG8-ML04-H1-GPS-Sniper-Specialist-Refiner,Refiner,0.23045604122062963
8955,0.0013540708764358334,HOG8-ML04-H1-GPS-Sniper-Specialist-Refiner,Refiner,0.36349853615054134
8967,0.0013486485578219362,HOG8-ML04-H1-GPS-Sniper-Specialist-Refiner,Refiner,0.40044570105293814
9007,0.0013420588741464054,HOG8-ML04-H1-GPS-Sniper-Specialist-Refiner,Refiner,0.48861385253495615
9018,0.0013394735326796984,HOG8-ML04-H1-GPS-Sniper-Specialist-Refiner,Refiner,0.19263994423130765
9037,0.001334129712006555,HOG8-ML04-H1-GPS-Sniper-Specialist-Refiner,Refiner,0.3989493291780717
9068,0.0013331629271401677,HOG8-ML04-H1-GPS-Sniper-Specialist-Refiner,Refiner,0.07246558244573757
9087,0.001331673059571515,HOG8-ML04-H1-GPS-Sniper-Specialist-Refiner,Refiner,0.11175435037401417
9120,0.001327477398295202,HOG8-ML04-H1-GPS-Sniper-Specialist-Refiner,Refiner,0.31506691872726195
9138,0.0013274540810248939,HOG8-ML04-H1-GPS-Sniper-Specialist-Polisher,Polisher,0.0017565097784789155
9151,0.0013268927212144925,HOG8-ML04-H1-GPS-Sniper-Specialist-Polisher,Polisher,0.042288454148858234
9163,0.0013259890115518177,HOG8-ML04-H1-GPS-Sniper-Specialist-Refiner,Refiner,0.06810721381059502
9180,0.001320420550803945,HOG8-ML04-H1-GPS-Sniper-Specialist-Refiner,Refiner,0.4199477295332804
9192,0.0013203777905257095,HOG8-ML04-H1-GPS-Sniper-Specialist-Polisher,Polisher,0.0032383832718693925
9202,0.0013190035036544407,HOG8-ML04-H1-GPS-Sniper-Specialist-Refiner,Refiner,0.10408285273578433
9212,0.0013168236090856857,HOG8-ML04-H1-GPS-Sniper-Specialist-Refiner,Refiner,0.16526829251895978
9249,0.0013151575027852106,HOG8-ML04-H1-GPS-Sniper-Specialist-Refiner,Refiner,0.12652463769479166
9262,0.0013135083667306325,HOG8-ML04-H1-GPS-Sniper-Specialist-Refiner,Refiner,0.12539456689297865
9291,0.0013110245870062973,HOG8-ML04-H1-GPS-Sniper-Specialist-Refiner,Refiner,0.1890950820905235
9302,0.0013074114204478624,HOG8-ML04-H1-GPS-Sniper-Specialist-Refiner,Refiner,0.2755986877931546
9343,0.0013070708996864146,HOG8-ML04-H1-GPS-Sniper-Specialist-Polisher,Polisher,0.02604541738905247
9358,0.0013055292006991619,HOG8-ML04-H1-GPS-Sniper-Specialist-Refiner,Refiner,0.11795067793358334
9376,0.0012991435830513997,HOG8-ML04-H1-GPS-Sniper-Specialist-Refiner,Refiner,0.4891210127159489
9387,0.0012986671811795788,HOG8-ML04-H1-GPS-Sniper-Specialist-Polisher,Polisher,0.03667045567834159
9450,0.0012978202095592316,HOG8-ML04-H1-GPS-Sniper-Specialist-Refiner,Refiner,0.06521852808953732
9461,0.0012938609840026434,HOG8-ML04-H1-GPS-Sniper-Specialist-Refiner,Refiner,0.3050673373265468
9471,0.0012913470750213606,HOG8-ML04-H1-GPS-Sniper-Specialist-Refiner,Refiner,0.1942951377593808
9481,0.001289789897632497,HOG8-ML04-H1-GPS-Sniper-Specialist-Refiner,Refiner,0.12058550477902648
9492,0.0012872613882349538,HOG8-ML04-H1-GPS-Sniper-Specialist-Refiner,Refiner,0.1960404095414619
9502,0.0012867312789356924,HOG8-ML04-H1-GPS-Sniper-Specialist-Polisher,Polisher,0.041181169893415095
9510,0.0012827220225932515,HOG8-ML04-H1-GPS-Sniper-Specialist-Refiner,Refiner,0.3115845870908736
9544,0.0012816860638103853,HOG8-ML04-H1-GPS-Sniper-Specialist-Refiner,Refiner,0.08076253191410879
9578,0.001281231427921172,HOG8-ML04-H1-GPS-Sniper-Specialist-Polisher,Polisher,0.03547170419108959
10000,0.001281231427921172,Final,Final,0
