relative_path	bytes	sha256
20260615_140911/Ackley 30D/Run_1/convergence.csv	10436	451053F638FC85D29CF048DCD22D141B8A0CC0E983236E25DC0895A6A4ABDEDB
20260615_140911/Ackley 30D/Run_1/run.log	253	B3F28B258F6C5538CB6D268AAA74D2AA7D87DCE563C46011D75827FE2EB1F1BE
20260615_140911/Ackley 30D/Run_10/convergence.csv	9738	81D29940A697E3292B5535DF7F7E7267E1F92E6121C9F61E1BE37EC5CA065DEE
20260615_140911/Ackley 30D/Run_10/run.log	256	25AFCBDAF6C612F006795FE20947BB070331D4CF133808516B50F0F04A443D0B
20260615_140911/Ackley 30D/Run_11/convergence.csv	10835	3AAB3B8B01D27103E42B64122AD506EE1B8103335202C7C737B07FBA630ADF43
20260615_140911/Ackley 30D/Run_11/run.log	256	4680919CACA873C2C1803DFAD0C0DD3B5E966E01FE8B5DD4F16BCF4CC2A9C648
20260615_140911/Ackley 30D/Run_12/convergence.csv	8925	EFEA41645CA42672B633BBF9CD0647873A3CEA296E1F0382B3718EB8F23F1B00
20260615_140911/Ackley 30D/Run_12/run.log	256	B17E541089A8B96D13532306EF7967B83462F8A39160D9E3DF4B6F717F04000B
20260615_140911/Ackley 30D/Run_13/convergence.csv	8334	324307C67F174C516F34D20B408EC9BFC5CA38A753149818EC5D0DCA152A2122
20260615_140911/Ackley 30D/Run_13/run.log	256	817170DB859361D655FA0C29585D4025A5CAFD1803D64E4F515568912188FA7F
20260615_140911/Ackley 30D/Run_14/convergence.csv	9947	6406C1ABC97ABE29B55361AF6437CE4CBF57BAF8966A06D183D1742632623F2E
20260615_140911/Ackley 30D/Run_14/run.log	256	07B4B6EA70F427702F2CB4AB58353A9358E252E94A3B0E97954FA6FFC02AC0B5
20260615_140911/Ackley 30D/Run_15/convergence.csv	9471	F09FCA0E859125D442D6D3DCFE03E37CDE42F8E12E72CF6063154E505FBC9AE2
20260615_140911/Ackley 30D/Run_15/run.log	256	FD5E012DE6B92BF0F536F1F2154819579E9EC23EC1E0AD59A36EDDAA8061E036
20260615_140911/Ackley 30D/Run_16/convergence.csv	9018	9947C67B39C3F2C1A3FB1BC7E4FEE4025ABB9AB04244AE97ADDC67FA7BB4F853
20260615_140911/Ackley 30D/Run_16/run.log	256	5F2782246F3D233DE998C0108EBDCE0D3506923B6434E1279791983FC66F80A1
20260615_140911/Ackley 30D/Run_17/convergence.csv	8432	4587CD2475FD21214ED8C0F504F723C453FC4DE5FE37AB5FE2D2CC47BD804FD3
20260615_140911/Ackley 30D/Run_17/run.log	256	6ED667E0016B1EF69125DDCF3E16FE7FC27D4EF46014E8678C5CA6063EEC5167
20260615_140911/Ackley 30D/Run_18/convergence.csv	9068	56D9D50A394118327AF3E16AC98DE815B807C448D7706CF0BEAE5DA233452D0D
20260615_140911/Ackley 30D/Run_18/run.log	256	FE9092AFF50F9A4082463E194F5B5AC9BF6B833ADAC9C788EBA57B9B04A1FBF2
20260615_140911/Ackley 30D/Run_19/convergence.csv	9191	23D712046AC7AC815811E88B32CE191B298BBE65EB91A1A120C4CFA45FF6EC79
20260615_140911/Ackley 30D/Run_19/run.log	256	B7105E45DEE58DF9AEE9B0C990533D77C57C5262E5E476851752524A290A005F
20260615_140911/Ackley 30D/Run_2/convergence.csv	9823	884429A57F649441DFE0A0AA3BA62E9D9311DD8AE5778DF95BD01F59C8B87138
20260615_140911/Ackley 30D/Run_2/run.log	253	37645866ABDB2F9A093B2DA849ECCB06CB50AB4124B13A194C56A415BB92B156
20260615_140911/Ackley 30D/Run_20/convergence.csv	9469	5EEACC1EE4BFC82BECD76FF8BA7463061CC93BAC5D044DBBE24FF47BAE6C42EE
20260615_140911/Ackley 30D/Run_20/run.log	256	54C10B8B997CE8D8FAFAF479DFD8E2D161259BAF313EF83207014E5D874B6579
20260615_140911/Ackley 30D/Run_21/convergence.csv	9201	1A687A555AA5A6BCC633FBABBB4CBC50D4A777433334A0EC3CDC1556F287D54B
20260615_140911/Ackley 30D/Run_21/run.log	256	7DA425417906B4FD6D089849284E5818E3ADCCABA9BE09CA66BB3795732D33DE
20260615_140911/Ackley 30D/Run_22/convergence.csv	9640	B97F5813C0B617CDEE6FFC20C295C37C5081A64C68F2C642C5AF145D5A9DBCFD
20260615_140911/Ackley 30D/Run_22/run.log	256	46971C6F69D20D0CDEB3DCDDC836AA8E3DEE180655E18AE71DBB594AB150FBDC
20260615_140911/Ackley 30D/Run_23/convergence.csv	9509	9765B30D189806F310E5521AE2FC7CFFE62FCE4F08AC79FDC39EAD170F480C1F
20260615_140911/Ackley 30D/Run_23/run.log	256	9553EE24DB97E14F99AE3E52726D45DE77DDD52837A454A4D9A3F042697D188B
20260615_140911/Ackley 30D/Run_24/convergence.csv	10248	2A733ABBA1E33F5848DD1373C3B7413AC34F34A82BC3ED532BC959C1D7D261C7
20260615_140911/Ackley 30D/Run_24/run.log	256	E36DD2AACE0D872DC8AB7B9491BF65B1AA2E7E1645F33DA83F4F35E545D3FB99
20260615_140911/Ackley 30D/Run_25/convergence.csv	9176	0D3E643BF09B86BB0D482E0EA9741E1B7F066A24EFB2836E666D5B5FEA941772
20260615_140911/Ackley 30D/Run_25/run.log	256	0E18FAF9D262D18940828CB5805B07A0D356A3F2CBEE7485687AF50BD897E3ED
20260615_140911/Ackley 30D/Run_26/convergence.csv	9540	13B820362590C92C21B896ECD4DCA5CE7F6D28A967DCE742B8ABDB0313003C4E
20260615_140911/Ackley 30D/Run_26/run.log	256	368C3EF1D171F935B87E8CE5A62864B53879B5CA1B44AE0955AC71416B886A08
20260615_140911/Ackley 30D/Run_27/convergence.csv	10729	58B4E49D7E28D086F8913EC22098E87ADC8263ACFE996CF76779631DA47B8F97
20260615_140911/Ackley 30D/Run_27/run.log	256	72ACFD4BA4A685E64954B9664DC45336F9BCBFC707A55F6C3ED7DBE2ACA47737
20260615_140911/Ackley 30D/Run_28/convergence.csv	9793	2D0E69E7C4C5FE250D0E91994CB5B6D0528BCE50EF863DA4D98F4681D45E7956
20260615_140911/Ackley 30D/Run_28/run.log	256	56431AE62EC1E9FBCC5F4C13F268689C0DE3D4268E763386EAB86B293F0CA3DF
20260615_140911/Ackley 30D/Run_29/convergence.csv	10359	B146945A01DB593CD960BC2E3B0E41D54A9EBF4F85BD1CD465E1A7399057C1E2
20260615_140911/Ackley 30D/Run_29/run.log	256	44D91E5108DB9CCC5B0521A474A8FBD4B6285A8BAD338DDC42046AA476DC4C77
20260615_140911/Ackley 30D/Run_3/convergence.csv	8928	4C2B6C40425A1076EE22E1FC0F8CA83D7729AFC9990946C1CF1E3F4B404481D1
20260615_140911/Ackley 30D/Run_3/run.log	253	4394FAE9DD247460858605A0E7F778704C4F36CE8A09F3541C96A326CB5D2E68
20260615_140911/Ackley 30D/Run_30/convergence.csv	8858	6016DF09D38B4828ADA70E629C55BB80196EBC8BE6A2BB2004A54A09B8DCAEDC
20260615_140911/Ackley 30D/Run_30/run.log	300	754F69144E45AE2998893B0BBB6C15C0B6B7B3D12D615DA45879583BE4532C68
20260615_140911/Ackley 30D/Run_4/convergence.csv	8751	89AB42A741A784B7D948D038AEB0C3E50B900A1A25F4F3FFFBE333A8D04D3F82
20260615_140911/Ackley 30D/Run_4/run.log	253	D0D1CF2D1C87C6CB5F4A7A26562351C4FE0ABA4D53F1AC79B1255CF92CAB24AC
20260615_140911/Ackley 30D/Run_5/convergence.csv	9407	9F780F30520FF07DC2C060B2635292137C59B907FDA63FD5B1175C781D326F61
20260615_140911/Ackley 30D/Run_5/run.log	253	083A83A7D1C3CA7C83B8F388A905284BCB7D90FEB3FBB4EDF31D674C1FF77117
20260615_140911/Ackley 30D/Run_6/convergence.csv	10344	9F56DE51AB3F42C5AE43CFDB715DB25E4C9438FFE056D7601A58A261700E1829
20260615_140911/Ackley 30D/Run_6/run.log	253	6D00385241BD6E0A9DD80DFCCB5093FD64B20C2A247E0301A72DED345AAE5C18
20260615_140911/Ackley 30D/Run_7/convergence.csv	10493	3F818AB0693C2EF69CAC8050059AF4CEEF33ADB3D4AF1BA462CDC29EEB222E64
20260615_140911/Ackley 30D/Run_7/run.log	253	E8004084E69CD4A2BE301E539EF1221A7CFE9116C62DE18431D3B8E82BF87671
20260615_140911/Ackley 30D/Run_8/convergence.csv	8870	64092EBAB5E8BC64829750EB0521AD6E6891826E0A7B25548D04A2A640510C60
20260615_140911/Ackley 30D/Run_8/run.log	253	242FBC2C0FD1FC0546E54C55B0C15A2AE8A805891794745D7615B12890D4F00C
20260615_140911/Ackley 30D/Run_9/convergence.csv	9686	DB6F7F0605B289568BC78D5BE07E735C26D0973652BC86AA46F43E3216780A09
20260615_140911/Ackley 30D/Run_9/run.log	253	7B24890CDDA80D1D49E7A86CD6F97CFED35CD22F46C8EFE99B8676636A4965E4
20260615_140911/Ackley 30D/summary.txt	1553	AFF43E2A245D90DCE7CE88EB26A65B452E84D88235DEEA0016D803401120B746
20260615_140911/batch_summary.csv	1811	62984FD996E54354005BDC24DE0AB4584A44C6A91DBBBC6E1604A5B37D64F91E
20260615_140911/Griewank 30D/Run_1/convergence.csv	1251	D2DBC9DA3B7A56DF67D1731501436DEAB9538CDC158C67011F3FADEB1D9FF0E8
20260615_140911/Griewank 30D/Run_1/run.log	259	7C2784C44E8E7C555B0F1E19F2D2BC4368949E0BE7AB8F9263B8D9A8F44D00AA
20260615_140911/Griewank 30D/Run_10/convergence.csv	1148	74C930AC09C9DEF42B80BCAD696D021484BC1165BE0045020FEF8DCA47B7B689
20260615_140911/Griewank 30D/Run_10/run.log	262	E32D5012EBC278B76F8B6C5EB6E3EB3CFD7C37E4AF7CEE4C42452F83805C7DFD
20260615_140911/Griewank 30D/Run_11/convergence.csv	1132	4AF95495B673721BCAAC7C0E727F46D239F1AB64537A2C50061421EE847FE6B6
20260615_140911/Griewank 30D/Run_11/run.log	262	DF57FD7B6FC9C65E571856932597F859C7C972233A56868F12BED6F79E6C196B
20260615_140911/Griewank 30D/Run_12/convergence.csv	1028	23F377BAED2332DB6CDEF8DAEB4ED7C8D3015BAE527D8F7A5B19545A244397A7
20260615_140911/Griewank 30D/Run_12/run.log	262	4992A806FA44452059F97267EC1C73EA67935FB31270ECE98E9FBDBFDC1B25D4
20260615_140911/Griewank 30D/Run_13/convergence.csv	852	6724F2D51114B4F0319A9218A8AEFEC2D70A254D1F9683B3C81EB87A26331436
20260615_140911/Griewank 30D/Run_13/run.log	262	D8CC69ABE53543BF3FCB284E2E9888A245BAAB321FD637FF54FE16D0944F20F1
20260615_140911/Griewank 30D/Run_14/convergence.csv	1392	540FE7A07AC17D8A1DBAF446898EAD217D2A71C398DD4029D4B1A528202576DB
20260615_140911/Griewank 30D/Run_14/run.log	262	076B3318FB3CE24CC5078D854A7C62227281A899A565905B8A91FE019FBE8488
20260615_140911/Griewank 30D/Run_15/convergence.csv	1354	4093B87B747169735BCBD771F8CD9C4BC6BB1499E395BA3CDF5EEDAD603DCC72
20260615_140911/Griewank 30D/Run_15/run.log	262	520428E423E80A22E88FF638E8EB1ACF08D0FC1661C51F3E020EC229AB6C4014
20260615_140911/Griewank 30D/Run_16/convergence.csv	1370	B3D322A295749E919E4CB0205BD3767F891608A87729E794E64C04901C30E7BC
20260615_140911/Griewank 30D/Run_16/run.log	262	1B5B5F36E10FEC2F82B34DC4B41B78E3968CFFB8D97E0E4AED150BADFEF30E13
20260615_140911/Griewank 30D/Run_17/convergence.csv	1576	96340202B61109B651C6D2F3BDF56340307BBCF9B606D75129DFA7689B0DF301
20260615_140911/Griewank 30D/Run_17/run.log	262	F3EE4D0B6F8A2C6BBBE38B4BDDB35916BE3E429E2BDCF54B31068EA3CE086CF8
20260615_140911/Griewank 30D/Run_18/convergence.csv	1041	9E1310145708F0CAC20F262C880FD5FA2B9D50C02EA6DD48BE5B292253E1E032
20260615_140911/Griewank 30D/Run_18/run.log	262	885DDAA6A0DC0E95EE0626023D91EF0618AA7C3ADF6CE384A33FC9F79AE8B6CE
20260615_140911/Griewank 30D/Run_19/convergence.csv	1105	BDD2CA4571FB4860AD1D6BADB41EF7CF813E06E304181B4FE8E47F724415205A
20260615_140911/Griewank 30D/Run_19/run.log	262	B473AD88073AC03309A2864758B977A85A7DE4E3400DD116331825D4476D6A33
20260615_140911/Griewank 30D/Run_2/convergence.csv	1237	76BDA734D7F02B7C037E563BACAE2701BB9ABF55AEC241FE5779D16D670D1F5A
20260615_140911/Griewank 30D/Run_2/run.log	259	691FA6D310258B0BE84BC7B9B0954429E72493826591A3FFDE79E14B27E5176E
20260615_140911/Griewank 30D/Run_20/convergence.csv	1136	B387A5149AAD3DB4DA40A62AF3757C891FC8B9A2825DA6AFD44538BA8C64CB47
20260615_140911/Griewank 30D/Run_20/run.log	262	EC717937B1B0A8766242A5D091BAE65B598E078CB542C791A7F25BAE4052C868
20260615_140911/Griewank 30D/Run_21/convergence.csv	854	EE054DFC131DCEC4264CB0B073F9837331065A0E86F1CC8754211B47F1D6BFE9
20260615_140911/Griewank 30D/Run_21/run.log	262	7C527C6F0EB010D09FB2A969552FEA9A7CCA69C8BA1D0C8A0BF473A6E5ED6266
20260615_140911/Griewank 30D/Run_22/convergence.csv	1340	D8D2FE07DC4A170809C5901D9DBEA62B7B950A68E5AC12914B99982E8D6716AA
20260615_140911/Griewank 30D/Run_22/run.log	262	9FB73A3B1B38610F240E6C07D920F718D27E2368B2FA526DBA5ECF148367191E
20260615_140911/Griewank 30D/Run_23/convergence.csv	1933	243944575053719428CDC063E7C2A1CB2945CD4DE2B1D5AC2C11850E2F52B418
20260615_140911/Griewank 30D/Run_23/run.log	262	1A9BDB6BF258FCE714DE9E0996F099998112126D92DDD852C9FF7F5DACF58F72
20260615_140911/Griewank 30D/Run_24/convergence.csv	1881	815B4FE733202236550A5E20402525FBB131A69F635CE3034B84827566047F13
20260615_140911/Griewank 30D/Run_24/run.log	262	DCC54A717D11613B958A7B219BCD4D76C71DD13378BE7026DC36B1D6130F5795
20260615_140911/Griewank 30D/Run_25/convergence.csv	985	DABB9097DC2E5FD597A79F8D487925BF48D144C68C010510F8EFF0354A96D00A
20260615_140911/Griewank 30D/Run_25/run.log	262	195792B357B9517B6A00AB963C8DA31CA973F53CDB727DB6A0B841F21180EC2F
20260615_140911/Griewank 30D/Run_26/convergence.csv	2089	B43602DB30CFB9141AFF7CDE7612E7723AFA562F10006A65235CE71ABBFF12B4
20260615_140911/Griewank 30D/Run_26/run.log	262	2A8C00F98779DFFA34075E0BBA71FBC6E2F971391940CB9775CFD85DA2180840
20260615_140911/Griewank 30D/Run_27/convergence.csv	962	1432F3AC85212DE686AF4D15420E4222B9638C7EB3A2A6FC56494D3E986CF2D8
20260615_140911/Griewank 30D/Run_27/run.log	262	4AF0522A0245F9FAD5A8EAF8D9D9198390AB69D90A30E98BBA31F7FFF154D4CE
20260615_140911/Griewank 30D/Run_28/convergence.csv	634	C76C9905C44680CD1D83F6C2D6F126E79EC43EEE061025E57E38F13080770D5A
20260615_140911/Griewank 30D/Run_28/run.log	262	E0093B54CBE14855CD33B058E3C13DC1EF504835B0E11AC1BE4269A444261B64
20260615_140911/Griewank 30D/Run_29/convergence.csv	1584	4E4CD8BAA642FFF036407A5CF3D9B60950C8BF665E1FA2205204B09A225917E9
20260615_140911/Griewank 30D/Run_29/run.log	262	29E7C1628BE5E84F6CCED67EB8C8700B2A23814B64A52D11772C67CCC79CD363
20260615_140911/Griewank 30D/Run_3/convergence.csv	1129	2E08F5C69B67B303D21C9D80053D8830290C5D9DCED02C614DE4D03FE56D9DA0
20260615_140911/Griewank 30D/Run_3/run.log	259	31272CE999431E459CB04BD147759C6084AE5DA9A600FA2A045FCF30E0A35000
20260615_140911/Griewank 30D/Run_30/convergence.csv	1543	FBC7F980F4023029E467EF59BC5179CFCFB55953414F8FD99FC81C4DC16F42E6
20260615_140911/Griewank 30D/Run_30/run.log	2319	AEF4E8012A642C3A308F040E6142CDF3F80BB5B37446F6BC173699056B88EA4B
20260615_140911/Griewank 30D/Run_4/convergence.csv	1007	1C7673BA43909435DB921EE81A062BD0F7E123D8D657F3DE73A32845CF685CD5
20260615_140911/Griewank 30D/Run_4/run.log	259	6F4C51407BE7A12460FE0A9188F8A9784FF96C60D00EE5DD183F869FD2CF7B0A
20260615_140911/Griewank 30D/Run_5/convergence.csv	922	BE395B80353886DD17DDBC9A51942AD73373E5A5EC6C61AD52D1396B955F701A
20260615_140911/Griewank 30D/Run_5/run.log	259	275DE6C0718DCC5CD7B88F548787E18E863CD0CED56E8ABF9957FCB5AE814F76
20260615_140911/Griewank 30D/Run_6/convergence.csv	1983	DB0013AB21ADE7384BE3996FB854D371403D10E627E0995033AB644A51E96BC9
20260615_140911/Griewank 30D/Run_6/run.log	259	B2DFEE4C49FB34F51FEB0035DE2CDC7EF88AB513427D887ED6627B4543B672A0
20260615_140911/Griewank 30D/Run_7/convergence.csv	954	8C31DC979BD274F797A59ABECBD150552A7AC3179C2832EC2C306791DD9EE946
20260615_140911/Griewank 30D/Run_7/run.log	259	29BB47028DC274CFF7130DAF7648B8384B09B632FAF5405D3DF2E4EF8DF4A26F
20260615_140911/Griewank 30D/Run_8/convergence.csv	1103	B7176C9249D81BB4FC93A2B1CADC228870CD7553200096EA43F912B8B08FA0E5
20260615_140911/Griewank 30D/Run_8/run.log	259	C52A2A9A1FF7C10579DE614D98E6CCF68BCE73A0FAD84C00AD44F806EE26BECB
20260615_140911/Griewank 30D/Run_9/convergence.csv	1428	A3EEDF2419B43FF20D37F35F4A228D8F2ABD068AE07E2DF6A617EEAF279754E8
20260615_140911/Griewank 30D/Run_9/run.log	259	74B73AEE739B1BBAABF6361A9BC4C7513F9660FEBCE0693528C2F6ADC61A3A14
20260615_140911/Griewank 30D/summary.txt	1555	E86B25D983100E34CA5C25E9FE7C7D821B6C6AEA68B84D5FEA374E3AC4CC58D9
20260615_140911/Hybrid F2 30D/Run_1/convergence.csv	69230	57384FAE2A53145D59361A1AC0A8D71098DFF566DF40314366B3DA6ED5B390EA
20260615_140911/Hybrid F2 30D/Run_1/run.log	262	6EA8001AEDAACC3D6C52C955200427A84EF988CB204F7BA39DE0B4A9813FD797
20260615_140911/Hybrid F2 30D/Run_10/convergence.csv	89960	D88F167513C0BE100AD0319CFBD646F707AE4E62058E1E19E56D2F2B4AA0D427
20260615_140911/Hybrid F2 30D/Run_10/run.log	265	B0FB0689F7534DD4C9AF67E42E9959B60FEAC57858FCA6A64A94039CA70CE829
20260615_140911/Hybrid F2 30D/Run_11/convergence.csv	98328	AE3642484DC9429D1D4B0F6D5AA561FAF8FD3AF7DE6EE8A31BE9E4D628EEBCEC
20260615_140911/Hybrid F2 30D/Run_11/run.log	265	A8194CA0AB6C961025DE7A0C575DD35CA1D8B9C794A8B11134926001FB2967CF
20260615_140911/Hybrid F2 30D/Run_12/convergence.csv	82943	04639FC85D6931CD22084DFADDA516279A1CEAEF050CDB1626115B5A77CC896F
20260615_140911/Hybrid F2 30D/Run_12/run.log	265	0671D68B110F0F93687854671C9637D18C6AFA3E18E32B6F6A199443E6F20119
20260615_140911/Hybrid F2 30D/Run_13/convergence.csv	90823	1FA1AB11158BBACCC8AAE50C9824F1E7123405944078D431464E488769C2D466
20260615_140911/Hybrid F2 30D/Run_13/run.log	265	EC327EED57FBEF1F076BB58CCCA64C3A18FEE4DFADD501CF32A5713E6A32409B
20260615_140911/Hybrid F2 30D/Run_14/convergence.csv	82187	00A8C7AEF35A2A49F8D326CC560005591F6193ACD6302B9649E14ABC95075E71
20260615_140911/Hybrid F2 30D/Run_14/run.log	265	6F0357BB335B7E81E509DA6F12CB8407B71EA7C76E2319DBB8356386FE9451E2
20260615_140911/Hybrid F2 30D/Run_15/convergence.csv	74482	F9DDF2C0D89A85E0F0C5BC5CC9FFBDD693FA380DD5A7A5037EA7F0896F683320
20260615_140911/Hybrid F2 30D/Run_15/run.log	265	7EC0CAB03677FBF2BB7EA90956B3ED82341AB2AE2D9B828A1E7063092325DE7E
20260615_140911/Hybrid F2 30D/Run_16/convergence.csv	87762	A20BAFE3DE0ACC14E2B676BC2D119F09273592920E5DFFF0F19B44E0DF5B8A78
20260615_140911/Hybrid F2 30D/Run_16/run.log	265	575351B427A016546DF9619C7069DC5768B19C746C52407F48CF53E0F9F0FF00
20260615_140911/Hybrid F2 30D/Run_17/convergence.csv	82027	30B55FBCDDDDFA8E18E017297A65FB6D32B9C90815E31ED715C83091A727573A
20260615_140911/Hybrid F2 30D/Run_17/run.log	265	6AC77E904533D5794C3E8F0E7E203CB3D29537DD67CE0966B909D79E569A3071
20260615_140911/Hybrid F2 30D/Run_18/convergence.csv	71887	664CFD7C908D9FDD61759D965CC8B46549D982CD4CC30F608BB7664C0699E1F0
20260615_140911/Hybrid F2 30D/Run_18/run.log	265	703CF8CBF354AB44FE59C3082FE5E331EA6C6C57BDDE4E69F91CC12912F5FC54
20260615_140911/Hybrid F2 30D/Run_19/convergence.csv	70635	33B7106A5206AD60A2138EAF1E1264B2EDEC1C7FBC4730D6874D88D7FF391BC7
20260615_140911/Hybrid F2 30D/Run_19/run.log	265	2A5A7B1BA856544C871CA767DD38FAFBBC126D9FB2BF89D812F43C79E57D8C09
20260615_140911/Hybrid F2 30D/Run_2/convergence.csv	86312	56BA044A0E431BAF506ADB0B2D17318F27B92E9431BBE2EAE43CA1CAE479C370
20260615_140911/Hybrid F2 30D/Run_2/run.log	262	744CB1DEFF2C5EFBE3098C80DD88CE1037DEA2770CE34169635C398E95F64EC7
20260615_140911/Hybrid F2 30D/Run_20/convergence.csv	69819	03310AF01205EB8D73FEE29A84945646E4745F18E5D45C247346DFE6271B7735
20260615_140911/Hybrid F2 30D/Run_20/run.log	265	DAC73C55530362E818026D1066E6F072D088C31E78393BF354A496ED522BC558
20260615_140911/Hybrid F2 30D/Run_21/convergence.csv	81873	A1E8E25F54AA4CD2EC391647F1B41005F832512DA941A447EA6A7B3D5ED308CC
20260615_140911/Hybrid F2 30D/Run_21/run.log	265	6BA9A0A702501826511E3D07B19FDE1D5A75C839DE570EA6CD89E31D05414D5C
20260615_140911/Hybrid F2 30D/Run_22/convergence.csv	81516	FC20ED10C4F45814994639D26C4AB324556C48EF1C7265AB0B6F0E005FFC4EB5
20260615_140911/Hybrid F2 30D/Run_22/run.log	265	4F0348FF7C6428BE592C14DF247FB6A05E7D1ACAA915F0D6DC862AFD15023452
20260615_140911/Hybrid F2 30D/Run_23/convergence.csv	79655	F1C79EBE2A4A3F50918F68CF1DE65D031C83F8F96B66ADA516E0C3D33CD76424
20260615_140911/Hybrid F2 30D/Run_23/run.log	265	450C10F09120D5E6AEC622D463EE8EC4DCEAB0A4D7507E38AE58DC6DDEB46079
20260615_140911/Hybrid F2 30D/Run_24/convergence.csv	67009	C1FB4A306C73E9F5E808D72565A1C534EDFB08A92EC7E74CB00D696F13F396FC
20260615_140911/Hybrid F2 30D/Run_24/run.log	265	499AB8460CDB5B84C8B0F4BEF4977CA9CC2917D151CF6BE9BBA270D25C5F9886
20260615_140911/Hybrid F2 30D/Run_25/convergence.csv	83351	6C37DE57EE8097FB83E80B0ACB0152C036B005DADE8B6C120457088CC67CFB01
20260615_140911/Hybrid F2 30D/Run_25/run.log	265	DADBFA93CACBA04A8254F21AFE1AC7CD2D49D49D26CFB3D36F790FAA3E39FC53
20260615_140911/Hybrid F2 30D/Run_26/convergence.csv	37670	B7B651F0F44A412BA2EA91E0818C2C555D4ACDA8CA5E9E93D0524A59C108964D
20260615_140911/Hybrid F2 30D/Run_26/run.log	265	30E7E5BD58B212915C54CF97834BD29286B86A14CCF8F327CEFF5941AB05732F
20260615_140911/Hybrid F2 30D/Run_27/convergence.csv	63112	0E285841922668478318E1CBBA3D4ED461C228BA29C5B5EC084938561F0FB96F
20260615_140911/Hybrid F2 30D/Run_27/run.log	265	3D704890693BCF91B7131C643042DA02D57A4FF910BAD951A81E2C53717A3FF6
20260615_140911/Hybrid F2 30D/Run_28/convergence.csv	68806	1D8D6774AF35502731EFDE1A6F96B8F9CD45D814412FE877956A66BF58CC1B63
20260615_140911/Hybrid F2 30D/Run_28/run.log	265	FCC90FBD5B8380C5A0D122BCE13449F0FB2D71E587412B67A43A9695C33F81D9
20260615_140911/Hybrid F2 30D/Run_29/convergence.csv	72074	E127E5A3634FA30A71FBD7F399973615B05D62A5AD0CEEAFF1F9C9BCE3427402
20260615_140911/Hybrid F2 30D/Run_29/run.log	265	C2C6E5C553F567D20D4AB49ECD7E3C89713B503F5C1583522D014F3A30A47DB6
20260615_140911/Hybrid F2 30D/Run_3/convergence.csv	111590	0C81EBDB810D5A47B9F1DD22E1A298D3998A1B22E4E014806CD0F240934264F5
20260615_140911/Hybrid F2 30D/Run_3/run.log	262	2039A168B0679032741C4492D82C79E33E4B3A0BD15F5E6030F4F1CED895F805
20260615_140911/Hybrid F2 30D/Run_30/convergence.csv	85880	D035730BA76A0CEEF5C31116E241DB754CCFFACF1EE0B218829BEC2D00ADB10C
20260615_140911/Hybrid F2 30D/Run_30/run.log	316	57BEF628ED08D4F824F7FA835E409CA9C27F9D61CC5419A753F8826E3E29D417
20260615_140911/Hybrid F2 30D/Run_4/convergence.csv	104417	63791086AC90DA910F7DE4C481928CCDD72D08801B9AE3D00778252FB399A145
20260615_140911/Hybrid F2 30D/Run_4/run.log	262	53632123F9887B951996C289EEC68B0BCF5C5E4C6D6C22549EE48336BE76B38A
20260615_140911/Hybrid F2 30D/Run_5/convergence.csv	124010	745ADEC4E197EA4886EC852FEA1F0E4C1E1D5EE5F1E3256A428C7777BAF43BA1
20260615_140911/Hybrid F2 30D/Run_5/run.log	262	2703C44E3D7A6F37DBE1B33B28549827B2CF0CD26D3F7C7FBFACCCFAF5CF5FFC
20260615_140911/Hybrid F2 30D/Run_6/convergence.csv	79988	EE813C2C0970B297AA9CFCB3A5B7A7DE30CF2620EC3159BFEF23083EEC7D5D79
20260615_140911/Hybrid F2 30D/Run_6/run.log	262	4F69949A9EA16729B58CC4E4531B814B929999A61E89D87F4D6523FD58DCB51B
20260615_140911/Hybrid F2 30D/Run_7/convergence.csv	99544	70B805193123094F1AF9BCA24686AB116539EB63A8D9459ECABCD77076FD4827
20260615_140911/Hybrid F2 30D/Run_7/run.log	262	ED1ACBBB5C83B53121ED375423F85603FA606E8E4400F5E8D11F7BAD9EAD61A0
20260615_140911/Hybrid F2 30D/Run_8/convergence.csv	113306	49651CF704DD20A60A5369AD7D9916120EFF43162107EDD593C176E62D04FED9
20260615_140911/Hybrid F2 30D/Run_8/run.log	262	F60074F087D9B711DAADA0073DB46EFF77B6B21A6406DC5B505FD1A1D3D123D9
20260615_140911/Hybrid F2 30D/Run_9/convergence.csv	92896	A511356A1BCA02F62FD6D507DE9E73946DC872AF058F9E798D510AB34482C0A0
20260615_140911/Hybrid F2 30D/Run_9/run.log	262	AB019ED6C5DC3D39A5963FCEF2C5CEF531419918E536982166538D013C652AD5
20260615_140911/Hybrid F2 30D/summary.txt	1581	0DE856B06F07EE886F8AFEF352A6C0A6E3A2D187BD1333BACF48044194C4ECB3
20260615_140911/RoleTransition_Refined_Comparison.md	11427	FA4B2696FCDFFD0C62ACE8B2DBF2AB19AE45F37EB4E32868E870AB6FCBB9DC1E
20260615_140911/RoleTransition_Refined_Tables/Rosenbrock_30D_transitions_all.csv	1605	2CCE74994D4DE8E87613F54682B7350979F45A401725E291D7E6AA2EF5A5412A
20260615_140911/RoleTransition_Refined_Tables/Schwefel_2_22_30D_transitions_all.csv	1513	38DA3ECA815E56D0F92480090515B5B27F9A5CDC2DAE1DC9C1D447FCD9DEDEE3
20260615_140911/RoleTransitionAnalysis_Rosenbrock_30D/representative_run_timeline.svg	40104	94F74D26F30D0A94E097142B0670B92D2DA5F6D36AE7B7FFAC4A7321D5911E27
20260615_140911/RoleTransitionAnalysis_Rosenbrock_30D/role_occupancy_by_bin.csv	1107	4F5DF69CFBF9D2F41F4E5D425B928C4AC9C1CFA2AA6039CA2509BA209EFE0EC0
20260615_140911/RoleTransitionAnalysis_Rosenbrock_30D/role_occupancy_heatmap.svg	17167	DCAB423A11A909A16A18F49DA1315A59AADCAA424B1DA0FF4C9C2695127C7C9F
20260615_140911/RoleTransitionAnalysis_Rosenbrock_30D/role_transition_matrix.csv	355	6FEDA1130F32A7287B6B148AD0E32864E8781F4FB37C77959789E96C630D1A00
20260615_140911/RoleTransitionAnalysis_Rosenbrock_30D/role_transition_matrix.svg	6456	BAB4B127CD535009CAFFA2CE6FC465B3A8E3B32A1F996895BE3072B507112440
20260615_140911/RoleTransitionAnalysis_Rosenbrock_30D/role_transition_report.md	2225	E38AC5D645E38B27736712BE4ACAC78098CF5DF93678F4796E9F47EC7EB62885
20260615_140911/RoleTransitionAnalysis_Rosenbrock_30D/run_features.csv	5675	3A80435C40FAC98AE0B7538B94F418E1B1664CD35C69958EE106959BCE406768
20260615_140911/RoleTransitionAnalysis_Rosenbrock_30D/source_contribution_by_bin.csv	914	1E4B83BAE1F2A2A5D9A82A12F233AA9708103470FC91BC38E31AE822A0E18F64
20260615_140911/RoleTransitionAnalysis_Rosenbrock_30D/source_contribution_heatmap.svg	12041	5FA777C7C2101C69815ADABBB77F432CC3BFB307EB86EC0D6AED62C8C7E778A3
20260615_140911/RoleTransitionAnalysis_Schwefel_2_22_30D/representative_run_timeline.svg	18989	096B2E0DFA0DAA79ACF8D9F59A3FEA3742B7CE67281812F4DD24222A0E0F489C
20260615_140911/RoleTransitionAnalysis_Schwefel_2_22_30D/role_occupancy_by_bin.csv	1107	B9E1E43F0E653D13E3F79D248033804E2A1D5F0656649FBF0ECE39DC6256BE8D
20260615_140911/RoleTransitionAnalysis_Schwefel_2_22_30D/role_occupancy_heatmap.svg	16588	940240E2734D25403D581E9A20FE12BBB88797DD8B88BB075AD4AAD42EB41C46
20260615_140911/RoleTransitionAnalysis_Schwefel_2_22_30D/role_transition_matrix.csv	355	91A0ABEF0DCF8BC9E54F7E50B8834FF642F9DF2C706409606AFE1B63F8901A98
20260615_140911/RoleTransitionAnalysis_Schwefel_2_22_30D/role_transition_matrix.svg	6456	5EF9D8EDAB56C680A186F71E7AFFF647F16D1729C439301B75685E00825D055F
20260615_140911/RoleTransitionAnalysis_Schwefel_2_22_30D/role_transition_report.md	2237	B8AD622445313102D7991F0CC34C4771F6EFFCC4714A90DE028B31E6A4F874D6
20260615_140911/RoleTransitionAnalysis_Schwefel_2_22_30D/run_features.csv	4682	6808C4B94A6D8EE5EA25C3EBA39099A2AFF8FB01479FE2D1951E662F14775B00
20260615_140911/RoleTransitionAnalysis_Schwefel_2_22_30D/source_contribution_by_bin.csv	728	4EFC85C89B85939EF5F01AE7495AC3F73368C569BC97DB70A455E96B3CB87550
20260615_140911/RoleTransitionAnalysis_Schwefel_2_22_30D/source_contribution_heatmap.svg	9019	524AE65EA1B6E0AD29974774860F03470981C09DD8534BAC1DE672E17C145C40
20260615_140911/Rosenbrock 30D/Run_1/convergence.csv	94653	D6878037B92F7A137200D59021AEC3EA94512F45B40C16E2893163027C9682A0
20260615_140911/Rosenbrock 30D/Run_1/run.log	265	89162D291BED9C6D3D73DB9549D58175FCCF07C53402BFE7CE1DB628A6039CDF
20260615_140911/Rosenbrock 30D/Run_10/convergence.csv	93185	C79B423700386E4811565DC30170362816E16F33F76421A6C32EE549560E7CE0
20260615_140911/Rosenbrock 30D/Run_10/run.log	268	8F75D34FA3E1025BF6E7C58C7041E968642D4BC2D92EAA2F8D80513E71E9C296
20260615_140911/Rosenbrock 30D/Run_11/convergence.csv	91079	9E13382D6D6A6C5214EDD19BEA2F702294E4E092A38BD01B255485A6191B7225
20260615_140911/Rosenbrock 30D/Run_11/run.log	268	AA384A1FB764F109440E72C86DD403115328E10EA1A0FCA0CD0C7A70C21CC4BE
20260615_140911/Rosenbrock 30D/Run_12/convergence.csv	114950	CF4F870592958F178F9258AC67553FA39FFAC715E94C193BFE0E74DC9B3FA627
20260615_140911/Rosenbrock 30D/Run_12/run.log	268	47A8ABED4D551AD281579473BCA70551E44954015D75B2FE52880561897D3D2D
20260615_140911/Rosenbrock 30D/Run_13/convergence.csv	98066	616A81A29E9D667F3EE4A2555529C3EB9C9E6002ADC11687A3CEE00D1AFCC446
20260615_140911/Rosenbrock 30D/Run_13/run.log	268	60C6684CD4FD77B6080D717A8F76C7F3C45F25C96CD837D77672AA34C57C183A
20260615_140911/Rosenbrock 30D/Run_14/convergence.csv	93403	18BA9346CA3325D7C39116080A6CFD644807722B5F1D867D88EA91CF416C7D59
20260615_140911/Rosenbrock 30D/Run_14/run.log	268	8082CF2D428874607017DFC3C3EB444C00E39F03EC749A4F2C36B3A3E23CB7DE
20260615_140911/Rosenbrock 30D/Run_15/convergence.csv	92798	4FE45F9A5E817504A2F5D2076260A1A99BE2A75435BCAEAD9FB89EE5108AB528
20260615_140911/Rosenbrock 30D/Run_15/run.log	268	690C7584B22638071C1885070BD6DD3FB5A62B79BE44831F934FB22516793865
20260615_140911/Rosenbrock 30D/Run_16/convergence.csv	26300	F971DE8D4FF94CBD455A2C7D2129241301D95E738622EFF13815BB6068FBBBAB
20260615_140911/Rosenbrock 30D/Run_16/run.log	268	D6FCBA45AF4F2C3244757ED63D46799CCB63C858458FF041EB3E01B87673146B
20260615_140911/Rosenbrock 30D/Run_17/convergence.csv	101141	567E8242949AE63C8DFDC9B101B38BD8D745D5221CD2AE66CED1D8865592A64F
20260615_140911/Rosenbrock 30D/Run_17/run.log	268	D8DBC9F9DCFC78C28C9901B504CE9CA79C2132642368ED7C73E6CE3E9E3FFB8D
20260615_140911/Rosenbrock 30D/Run_18/convergence.csv	92963	109DF6285D26B569EB55510CEFA4370A8528DE01EFCBF4F62FF17D10689BFA94
20260615_140911/Rosenbrock 30D/Run_18/run.log	268	AA93CC8DAD2211AD53B9A35ED333394380ACD7D281C670A4A5094F2732FCD3E2
20260615_140911/Rosenbrock 30D/Run_19/convergence.csv	92578	1578CFEBB8EC1DE63BBBA6385709C33F55527A4BA24A3640B8EFFCFAB508F8C5
20260615_140911/Rosenbrock 30D/Run_19/run.log	268	C04E6665422D615C8D709C9661663BF43FF8548DC3B17CADE1BCFD4FC1752DB8
20260615_140911/Rosenbrock 30D/Run_2/convergence.csv	93620	FBC3729EAF454F369919D55F8D0E78F9C1F9B9BF74A83E16072E41BF96838C33
20260615_140911/Rosenbrock 30D/Run_2/run.log	265	13566CF726A357C235523CCEF0C02E1DCC7FFA5A4A7CE50C45AD97863E41367D
20260615_140911/Rosenbrock 30D/Run_20/convergence.csv	93100	66DDB096243C505C5C9B43EFDF96FBC956584CA2513B294180C86613F5755969
20260615_140911/Rosenbrock 30D/Run_20/run.log	268	FEB59E6290BA5959205C3E55CE8D9083CADBC2FFA94AC291F09202A1118B8610
20260615_140911/Rosenbrock 30D/Run_21/convergence.csv	93125	9E00FC3DFBA4CBD8050013EA17C18A243F9D5A4AAFB0D4A419130E09FBD9B52A
20260615_140911/Rosenbrock 30D/Run_21/run.log	268	B750F2F95687BCAD80E4EA36BC869FB4DBD13A2FBCE25F94C7C37AE0162DBD70
20260615_140911/Rosenbrock 30D/Run_22/convergence.csv	105422	BFD40659D7C32E969172F4C4CD9BA6642B81C5483EAB0A3A2C98AC2D59D0A9E7
20260615_140911/Rosenbrock 30D/Run_22/run.log	268	415FFD9AE1E201ABEE796798AA9CA971B8C5FC1A14D87CA0BB30B145EEBFC1CE
20260615_140911/Rosenbrock 30D/Run_23/convergence.csv	94441	B4D6A780E8DDB07334CC0CED8012F2F8A915A6637B35CAE1C3DAB95D3BC6C643
20260615_140911/Rosenbrock 30D/Run_23/run.log	268	91AB7C8E51D5CA591A9A9B7093F11FA309631FA76AB408A3CD0E8BA48311AC77
20260615_140911/Rosenbrock 30D/Run_24/convergence.csv	83549	9898B960402CDC2E9192CCE01A40C089EDE49EE4AED494DBCEF3EDE2089AED50
20260615_140911/Rosenbrock 30D/Run_24/run.log	268	CB4545659F180DA92FA5D034CF6D7954E013F75BC6D5804BD4CED1518DBEFF09
20260615_140911/Rosenbrock 30D/Run_25/convergence.csv	26563	A63FA59B4264B834288013C0FB9F7FB0CE2429AEC60071DA9C98635845F272E6
20260615_140911/Rosenbrock 30D/Run_25/run.log	268	D7CC95D6BD81E135E84AB13E11DCEC1BA79FF78849D7F004AEA08164EC4CAB08
20260615_140911/Rosenbrock 30D/Run_26/convergence.csv	80423	61743630D30492882EFA6DCEA4AEDDE0B577AD788B14C634EEE3BE494275743A
20260615_140911/Rosenbrock 30D/Run_26/run.log	268	60D31E382EC477C044A1C1C85BD1FF54594C1D753C6CAB9F83972CFA5DEE8B46
20260615_140911/Rosenbrock 30D/Run_27/convergence.csv	70766	994A2F8E676A036F2C5A173F1DB25B71973899FFA9B9DF3E49C314E1D528920C
20260615_140911/Rosenbrock 30D/Run_27/run.log	268	E753864E157F9213C5AD65DAE43484FA00D69AF8B960CF7FC51687F7EDBFA208
20260615_140911/Rosenbrock 30D/Run_28/convergence.csv	25919	08C9934ACA4A411FBC62E134F1E03BC2069785F3EE985F12BF25A27D8C68D40A
20260615_140911/Rosenbrock 30D/Run_28/run.log	268	1AE3C03EF771DC032C80FA5C55507D4EA5EAF0F844A4394D9C1D24914A995C08
20260615_140911/Rosenbrock 30D/Run_29/convergence.csv	74889	7AE85B4E265FA8B3189044C6B5E981CB17193030A026FEB44BB0C9F1E32E5CEC
20260615_140911/Rosenbrock 30D/Run_29/run.log	268	B71C4BF1696306A28B4F9D1864E34A41BE6213D6AFF93700A564256F70BFE5EA
20260615_140911/Rosenbrock 30D/Run_3/convergence.csv	90805	C913EA467BBC2E54C38CABB4A50EB0309C85397761A6FE6864F3940C8AD145EF
20260615_140911/Rosenbrock 30D/Run_3/run.log	265	4B5FAE05751A0820F048C5B58C04239F71D56D18718C632A44857D73A039FAA2
20260615_140911/Rosenbrock 30D/Run_30/convergence.csv	66706	AD19EC7ABF04481BE28815E9ADFE703FFB7CCE90A8DB3E208C058936E36B3206
20260615_140911/Rosenbrock 30D/Run_30/run.log	309	87896FB36F0C53E8C56109DFBF8AC9DBD8810DC3065F1848752C062DF9665AE5
20260615_140911/Rosenbrock 30D/Run_4/convergence.csv	106673	2AE67483D641D55329AF36B3526B651BECA832488A999BCE480DDB7F30BEDE95
20260615_140911/Rosenbrock 30D/Run_4/run.log	265	D59315C019DCA8A007CF828813ED1087914228A1CEADE7AFA3C955EDA72A70D7
20260615_140911/Rosenbrock 30D/Run_5/convergence.csv	94864	66AC2582BB53658CFF2008B0EE073695A16EE96B0D285C635596F4C2F9375F4C
20260615_140911/Rosenbrock 30D/Run_5/run.log	265	D3E6534A1D44C9ECB93BEC662C57836DA4AF25FF45B4CD2610381501F6296B78
20260615_140911/Rosenbrock 30D/Run_6/convergence.csv	117798	5E240EAD915B2C21C820DDE95007EC477C8ED15BF974AFADC864823A8F79FB51
20260615_140911/Rosenbrock 30D/Run_6/run.log	265	AAAB8C0FE58079A1B4A1098F77EC00CAE2A651C75BD501E54E4D029B9ECE34DE
20260615_140911/Rosenbrock 30D/Run_7/convergence.csv	91413	80265E129DD1CCB2E243D2CF278B2992F60B0806350679DF447914252503A119
20260615_140911/Rosenbrock 30D/Run_7/run.log	265	7BCE0C5DCA3B621F42D0FAFCE87689E3D9AAB2CA543BE965461ECBE1FB55D69A
20260615_140911/Rosenbrock 30D/Run_8/convergence.csv	125811	B78719F5078AA86EE837D7C6EA6CDFCED04D5E46A9C7A7BBE3481DF0E54F89D1
20260615_140911/Rosenbrock 30D/Run_8/run.log	265	4396BFA7FB1C4F88CC2F5EADF7E3CBB98CC26743FE3D8D3A6E8FFEAF93B15F0D
20260615_140911/Rosenbrock 30D/Run_9/convergence.csv	99016	6F640371AE69840BED169632799912315F5CDA006F2E244636959527BF19871F
20260615_140911/Rosenbrock 30D/Run_9/run.log	265	2E531B200FB69B5F4CC604AAC88A25C6F5561428F61F5F0914C67C4F8DA96B9E
20260615_140911/Rosenbrock 30D/summary.txt	1646	7C73A3762221E409C813B72357AC055DB9A1ED8B1477E931ACC64547D4FC354D
20260615_140911/Schwefel 2.22 30D/Run_1/convergence.csv	4010	754CF4344CC65A8EB5CB81D66C631B9C20082EE8FFC65E936B28DCF647965463
20260615_140911/Schwefel 2.22 30D/Run_1/run.log	274	D35D11A679C1C90B1EC1AA87DA7DA2D0390BE8B6327550319575C6C33CC91836
20260615_140911/Schwefel 2.22 30D/Run_10/convergence.csv	9259	40234467F0027C30D2DC93665A5F4676837C198C9D7652EEBEA1AE360E2333AF
20260615_140911/Schwefel 2.22 30D/Run_10/run.log	277	F268CE50E9818C0B2B265663644AC0BF5689F056236E8999D09CDC570E659407
20260615_140911/Schwefel 2.22 30D/Run_11/convergence.csv	9870	6E50AEF0BDA88518D55D40C2CDBE91B48C463F3903C2E5C5288F3FE530870002
20260615_140911/Schwefel 2.22 30D/Run_11/run.log	277	6FC3CA8FF44FF02264E108C0F8D4789721195F09DCEA51B39D0D4C40A1C4B61D
20260615_140911/Schwefel 2.22 30D/Run_12/convergence.csv	8536	733516B3F67BA7186BD277A8F8C51D2D06C920E5EC21CB025D812224797AF803
20260615_140911/Schwefel 2.22 30D/Run_12/run.log	277	5C703D6733178587E3DE88F3041ADF592B213A4B75AEBF69223131EE6A962756
20260615_140911/Schwefel 2.22 30D/Run_13/convergence.csv	11065	A9F8EC8FC3ABD2C49E5F7B58C0A8F4AF9CAE28EB18BD24585A63220521271D80
20260615_140911/Schwefel 2.22 30D/Run_13/run.log	277	D556E5426322A1EF0BF5A2694156C48A6793557FCACC745BF020F0DA49DF28FA
20260615_140911/Schwefel 2.22 30D/Run_14/convergence.csv	9031	2D14CA17C001A80EA522C0A380C8FC35A16B613E1F0C2C3966C8D2BCE4A86BBA
20260615_140911/Schwefel 2.22 30D/Run_14/run.log	277	254457ACE04AF0AA5BBB472CDCB64B81EF5BC428406430F05AA9FA8461D18AFB
20260615_140911/Schwefel 2.22 30D/Run_15/convergence.csv	10031	D56A91A7A647F92DF9F4C234B0539177FDDAA78205FCB51CB34B966F157BA0A8
20260615_140911/Schwefel 2.22 30D/Run_15/run.log	277	EB238898A81D111B59721E55E8AB75F7D9F27EAC22B32BDEC14E2A22CD928B8F
20260615_140911/Schwefel 2.22 30D/Run_16/convergence.csv	9832	AA61D4F6C3A09F64DBC56AF307FD957712582F808D54711938EAAFCCA1D1A9F5
20260615_140911/Schwefel 2.22 30D/Run_16/run.log	277	6EF5B1700C9DB2C300693D47846483BD21C3FDC4F39330B7872082156F26B45C
20260615_140911/Schwefel 2.22 30D/Run_17/convergence.csv	8293	813355E8416143FCD0C591CA1A20DC9BF991DAD129D5AA92A5FBEDD3864E2013
20260615_140911/Schwefel 2.22 30D/Run_17/run.log	277	C49A19252218AF0AF7A59450141750BB9077320055B5540A7C0B5D12ADD7B302
20260615_140911/Schwefel 2.22 30D/Run_18/convergence.csv	9109	0357DAE55AAA5918D75FB4AE521B29D918E3750A24AF3C7935644952B389E11C
20260615_140911/Schwefel 2.22 30D/Run_18/run.log	277	B16B63D90E997A7243591016635F7DB39120C3E47516683F51153B6E510466D8
20260615_140911/Schwefel 2.22 30D/Run_19/convergence.csv	1482	258DE519554ADEC0CE4D0948FC0A7A321F590FCCC00124BF11600276146B2AD8
20260615_140911/Schwefel 2.22 30D/Run_19/run.log	277	2159910B1EDAA959A7948A4F530B9615857BEF3F8965E554B143555A457643D8
20260615_140911/Schwefel 2.22 30D/Run_2/convergence.csv	1383	9139075BF5D249906538B85C630F84C313C11BA29DF59B98614EB52EFA76953F
20260615_140911/Schwefel 2.22 30D/Run_2/run.log	274	D90EEC7F907B11E8D5EA980707E85A2BF06307DFD305AF24C9A8D1306DA76E8A
20260615_140911/Schwefel 2.22 30D/Run_20/convergence.csv	1869	7EDC7956A101AF5689EC081C1FEBA0EBEA9DFB0BF4D19FFA00CA6B7DBF188543
20260615_140911/Schwefel 2.22 30D/Run_20/run.log	277	00DDD2804EE2F2A0AAEC971BA9825FED6F44915862F9E253A04F5D7878171954
20260615_140911/Schwefel 2.22 30D/Run_21/convergence.csv	1212	EF83C44AFEF30F580ADAE7A72999D6CB15F28DB7EEFE1A8620030C10D4F45EF6
20260615_140911/Schwefel 2.22 30D/Run_21/run.log	277	3EF537CA02B626AE0829B22FC726000B3B15D8BA51214AB2E4E83F2B338428E8
20260615_140911/Schwefel 2.22 30D/Run_22/convergence.csv	9915	8E7BDCA4651BE37107160346306D7302F9F559E9BAD568AED35B9F997457202E
20260615_140911/Schwefel 2.22 30D/Run_22/run.log	277	239AB76D5B1314A554762A9C757B0DFDF618F40BB05DB49E817C3DE43B9FA08C
20260615_140911/Schwefel 2.22 30D/Run_23/convergence.csv	9319	67EB1B854148767E96FD3E2ECA5DA8D6D137F2FBC3B13E8E4CCC81BB053A8403
20260615_140911/Schwefel 2.22 30D/Run_23/run.log	277	C2B57A72B99FCFA1BC92FB823E22BAB88CF499CC8E43A2BEC3D8EB7952C565AF
20260615_140911/Schwefel 2.22 30D/Run_24/convergence.csv	1967	B6E80E5603E8196357EBFC7EE2CB209FB34FB56504990A7417E2D3C94F424D5A
20260615_140911/Schwefel 2.22 30D/Run_24/run.log	277	AA953F098F59A7BD17E4137ACE71E45FCCC8CAA0A588149B5EC89AB0AD064EF9
20260615_140911/Schwefel 2.22 30D/Run_25/convergence.csv	9301	8F5650A53C2A24FBEC1D24F64F4A8C51419223D2E7F4E85EC7D81126A52ED90B
20260615_140911/Schwefel 2.22 30D/Run_25/run.log	277	1656B6747DE2590978817A123F4033050CD2AB82673A85E184BBF3E8DAE3EA04
20260615_140911/Schwefel 2.22 30D/Run_26/convergence.csv	10601	A0A76B65882E55A92DAFBEEAF4B56A013BFFAC34022562913EB3EC1748ACAF1C
20260615_140911/Schwefel 2.22 30D/Run_26/run.log	277	E38485F2EE5E70770957CDCBD4D666E676985CF464CE472A26ED68FC5FCB26A0
20260615_140911/Schwefel 2.22 30D/Run_27/convergence.csv	1427	614BEBCD521D0763C740B90CD1F553911B28451CE8796E1D46758EC1112F827A
20260615_140911/Schwefel 2.22 30D/Run_27/run.log	277	1D24D3F4B1CB956C25CF8327F78E059B0A574B83711FDD9CD7D75F118CD4D19C
20260615_140911/Schwefel 2.22 30D/Run_28/convergence.csv	10643	B845F0E7E03BB16900F07CBE8B7A003851CE0771FF100C36B499A2DD1A17D5E4
20260615_140911/Schwefel 2.22 30D/Run_28/run.log	277	6E60899E3C96393E928D4B6CB79872BFB54A0883F51D62BABCE694EA9BA0448C
20260615_140911/Schwefel 2.22 30D/Run_29/convergence.csv	9277	982DEE95B6BD4488F0131F175C9F50745D24D001CE98EE7A3D4365616DA3CBF0
20260615_140911/Schwefel 2.22 30D/Run_29/run.log	277	982FFB5EC4ABF8CDF26F3E2597504E2DB733193D9C3AE8E1BC8906F0D39B79F0
20260615_140911/Schwefel 2.22 30D/Run_3/convergence.csv	9221	E5F6E3C36288D00CEFA084146D57A1B79767DBC6FDF4A1A20E0750046A24025D
20260615_140911/Schwefel 2.22 30D/Run_3/run.log	274	468DD39E4C6CB9B900E7D7DB73A55B4EE1A4B7125323F2E750D04E595D62401F
20260615_140911/Schwefel 2.22 30D/Run_30/convergence.csv	10766	0AE3A5F7B7AD081C052328757A3577B824C79F870D2CA243882E491FD3473979
20260615_140911/Schwefel 2.22 30D/Run_30/run.log	322	8932E2546BEE67272976D488115255A5F105E1208498FE7D659F215646A44995
20260615_140911/Schwefel 2.22 30D/Run_4/convergence.csv	10727	DF4FE590F27975FCAB3408CE7B9D46CAD41AC3D723A3A13C4D9740829D8C5C48
20260615_140911/Schwefel 2.22 30D/Run_4/run.log	274	D7E33E7741F790EFCFC0D0752AAAAC856FFEAE3229A1425C7CBA5428F3A669D3
20260615_140911/Schwefel 2.22 30D/Run_5/convergence.csv	9489	41232EE7F0D6A9A30930B603762358B57107803D3AF9FB91BC073194A7DC63F5
20260615_140911/Schwefel 2.22 30D/Run_5/run.log	274	A8F69CAAB27F3397227EEB8CC9C1E60FED87DE8E7CEF36D61E31EB8333B844FE
20260615_140911/Schwefel 2.22 30D/Run_6/convergence.csv	9309	DD4815ABDCF21C9A43611EC7A97EF573004FCB7AD81E46617F5C41522269CCAB
20260615_140911/Schwefel 2.22 30D/Run_6/run.log	274	C1C2868F1E68AE8CBC2CF38870B421BF51527DED343269377F3BBFEEBC99A9D8
20260615_140911/Schwefel 2.22 30D/Run_7/convergence.csv	11372	C030899381B32C01F502151D4EE32D35B33092E09D7A59FBF526992A612C7DF8
20260615_140911/Schwefel 2.22 30D/Run_7/run.log	274	7EFA6A7F5029D6C5D506EFDA583C19E17320DACF56B6ACCFFFA08C38CFBCEF47
20260615_140911/Schwefel 2.22 30D/Run_8/convergence.csv	1404	A045A3BA893E40D52003579D042848C42F890D3102FA19005303786510814EBB
20260615_140911/Schwefel 2.22 30D/Run_8/run.log	274	381A591366CC22D0E89C935FC3F70DF816951257AC2A6CCC4E2B3403F663CCF0
20260615_140911/Schwefel 2.22 30D/Run_9/convergence.csv	1285	A39F6A97568FFFC8A2B79ADF3471E37CEC04F5715DBED99683C32DAB2EF8100D
20260615_140911/Schwefel 2.22 30D/Run_9/run.log	274	E69F16710F294D4A799B74CACDC37B9AEC4BFD2E98A481CB68BA2DD167201848
20260615_140911/Schwefel 2.22 30D/summary.txt	1628	CE98F9DC6DDB3CA427963946E042B28561E3E20A612B670C62F1E5D8E18DBCE9
20260615_140911/Shifted Ackley 30D/Run_1/convergence.csv	9125	41E7121AF24F251F0EFD773D2760996E8FA93C56F0DDD291A9344776B3078155
20260615_140911/Shifted Ackley 30D/Run_1/run.log	277	63EF1354C32DA73632EE073B7F713D9440466498DEB5D799043DA89F9397C05A
20260615_140911/Shifted Ackley 30D/Run_10/convergence.csv	13136	79E01E1C3B116B212D7BE71A1AC325AFAB77DD6142A2F21A3FBDF97E76641A86
20260615_140911/Shifted Ackley 30D/Run_10/run.log	280	5FE756350935CDDBE8D530F4287EC858432614F3F34007A75E9372DA1ABCDA66
20260615_140911/Shifted Ackley 30D/Run_11/convergence.csv	11686	18706D9720E8E7DEBD0ABBEC6B49918FB694BD358766EDF86E13A0934DA8039C
20260615_140911/Shifted Ackley 30D/Run_11/run.log	280	FEC80D15B4AB8518CB5B9A0040127CB5937B3F4FF83345A5EBA70EE6EFAAA3C6
20260615_140911/Shifted Ackley 30D/Run_12/convergence.csv	11917	DB5A7264475EE6C93414C34B63CA26DB1D2CED0C11E42F5F1CDF010DCE237120
20260615_140911/Shifted Ackley 30D/Run_12/run.log	280	254C20CDB41FC4FE035E537ABC648F2A163C050FC028F134509FEC809EF8775E
20260615_140911/Shifted Ackley 30D/Run_13/convergence.csv	13895	BDC46C2DFDA3CB473DE14D1B9C4EB258F2E1889D4DF9544EE620C366C2EB608A
20260615_140911/Shifted Ackley 30D/Run_13/run.log	280	C248926A68D6279CEA7565E656DD0ACE0467B1793478F0F7E7235BF0A24D1DB8
20260615_140911/Shifted Ackley 30D/Run_14/convergence.csv	11860	C7B4EBD0DDE915E14E276EE89427FC569E08CB83B2D4B27BCC6EAB22DC20775C
20260615_140911/Shifted Ackley 30D/Run_14/run.log	280	CE3BC434ED9A89B72D4B12870D7228B8C05967F443DDC03C7C42ABE90449C7BF
20260615_140911/Shifted Ackley 30D/Run_15/convergence.csv	9790	997213EB7676672F2F78831E8124F6CA180CE4E86108B8C90B0324B331832E46
20260615_140911/Shifted Ackley 30D/Run_15/run.log	280	A8834CD926C0EB16C477116DEB3F2469A6B64752CDB07F946474B7E4D1235D8F
20260615_140911/Shifted Ackley 30D/Run_16/convergence.csv	10260	5EA7BDB46985F832F62A30E4FE80E0A5DE876D520BDEDA9476FF38ACAB8A6E54
20260615_140911/Shifted Ackley 30D/Run_16/run.log	280	5C25F10FA3474E7BF5109CEB1D5E5D131100E221299117726921D87F93F9D1D0
20260615_140911/Shifted Ackley 30D/Run_17/convergence.csv	10454	2A918728844F35D3DDF8CFFF188302AA7494131CBF8F9219355A20889354C3B7
20260615_140911/Shifted Ackley 30D/Run_17/run.log	280	C12FEC2CC3FE2B59BF155E42E7D01FF335C65B449EB959C0D44E50B6FE31C25B
20260615_140911/Shifted Ackley 30D/Run_18/convergence.csv	10010	96DF6383812018C804E922B94979DCAE3713843C8CC4858B5A0F16112C479C51
20260615_140911/Shifted Ackley 30D/Run_18/run.log	280	474E18E5AD8F3862D279CB3B92CFA23B8EBF85A77E598CF20750B1FD62229A44
20260615_140911/Shifted Ackley 30D/Run_19/convergence.csv	10643	2250916BC3176016D17F014B5ED9DA5FE18D2AC18DC6AF6F5BDE9F67CC8FA59F
20260615_140911/Shifted Ackley 30D/Run_19/run.log	280	05C330520BEEFE5A261AE443CA6B82E6AB540EE5793AEB495CC6099EE1EAA855
20260615_140911/Shifted Ackley 30D/Run_2/convergence.csv	11879	EB180076069994615523A654433153FA3421F668A0D526D96F6E73588B2D8E60
20260615_140911/Shifted Ackley 30D/Run_2/run.log	277	7D6DEEBD05D0F6D3C61A249BBA66DCC1008D73EE4EF9E6A17F636D2DBF5B3ABF
20260615_140911/Shifted Ackley 30D/Run_20/convergence.csv	11715	77D9C80AE1F4F49139BC02D2B367A23BCFC33C6BB6CD0FD80D4B2B12BCE3CF12
20260615_140911/Shifted Ackley 30D/Run_20/run.log	280	EB602AF8C2307EEC401FBB38F7D39182CF0EB1EE75266773F961AE53E849268D
20260615_140911/Shifted Ackley 30D/Run_21/convergence.csv	10186	B3C8BCDE3ED05D545841A8565BF8AF68DF7CE791622D82CB5807DADE29F6E7BB
20260615_140911/Shifted Ackley 30D/Run_21/run.log	280	A99BD414C459A2F1FC9C8FFCE99418900DC12AEA3F7C03CB17FE110585AF5C64
20260615_140911/Shifted Ackley 30D/Run_22/convergence.csv	10090	888DC4697ABE240F3D65CFCFF86AD61AF4EFACAB035F7B485A51884D0003A563
20260615_140911/Shifted Ackley 30D/Run_22/run.log	280	426D166AA9A363781981A107DDA06ACA86C4D0DA194DF92CF80549F523482BBC
20260615_140911/Shifted Ackley 30D/Run_23/convergence.csv	9485	0D2611CA56303B6BA71EC500EE816E2DD30C63C8CDE0CED4A1F3A5FB3EF38EB1
20260615_140911/Shifted Ackley 30D/Run_23/run.log	280	174618710C431C6900CB3F9FD6872BFCCE270D654A56F3CB030E34368E2B394F
20260615_140911/Shifted Ackley 30D/Run_24/convergence.csv	8849	8C4E3D5E8669F99FAD263D49F4328764A12BA4AB791A65F1398D0503E9B23ED2
20260615_140911/Shifted Ackley 30D/Run_24/run.log	280	AD24EC2D48AE22B2D5B56664EA9D28F1E6AEF8556D0B6FE8023419B7CCAAA4BF
20260615_140911/Shifted Ackley 30D/Run_25/convergence.csv	7624	5796F83D3034E143E0CC85A0FC5AF85AA973AC777A89753D15A92338DED20FEE
20260615_140911/Shifted Ackley 30D/Run_25/run.log	280	08BF7913A12CEDC8CF7BA8AA786F19690FFA2E4A808AD7A5D1E4B156814CA081
20260615_140911/Shifted Ackley 30D/Run_26/convergence.csv	5700	76B03B5108F6C783E14DAB755C3F66C012A8F22027EA8BCB8C09DD0A25DA4589
20260615_140911/Shifted Ackley 30D/Run_26/run.log	280	6A8C41C1E10D3F854D2F31213312A9E0583CC1C00DA4E669EF67585AA18C3716
20260615_140911/Shifted Ackley 30D/Run_27/convergence.csv	10354	29957FFB31842EB600BC08938B05B068E2F2A5FEBEBF2581F7211399E5210905
20260615_140911/Shifted Ackley 30D/Run_27/run.log	280	DDCDC8A914C81AC839D7162C6CF5EFE7F4175D97752E49266D89C9564427914F
20260615_140911/Shifted Ackley 30D/Run_28/convergence.csv	8568	218FE9AAB68180E004936EFBC07307827BED89DE93BB38360111DEF69B0E24DC
20260615_140911/Shifted Ackley 30D/Run_28/run.log	280	256BE701CB1D9E48BF6E71DFBCD1B07C4647FE281EF929EAB9891D1F3203054B
20260615_140911/Shifted Ackley 30D/Run_29/convergence.csv	12132	5CF3709B7DF1C597EA0392317BCE05C509DA8F142D4C07576762E673469893D4
20260615_140911/Shifted Ackley 30D/Run_29/run.log	280	30305A327D095B88BDDAE2A53945A84E5A27A2350A33A949FD268457CB9B998B
20260615_140911/Shifted Ackley 30D/Run_3/convergence.csv	11627	0717120508483CAE5A00FE01378BA86168B3225BBED9339B05F6D04E9A5A1794
20260615_140911/Shifted Ackley 30D/Run_3/run.log	277	BD4CDD355717F3566AE108E2BF82D0BEB64B4868B6366C6F60E1CEFDCC720AD9
20260615_140911/Shifted Ackley 30D/Run_30/convergence.csv	10227	FD4628A10B688A557058DF6D7389DE349D69A9068E2EE99ADC0B573AE6C87F59
20260615_140911/Shifted Ackley 30D/Run_30/run.log	333	549A1C5F1F0647BBEF8CE2498A0AE4C4F11743525679898F127F86417AE77E70
20260615_140911/Shifted Ackley 30D/Run_4/convergence.csv	8367	E991A1B3C6D52559361F1F950BB8EB62B725562FE58CAA096361DD7680FDA0F6
20260615_140911/Shifted Ackley 30D/Run_4/run.log	277	EC2879ADF046BF31B08138B54951E008A2198C884AB3D85DBDC8995D8FA1B787
20260615_140911/Shifted Ackley 30D/Run_5/convergence.csv	10730	3181A5198BA6245C78BAAEC786D3787D72ECAA96CAD7884AE4B6F657FC4EF52F
20260615_140911/Shifted Ackley 30D/Run_5/run.log	277	BCA5413178422904F27350830A8A92F95C0088D85411B141EA04219D946C4874
20260615_140911/Shifted Ackley 30D/Run_6/convergence.csv	13011	A31105C1F77A8F84DE1F61F62732A25907A3B0DC65E04744B3074C9D4F0D0542
20260615_140911/Shifted Ackley 30D/Run_6/run.log	277	94CAEE78500B903F6156B85CF6260C4C113C333E98C262D4544928CCF2ED430A
20260615_140911/Shifted Ackley 30D/Run_7/convergence.csv	11921	24E9492F820CEEF65BB18443FD49B411B550819FE6423FDA29C714615E699A70
20260615_140911/Shifted Ackley 30D/Run_7/run.log	277	706CC5CFDD6AB1B6B1C7C9630A0CB401E9923D706C2F441BE0C42B98100B3C0A
20260615_140911/Shifted Ackley 30D/Run_8/convergence.csv	10574	9647EB9F3499796C756564939589A06ACCFC03C9CF1B90CF1FF39FE725752F7A
20260615_140911/Shifted Ackley 30D/Run_8/run.log	277	BCB83C627CA20C252D1D3909E64C533A07133F980DB70EBF68A65C958D2AB2F3
20260615_140911/Shifted Ackley 30D/Run_9/convergence.csv	12300	B64B2146424CE131D9D20E9563A3A63F10D91536E88778D82010D36BB2E9FE8C
20260615_140911/Shifted Ackley 30D/Run_9/run.log	277	9A36680B1EF89341F8A058264F406D7D019E46CF17E1805D9432EAB751F7270A
20260615_140911/Shifted Ackley 30D/summary.txt	1561	BC2CB4EBF4B7A196EB6E63380225B6AA77611BACB938A04B1CF39DA257DE143F
20260615_140911/Shifted Griewank 30D/Run_1/convergence.csv	2264	8AD538F74CA2066900445986FF07CA3850577EA469BACA80D7FBA5E6E22A22C9
20260615_140911/Shifted Griewank 30D/Run_1/run.log	283	C6ECC47141DBE7331B27AFE57DDF8B75EC76006DE33C1D19C877CF4371D9F529
20260615_140911/Shifted Griewank 30D/Run_10/convergence.csv	1186	6C3B1C2631FD59DE0D2AFF7036B905B75B1B9F5C9449B43F041FABA02DE4A613
20260615_140911/Shifted Griewank 30D/Run_10/run.log	286	6B81A0E83F8E23C43F6EEA58374AEAF6A8C7E9A798EB1DD00DAAFE9EBD628560
20260615_140911/Shifted Griewank 30D/Run_11/convergence.csv	1364	D927868B06D3DF1DD7D803359EE64864B70C510E104B5B4EE36372C1199E5F49
20260615_140911/Shifted Griewank 30D/Run_11/run.log	286	CBFD76ED5C60496DCBBAEA04FC1FA83F12570CC12DB99B47F128D5C053FA79CA
20260615_140911/Shifted Griewank 30D/Run_12/convergence.csv	1878	FDCD0A07522EFE53B5FB2D69CDCA30BE7AC4FBEE484B27C19DBD5BF92C0BB820
20260615_140911/Shifted Griewank 30D/Run_12/run.log	286	178E2FC12FE0C59419AE539920D84BA6140680907C42BB53D0E724D8CE0705D2
20260615_140911/Shifted Griewank 30D/Run_13/convergence.csv	1363	1417879247C68C4542866C8F22B7D1BFA7B9605199102000250C9DDE7545F5F2
20260615_140911/Shifted Griewank 30D/Run_13/run.log	286	D359715122A4328E18B9A42EADD5E47B5B9E91AD2718925A3326750B0D5D1B26
20260615_140911/Shifted Griewank 30D/Run_14/convergence.csv	1503	E4AC6DF98538FCC894721790B46D5DF0053C032C8992F9E20A53D1BEE797A78F
20260615_140911/Shifted Griewank 30D/Run_14/run.log	286	993278F2CE19B0B4734D4A4B7FC7615EF7AD48B12F10D1FF0A7150C3E264009D
20260615_140911/Shifted Griewank 30D/Run_15/convergence.csv	1360	41F90CAA1EC68A189C972D3F31CEA0D706D174D10CD9C4D18418E0628EC1AE19
20260615_140911/Shifted Griewank 30D/Run_15/run.log	286	CFB51970B9A50529F57C2CA559A7EEB1E759DC739CDCB289F6B5A824DD565ECD
20260615_140911/Shifted Griewank 30D/Run_16/convergence.csv	1300	D3B9B79EC3C84C5281617313F4E8C4A3AC8DBEAAE589D2BDDFD350E60A7B4378
20260615_140911/Shifted Griewank 30D/Run_16/run.log	286	2A253D84C7ED9B50F3EEAE74FD15B6CEB3BAA8580DED788736B3CA822B9D4936
20260615_140911/Shifted Griewank 30D/Run_17/convergence.csv	1650	26D6474B30C7D21639A127377E3BF824E52AC0D602B45C2D8D67F0AF908995C5
20260615_140911/Shifted Griewank 30D/Run_17/run.log	286	9BA9157FB2F101CDD5956627E19D5F1545B3CCD6820BBE2AF7FC9AB181D2DA47
20260615_140911/Shifted Griewank 30D/Run_18/convergence.csv	1320	99FA768683C12B173413ACA9147660DC46F10B77082B84E9145021C33FCE5371
20260615_140911/Shifted Griewank 30D/Run_18/run.log	286	A67FC2DCE4A22BB8DABC816BA4C89C2A9A4E38472227FB17D97027B87E73996A
20260615_140911/Shifted Griewank 30D/Run_19/convergence.csv	1330	A62961494D5DDF7BDCB23FF327B6C83F22DBD6B19A6C4368BC9D68604CD29774
20260615_140911/Shifted Griewank 30D/Run_19/run.log	286	A10D7447B8E9C5F69403502ACDC8163A52B239E720DBEA5F8FEE2ACA1FF0C576
20260615_140911/Shifted Griewank 30D/Run_2/convergence.csv	1917	28723C24BD75913D3A01F1BB7EC957F2143DB8E8FDD07C47566E8DD55BAC5B0F
20260615_140911/Shifted Griewank 30D/Run_2/run.log	283	7134394982E1EC45374E0A2C155298F37428D800BD02F4314409FF0D4647C0A8
20260615_140911/Shifted Griewank 30D/Run_20/convergence.csv	1329	7E84E8C783BE32DD6FAAD71D79A3EF35EF78A8F55BA749BC99C0ABDC24414CAA
20260615_140911/Shifted Griewank 30D/Run_20/run.log	286	0413370842C9BD6A03E92693402478BD4DD4189196BE136B8A2168F68B37B9B3
20260615_140911/Shifted Griewank 30D/Run_21/convergence.csv	780	65ADEAE13741B727965EF944933DC8EA09D880D5A7E7E3174DEAEE3B60367655
20260615_140911/Shifted Griewank 30D/Run_21/run.log	286	1E7811896E47E591D9007E7879BFAC5007E1B564FCCA93DD507FF5AA4FA9EA4A
20260615_140911/Shifted Griewank 30D/Run_22/convergence.csv	1431	77D7057D97357359851D97378585A16EE29F1D5AA22574D931E62E158C6F9BFB
20260615_140911/Shifted Griewank 30D/Run_22/run.log	286	BAED406A7D0FDCA3CC10B3B016038D68B02FB4B26ADD3964BF3B2DDC76920791
20260615_140911/Shifted Griewank 30D/Run_23/convergence.csv	1523	8A1F5C0FE611DD2B491CA0975EE9619A60A4647D34BEB21EB7E05C9B9A1105F9
20260615_140911/Shifted Griewank 30D/Run_23/run.log	286	2BEA9C8E166EA1A9FF6F86BAFE1FAAA216A7A98ECA0A52C6351B2B580F88DDC2
20260615_140911/Shifted Griewank 30D/Run_24/convergence.csv	1148	DFBB24B8BA7264766EE8C552B1C796170A1A8624FDC56F4A114D18CC77ABDFD2
20260615_140911/Shifted Griewank 30D/Run_24/run.log	286	7319D2F141BC1FF22E7CF860C99F774206F62383D242DF68AF42C8D907B33C1D
20260615_140911/Shifted Griewank 30D/Run_25/convergence.csv	1131	C2C759F796E7F62D35091B3E6F427F708E0AF7956E86312E3E1F0690F49E718A
20260615_140911/Shifted Griewank 30D/Run_25/run.log	286	52AE9FB12EA2D7CAF9C7ED4DEB3708AAD9C5B435E99E3917546E77C1C469B4F9
20260615_140911/Shifted Griewank 30D/Run_26/convergence.csv	1509	3218BA047F3859571F39DB5384949A31C8522CBFF9F01E42FB08D55A6E8F0E00
20260615_140911/Shifted Griewank 30D/Run_26/run.log	286	1E1E771CCD116D8C843C9EA23C0977F971E0ACE593A37731380FC3B231C38C18
20260615_140911/Shifted Griewank 30D/Run_27/convergence.csv	1209	0CF2F192549EC7AA1A4A1BAD30126D4D7563B378C5297ABB47CE9A5B2C2ED816
20260615_140911/Shifted Griewank 30D/Run_27/run.log	286	CAFE4B015F048E4E7BC38A081BB83F620F557EA8B1A0CB00B20CB0587A08154E
20260615_140911/Shifted Griewank 30D/Run_28/convergence.csv	1165	8779103B692FC95DBDB535A4A19703CCE63F52FDCD061509BA13EE75AA8C4044
20260615_140911/Shifted Griewank 30D/Run_28/run.log	286	AB73B590521FC086E9CD173BE121D24C7334BD6EE4DA40901827D9E0B01413D3
20260615_140911/Shifted Griewank 30D/Run_29/convergence.csv	1526	7329BF5ED03C1E0AB055024EBDC0DEC20567A508E95E1614CA8FA8B311944BE9
20260615_140911/Shifted Griewank 30D/Run_29/run.log	286	231E28056C1640FBE77688DA6A0269A5C96D77B3C71324FD0A3D13EF3F21C35B
20260615_140911/Shifted Griewank 30D/Run_3/convergence.csv	1491	D850207D23445A811DF90F0DD98650BAAAF21A49713DD1A982AAA7C12AEA2607
20260615_140911/Shifted Griewank 30D/Run_3/run.log	283	EBEABE4C5D15CE99A68DF0C21F56756F3179B271B456FD462C32CF5351DDAA23
20260615_140911/Shifted Griewank 30D/Run_30/convergence.csv	1408	EA4D3551656ADFD7E291BA04B06B0D3C4A6F5259D85B7FB696DDB639A39325E4
20260615_140911/Shifted Griewank 30D/Run_30/run.log	334	0FFB4173C82793A0FBC4E6CEE766ECA9C354D4CD1B480D4871BA3FFF40DB0DC0
20260615_140911/Shifted Griewank 30D/Run_4/convergence.csv	1197	A79A64E8AB47ED7D76FE172152720D7BD7E6CA8A50C4E08E89331AFBFCF0E043
20260615_140911/Shifted Griewank 30D/Run_4/run.log	283	100B1E120A941FC7A1A646A94CE248E594C0487D109B87BDFFF84B45177D5E2B
20260615_140911/Shifted Griewank 30D/Run_5/convergence.csv	1985	5FCD20B1A119335C0775724EC336652834033128A88414AE23BC0F886F206F30
20260615_140911/Shifted Griewank 30D/Run_5/run.log	283	A8C492AD6AE738943B4ABF4F3A932034D572BCF1CA6F45AAD422DF55F34FD336
20260615_140911/Shifted Griewank 30D/Run_6/convergence.csv	1260	E627EF78A23CA993DFACC0043A9D94339C4A6C50AA30ABB5400BEA8B7D76821C
20260615_140911/Shifted Griewank 30D/Run_6/run.log	283	395A5BE840DA00BB818E9E7A6C044A8DB670EFF87EDCAE76749AB381DE28CD48
20260615_140911/Shifted Griewank 30D/Run_7/convergence.csv	1523	3F73A47E0E86B927AAA873069B0E24C77452416B6125551DB10074EDC72DFF51
20260615_140911/Shifted Griewank 30D/Run_7/run.log	283	813BC6026C890AE2E90E253F8B24861ED030699A7C9F3F833BA35611AE288D0F
20260615_140911/Shifted Griewank 30D/Run_8/convergence.csv	1262	965F02C7E4438AC943EFBDE2F212F579AD5FEC1E3820DCA7A420CC3E282E0277
20260615_140911/Shifted Griewank 30D/Run_8/run.log	283	B2E4A003C0B0E663D48BC6C9DD19CBA56CC7BC55BA80337876558AE3EDCB5989
20260615_140911/Shifted Griewank 30D/Run_9/convergence.csv	1383	4AFF20D48A2C7C075DAAF24F57C06DB00382DC688993144D6B00C19F51C21743
20260615_140911/Shifted Griewank 30D/Run_9/run.log	283	61FDE9A6587050DB0ABFFEF32EF53E26D3DADA08528EA8BB821D63C76E7A3BDB
20260615_140911/Shifted Griewank 30D/summary.txt	1563	87B736F3D7207BA9C30DDA38FCCD151273A876F9E156934073DFEAD2CA49694F
20260615_140911/Shifted Rastrigin 30D/Run_1/convergence.csv	22071	7234359DB4B25A34FF6FA711458757B778F531FA2ACC62817CF3AA7BCF83F32D
20260615_140911/Shifted Rastrigin 30D/Run_1/run.log	286	CD9C92561787B155A3B6ABDDF76BC33B1EA322BE86FF28C5A523A0F0E92CECC5
20260615_140911/Shifted Rastrigin 30D/Run_10/convergence.csv	9970	134443FCAC5726D6331688B6B4CE85194DD48CA3236AAB133DD0DBEF2AE7D4EA
20260615_140911/Shifted Rastrigin 30D/Run_10/run.log	289	3E3E3E0BB1D6A3E86E7A42CB8E9CAF06AB89A2848B653F5C30F05EF91589FBD7
20260615_140911/Shifted Rastrigin 30D/Run_11/convergence.csv	15639	400A6E53CE928097B805D9B5C9212B5C97DFD039A89C466D6782FD7D67A18A7A
20260615_140911/Shifted Rastrigin 30D/Run_11/run.log	289	CCB9B657A24987361D9900ED398229620979445AA961D3AC85F70D46595DEC78
20260615_140911/Shifted Rastrigin 30D/Run_12/convergence.csv	14135	B5F6BAFFAE10C9CAE400D8F8CEE7038ADF1AE007D97F75CF18C2BC6C195AA1D0
20260615_140911/Shifted Rastrigin 30D/Run_12/run.log	289	5429C6B29C3EAD75D9BB0F647B0CB1AE91ABEDDF77C7F313E1774006349C4216
20260615_140911/Shifted Rastrigin 30D/Run_13/convergence.csv	11094	FBE3F7412D56188A70BD45AD3C659C71BC4F0CFD5C3A0C117A58951E4107EC0E
20260615_140911/Shifted Rastrigin 30D/Run_13/run.log	289	FEAD787711A505CDCC502488F56191CAA4201912ED9B7B982BF2D63D4E85E42E
20260615_140911/Shifted Rastrigin 30D/Run_14/convergence.csv	10714	6B7A5C3BEE5FBB088513699DC3CF8E480E2CCEDF1C33B991730DD81AA2BCFBF4
20260615_140911/Shifted Rastrigin 30D/Run_14/run.log	289	98BFB5FE592D395C6E2BEBF32AA01A3E05F751C4DEF91F7100EC62188AB76BD8
20260615_140911/Shifted Rastrigin 30D/Run_15/convergence.csv	13856	7C9E009C00856589DBF9DBFCB6A15B503A5AC141E1F0EF6AD594D0C5F0C028BD
20260615_140911/Shifted Rastrigin 30D/Run_15/run.log	289	E6DE9AD956F10EBB15FD0FEFDA5837564752A7E97528AB80E0883A41F629E086
20260615_140911/Shifted Rastrigin 30D/Run_16/convergence.csv	13185	FDF60439A990589952B5A780A0D9A9AC6098BF1DD4C8EB22FC6651904BD0D727
20260615_140911/Shifted Rastrigin 30D/Run_16/run.log	289	0ABD00CAD0E7B12BA5EB9BC5913C212797C82DD166C6C6ACAC3A1A282415B9DA
20260615_140911/Shifted Rastrigin 30D/Run_17/convergence.csv	13495	57EEDDA1AEF78C38073490CC818E5EDF58A21B1C8F4C3FB58A4FFF54E0CD0D08
20260615_140911/Shifted Rastrigin 30D/Run_17/run.log	289	8C9431A6B8918B3D61DA08322843A7C3AB291DAD185D6CF34F82240778400784
20260615_140911/Shifted Rastrigin 30D/Run_18/convergence.csv	13280	CD5FF3D32AA8092CC7A90127799B132AB722BC206C7F45FDC8F3C67870C6CDBB
20260615_140911/Shifted Rastrigin 30D/Run_18/run.log	289	26AEE47152755B7F585F393D4976999F1D2BB7EE2D1073AE14A084F6EC068168
20260615_140911/Shifted Rastrigin 30D/Run_19/convergence.csv	12736	41588877107A5FAD1982EEBAB0369867EB9625BFA409ABC8E4560CE468B5DA20
20260615_140911/Shifted Rastrigin 30D/Run_19/run.log	289	39BEA1EF3CADFA7899BE869BFB1958A2F367F5A39BBDB444C0CBE5D7E2F2E49B
20260615_140911/Shifted Rastrigin 30D/Run_2/convergence.csv	12089	8F94A149C144C71705B768586F4DCA54735BDE898D631906D1AE5CB77BADD937
20260615_140911/Shifted Rastrigin 30D/Run_2/run.log	286	09AAEE0E9814638AC1B1CCECF21BE1EA7B523370B4F07A891CDE63BC2A521171
20260615_140911/Shifted Rastrigin 30D/Run_20/convergence.csv	15930	EC8E46397A83E6E26BA3BA6D89BEBB23F8F7AAFB08C21EB0DDDC31A505809C06
20260615_140911/Shifted Rastrigin 30D/Run_20/run.log	289	F4E466574D5EF312B24F9A6A876913D336FA3057354DBBF4834694880E8E5C0E
20260615_140911/Shifted Rastrigin 30D/Run_21/convergence.csv	9611	504923F41A99B1F96F49FCF0B673775692E4B00EDD196A74EFEA7BB7EFC80085
20260615_140911/Shifted Rastrigin 30D/Run_21/run.log	289	C7E8C3C079EE81A8835E95252C0A0FB8C3C1EFA93CFD42F4615C2A8942A0391C
20260615_140911/Shifted Rastrigin 30D/Run_22/convergence.csv	13457	FF652B798D6FA0013ADE34D68CB3D72993571FF33B3369872162101CA5828EF1
20260615_140911/Shifted Rastrigin 30D/Run_22/run.log	289	0E81A8B05A232EAEA4BA80D98867B3E0AB9A988F3B5C27F3BED5CDFC59C6E045
20260615_140911/Shifted Rastrigin 30D/Run_23/convergence.csv	13252	4FA3DD9EE57E6A8E016C3F57FE7E3CDC4B2B2E40ECDC2037048DEB3C4AFA89E6
20260615_140911/Shifted Rastrigin 30D/Run_23/run.log	289	69AB2F0C7E4A0A9AFA63C6B229DBD37BF945A21467C3683D19D5440C3AFAEB7F
20260615_140911/Shifted Rastrigin 30D/Run_24/convergence.csv	12727	BD3ECF8422FDFB4D26689797F10F6C4226E249AF58087989FAACA214C0EEECFD
20260615_140911/Shifted Rastrigin 30D/Run_24/run.log	289	DC757EAB682ED5787092A18A66703375D97E0C5CCD9ECE87A4CE5436E190EEF0
20260615_140911/Shifted Rastrigin 30D/Run_25/convergence.csv	12857	607BD26F8626D08A878C1315641E45F65A0C7254541342F899D939032756D7AE
20260615_140911/Shifted Rastrigin 30D/Run_25/run.log	289	F93D911D1928C0DD1C06CEDC14FC899EA3DC35711F27AB01CFB84519E9B9254B
20260615_140911/Shifted Rastrigin 30D/Run_26/convergence.csv	11407	5A95E3BB3F4CF88E0AC6AD966B846B4D98B4AD902409FE4F8BB44818AFB65D76
20260615_140911/Shifted Rastrigin 30D/Run_26/run.log	289	B5B971904F7535BFA2D33E9DED3FD3CD8FCE5BDD2E075DA1F2DFBB64832F0898
20260615_140911/Shifted Rastrigin 30D/Run_27/convergence.csv	10083	DA2E6D8FF1978FE12A878FDC758FC8F0FC6BD8839A34515F6E9571CFE3C8FF5D
20260615_140911/Shifted Rastrigin 30D/Run_27/run.log	289	B49BC4186F76E420879D84736A54CE7DBFCA5E465C3E9DE01CAD56270EEE4ACE
20260615_140911/Shifted Rastrigin 30D/Run_28/convergence.csv	9462	34ED494ABE9D5AD62019053E9A80B523F705A2BF98563A773ED76CC611B593E2
20260615_140911/Shifted Rastrigin 30D/Run_28/run.log	289	D14FFA9C1C3EBC96458192B2916C3910F4A6EB5B09F109F951C23CFA5B6013FF
20260615_140911/Shifted Rastrigin 30D/Run_29/convergence.csv	14938	67DBB18D71ACB8FBADB349794B4C7D6165BE3BC5862FE44CCF352D56D8214CF0
20260615_140911/Shifted Rastrigin 30D/Run_29/run.log	289	913549ED586C8802BAAD3D1F9268F51591D88FB84797ACED82DF82D315111320
20260615_140911/Shifted Rastrigin 30D/Run_3/convergence.csv	13271	2F3CCC6B9666E18AD23170C6E0FACD58C36204AEDD31E4BCA16DE5D96FE4E38C
20260615_140911/Shifted Rastrigin 30D/Run_3/run.log	286	9FA911EC774529412D9BC8878BD6635AEA0F53F04D5386DB16D78BF832EE5364
20260615_140911/Shifted Rastrigin 30D/Run_30/convergence.csv	17514	DE6DC100C8A8889BA553ADA6B77BD7FC49D3593C7FB96BE2708962E27EF58785
20260615_140911/Shifted Rastrigin 30D/Run_30/run.log	338	ED15376403997AF9CB7901895582E1E981F8ADE7C50876D0EAF3CC44254E67DF
20260615_140911/Shifted Rastrigin 30D/Run_4/convergence.csv	14625	7E418F17C64F0FF5A19671C1703DE4DE19CC52627FE4E376F2A3CBD701335856
20260615_140911/Shifted Rastrigin 30D/Run_4/run.log	286	ADC09CEB34223BE38B1E26E85B5ADBAEB34A0D56EB856BFA19B8D1900FB7DB00
20260615_140911/Shifted Rastrigin 30D/Run_5/convergence.csv	13239	3062A42B6862C109ACCF8D503D5433524621D9906C85641499B995487728B684
20260615_140911/Shifted Rastrigin 30D/Run_5/run.log	286	C4E28012D94A83F2DE60D3CE3905CDE9049A37C63C91A4AC3E3BD0D0DB8A1273
20260615_140911/Shifted Rastrigin 30D/Run_6/convergence.csv	12648	0220A0F7C8242FD0D29A3D6EAD1F2F96D9EFD21B29FD3B4E3C76DDE14B941512
20260615_140911/Shifted Rastrigin 30D/Run_6/run.log	286	D9A8956602761B8342E52EE06930B06A958DDA4741149197BE2344940067367A
20260615_140911/Shifted Rastrigin 30D/Run_7/convergence.csv	9397	61123E89B61474B69883A6062F6181CA91F3236CB03FB5FC61E7B4E7E3329617
20260615_140911/Shifted Rastrigin 30D/Run_7/run.log	286	834BCDA1F4266FE5DA1D0188662F7589B13FB9FEE27D1F0490E06BF0B1D6828C
20260615_140911/Shifted Rastrigin 30D/Run_8/convergence.csv	15626	67AC27C6995988DA337FF2FD35E8EDD7CBC1F2D792FFD0AB51BBFDEB2CFAA3DB
20260615_140911/Shifted Rastrigin 30D/Run_8/run.log	286	568125CB49509A5B58720BFA62132093564EE6F65DD4C945E616A89F453CC3DE
20260615_140911/Shifted Rastrigin 30D/Run_9/convergence.csv	11176	7B77656135B0DF4BC04E7137384DF8E18EACAF1016CFC7E1BAAB895A4254EA3D
20260615_140911/Shifted Rastrigin 30D/Run_9/run.log	286	F0C699547ABF407D830838672724262CA3B44057DEFCB841B702C3601DDF485C
20260615_140911/Shifted Rastrigin 30D/summary.txt	1588	CE3AB704B23C317E05E336DF1F775060C4DC3D300A648B2753C7E0B7E8ECDABB
20260615_140911/Shifted Rosenbrock 30D/Run_1/convergence.csv	42233	4C51E7B36C55DB31A816358F39F4536D07761F96FE721E78A065E61EA99A283B
20260615_140911/Shifted Rosenbrock 30D/Run_1/run.log	289	8EF42734074ABC8A8CCC2747EBBED0DD116DA1FAEB65BA9134C780F6987A13C5
20260615_140911/Shifted Rosenbrock 30D/Run_10/convergence.csv	70914	5EEB84DFEB572E61298C2B3549DE8864E54685E9181710803E093034AAFA2D6F
20260615_140911/Shifted Rosenbrock 30D/Run_10/run.log	292	53C66475AC372D85836372B19459C83C6B8738B16A60C2D27EBF593594BC265A
20260615_140911/Shifted Rosenbrock 30D/Run_11/convergence.csv	72223	239324504DFDB4D0DAB5D3945169282A1EC6811BEAC861F9A27B427E8A8458F0
20260615_140911/Shifted Rosenbrock 30D/Run_11/run.log	292	17BE5F2CAD29BA8BBDA78DFD85881197C11781075FAC9616E33C5EA66E5A5BB0
20260615_140911/Shifted Rosenbrock 30D/Run_12/convergence.csv	79227	FF3262F5BEB03C0DDF866670B0B32552C0B3F4973D5794CCB05A3A8170DDB3CA
20260615_140911/Shifted Rosenbrock 30D/Run_12/run.log	292	8215FD1CD5AC37FCF7215EBBCE5AC07082BE5E8A6389EDFF520FFAD0882DB7B7
20260615_140911/Shifted Rosenbrock 30D/Run_13/convergence.csv	82327	31EDE7A539A96F37A8BDC9A505D8AAFB0416D08590375F7DC2BBE6B1CDA00760
20260615_140911/Shifted Rosenbrock 30D/Run_13/run.log	292	10C6CE8D31CB5D2D12DFBD628824EC97F7849146F531DE1793F9290B008ED937
20260615_140911/Shifted Rosenbrock 30D/Run_14/convergence.csv	91850	FE9E7A0C6351115301800B86BD20CA747A4E9E26381B424CEAA0004D3D5A1DFC
20260615_140911/Shifted Rosenbrock 30D/Run_14/run.log	292	EAFFB94DD8EBD5682EAF001F6E621562BCB74D6F4B1F0E5AED180663CA4D2879
20260615_140911/Shifted Rosenbrock 30D/Run_15/convergence.csv	82248	6E461C77ACFB8B7DA7D86FC943C33BB9186C88B5D1D3A44382599476D882CD39
20260615_140911/Shifted Rosenbrock 30D/Run_15/run.log	292	A9850B3EB4049DE15ED7742BC4461A1D23C51652AAFB3DE0D9FDAAD96341900C
20260615_140911/Shifted Rosenbrock 30D/Run_16/convergence.csv	82632	BC72AC6185159B2B734199C08F83D1C76087585D10AF9EECB0D387F5F6CE3A9F
20260615_140911/Shifted Rosenbrock 30D/Run_16/run.log	292	3896AE975BEB6974AFA8B0C1745C1A2E498D0C5DADA5C70C5E7321A3DFF0F43B
20260615_140911/Shifted Rosenbrock 30D/Run_17/convergence.csv	99048	A337755B68A4B9C3B2309C28039E6D86D0542F4B5547DA6DA69472BF169C5BD5
20260615_140911/Shifted Rosenbrock 30D/Run_17/run.log	292	C4F79B08FADD28721B6C85160A7AF596146F78BF77B643B8176822E3D29B8313
20260615_140911/Shifted Rosenbrock 30D/Run_18/convergence.csv	86186	70EFD7D75AEFA47C4A0AC2BAD3D9E0F0AC58584EC02F2C8F6AFBA8DE907B27FC
20260615_140911/Shifted Rosenbrock 30D/Run_18/run.log	292	4EED0512CD66CA929321D73CC34E6B9F3ED0D60B4F50F87D777C3B23831D200F
20260615_140911/Shifted Rosenbrock 30D/Run_19/convergence.csv	99251	023BED66ABE684922B6E2C245F6E1223A2F2F2237B03D3DC89FA21F1045E3626
20260615_140911/Shifted Rosenbrock 30D/Run_19/run.log	292	DA6820DBAB7D1D5A4A31A6B5F0DD65C8812D2F0C5BA76EFBEDE7CDA0AEC0FEC9
20260615_140911/Shifted Rosenbrock 30D/Run_2/convergence.csv	47872	DF5EC93660F795172C8A415BAE3CC1BBC490A289709461443541B5407630953E
20260615_140911/Shifted Rosenbrock 30D/Run_2/run.log	289	F7B52099D97B8FC515B491784D3EC04F500C73B183902D289567237C628ED16D
20260615_140911/Shifted Rosenbrock 30D/Run_20/convergence.csv	87834	1D66379D4404EEBDFEDD926C8DB60FE581C86DEA11A2E2B4093B3A6EA4CC0B81
20260615_140911/Shifted Rosenbrock 30D/Run_20/run.log	292	2E6AC6A4D10B7DC5BFBF34029ABCE9AC512D7F5E8C1409A9117454848A9BA21E
20260615_140911/Shifted Rosenbrock 30D/Run_21/convergence.csv	85852	95BD20D25943730171EDE00048966B6856E0C03F28D7F3ECAFC67850C7811FD8
20260615_140911/Shifted Rosenbrock 30D/Run_21/run.log	292	4A77AE8DDF52471D562D560B3F02D57EDC37446AB767252781B195B6A02354BC
20260615_140911/Shifted Rosenbrock 30D/Run_22/convergence.csv	95748	7FF47724BAFCB5F27D9EAEBBA69505B5E93E5F597491F103A5572279C27ABEAB
20260615_140911/Shifted Rosenbrock 30D/Run_22/run.log	292	ABF66F2F1F3F5B7858BCFD8FD34BC88C74CB56137B65DF3A4FD8111CED600318
20260615_140911/Shifted Rosenbrock 30D/Run_23/convergence.csv	86239	F21888D9CA9A70956E3C38952DDB953698A5278DFBE9293453D3CAF5A0D7BD67
20260615_140911/Shifted Rosenbrock 30D/Run_23/run.log	292	56604C46E008AD9E292C7145DED15CFC425253CBD52410A9801A588BA84A544D
20260615_140911/Shifted Rosenbrock 30D/Run_24/convergence.csv	85454	3F35D482AEF80585F0E63AD90FBC031475AAF99115A5E45C31CD25A6065CC8EF
20260615_140911/Shifted Rosenbrock 30D/Run_24/run.log	292	D86C06B0586F22A74B9B0C089083BA5F4FFDCBA39904ED00B11F66951AE8ADBE
20260615_140911/Shifted Rosenbrock 30D/Run_25/convergence.csv	86662	9834354A3C08D25C275ADA50F9830C85E8CF3205E8065F97DD967EB0E3114166
20260615_140911/Shifted Rosenbrock 30D/Run_25/run.log	292	18CF8E8A3542537366DA241017535A808FB61A986636E84280D54422D9C70EE5
20260615_140911/Shifted Rosenbrock 30D/Run_26/convergence.csv	85042	10728570F1F03B59E8CE4EF8C206873D82E98D07331BF874A44C20D72B2ECB7F
20260615_140911/Shifted Rosenbrock 30D/Run_26/run.log	292	A4284D6AE1713B64A192AD3C98CD0A20B6B9B8F09927AF9DB11703557131EBDC
20260615_140911/Shifted Rosenbrock 30D/Run_27/convergence.csv	14416	8A5B4101DA9E9AA3212C94D7AC308738B844B09A0ED51B452AEA15912F2AC16D
20260615_140911/Shifted Rosenbrock 30D/Run_27/run.log	292	7234BEBCF8F7D4EB40DB4B610FF0E1BA7B2B2E8F0EE800489B478893A53D6DD5
20260615_140911/Shifted Rosenbrock 30D/Run_28/convergence.csv	36111	08BED432DCEFD3A6FA9E46E6861B621F036A22F63E745A383BB5AD33D9F807DB
20260615_140911/Shifted Rosenbrock 30D/Run_28/run.log	292	2247EE41BA810ADA292F1B62C81594196306784E34A9A13523FA8EC8864D1E39
20260615_140911/Shifted Rosenbrock 30D/Run_29/convergence.csv	28061	1AFFC031896F4845BF6CED12C7AEFD2DD8F82D03EA20F1F32448342FD33073F2
20260615_140911/Shifted Rosenbrock 30D/Run_29/run.log	292	B0815B2FE9C7AF51367E6E01F2466AF8F80435C23ECE02DB556021208DDA54C7
20260615_140911/Shifted Rosenbrock 30D/Run_3/convergence.csv	63744	757234EB7AF2D435BA289EF3D6108C27A3B2926BB8B79EA6E73E657CA11156A1
20260615_140911/Shifted Rosenbrock 30D/Run_3/run.log	289	3AD41E9446533C327D9D5F2C17AD2A2ED9AC3511843C7D11BF27D1123A014C04
20260615_140911/Shifted Rosenbrock 30D/Run_30/convergence.csv	107361	4ED0E0537FD3E4C77163A68658BB81431C78DF5E425D8ED531EA819D884AB6A1
20260615_140911/Shifted Rosenbrock 30D/Run_30/run.log	343	13B3F26994157670A2BDCA0C5F10C3332088EA3E7F92E4AB4F044E1874542E48
20260615_140911/Shifted Rosenbrock 30D/Run_4/convergence.csv	61859	3851B9E501ADAA26584AA470D742EE66932D9F3796534CF95248711F897B321B
20260615_140911/Shifted Rosenbrock 30D/Run_4/run.log	289	0ED77B48E3A0B0D66459B46EFDC2F342436AFA81AF5343EC731A6DA2032C84C5
20260615_140911/Shifted Rosenbrock 30D/Run_5/convergence.csv	32464	2B8ECF9C731B549571436AAF0071C11AFFFBEBFD8751A3FEED57FA6251BE3F49
20260615_140911/Shifted Rosenbrock 30D/Run_5/run.log	289	A5AC0FCA0E031CE304105BC576978613A5ABD08872E130F07A0122CDFD4C2A59
20260615_140911/Shifted Rosenbrock 30D/Run_6/convergence.csv	62277	68EA02A2CD1B3C163DB8A5CF8D12FB29910A7DBCFDB8DD0D4022EA6350531AB8
20260615_140911/Shifted Rosenbrock 30D/Run_6/run.log	289	64B4B0473DED2E0818CBE266F8E8988A4EF719911FE86F628774AE789C055037
20260615_140911/Shifted Rosenbrock 30D/Run_7/convergence.csv	62674	91ED5461842E0692637B622F55B95A10CCC86D25BDB0A106592958454D7405C4
20260615_140911/Shifted Rosenbrock 30D/Run_7/run.log	289	CE337DA1EA1FC7B144513A149AEDF6AFCD8D9DD73AC04958B3CCAD4C8EC44261
20260615_140911/Shifted Rosenbrock 30D/Run_8/convergence.csv	66443	B9A9811A10D23C8E8DB7926C2D0681A13FEFEFAD65DD33D559656A41FF391668
20260615_140911/Shifted Rosenbrock 30D/Run_8/run.log	289	6D45A47A4CABD93C3FBE3B50369651A2AAA58B2158B59421A45C2B93CCAFBF12
20260615_140911/Shifted Rosenbrock 30D/Run_9/convergence.csv	76738	132BF7603F16F6E9C7AA928BB15EF24751352FFF1B757EBE836DC5EF313A2A21
20260615_140911/Shifted Rosenbrock 30D/Run_9/run.log	289	5E1F788A81DA8D56F2D81F364D29DAD3C29F6B955C8DFEDF686AECD3AA7BACFC
20260615_140911/Shifted Rosenbrock 30D/summary.txt	1589	0517919A2B45F5BD529BFEB7405EBD6A7205F5B356B0939DBB4175E866206389
20260615_140911/Shifted Schwefel 30D/Run_1/convergence.csv	24342	B451965FBD4A2733484731F6601143783B19C1AA0CC0AE9F5F6D25A9BC5B4F35
20260615_140911/Shifted Schwefel 30D/Run_1/run.log	284	6D5A3C3259E548EE4EDFA50804EDFC85819A8DDE4DF2547BB739E1A22317397F
20260615_140911/Shifted Schwefel 30D/Run_10/convergence.csv	37369	E657B3B7DFFE2A725D8FC657ABAC920279A06C1ED34647FF29AB95546ED1132A
20260615_140911/Shifted Schwefel 30D/Run_10/run.log	287	D305DDE808018CD57C6430219F6F3610CAE3FA3666F9879E6CB90EC6EB566273
20260615_140911/Shifted Schwefel 30D/Run_11/convergence.csv	29997	56F0D54CD0466F2982BB1206869598B962E6B48CD91FAF77598BA7704B18B86E
20260615_140911/Shifted Schwefel 30D/Run_11/run.log	287	1E8F3C9F997601FF2AC3683C072F70E6BA930FB1FB8CF3D25CA3D39D6B9FD861
20260615_140911/Shifted Schwefel 30D/Run_12/convergence.csv	24134	D8B88FE5586C643CCCD784A39B64B200EEE7B4FD14C541333EDCA78D289DC17B
20260615_140911/Shifted Schwefel 30D/Run_12/run.log	287	6B3E0A747878EF397CACB5A2AE2CE32CF654557FA8CDD7F370B35E64B17097AA
20260615_140911/Shifted Schwefel 30D/Run_13/convergence.csv	39356	644576408ED01A13FBE7FF6BD0E3F2C1EFFA3933B1D8E4F7540CB560933452D9
20260615_140911/Shifted Schwefel 30D/Run_13/run.log	287	771956E5DA5558A2DD3F359F79081319BEED169A7EB0391EC702AC920104C6D6
20260615_140911/Shifted Schwefel 30D/Run_14/convergence.csv	27116	372147130AD25380AF3E5E0DF938387CFCD9E5951F6CC29DCFA60AFBDF624C44
20260615_140911/Shifted Schwefel 30D/Run_14/run.log	287	3BDA366AB4E78CC67D6F517639BD849693A58F580F944A22306ACD14907BE4E6
20260615_140911/Shifted Schwefel 30D/Run_15/convergence.csv	19107	7CCC360DEE4A3994E0C39D16130D5D7DDCEB98B478ECB47E144ABEAA49EFFAA8
20260615_140911/Shifted Schwefel 30D/Run_15/run.log	287	E84F71770D6A9235B1698433F62C320E240732EB70675F335AD8736FCB0D67D9
20260615_140911/Shifted Schwefel 30D/Run_16/convergence.csv	30034	C9AA5F66EC2625B786F6CBBEFD1B753B4DCAF8D4935B645CD7D7BFF2025035E7
20260615_140911/Shifted Schwefel 30D/Run_16/run.log	287	F09C5D00BF7E30FBA8F63AC4FE02C6CED46FF7FC7A713FF121F3B343B86E94DC
20260615_140911/Shifted Schwefel 30D/Run_17/convergence.csv	44103	A049C9D5BDF2464D94AE9CE725D7CC104A7B1E46F2EC75AA337B09CEABC302B6
20260615_140911/Shifted Schwefel 30D/Run_17/run.log	287	2419010DC816B3DDBC3DD0C959311A3C9671FCA8DF2FC18B06EFE64CCEF6C680
20260615_140911/Shifted Schwefel 30D/Run_18/convergence.csv	58543	13A1CB60F3B339D1648B56613022D8566A37166739E794822B17C68BA8DD73CB
20260615_140911/Shifted Schwefel 30D/Run_18/run.log	287	E830FE7025EDC9FD0DEA814ECD13F6CB46247CBCB8B148C4DA12876D8A3371E6
20260615_140911/Shifted Schwefel 30D/Run_19/convergence.csv	29939	521B264CA38B1E8BEC8806D18FC14EC62E7E995FEFEC3D08B640C59DC16F3DEA
20260615_140911/Shifted Schwefel 30D/Run_19/run.log	287	9B7A8733E696F9CEBA78A098B7E565DB0B4AAC77ABD154CD0D751C6A1C611EA2
20260615_140911/Shifted Schwefel 30D/Run_2/convergence.csv	28765	3E1066F9A6FB72973179B1A5A03947366D28A135BF7418007F39E77C75783D74
20260615_140911/Shifted Schwefel 30D/Run_2/run.log	284	EDA015B601A81C94816257016C3D353B182945D77D2186C98BF30910B9E121B8
20260615_140911/Shifted Schwefel 30D/Run_20/convergence.csv	20688	58402DAB6CC9BA30631F7EFC0ADE1AB54162F93136659A3F38908725AFB75A9A
20260615_140911/Shifted Schwefel 30D/Run_20/run.log	287	ADDD80DFFBAF8126F1D14D30069E717E969BB8F038F8A6E54F1B4341E4923778
20260615_140911/Shifted Schwefel 30D/Run_21/convergence.csv	36917	EA280ACAE911126AF919473BB8654E5977EF0807969655CF3B65D76ADFEEC6A3
20260615_140911/Shifted Schwefel 30D/Run_21/run.log	287	DB9C0B53BF7C7A3B33A8C00AC60B27D2433BFC855F878E9368EC7425D4B87F47
20260615_140911/Shifted Schwefel 30D/Run_22/convergence.csv	50079	E69914B8417CC0510FCDFCAEF7238FBD0011C172A04229A55E0EE303BCF56091
20260615_140911/Shifted Schwefel 30D/Run_22/run.log	287	16490F462EBC7F2C6A7E7E103B973C369066A1B8686AF216B7771E9C4FE7EAD7
20260615_140911/Shifted Schwefel 30D/Run_23/convergence.csv	32920	450EFEB55B52FACCCE4A436C9B9415F2F41DCCB0DC938E54372ED2E07BAEFF29
20260615_140911/Shifted Schwefel 30D/Run_23/run.log	287	95FEADFBFB46AD61FC74A8BF1D3E7EC44D973A6594F24D8DCD280ED047AA7D3D
20260615_140911/Shifted Schwefel 30D/Run_24/convergence.csv	18660	856C690DE625FA6A8D57681F7A5CBD752F4B5CEE9D55CEFAE94B15BD922826EB
20260615_140911/Shifted Schwefel 30D/Run_24/run.log	287	5EEC556514FBA8C83BD64A98906D5E9E2B3266DFA8CF8AE76C52AE97CE3C9055
20260615_140911/Shifted Schwefel 30D/Run_25/convergence.csv	29012	7C63F2B71E41DF51559F3E65BFC11D537F629395510A8EB283A78C2474A1D189
20260615_140911/Shifted Schwefel 30D/Run_25/run.log	287	8F11432C4ACB24F444E5C2F1D8984D4D3D9369BC0B65080B70142F2FD4444771
20260615_140911/Shifted Schwefel 30D/Run_26/convergence.csv	39785	18E61DA49BA6EDE202D38AED1257E08DC9AD879A2279540B3541075F10CB38EC
20260615_140911/Shifted Schwefel 30D/Run_26/run.log	287	A3D84416F54F52973ADB5550B6BDDD5ABAD8942B322E7A6D1B0E8782E070463C
20260615_140911/Shifted Schwefel 30D/Run_27/convergence.csv	42493	5395DB44E93045BCE401A69CCBF9D2BC35EADAA98C4F28C5A6AE1A6F80EC3051
20260615_140911/Shifted Schwefel 30D/Run_27/run.log	287	F774260132B21606BF84D23D9C238C3E55726C2D69E426062EB32CC2A2157BAC
20260615_140911/Shifted Schwefel 30D/Run_28/convergence.csv	28184	65560DC6CB6369B9E2EFC97DFEF0E5EFE12F1EE5D56F584319829830E58E5FF2
20260615_140911/Shifted Schwefel 30D/Run_28/run.log	287	49DE6FBBCD8096158A402E943FC0584DB9DDA226DB5DD1B8A408EA6DC27BE606
20260615_140911/Shifted Schwefel 30D/Run_29/convergence.csv	21838	7AA9722A212C0DB9C4162ABC72852766576E1D397D4FFCB01BF703C14C9F0CC9
20260615_140911/Shifted Schwefel 30D/Run_29/run.log	287	C4E01D540E82F5C60CE1AD56D66110887094AA706FFC156D742339CA433895F5
20260615_140911/Shifted Schwefel 30D/Run_3/convergence.csv	18863	A2DAF342D32E7DF2C56D84822E84C23E48D4A80BAF5B27691E5463F8010E2615
20260615_140911/Shifted Schwefel 30D/Run_3/run.log	284	55099624218D2718CF1DCA30842F793D81DDAA7DA03BF1698766D51BD0D45E82
20260615_140911/Shifted Schwefel 30D/Run_30/convergence.csv	24379	6186A4D970CB8B8EF261EFAA91E5D76E715953854CD0B85AD727D547767BDFC9
20260615_140911/Shifted Schwefel 30D/Run_30/run.log	331	625C5207A997BA882013D5B157066470C8397BA737DB854ECCBF419500819D6B
20260615_140911/Shifted Schwefel 30D/Run_4/convergence.csv	20991	F83AD9772AC2D69B70F19609F4261D60A127228D9F73E2EC726F3752AD0C0DDF
20260615_140911/Shifted Schwefel 30D/Run_4/run.log	284	EA989B89647E318FDA4CA35AA5C3C460021A890DCF461817AC8F4BA34B3FAC50
20260615_140911/Shifted Schwefel 30D/Run_5/convergence.csv	36750	65A2F3126896AB429053190545658741F832A5020252330A78B58C067520496B
20260615_140911/Shifted Schwefel 30D/Run_5/run.log	284	7466C271BF35E1A7C82D3E73D861A47EB36BE6CFA2D0AB8C7026F8404A31B5BB
20260615_140911/Shifted Schwefel 30D/Run_6/convergence.csv	29699	E64BB140E68074EF7085683368099A2889FF7F3D124875A5756FD96A452AF541
20260615_140911/Shifted Schwefel 30D/Run_6/run.log	284	F1041C63002CBEBB4D5B4920B6E4038D51F033AB87A7598AE952733CAD49C21F
20260615_140911/Shifted Schwefel 30D/Run_7/convergence.csv	24995	ECE8A6F74221F3268C5C49FAB19AD93F01F5994CF6DE88D402C839B6062F13F5
20260615_140911/Shifted Schwefel 30D/Run_7/run.log	284	895FC7A8C878B57174762AF825643E3F339844D0209C14275CA214A09A9379BC
20260615_140911/Shifted Schwefel 30D/Run_8/convergence.csv	23843	3E2747B2D0C11C1CBB55F30ABFD487E2BF48B1E6FA27FB12C58E17B8A10871B8
20260615_140911/Shifted Schwefel 30D/Run_8/run.log	284	E3D5275FD05680B2F3D038AB0E69E5AF9BF418585D20007DBF8D252B0F3EA4C7
20260615_140911/Shifted Schwefel 30D/Run_9/convergence.csv	23943	57BB6E691F17FF7D4D201229DB468D1A2F6CC764879680822EBA1CE177BEC6A2
20260615_140911/Shifted Schwefel 30D/Run_9/run.log	284	1E9397E2987C51C6341BC26979F124E306F22772AAAD314A36AC657F485CD687
20260615_140911/Shifted Schwefel 30D/summary.txt	1625	CBDF0BD26946336CC53473142911192AFDF91A6664422AE81B8CADA042B2E591
20260617_060157/Ackley 30D/Run_1/convergence.csv	12441	ABC033BB58AE6F8C93A0CB5DD757E915190DC467E58C0EB37E17AF1BC3310D5C
20260617_060157/Ackley 30D/Run_1/run.log	253	216C3AC88E0D9B456C590B7BBA58F63E89E7981D139F88287B27C9E44465D80F
20260617_060157/Ackley 30D/Run_10/convergence.csv	10888	455253176856D8D46F23A3F886B51AFAF96DEFF257A7B2C45198C6D8169CE0BA
20260617_060157/Ackley 30D/Run_10/run.log	256	E438431889FFA086D081C37764A889116326D82CFF695642F018526F6F748E79
20260617_060157/Ackley 30D/Run_11/convergence.csv	10754	F947C387AAA67B1379CAC13CE93DA939170BDD71FD89F046B9763A36340E585A
20260617_060157/Ackley 30D/Run_11/run.log	256	4E2DB8BA834789114C4ABB7600261E0BE2267D6589C3EB46A83F36C9026B23C1
20260617_060157/Ackley 30D/Run_12/convergence.csv	11269	4370A4BD6FDB321F4F0619BED10F560DE8EE549E56DEF93542317B246B75912C
20260617_060157/Ackley 30D/Run_12/run.log	256	7660DBFAFE4DCAF2104D75F1796D890890C5E8F8C31D561A5DCC6E3ACA9213E1
20260617_060157/Ackley 30D/Run_13/convergence.csv	11625	02CC5403867D68B4ECD148838C9549AA2E421CCD71CBB65F15D0C0C522B2948F
20260617_060157/Ackley 30D/Run_13/run.log	256	66AC8C5B24F6AE1D25772EA10BD52B69840324C3B221328B565C8B75B702BD4E
20260617_060157/Ackley 30D/Run_14/convergence.csv	13271	24A6E4C6A656A179D2D2BAC431989D37EC6D3AF157F1AE636DFD55F7335A7E6E
20260617_060157/Ackley 30D/Run_14/run.log	256	CD91FFAD70EEA769F22EDBFE0959BE081932D3B1D0924994DAE66F3C10D0371B
20260617_060157/Ackley 30D/Run_15/convergence.csv	12089	41F1CE349F49C08A1E7732AF73AAC310FF18D975238C808D09B73B5B319F26D7
20260617_060157/Ackley 30D/Run_15/run.log	256	E1770F8EA428ECB5EAB34537811F621976FD7573FE22B37ABD97F3EBB4D76134
20260617_060157/Ackley 30D/Run_16/convergence.csv	12596	F963993D67396097514B29EC5D8AA66AC8476997BA20DEE96AA3EA0755555FEC
20260617_060157/Ackley 30D/Run_16/run.log	256	186171D0439FFDD3D26BCCBBBCF4D3AB7003589FFE8A363F8BD4C9886AC58DDF
20260617_060157/Ackley 30D/Run_17/convergence.csv	11477	AAE62414D754AA967B0BAE4FDBE1F4EFE546E4849A7C9016F8F6145B36280E79
20260617_060157/Ackley 30D/Run_17/run.log	256	70F663EEECA43AAC1D5964FD7209489C585C24ED689CF2D3A2152765C59D97F4
20260617_060157/Ackley 30D/Run_18/convergence.csv	13158	E53E38B01DE2B8DE0BC4B16C33A8334AF7008188090562A65AB1918EA8E2569D
20260617_060157/Ackley 30D/Run_18/run.log	256	23B986A2E4B628DCBB392709D4AF46F8D67D7831E9527595A1076B64B860DA96
20260617_060157/Ackley 30D/Run_19/convergence.csv	12375	BCB24A84F55465D86E34EB173054AE4478A1E0BB5F007573E7617DC4A3139356
20260617_060157/Ackley 30D/Run_19/run.log	256	017D96B71EA88B7D6EDEA08ADB05D31E63096F429F94666B151DFC57BEF2EEFC
20260617_060157/Ackley 30D/Run_2/convergence.csv	5302	AF2A739E0C385C753FF3CBC8CEE8146426EEB7444B04441C186AA99974A0007C
20260617_060157/Ackley 30D/Run_2/run.log	253	4E9094FCB146C163DC48F3D13673BEA01CF15B514240BCF9B8AF3A944538C19C
20260617_060157/Ackley 30D/Run_20/convergence.csv	11772	593742CF42638D7A2A85101FC6F35CE51CF78081388BA07769E66B5979A0BD43
20260617_060157/Ackley 30D/Run_20/run.log	256	2C84C28089C679EDD18386DBE8BF15A568B1058A12BF391E1BE2C89CEA9F52B5
20260617_060157/Ackley 30D/Run_21/convergence.csv	11993	BE5C04774A9D8A00D968C683D9D582235F88431BCBD276495282DCB0E49FFD6D
20260617_060157/Ackley 30D/Run_21/run.log	256	77FA68F3B7A8CA6CE0A37C87799C395A51ACB256D5B07DE76C9AF626EC1A58B1
20260617_060157/Ackley 30D/Run_22/convergence.csv	11645	B998195C75BBA53E559455A4B63A36C79884C184F05E8B047FCC824D550C0578
20260617_060157/Ackley 30D/Run_22/run.log	256	ACE5F2949322468C7481B95A1FA4479D48D4F89818F006C1FF44273922D49E7F
20260617_060157/Ackley 30D/Run_23/convergence.csv	11442	11C4599B405FB426AAFB34D1E06B5BA9C3F7F67A86B5DD3B4DC1DD6225884B27
20260617_060157/Ackley 30D/Run_23/run.log	256	3D1AA4FBA4301185767ACE1AC8440EE8507D231ADB99AED96B68438CBA6C7079
20260617_060157/Ackley 30D/Run_24/convergence.csv	11656	9A3FBD9A45C2F18D05A8373B61FD1F91065998AEB20E38326B0858D58E699824
20260617_060157/Ackley 30D/Run_24/run.log	256	45896DA24397F53658026260D01039DA842E6ADBD77F789E6C80F038296660C3
20260617_060157/Ackley 30D/Run_25/convergence.csv	11832	51E7F6EC5758BFDBA90325D7AA48A65630467733394D8609841D45263E0709E1
20260617_060157/Ackley 30D/Run_25/run.log	256	8938A20F2186D0EC912EB098FE2C484CB0BEF95E760146A368D3DA78F0028734
20260617_060157/Ackley 30D/Run_26/convergence.csv	10933	40A406F4352AE9C1A3826012EA3A31893A7B00696EFC1BDF4F0644692D1FFD12
20260617_060157/Ackley 30D/Run_26/run.log	256	B6F26F2DF8110D6ABBD94896A87F0F993A17C80A3B2ECE8BACCB5B7AFB6D9EA3
20260617_060157/Ackley 30D/Run_27/convergence.csv	12627	9DC1253F8E1187D90F0EF958DF7B98EB4F3839EDF237150F6A51ED87F41893D0
20260617_060157/Ackley 30D/Run_27/run.log	256	8CF2F033941937FE104409F9EFC5D8458599FA876D6412B6A266A98B6D01005B
20260617_060157/Ackley 30D/Run_28/convergence.csv	12506	F3B42943592D42506464A6E4C842E84CB50A9849A98FEE66A713DBD1DCD1AF0E
20260617_060157/Ackley 30D/Run_28/run.log	256	637E008D86F02FD3C948F80829DAA557D89E38CC2B8E0729B4B69BA16CEDAAB5
20260617_060157/Ackley 30D/Run_29/convergence.csv	10371	B5F0288EBD843C1A28A3816D655FEB580C9C652E7A8FF87D414CCC96637A8735
20260617_060157/Ackley 30D/Run_29/run.log	256	D2B33B6C765A36879148E7FEC1F2DBFF643A961BD131E47588839683CCB4FBEE
20260617_060157/Ackley 30D/Run_3/convergence.csv	12919	960F2D8034599F765CA4F96F18602A9B23BB8D37142FB81BAB407E7E24DAC97C
20260617_060157/Ackley 30D/Run_3/run.log	253	413F71D5EF92B0EC1A1F9A38AA87754ECA22901CD53A634A4A1422416576AB8B
20260617_060157/Ackley 30D/Run_30/convergence.csv	11430	A2B6020FE188DF1609FC7EFE6DE8CBC0CAE69F619C673D7B34D77884CB42D588
20260617_060157/Ackley 30D/Run_30/run.log	1592	7EB358C32F9B698D3201C3E0421D0A5C793C0F795BEBA095180E8F225E19FC6E
20260617_060157/Ackley 30D/Run_4/convergence.csv	11130	FCC208997CA9EF2D4754EFF9C628BEE83A9A625F57F00E4CE0141C55CD5B4A9A
20260617_060157/Ackley 30D/Run_4/run.log	253	917501FE341534B90AFD40C8930CE0B0E1A456CB8CF054FCEDA35153D9ABC9C3
20260617_060157/Ackley 30D/Run_5/convergence.csv	12647	6526C8D5B2347349B4DA85EE95A9A995A570FD99399DB3AAADA73978D0FC9596
20260617_060157/Ackley 30D/Run_5/run.log	253	CB1AC9502FDBD291AD3E62C3E1AB620F59B4CB20678D35DDD694F24522D0C5C2
20260617_060157/Ackley 30D/Run_6/convergence.csv	10521	30FED912AF27113863B7B30CFBB9A991597CEFCCA43E8E0998914C5D6F7D146C
20260617_060157/Ackley 30D/Run_6/run.log	253	9D0DDB99D2F6D0BA1E5B720A08274B4CF418CDA502F0484F1979E2A461032D3C
20260617_060157/Ackley 30D/Run_7/convergence.csv	5804	4734C109E6862A1ACEF9896F74DB0952C289B8218CEBE11B2233CA2B46B087A5
20260617_060157/Ackley 30D/Run_7/run.log	253	AA907EC9309708A87C61ABB066632E1C4E18CBCEE27583CE365F72EA0E42E713
20260617_060157/Ackley 30D/Run_8/convergence.csv	12396	43AC449C92C75E32918600381502579D7D86CC6BBB13A830B24CE0F22DF644F7
20260617_060157/Ackley 30D/Run_8/run.log	253	029B329CCA4F0E471643D36A53183D74C3CD04608EA2E4CFB47E1278B1151954
20260617_060157/Ackley 30D/Run_9/convergence.csv	12949	AC435047A362316F9B10F36213C154FE0F337346AB9F9F6F2906024B3251202E
20260617_060157/Ackley 30D/Run_9/run.log	253	A64681B8F9ADA8A8DE77E2FF710E42C286C3F9F4CE4625FE481D3A4E1B71BADD
20260617_060157/Ackley 30D/summary.txt	1553	878D140ACB7C2C2E0A4EB1A5FCAB3B9C571DC742D80297A01CFD6B8DF262F65B
20260617_060157/batch_summary.csv	1113	F1DAD46A606C4684D92FA68AF9BFDF2FC4DD2EA809E01DBC54EDAC1B7B55350E
20260617_060157/Hybrid F2 30D/Run_1/convergence.csv	64793	3D14A7B8FCDCB291B9ACCDAF9530B45A5A4576F3E895B0FA561AD7828BF87717
20260617_060157/Hybrid F2 30D/Run_1/run.log	262	358D6FAD7C15787DC088F6D908DB120C0A0D634B11356B7B475F5330B26133CF
20260617_060157/Hybrid F2 30D/Run_10/convergence.csv	44725	8848C8A762C4352597D1495DC30700732998A61F9470E317725617A78CA8F69F
20260617_060157/Hybrid F2 30D/Run_10/run.log	265	C1ABE297D918B3FA2D4C51BE9ECC9E78CF8E2BDAC2CA663AE3C4ED9431FAECCB
20260617_060157/Hybrid F2 30D/Run_11/convergence.csv	44637	5AD439406378AA51D4DAF29C83F5FBB09C89FFB2323E11F85F9E516A66405ACE
20260617_060157/Hybrid F2 30D/Run_11/run.log	265	AB7561A3E0AE28ABE370C311222ECF4007BA8B0E5AF56CE0496FE0559AB6E9DD
20260617_060157/Hybrid F2 30D/Run_12/convergence.csv	108886	C810E87429274D30FC7DFD7F81CD9AF53752B3E39B19D530946CFB0A628AB6E6
20260617_060157/Hybrid F2 30D/Run_12/run.log	265	085DDDF9ABFCA945BE39992FB4B5BE34D502721146E6E57168648C7C96352E89
20260617_060157/Hybrid F2 30D/Run_13/convergence.csv	82220	08BF5C0EC723F52F822BE8C0DCEAC8619C85733BE48AA27E17E74150B7F0760E
20260617_060157/Hybrid F2 30D/Run_13/run.log	265	1EA9FBE80318F52027747FED639FD1CE8CC6A3F793164ADC536974E034048811
20260617_060157/Hybrid F2 30D/Run_14/convergence.csv	110891	709DED419288813F64FF09A1BA0284BC12A5F2132EB76062260746FE7DD2E474
20260617_060157/Hybrid F2 30D/Run_14/run.log	265	7030D460AFA57A3D16C70A124AF10BE4E5733B36AE69342EECA3D7FE46251339
20260617_060157/Hybrid F2 30D/Run_15/convergence.csv	81277	213C5A7DC852192C4E26B77A2EDF5051F1D6FC5DB1BAF9A3CD70F992C9A2B0D7
20260617_060157/Hybrid F2 30D/Run_15/run.log	265	88FB8DFF9C2883754909BF34DE967F678A6139D0BEED30489D8A72C8F6FE5E81
20260617_060157/Hybrid F2 30D/Run_16/convergence.csv	85489	440E7D767B8D6A5AB0A5DCEED789840F96BDE0C6DFB976A0814F42EA206A528A
20260617_060157/Hybrid F2 30D/Run_16/run.log	265	3A808B9D7808D605BF286264F493321C85ACE2570A29EC6C3E11CF0065BCDB6A
20260617_060157/Hybrid F2 30D/Run_17/convergence.csv	95220	745F9F93D6FC9E8E7CC4A7548A4BD728937C7413DB273F3ADC861D5E09D090DF
20260617_060157/Hybrid F2 30D/Run_17/run.log	265	A0473FF4051724E171910DA204CD5EDD89E458AD75C8A419FCB0B1C662814E97
20260617_060157/Hybrid F2 30D/Run_18/convergence.csv	46441	CAB357A935687F9DF6EF70304AF89E0AE9024BCB9A333CE607E69CBC2B883A8E
20260617_060157/Hybrid F2 30D/Run_18/run.log	265	C22FED0F6D90377565DAF04BA48130D6E6BDA84E47AE3B6847CBF0959F646A98
20260617_060157/Hybrid F2 30D/Run_19/convergence.csv	86630	DE09C16F436ADE0AAC605AA7FD3AC1EA18371693E1EDD793B91C654752CBA64C
20260617_060157/Hybrid F2 30D/Run_19/run.log	265	CCF8E317722FAF6B8FB72B33B55B3DC43375DFE9AB3BB94A2621B7A325D00EAF
20260617_060157/Hybrid F2 30D/Run_2/convergence.csv	111767	1030E42F707FC6810C416BE0020EECFEC82871D8E6C7D6950876D36FAB747549
20260617_060157/Hybrid F2 30D/Run_2/run.log	262	77359E0804725F7601EC9589A8F073F683DDF19AE929FFBDD6BAF0D41484A4EC
20260617_060157/Hybrid F2 30D/Run_20/convergence.csv	98945	18C2EC2D094D7DE4420D9B62CB1BF68CB92E667A282808FDAEE7BEB85F7066FB
20260617_060157/Hybrid F2 30D/Run_20/run.log	265	3ECA9BCCBADEF0B7D5B3B72586617C4277EB540CC3409928A2C1B6557CCC7250
20260617_060157/Hybrid F2 30D/Run_21/convergence.csv	78908	E01D67827B6AB7AC8E08303665B043807F700B239DEC264ECFD020C7D91342D5
20260617_060157/Hybrid F2 30D/Run_21/run.log	265	A59E8AAC803881BC843D142527E9CE8906C2866D6F56EDCE3AA8DC17DF1DDDF5
20260617_060157/Hybrid F2 30D/Run_22/convergence.csv	103225	42BD6E1BAB724081D908AAECC43492D982880FC18EF514C7A2BB0DD4FD2D5991
20260617_060157/Hybrid F2 30D/Run_22/run.log	265	ACDAA7A5230E4C4BAB2B28F577756F4E7B8D7D9AD5AC72C888E6E23B21A0A8CB
20260617_060157/Hybrid F2 30D/Run_23/convergence.csv	94767	98DD0CAAA8EBB8189B937A1959136E6293A4564C625F5834F8AC7439E7163BF4
20260617_060157/Hybrid F2 30D/Run_23/run.log	265	B960DF0DC46B3A6975E520EAB9EDF75A7218BA91A06AFD2C5A97B90D5825E8AB
20260617_060157/Hybrid F2 30D/Run_24/convergence.csv	90313	CE39597090DD14EB25B54418F4A7BB6D669AC9237EC31CA774416594FD710B31
20260617_060157/Hybrid F2 30D/Run_24/run.log	265	D7899248417B2189534468FA0F4206BCDA22B14D22B1F080ADB769F55DC11C93
20260617_060157/Hybrid F2 30D/Run_25/convergence.csv	83918	00579022463599DF40A8C1F54DF692D08BE744B88AF45F1FE044B2E04102DE01
20260617_060157/Hybrid F2 30D/Run_25/run.log	265	043CFCAECEC5A65B0626E67C4EA495A5A12DBFC6ECE46EEB05ED8ADA37B68B1A
20260617_060157/Hybrid F2 30D/Run_26/convergence.csv	109872	D92005EF4738EBF3932A34AFFEED8E000338010D11B1C4FDDF8F242837B7C3F1
20260617_060157/Hybrid F2 30D/Run_26/run.log	265	9373FFE4F58F67C68808E022ECA00EB43D59E180D342745D6EE19BD66D6CBBF1
20260617_060157/Hybrid F2 30D/Run_27/convergence.csv	97392	A98F9007AF6A216F457B61A53FA631466DCF6CE516C1DAF044E4ED4491041CF9
20260617_060157/Hybrid F2 30D/Run_27/run.log	265	7C5475EFABE47C3D499CB4DA3EBB2956F1DAFCB1A7B08A5A3FEF04C50A2C45DB
20260617_060157/Hybrid F2 30D/Run_28/convergence.csv	82360	32D4D6AC74A55E17AD8BCA16255BF13167200EF79BFB4FFF108423EC81EDCF7A
20260617_060157/Hybrid F2 30D/Run_28/run.log	265	49A987CB3EBF617D7AC838B1D4389941473D04F1C20DBF68430C46427D705F22
20260617_060157/Hybrid F2 30D/Run_29/convergence.csv	79390	5E50FE47C39C40CBFE6DACEE49A2EC09C543AFA650CD07E9FDE1559A8F334BD3
20260617_060157/Hybrid F2 30D/Run_29/run.log	265	7A388127C87D83036616A084790156CEFD0428C704B84866F6785B6AB322D52E
20260617_060157/Hybrid F2 30D/Run_3/convergence.csv	92408	0BD0A0F1125B8E9126908674A3BE3217F5265116812396BED2737D174BF9987C
20260617_060157/Hybrid F2 30D/Run_3/run.log	262	A38E8377E45B91EA0CD772D40022AC480AD64DA927362CE78956A4689C75F784
20260617_060157/Hybrid F2 30D/Run_30/convergence.csv	54970	249B59335373F03E95921B135DC88B1ED32664133CC9D387C124C18051188F93
20260617_060157/Hybrid F2 30D/Run_30/run.log	312	6355C7FDAF4408D79678F3E7562567DECDB38972321FEBD402965828567A85E1
20260617_060157/Hybrid F2 30D/Run_4/convergence.csv	93915	A6B1D6BAA8B16CD6F3E03ED119187564BC1312C41A87677184B1F9AC47234C49
20260617_060157/Hybrid F2 30D/Run_4/run.log	262	EEE23FD2A80C6504D4CD2E706C51317A39E1994CEF74003B3EA53EDFAAD567E2
20260617_060157/Hybrid F2 30D/Run_5/convergence.csv	99144	32C1983AFC35DE51B7871D0D7F8822B0E26B4BC65ACAEE1C812D9FC7056F543E
20260617_060157/Hybrid F2 30D/Run_5/run.log	262	48409F731107E450BBCE298F6BD4F063727466C94FCF09C20853F8760E947A5F
20260617_060157/Hybrid F2 30D/Run_6/convergence.csv	81707	5CF073BACE0E133C9CBADF24E693A65F9EC4A246C6AA5C83A9F126BF0B29CC69
20260617_060157/Hybrid F2 30D/Run_6/run.log	262	312A7C3C9A2585FE36BE9ED0FBB41F815C70BE868B307D6E1C7F35B776E9C906
20260617_060157/Hybrid F2 30D/Run_7/convergence.csv	110441	0A51A742F5272908654DCC2224CBCC46E529C6B3FE89465FBCA1CA6E04725A39
20260617_060157/Hybrid F2 30D/Run_7/run.log	262	D6608942ADD6552DFDC212423C04E00C89EED6C25D22130F187E5AAFEDFF7B9B
20260617_060157/Hybrid F2 30D/Run_8/convergence.csv	104811	606CE4832E0B0C2D791EF77AF0C11AD4FD0D9100BB69A290F86F5715B8DEC3A6
20260617_060157/Hybrid F2 30D/Run_8/run.log	262	273BCEBADCB0EF30239ED0675EBEBFBE122744AF860771C5BE7C098E9101AD00
20260617_060157/Hybrid F2 30D/Run_9/convergence.csv	99996	B759766266E0B210B4A4D41AC9A05F5E13D8DD66EB03EECBFD24D21336C830D8
20260617_060157/Hybrid F2 30D/Run_9/run.log	262	CC56811D65FBB81961FA6CEE4CBA84B26717E9E18FD79CFA187E8CDCC744C4CF
20260617_060157/Hybrid F2 30D/summary.txt	1581	042E57EDE9CA9B979E98D740B06D06130EE538A6A1C12E85F3C362C5477979B7
20260617_060157/PresentationArtifacts/Ablation_vs_20260615_000438/latest_ablation_exact_match_report.md	875	8A500EEE45F5ADDE3F3DEB9FDFAFD7224F02EA75E37EC3879FDBF5C1FD4BF11F
20260617_060157/PresentationArtifacts/Ablation_vs_20260615_000438/latest_ablation_exact_match_table.csv	381	27488CA258E10DEEBC426F40ACD2D5EAF17D392D9CA8825B302A915E67FE63C3
20260617_060157/RoleTransition_Refined_Comparison.md	11379	652A487D9410505F1331D60508F7EE70A11D3050FBE568FEB8F1BD47998D3B22
20260617_060157/RoleTransition_Refined_Tables/Rosenbrock_30D_transitions_all.csv	1606	D74C52152E90F4F5FC445F9833F7466FF721AC42410BE9D7B24FC0D32F06AED4
20260617_060157/RoleTransition_Refined_Tables/Schwefel_2_22_30D_transitions_all.csv	1439	2D5F59BF505C720FE53AE6E0B731FEB8B8FEFFFD26231DA586BB93306C46D0B0
20260617_060157/RoleTransitionAnalysis_Hybrid_F2_30D/representative_run_timeline.svg	77768	E88B748306C416E92554E2E9CA1BB8077506611D8742F677479293B4549C1C87
20260617_060157/RoleTransitionAnalysis_Hybrid_F2_30D/role_occupancy_by_bin.csv	1107	5D5F940B0184978D16A228101A04D6A040150EDB3D6D34EF9B8A8E12123E8D20
20260617_060157/RoleTransitionAnalysis_Hybrid_F2_30D/role_occupancy_heatmap.svg	18432	A844BCF6B69799D9FDDF3C673482DDEDE5FC40911AB24DF49EE4FAC6E4A50E62
20260617_060157/RoleTransitionAnalysis_Hybrid_F2_30D/role_transition_matrix.csv	355	1E7150EDDBD5E00F358E8F3E89AFE47D55B3C4C6BA112E46E5969E1EE3200706
20260617_060157/RoleTransitionAnalysis_Hybrid_F2_30D/role_transition_matrix.svg	6457	2A344E90CD68B3E4B01BAE57C26FB5F6B5A15C42CB349D05D3D7BB485850D410
20260617_060157/RoleTransitionAnalysis_Hybrid_F2_30D/role_transition_report.md	2226	91021ABB15D5948000EE6D614786E381173C6269AC5A208C38F26DB6BE9C92E5
20260617_060157/RoleTransitionAnalysis_Hybrid_F2_30D/run_features.csv	5660	CB70A301DBB1333B82733BBF00511BE68F704C97E9F3C6D3A4146DCB087B37F4
20260617_060157/RoleTransitionAnalysis_Hybrid_F2_30D/source_contribution_by_bin.csv	914	A71F78843A59536DB62D3E776E501ABA4D99DDDDBC433928693DA1DF2E4672F6
20260617_060157/RoleTransitionAnalysis_Hybrid_F2_30D/source_contribution_heatmap.svg	11117	98B49B4E0871CE682CA559A21DFE90A85F712EC49BB1D1BBC2C714F3D5709205
20260617_060157/RoleTransitionAnalysis_Rosenbrock_30D/representative_run_timeline.svg	36052	BFC9FC96322AF02A0FB9A532640DE3B96EA8B6A6C72FABD9A3377B3E54166761
20260617_060157/RoleTransitionAnalysis_Rosenbrock_30D/role_occupancy_by_bin.csv	1107	A9106A06E4075CC86E5E24E43A8EC7C85E70EE0D61FE09CAA287A3F4F48E1523
20260617_060157/RoleTransitionAnalysis_Rosenbrock_30D/role_occupancy_heatmap.svg	16937	86DD2FAE86BD8356F2EC1192026C2A5EB532E1F4C6007B4A562DBCB3141F8F09
20260617_060157/RoleTransitionAnalysis_Rosenbrock_30D/role_transition_matrix.csv	355	F9DE244A6A256A087D07FB8B319882F263485D67DEE4358FC19E7C0BB6EE2590
20260617_060157/RoleTransitionAnalysis_Rosenbrock_30D/role_transition_matrix.svg	6456	00367A41F4E5D3A603A8ABDB2D7479C1048236AF5860A77AC6A9718DAC837E04
20260617_060157/RoleTransitionAnalysis_Rosenbrock_30D/role_transition_report.md	2225	8029ED01B61031C59D7E99E0352CEB5B5C4517820003481509F65634C72FB2D2
20260617_060157/RoleTransitionAnalysis_Rosenbrock_30D/run_features.csv	5750	AB456D3312FF4E53ECC7A1C56B2683536A33795938C381593B6EB6B262418E3F
20260617_060157/RoleTransitionAnalysis_Rosenbrock_30D/source_contribution_by_bin.csv	914	FA629B5358EB1E99E98B3BAC85EADE29E49EEF83D4B1E1BCFC4735C0351018F8
20260617_060157/RoleTransitionAnalysis_Rosenbrock_30D/source_contribution_heatmap.svg	11699	954EB8069D104EF0A23F7B7DC0662B6FDDDD41D90B9E581B26ACA5F77FAA3A54
20260617_060157/RoleTransitionAnalysis_Schwefel_2_22_30D/representative_run_timeline.svg	18513	26096552CA60F299FB5C650A68B8AEF5E94A470014BC2C6DF31BF206C09206DF
20260617_060157/RoleTransitionAnalysis_Schwefel_2_22_30D/role_occupancy_by_bin.csv	1107	7B9F6C1D7616AC03990DD9FA9380BC0EAB98182B9FDDCF7A0B3D0F17D425991A
20260617_060157/RoleTransitionAnalysis_Schwefel_2_22_30D/role_occupancy_heatmap.svg	16703	D9C2CF783B83F5EE84DF92B2F877ABC19279D7A8F7E1C4B92771F04EE667BED3
20260617_060157/RoleTransitionAnalysis_Schwefel_2_22_30D/role_transition_matrix.csv	355	5E1C15F9864795CC520DADE94D751821928FF26E036DC858AC3C321A304B809F
20260617_060157/RoleTransitionAnalysis_Schwefel_2_22_30D/role_transition_matrix.svg	6458	23C1C4A856BE71CFDAF241225BB4FF254ED7345E5D6F5F28083F3558616B829E
20260617_060157/RoleTransitionAnalysis_Schwefel_2_22_30D/role_transition_report.md	2237	70B7EFD2C6D6BC5C73F1253460C5FF0F53AC43BD1FD18260B67333B74EF33D29
20260617_060157/RoleTransitionAnalysis_Schwefel_2_22_30D/run_features.csv	4726	23069E5D0718FA6CF3390E825BAA178E7EF174EB53007F13412ED9126A96A451
20260617_060157/RoleTransitionAnalysis_Schwefel_2_22_30D/source_contribution_by_bin.csv	914	6B7C565DA7C6E6C70532DF8D081452516518C4F386C33F7487FD73AD79D38D29
20260617_060157/RoleTransitionAnalysis_Schwefel_2_22_30D/source_contribution_heatmap.svg	10901	375C433457E9DC7F5B8D0EF40DACE502DF2344ACCEC72E34DEA0585E658BD418
20260617_060157/RoleTransitionAnalysis_Shifted_Rosenbrock_30D/representative_run_timeline.svg	35790	8C42D5B7FDB77FF6CCE782871BA920D976663AFE33F9DFA46E36E528EC8A26AC
20260617_060157/RoleTransitionAnalysis_Shifted_Rosenbrock_30D/role_occupancy_by_bin.csv	1107	DCD0D12D28BB0E47229600550B7E5C0895A5B6D48880EB2B1C6F9379980910BC
20260617_060157/RoleTransitionAnalysis_Shifted_Rosenbrock_30D/role_occupancy_heatmap.svg	17059	446352DA2856756721D6584DEDFECBA784739B9F6C7362C1ACD48EFB28ABCEC8
20260617_060157/RoleTransitionAnalysis_Shifted_Rosenbrock_30D/role_transition_matrix.csv	355	A1CB097520D4007724628E11D422A19E5E1D5502A63CB6D3DF559C755BAF06F8
20260617_060157/RoleTransitionAnalysis_Shifted_Rosenbrock_30D/role_transition_matrix.svg	6456	35E33D1CEB81547DF90DCE3409F79E3925270BE188B49B3312C76C53CF66B878
20260617_060157/RoleTransitionAnalysis_Shifted_Rosenbrock_30D/role_transition_report.md	2233	E9E128E5EB0095C5D792604B0E414C55F3C0DEF4E324BF8A766A0AD6F697B46A
20260617_060157/RoleTransitionAnalysis_Shifted_Rosenbrock_30D/run_features.csv	5761	A737A89A17782B88C3D73EFA4399554CB6F67651F7B8522F2116AE90E27C72CB
20260617_060157/RoleTransitionAnalysis_Shifted_Rosenbrock_30D/source_contribution_by_bin.csv	914	86CA2931B48B33507EA1751E9A111E6EE9CD6ED9261CB7CE832AD67450D66896
20260617_060157/RoleTransitionAnalysis_Shifted_Rosenbrock_30D/source_contribution_heatmap.svg	11582	DC62A0FCEB95C20DF5463018584CF59FCC89F9EA348BB01782B34349E8DF70B9
20260617_060157/Rosenbrock 30D/Run_1/convergence.csv	93083	CCA8BC2E2C54C4238EF08AB69428BDF8F2EC521ABB1D42E94622F4CCD8FC7EB2
20260617_060157/Rosenbrock 30D/Run_1/run.log	265	5E4022C63ECBD5ECA9E1919E6776FC8854ECF086AA128DC557065CD731EE8C54
20260617_060157/Rosenbrock 30D/Run_10/convergence.csv	109982	FB7556FF6875EC0E7BF3E9E2E9D98509A1E8AD3E2D2D6DB9C8774BB382412E5A
20260617_060157/Rosenbrock 30D/Run_10/run.log	268	AB3E0E289E8A6D8BDAD8637A438BA60D7672198A5980273114CA1938375BC444
20260617_060157/Rosenbrock 30D/Run_11/convergence.csv	92263	D092841F19C6C277FB3B082F8C80EDE2A1F08C2A2C73105B231A80A9B41A32A6
20260617_060157/Rosenbrock 30D/Run_11/run.log	268	5F1F7FBA246D7964BCF2629B4E34FBD8B16958E6BB1C9BAC39598597C4C87F79
20260617_060157/Rosenbrock 30D/Run_12/convergence.csv	96155	3062C4CD478FCF972E07753779747B2EB171DAEB939BF55803BA9E4BEAC127AC
20260617_060157/Rosenbrock 30D/Run_12/run.log	268	6FC42AE968DCA956CAB99CC280C89065F34ADA4D42069E261C59381429B6A5BC
20260617_060157/Rosenbrock 30D/Run_13/convergence.csv	92912	DEF591E5C8FADB0E5B0175F3CE27359FB3D4C320C038859F30A09B8D5E9B6BDE
20260617_060157/Rosenbrock 30D/Run_13/run.log	268	EF83AB7224A1C56CBB10B25CDF0364A57F91CFD38C2F858EF9FC7E703F8E593B
20260617_060157/Rosenbrock 30D/Run_14/convergence.csv	103072	E628175CA1CED9338911967F273F1B374CE4A57966C77A769E06509576CE3AC3
20260617_060157/Rosenbrock 30D/Run_14/run.log	268	46C41A523A47C0CF4F524F279D40A9A62E2C964FC5F4EBAA1D4E2D409E2D3696
20260617_060157/Rosenbrock 30D/Run_15/convergence.csv	23155	F8BCBE357845B3B863D42598E84B3E94FD367A05479B5066348A91B89C8FABD2
20260617_060157/Rosenbrock 30D/Run_15/run.log	268	F62696B41178822D318562A053AE03A56272764C0C46F2F8F7D00951160BE016
20260617_060157/Rosenbrock 30D/Run_16/convergence.csv	95010	B12950803CD77396BB6ECB57679C36CD5EEA8859D51522A8DE28DCA238E9ABAC
20260617_060157/Rosenbrock 30D/Run_16/run.log	268	3FA4E780404ED37B2DFA35C3CEC642325CD7A4C9BB09E8EC22483E679E56F900
20260617_060157/Rosenbrock 30D/Run_17/convergence.csv	105134	066B23F6FBEB803C06763F8F1AD4EAFB42FD24F1159AE7D991EED50E30C168B0
20260617_060157/Rosenbrock 30D/Run_17/run.log	268	B57ADDF63C9A021E91B2BA120494FE19DF78F3BF75A5A7A0028F17682A544DA0
20260617_060157/Rosenbrock 30D/Run_18/convergence.csv	93556	25AEFB29B7A1AC6A158A22E7844753F899FB94016D5B3BBF661DFAACD92593FF
20260617_060157/Rosenbrock 30D/Run_18/run.log	268	5A3B7F156A164A7D604123D3D44AC014A8077FAB252A9AAE30189D0EBEC155C3
20260617_060157/Rosenbrock 30D/Run_19/convergence.csv	97066	4B618175434AD6E5249496FBC20D40746885AC58B0DEA83936B145A884E0E4A0
20260617_060157/Rosenbrock 30D/Run_19/run.log	268	3AD16B250992DEB62CA337EF6EBA9E189CBDB7EFF498A534E94B8988DF175328
20260617_060157/Rosenbrock 30D/Run_2/convergence.csv	94367	A4AEAA3705B562DB2974F68409C1ED2E647B122E4292E2DEC2530CD0D36DDC99
20260617_060157/Rosenbrock 30D/Run_2/run.log	265	056B2DACB632AC578A6D9A7E8C6018A79686DB7CC4701528AE75B106C3569F4E
20260617_060157/Rosenbrock 30D/Run_20/convergence.csv	91867	66F1F983AD03FB785D337D2C04E6FD3A85BCC7F964BD1BC9E84BCBCCCAA0B0F7
20260617_060157/Rosenbrock 30D/Run_20/run.log	268	FBE0940C5CE64210E17FBE4B6C52BF028B0847EF7E780BE35C532BFDAED7E8F8
20260617_060157/Rosenbrock 30D/Run_21/convergence.csv	102390	BAD3CEB37904D956CFF2569DAF22FAFF3EA658DA30A4C4E892AE6147145811D3
20260617_060157/Rosenbrock 30D/Run_21/run.log	268	B4DE3945812C1DA5F054E03337FE9CEA33883E36B813C58F1F679F4B31CF7F36
20260617_060157/Rosenbrock 30D/Run_22/convergence.csv	101159	76B3B0BAAC5550B9DA506E84C38AE7F316D86A2A52334C4F5199F70F1E8921C3
20260617_060157/Rosenbrock 30D/Run_22/run.log	268	C5902F02C222DE35298E738B9F24BF6E1BB5FB883E2CD4F1D813CD32A461CEA3
20260617_060157/Rosenbrock 30D/Run_23/convergence.csv	91911	DF4C5DB343E4D80F923094F09D5EC75892C2392E2EF4752ADAEF017AEA1F8B55
20260617_060157/Rosenbrock 30D/Run_23/run.log	268	9756B685BE7584203A603E9A21376D480FB7FD6B20A617C2E5232E0D0504A6DC
20260617_060157/Rosenbrock 30D/Run_24/convergence.csv	95213	6B8FA18AF5A01B64A119A2034F14CD193A2DA94E6D031A81F399A1CF64DB1A0E
20260617_060157/Rosenbrock 30D/Run_24/run.log	268	07EF406D01336456A32B92C68C7F1522CDF0D1E87C5888F69ED105A5B6D97EEC
20260617_060157/Rosenbrock 30D/Run_25/convergence.csv	106833	BEE5466477233B537F379079D983E48357E8DC82B0627C8C0151F1BD28CB4860
20260617_060157/Rosenbrock 30D/Run_25/run.log	268	B0C54DE1721C9C65714C37262107441144245A71D4C01B49AECAF6F45E4A8304
20260617_060157/Rosenbrock 30D/Run_26/convergence.csv	94837	A6465C8D6084D85AFE3D10C5E6CC6606CF4E7A033BC1736D4542B6D505ED2442
20260617_060157/Rosenbrock 30D/Run_26/run.log	268	3AD058415849D1A9E4DA0116891EC88700368D61FA97EAAB229410E724C31F1D
20260617_060157/Rosenbrock 30D/Run_27/convergence.csv	95867	49A8C66B71B589866FF7A260944CC9AF43E1520063E31CFD20971A1F3F3A6C76
20260617_060157/Rosenbrock 30D/Run_27/run.log	268	2D00F38FF70434950168F9E181E1008C00F11836D8DEAEE01D7194A6878CCF13
20260617_060157/Rosenbrock 30D/Run_28/convergence.csv	112791	028CD10C82FAE0DA95790A5492C5F142E6FDD6116C74ACD241609EBFC0C52985
20260617_060157/Rosenbrock 30D/Run_28/run.log	268	A305D8C6AC898A31421262C8A9642E218390A7EF02735366889747AD1B507E9B
20260617_060157/Rosenbrock 30D/Run_29/convergence.csv	92863	12B51386FAE3C2CF6B3FDB7AB887D9682777B771DC5E592AAFB0977ED82A0FAE
20260617_060157/Rosenbrock 30D/Run_29/run.log	268	E73B559CAA70EC7E71B440AE11F3D555805AC273D6AD91297B934518154A6BBA
20260617_060157/Rosenbrock 30D/Run_3/convergence.csv	100181	EBC952915A32D0CB61B250543E054DFE4ABC13D726D76C8C7C0EDCAF971375B2
20260617_060157/Rosenbrock 30D/Run_3/run.log	265	0707D4D8E7748243D3C74620EAAA630649D19A4A708A1AC49160648E53E39092
20260617_060157/Rosenbrock 30D/Run_30/convergence.csv	98180	4D3EB1517B5731BFDC754F036D06A3FB219B0B0899BB4BFFA38BA6CB626CC718
20260617_060157/Rosenbrock 30D/Run_30/run.log	308	8FEDB52D3233888BD975B4F6F3C9FEF0E3B78C2775BC8D47548EE34F634183A4
20260617_060157/Rosenbrock 30D/Run_4/convergence.csv	92420	9B8E69E1576B451FC3E691A63BBED5F15DEA356378E633C8A5195AF8A53D5A6F
20260617_060157/Rosenbrock 30D/Run_4/run.log	265	19D533355A593C2A52435E0ECE8F67CC50BEEC319575FEB0E15EB3255A30CF29
20260617_060157/Rosenbrock 30D/Run_5/convergence.csv	95459	D8ED85F465D827DFE29E377798B68EB6DDE8FF1DF8E12BBFA26A9FE28F34470C
20260617_060157/Rosenbrock 30D/Run_5/run.log	265	EDF301D6EC459417B07305B83324B0CE37A6192A50AD366C0470751DB0D8BEBF
20260617_060157/Rosenbrock 30D/Run_6/convergence.csv	102794	22BC735494B347C855C317463262BED67C32A3533B26377D36CB221105F00B2C
20260617_060157/Rosenbrock 30D/Run_6/run.log	265	93B92CAFDB3052FBD330B9318688D67429538F0E01849ACB71D4126EFA3A794B
20260617_060157/Rosenbrock 30D/Run_7/convergence.csv	92833	C57797782FA29AB1AC6E09F546FF7FEFD87A4CD701DEBDECDF478F8FDFD48B30
20260617_060157/Rosenbrock 30D/Run_7/run.log	265	DF363EF65F69472E25F214F510A43F8D5900F04C771E863DADE7957B6F5358BF
20260617_060157/Rosenbrock 30D/Run_8/convergence.csv	105900	5908CFBA18815CE27797ACF63E71FFE88A61F95147974ED82826633A6867CFB8
20260617_060157/Rosenbrock 30D/Run_8/run.log	265	985C2254AA3355B24DEAF4E74B1656731AD9306C6189B24F6904FCCB9A1DC320
20260617_060157/Rosenbrock 30D/Run_9/convergence.csv	29035	27B06754BF01A817240BB535603FD80A4261F1ECFA55D8AD5D56D98C43BDF3ED
20260617_060157/Rosenbrock 30D/Run_9/run.log	265	C5DB6592083A9F779D9222225A197B1BFE031A7ECCEBC328C02702E77096AB44
20260617_060157/Rosenbrock 30D/summary.txt	1579	0B26BB9770B0405395853005EDBFBEE0132B9F6E1683398C6590DFB7CAA9DFFA
20260617_060157/Schwefel 2.22 30D/Run_1/convergence.csv	11231	41C4C1C0B5B41A3FCD2299DDFEDBCAB4BB1EF89687B3BFFD844B6E95493D9B55
20260617_060157/Schwefel 2.22 30D/Run_1/run.log	274	8B5811D01159DDCBD1B0D7771F025C261E381B80B153921A59C927B105DFB69D
20260617_060157/Schwefel 2.22 30D/Run_10/convergence.csv	1250	30A3D93C1B6BF2729103596F6AAB06B9692428362EA94D1274431ED74A955E8D
20260617_060157/Schwefel 2.22 30D/Run_10/run.log	277	E5DFAF753EC069CFC3D2244EBEE52B64EC335089C2F7BB660E2B83A328132673
20260617_060157/Schwefel 2.22 30D/Run_11/convergence.csv	12218	AEFB03B62A2F50B997AAC03DC378A3129CE1A223AD5304821AFDBAE5257611AC
20260617_060157/Schwefel 2.22 30D/Run_11/run.log	277	50DC245EA4CF5E404AFEFB05534EC83793F07826CFC7E167851666BA021F2350
20260617_060157/Schwefel 2.22 30D/Run_12/convergence.csv	10357	6CECE60812003E69BB7DE0435D40443B7F128A92B2BD8D884072EBABCC7F7F74
20260617_060157/Schwefel 2.22 30D/Run_12/run.log	277	5E61E280E1F004DEBBF340BDD5A844BA4DCB4C29A690A13C7D6E715AEFC43E24
20260617_060157/Schwefel 2.22 30D/Run_13/convergence.csv	12603	38FB61F22F19A74D719543209860FA88F8E75AD5BEB0D1D8F199FE7143D8F465
20260617_060157/Schwefel 2.22 30D/Run_13/run.log	277	BE02432641DBDDFB692FD2ABF737AD20B6661E23C9F1C35AC22B307B4EE9077A
20260617_060157/Schwefel 2.22 30D/Run_14/convergence.csv	2215	3570E118AF58DA3DB388D41D14FB597B9CC96AA82DF986A1E455A27BCDAD34E1
20260617_060157/Schwefel 2.22 30D/Run_14/run.log	277	94491421E82F3AFDB0DF47D0E5394E004CCE8E7D7955212B0FF67041D1A7A21F
20260617_060157/Schwefel 2.22 30D/Run_15/convergence.csv	11247	E844D770F414F78CCDFC64E8A6AEE7489B9FB046EA02C69C9B9A334FD0B84CEB
20260617_060157/Schwefel 2.22 30D/Run_15/run.log	277	FF5DE53CEC7223557648A0F1C18CD9C088DEF2C0CF3D5EBFA4FB5FE3CD9F09D2
20260617_060157/Schwefel 2.22 30D/Run_16/convergence.csv	1363	7971B4B4186CE729A9CC8AF6B8D7863B3BB402D73F4D9232ADAED8A5B0DE6569
20260617_060157/Schwefel 2.22 30D/Run_16/run.log	277	FB98D47D3D49329E39D54AC0DDB7E78F6A93AE9401C3DD7BE402E821A1BAC7F0
20260617_060157/Schwefel 2.22 30D/Run_17/convergence.csv	12586	0C4E73E5200E01317FBAD4617CB9A10E80639382F84ED8A0E4CED347A39F61B6
20260617_060157/Schwefel 2.22 30D/Run_17/run.log	277	1CB68749F66BC652BFAFEEB0FDC0FF1D8E11D3A412C2C972A29F7A34123016FC
20260617_060157/Schwefel 2.22 30D/Run_18/convergence.csv	11482	652DA674A66569135E7B262D2D7C3C0AEF275722D77C0C149319E8B3DFC92B98
20260617_060157/Schwefel 2.22 30D/Run_18/run.log	277	6B5F983A34CA9748C992BDBF643846E601682FD7C27FC2D0A9B78184511D9D44
20260617_060157/Schwefel 2.22 30D/Run_19/convergence.csv	11496	5F45F492FD50AD7FDC346F1DEF0EB0165DBF18A522563592A04991C1E6C9761C
20260617_060157/Schwefel 2.22 30D/Run_19/run.log	277	C541F6AF93FDDDD29D6638BF4C3E9FBDF11BD65A3FDD6B8FC400488CF15826AD
20260617_060157/Schwefel 2.22 30D/Run_2/convergence.csv	8856	B887564876046E513DF3A7162DA1D27142BA1BF739312F32E7F6F2514936C2D0
20260617_060157/Schwefel 2.22 30D/Run_2/run.log	274	ED7FF1B3BC9982761C80E37F4F5382E7ED2A076CA866EAD528D52A4808143815
20260617_060157/Schwefel 2.22 30D/Run_20/convergence.csv	10157	5EA91CFEF697874801D91D142BB833CDC7A0E422284AB5932939C3D7B9CE0E4B
20260617_060157/Schwefel 2.22 30D/Run_20/run.log	277	B16D27AE6871478EFE1EE133480396A7D17E671005F0AD3993E761AA451E2A08
20260617_060157/Schwefel 2.22 30D/Run_21/convergence.csv	9828	0D756D2ED933278608D24BAC679C5A37669B95DF2F1E0019D9A09999C045EA63
20260617_060157/Schwefel 2.22 30D/Run_21/run.log	277	A9F2C5D3A3DC1FA277CB1C61383225086DA708C45D7F15D966E34BD42AE968A5
20260617_060157/Schwefel 2.22 30D/Run_22/convergence.csv	10856	24BE5751B63C1D73DEB273F80AC30490B5C7914E53EF1F08A5B86709A2AB6E73
20260617_060157/Schwefel 2.22 30D/Run_22/run.log	277	A7319DB6289A367D78064A536284D565411799D22D374AF3D75CE77BCFC8A88A
20260617_060157/Schwefel 2.22 30D/Run_23/convergence.csv	12773	67381DC53D6C05410365BB6F9088896C28DCB36AA2D924584E9E793D0A9089DB
20260617_060157/Schwefel 2.22 30D/Run_23/run.log	277	A0C4FE687B7F1894B0F2FBC10D40685C2023FBEB915F1567554735088C32F291
20260617_060157/Schwefel 2.22 30D/Run_24/convergence.csv	10565	7F914E394E3EB80ED087F7562CBBF4C7D466A7FF435CE67778DFBDF160F5B736
20260617_060157/Schwefel 2.22 30D/Run_24/run.log	277	78D0288B509601B17C844564459C53E21EBF9848128B01D494635D3E7E795F5C
20260617_060157/Schwefel 2.22 30D/Run_25/convergence.csv	9780	EFBACD52522D463FD1B718A4EC8EE53E5D7D57305682B714C38E9722A2BB69D7
20260617_060157/Schwefel 2.22 30D/Run_25/run.log	277	112EAFA0741DB8D15D4C2D9DE162AD281A7C0F40870C5730212C22FB34EE2C5C
20260617_060157/Schwefel 2.22 30D/Run_26/convergence.csv	1218	9876AB5A2543EE5BA294049C6F60D2BBDD45509FF160735C1D64726BC8323E29
20260617_060157/Schwefel 2.22 30D/Run_26/run.log	277	5130DA92B50B61CD50B601BB8E4D44FC8AD25F3401B9FCC50BA6E6E7B7E90FE2
20260617_060157/Schwefel 2.22 30D/Run_27/convergence.csv	1617	270B3BD3E67AE232F7492CECA00C51F39BCBB5B77B21DB723F9CBC69E77C399A
20260617_060157/Schwefel 2.22 30D/Run_27/run.log	277	BB984883D1DA419EB15C7D90641927EDFCE0BB41B2575061200624CDAAD037DA
20260617_060157/Schwefel 2.22 30D/Run_28/convergence.csv	10898	34C70A04FEDE0F053C8F4687A5581A96F9125CB2F34DDA29396B6A6F2EE8C183
20260617_060157/Schwefel 2.22 30D/Run_28/run.log	277	E34AD6F93370AB8C8DF7736665554BD89BC0C9C4F199D5215ACC2B6B6C1E916F
20260617_060157/Schwefel 2.22 30D/Run_29/convergence.csv	1667	B879002FBF269E20662E08E675A26BC65C21DB61DEE1F3C593CA096339321B9A
20260617_060157/Schwefel 2.22 30D/Run_29/run.log	277	6F03E5354CF194F6909E17E8AF0B1343E21EBB18F9C93CE258C840F3F02CE14A
20260617_060157/Schwefel 2.22 30D/Run_3/convergence.csv	11665	5E1D719C8EED322BFBA703BE29C83B90D23050F37561590244549F54CDA85E79
20260617_060157/Schwefel 2.22 30D/Run_3/run.log	274	41C652A4A93A9FD34775E5AB34014520D523D3EF284D9CCB7D515B626C0B861A
20260617_060157/Schwefel 2.22 30D/Run_30/convergence.csv	9614	20813F2C4B58DCF180B8E8A0F6BA920619C76E2045837C0E4D81C537CC39BFDC
20260617_060157/Schwefel 2.22 30D/Run_30/run.log	321	FB5192263E9BBD4B010699650840CC30F4DB9D87EAA788828CA1567BF9525364
20260617_060157/Schwefel 2.22 30D/Run_4/convergence.csv	10347	6A38B3E1F4A710E3EF52701BBE303ECABFCA5C337410180A15F54A0191006193
20260617_060157/Schwefel 2.22 30D/Run_4/run.log	274	D1A409FCCF6B83DF4A55CEF83B0A1E3E3E34773A710EE1BCAA28497BF3918174
20260617_060157/Schwefel 2.22 30D/Run_5/convergence.csv	1582	6D3313646B7F216BDEABD7CE1C37741AEEBABF9AA734EED1DA37584D7CC01FBC
20260617_060157/Schwefel 2.22 30D/Run_5/run.log	274	783B2D31EA822F89E51A957598467354A8CF30BECB9F95EFCE327011219EE525
20260617_060157/Schwefel 2.22 30D/Run_6/convergence.csv	11599	BB1A28C987A2F79A477DE03783E36A9EE11A5335FC8B6098C192A96ABBB755E5
20260617_060157/Schwefel 2.22 30D/Run_6/run.log	274	93F55B93CA61528E1887B8DE36CB062FC1C390E8695625C54E3CF3BBE3FF622A
20260617_060157/Schwefel 2.22 30D/Run_7/convergence.csv	10966	2653C9CF52331822E054A6F167727EE6E773524A0697E094010DC5ADAADFFF9E
20260617_060157/Schwefel 2.22 30D/Run_7/run.log	274	78FC40871C4CCF109CA295CC17CBF32ADBE6E3E6B3AB8CDC54E68159E33C5DD4
20260617_060157/Schwefel 2.22 30D/Run_8/convergence.csv	10281	E7BBBB4760F58C9DED2C267A3BCC37551696B44C31BBB5853F67F5757040CDF8
20260617_060157/Schwefel 2.22 30D/Run_8/run.log	274	B7F8DEFB9F05BB9DA988F745360A50A74547EE86B2BCF0D5D217083C05917B26
20260617_060157/Schwefel 2.22 30D/Run_9/convergence.csv	1869	CEF7318AA8BCD2A53B71F6F8B7447DFBCAF653B32714C469E0A2927667B49CAC
20260617_060157/Schwefel 2.22 30D/Run_9/run.log	274	0953F656570D2B8C99CA96D981344D1DB6ACDAD6BCD46564BDDC3CD70A9691C6
20260617_060157/Schwefel 2.22 30D/summary.txt	1560	ED12C34BD8E47675160179134B6E25CEF7C117462C3AC665E5054AAC677B0900
20260617_060157/Shifted Rosenbrock 30D/Run_1/convergence.csv	88188	3E9C3D3A743A09B0EA27FDCA5506308EA734BB6F03ECAF179BA47B733A69A23D
20260617_060157/Shifted Rosenbrock 30D/Run_1/run.log	289	B71F40F9960FC72416265C2086EEF3167BD1CD7B6A90B9BD35626DC01F4080E2
20260617_060157/Shifted Rosenbrock 30D/Run_10/convergence.csv	88258	B409C5DB3C8C2AED0706661AD43272E650238375C9D1555685A2BE1FF52D4A06
20260617_060157/Shifted Rosenbrock 30D/Run_10/run.log	292	453AA38759E094BA0587F7F4C99E114C4999461C520E842A02442D97F0747230
20260617_060157/Shifted Rosenbrock 30D/Run_11/convergence.csv	103966	B8082AD962D388A92B0F209FE02B0DF1621BE2FE59E430414627F533852CCF9D
20260617_060157/Shifted Rosenbrock 30D/Run_11/run.log	292	26CBBB1A656811F23FEA551B2EFD867855712BED1064F3960EF5B7A991003B38
20260617_060157/Shifted Rosenbrock 30D/Run_12/convergence.csv	22976	222EEC946A678BE52E7EE4542BEF1A737EA062D32653AD95BACDDE25FA4CA9D6
20260617_060157/Shifted Rosenbrock 30D/Run_12/run.log	292	582BD78EA4F527A855E6267EB712DE9F6BD5731E3B74FEEF1B6E8D69510BC435
20260617_060157/Shifted Rosenbrock 30D/Run_13/convergence.csv	87681	40B57E8979B7428186B223CE036615439E9B423371F3D68F3CABBF90BDD66EAD
20260617_060157/Shifted Rosenbrock 30D/Run_13/run.log	292	208136128AF0566C2F9D041F7E490E38961211B331CE6A427451FF297770F8E2
20260617_060157/Shifted Rosenbrock 30D/Run_14/convergence.csv	91669	F5E60E7DC9C3EB0D5D1CA12AAE9619C770030F5C12DBD2BE6BE5D1C584EE3667
20260617_060157/Shifted Rosenbrock 30D/Run_14/run.log	292	1E7305F3B9D2801A812728CB4E8645CD0C255267FD0BE7318DF760F1631E725D
20260617_060157/Shifted Rosenbrock 30D/Run_15/convergence.csv	87703	433E8469917C97CFACAEF5BAB14C2C69E420E2421FD62230393169BB9DE34A22
20260617_060157/Shifted Rosenbrock 30D/Run_15/run.log	292	222D6BE14CD85FEC5CEF7293CB3D07DD7CA9494DF2E739491D008D18FE56B71A
20260617_060157/Shifted Rosenbrock 30D/Run_16/convergence.csv	94302	A14AF6E3B992A906E2E42371504BA82C1AAC03FCA29069754CC879177B99F88B
20260617_060157/Shifted Rosenbrock 30D/Run_16/run.log	292	AC5D707F762C94A5771146300467429C998B88009647911841BFE27D53BFD254
20260617_060157/Shifted Rosenbrock 30D/Run_17/convergence.csv	84618	9EE8C4CF23DE8988885D0A21BD55D9AC78B7143E70724DD9C5A22EB61C72EC1F
20260617_060157/Shifted Rosenbrock 30D/Run_17/run.log	292	106CB9089DA1D5AABE69D27A1745BB4A02C3DF34CB14F1167DF523333CE6BBED
20260617_060157/Shifted Rosenbrock 30D/Run_18/convergence.csv	32389	3EFF2635FF0524969E66673963616DCD19750726BC05C2F7D0B2872D8FBD2D27
20260617_060157/Shifted Rosenbrock 30D/Run_18/run.log	292	91DD859422B0C0E1DBF8D4A26B862EA6087AC440E5CA1F6A1E5194FFB11F48C9
20260617_060157/Shifted Rosenbrock 30D/Run_19/convergence.csv	88256	DD23D20C9C5A36ED608C1F5995A14E630735341159D3093A2745780F685303E5
20260617_060157/Shifted Rosenbrock 30D/Run_19/run.log	292	D47FF127022F42AD7185053F6A0591D1DB4464F0F31BFBF377F2AD538BEAB975
20260617_060157/Shifted Rosenbrock 30D/Run_2/convergence.csv	83619	04DAC032164F34823C2760F6F771554606985003E0DE38F5EF4DA407F5F3B9AD
20260617_060157/Shifted Rosenbrock 30D/Run_2/run.log	289	3E01805A3F43BE22C3C9D92C12469DDAD675CC3A097AA28F2B97EB11F736E5EB
20260617_060157/Shifted Rosenbrock 30D/Run_20/convergence.csv	88732	D00F88F1C86E02A6B433A3F5812BEE2A8BB1AD13225B76BC2F0BF6018E2E4BEC
20260617_060157/Shifted Rosenbrock 30D/Run_20/run.log	292	68894D1D68C17290424A807EC4818392D20E447CF3BE2A137BC10DC8B8036518
20260617_060157/Shifted Rosenbrock 30D/Run_21/convergence.csv	90227	E60B7E64908A70C1582FF12C3F1A34E2A6B84316EDDF4E53C811979580CAA251
20260617_060157/Shifted Rosenbrock 30D/Run_21/run.log	292	3364E8D2E528FEEAFDD98C6D44155113CCD0AA24E92AFCE088D26452BF2CD422
20260617_060157/Shifted Rosenbrock 30D/Run_22/convergence.csv	87746	20D207D019A399F2B5C63B8FC04388BC08E04C3216F891AFA0A20C34CF45BC6A
20260617_060157/Shifted Rosenbrock 30D/Run_22/run.log	292	6AEAAE0251AF7C052052697A4E829FDFEDBDE07A9F510A63A26F739FB9366867
20260617_060157/Shifted Rosenbrock 30D/Run_23/convergence.csv	89325	5D4206D4258B2AF83FC56F47962611B5DBF1D7DDD7C0587629D4EFEB82C70D0E
20260617_060157/Shifted Rosenbrock 30D/Run_23/run.log	292	C12C7CCE01CFF745EAB45D5F6CAE5C710FCCCA8CA49360D0A1D5679CEF0B1B4D
20260617_060157/Shifted Rosenbrock 30D/Run_24/convergence.csv	106516	5F179C9A419E0B8EACE0D1AE744CDFC77AAD5E1445FEEA61AABBFDAD3464BB6C
20260617_060157/Shifted Rosenbrock 30D/Run_24/run.log	292	E0777BC2A61F5AB499030A13FCD9A497ABD5112D40D6C9EE6C6A21DBA40EEDDC
20260617_060157/Shifted Rosenbrock 30D/Run_25/convergence.csv	89881	25BFC8B35A9B8E16452682AB2661B167C6B15A114DA5DD6DECB8EBE0FE393393
20260617_060157/Shifted Rosenbrock 30D/Run_25/run.log	292	62B4575E4291FDEC554CC1AD19930CDE21BDEC5E18993675CC8DFC46EEF95941
20260617_060157/Shifted Rosenbrock 30D/Run_26/convergence.csv	88190	7F887C3C83B7AF2B739CA54B79DEED77123CF853AA5D65457A2CD0B52A291F55
20260617_060157/Shifted Rosenbrock 30D/Run_26/run.log	292	29515595485977CEB849B0B445BE6D272F747AE72CC841F5EF636E97FFE1D8FA
20260617_060157/Shifted Rosenbrock 30D/Run_27/convergence.csv	104988	77D2E79301012597BC0AED94DE5BBD3318BABA2334A44F6B9D5411D51BB8C56D
20260617_060157/Shifted Rosenbrock 30D/Run_27/run.log	292	72A0C95566F6C692F0B6FD71AE12ACA8F512F5E582BE09B73501D0904A20BB7B
20260617_060157/Shifted Rosenbrock 30D/Run_28/convergence.csv	97709	31C697AAC0B6C11C64B534EDD02977BBA6A20B4F6C3657C697E74152C380F755
20260617_060157/Shifted Rosenbrock 30D/Run_28/run.log	292	4AED21517C95B130C957240A1BD5658A43574D7BBECF2BD67D2B6642AC1E08CD
20260617_060157/Shifted Rosenbrock 30D/Run_29/convergence.csv	93459	B61B79AD582EDE9374EF5AFD889A8F874B4C0DA0C0896479558AF5D86AB30792
20260617_060157/Shifted Rosenbrock 30D/Run_29/run.log	292	3DDDA4A15493571AEF45884E2E4A0D7107475AEF272FBD8D68037B65651E892E
20260617_060157/Shifted Rosenbrock 30D/Run_3/convergence.csv	87223	138BEF5637A0A08028CDEE51656DDCC32D6C80C99DBF4A3C4A8F1A3F164E8622
20260617_060157/Shifted Rosenbrock 30D/Run_3/run.log	289	008B60728ABB9B99A0CCE30A3A035A3660972E8CCA3184C4D63F90824C8303DF
20260617_060157/Shifted Rosenbrock 30D/Run_30/convergence.csv	85454	97D57AA77DC5BB45A10904AD1B5A248681AED4E83D98F825D05C723302929231
20260617_060157/Shifted Rosenbrock 30D/Run_30/run.log	335	1CEFC9C69B01AB3AEDC6566A60594C5AD8E7F0D92B4E4AE22ABB97CFD03486A8
20260617_060157/Shifted Rosenbrock 30D/Run_4/convergence.csv	83086	6226A1833B15D3C5FEB0ED8DFB671CD81BE94E9D159BCC8D5D6596B45C2706CB
20260617_060157/Shifted Rosenbrock 30D/Run_4/run.log	289	83E887E5AD0555626405CCCC124A1A553693092FB6A43D1D60433FE4A59656DA
20260617_060157/Shifted Rosenbrock 30D/Run_5/convergence.csv	91429	184DC6E148E0002332E53E971C1EC73977C20B644A7328C5B4CF790BB37F530B
20260617_060157/Shifted Rosenbrock 30D/Run_5/run.log	289	2BF4A18BACE0D747876C857A555A1AD5F92DC237C06ADABC2D6025EAA099E20E
20260617_060157/Shifted Rosenbrock 30D/Run_6/convergence.csv	83864	97FBDFB9DCD57B1C78EA76A8FF35111B221EFA997351182B66A989F524077AE7
20260617_060157/Shifted Rosenbrock 30D/Run_6/run.log	289	B6BF45CA72DD30452DBAD797C17B0A04418A89E262102CDC02917DE1B0DA3560
20260617_060157/Shifted Rosenbrock 30D/Run_7/convergence.csv	84832	30843E5A34FAD2A1E05D3C78AE93FB5940C47908EB7C705F4D62CF20A6B175FF
20260617_060157/Shifted Rosenbrock 30D/Run_7/run.log	289	0AC073916ABAC2E425C2FF1128C6CBDF4B8EF60E6A95EB004BF38A8882D51D3B
20260617_060157/Shifted Rosenbrock 30D/Run_8/convergence.csv	86410	4CBD4733D36E5A5279AF83B684E4F18655C15EEFCE2E72A227462B7B902D1FB6
20260617_060157/Shifted Rosenbrock 30D/Run_8/run.log	289	017E2AEDAC078289597B6354946F3583C9C110BECE0DD3FF8374E585A98660F3
20260617_060157/Shifted Rosenbrock 30D/Run_9/convergence.csv	93688	0EAFA0F2CF2FA895CE5AD4C7F0F199F3FB07394923ADC8D28058E2215A7E2E54
20260617_060157/Shifted Rosenbrock 30D/Run_9/run.log	289	9B43CF4517059DECFCFD4D174B553CA3CF32B0F919293B4ACC79198FD6D7DDD9
20260617_060157/Shifted Rosenbrock 30D/summary.txt	1642	7ED4989A92D369639ECC08045A1110619F88DEEEC1B2EDBE8E5548D56191BFCA
20260617_094355/Ackley 30D/Run_1/convergence.csv	14656	DD806048F23505475B65B74F184744237409BCBFE42CF6F7B5B77C4839D82C95
20260617_094355/Ackley 30D/Run_1/run.log	254	C524E7DA926C1985756FE2139DAFAB37D0D74870DB6DDC715C44DA11FC9F141F
20260617_094355/Ackley 30D/Run_10/convergence.csv	12013	996A874B2C4AF39B0EF343A83E066E1821E1028CB4DC97D33C49271B0A3631C9
20260617_094355/Ackley 30D/Run_10/run.log	257	8F4B2C6ACBCAEBE33D34A9A2F21EA7010E55EC18D17C5D16933C8BB890E9989D
20260617_094355/Ackley 30D/Run_11/convergence.csv	16065	8C89B9DBC4936C7CD336298C833A46783B3958A8E652D40CA17BD5A166252DE2
20260617_094355/Ackley 30D/Run_11/run.log	257	48087F1C4D874AFF91CD84C22974CA11534252F42C19CF4FE3CF6AE4D65CF54A
20260617_094355/Ackley 30D/Run_12/convergence.csv	17335	903CF8E85785FC117A406836614D6F74A22C618EABB735CB5206E6E25BBCA52C
20260617_094355/Ackley 30D/Run_12/run.log	257	105C4DDA8038C94431D5CDB8B6E2DC7E9CF7F499354DEFEEF34552719A4FD985
20260617_094355/Ackley 30D/Run_13/convergence.csv	16058	7EA64D80613A4B7295334B7E7F604E6BF43651EE3C44DA9136E50255A2908614
20260617_094355/Ackley 30D/Run_13/run.log	257	96C8B1660985DD997260854576CA3D542718B65A640FAF9E803470A42D77DFB0
20260617_094355/Ackley 30D/Run_14/convergence.csv	14464	9CAEB83E895310A209AEB5309C6CB3F01C7CA03CC8F822A8256586C38D02D5C2
20260617_094355/Ackley 30D/Run_14/run.log	257	C3431B89C1B387354BE4D84A8263E739CEBF59047FF050EC5B806E2896032866
20260617_094355/Ackley 30D/Run_15/convergence.csv	15260	C1C3DD9FD7309C1E7EE4BDA49965067BEDDD1B7F53A1B05DAC92469A1B8670F9
20260617_094355/Ackley 30D/Run_15/run.log	257	9BF84993C108BF9F9F681849A991DD7B7C60065616B95A21856C8EFC151D79AC
20260617_094355/Ackley 30D/Run_16/convergence.csv	13861	0CA0B4F9AC020D9C47CCD2925E94766C580065125081B978561B087FCE40784F
20260617_094355/Ackley 30D/Run_16/run.log	257	C540331B0062A8F69FDB19E85CD4F154B7F56D24550C420137648046C2293DA2
20260617_094355/Ackley 30D/Run_17/convergence.csv	13745	98C95815F260A101F6E45DCA631029FF80CEF1E0255AD0DEDD86E1E47EB22079
20260617_094355/Ackley 30D/Run_17/run.log	257	2EB33029E00D973AC5B57AE1CD8273F18675DD2041D44790C17DC4CA5A3CF4C5
20260617_094355/Ackley 30D/Run_18/convergence.csv	13434	47F32B05E2E419E3BBA2FB94E5C0862D634E7DF8373AB4C6C3BBFC04CFDFDA74
20260617_094355/Ackley 30D/Run_18/run.log	257	F01AA79FAEC1AEAF5A02F4EA1C9CFD8E3D28183F162B06BF24893BE5FF1E30F9
20260617_094355/Ackley 30D/Run_19/convergence.csv	14316	84EE93F49AB33253862F2A91C26A7AB126C5B2515318B8672D7B9DDD0AD0B773
20260617_094355/Ackley 30D/Run_19/run.log	257	1E3FD6FB4AB4B210DC0A27C43CE39098122A3AD53A1685628EA5A6C26F0A6D09
20260617_094355/Ackley 30D/Run_2/convergence.csv	14721	CB84C5B2B2B48A95EFE6800A601559659EA49486737153B2801455D315FC4B94
20260617_094355/Ackley 30D/Run_2/run.log	254	3161052F686BD9B79C1EDA09086B7158B13E8E4A5B10B5B11CFE530E6A5FBFB3
20260617_094355/Ackley 30D/Run_20/convergence.csv	15150	8C899CFE0A9D4E0BB848E9076036FAEF64CE00CE707A8384589BA421B180681F
20260617_094355/Ackley 30D/Run_20/run.log	257	8E0C83C926B274FA08ADF926B74F6DEE2BFA5BF900C03A5057F7C4FA6414043E
20260617_094355/Ackley 30D/Run_21/convergence.csv	15967	33224F74815BAA87B3D278F208C3157C0A6125EDB153268C53AD67F2E3BD9CB3
20260617_094355/Ackley 30D/Run_21/run.log	257	40CBE5CE9EEA04E9F9C33F2BBED76A490BE50E17E8D5CF79EA4251BA6FAD31C5
20260617_094355/Ackley 30D/Run_22/convergence.csv	15348	8EBAA6E52413410227D7A3DBEF0B78C5A01B0EAA99B0AA4D32563773483A6624
20260617_094355/Ackley 30D/Run_22/run.log	257	A13CD4CE6E37CDC70BE29355310BFFE5140B428DD261597461DDF070E756DB76
20260617_094355/Ackley 30D/Run_23/convergence.csv	15752	464545D03D3669AC2CDDE421637972FD940DBBC67E7AD06901B6224A71EB82D4
20260617_094355/Ackley 30D/Run_23/run.log	257	91A90510ADAAD94F1308D36B3BB9FA55E02A43E216D67A1745A244ACB65F6132
20260617_094355/Ackley 30D/Run_24/convergence.csv	13499	92FE5112A3E2C1521CB125F3156E83856A36FD9BD8D394D7E625A0187A352867
20260617_094355/Ackley 30D/Run_24/run.log	257	046718768625393CDF0F87CB08ED72BFD4B1788048CD96E86DA073C7700BA21B
20260617_094355/Ackley 30D/Run_25/convergence.csv	14932	A832AA56CE8819B8A215D6F7A0F248BDD075AC42D7B68E140209535D5235D6D3
20260617_094355/Ackley 30D/Run_25/run.log	257	F0FD6E3670E4D1E7D928719A7C53AEB71248D2C227A4C3FC6437EF4D33B6E730
20260617_094355/Ackley 30D/Run_26/convergence.csv	16730	165E7F88966DAC0DECAE8EF37037689B565C9839F79D8428C795401016298BEF
20260617_094355/Ackley 30D/Run_26/run.log	257	6C7184388AEB8869736EE7109D9B313AE958AEF1231309F2B3A8771CAAA0AAFC
20260617_094355/Ackley 30D/Run_27/convergence.csv	15903	18FA5445794172922363F9BC16F18B7B0B6A34023498BA0C060FCCED414090E2
20260617_094355/Ackley 30D/Run_27/run.log	257	8FF95A6C7277693023E37826459B47FF834DEEC688BF08C3C7116D8C83C7578C
20260617_094355/Ackley 30D/Run_28/convergence.csv	15646	A18EB16A6FA032F5CC69A7A9E12FE2948EB801C49D23484EA1AEFD512412952C
20260617_094355/Ackley 30D/Run_28/run.log	257	D080A96238ED325D0B7AB0857B7522A6148B5CA8900B806AD8110CAE38576DA8
20260617_094355/Ackley 30D/Run_29/convergence.csv	14182	0D76DEB330B65F3E94EDF5BEA064698C4DC356ACF3265F59D469CCB1DD5AA92D
20260617_094355/Ackley 30D/Run_29/run.log	257	DF48AA8B30C86947C3E5CFF38F87F3E640E85E5D55A18C6755E1BF50DE7D5AAD
20260617_094355/Ackley 30D/Run_3/convergence.csv	14606	D66DAD91F6EBE13B3AD38392399D1ACD6D93AA5C23AAA56CDF455EB611652305
20260617_094355/Ackley 30D/Run_3/run.log	254	885793D7ECE47ABFFDBC89170335A872A1DE94B2E53FDEDF5165D56B950F2F10
20260617_094355/Ackley 30D/Run_30/convergence.csv	15267	C51CAF515945C556CC5333B2009D6C3C9CE2C0A966D452E1218441155A232407
20260617_094355/Ackley 30D/Run_30/run.log	1593	8DF9DF26BEEB6C42BF87E34A38EA74053CED72FDF1D3D5785378D01CC4E066E1
20260617_094355/Ackley 30D/Run_4/convergence.csv	14754	B7BCF2576380CA91DC6D19CD9AEC17C9354215DE2949AEC7B6809951C6B780C6
20260617_094355/Ackley 30D/Run_4/run.log	254	E92B18F3C2B88310F0E6D256528E7F6D8F773D6A6820E0E588DCAAF7B91D54C5
20260617_094355/Ackley 30D/Run_5/convergence.csv	13367	37203902D3C775219521DD781DCD6E3FA6E6E93A58A0B16F912C26132C05B7FE
20260617_094355/Ackley 30D/Run_5/run.log	254	B0CAF22238780691ADA69683B4A7D40160F556E8BFFD10D75206788CA7047BD8
20260617_094355/Ackley 30D/Run_6/convergence.csv	14699	EAEF8C618665170F6C8BBB9FE6ED5718FDBDB793A42777D3848BDDE8F8401A38
20260617_094355/Ackley 30D/Run_6/run.log	254	FBE2D8A23DDDADADAC96AEE701EEE734C03B36D9F634F25C6F12C2E8A98861D2
20260617_094355/Ackley 30D/Run_7/convergence.csv	14884	4501DF4D9071F1FDEBDE1E5621C1E13E30B21F2338414F21B30BEB92F38D319E
20260617_094355/Ackley 30D/Run_7/run.log	254	9A504DB8AD55CF11AFF3D75DD11609BE96EEBB4B99908FEFA9A3332C9313D15E
20260617_094355/Ackley 30D/Run_8/convergence.csv	14001	ED014765D827D607CB1255BF29CCB4413437C751971BBC2EB2D35BC16588785E
20260617_094355/Ackley 30D/Run_8/run.log	254	9808765544C0BEF9DE57A19DB4553005C2C078FDCAF9F5D7F71E8157F01A8C49
20260617_094355/Ackley 30D/Run_9/convergence.csv	14928	CBBB502F977A09AFFF31D6C3B2D4DE2515C4CC10897D133E10647710374E29C3
20260617_094355/Ackley 30D/Run_9/run.log	254	9B5D25A32EBDD0EBD80F1A1E4F72A5A85D75D024D365E093E78D6ADB74F218A1
20260617_094355/Ackley 30D/summary.txt	1553	BB135526B06CD22EBD822FD32DB0EEF6A924D266C578A95A3AEBC6A3DB0C7654
20260617_094355/batch_summary.csv	1106	7B3B31D4722135700B467016CA7F5EB947A6F55C31510256AB54CE3F52B71FB2
20260617_094355/Hybrid F2 30D/Run_1/convergence.csv	25241	BE10E3FDFF60516F983B08BEB21AC51CB41D3C999FB3E1A9275AB54A47511F43
20260617_094355/Hybrid F2 30D/Run_1/run.log	263	FF9AA4AB337DEEE05EB86DF27281125DDF35695E4B868E7E2F645F0A3860C8DF
20260617_094355/Hybrid F2 30D/Run_10/convergence.csv	21238	1CAA99D51968A8E7002C532541F3318D14CC8F840F17BF59DD39B7CB0B55DA4E
20260617_094355/Hybrid F2 30D/Run_10/run.log	266	FFE9630E0EDDF4617B886ABA66FA0D78ADEB89FAC0562EDD6776FA7D6438C77D
20260617_094355/Hybrid F2 30D/Run_11/convergence.csv	38341	9A5B1B0DA00212F60779425543249512050D46B6463ECABBEA24F164A2CCE4E0
20260617_094355/Hybrid F2 30D/Run_11/run.log	266	8410788B16E75E1A1948C64B7D372696F8FC84C84D08EF9D3431C717D2850E01
20260617_094355/Hybrid F2 30D/Run_12/convergence.csv	24001	C8F1336FD67EB4F6F7ED901123D703903CC5A1CADC7AA65F5EF17E4DA30717A8
20260617_094355/Hybrid F2 30D/Run_12/run.log	266	DE993E1FA504C19F4621401E913099EE3011A888D5902F23784E3CDB502911E4
20260617_094355/Hybrid F2 30D/Run_13/convergence.csv	26556	1A81615703AB108A9D7211B0607FB7C1B4813B22C71F0C51B85FA4706D7BC277
20260617_094355/Hybrid F2 30D/Run_13/run.log	266	4F5BEEA0CD64B65278370870B840D0DA97FF95E78AE9AE0879112741147770E0
20260617_094355/Hybrid F2 30D/Run_14/convergence.csv	20234	085B57113F874AD8A84A476997362347E691CDAEE48C035AAC6A50FAF60F7407
20260617_094355/Hybrid F2 30D/Run_14/run.log	266	78884A8D78ED3B509C32034C3B1473C87275D9C8B0F8DB6B5C47F49824FA4552
20260617_094355/Hybrid F2 30D/Run_15/convergence.csv	18080	EED62642E714A4CE32BB471AAF56CD0E6C49B9EEADF442E088DB8DA092798DE9
20260617_094355/Hybrid F2 30D/Run_15/run.log	266	785CD03EDBF7018C8CF97E28E59302E9E95F9977F56F097DF331952FB2423761
20260617_094355/Hybrid F2 30D/Run_16/convergence.csv	27879	B965A7E2AB052CE6817E7E28978DAABA499A98B5E33B5EDFB3789D658C321303
20260617_094355/Hybrid F2 30D/Run_16/run.log	266	6A27A462F3EC97AC43794F219DD24D36F0B2A3B43C363EFEC96CE940761EAFA4
20260617_094355/Hybrid F2 30D/Run_17/convergence.csv	21135	25362D284F4E96635073F892302D333B913043C0B1309DDB0E6F4F5676462A61
20260617_094355/Hybrid F2 30D/Run_17/run.log	266	74AADCCC2F7AC13B5B0C10756C091FCD13F3D861185D58E9EA7E1F77EA5CE8B3
20260617_094355/Hybrid F2 30D/Run_18/convergence.csv	27709	09CFFCDC7F3597DDE1675E5898D41389FB707FC6642DB4FCDB09D222B0EB822E
20260617_094355/Hybrid F2 30D/Run_18/run.log	266	887BA78C83CB6A28993EE488A8288808D0E5E5E3E13A5804D7DD2EF0BC260ABE
20260617_094355/Hybrid F2 30D/Run_19/convergence.csv	24985	6B68CC041DA8BEC9BFA3737D5626299A367141AC347E48A2AF7E202A4DF37999
20260617_094355/Hybrid F2 30D/Run_19/run.log	266	34830AF43318F9698136AFEC88151BC3993B3D2458C33BEFBF623B26A14A98EC
20260617_094355/Hybrid F2 30D/Run_2/convergence.csv	22697	9D12104804DD23EC38ED49B9A3C9CCAA82EFF89933F68398458DCB801EAB96F7
20260617_094355/Hybrid F2 30D/Run_2/run.log	263	E5F3ACA5E44D39D037222F64DE4D2CC9FF5BA39445EA6E325EB55ECE5B4AB2BD
20260617_094355/Hybrid F2 30D/Run_20/convergence.csv	23571	AA2D7E7F1D673C74DA0D0FD7C2C58866E901BC623EF139C3F0D80501180A4D93
20260617_094355/Hybrid F2 30D/Run_20/run.log	266	30059BB0D9E930C56145FCA5D04CAE459B20B2A4F722FBD0ADFEA969BAE160B3
20260617_094355/Hybrid F2 30D/Run_21/convergence.csv	25317	E236DDE40E2F1A006BF6E201839F593CB4B7DEA7CE95924F7847D91708D9E4BC
20260617_094355/Hybrid F2 30D/Run_21/run.log	266	D8BC62FABA0A5321BD430CD9488CEEB485B753B532B43F2C1F271BB98D6D9EC4
20260617_094355/Hybrid F2 30D/Run_22/convergence.csv	19816	B431B9DA85CF0842952925E9F4AD2F689D50C2D54F49214B9C22E24BB0F83890
20260617_094355/Hybrid F2 30D/Run_22/run.log	266	3C2AA8C209322E26BBEB48EDA6958839D5B598C09A631584D5E3F2D7126E908E
20260617_094355/Hybrid F2 30D/Run_23/convergence.csv	31462	1D74577D79E70E8CBA6A5C2E98A270A6CDEA3D3D4D3521285863DE27CCACC1E7
20260617_094355/Hybrid F2 30D/Run_23/run.log	266	13FCBF53DBC05CC1BA522EC8ADBE42339F90C5BA5D5DCD19452404BD2FFD817F
20260617_094355/Hybrid F2 30D/Run_24/convergence.csv	23361	D94244B6BE007870AF6FB298FB25326AFA6A504FA0E82B2C54FCA0832611F1CF
20260617_094355/Hybrid F2 30D/Run_24/run.log	266	6A10AA7E1A4CB02A42B8382D0DA7C7CCF4DF1D5B62A622C62F9680A138602556
20260617_094355/Hybrid F2 30D/Run_25/convergence.csv	28884	0C254CD7776678872B51609B8634CB1556189A19CD4CB7F4E757CF980458A281
20260617_094355/Hybrid F2 30D/Run_25/run.log	266	5705A5ABCD9E3D45CE5ED42ECE369FFB9000D44A4474964348E91C0AE50764F2
20260617_094355/Hybrid F2 30D/Run_26/convergence.csv	27017	BBFEB65158F1BD2BC1A1A45BC6006563CAFD3EF5DE9F629F1B221F0EEE95D5DE
20260617_094355/Hybrid F2 30D/Run_26/run.log	266	69BF03E58B9E9A0A5876CBA3E4857A82FCBDD9F80765993019153F2197A9485E
20260617_094355/Hybrid F2 30D/Run_27/convergence.csv	23949	9AAECFAC1D88076D6500E727B85CBE31A74BD3DAE18B4B90F09A52B94B1F92CE
20260617_094355/Hybrid F2 30D/Run_27/run.log	266	C3952BC2FAEDAE0CDDE86E20DB7CC96E32E5116946FC929F9990E1DE2CE7A451
20260617_094355/Hybrid F2 30D/Run_28/convergence.csv	20286	D03F4648937917F01C6FBA38BF658909BB790C8872CC8B2939C35535BDA274FC
20260617_094355/Hybrid F2 30D/Run_28/run.log	266	9CB2F6BB7123AEA5652543AD8AA363DD839419890A959DDE293E5626522054A5
20260617_094355/Hybrid F2 30D/Run_29/convergence.csv	28428	2BB4F870246852C71351D27C1D16F672CDE93299BFEF466C2D2A55C8899B074F
20260617_094355/Hybrid F2 30D/Run_29/run.log	266	F1EA2446503EF9CF1E9A18C9CDD54487C17F48D50C875DE804557D4E72A5E8D8
20260617_094355/Hybrid F2 30D/Run_3/convergence.csv	23608	AF74508DA7234E7435E3345C599BAA2CB469A22DC6FFF3FFCD98E31D03402B62
20260617_094355/Hybrid F2 30D/Run_3/run.log	263	66629C2F0DA8BB8F4D5617994DD55F50B399F4902B135EEF541BC336B00156B7
20260617_094355/Hybrid F2 30D/Run_30/convergence.csv	18112	B6D15368FD110A90522B2D0C113A6FEC3CB666C89177411F4DB5D3CFEB14844A
20260617_094355/Hybrid F2 30D/Run_30/run.log	313	C81B7078CFF712000C3E169BDC3CB9CC783B0C8F244D89140A86F2D52330B275
20260617_094355/Hybrid F2 30D/Run_4/convergence.csv	22774	635A53DDE4D6E60EDFE9B2890C56019DE8BBD4062385F382B47B682014CEBAC2
20260617_094355/Hybrid F2 30D/Run_4/run.log	263	0E6E859B3BAD1597819636CD1C786E0EA5B28B08BF0637BAE7EC45BDCA70C0EB
20260617_094355/Hybrid F2 30D/Run_5/convergence.csv	19756	101FD9D73A0083FD757436F475685A399C09A3790465262E7FE2E5D6D9840273
20260617_094355/Hybrid F2 30D/Run_5/run.log	263	5BF6B2758A3AA8E955C8E1C731A8D4DD189B672441353A75F7ACDBBD07BB1C1B
20260617_094355/Hybrid F2 30D/Run_6/convergence.csv	24144	153647FA7EC90AC1384CC4495C3D9D503FA1641F8CE026DEFA360A8D461BD424
20260617_094355/Hybrid F2 30D/Run_6/run.log	263	765F0F9AD11AE7260832C4837EDB693FB2838EB02738208121E29948C5E9EF1E
20260617_094355/Hybrid F2 30D/Run_7/convergence.csv	20960	0354220F78C56197DB79B45710D17432AA944E971E9E875296D2CD3375B649B2
20260617_094355/Hybrid F2 30D/Run_7/run.log	263	A9D95BE0BCBC759627E646DE2649CDF89643D15131E245127B9FBC743CC74E14
20260617_094355/Hybrid F2 30D/Run_8/convergence.csv	24771	1FA1E266586A3A652DCB3B50673D357DDABEA16B3FCC68890A3801457131E425
20260617_094355/Hybrid F2 30D/Run_8/run.log	263	4F9AC017A7EB017CC1D42184C372A90F18B6C07DDEE37C77706ACF7C8DF5159A
20260617_094355/Hybrid F2 30D/Run_9/convergence.csv	20195	938B9DD927DFEA341BFBC74E475AF87AE604554E64938B03511B77C355EE7A2B
20260617_094355/Hybrid F2 30D/Run_9/run.log	263	A0BFB70EE3D347860DB43E8C2D5010B374C36DDEE6B055A47F921D0EF66FF002
20260617_094355/Hybrid F2 30D/summary.txt	1557	61BA7613909426954C238F02BB81857C8A16CC20CE0CBC3ECD274CC9984809B3
20260617_094355/PresentationArtifacts/Ablation_vs_20260615_140911/latest_ablation_artifact_manifest.md	537	C9DDC232CC214A7D711757A23460723723E644276732F13C843FAA2B3C62A524
20260617_094355/PresentationArtifacts/Ablation_vs_20260615_140911/latest_ablation_exact_match_report.md	1304	F75F164D9E1AEC9F0AA6FF13591773DC46CED0ED70040DDECCCA24C56200E1BB
20260617_094355/PresentationArtifacts/Ablation_vs_20260615_140911/latest_ablation_exact_match_table.csv	673	75EEFE0756304A525F40C16853E408CDF9AC1BF9FE6BF0A2E393DBB44241012F
20260617_094355/Rosenbrock 30D/Run_1/convergence.csv	36988	83E6CAF0D205E1D66ABDAAC99BB2504ED8BDE6DBFC6EA642D80382A155FDC9FF
20260617_094355/Rosenbrock 30D/Run_1/run.log	266	E64EE5FC0F8B6DEFB8FFFF8D39BCBBAE5A900764973DDFD640E3D243BDC3531F
20260617_094355/Rosenbrock 30D/Run_10/convergence.csv	83383	2C282DA5A8FA3748A2EF443F730C826EC257E60884B4906B8B65BA352C09F7C7
20260617_094355/Rosenbrock 30D/Run_10/run.log	269	84A7A076B7B4C7B24B1B8A0BE80AC12F543E0E8247B738D516E356018175A6E2
20260617_094355/Rosenbrock 30D/Run_11/convergence.csv	100786	6C76F582F16ABCD38915F38D86BD08115ECB408C5EE6008E2D28C03E1EBDD8F8
20260617_094355/Rosenbrock 30D/Run_11/run.log	269	6ABBF0D24DED7B2ACD88EFA4B7F75D9CF771F588FE0380ADB524A3ED23307021
20260617_094355/Rosenbrock 30D/Run_12/convergence.csv	91084	26C45CCFFDA79D393425729137D70A49AD85D7FE0A3E4E277084B4F4E494BCB7
20260617_094355/Rosenbrock 30D/Run_12/run.log	269	BD668D91619631E7CFF221EA1966CD750FC875805E8275BBA883CBD4F726BB0A
20260617_094355/Rosenbrock 30D/Run_13/convergence.csv	26412	21FB930A7AE025B2966CF57B4FF2DBC1D3E8AFB7F411440FD3FF16E004A130F0
20260617_094355/Rosenbrock 30D/Run_13/run.log	269	10859064EB9275D21E27B802202A71747B455D85EF5C0E7D08BA6BA57CCD712B
20260617_094355/Rosenbrock 30D/Run_14/convergence.csv	89651	628A1EFF552751B2F6C106D287342190CD21611389B86D494F91FB2C6C0829FD
20260617_094355/Rosenbrock 30D/Run_14/run.log	269	186E859F8A2EB14D8E3478B1935A62200491EFD2C0D6B14BC243D98F0B17BD27
20260617_094355/Rosenbrock 30D/Run_15/convergence.csv	81888	B48F0B16D557BFD3CCAC31F384A2BE0746F455569E74D663D86117372958EB66
20260617_094355/Rosenbrock 30D/Run_15/run.log	269	F32F3474800C0C73CF7E43057EF35D436D2399B57163A70B58AB2904C2A224E5
20260617_094355/Rosenbrock 30D/Run_16/convergence.csv	96320	BE1ABC521755D42C503D4EA190583ABE13D7716259AEFDD1A20D1B9E0B0B9436
20260617_094355/Rosenbrock 30D/Run_16/run.log	269	A5959B193244A1671D5CFB12F74596C08B9F8E100EE82CBA67CF7D474921A75A
20260617_094355/Rosenbrock 30D/Run_17/convergence.csv	83972	F13F8281DD54F6F6C7CDE4A0831E7496423C040D17FCA6A86F24BE99FA80A464
20260617_094355/Rosenbrock 30D/Run_17/run.log	269	91F45CF62163897160DAE187E1B10E86595DA7E0658B233B4800D243881BC04B
20260617_094355/Rosenbrock 30D/Run_18/convergence.csv	98259	32B065D0C07C4588E748E88615564F93BD2C7296EA0A155834FD10CFCCF84BE9
20260617_094355/Rosenbrock 30D/Run_18/run.log	269	670DD674ECBA814FE5677C4131F5B63570F794E952568C1CEBCFC222D790A7CD
20260617_094355/Rosenbrock 30D/Run_19/convergence.csv	81249	21709A36175466623C8D9C033B9A5724F5BF0902C87CD91C4BE6EEB52AD0BBDD
20260617_094355/Rosenbrock 30D/Run_19/run.log	269	B5BB7E9B69487D2DE34C220C0DE48DC18D41EC78C8A05E2CBFE7BA9A90B5E36E
20260617_094355/Rosenbrock 30D/Run_2/convergence.csv	78458	67BEB1991BB92FA7AB86F5016FFF0F239EF9D01384EA3A647F411AA059C005B2
20260617_094355/Rosenbrock 30D/Run_2/run.log	266	CE9FA442AF1DCB116E2588C198EE2123BF9E30AB0CE7EBF825C90D88A52C694D
20260617_094355/Rosenbrock 30D/Run_20/convergence.csv	93414	85613D8D30C19C591674EBFD57ACA9447128A859CCCBFF52408460D353FA8743
20260617_094355/Rosenbrock 30D/Run_20/run.log	269	DC69D99B46457E6CDD37763C956BC993D46DAA027D20BB1ABF32CB8883839407
20260617_094355/Rosenbrock 30D/Run_21/convergence.csv	84146	AF60FDA5FB99AB3C15A1A68933C80CF500C1BA51A9CB5D0096366360B09FF26A
20260617_094355/Rosenbrock 30D/Run_21/run.log	269	0DCC5B94C11B25F88A5562D6F1AB97F4C64EDE36959FE695F8BAB98BCAFD9C46
20260617_094355/Rosenbrock 30D/Run_22/convergence.csv	79739	8467EA5287B7580A1ED73E0CDC86D38A916B3C9FC499DCC8DFA34E80FE6A2CF0
20260617_094355/Rosenbrock 30D/Run_22/run.log	269	93CFD17B256EE9CA91616BCACD7705691EF88BEC0F508301336846936AA89A49
20260617_094355/Rosenbrock 30D/Run_23/convergence.csv	84615	D615EBB8D2C18E93D318AB0975A7695EF22FC5D681265569FFC89D3FF0E50B20
20260617_094355/Rosenbrock 30D/Run_23/run.log	269	B1277933C73D272AFE276BF3154AF33F9109BD7E9719761FE7283E5CBA747269
20260617_094355/Rosenbrock 30D/Run_24/convergence.csv	99588	3F8DAA92F87883AEE769A5FBFB25929AAEDFDCA54B7A073F1208880F6AB71006
20260617_094355/Rosenbrock 30D/Run_24/run.log	269	6452D97C4163A75BEF18BD0BD4856FA385BB9B72FB4A43E6F0615861B8D4CA38
20260617_094355/Rosenbrock 30D/Run_25/convergence.csv	81647	2AE917E409896711BD3400E019A0A08934610436AE7D23485C93F87496A4ABFA
20260617_094355/Rosenbrock 30D/Run_25/run.log	269	EB10A3D0EAE3EA69CBF2E34BEB33D95EB8ADD363FD9E575D41544FF5578DD9B6
20260617_094355/Rosenbrock 30D/Run_26/convergence.csv	35693	EEB137A033EF4DF39039CB4B42FEEE5695465BD778875C2152B8E3B4252B2760
20260617_094355/Rosenbrock 30D/Run_26/run.log	269	4CB2B47F636741BE0D63A4A76A8CCB5D5BCA30D81CD6DA5C40B8AF438D95E1CC
20260617_094355/Rosenbrock 30D/Run_27/convergence.csv	85010	0DBC29918F7CE737D5552A4D91054D32515DFFE5BA9713CFBA7F5DE4B41601C3
20260617_094355/Rosenbrock 30D/Run_27/run.log	269	E4B260DCFB485F4D1D800BBEBD8E06081643F52FEFA669133B7D6CEE3270EA38
20260617_094355/Rosenbrock 30D/Run_28/convergence.csv	83448	8876C3D5B326F24300CB7A0FB8DE41ED25A2783CE640BE1D23D6BFC243838628
20260617_094355/Rosenbrock 30D/Run_28/run.log	269	BD9ED4563956DB847448206ABE3035B72C8570E6560A6A7F121199D0C56FBAC4
20260617_094355/Rosenbrock 30D/Run_29/convergence.csv	82761	8E3F61C051DDC179E9D7DF666A0288CC34333F931CA09DBE79497F8BD4344D8B
20260617_094355/Rosenbrock 30D/Run_29/run.log	269	BE28102CC551EDDE8FDDE6204D4B4CFB5A0213901E5EB1C2847C9A0B227C0E65
20260617_094355/Rosenbrock 30D/Run_3/convergence.csv	67404	8B71635D9B84F0BF6E4A0FB027FDA2B741FCCFEB1EFB3042DC259312A15BF71A
20260617_094355/Rosenbrock 30D/Run_3/run.log	266	64CC1AC2FF6A01826DF3AD838595B65C3A1F60A331441C99ABCC7F80ABED8CC2
20260617_094355/Rosenbrock 30D/Run_30/convergence.csv	81413	C79EBB9F74F566BC032732A18E78F0A1D6EF169BA1E34A699282D29122D9A323
20260617_094355/Rosenbrock 30D/Run_30/run.log	309	1E66B6E6BA94D6348A174C5858907B7E8455369292C416F7685156C720FCF8AC
20260617_094355/Rosenbrock 30D/Run_4/convergence.csv	84775	433C55F8A88AB40031BEB68E8D7CECBC2BC2550AE5E355E1A8CE37C9D120F561
20260617_094355/Rosenbrock 30D/Run_4/run.log	266	38AE57C6F53F85A77505AE585024D5A0971BFA2DCF060C668B1CCBFD729A4FE2
20260617_094355/Rosenbrock 30D/Run_5/convergence.csv	95365	FC8647EA16B511738885969DA2F3C2E284511250C398AB7E55D953DFEEE9607C
20260617_094355/Rosenbrock 30D/Run_5/run.log	266	69A962BA7711CFDFBDA9CE55E7A882BA7FBA4B21FD1A5C597DAEDFCFB2217A67
20260617_094355/Rosenbrock 30D/Run_6/convergence.csv	83450	8E2E136CCF08FF0732036C0C6B23167A58C01BAD0D064A221BEB41E6B356B698
20260617_094355/Rosenbrock 30D/Run_6/run.log	266	AB5B516B595719584E6573F5B2895208D3359F2C3C88EB40745EA07CAD41E1BE
20260617_094355/Rosenbrock 30D/Run_7/convergence.csv	84492	F05BF3AA0A0A829BAAF52ABDD801FEAACD6BA03D91EC9F6BA3BAA698B75E0D4E
20260617_094355/Rosenbrock 30D/Run_7/run.log	266	5D450855EB37978DCC20A05C6D71EAA05874EB168B20A5F11770A0C74C2A67A8
20260617_094355/Rosenbrock 30D/Run_8/convergence.csv	91190	179FF41D9A6B0800CD95C4D3F06469E8E189DBDBAEBDFA6BE791093A31AFCD29
20260617_094355/Rosenbrock 30D/Run_8/run.log	266	891BBEECF4B9223B37C9D311BEC2AE7EAEE36613769B4BD354EC9281C865B4D8
20260617_094355/Rosenbrock 30D/Run_9/convergence.csv	86354	88B47C10F9C0FAD53A23FAEA81B631CDECCF2D84E28E2C67942DF3AE9EAAB48D
20260617_094355/Rosenbrock 30D/Run_9/run.log	266	433347D88F795BA5877F4E8A863E2659AB514DBA5B537B865C83F3FDAE647006
20260617_094355/Rosenbrock 30D/summary.txt	1613	8E497598B9C991D77A4E665B139834CF329076EB4B037646358EA0DF009887D4
20260617_094355/Schwefel 2.22 30D/Run_1/convergence.csv	1526	AC7422A8D7DCB6F872613EE0B8D4008311427253A538E43A7370569D378F602B
20260617_094355/Schwefel 2.22 30D/Run_1/run.log	275	83B4D1D02FF864F9D0524B3C2ADED2F2AA705A1923BD29ED9A462F74994953D0
20260617_094355/Schwefel 2.22 30D/Run_10/convergence.csv	11465	59A86839D4D8D0915779C8E56F74CB326C5B9D2324DFB249301195BB214ABA5C
20260617_094355/Schwefel 2.22 30D/Run_10/run.log	278	10D03A77BAADB43C0523C6B6BD6C7052E56237C61FCA2D3922C9696CEEDE70B9
20260617_094355/Schwefel 2.22 30D/Run_11/convergence.csv	12910	31737B5329BE65D9E055FD5335F3F8ABD6D0861E0B9E88D4B824FFB0B9DA279A
20260617_094355/Schwefel 2.22 30D/Run_11/run.log	278	EC566F3A3EC214BEC5C53018972DFC5D8B26B4167DE94122E274489801C0DC34
20260617_094355/Schwefel 2.22 30D/Run_12/convergence.csv	1870	BADA9C6FB2D3D59E97A0A73DAA59E90CFFC8FE85636E094ECCC23DAA0AF2A768
20260617_094355/Schwefel 2.22 30D/Run_12/run.log	278	AD2E9454D594A65969A4CB1E1534EFD9481FF63097ACC775C39AB3FCA6C1F251
20260617_094355/Schwefel 2.22 30D/Run_13/convergence.csv	13878	591C2F951C961A665066BED412AD3C4AA89B80A1D534D984D1ECB14AA145568C
20260617_094355/Schwefel 2.22 30D/Run_13/run.log	278	0CD72944CC0F797C250E132839832232959D198F32083D7708E0173A41FB1279
20260617_094355/Schwefel 2.22 30D/Run_14/convergence.csv	11920	E611B09E5066EDC8764BB4B404D884EA4A86D5180716782E732CC17BAF74544B
20260617_094355/Schwefel 2.22 30D/Run_14/run.log	278	639363ADD225C0CDE26D1639F6F08241EF72AD568236A8D347CA3F2E6D15EE1A
20260617_094355/Schwefel 2.22 30D/Run_15/convergence.csv	12631	7D5F33BD5382EE321A4699356FA4E9785AF4C99BA97DFC1B45F6378075C87657
20260617_094355/Schwefel 2.22 30D/Run_15/run.log	278	B94F4854A27633E2151167D672342FA3B02CB07F088889B60EF29990DD18EFDB
20260617_094355/Schwefel 2.22 30D/Run_16/convergence.csv	11756	BDA7CC0FB67351E775D93D096EBE0B4923FF316C93CCCE7A47E83AA39F29B5B6
20260617_094355/Schwefel 2.22 30D/Run_16/run.log	278	69C71631B274FF7E773C6DA3E9B01C79EB6A0D1A99147095B90967350985DCCF
20260617_094355/Schwefel 2.22 30D/Run_17/convergence.csv	12969	43854121BB6F51F6E91516EEC57609DE57DA666E333623ADF9129A9DEF7B000A
20260617_094355/Schwefel 2.22 30D/Run_17/run.log	278	863F2674EF2569AD7882566867C242F6578F10C7EDBFC2F8175FCE182985428E
20260617_094355/Schwefel 2.22 30D/Run_18/convergence.csv	12439	67372C049CA82035FEF2BF04800B8E4C6FCBCDC28BCA938315354F423C5841EA
20260617_094355/Schwefel 2.22 30D/Run_18/run.log	278	743033A94940C1876D4ECFB0AE4B6E9E1F32D8C0DCAC8240BBE55FF825CBE693
20260617_094355/Schwefel 2.22 30D/Run_19/convergence.csv	10591	FB8C4667E48DC5A9968F17592C060D3FCB365A84E465304CBC1645CF6B001473
20260617_094355/Schwefel 2.22 30D/Run_19/run.log	278	31F8EC59E593DCDBBA52EFCC4F4E0F8A805F22D2004F7A179624245C15A7CC29
20260617_094355/Schwefel 2.22 30D/Run_2/convergence.csv	12163	15CB3183149AF9BAFDAE37FA7039FF7971476C393476454FDA8C2CAAAAA1226D
20260617_094355/Schwefel 2.22 30D/Run_2/run.log	275	CCF4AFF470503FB55209354953596AD6CE6FBBB96D746861B1AC48A9511928B9
20260617_094355/Schwefel 2.22 30D/Run_20/convergence.csv	12528	1C6383E90C22423D7BF53D6471049DEADE7EA1A33380431D612240C4B7B58833
20260617_094355/Schwefel 2.22 30D/Run_20/run.log	278	E711BE0A30D5E6E348162A36969C34555C0E156E2740F41AEC1D81A2482DEC00
20260617_094355/Schwefel 2.22 30D/Run_21/convergence.csv	12651	E563C65A82B1FEF95E113F2650BF84872503A3A6C9798FDE848B983CC8524318
20260617_094355/Schwefel 2.22 30D/Run_21/run.log	278	E683617D8DAC50301697966A842AA0C272C2E0D41955AC9F8F59A2FBF6CF45C3
20260617_094355/Schwefel 2.22 30D/Run_22/convergence.csv	13720	38CE06BCE6B32CB1948381AA2055F8E60C8CDF520677CF40DAAB9CD0B7C04AD6
20260617_094355/Schwefel 2.22 30D/Run_22/run.log	278	E1E1A97FFD8365105110E4125E494BC925D491FF2E725955DF706F9E83EA2638
20260617_094355/Schwefel 2.22 30D/Run_23/convergence.csv	12271	B90FEC0113BB4C2BEF1F961E7122348BD8ABA036D3AAA2D879BE23473D59F5BA
20260617_094355/Schwefel 2.22 30D/Run_23/run.log	278	1D31ABE7F11EB978DC8E586067DCF12F1CF210E69D0B704395BFD46C1498763A
20260617_094355/Schwefel 2.22 30D/Run_24/convergence.csv	11428	DBBAAB1E4D19A931B1B91EC176820520361F200E11F4140164B220F46BEB2EF8
20260617_094355/Schwefel 2.22 30D/Run_24/run.log	278	43A216ECCCF72B4DCB78CAB394BD4F58346CD306013A63AA67FD8B9FC4204177
20260617_094355/Schwefel 2.22 30D/Run_25/convergence.csv	13870	00BB3AC25B8D038EA6CE3F289DC94004DAA30066B3E26F25FDDAB9A15B957987
20260617_094355/Schwefel 2.22 30D/Run_25/run.log	278	4B2CD3FA979282422167AEB47F172DCDEF91E5C3202C2181BD0146AE74DA1529
20260617_094355/Schwefel 2.22 30D/Run_26/convergence.csv	1270	4FDB77773ABAABB44B95BD6E6A80422A15D973E7FDAB7583285C9218D6C4152D
20260617_094355/Schwefel 2.22 30D/Run_26/run.log	278	B6A02DC3F8DFE2172EAA9F7C5CE7AD67296795604741E4EAEF73CFE815B5C8A8
20260617_094355/Schwefel 2.22 30D/Run_27/convergence.csv	13169	9B8DABE17C04FF787E1630A332B8E63F45888CD22AA528112935C067CA5AE8CD
20260617_094355/Schwefel 2.22 30D/Run_27/run.log	278	FEA048B9BF87A9345088DC169CCA7EDFD43259527DF137CAD04647C1A9CC90CA
20260617_094355/Schwefel 2.22 30D/Run_28/convergence.csv	1809	DD95AC3FA62E76BCE75E3AEC670E7F814BCE8D4122D0647C00A4FE0C0BF84260
20260617_094355/Schwefel 2.22 30D/Run_28/run.log	278	6260D68E632FBD255DFF601377EBCF788BA29DE55FE362077BFD0DE1CB2545B5
20260617_094355/Schwefel 2.22 30D/Run_29/convergence.csv	12503	089FF15194753D0312A7DD25FAAF07CFD7CB2623532C263122ED5B2935C15C0B
20260617_094355/Schwefel 2.22 30D/Run_29/run.log	278	16B232DBD47842DFBAFE535A293D5543A3E8C88C6E88C0DBDC7B6AEF29FB5AA3
20260617_094355/Schwefel 2.22 30D/Run_3/convergence.csv	11729	FE58E4AFB43172B8F1912A69B7689B1445909CC53B78F778F6D722EBEA5FB5E0
20260617_094355/Schwefel 2.22 30D/Run_3/run.log	275	044BF456F150DC8FD3F65BFB00B51CF36105F9174614A7FE3DB9EA80AC0283E7
20260617_094355/Schwefel 2.22 30D/Run_30/convergence.csv	11583	139D20561A6D2E0D1C64463A22942131E94E97026019CB61428B8E2E02B5D763
20260617_094355/Schwefel 2.22 30D/Run_30/run.log	322	59C4135C814BD58A3A9950F09DDFA697EB9E5E2B80035FA2E6DEDA2C882EAA6E
20260617_094355/Schwefel 2.22 30D/Run_4/convergence.csv	11678	2FD0A58DFC1B7799C5469753C50F46F74C47E770C28421A5C24E78C0CF301061
20260617_094355/Schwefel 2.22 30D/Run_4/run.log	275	145E52F3E0AB3448340F9A45E3E1A3DA012DA2BB8254EDA00B7676FFD216E04D
20260617_094355/Schwefel 2.22 30D/Run_5/convergence.csv	13540	DB4689F1642FA41EB38B3B13CF4194BA09B4D33123F0B75F91504EFE2E61628E
20260617_094355/Schwefel 2.22 30D/Run_5/run.log	275	882F5E4666115FAE1F2D33BC8E6EBB072F21DD28B105E674F487276A06F6B899
20260617_094355/Schwefel 2.22 30D/Run_6/convergence.csv	1529	0A9EA69D03F2942ED19086465DC40DD87376C258AC225936B9DE9C97C86915F5
20260617_094355/Schwefel 2.22 30D/Run_6/run.log	275	C66652997E93E6761FD334D0FE72B29D3958F56477573FCA8495D0C8AC0F7B7A
20260617_094355/Schwefel 2.22 30D/Run_7/convergence.csv	12056	730A3EB7828C585B8711A17DE4E4C3A5F4F86100D81081BECBAF376321878AB7
20260617_094355/Schwefel 2.22 30D/Run_7/run.log	275	09D44228E89F2A923BEEBC6B213F215A89BD6BD67FD4F2E2B07484D6B0E4284D
20260617_094355/Schwefel 2.22 30D/Run_8/convergence.csv	12166	1408B9CF32807BFBB06BDBD874CE5E46FA9EB748D8A2F88278708D6E5A1A3844
20260617_094355/Schwefel 2.22 30D/Run_8/run.log	275	7D8E175E4951C4FBAACCDCCBF3183068505B42A5EEF976C13FFE1C8CA265F853
20260617_094355/Schwefel 2.22 30D/Run_9/convergence.csv	2129	9205AC590F7BFDDB30E7F10319468C53C4FA0BF8697EAC0D3ACA472E4B59AC93
20260617_094355/Schwefel 2.22 30D/Run_9/run.log	275	A51FE9445B6EC54F3DB2F6D3B0D0B67D432B556AB19B9CD182BF0B2C5899DC3C
20260617_094355/Schwefel 2.22 30D/summary.txt	1627	8A9D8588A2CCFCF365307ACA15F160A432F44ACD1E8002DDA85EB244ECD28D62
20260617_094355/Shifted Rastrigin 30D/Run_1/convergence.csv	21312	CBDB5163E579E04E73932271EFBEC26F342AA96D252B4B18C6EAB6B8FFE11C5E
20260617_094355/Shifted Rastrigin 30D/Run_1/run.log	287	8B04A25C0822E465E2274F6712CE35F132B85F3F2DD84CDB2B60B55FB8AD1D1A
20260617_094355/Shifted Rastrigin 30D/Run_10/convergence.csv	13779	49F607073102BC0879D2341733A8EABC770348EF3A8026162376077E73959EAE
20260617_094355/Shifted Rastrigin 30D/Run_10/run.log	290	1784470E16FC123DD63C6E6ED1FF52A29D80069D1FF521666E01353F12612743
20260617_094355/Shifted Rastrigin 30D/Run_11/convergence.csv	17996	D2FB1D652B493CB418D03B7AC040264A41C8A0BA3BBE11E8289B00335D5D59CC
20260617_094355/Shifted Rastrigin 30D/Run_11/run.log	290	0E7F3888690AF35BF8A07A8CBCB4C1F6969547A05E8CB673EAF5F302DF34A9CA
20260617_094355/Shifted Rastrigin 30D/Run_12/convergence.csv	24134	289A105B08A6610794868BA0D3E845F20A6DC0F4CFB8440E0AEF4A5B910D3DBD
20260617_094355/Shifted Rastrigin 30D/Run_12/run.log	290	65B4FBCD66E1E6614D09BB4354249ADC96DD60CAB502B00AB2A8445A59D0A677
20260617_094355/Shifted Rastrigin 30D/Run_13/convergence.csv	20694	2BEFB138D6331F2CF8D9F01D5E7F925D657C16503DD982F19D0F27C34741688A
20260617_094355/Shifted Rastrigin 30D/Run_13/run.log	290	8AFB190B708F0819B0755F0F3FCA39388C97133AAD9F156FCFE97C4B09E011E5
20260617_094355/Shifted Rastrigin 30D/Run_14/convergence.csv	21693	B81EC6278A5EECEA1569CDCF865E046E36C1C2895E472200D220C3F9694985BA
20260617_094355/Shifted Rastrigin 30D/Run_14/run.log	290	D2B1ED985B37C6B9E1A7C552F9E243FC64463957A2C5A9EDEC4D9CB511F55F7A
20260617_094355/Shifted Rastrigin 30D/Run_15/convergence.csv	14292	25BCCCC008164ADDFF083D51E8186CA73821D6A71FAE41481E1CC391AEEB6C5B
20260617_094355/Shifted Rastrigin 30D/Run_15/run.log	290	145FF3D906E1ACA1020B10E1D948A410B19CA69F9C8D4A4676C3A2A32BCB02E0
20260617_094355/Shifted Rastrigin 30D/Run_16/convergence.csv	23510	579A3FCAA5B2306E0595D64E25D82AED2E0D8F03CB1BE774D06D20179A36371A
20260617_094355/Shifted Rastrigin 30D/Run_16/run.log	290	2D2B0C15A3F43A4D9A79BF7BB5C10D74F705073C6E42361EECA6B38CAAC6D5D9
20260617_094355/Shifted Rastrigin 30D/Run_17/convergence.csv	21083	A61A348BDCB4B13634E23CB1D50383FED918396947E6969259A3168C29E22881
20260617_094355/Shifted Rastrigin 30D/Run_17/run.log	290	21406C547CD6DB30753F77D722AEDCCCBE1513B8CFC4D4645A3C0A02BDD6DBE1
20260617_094355/Shifted Rastrigin 30D/Run_18/convergence.csv	22706	FF17D717AE634488FA11361918569BB15AA7051EDA8D2D048AA94F65EBD9E30D
20260617_094355/Shifted Rastrigin 30D/Run_18/run.log	290	3562026C42A159CB9C9924459752F4BCB6FA2A5725A6EF3E7C1C94170AB9BE43
20260617_094355/Shifted Rastrigin 30D/Run_19/convergence.csv	22481	80E4F7BBB402D084690A1C4E97942AA3B928A4E70712C6189AC013188A832C11
20260617_094355/Shifted Rastrigin 30D/Run_19/run.log	290	126A2F055FD222AE9641CAB1387200217E6066E47A9EEB3C06E003951602A221
20260617_094355/Shifted Rastrigin 30D/Run_2/convergence.csv	18416	3F8621A0DD07A3BFC65A93EB2B8A33148D330B6DB53365CB058F671AD866E3EF
20260617_094355/Shifted Rastrigin 30D/Run_2/run.log	287	4F9C02C23FE8C1C5DAC8493C47A29AB3446CA5D90A0E20CB74B569F98D3C8827
20260617_094355/Shifted Rastrigin 30D/Run_20/convergence.csv	15320	2B1F72C1E303D2912C21A3FD02C66265C7045D7FE502E65D31C380EF1AA4FCA1
20260617_094355/Shifted Rastrigin 30D/Run_20/run.log	290	AE9A1146384810AA7F2C83EA43340A0E42432471EFDBD74CE2ED804D9865C55A
20260617_094355/Shifted Rastrigin 30D/Run_21/convergence.csv	22100	6497A3883DE7E032F68AEF3032C9543D8325A9C994053B39C42EF4DA05B483B3
20260617_094355/Shifted Rastrigin 30D/Run_21/run.log	290	77F360A04F956916CD84F57147E4CCCE7E32B3F2DBBC03F79BF746EBDB2B0AC0
20260617_094355/Shifted Rastrigin 30D/Run_22/convergence.csv	16428	8C52CBF198BA57A10E464F3A7654C413940DD550C11A28E69F1ABE413354AB71
20260617_094355/Shifted Rastrigin 30D/Run_22/run.log	290	0605AC48E4B9E0650E568981B02F7494E104B54140B6726F9359DA4456CC4D4C
20260617_094355/Shifted Rastrigin 30D/Run_23/convergence.csv	15086	63BA269B1652808DC9DCBB9B65F330BD0A43E91CA9ED1DD72AA4AC445A869EC2
20260617_094355/Shifted Rastrigin 30D/Run_23/run.log	290	B34768C638979F45D756261C64E3922CC89C11790EB44C79E2E7CF30677A0C22
20260617_094355/Shifted Rastrigin 30D/Run_24/convergence.csv	20087	7DAF3A9D11A6DF16351CA8E2405F3C29200CF213ECE82D38AADB2792487C70F8
20260617_094355/Shifted Rastrigin 30D/Run_24/run.log	290	3A7E018AD6FBB20C2FA3E91F3660FC9B04DB6F080FA51F8AC3594830B2E808BA
20260617_094355/Shifted Rastrigin 30D/Run_25/convergence.csv	15554	9B49E3E211C59C6613F2853801BA8CB8815F075BF2BB960D9BDABF395F01D27D
20260617_094355/Shifted Rastrigin 30D/Run_25/run.log	290	E7C8E877261FB343D4F3D30A0A9C07FB79D1671385D0B74D8DA08BB04506D535
20260617_094355/Shifted Rastrigin 30D/Run_26/convergence.csv	21061	FB5D11880AC82BA82FC779D44C09E7EDFAD04743FF1FAFAE7C00FFE224BA9CE0
20260617_094355/Shifted Rastrigin 30D/Run_26/run.log	290	C408383B2271B359DD2C7E4479BE3FF0D11E3E17C15FC71D207F8612273A5633
20260617_094355/Shifted Rastrigin 30D/Run_27/convergence.csv	14240	5BF8528B4C63D595C7DFDADEF40BEC036A2B2D23D7AA39AF2AA60DDA83C1B20E
20260617_094355/Shifted Rastrigin 30D/Run_27/run.log	290	9D1DB351E411A5CD73F740CA7FA7F60AD2E75701D7EA205C3AAF59A7FD1739AE
20260617_094355/Shifted Rastrigin 30D/Run_28/convergence.csv	15426	A648BF277687403B4F31ADA90744BF660576D9C8B82E2F61F2FFFA3736F73E51
20260617_094355/Shifted Rastrigin 30D/Run_28/run.log	290	BD3046028F58F0E77FEFDE1836AFF88268E47337FAD55FA4272C5D557BF9CB62
20260617_094355/Shifted Rastrigin 30D/Run_29/convergence.csv	18886	4E091160E8CBA40CBCA6C3A97AA0AA7DC76CFFBA5E3A5DB7BA7FABE839CC5954
20260617_094355/Shifted Rastrigin 30D/Run_29/run.log	290	1635E92ACA31F27D7F80BE559D46438D088C8DEF4C3C47394F111B5A26B2F68C
20260617_094355/Shifted Rastrigin 30D/Run_3/convergence.csv	13244	59D74FA321F3A0F41EE7911BB786B4753FC2D14B6EFA2E944410D14FC6F8413C
20260617_094355/Shifted Rastrigin 30D/Run_3/run.log	287	46AEDF6D86D143B4E34DA40C8619C503B3B19E353E6F2126541C90626216BF56
20260617_094355/Shifted Rastrigin 30D/Run_30/convergence.csv	18155	4BCF1D27E5A1134060241E9C715389A84BF54D417E865AF1EC19BF8B89D0EFCB
20260617_094355/Shifted Rastrigin 30D/Run_30/run.log	342	485C6665C46A4671CD91332C8D60D3CFFAC9973385540E279E97775E733A5B8E
20260617_094355/Shifted Rastrigin 30D/Run_4/convergence.csv	16252	790317F08E5EE1EB5F4B6B6FB6AC11F65FCB39EBF818E6FB5FC0CE2C316B6B7E
20260617_094355/Shifted Rastrigin 30D/Run_4/run.log	287	BD2B43FB0D116594B7CA5D5892EDABB2D356EBF4F5B3822EC870A0B664000BD3
20260617_094355/Shifted Rastrigin 30D/Run_5/convergence.csv	19174	C7D77D3477FFCAF13ECD6AA60FFE96AA7F4C590CFD144B05D7E486261924A817
20260617_094355/Shifted Rastrigin 30D/Run_5/run.log	287	914878116049722C2223155AAA7F6EDC003C5C18F6F2D428815FE3857371C26B
20260617_094355/Shifted Rastrigin 30D/Run_6/convergence.csv	23616	E27D4BB03A78BC91BA63A992474407B8055F20859D40F198AE741A7030BB090D
20260617_094355/Shifted Rastrigin 30D/Run_6/run.log	287	BBE16862F28607AF70CA0AC1F6BD23A019A5003BAEEC15F17B5DAEC97654CCFD
20260617_094355/Shifted Rastrigin 30D/Run_7/convergence.csv	22439	579AB7CD5EB9A60BF3F01D40F25EEFE9949FA0A4C180D82698FCC56AC477520F
20260617_094355/Shifted Rastrigin 30D/Run_7/run.log	287	F07EA4A8473E4C2C615918B9CEA937895C95F35306258AC3F996422E1346FA54
20260617_094355/Shifted Rastrigin 30D/Run_8/convergence.csv	19460	2F9B4346BFFC99135B80508C8BC97083049DFF24316D22F3B65990A7DA29FEFD
20260617_094355/Shifted Rastrigin 30D/Run_8/run.log	287	E477E0FE98AB72CE9CC729F7AEE42B2382B450771ED3E524CF3041A95118C171
20260617_094355/Shifted Rastrigin 30D/Run_9/convergence.csv	18122	E6D51973971DD207A6BD0B5CDC769E05B3262FA90D77C786DB58AF7454939D70
20260617_094355/Shifted Rastrigin 30D/Run_9/run.log	287	CE06D99BE9B78BE25CD6AB7E368A0F4606265CBE7718DD59CF775FF57A72E519
20260617_094355/Shifted Rastrigin 30D/summary.txt	1586	B191AA1492FC7B7B907F0C9502BACE6D6F3DD379560AF86E8CC7C030CDFE3FBF
20260617_094355/Shifted Rosenbrock 30D/Run_1/convergence.csv	77946	E1F02AFEF1831C01091648C6F6B6B4D75E32DD50CB5B656442DF74C3DC8E04BA
20260617_094355/Shifted Rosenbrock 30D/Run_1/run.log	290	91A0E51F2B28501226C41B869B0546FFBE3280B4AC41602C8BBD282F20C2A2E5
20260617_094355/Shifted Rosenbrock 30D/Run_10/convergence.csv	63734	AA4C381D66EC190F1E1095842323526ED9EBAA0B55A6B48DFD9EE7743127FF07
20260617_094355/Shifted Rosenbrock 30D/Run_10/run.log	293	D5857A152DB35B3503047AB40A81E445B4DD0D094E0893F5A3584A2CF6E2834A
20260617_094355/Shifted Rosenbrock 30D/Run_11/convergence.csv	84522	6C06A15E274D921C82D4548B1BEA07538C62B011084DDC25ADD4848BB53C2AF8
20260617_094355/Shifted Rosenbrock 30D/Run_11/run.log	293	50D5141858F922290191D59E78239CEEBA2103C70B60D88452B399CBF75BC626
20260617_094355/Shifted Rosenbrock 30D/Run_12/convergence.csv	82684	41EDC157DD02ACC254D6F1C617D310754D028453E6D6E760A5C8867994CD496A
20260617_094355/Shifted Rosenbrock 30D/Run_12/run.log	293	AF52A2580CABA03AF5734D1A8F4D57807C63A65C0DBBF798A1300BE15AED6B3A
20260617_094355/Shifted Rosenbrock 30D/Run_13/convergence.csv	80225	BE8A321450D8FD8A496FEA5EE7E4FF958ADC3C944DB25B2901FF61BB28E65DC6
20260617_094355/Shifted Rosenbrock 30D/Run_13/run.log	293	40D9AFB6BE72071417BE1D2BC6786268F2ACBCD8AADB0FED5EF92378CC18A63E
20260617_094355/Shifted Rosenbrock 30D/Run_14/convergence.csv	30780	5EE8D036F1CE2B8E473E5B09AB9F1ADE5ECCDE718DF8F6AAA0BED96AC317EB5C
20260617_094355/Shifted Rosenbrock 30D/Run_14/run.log	293	B4BE25F1AED6F2089A5624BA8FBBCED1516827C7D3593927A2E621245C60F091
20260617_094355/Shifted Rosenbrock 30D/Run_15/convergence.csv	82985	1FE6C68D8D73247A685D077DE0A81217E8D0B4F6D265C8552A5C29D6405DEFC8
20260617_094355/Shifted Rosenbrock 30D/Run_15/run.log	293	5934A0264A9C79947824ED24D7FD5E44F85867D8344313B9282E1E23224F8B56
20260617_094355/Shifted Rosenbrock 30D/Run_16/convergence.csv	87054	DF5A52760E0B3EA6AD27C374A8C00CD4C91BC2CD5AFE7AC59EA501ADE82C5E35
20260617_094355/Shifted Rosenbrock 30D/Run_16/run.log	293	BA5C4FF174A11237D8DBEA0852296EE84A28CA2314B890F6E331F4E9D134E43A
20260617_094355/Shifted Rosenbrock 30D/Run_17/convergence.csv	25391	EBE5E1D660F9FC3BA254A0049C3BF706AB44A29994598CC6618C26902F81BE9C
20260617_094355/Shifted Rosenbrock 30D/Run_17/run.log	293	FAD2876FC0760F1F614BA0D51851A9EA60044E693DD34945828006DBF2195DE9
20260617_094355/Shifted Rosenbrock 30D/Run_18/convergence.csv	84425	8FD26791267863944AC810F0AF822AF974070F003BC887BDE40B719CD3A5210C
20260617_094355/Shifted Rosenbrock 30D/Run_18/run.log	293	221BC4D97EA58509F1DF41E079E2D60A258C73B91B76A366EFE7BFB599C59AB1
20260617_094355/Shifted Rosenbrock 30D/Run_19/convergence.csv	87388	4B6D34BCAB6B40E098AAC313AB61FFA0AC1E2FA622A660FC569253996C0B633D
20260617_094355/Shifted Rosenbrock 30D/Run_19/run.log	293	42E45ADF5CA6D2F5318F3AD4AB8DDABCC147AEFA169EEA3FD03DC4D9F4CA3ABC
20260617_094355/Shifted Rosenbrock 30D/Run_2/convergence.csv	93009	2CDF99047D1D1B5C0B7AD868F74F7FFA9D8708093DE9C55158F2CD30DB583D7D
20260617_094355/Shifted Rosenbrock 30D/Run_2/run.log	290	76C6764BA4BCE6674977753629BDB08D4D2A9F8CA574214177E7E4CAC7A3EE5E
20260617_094355/Shifted Rosenbrock 30D/Run_20/convergence.csv	79952	65CF59E8FC5BF8CFE88D4EF3FC3E9DC4955B18765AD8031B2ADEF9F684973446
20260617_094355/Shifted Rosenbrock 30D/Run_20/run.log	293	DDE0CF6250879562E603B3510B487FE80570025156D2B96997DFB05013BF591C
20260617_094355/Shifted Rosenbrock 30D/Run_21/convergence.csv	79028	0E92707DB58FBD917B3E762AE59C88FDDED9C82A09C6A0D0B19C3DD0515C45E0
20260617_094355/Shifted Rosenbrock 30D/Run_21/run.log	293	72CF9C194F02CB27EF21EC3CA5408E58F6713F9CD0AE113E96C9D70D9362C788
20260617_094355/Shifted Rosenbrock 30D/Run_22/convergence.csv	40562	EC075550DD99FEFE72242B4806FEBD80F165A9D26D35F302105B052A4EE3306F
20260617_094355/Shifted Rosenbrock 30D/Run_22/run.log	293	9B2CC7FCEC30D8CA4FA879BE6E5D00733EB237A6E8C2FA228031DA08309501A0
20260617_094355/Shifted Rosenbrock 30D/Run_23/convergence.csv	73978	3EA5B521540492202CB414E627380E346DC91BD828CDA1D446A6627FBCC2E026
20260617_094355/Shifted Rosenbrock 30D/Run_23/run.log	293	7FD1C9EE8526D876148D792DFF892BB9A13DF3372AEA4F6D58BB650A3DF27AB1
20260617_094355/Shifted Rosenbrock 30D/Run_24/convergence.csv	61931	84088EB6198638C8CBEE4F397850314DCA6EDC74ACC05E35C96579060F1B00EE
20260617_094355/Shifted Rosenbrock 30D/Run_24/run.log	293	7171799CD1A3C003E803F936F5B7F68F42A2F39F3D3A881BA16664F30ACDE43D
20260617_094355/Shifted Rosenbrock 30D/Run_25/convergence.csv	80483	DE6AB3F1695A90EE6CAAE04E991AC43C6FA910511F7955A03ACDF3B2F20572D0
20260617_094355/Shifted Rosenbrock 30D/Run_25/run.log	293	A6CEC5160BBE40D747EC5F593D89F60FE8AF19D77B1F8CA65D9436316B68AC60
20260617_094355/Shifted Rosenbrock 30D/Run_26/convergence.csv	80058	DEF55B8EB55AAD9AF92BA286C852516876EC08261CBFBB6B2416856B3F6A2B67
20260617_094355/Shifted Rosenbrock 30D/Run_26/run.log	293	76FE8B668B8C5ED3054A3FCE2F5AB6CFE72C781D31527750156B93ECFF84F072
20260617_094355/Shifted Rosenbrock 30D/Run_27/convergence.csv	82556	4D84F2FA8315DDDB640E4E3C67DAEDB134E2B86CD10EE4B925D12EE4BFF030E9
20260617_094355/Shifted Rosenbrock 30D/Run_27/run.log	293	F27CEAB52B8701715E8A1E228FF47ABAD27C8B28C60EC7D985939B8CE739C226
20260617_094355/Shifted Rosenbrock 30D/Run_28/convergence.csv	80670	673BAB2FBC5BC38B64589FE943BEC9F426CB57F566B4CD5FB52B15A88DC125F4
20260617_094355/Shifted Rosenbrock 30D/Run_28/run.log	293	75A40180E8FC3D15CD8299C8029F244803438B9D0F17DD7432D7104AFE150DFD
20260617_094355/Shifted Rosenbrock 30D/Run_29/convergence.csv	49316	80FCAE63CB48878A179D675F177931D307F92C2AE91B52EB48A26339BEBD99A0
20260617_094355/Shifted Rosenbrock 30D/Run_29/run.log	293	7A4011418DEBFE4C372D88FEA422EDB6900F99D877127603938DAB2AA9711569
20260617_094355/Shifted Rosenbrock 30D/Run_3/convergence.csv	96309	7B0DFD01F6E525BC0669933067DBDBEAB039973939EB6F9EFA30CA237CDFC0C2
20260617_094355/Shifted Rosenbrock 30D/Run_3/run.log	290	D6A1E05CCACA275946A7DA221BBF2D7749EC193885D8C284BD1D868D179A68CA
20260617_094355/Shifted Rosenbrock 30D/Run_30/convergence.csv	9303	FF561B260A585F27B07B1078BBFC79CE33A44DFBD3A9258FEA78EF8F4882274C
20260617_094355/Shifted Rosenbrock 30D/Run_30/run.log	336	B75669D5ECF400179D082C3DE65748216504B55949245D195B9CE42849605789
20260617_094355/Shifted Rosenbrock 30D/Run_4/convergence.csv	90628	AA36AF578DAF0716256729AD07B7A5A690D5104E071C6EFBDCC15C6AC705CFDC
20260617_094355/Shifted Rosenbrock 30D/Run_4/run.log	290	3E9492320B94DD7413D227B5C056B6B853540456917ABD2D868CE61322F8DF55
20260617_094355/Shifted Rosenbrock 30D/Run_5/convergence.csv	42766	315609ADC5455DE483802E4BF03E9F729A71159D5EC7618521F4A6798B1C4E12
20260617_094355/Shifted Rosenbrock 30D/Run_5/run.log	290	416CF5D1CAE066A60E2DECCFFAA63E0679615B68F637AEF498D549BC92A74CF1
20260617_094355/Shifted Rosenbrock 30D/Run_6/convergence.csv	83245	997AD421168157F513772E00C1D248770B3E0EA94865FD3482A88602554E9D62
20260617_094355/Shifted Rosenbrock 30D/Run_6/run.log	290	714D8FA0390BCE9B7C54B84FFBB508EA8A479051C33FD48317018AE1D8892C90
20260617_094355/Shifted Rosenbrock 30D/Run_7/convergence.csv	87904	3A60FEAE73F8203D757EEF9221710B1D5BE4DF700F722C6ACB31C385DC5205B8
20260617_094355/Shifted Rosenbrock 30D/Run_7/run.log	290	26BCBEBDE3C4602A18187056D5E5DF12D843BEED0DA74A4EB2CE5A69E75F05CC
20260617_094355/Shifted Rosenbrock 30D/Run_8/convergence.csv	80006	2DF376710FC25773D63DC4CC8249735977FDD20DDAD3E6F2CD73FC80A8AA56D9
20260617_094355/Shifted Rosenbrock 30D/Run_8/run.log	290	D0F10CE7EEF4361E64C3FDFAE93A0739F8C9E077D0C494D9BE6F8AD8FF915A07
20260617_094355/Shifted Rosenbrock 30D/Run_9/convergence.csv	78346	3AE4CC442188CCCCCB32D7C547B041B17F7F15EB878F77E6C11909E306FDFDF7
20260617_094355/Shifted Rosenbrock 30D/Run_9/run.log	290	8D6032CC000CDA97E9573AF3B8BB417AAD65E4E2F36FC3CAC2EC921A2616A003
20260617_094355/Shifted Rosenbrock 30D/summary.txt	1579	735B9ABA70B11D40C6709860568F6325EE79DD1EFCA392CBB6876C7A28BA8010
AblationSummary_SharingOn_vs_SharingOff/ablation_median_quality_bar_plot.svg	9401	35BFD3EE9CCBAAF2F20A2AA924E164ED23DA38AD958D8ACB2EB796A94A7135B6
AblationSummary_SharingOn_vs_SharingOff/ablation_success_rate_bar_plot.svg	5288	B55F30F284BB04DBD8F1397CDDD55CB1DC6376A028193CB7FAEF05877A6424FF
AblationSummary_SharingOn_vs_SharingOff/ablation_success_rate_table.csv	649	1889DEE648D6C03CF8E342CB9697D241CD8C624DF98E31B33D935BC9685714E4
AblationSummary_SharingOn_vs_SharingOff/ablation_table.md	674	38E081E8310C6B0562B0D2D08D1BF44F8530AA22410E3134739A690E79D880D7
README.md	2252	96F04549198623775014464951FFFAC72231420001D6F4674905D481EFBD3E0A
