TimeMs,BestQuality,Source,Role,DeltaPct
11,64794.728680635235,HOG8-ML02-H1-GPS-GradientEstimation-Escape-Specialist-Global Explorer,Global Explorer,100
16,201.38125623628298,HOG8-ML06-H1-GPS-Spray-Specialist-Global Explorer,Global Explorer,99.68920117371142
28,83.05890862707061,HOG8-ML06-H1-GPS-Spray-Specialist-Global Explorer,Global Explorer,58.75539254278132
38,38.14831686889934,HOG8-ML06-H1-GPS-Spray-Specialist-Global Explorer,Global Explorer,54.07077037313006
49,28.92102365590574,HOG8-ML06-H1-GPS-Spray-Specialist-Local Explorer,Local Explorer,24.18794319210506
59,25.681141409193824,HOG8-ML06-H1-GPS-Spray-Specialist-Local Explorer,Local Explorer,11.202515807390252
68,23.609112643005922,HOG8-ML06-H1-GPS-Spray-Specialist-Local Explorer,Local Explorer,8.068289228944153
79,22.48045535504857,HOG8-ML06-H1-GPS-Spray-Specialist-Exploiter,Exploiter,4.780600207317455
90,22.214036348470422,HOG8-ML06-H1-GPS-Spray-Specialist-Exploiter,Exploiter,1.1851139239415611
99,21.978522659683215,HOG8-ML06-H1-GPS-Spray-Specialist-Exploiter,Exploiter,1.0602021401816262
113,21.614626021424442,HOG8-ML06-H1-GPS-Spray-Specialist-Exploiter,Exploiter,1.6556919857324819
119,21.48856762722344,HOG8-ML06-H1-GPS-Spray-Specialist-Exploiter,Exploiter,0.5832087683407232
133,21.259213888532596,HOG8-ML06-H1-GPS-Spray-Specialist-Exploiter,Exploiter,1.0673291150419892
142,21.147737956743548,HOG8-ML06-H1-GPS-Spray-Specialist-Exploiter,Exploiter,0.5243652581583894
154,21.134074353529222,HOG8-ML06-H1-GPS-Spray-Specialist-Refiner,Refiner,0.06461023511012809
162,21.085678468695896,HOG8-ML06-H1-GPS-Spray-Specialist-Refiner,Refiner,0.22899458014466662
172,21.01902038654172,HOG8-ML06-H1-GPS-Spray-Specialist-Refiner,Refiner,0.3161296528975279
183,20.990906398156802,HOG8-ML06-H1-GPS-Spray-Specialist-Refiner,Refiner,0.13375498890004187
193,20.97003213185901,HOG8-ML06-H1-GPS-Spray-Specialist-Refiner,Refiner,0.09944433032975095
204,20.88597342911301,HOG8-ML06-H1-GPS-Spray-Specialist-Refiner,Refiner,0.40085156864538884
212,20.849864898713804,HOG8-ML06-H1-GPS-Spray-Specialist-Refiner,Refiner,0.17288411536938914
223,20.802415893741504,HOG8-ML06-H1-GPS-Spray-Specialist-Refiner,Refiner,0.2275746399451598
232,20.785492748436063,HOG8-ML06-H1-GPS-Spray-Specialist-Refiner,Refiner,0.08135182659496878
243,20.746619461341886,HOG8-ML06-H1-GPS-Spray-Specialist-Refiner,Refiner,0.18702124392553302
254,20.71710401551243,HOG8-ML06-H1-GPS-Spray-Specialist-Refiner,Refiner,0.14226629010309044
263,20.706109476366365,HOG8-ML06-H1-GPS-Spray-Specialist-Refiner,Refiner,0.053069865063342964
273,20.69288004493079,HOG8-ML06-H1-GPS-Spray-Specialist-Refiner,Refiner,0.06389143962884944
283,20.685112869645916,HOG8-ML06-H1-GPS-Spray-Specialist-Polisher,Polisher,0.03753549659596565
293,20.635860286031853,HOG8-ML06-H1-GPS-Spray-Specialist-Refiner,Refiner,0.23810642912342023
309,20.63380543958971,HOG8-ML06-H1-GPS-Spray-Specialist-Polisher,Polisher,0.009957648548014624
313,20.620130773599456,HOG8-ML06-H1-GPS-Spray-Specialist-Refiner,Refiner,0.0662731168532663
329,20.608900755885163,HOG8-ML06-H1-GPS-Spray-Specialist-Refiner,Refiner,0.05446142819167545
339,20.606480843955843,HOG8-ML06-H1-GPS-Spray-Specialist-Polisher,Polisher,0.011742071826069135
352,20.605680600359936,HOG8-ML06-H1-GPS-Spray-Specialist-Polisher,Polisher,0.003883455898984923
359,20.568677559183076,HOG8-ML06-H1-GPS-Spray-Specialist-Refiner,Refiner,0.17957689384068798
379,20.559414841048945,HOG8-ML06-H1-GPS-Spray-Specialist-Polisher,Polisher,0.04503312430990951
389,20.559379372378302,HOG8-ML06-H1-GPS-Spray-Specialist-Polisher,Polisher,0.00017251789954393857
398,20.54362108426583,HOG8-ML06-H1-GPS-Spray-Specialist-Refiner,Refiner,0.07664768389674192
409,20.525369352432488,HOG8-ML06-H1-GPS-Spray-Specialist-Refiner,Refiner,0.08884379125995735
409,18.23155330678142,HOG8-ML03-H2-GPS-JADE-Specialist-Local Explorer,Local Explorer,11.175516534026334
419,16.895779018436805,HOG8-ML03-H2-GPS-JADE-Specialist-Local Explorer,Local Explorer,7.326716851096614
429,15.234521294762494,HOG8-ML03-H2-GPS-JADE-Specialist-Local Explorer,Local Explorer,9.832383116881047
438,14.164328905438222,HOG8-ML03-H2-GPS-JADE-Specialist-Local Explorer,Local Explorer,7.024785148268468
449,13.794569853704301,HOG8-ML03-H2-GPS-JADE-Specialist-Exploiter,Exploiter,2.610494674350268
459,13.752480366492252,HOG8-ML03-H2-GPS-JADE-Specialist-Refiner,Refiner,0.3051163440282755
470,13.404478241221662,HOG8-ML03-H2-GPS-JADE-Specialist-Exploiter,Exploiter,2.5304680755516107
479,13.047569620643953,HOG8-ML03-H2-GPS-JADE-Specialist-Exploiter,Exploiter,2.6626073328250706
489,12.911412127061721,HOG8-ML03-H2-GPS-JADE-Specialist-Exploiter,Exploiter,1.0435467871871136
499,12.895142786407105,HOG8-ML03-H2-GPS-JADE-Specialist-Refiner,Refiner,0.12600744592852894
510,12.88187661723101,HOG8-ML03-H2-GPS-JADE-Specialist-Refiner,Refiner,0.10287725693180483
524,12.79775825641596,HOG8-ML03-H2-GPS-JADE-Specialist-Exploiter,Exploiter,0.6529977216404246
533,12.757144435161813,HOG8-ML03-H2-GPS-JADE-Specialist-Refiner,Refiner,0.31735105821198556
544,12.72851806704901,HOG8-ML03-H2-GPS-JADE-Specialist-Refiner,Refiner,0.22439479507578605
555,12.69631505447095,HOG8-ML03-H2-GPS-JADE-Specialist-Refiner,Refiner,0.252998914786665
564,12.68596208716481,HOG8-ML03-H2-GPS-JADE-Specialist-Refiner,Refiner,0.08154308759449432
585,12.671856347903983,HOG8-ML03-H2-GPS-JADE-Specialist-Refiner,Refiner,0.11119171856188302
598,12.671684238299157,HOG8-ML03-H2-GPS-JADE-Specialist-Polisher,Polisher,0.0013582035662374683
629,12.618589297682412,HOG8-ML03-H2-GPS-JADE-Specialist-Refiner,Refiner,0.41900460600391143
638,12.60710859181183,HOG8-ML03-H2-GPS-JADE-Specialist-Refiner,Refiner,0.09098248306322752
650,12.6064668699799,HOG8-ML03-H2-GPS-JADE-Specialist-Polisher,Polisher,0.005090158677192823
658,12.601667342887279,HOG8-ML03-H2-GPS-JADE-Specialist-Polisher,Polisher,0.038071944678262304
669,12.54010832871981,HOG8-ML03-H2-GPS-JADE-Specialist-Refiner,Refiner,0.4884989620219865
689,12.515901630293001,HOG8-ML03-H2-GPS-JADE-Specialist-Refiner,Refiner,0.19303420506639618
699,11.922803516997691,HOG8-ML05-H1-GPS-JADE-Specialist-Exploiter,Exploiter,4.738756589935149
719,11.919354379648738,HOG8-ML05-H1-GPS-JADE-Specialist-Polisher,Polisher,0.028928912097193504
732,11.849511148815541,HOG8-ML03-H1-GPS-JADE-Specialist-Exploiter,Exploiter,0.5859648820614639
742,11.75354889879895,HOG8-ML03-H1-GPS-JADE-Specialist-Exploiter,Exploiter,0.8098414256201858
751,11.735366136147572,HOG8-ML03-H1-GPS-JADE-Specialist-Refiner,Refiner,0.15470019147353864
761,11.728930930744522,HOG8-ML03-H1-GPS-JADE-Specialist-Refiner,Refiner,0.05483600024398792
771,11.697651193095771,HOG8-ML03-H1-GPS-JADE-Specialist-Refiner,Refiner,0.26668873602758125
783,11.684260721483431,HOG8-ML03-H1-GPS-JADE-Specialist-Refiner,Refiner,0.11447145577603657
795,11.67913486456248,HOG8-ML03-H1-GPS-JADE-Specialist-Polisher,Polisher,0.04386975815702955
823,11.676297596571377,HOG8-ML03-H1-GPS-JADE-Specialist-Polisher,Polisher,0.02429347741939026
855,11.593496172784702,HOG8-ML03-H1-GPS-JADE-Specialist-Exploiter,Exploiter,0.7091410877621752
868,11.581787504820218,HOG8-ML03-H1-GPS-JADE-Specialist-Refiner,Refiner,0.10099341725725394
878,11.578149761440521,HOG8-ML03-H1-GPS-JADE-Specialist-Polisher,Polisher,0.03140917045993816
885,11.567354226601445,HOG8-ML03-H1-GPS-JADE-Specialist-Refiner,Refiner,0.09324058732621607
899,11.563507591093613,HOG8-ML03-H1-GPS-JADE-Specialist-Polisher,Polisher,0.03325423802606707
929,11.475921462829636,HOG8-ML03-H1-GPS-JADE-Specialist-Exploiter,Exploiter,0.757435644626007
968,11.45893199981396,HOG8-ML03-H1-GPS-JADE-Specialist-Refiner,Refiner,0.1480444343463383
979,11.456302825613115,HOG8-ML03-H1-GPS-JADE-Specialist-Polisher,Polisher,0.022944321520428922
999,11.41687879948016,HOG8-ML03-H1-GPS-JADE-Specialist-Refiner,Refiner,0.3441252097911793
1028,11.406768093938906,HOG8-ML03-H1-GPS-JADE-Specialist-Refiner,Refiner,0.08855927893107862
1039,11.37774869949463,HOG8-ML03-H1-GPS-JADE-Specialist-Refiner,Refiner,0.2544050532568992
1054,11.336075615109918,HOG8-ML03-H1-GPS-JADE-Specialist-Refiner,Refiner,0.3662682792999547
1088,11.321437554600497,HOG8-ML03-H1-GPS-JADE-Specialist-Refiner,Refiner,0.12912811281807285
1099,11.319715431228847,HOG8-ML03-H1-GPS-JADE-Specialist-Polisher,Polisher,0.015211172285713812
1109,11.316087716779709,HOG8-ML03-H1-GPS-JADE-Specialist-Polisher,Polisher,0.03204775306568002
1158,11.298560808991112,HOG8-ML03-H1-GPS-JADE-Specialist-Refiner,Refiner,0.15488487034796677
1168,11.298462425035439,HOG8-ML03-H1-GPS-JADE-Specialist-Polisher,Polisher,0.0008707653774413602
1179,11.29355616877612,HOG8-ML03-H1-GPS-JADE-Specialist-Polisher,Polisher,0.043424105641546654
1192,11.293461418700186,HOG8-ML03-H1-GPS-JADE-Specialist-Polisher,Polisher,0.0008389746729774424
1242,11.2927485339637,HOG8-ML03-H1-GPS-JADE-Specialist-Polisher,Polisher,0.006312367041927117
1262,11.292228049541666,HOG8-ML03-H1-GPS-JADE-Specialist-Polisher,Polisher,0.004609014541213023
1281,11.29003378017003,HOG8-ML03-H1-GPS-JADE-Specialist-Polisher,Polisher,0.019431677805393857
1312,11.255066290144038,HOG8-ML03-H1-GPS-JADE-Specialist-Refiner,Refiner,0.30971997698898557
1322,11.250943996395312,HOG8-ML03-H1-GPS-JADE-Specialist-Polisher,Polisher,0.036626117007728165
1344,11.24986326806328,HOG8-ML03-H1-GPS-JADE-Specialist-Polisher,Polisher,0.009605668043313795
1353,11.249677779079134,HOG8-ML03-H1-GPS-JADE-Specialist-Polisher,Polisher,0.0016488110097506424
1384,11.246407808750929,HOG8-ML03-H1-GPS-JADE-Specialist-Polisher,Polisher,0.029067235457054426
1438,11.245067252560208,HOG8-ML03-H1-GPS-JADE-Specialist-Polisher,Polisher,0.011919861110476833
1449,11.236850470463091,HOG8-ML03-H1-GPS-JADE-Specialist-Refiner,Refiner,0.07307010187285543
1455,11.236579040474169,HOG8-ML03-H1-GPS-JADE-Specialist-Polisher,Polisher,0.0024155344029526096
1489,11.236195775586117,HOG8-ML03-H1-GPS-JADE-Specialist-Polisher,Polisher,0.003410868082462297
1498,11.236154474975615,HOG8-ML03-H1-GPS-JADE-Specialist-Polisher,Polisher,0.0003675675586845466
1589,11.23307703799644,HOG8-ML03-H1-GPS-JADE-Specialist-Polisher,Polisher,0.027388703012490474
1619,11.215874221498098,HOG8-ML03-H1-GPS-JADE-Specialist-Refiner,Refiner,0.15314429376877423
1680,11.215738081530027,HOG8-ML03-H1-GPS-JADE-Specialist-Polisher,Polisher,0.001213815039129398
1700,11.215472035827096,HOG8-ML03-H1-GPS-JADE-Specialist-Polisher,Polisher,0.0023720748558600556
1745,11.213302816004036,HOG8-ML03-H1-GPS-JADE-Specialist-Polisher,Polisher,0.019341315426851306
1824,11.21189128970777,HOG8-ML03-H1-GPS-JADE-Specialist-Polisher,Polisher,0.012587961989678835
1855,11.211689136842683,HOG8-ML03-H1-GPS-JADE-Specialist-Polisher,Polisher,0.0018030219867818714
1919,11.211298636832293,HOG8-ML03-H1-GPS-JADE-Specialist-Polisher,Polisher,0.0034829721518647096
1959,11.211285984793289,HOG8-ML03-H1-GPS-JADE-Specialist-Polisher,Polisher,0.00011285078931408164
1991,11.193696147111849,HOG8-ML03-H1-GPS-JADE-Specialist-Refiner,Refiner,0.15689402362314428
2035,11.190345211273698,HOG8-ML03-H1-GPS-JADE-Specialist-Polisher,Polisher,0.029935919236254712
2095,11.188342285258143,HOG8-ML03-H1-GPS-JADE-Specialist-Polisher,Polisher,0.017898697294316864
2127,11.18808638833922,HOG8-ML03-H1-GPS-JADE-Specialist-Polisher,Polisher,0.0022871745643635905
2139,11.18443869375246,HOG8-ML03-H1-GPS-JADE-Specialist-Polisher,Polisher,0.03260338238505484
2171,11.184429769353974,HOG8-ML03-H1-GPS-JADE-Specialist-Polisher,Polisher,7.979299391191437E-05
2254,11.181872064708207,HOG8-ML03-H1-GPS-JADE-Specialist-Polisher,Polisher,0.02286844030953869
2275,11.180762156632733,HOG8-ML03-H1-GPS-JADE-Specialist-Polisher,Polisher,0.009925959347871651
2352,11.18056286139561,HOG8-ML03-H1-GPS-JADE-Specialist-Polisher,Polisher,0.0017824834687650741
2361,11.180543459598374,HOG8-ML03-H1-GPS-JADE-Specialist-Polisher,Polisher,0.00017353148921030694
2389,11.180359910865524,HOG8-ML03-H1-GPS-JADE-Specialist-Polisher,Polisher,0.0016416798835626278
2420,11.18027267577253,HOG8-ML03-H1-GPS-JADE-Specialist-Polisher,Polisher,0.0007802529944478508
2439,11.18022991879724,HOG8-ML03-H1-GPS-JADE-Specialist-Polisher,Polisher,0.000382432312073723
2561,11.179738407304553,HOG8-ML03-H1-GPS-JADE-Specialist-Polisher,Polisher,0.004396255678609028
2579,11.172246635122885,HOG8-ML03-H1-GPS-JADE-Specialist-Refiner,Refiner,0.06701205259662359
2612,11.172175199561924,HOG8-ML03-H1-GPS-JADE-Specialist-Polisher,Polisher,0.0006394019331536969
2630,11.171010760161284,HOG8-ML03-H1-GPS-JADE-Specialist-Polisher,Polisher,0.01042267400788034
2651,11.171002802623281,HOG8-ML03-H1-GPS-JADE-Specialist-Polisher,Polisher,7.123382273638995E-05
2776,11.17086864870716,HOG8-ML03-H1-GPS-JADE-Specialist-Polisher,Polisher,0.0012009120263598981
2821,11.170647984926479,HOG8-ML03-H1-GPS-JADE-Specialist-Polisher,Polisher,0.001975350240164987
2881,11.170258854983008,HOG8-ML03-H1-GPS-JADE-Specialist-Polisher,Polisher,0.0034835037680569277
2975,11.170147101533669,HOG8-ML03-H1-GPS-JADE-Specialist-Polisher,Polisher,0.0010004553232805242
3010,11.169866535266474,HOG8-ML06-H1-GPS-Spray-Specialist-Polisher,Polisher,0.00251175087171814
3014,10.64512607880672,HOG8-ML02-H2-GPS-GradientEstimation-Escape-Specialist-Exploiter,Exploiter,4.697822080532448
3022,10.436946362673508,HOG8-ML02-H1-GPS-GradientEstimation-Escape-Specialist-Exploiter,Exploiter,1.9556341051486053
3030,10.12766315143195,HOG8-ML00-H1-GPS-GradientEstimation-Escape-Specialist-Exploiter,Exploiter,2.963349628275112
3030,10.023290323149585,HOG8-ML02-H2-GPS-GradientEstimation-Escape-Specialist-Exploiter,Exploiter,1.0305716799793818
3034,9.715747555062753,HOG8-ML02-H1-GPS-GradientEstimation-Escape-Specialist-Exploiter,Exploiter,3.068281553977707
3039,9.534806957782765,HOG8-ML00-H2-GPS-GradientEstimation-Escape-Specialist-Exploiter,Exploiter,1.8623435433509468
3039,9.414115789875636,HOG8-ML02-H2-GPS-GradientEstimation-Escape-Specialist-Exploiter,Exploiter,1.2657956101420078
3045,9.270144568949476,HOG8-ML02-H1-GPS-GradientEstimation-Escape-Specialist-Exploiter,Exploiter,1.529312196064051
3049,9.214172403005595,HOG8-ML00-H1-GPS-GradientEstimation-Escape-Specialist-Exploiter,Exploiter,0.6037895690576527
3049,9.174693054731677,HOG8-ML01-H2-GPS-GradientEstimation-Escape-Specialist-Refiner,Refiner,0.42846331224538753
3054,9.122977368411842,HOG8-ML02-H2-GPS-GradientEstimation-Escape-Specialist-Exploiter,Exploiter,0.5636775640484569
3054,9.088488340988768,HOG8-ML00-H1-GPS-GradientEstimation-Escape-Specialist-Refiner,Refiner,0.37804574132225666
3060,8.9868885210006,HOG8-ML02-H1-GPS-GradientEstimation-Escape-Specialist-Exploiter,Exploiter,1.117895695920702
3065,8.936100763134833,HOG8-ML02-H2-GPS-GradientEstimation-Escape-Specialist-Exploiter,Exploiter,0.5651317221425995
3070,8.849689521203208,HOG8-ML00-H1-GPS-GradientEstimation-Escape-Specialist-Exploiter,Exploiter,0.9669904606280585
3070,8.79820649252982,HOG8-ML02-H1-GPS-GradientEstimation-Escape-Specialist-Exploiter,Exploiter,0.5817495466935728
3074,8.619500844871217,HOG8-ML01-H2-GPS-GradientEstimation-Escape-Specialist-Exploiter,Exploiter,2.0311599620938017
3079,8.529968854097715,HOG8-ML00-H1-GPS-GradientEstimation-Escape-Specialist-Exploiter,Exploiter,1.038714333751413
3085,8.358105874290555,HOG8-ML02-H2-GPS-GradientEstimation-Escape-Specialist-Exploiter,Exploiter,2.0148136851003784
3089,8.27916094403213,HOG8-ML00-H1-GPS-GradientEstimation-Escape-Specialist-Exploiter,Exploiter,0.9445313501143677
3095,8.182164333500292,HOG8-ML01-H1-GPS-GradientEstimation-Escape-Specialist-Exploiter,Exploiter,1.1715753708321794
3095,8.134886362242774,HOG8-ML00-H1-GPS-GradientEstimation-Escape-Specialist-Exploiter,Exploiter,0.5778174249562267
3099,8.011293316154317,HOG8-ML02-H1-GPS-GradientEstimation-Escape-Specialist-Exploiter,Exploiter,1.5192965283707136
3109,7.87759737281495,HOG8-ML00-H2-GPS-GradientEstimation-Escape-Specialist-Exploiter,Exploiter,1.6688434446630072
3109,7.834221682610066,HOG8-ML02-H1-GPS-GradientEstimation-Escape-Specialist-Exploiter,Exploiter,0.5506208067268208
3116,7.714690885522032,HOG8-ML01-H1-GPS-GradientEstimation-Escape-Specialist-Exploiter,Exploiter,1.525752039329717
3121,7.581071655017597,HOG8-ML02-H1-GPS-GradientEstimation-Escape-Specialist-Exploiter,Exploiter,1.7320101671888692
3126,7.51353948026264,HOG8-ML00-H1-GPS-GradientEstimation-Escape-Specialist-Exploiter,Exploiter,0.8907998476740469
3129,7.419309684166717,HOG8-ML00-H2-GPS-GradientEstimation-Escape-Specialist-Exploiter,Exploiter,1.2541332396463165
3129,7.344289880275615,HOG8-ML02-H1-GPS-GradientEstimation-Escape-Specialist-Exploiter,Exploiter,1.0111426410896336
3136,7.298889233008556,HOG8-ML00-H1-GPS-GradientEstimation-Escape-Specialist-Exploiter,Exploiter,0.6181761342099247
3141,7.167069335684336,HOG8-ML00-H1-GPS-GradientEstimation-Escape-Specialist-Exploiter,Exploiter,1.8060268229318648
3141,7.092453268608593,HOG8-ML02-H1-GPS-GradientEstimation-Escape-Specialist-Exploiter,Exploiter,1.0410959289068797
3141,7.086248386653363,HOG8-ML01-H2-GPS-GradientEstimation-Escape-Specialist-Refiner,Refiner,0.08748569388103053
3150,7.017271759072322,HOG8-ML00-H1-GPS-GradientEstimation-Escape-Specialist-Exploiter,Exploiter,0.9733870987496722
3150,6.972172701982045,HOG8-ML01-H1-GPS-GradientEstimation-Escape-Specialist-Exploiter,Exploiter,0.6426864832756457
3155,6.928106068381981,HOG8-ML00-H1-GPS-GradientEstimation-Escape-Specialist-Exploiter,Exploiter,0.6320358872857174
3155,6.842652078385789,HOG8-ML01-H2-GPS-GradientEstimation-Escape-Specialist-Exploiter,Exploiter,1.2334394010822238
3159,6.811556298680088,HOG8-ML00-H1-GPS-GradientEstimation-Escape-Specialist-Refiner,Refiner,0.45444046181924497
3164,6.618716371633639,HOG8-ML02-H1-GPS-GradientEstimation-Escape-Specialist-Exploiter,Exploiter,2.83107000207599
3175,6.409922136385923,HOG8-ML02-H1-GPS-GradientEstimation-Escape-Specialist-Exploiter,Exploiter,3.1546031514896424
3180,6.330843013269238,HOG8-ML00-H1-GPS-GradientEstimation-Escape-Specialist-Exploiter,Exploiter,1.2336986539632413
3185,6.258175243456571,HOG8-ML01-H1-GPS-GradientEstimation-Escape-Specialist-Exploiter,Exploiter,1.1478371784035355
3185,6.248067387913356,HOG8-ML00-H2-GPS-GradientEstimation-Escape-Specialist-Refiner,Refiner,0.16151442153658394
3185,6.214696982003545,HOG8-ML00-H1-GPS-GradientEstimation-Escape-Specialist-Exploiter,Exploiter,0.534091645272024
3189,6.144166669780299,HOG8-ML02-H1-GPS-GradientEstimation-Escape-Specialist-Exploiter,Exploiter,1.1348954329951577
3194,6.02476736172182,HOG8-ML01-H1-GPS-GradientEstimation-Escape-Specialist-Exploiter,Exploiter,1.9432953966847422
3200,5.877105802163557,HOG8-ML02-H1-GPS-GradientEstimation-Escape-Specialist-Exploiter,Exploiter,2.4509089014196035
3200,5.8752975460116605,HOG8-ML01-H2-GPS-GradientEstimation-Escape-Specialist-Polisher,Polisher,0.03076779987916732
3205,5.806596928441724,HOG8-ML01-H1-GPS-GradientEstimation-Escape-Specialist-Exploiter,Exploiter,1.1693129927789352
3210,5.679987956020228,HOG8-ML00-H1-GPS-GradientEstimation-Escape-Specialist-Exploiter,Exploiter,2.180433289614842
3210,5.637548715718104,HOG8-ML02-H1-GPS-GradientEstimation-Escape-Specialist-Exploiter,Exploiter,0.7471713079451595
3219,5.5868750097088276,HOG8-ML01-H1-GPS-GradientEstimation-Escape-Specialist-Exploiter,Exploiter,0.8988606318911749
3221,5.381064224440264,HOG8-ML02-H1-GPS-GradientEstimation-Escape-Specialist-Exploiter,Exploiter,3.683826556185832
3225,5.371659057740381,HOG8-ML01-H2-GPS-GradientEstimation-Escape-Specialist-Refiner,Refiner,0.17478265093298825
3230,5.337210230573053,HOG8-ML01-H1-GPS-GradientEstimation-Escape-Specialist-Exploiter,Exploiter,0.6413070300448085
3234,5.123567815402355,HOG8-ML01-H2-GPS-GradientEstimation-Escape-Specialist-Exploiter,Exploiter,4.002885513988068
3244,4.921519218849291,HOG8-ML02-H1-GPS-GradientEstimation-Escape-Specialist-Exploiter,Exploiter,3.9435136575272858
3254,4.819447040992838,HOG8-ML02-H1-GPS-GradientEstimation-Escape-Specialist-Exploiter,Exploiter,2.073997343452791
3259,4.777836691108046,HOG8-ML00-H1-GPS-GradientEstimation-Escape-Specialist-Exploiter,Exploiter,0.8633843163098587
3265,4.776092285633557,HOG8-ML00-H2-GPS-GradientEstimation-Escape-Specialist-Polisher,Polisher,0.03651036205853474
3269,4.665632993360206,HOG8-ML00-H1-GPS-GradientEstimation-Escape-Specialist-Exploiter,Exploiter,2.312754563089401
3269,4.511054258298494,HOG8-ML02-H1-GPS-GradientEstimation-Escape-Specialist-Exploiter,Exploiter,3.3131353297976327
3286,4.366931216392274,HOG8-ML02-H1-GPS-GradientEstimation-Escape-Specialist-Exploiter,Exploiter,3.1948860211799235
3289,4.3264645126521035,HOG8-ML00-H2-GPS-GradientEstimation-Escape-Specialist-Exploiter,Exploiter,0.926662265443281
3295,4.220999100540916,HOG8-ML02-H1-GPS-GradientEstimation-Escape-Specialist-Exploiter,Exploiter,2.4376812014236937
3300,4.095891680535057,HOG8-ML00-H2-GPS-GradientEstimation-Escape-Specialist-Exploiter,Exploiter,2.96392908470004
3304,3.9607689356458224,HOG8-ML02-H1-GPS-GradientEstimation-Escape-Specialist-Exploiter,Exploiter,3.298982381086377
3315,3.8773991682043256,HOG8-ML00-H2-GPS-GradientEstimation-Escape-Specialist-Exploiter,Exploiter,2.104888439494464
3319,3.744962703834527,HOG8-ML02-H1-GPS-GradientEstimation-Escape-Specialist-Exploiter,Exploiter,3.4156004740448713
3325,3.7016569592379738,HOG8-ML00-H2-GPS-GradientEstimation-Escape-Specialist-Exploiter,Exploiter,1.156373187701217
3329,3.517372278821496,HOG8-ML02-H1-GPS-GradientEstimation-Escape-Specialist-Exploiter,Exploiter,4.978437560416585
3334,3.4476480542227765,HOG8-ML00-H2-GPS-GradientEstimation-Escape-Specialist-Exploiter,Exploiter,1.9822816316184988
3339,3.4116074510366072,HOG8-ML00-H1-GPS-GradientEstimation-Escape-Specialist-Exploiter,Exploiter,1.045367816532948
3339,3.2988543611837073,HOG8-ML02-H1-GPS-GradientEstimation-Escape-Specialist-Exploiter,Exploiter,3.3049842770931983
3344,3.21821612776586,HOG8-ML00-H2-GPS-GradientEstimation-Escape-Specialist-Exploiter,Exploiter,2.444431447677258
3350,3.0860990960062264,HOG8-ML02-H1-GPS-GradientEstimation-Escape-Specialist-Exploiter,Exploiter,4.105287728184729
3355,3.0038629730685624,HOG8-ML00-H2-GPS-GradientEstimation-Escape-Specialist-Exploiter,Exploiter,2.6647272294038515
3364,2.970623653134903,HOG8-ML00-H1-GPS-GradientEstimation-Escape-Specialist-Exploiter,Exploiter,1.1065524703247143
3370,2.86085827320367,HOG8-ML02-H1-GPS-GradientEstimation-Escape-Specialist-Exploiter,Exploiter,3.6950281404848266
3374,2.7916249374100706,HOG8-ML00-H1-GPS-GradientEstimation-Escape-Specialist-Exploiter,Exploiter,2.420019769664081
3381,2.623908518452284,HOG8-ML02-H1-GPS-GradientEstimation-Escape-Specialist-Local Explorer,Local Explorer,6.007842124858848
3381,2.606784038084333,HOG8-ML00-H2-GPS-GradientEstimation-Escape-Specialist-Exploiter,Exploiter,0.6526325231053409
3386,2.5820198658804525,HOG8-ML00-H1-GPS-GradientEstimation-Escape-Specialist-Exploiter,Exploiter,0.9499894061833719
3390,2.4348486254951665,HOG8-ML00-H2-GPS-GradientEstimation-Escape-Specialist-Local Explorer,Local Explorer,5.699849266461844
3390,2.3935501655595224,HOG8-ML02-H1-GPS-GradientEstimation-Escape-Specialist-Exploiter,Exploiter,1.696140758123941
3400,2.2111112317336934,HOG8-ML00-H2-GPS-GradientEstimation-Escape-Specialist-Local Explorer,Local Explorer,7.622106127162853
3406,2.149682725575495,HOG8-ML00-H1-GPS-GradientEstimation-Escape-Specialist-Exploiter,Exploiter,2.778173493788156
3412,1.9631748170641412,HOG8-ML00-H2-GPS-GradientEstimation-Escape-Specialist-Local Explorer,Local Explorer,8.676066765221066
3421,1.8045536183151354,HOG8-ML02-H1-GPS-GradientEstimation-Escape-Specialist-Local Explorer,Local Explorer,8.079830556619418
3425,1.7674824810701866,HOG8-ML00-H2-GPS-GradientEstimation-Escape-Specialist-Exploiter,Exploiter,2.0543106543745244
3435,1.6028395344331439,HOG8-ML02-H1-GPS-GradientEstimation-Escape-Specialist-Local Explorer,Local Explorer,9.315110525868048
3435,1.5692077723732663,HOG8-ML00-H2-GPS-GradientEstimation-Escape-Specialist-Exploiter,Exploiter,2.0982613254402747
3444,1.4550902934554462,HOG8-ML02-H1-GPS-GradientEstimation-Escape-Specialist-Local Explorer,Local Explorer,7.272298858501642
3450,1.3883680591463539,HOG8-ML00-H2-GPS-GradientEstimation-Escape-Specialist-Exploiter,Exploiter,4.5854360110289125
3455,1.292504115808562,HOG8-ML02-H1-GPS-GradientEstimation-Escape-Specialist-Local Explorer,Local Explorer,6.904793199919509
3460,1.2305204763753,HOG8-ML00-H2-GPS-GradientEstimation-Escape-Specialist-Exploiter,Exploiter,4.7956241434857185
3465,1.1538701179665694,HOG8-ML02-H1-GPS-GradientEstimation-Escape-Specialist-Local Explorer,Local Explorer,6.229100602577276
3469,1.0994041513726882,HOG8-ML00-H2-GPS-GradientEstimation-Escape-Specialist-Exploiter,Exploiter,4.72028573630669
3475,0.9929335633642327,HOG8-ML02-H1-GPS-GradientEstimation-Escape-Specialist-Local Explorer,Local Explorer,9.684390210417076
3480,0.9705626778286609,HOG8-ML00-H2-GPS-GradientEstimation-Escape-Specialist-Exploiter,Exploiter,2.253009301022647
3490,0.8602851569284105,HOG8-ML00-H2-GPS-GradientEstimation-Escape-Specialist-Local Explorer,Local Explorer,11.362225585158797
3501,0.794082876039945,HOG8-ML02-H1-GPS-GradientEstimation-Escape-Specialist-Local Explorer,Local Explorer,7.695388018181809
3504,0.7827329929540201,HOG8-ML00-H2-GPS-GradientEstimation-Escape-Specialist-Exploiter,Exploiter,1.429307119998133
3514,0.749374988927938,HOG8-ML02-H1-GPS-GradientEstimation-Escape-Specialist-Exploiter,Exploiter,4.261734758386718
3514,0.6926014672631938,HOG8-ML00-H2-GPS-GradientEstimation-Escape-Specialist-Local Explorer,Local Explorer,7.57611643083589
3539,0.606361447243303,HOG8-ML00-H2-GPS-GradientEstimation-Escape-Specialist-Local Explorer,Local Explorer,12.451608045340594
3550,0.5782323090780523,HOG8-ML00-H2-GPS-GradientEstimation-Escape-Specialist-Exploiter,Exploiter,4.639005051052298
3560,0.5130543188583524,HOG8-ML00-H2-GPS-GradientEstimation-Escape-Specialist-Local Explorer,Local Explorer,11.271938491922272
3571,0.4613087719659545,HOG8-ML00-H2-GPS-GradientEstimation-Escape-Specialist-Local Explorer,Local Explorer,10.08578331579822
3585,0.42077497650653267,HOG8-ML00-H2-GPS-GradientEstimation-Escape-Specialist-Local Explorer,Local Explorer,8.786695142752086
3595,0.3975433205896994,HOG8-ML00-H2-GPS-GradientEstimation-Escape-Specialist-Local Explorer,Local Explorer,5.521159102595212
3606,0.3654087073078696,HOG8-ML00-H2-GPS-GradientEstimation-Escape-Specialist-Local Explorer,Local Explorer,8.083298502956255
3616,0.3381553583073592,HOG8-ML00-H2-GPS-GradientEstimation-Escape-Specialist-Local Explorer,Local Explorer,7.458319535212528
3626,0.3120830504694378,HOG8-ML00-H2-GPS-GradientEstimation-Escape-Specialist-Local Explorer,Local Explorer,7.710156647650557
3636,0.2931732150553899,HOG8-ML00-H2-GPS-GradientEstimation-Escape-Specialist-Local Explorer,Local Explorer,6.059231792820395
3645,0.29216730845350936,HOG8-ML01-H1-GPS-GradientEstimation-Escape-Specialist-Refiner,Refiner,0.3431099944415106
3651,0.2708348472551889,HOG8-ML00-H2-GPS-GradientEstimation-Escape-Specialist-Local Explorer,Local Explorer,7.301453852327539
3654,0.27050701021185686,HOG8-ML01-H1-GPS-GradientEstimation-Escape-Specialist-Refiner,Refiner,0.12104684705626509
3660,0.25091618539145155,HOG8-ML00-H2-GPS-GradientEstimation-Escape-Specialist-Local Explorer,Local Explorer,7.24226141313753
3671,0.23374071676830394,HOG8-ML00-H2-GPS-GradientEstimation-Escape-Specialist-Local Explorer,Local Explorer,6.8451019197316265
3684,0.21830509698721157,HOG8-ML00-H2-GPS-GradientEstimation-Escape-Specialist-Local Explorer,Local Explorer,6.603735966289932
3694,0.20605650601885178,HOG8-ML00-H2-GPS-GradientEstimation-Escape-Specialist-Local Explorer,Local Explorer,5.6107672873425
3705,0.19100729677795586,HOG8-ML00-H2-GPS-GradientEstimation-Escape-Specialist-Local Explorer,Local Explorer,7.303438038262715
3719,0.17927765207811575,HOG8-ML00-H2-GPS-GradientEstimation-Escape-Specialist-Local Explorer,Local Explorer,6.1409406330040435
3730,0.16847261003561081,HOG8-ML00-H2-GPS-GradientEstimation-Escape-Specialist-Local Explorer,Local Explorer,6.026987701622121
3739,0.1587820128752621,HOG8-ML00-H2-GPS-GradientEstimation-Escape-Specialist-Local Explorer,Local Explorer,5.752031240152543
3750,0.15708658307045367,HOG8-ML02-H1-GPS-GradientEstimation-Escape-Specialist-Exploiter,Exploiter,1.06777195609704
3755,0.1502363120709914,HOG8-ML01-H1-GPS-GradientEstimation-Escape-Specialist-Exploiter,Exploiter,4.360825008454046
3755,0.14824899506583752,HOG8-ML00-H2-GPS-GradientEstimation-Escape-Specialist-Exploiter,Exploiter,1.322794055417705
3766,0.14340963202249385,HOG8-ML01-H1-GPS-GradientEstimation-Escape-Specialist-Exploiter,Exploiter,3.2643479581055566
3776,0.13979459021289867,HOG8-ML01-H1-GPS-GradientEstimation-Escape-Specialist-Exploiter,Exploiter,2.520780339934323
3776,0.13969540535095842,HOG8-ML00-H2-GPS-GradientEstimation-Escape-Specialist-Refiner,Refiner,0.070950429332917
3785,0.13172591582626858,HOG8-ML01-H1-GPS-GradientEstimation-Escape-Specialist-Local Explorer,Local Explorer,5.704904541898139
3796,0.12822143824923218,HOG8-ML01-H1-GPS-GradientEstimation-Escape-Specialist-Exploiter,Exploiter,2.660431362389161
3806,0.12161965116376906,HOG8-ML01-H1-GPS-GradientEstimation-Escape-Specialist-Local Explorer,Local Explorer,5.148738912623025
3821,0.11715916989358893,HOG8-ML01-H1-GPS-GradientEstimation-Escape-Specialist-Exploiter,Exploiter,3.6675662423778803
3829,0.11212993377288023,HOG8-ML01-H1-GPS-GradientEstimation-Escape-Specialist-Exploiter,Exploiter,4.2926525728003675
3840,0.10668973465541481,HOG8-ML01-H1-GPS-GradientEstimation-Escape-Specialist-Exploiter,Exploiter,4.851692081157
3849,0.10516140833499654,HOG8-ML02-H2-GPS-GradientEstimation-Escape-Specialist-Exploiter,Exploiter,1.4324961303488486
3850,0.10203104040546843,HOG8-ML01-H1-GPS-GradientEstimation-Escape-Specialist-Exploiter,Exploiter,2.9767268992406266
3860,0.10114882341506826,HOG8-ML02-H2-GPS-GradientEstimation-Escape-Specialist-Exploiter,Exploiter,0.8646554880693805
3860,0.0979410135588113,HOG8-ML01-H1-GPS-GradientEstimation-Escape-Specialist-Exploiter,Exploiter,3.1713763422571746
3874,0.0940282994084882,HOG8-ML01-H1-GPS-GradientEstimation-Escape-Specialist-Exploiter,Exploiter,3.994970041813591
3885,0.08968134841419909,HOG8-ML01-H1-GPS-GradientEstimation-Escape-Specialist-Exploiter,Exploiter,4.623024155105266
3895,0.08864288513458655,HOG8-ML02-H2-GPS-GradientEstimation-Escape-Specialist-Exploiter,Exploiter,1.1579478876882197
3895,0.08552079991127244,HOG8-ML01-H1-GPS-GradientEstimation-Escape-Specialist-Exploiter,Exploiter,3.52209341852293
3904,0.08518131186265007,HOG8-ML02-H2-GPS-GradientEstimation-Escape-Specialist-Refiner,Refiner,0.3969654738666929
3909,0.08228797195919513,HOG8-ML01-H1-GPS-GradientEstimation-Escape-Specialist-Exploiter,Exploiter,3.3966838971913083
3916,0.07874923932308713,HOG8-ML01-H1-GPS-GradientEstimation-Escape-Specialist-Exploiter,Exploiter,4.300425143376708
3927,0.0757907609408281,HOG8-ML01-H1-GPS-GradientEstimation-Escape-Specialist-Exploiter,Exploiter,3.7568342344504213
3939,0.07299976797869649,HOG8-ML01-H1-GPS-GradientEstimation-Escape-Specialist-Exploiter,Exploiter,3.6824976124868396
3950,0.07220367476207379,HOG8-ML00-H2-GPS-GradientEstimation-Escape-Specialist-Exploiter,Exploiter,1.090542119058553
3950,0.07183108074551559,HOG8-ML02-H2-GPS-GradientEstimation-Escape-Specialist-Exploiter,Exploiter,0.5160319302112786
3950,0.06946213529303397,HOG8-ML01-H1-GPS-GradientEstimation-Escape-Specialist-Exploiter,Exploiter,3.2979393152587537
3961,0.06903864745429676,HOG8-ML00-H2-GPS-GradientEstimation-Escape-Specialist-Exploiter,Exploiter,0.6096671761538469
3961,0.06865555217905667,HOG8-ML02-H2-GPS-GradientEstimation-Escape-Specialist-Exploiter,Exploiter,0.5548997400241679
3961,0.066527932209684,HOG8-ML01-H1-GPS-GradientEstimation-Escape-Specialist-Exploiter,Exploiter,3.098977288571997
3970,0.06578419149203352,HOG8-ML02-H2-GPS-GradientEstimation-Escape-Specialist-Exploiter,Exploiter,1.1179375233042734
3971,0.06387812919295474,HOG8-ML01-H1-GPS-GradientEstimation-Escape-Specialist-Exploiter,Exploiter,2.897447328678654
3976,0.06355094258169892,HOG8-ML02-H2-GPS-GradientEstimation-Escape-Specialist-Exploiter,Exploiter,0.5122044358367074
3986,0.060898682499902414,HOG8-ML01-H1-GPS-GradientEstimation-Escape-Specialist-Exploiter,Exploiter,4.173439407899978
3996,0.05836950514647526,HOG8-ML01-H1-GPS-GradientEstimation-Escape-Specialist-Exploiter,Exploiter,4.153090427582253
4006,0.056821081393092165,HOG8-ML01-H1-GPS-GradientEstimation-Escape-Specialist-Exploiter,Exploiter,2.6527957526749675
4021,0.05546835192698102,HOG8-ML01-H1-GPS-GradientEstimation-Escape-Specialist-Exploiter,Exploiter,2.380682368138809
4048,0.05388397556545698,HOG8-ML01-H1-GPS-GradientEstimation-Escape-Specialist-Exploiter,Exploiter,2.8563609815011706
4054,0.05261525632606373,HOG8-ML01-H1-GPS-GradientEstimation-Escape-Specialist-Exploiter,Exploiter,2.3545390370315933
4066,0.05162759794998261,HOG8-ML02-H2-GPS-GradientEstimation-Escape-Specialist-Exploiter,Exploiter,1.877133069466525
4066,0.050196086369744604,HOG8-ML01-H1-GPS-GradientEstimation-Escape-Specialist-Exploiter,Exploiter,2.7727642522219824
4075,0.05008201605922328,HOG8-ML02-H2-GPS-GradientEstimation-Escape-Specialist-Refiner,Refiner,0.22724941080283098
4080,0.048764313846286184,HOG8-ML00-H2-GPS-GradientEstimation-Escape-Specialist-Exploiter,Exploiter,2.631088595512766
4080,0.04837449058109648,HOG8-ML01-H1-GPS-GradientEstimation-Escape-Specialist-Exploiter,Exploiter,0.7994027485314229
4090,0.0466945274436112,HOG8-ML00-H2-GPS-GradientEstimation-Escape-Specialist-Exploiter,Exploiter,3.472828586523176
4090,0.046287334864741264,HOG8-ML01-H1-GPS-GradientEstimation-Escape-Specialist-Exploiter,Exploiter,0.8720349067921691
4100,0.045009167473619695,HOG8-ML00-H2-GPS-GradientEstimation-Escape-Specialist-Exploiter,Exploiter,2.7613760758889483
4100,0.044659611735175096,HOG8-ML01-H1-GPS-GradientEstimation-Escape-Specialist-Exploiter,Exploiter,0.7766323130715015
4115,0.0427805612164281,HOG8-ML01-H1-GPS-GradientEstimation-Escape-Specialist-Exploiter,Exploiter,4.20749407739926
4125,0.04106457834682877,HOG8-ML01-H1-GPS-GradientEstimation-Escape-Specialist-Exploiter,Exploiter,4.011127532708421
4135,0.03967426706573017,HOG8-ML01-H1-GPS-GradientEstimation-Escape-Specialist-Exploiter,Exploiter,3.385670417351231
4144,0.03812065596057564,HOG8-ML01-H1-GPS-GradientEstimation-Escape-Specialist-Exploiter,Exploiter,3.915916335847084
4155,0.038051291357503375,HOG8-ML02-H2-GPS-GradientEstimation-Escape-Specialist-Refiner,Refiner,0.18196067545113828
4160,0.03733435612839513,HOG8-ML00-H2-GPS-GradientEstimation-Escape-Specialist-Exploiter,Exploiter,1.8841285105738597
4160,0.03689885455926452,HOG8-ML01-H1-GPS-GradientEstimation-Escape-Specialist-Exploiter,Exploiter,1.1664901026627916
4165,0.03676736568173859,HOG8-ML02-H2-GPS-GradientEstimation-Escape-Specialist-Refiner,Refiner,0.35634948319259385
4244,0.035753923822273284,HOG8-ML01-H1-GPS-GradientEstimation-Escape-Specialist-Exploiter,Exploiter,2.756362444450729
4254,0.03539530517415894,HOG8-ML02-H2-GPS-GradientEstimation-Escape-Specialist-Exploiter,Exploiter,1.0030189970112866
4254,0.03471219135856937,HOG8-ML01-H1-GPS-GradientEstimation-Escape-Specialist-Exploiter,Exploiter,1.9299559990466995
4264,0.03426806579795806,HOG8-ML02-H2-GPS-GradientEstimation-Escape-Specialist-Exploiter,Exploiter,1.279451233785821
4264,0.03359983127192447,HOG8-ML01-H1-GPS-GradientEstimation-Escape-Specialist-Exploiter,Exploiter,1.9500211362189184
4274,0.03237847577056148,HOG8-ML01-H1-GPS-GradientEstimation-Escape-Specialist-Exploiter,Exploiter,3.635004864990319
4286,0.031951975360606386,HOG8-ML02-H2-GPS-GradientEstimation-Escape-Specialist-Exploiter,Exploiter,1.3172343657475942
4290,0.03177063335063047,HOG8-ML00-H2-GPS-GradientEstimation-Escape-Specialist-Exploiter,Exploiter,0.5675455364787669
4290,0.03138726737796296,HOG8-ML01-H1-GPS-GradientEstimation-Escape-Specialist-Exploiter,Exploiter,1.2066677061063311
4301,0.030641874801804567,HOG8-ML00-H2-GPS-GradientEstimation-Escape-Specialist-Exploiter,Exploiter,2.374824693027394
4301,0.03040885814261409,HOG8-ML01-H1-GPS-GradientEstimation-Escape-Specialist-Exploiter,Exploiter,0.7604517044001261
4310,0.029874708707296187,HOG8-ML00-H2-GPS-GradientEstimation-Escape-Specialist-Exploiter,Exploiter,1.7565586738338028
4310,0.029505577821085684,HOG8-ML01-H1-GPS-GradientEstimation-Escape-Specialist-Exploiter,Exploiter,1.2355966038937531
4319,0.02862196699068374,HOG8-ML01-H1-GPS-GradientEstimation-Escape-Specialist-Exploiter,Exploiter,2.994724711916968
4331,0.02830066178588496,HOG8-ML02-H2-GPS-GradientEstimation-Escape-Specialist-Exploiter,Exploiter,1.1225825426441245
4331,0.0277998592472483,HOG8-ML01-H1-GPS-GradientEstimation-Escape-Specialist-Exploiter,Exploiter,1.7695788968667667
4339,0.027488567459013985,HOG8-ML02-H2-GPS-GradientEstimation-Escape-Specialist-Exploiter,Exploiter,1.1197603033372507
4345,0.02698131042447128,HOG8-ML01-H1-GPS-GradientEstimation-Escape-Specialist-Exploiter,Exploiter,1.8453381948660534
4355,0.026234341221788287,HOG8-ML01-H1-GPS-GradientEstimation-Escape-Specialist-Exploiter,Exploiter,2.7684689547380628
4365,0.02553169189114224,HOG8-ML01-H1-GPS-GradientEstimation-Escape-Specialist-Exploiter,Exploiter,2.678357061478183
4370,0.02543514227765781,HOG8-ML00-H2-GPS-GradientEstimation-Escape-Specialist-Refiner,Refiner,0.3781559557278064
4374,0.02505459328253856,HOG8-ML02-H2-GPS-GradientEstimation-Escape-Specialist-Exploiter,Exploiter,1.4961543795000742
4374,0.02478951212439581,HOG8-ML01-H1-GPS-GradientEstimation-Escape-Specialist-Exploiter,Exploiter,1.058014213814813
4380,0.02470055311985004,HOG8-ML00-H2-GPS-GradientEstimation-Escape-Specialist-Refiner,Refiner,0.35885742365305934
4386,0.024087903521881747,HOG8-ML01-H1-GPS-GradientEstimation-Escape-Specialist-Exploiter,Exploiter,2.4803072020114025
4389,0.023926554029796036,HOG8-ML00-H2-GPS-GradientEstimation-Escape-Specialist-Exploiter,Exploiter,0.6698361770634739
4395,0.023728633277269352,HOG8-ML02-H2-GPS-GradientEstimation-Escape-Specialist-Exploiter,Exploiter,0.8272012437738041
4401,0.023453126689914026,HOG8-ML01-H1-GPS-GradientEstimation-Escape-Specialist-Exploiter,Exploiter,1.161072296646959
4412,0.02318755906719334,HOG8-ML02-H2-GPS-GradientEstimation-Escape-Specialist-Exploiter,Exploiter,1.1323335529283274
4412,0.023064702277151315,HOG8-ML01-H1-GPS-GradientEstimation-Escape-Specialist-Exploiter,Exploiter,0.5298392542570316
4420,0.022662602998826543,HOG8-ML02-H2-GPS-GradientEstimation-Escape-Specialist-Exploiter,Exploiter,1.7433534302461202
4436,0.022435071421360746,HOG8-ML01-H1-GPS-GradientEstimation-Escape-Specialist-Exploiter,Exploiter,1.0039957787619473
4439,0.022288582876407514,HOG8-ML02-H2-GPS-GradientEstimation-Escape-Specialist-Exploiter,Exploiter,0.6529444110160408
4448,0.022027770266651626,HOG8-ML01-H1-GPS-GradientEstimation-Escape-Specialist-Exploiter,Exploiter,1.1701623705828228
4450,0.021892160846116823,HOG8-ML02-H2-GPS-GradientEstimation-Escape-Specialist-Exploiter,Exploiter,0.6156293573667128
4460,0.021418663101784134,HOG8-ML02-H2-GPS-GradientEstimation-Escape-Specialist-Exploiter,Exploiter,2.162864358895284
4470,0.021234141670001046,HOG8-ML00-H1-GPS-GradientEstimation-Escape-Specialist-Exploiter,Exploiter,0.8614983619949563
4470,0.020885059050357396,HOG8-ML02-H2-GPS-GradientEstimation-Escape-Specialist-Exploiter,Exploiter,1.6439685910960216
4479,0.020485296811343572,HOG8-ML01-H1-GPS-GradientEstimation-Escape-Specialist-Exploiter,Exploiter,1.9141063381718477
4481,0.02038292199486541,HOG8-ML02-H2-GPS-GradientEstimation-Escape-Specialist-Refiner,Refiner,0.49974778213353704
4490,0.01998722931772382,HOG8-ML01-H1-GPS-GradientEstimation-Escape-Specialist-Exploiter,Exploiter,1.9412951550384507
4495,0.019938475521103727,HOG8-ML02-H2-GPS-GradientEstimation-Escape-Specialist-Refiner,Refiner,0.24392473736648476
4501,0.019526013893045115,HOG8-ML02-H2-GPS-GradientEstimation-Escape-Specialist-Exploiter,Exploiter,2.0686718381354914
4511,0.01902778414756459,HOG8-ML01-H1-GPS-GradientEstimation-Escape-Specialist-Exploiter,Exploiter,2.551620357383778
4517,0.019006048740593473,HOG8-ML02-H2-GPS-GradientEstimation-Escape-Specialist-Refiner,Refiner,0.11422983781272494
4525,0.018636305935309606,HOG8-ML02-H2-GPS-GradientEstimation-Escape-Specialist-Exploiter,Exploiter,1.945395438738211
4540,0.018328866131175556,HOG8-ML02-H2-GPS-GradientEstimation-Escape-Specialist-Exploiter,Exploiter,1.6496821054625121
4547,0.017901163225704248,HOG8-ML02-H2-GPS-GradientEstimation-Escape-Specialist-Exploiter,Exploiter,2.333493530970953
4560,0.017461484371681494,HOG8-ML01-H1-GPS-GradientEstimation-Escape-Specialist-Exploiter,Exploiter,2.4561468351476745
4569,0.017109886887307035,HOG8-ML02-H2-GPS-GradientEstimation-Escape-Specialist-Exploiter,Exploiter,2.0135601125908256
4574,0.017075778031357017,HOG8-ML01-H1-GPS-GradientEstimation-Escape-Specialist-Refiner,Refiner,0.19935173256651284
4580,0.016802589989620562,HOG8-ML02-H2-GPS-GradientEstimation-Escape-Specialist-Exploiter,Exploiter,1.5998570679168336
4585,0.01663521871582988,HOG8-ML01-H1-GPS-GradientEstimation-Escape-Specialist-Exploiter,Exploiter,0.9961040166668983
4592,0.016369890425965494,HOG8-ML02-H2-GPS-GradientEstimation-Escape-Specialist-Exploiter,Exploiter,1.594979268964494
4601,0.016278271350024843,HOG8-ML01-H1-GPS-GradientEstimation-Escape-Specialist-Exploiter,Exploiter,0.5596804471905745
4605,0.016034262200236148,HOG8-ML02-H2-GPS-GradientEstimation-Escape-Specialist-Exploiter,Exploiter,1.4989868674742473
4610,0.01594323190946685,HOG8-ML01-H1-GPS-GradientEstimation-Escape-Specialist-Exploiter,Exploiter,0.5677236010769223
4620,0.015743757230371875,HOG8-ML00-H2-GPS-GradientEstimation-Escape-Specialist-Exploiter,Exploiter,1.2511558523873143
4620,0.015600986703178395,HOG8-ML01-H1-GPS-GradientEstimation-Escape-Specialist-Exploiter,Exploiter,0.9068389781700662
4630,0.01546066487160686,HOG8-ML00-H1-GPS-GradientEstimation-Escape-Specialist-Exploiter,Exploiter,0.8994420304386682
4630,0.015246546674632176,HOG8-ML02-H2-GPS-GradientEstimation-Escape-Specialist-Exploiter,Exploiter,1.3849223093109468
4630,0.01522805906020064,HOG8-ML01-H1-GPS-GradientEstimation-Escape-Specialist-Refiner,Refiner,0.1212577170822339
4639,0.01514812529316111,HOG8-ML00-H1-GPS-GradientEstimation-Escape-Specialist-Exploiter,Exploiter,0.5249110653139055
4641,0.014959714513847578,HOG8-ML02-H2-GPS-GradientEstimation-Escape-Specialist-Exploiter,Exploiter,1.2437894172858042
4641,0.014914277764528933,HOG8-ML01-H1-GPS-GradientEstimation-Escape-Specialist-Refiner,Refiner,0.3037273824750187
4651,0.01464897010858588,HOG8-ML02-H2-GPS-GradientEstimation-Escape-Specialist-Exploiter,Exploiter,1.7788836987738132
4662,0.014373075693508035,HOG8-ML01-H1-GPS-GradientEstimation-Escape-Specialist-Exploiter,Exploiter,1.8833707286776555
4675,0.014102396986507471,HOG8-ML01-H1-GPS-GradientEstimation-Escape-Specialist-Exploiter,Exploiter,1.8832344083655164
4675,0.014097734828187533,HOG8-ML02-H2-GPS-GradientEstimation-Escape-Specialist-Polisher,Polisher,0.03305933256877057
4685,0.013838093959493387,HOG8-ML02-H2-GPS-GradientEstimation-Escape-Specialist-Exploiter,Exploiter,1.841720473951679
4685,0.013826102086255935,HOG8-ML01-H1-GPS-GradientEstimation-Escape-Specialist-Refiner,Refiner,0.08665841749994338
4695,0.013612703912351622,HOG8-ML02-H2-GPS-GradientEstimation-Escape-Specialist-Exploiter,Exploiter,1.5434442229125798
4695,0.013570572567915582,HOG8-ML01-H1-GPS-GradientEstimation-Escape-Specialist-Refiner,Refiner,0.30950018972947196
4704,0.013338386899538358,HOG8-ML01-H1-GPS-GradientEstimation-Escape-Specialist-Exploiter,Exploiter,1.7109496833329838
4710,0.013311637577483083,HOG8-ML02-H2-GPS-GradientEstimation-Escape-Specialist-Refiner,Refiner,0.20054390577169515
4719,0.013206025306989838,HOG8-ML00-H2-GPS-GradientEstimation-Escape-Specialist-Exploiter,Exploiter,0.7933830070005133
4719,0.013089792345040013,HOG8-ML02-H2-GPS-GradientEstimation-Escape-Specialist-Exploiter,Exploiter,0.8801509859920027
4719,0.013058232314903077,HOG8-ML01-H1-GPS-GradientEstimation-Escape-Specialist-Refiner,Refiner,0.24110413141041923
4725,0.012830144303488684,HOG8-ML01-H1-GPS-GradientEstimation-Escape-Specialist-Exploiter,Exploiter,1.7466989858503388
4739,0.0127066366926748,HOG8-ML01-H1-GPS-GradientEstimation-Escape-Specialist-Exploiter,Exploiter,0.9626361784590424
4740,0.01268722976159474,HOG8-ML02-H2-GPS-GradientEstimation-Escape-Specialist-Refiner,Refiner,0.1527306678347677
4750,0.012590416012065245,HOG8-ML01-H1-GPS-GradientEstimation-Escape-Specialist-Exploiter,Exploiter,0.7630802889891547
4756,0.012585837037397865,HOG8-ML02-H2-GPS-GradientEstimation-Escape-Specialist-Polisher,Polisher,0.036368732081542725
4756,0.012542829479876507,HOG8-ML00-H2-GPS-GradientEstimation-Escape-Specialist-Refiner,Refiner,0.34171392330573364
4759,0.012428158548958849,HOG8-ML01-H1-GPS-GradientEstimation-Escape-Specialist-Exploiter,Exploiter,0.9142349507472293
4769,0.012424873760462082,HOG8-ML02-H2-GPS-GradientEstimation-Escape-Specialist-Polisher,Polisher,0.026430210749462068
4774,0.012292350699540606,HOG8-ML01-H1-GPS-GradientEstimation-Escape-Specialist-Exploiter,Exploiter,1.0665948280551916
4784,0.012224419264063044,HOG8-ML01-H1-GPS-GradientEstimation-Escape-Specialist-Exploiter,Exploiter,0.5526317718880327
4794,0.012079305674038997,HOG8-ML01-H1-GPS-GradientEstimation-Escape-Specialist-Exploiter,Exploiter,1.1870796222659656
4804,0.011908724334079104,HOG8-ML01-H1-GPS-GradientEstimation-Escape-Specialist-Exploiter,Exploiter,1.412178353318012
4814,0.011841343983044386,HOG8-ML02-H2-GPS-GradientEstimation-Escape-Specialist-Exploiter,Exploiter,0.5658066233164509
4819,0.011728217001853595,HOG8-ML01-H1-GPS-GradientEstimation-Escape-Specialist-Exploiter,Exploiter,0.955355923726041
4826,0.011719555010996842,HOG8-ML00-H1-GPS-GradientEstimation-Escape-Specialist-Refiner,Refiner,0.07385599068795917
4830,0.01165565511243912,HOG8-ML02-H2-GPS-GradientEstimation-Escape-Specialist-Exploiter,Exploiter,0.5452416793791476
4830,0.011538471603613834,HOG8-ML01-H1-GPS-GradientEstimation-Escape-Specialist-Exploiter,Exploiter,1.0053790001063543
4839,0.01137777683783411,HOG8-ML01-H1-GPS-GradientEstimation-Escape-Specialist-Exploiter,Exploiter,1.3926867552319007
4844,0.011367308190689415,HOG8-ML00-H1-GPS-GradientEstimation-Escape-Specialist-Refiner,Refiner,0.09200960164629038
4849,0.011322175469798731,HOG8-ML02-H2-GPS-GradientEstimation-Escape-Specialist-Refiner,Refiner,0.39703965207568204
4849,0.01118308420127575,HOG8-ML01-H1-GPS-GradientEstimation-Escape-Specialist-Exploiter,Exploiter,1.2284853639126065
4859,0.011049465083827283,HOG8-ML01-H1-GPS-GradientEstimation-Escape-Specialist-Exploiter,Exploiter,1.1948324365940506
4870,0.01102432812539026,HOG8-ML02-H2-GPS-GradientEstimation-Escape-Specialist-Refiner,Refiner,0.22749479948866302
4873,0.01090979071561463,HOG8-ML01-H1-GPS-GradientEstimation-Escape-Specialist-Exploiter,Exploiter,1.038951385271609
4880,0.010854548371321875,HOG8-ML02-H2-GPS-GradientEstimation-Escape-Specialist-Exploiter,Exploiter,0.5063556738415768
4880,0.010750841770300527,HOG8-ML01-H1-GPS-GradientEstimation-Escape-Specialist-Exploiter,Exploiter,0.9554206906972224
4889,0.010625097162376208,HOG8-ML01-H1-GPS-GradientEstimation-Escape-Specialist-Exploiter,Exploiter,1.1696256963960883
4900,0.01061581392562235,HOG8-ML00-H1-GPS-GradientEstimation-Escape-Specialist-Refiner,Refiner,0.08737084105668809
4905,0.01045849192078302,HOG8-ML01-H1-GPS-GradientEstimation-Escape-Specialist-Exploiter,Exploiter,1.48195895238534
4914,0.01032202172517745,HOG8-ML01-H1-GPS-GradientEstimation-Escape-Specialist-Exploiter,Exploiter,1.3048745138328908
4925,0.010297360042060251,HOG8-ML02-H2-GPS-GradientEstimation-Escape-Specialist-Refiner,Refiner,0.238922991772474
4925,0.010194818889203525,HOG8-ML01-H1-GPS-GradientEstimation-Escape-Specialist-Exploiter,Exploiter,0.9958004035781067
4934,0.010097172749967758,HOG8-ML01-H1-GPS-GradientEstimation-Escape-Specialist-Exploiter,Exploiter,0.9578016078262623
4944,0.010092673458120403,HOG8-ML00-H1-GPS-GradientEstimation-Escape-Specialist-Polisher,Polisher,0.044559917501357
4949,0.010088053695329353,HOG8-ML00-H2-GPS-GradientEstimation-Escape-Specialist-Polisher,Polisher,0.04577342970838844
4949,0.009947081601742722,HOG8-ML01-H1-GPS-GradientEstimation-Escape-Specialist-Exploiter,Exploiter,1.3974161700973053
4960,0.009831538052095343,HOG8-ML01-H1-GPS-GradientEstimation-Escape-Specialist-Exploiter,Exploiter,1.1615824045028016
4970,0.009817040022839712,HOG8-ML02-H2-GPS-GradientEstimation-Escape-Specialist-Refiner,Refiner,0.14746450838931513
4972,0.009721999276741411,HOG8-ML01-H1-GPS-GradientEstimation-Escape-Specialist-Exploiter,Exploiter,0.9681201856892169
4979,0.00961752636960823,HOG8-ML01-H1-GPS-GradientEstimation-Escape-Specialist-Exploiter,Exploiter,1.0746031156689977
4994,0.009494306522464184,HOG8-ML01-H1-GPS-GradientEstimation-Escape-Specialist-Exploiter,Exploiter,1.2812010324549392
5001,0.009491324896338464,HOG8-ML02-H2-GPS-GradientEstimation-Escape-Specialist-Polisher,Polisher,0.03140435921955022
5001,0.00941296245220782,HOG8-ML01-H1-GPS-GradientEstimation-Escape-Specialist-Exploiter,Exploiter,0.8256217649958899
5014,0.00938554387269466,HOG8-ML02-H2-GPS-GradientEstimation-Escape-Specialist-Refiner,Refiner,0.29128533819583974
5014,0.009314321656962908,HOG8-ML01-H1-GPS-GradientEstimation-Escape-Specialist-Exploiter,Exploiter,0.7588501710482415
5024,0.009213880736686102,HOG8-ML01-H1-GPS-GradientEstimation-Escape-Specialist-Exploiter,Exploiter,1.078349277338108
5039,0.00920322008712272,HOG8-ML00-H1-GPS-GradientEstimation-Escape-Specialist-Refiner,Refiner,0.11570205723343929
5039,0.009190671890837405,HOG8-ML02-H2-GPS-GradientEstimation-Escape-Specialist-Refiner,Refiner,0.13634571559223194
5040,0.009113341816089469,HOG8-ML01-H1-GPS-GradientEstimation-Escape-Specialist-Exploiter,Exploiter,0.841397404525229
5050,0.009110900654998071,HOG8-ML02-H2-GPS-GradientEstimation-Escape-Specialist-Polisher,Polisher,0.026786673216711
5054,0.009027970428893691,HOG8-ML01-H1-GPS-GradientEstimation-Escape-Specialist-Exploiter,Exploiter,0.9102308239843026
5064,0.008961204913517441,HOG8-ML01-H1-GPS-GradientEstimation-Escape-Specialist-Exploiter,Exploiter,0.7395406963515259
5074,0.00893619233487349,HOG8-ML02-H2-GPS-GradientEstimation-Escape-Specialist-Refiner,Refiner,0.27912070849111026
5080,0.008866748127516828,HOG8-ML01-H1-GPS-GradientEstimation-Escape-Specialist-Exploiter,Exploiter,0.7771118251971499
5090,0.008800242611449608,HOG8-ML01-H1-GPS-GradientEstimation-Escape-Specialist-Exploiter,Exploiter,0.7500553202907441
5101,0.008746364868376204,HOG8-ML01-H1-GPS-GradientEstimation-Escape-Specialist-Exploiter,Exploiter,0.6122302015095128
5116,0.00870638546389312,HOG8-ML01-H1-GPS-GradientEstimation-Escape-Specialist-Refiner,Refiner,0.4570973779933963
5125,0.008659834205666296,HOG8-ML01-H1-GPS-GradientEstimation-Escape-Specialist-Exploiter,Exploiter,0.5346794995452506
5139,0.008610822638562284,HOG8-ML01-H1-GPS-GradientEstimation-Escape-Specialist-Exploiter,Exploiter,0.5659642660588546
5151,0.008540856069738924,HOG8-ML01-H1-GPS-GradientEstimation-Escape-Specialist-Exploiter,Exploiter,0.8125422129823525
5161,0.008470022886012733,HOG8-ML02-H1-GPS-GradientEstimation-Escape-Specialist-Exploiter,Exploiter,0.8293452453456083
5164,0.008457208310054785,HOG8-ML01-H1-GPS-GradientEstimation-Escape-Specialist-Refiner,Refiner,0.15129328610327228
5176,0.008389244754527134,HOG8-ML01-H1-GPS-GradientEstimation-Escape-Specialist-Exploiter,Exploiter,0.8036169033089645
5186,0.008325339170150926,HOG8-ML02-H1-GPS-GradientEstimation-Escape-Specialist-Exploiter,Exploiter,0.761756108518859
5186,0.008319944027322952,HOG8-ML01-H1-GPS-GradientEstimation-Escape-Specialist-Refiner,Refiner,0.06480388027093019
5200,0.008260480566071315,HOG8-ML02-H1-GPS-GradientEstimation-Escape-Specialist-Exploiter,Exploiter,0.7147098713207315
5200,0.008249292962936246,HOG8-ML01-H1-GPS-GradientEstimation-Escape-Specialist-Refiner,Refiner,0.13543525761709765
5210,0.008200316329341362,HOG8-ML01-H1-GPS-GradientEstimation-Escape-Specialist-Exploiter,Exploiter,0.5937070463485076
5220,0.008137825748588885,HOG8-ML01-H1-GPS-GradientEstimation-Escape-Specialist-Exploiter,Exploiter,0.7620508556344512
5220,0.008131147608447733,HOG8-ML02-H1-GPS-GradientEstimation-Escape-Specialist-Refiner,Refiner,0.08206295326868732
5230,0.008080465063049819,HOG8-ML02-H1-GPS-GradientEstimation-Escape-Specialist-Exploiter,Exploiter,0.6233135571817473
5240,0.008053952100602332,HOG8-ML01-H2-GPS-GradientEstimation-Escape-Specialist-Refiner,Refiner,0.3281118381258192
5240,0.00803534151562394,HOG8-ML02-H1-GPS-GradientEstimation-Escape-Specialist-Refiner,Refiner,0.23107394662800454
5240,0.008032919480986585,HOG8-ML01-H1-GPS-GradientEstimation-Escape-Specialist-Polisher,Polisher,0.030142273762058035
5251,0.0079898327492388,HOG8-ML02-H1-GPS-GradientEstimation-Escape-Specialist-Exploiter,Exploiter,0.5363769903304606
5252,0.007979621895058384,HOG8-ML01-H1-GPS-GradientEstimation-Escape-Specialist-Refiner,Refiner,0.12779809666714884
5264,0.007931927942418326,HOG8-ML01-H1-GPS-GradientEstimation-Escape-Specialist-Exploiter,Exploiter,0.5976968992678016
5274,0.007887319651647417,HOG8-ML02-H1-GPS-GradientEstimation-Escape-Specialist-Exploiter,Exploiter,0.5623890067426468
5274,0.007871343709789508,HOG8-ML01-H1-GPS-GradientEstimation-Escape-Specialist-Refiner,Refiner,0.2025522302062674
5285,0.007834575259245512,HOG8-ML02-H1-GPS-GradientEstimation-Escape-Specialist-Refiner,Refiner,0.46711783781296695
5285,0.007829847975093672,HOG8-ML01-H1-GPS-GradientEstimation-Escape-Specialist-Refiner,Refiner,0.06033874199193925
5295,0.007781789333956857,HOG8-ML01-H1-GPS-GradientEstimation-Escape-Specialist-Exploiter,Exploiter,0.6137876659890045
5304,0.007742839668899331,HOG8-ML01-H1-GPS-GradientEstimation-Escape-Specialist-Exploiter,Exploiter,0.5005232522494988
5315,0.007702357639408467,HOG8-ML02-H1-GPS-GradientEstimation-Escape-Specialist-Exploiter,Exploiter,0.5228318190995026
5315,0.007701941586344507,HOG8-ML01-H1-GPS-GradientEstimation-Escape-Specialist-Polisher,Polisher,0.005401632635587503
5325,0.007665777028662914,HOG8-ML01-H1-GPS-GradientEstimation-Escape-Specialist-Refiner,Refiner,0.46955118103871707
5339,0.007624181687586207,HOG8-ML01-H1-GPS-GradientEstimation-Escape-Specialist-Exploiter,Exploiter,0.5426108915140486
5350,0.007578737055508997,HOG8-ML02-H1-GPS-GradientEstimation-Escape-Specialist-Exploiter,Exploiter,0.5960591436482153
5360,0.0075613782409658025,HOG8-ML01-H2-GPS-GradientEstimation-Escape-Specialist-Refiner,Refiner,0.22904627005862843
5361,0.007541181617859903,HOG8-ML02-H1-GPS-GradientEstimation-Escape-Specialist-Refiner,Refiner,0.2671024046446824
5361,0.007540385321758079,HOG8-ML01-H1-GPS-GradientEstimation-Escape-Specialist-Polisher,Polisher,0.010559301475229805
5371,0.0075220000347705224,HOG8-ML01-H2-GPS-GradientEstimation-Escape-Specialist-Refiner,Refiner,0.2438242371315528
5375,0.007511022533562683,HOG8-ML02-H1-GPS-GradientEstimation-Escape-Specialist-Refiner,Refiner,0.14593859554767435
5376,0.007508460756783453,HOG8-ML01-H1-GPS-GradientEstimation-Escape-Specialist-Polisher,Polisher,0.03410689779962946
5381,0.007490489778987855,HOG8-ML01-H2-GPS-GradientEstimation-Escape-Specialist-Refiner,Refiner,0.23934303418131436
5384,0.007477635755595518,HOG8-ML01-H1-GPS-GradientEstimation-Escape-Specialist-Refiner,Refiner,0.17160457822656838
5390,0.007461539905147444,HOG8-ML01-H2-GPS-GradientEstimation-Escape-Specialist-Refiner,Refiner,0.215253202672116
5396,0.007442574092286422,HOG8-ML01-H1-GPS-GradientEstimation-Escape-Specialist-Refiner,Refiner,0.2541809479292318
5405,0.00741415362673551,HOG8-ML02-H1-GPS-GradientEstimation-Escape-Specialist-Refiner,Refiner,0.38186338756596155
5415,0.007387297799529637,HOG8-ML01-H1-GPS-GradientEstimation-Escape-Specialist-Refiner,Refiner,0.3622237757392965
5421,0.007379630092814338,HOG8-ML02-H1-GPS-GradientEstimation-Escape-Specialist-Refiner,Refiner,0.1037958252581561
5426,0.007358356626744318,HOG8-ML01-H1-GPS-GradientEstimation-Escape-Specialist-Refiner,Refiner,0.28827279690799357
5431,0.0073470962891505915,HOG8-ML02-H1-GPS-GradientEstimation-Escape-Specialist-Refiner,Refiner,0.15302788604727396
5436,0.007324600205829825,HOG8-ML01-H1-GPS-GradientEstimation-Escape-Specialist-Refiner,Refiner,0.3061901251244825
5439,0.007320319742827228,HOG8-ML02-H1-GPS-GradientEstimation-Escape-Specialist-Refiner,Refiner,0.05843954458005792
5444,0.007303359451875791,HOG8-ML01-H1-GPS-GradientEstimation-Escape-Specialist-Refiner,Refiner,0.2316878435269956
5460,0.007293481169228362,HOG8-ML02-H1-GPS-GradientEstimation-Escape-Specialist-Refiner,Refiner,0.1352566953950403
5460,0.007274404615712075,HOG8-ML01-H2-GPS-GradientEstimation-Escape-Specialist-Refiner,Refiner,0.26155621813040997
5479,0.007246267060655972,HOG8-ML01-H2-GPS-GradientEstimation-Escape-Specialist-Refiner,Refiner,0.3868021720338201
5492,0.0072365137394632024,HOG8-ML01-H2-GPS-GradientEstimation-Escape-Specialist-Refiner,Refiner,0.13459787102970605
5495,0.007235962408660475,HOG8-ML01-H1-GPS-GradientEstimation-Escape-Specialist-Polisher,Polisher,0.007618734967933137
5500,0.007216069009830846,HOG8-ML01-H2-GPS-GradientEstimation-Escape-Specialist-Refiner,Refiner,0.27492402124449006
5505,0.007206511351284916,HOG8-ML01-H1-GPS-GradientEstimation-Escape-Specialist-Refiner,Refiner,0.13244965552448276
5509,0.007187614051070734,HOG8-ML01-H2-GPS-GradientEstimation-Escape-Specialist-Refiner,Refiner,0.2622253583325394
5520,0.0071636486179500365,HOG8-ML01-H2-GPS-GradientEstimation-Escape-Specialist-Refiner,Refiner,0.3334268221751153
5530,0.007157716836875535,HOG8-ML01-H1-GPS-GradientEstimation-Escape-Specialist-Refiner,Refiner,0.0828039088857379
5538,0.007136238632507006,HOG8-ML01-H2-GPS-GradientEstimation-Escape-Specialist-Refiner,Refiner,0.30007060712260264
5544,0.007121236634270992,HOG8-ML01-H2-GPS-GradientEstimation-Escape-Specialist-Refiner,Refiner,0.21022276592148165
5554,0.0070906261543334,HOG8-ML01-H2-GPS-GradientEstimation-Escape-Specialist-Refiner,Refiner,0.42984781309300485
5566,0.007065145221759537,HOG8-ML01-H2-GPS-GradientEstimation-Escape-Specialist-Refiner,Refiner,0.3593608239843624
5578,0.0070385863039802345,HOG8-ML01-H2-GPS-GradientEstimation-Escape-Specialist-Refiner,Refiner,0.37591467614147867
5590,0.007009363465661752,HOG8-ML01-H2-GPS-GradientEstimation-Escape-Specialist-Refiner,Refiner,0.415180507227109
5600,0.006985877030546473,HOG8-ML01-H2-GPS-GradientEstimation-Escape-Specialist-Refiner,Refiner,0.33507229622684687
5611,0.006960887677052693,HOG8-ML01-H2-GPS-GradientEstimation-Escape-Specialist-Refiner,Refiner,0.3577124731012481
5625,0.0069376729169505665,HOG8-ML01-H2-GPS-GradientEstimation-Escape-Specialist-Refiner,Refiner,0.333502868874852
5636,0.006911944453803684,HOG8-ML01-H2-GPS-GradientEstimation-Escape-Specialist-Refiner,Refiner,0.3708514865845208
5646,0.006903303091073361,HOG8-ML01-H1-GPS-GradientEstimation-Escape-Specialist-Refiner,Refiner,0.1250207201183041
5651,0.006889433742504499,HOG8-ML01-H2-GPS-GradientEstimation-Escape-Specialist-Refiner,Refiner,0.2009088748659499
5656,0.006881676092216739,HOG8-ML01-H1-GPS-GradientEstimation-Escape-Specialist-Refiner,Refiner,0.11260214667424731
5661,0.006868975200351605,HOG8-ML01-H2-GPS-GradientEstimation-Escape-Specialist-Refiner,Refiner,0.18456102401417487
5669,0.006857354877673869,HOG8-ML01-H1-GPS-GradientEstimation-Escape-Specialist-Refiner,Refiner,0.16917112580551547
5671,0.006843599979546029,HOG8-ML01-H2-GPS-GradientEstimation-Escape-Specialist-Refiner,Refiner,0.20058606231132847
5679,0.006836003003190035,HOG8-ML01-H1-GPS-GradientEstimation-Escape-Specialist-Refiner,Refiner,0.1110084806052287
5681,0.00681966443269866,HOG8-ML01-H2-GPS-GradientEstimation-Escape-Specialist-Refiner,Refiner,0.23900765525922807
5690,0.0068186261303138165,HOG8-ML01-H1-GPS-GradientEstimation-Escape-Specialist-Polisher,Polisher,0.015225124272470004
5691,0.006807480672499068,HOG8-ML01-H2-GPS-GradientEstimation-Escape-Specialist-Refiner,Refiner,0.16345606287458328
5700,0.006802634322552616,HOG8-ML01-H1-GPS-GradientEstimation-Escape-Specialist-Refiner,Refiner,0.0711915344252177
5705,0.006789545963447356,HOG8-ML01-H2-GPS-GradientEstimation-Escape-Specialist-Refiner,Refiner,0.1924013328464297
5709,0.006786945097564093,HOG8-ML01-H1-GPS-GradientEstimation-Escape-Specialist-Polisher,Polisher,0.03830691915578779
5714,0.00676695455994653,HOG8-ML01-H2-GPS-GradientEstimation-Escape-Specialist-Refiner,Refiner,0.29454397125944404
5726,0.0067481196711502885,HOG8-ML01-H2-GPS-GradientEstimation-Escape-Specialist-Refiner,Refiner,0.27833626824871105
5731,0.006747840602862916,HOG8-ML01-H1-GPS-GradientEstimation-Escape-Specialist-Polisher,Polisher,0.004135497012093039
5734,0.006730479751061235,HOG8-ML01-H2-GPS-GradientEstimation-Escape-Specialist-Refiner,Refiner,0.2572801111264367
5746,0.006712371039077772,HOG8-ML01-H2-GPS-GradientEstimation-Escape-Specialist-Refiner,Refiner,0.2690552925385076
5756,0.0067119244460626185,HOG8-ML01-H1-GPS-GradientEstimation-Escape-Specialist-Polisher,Polisher,0.006653282611372665
5760,0.006694619249964492,HOG8-ML01-H2-GPS-GradientEstimation-Escape-Specialist-Refiner,Refiner,0.2578276355342124
5770,0.0066833576531797195,HOG8-ML01-H2-GPS-GradientEstimation-Escape-Specialist-Refiner,Refiner,0.16821862998157255
5781,0.006680100933047696,HOG8-ML01-H1-GPS-GradientEstimation-Escape-Specialist-Polisher,Polisher,0.0487288022132724
5786,0.006667063888611892,HOG8-ML01-H2-GPS-GradientEstimation-Escape-Specialist-Refiner,Refiner,0.19516238701285066
5799,0.006656349199578622,HOG8-ML01-H2-GPS-GradientEstimation-Escape-Specialist-Refiner,Refiner,0.16071075982296595
5804,0.0066552303173209445,HOG8-ML01-H1-GPS-GradientEstimation-Escape-Specialist-Polisher,Polisher,0.01680924819491052
5809,0.006653031127015082,HOG8-ML01-H2-GPS-GradientEstimation-Escape-Specialist-Polisher,Polisher,0.03304454092503845
5814,0.006650714264163672,HOG8-ML01-H1-GPS-GradientEstimation-Escape-Specialist-Polisher,Polisher,0.0348241697232099
5825,0.0066412084325216305,HOG8-ML01-H1-GPS-GradientEstimation-Escape-Specialist-Refiner,Refiner,0.1429294849316005
5832,0.006640100333730541,HOG8-ML02-H1-GPS-GradientEstimation-Escape-Specialist-Polisher,Polisher,0.016685198218794915
5834,0.006634174564752197,HOG8-ML01-H2-GPS-GradientEstimation-Escape-Specialist-Refiner,Refiner,0.08924216021619712
5834,0.006627892849301902,HOG8-ML01-H1-GPS-GradientEstimation-Escape-Specialist-Refiner,Refiner,0.09468721977365505
5842,0.0066244827929168625,HOG8-ML02-H1-GPS-GradientEstimation-Escape-Specialist-Refiner,Refiner,0.051450083194974044
5844,0.006622077024851089,HOG8-ML01-H2-GPS-GradientEstimation-Escape-Specialist-Polisher,Polisher,0.03631631541629341
5849,0.006612572758848622,HOG8-ML01-H1-GPS-GradientEstimation-Escape-Specialist-Refiner,Refiner,0.14352394221329312
5855,0.006608440676752516,HOG8-ML02-H1-GPS-GradientEstimation-Escape-Specialist-Refiner,Refiner,0.062488266621734755
5855,0.0066058374965461695,HOG8-ML01-H2-GPS-GradientEstimation-Escape-Specialist-Polisher,Polisher,0.039391746611334356
5859,0.006597165424995877,HOG8-ML01-H1-GPS-GradientEstimation-Escape-Specialist-Refiner,Refiner,0.13127891133904293
5865,0.006595572020464535,HOG8-ML02-H1-GPS-GradientEstimation-Escape-Specialist-Polisher,Polisher,0.024152866097695305
5869,0.0065822437206458344,HOG8-ML01-H1-GPS-GradientEstimation-Escape-Specialist-Refiner,Refiner,0.20207951300274743
5875,0.006579181109480916,HOG8-ML02-H1-GPS-GradientEstimation-Escape-Specialist-Polisher,Polisher,0.046528376871137506
5880,0.0065739379420731835,HOG8-ML01-H2-GPS-GradientEstimation-Escape-Specialist-Refiner,Refiner,0.07969331320240416
5880,0.0065656315533936275,HOG8-ML01-H1-GPS-GradientEstimation-Escape-Specialist-Refiner,Refiner,0.12635331749019338
5890,0.006563975491710764,HOG8-ML02-H1-GPS-GradientEstimation-Escape-Specialist-Polisher,Polisher,0.025223189412871487
5890,0.00655357296942424,HOG8-ML01-H1-GPS-GradientEstimation-Escape-Specialist-Refiner,Refiner,0.15847899340362037
5899,0.006549646166509928,HOG8-ML02-H1-GPS-GradientEstimation-Escape-Specialist-Refiner,Refiner,0.05991850449567609
5901,0.006541514225604474,HOG8-ML01-H1-GPS-GradientEstimation-Escape-Specialist-Refiner,Refiner,0.12415847663702462
5910,0.006536083212926591,HOG8-ML02-H1-GPS-GradientEstimation-Escape-Specialist-Refiner,Refiner,0.08302378456390772
5915,0.006530650591410387,HOG8-ML01-H1-GPS-GradientEstimation-Escape-Specialist-Refiner,Refiner,0.08311738604337587
5919,0.006524581510586237,HOG8-ML02-H1-GPS-GradientEstimation-Escape-Specialist-Refiner,Refiner,0.09293225443927466
5924,0.006516854535290806,HOG8-ML01-H1-GPS-GradientEstimation-Escape-Specialist-Refiner,Refiner,0.11842867290252483
5929,0.0065112438860216925,HOG8-ML02-H1-GPS-GradientEstimation-Escape-Specialist-Refiner,Refiner,0.08609443771884716
5932,0.006503657606559905,HOG8-ML01-H1-GPS-GradientEstimation-Escape-Specialist-Refiner,Refiner,0.11651044861141865
5939,0.006497883649106966,HOG8-ML02-H1-GPS-GradientEstimation-Escape-Specialist-Refiner,Refiner,0.08878015729356359
5947,0.006491632555553531,HOG8-ML01-H1-GPS-GradientEstimation-Escape-Specialist-Refiner,Refiner,0.09620199269487689
5950,0.0064879284609183525,HOG8-ML02-H1-GPS-GradientEstimation-Escape-Specialist-Refiner,Refiner,0.057059523986913815
5954,0.006480615726462349,HOG8-ML01-H1-GPS-GradientEstimation-Escape-Specialist-Refiner,Refiner,0.11271293295007287
5960,0.006473882898877211,HOG8-ML02-H1-GPS-GradientEstimation-Escape-Specialist-Refiner,Refiner,0.10389178851703824
5965,0.006466608810625097,HOG8-ML01-H1-GPS-GradientEstimation-Escape-Specialist-Refiner,Refiner,0.11236051633518648
5975,0.006461214923481614,HOG8-ML02-H1-GPS-GradientEstimation-Escape-Specialist-Refiner,Refiner,0.0834113721958951
5979,0.00645447385057432,HOG8-ML01-H1-GPS-GradientEstimation-Escape-Specialist-Refiner,Refiner,0.10433135234049318
5985,0.006449171960630545,HOG8-ML02-H1-GPS-GradientEstimation-Escape-Specialist-Refiner,Refiner,0.082142868133291
5988,0.006442775355053233,HOG8-ML01-H1-GPS-GradientEstimation-Escape-Specialist-Refiner,Refiner,0.0991849126734482
5995,0.0064378760199245814,HOG8-ML02-H1-GPS-GradientEstimation-Escape-Specialist-Refiner,Refiner,0.07604386089309738
6000,0.0064292573097691035,HOG8-ML01-H1-GPS-GradientEstimation-Escape-Specialist-Refiner,Refiner,0.13387505644414321
6005,0.006425318615279012,HOG8-ML02-H1-GPS-GradientEstimation-Escape-Specialist-Refiner,Refiner,0.06126204474825975
6009,0.0064184057289688404,HOG8-ML01-H1-GPS-GradientEstimation-Escape-Specialist-Refiner,Refiner,0.10758822595556712
6019,0.006408990881289543,HOG8-ML01-H1-GPS-GradientEstimation-Escape-Specialist-Refiner,Refiner,0.146685143894917
6029,0.006400113467491939,HOG8-ML01-H1-GPS-GradientEstimation-Escape-Specialist-Refiner,Refiner,0.13851500122305724
6050,0.006391748472986111,HOG8-ML02-H1-GPS-GradientEstimation-Escape-Specialist-Refiner,Refiner,0.13070072192182333
6050,0.006384218621337227,HOG8-ML01-H1-GPS-GradientEstimation-Escape-Specialist-Refiner,Refiner,0.11780581918559847
6059,0.006380325849496676,HOG8-ML02-H1-GPS-GradientEstimation-Escape-Specialist-Refiner,Refiner,0.060974914416941334
6060,0.006374011288278551,HOG8-ML01-H1-GPS-GradientEstimation-Escape-Specialist-Refiner,Refiner,0.09896925904847602
6071,0.0063719258721499075,HOG8-ML02-H1-GPS-GradientEstimation-Escape-Specialist-Polisher,Polisher,0.03271748408225163
6071,0.006365827198643419,HOG8-ML01-H1-GPS-GradientEstimation-Escape-Specialist-Refiner,Refiner,0.09571162045598475
6081,0.00636274857529706,HOG8-ML02-H1-GPS-GradientEstimation-Escape-Specialist-Polisher,Polisher,0.0483617171860254
6086,0.006356293971923786,HOG8-ML01-H1-GPS-GradientEstimation-Escape-Specialist-Refiner,Refiner,0.10144363394041901
6092,0.006352570436032902,HOG8-ML02-H1-GPS-GradientEstimation-Escape-Specialist-Refiner,Refiner,0.05858029706195931
6092,0.006347810753396901,HOG8-ML01-H1-GPS-GradientEstimation-Escape-Specialist-Refiner,Refiner,0.07492530281920103
6099,0.006345960621839401,HOG8-ML02-H1-GPS-GradientEstimation-Escape-Specialist-Polisher,Polisher,0.029145978501491487
6105,0.006341379581062761,HOG8-ML01-H1-GPS-GradientEstimation-Escape-Specialist-Refiner,Refiner,0.0721882950372307
6111,0.006337796883248225,HOG8-ML02-H1-GPS-GradientEstimation-Escape-Specialist-Refiner,Refiner,0.05649713550083893
6124,0.006334930595392158,HOG8-ML02-H1-GPS-GradientEstimation-Escape-Specialist-Polisher,Polisher,0.045225303190813124
6129,0.006332354339553495,HOG8-ML01-H1-GPS-GradientEstimation-Escape-Specialist-Polisher,Polisher,0.04066746746266342
6135,0.00632701745877942,HOG8-ML01-H2-GPS-GradientEstimation-Escape-Specialist-Refiner,Refiner,0.0842795663018977
6140,0.006326474149472349,HOG8-ML01-H1-GPS-GradientEstimation-Escape-Specialist-Polisher,Polisher,0.008587131466136948
6145,0.006321223856310913,HOG8-ML01-H2-GPS-GradientEstimation-Escape-Specialist-Refiner,Refiner,0.08298924546896376
6154,0.006315507273106039,HOG8-ML01-H2-GPS-GradientEstimation-Escape-Specialist-Refiner,Refiner,0.09043475337716846
6165,0.006308317866004295,HOG8-ML01-H2-GPS-GradientEstimation-Escape-Specialist-Refiner,Refiner,0.11383736556459229
6171,0.006306996614146333,HOG8-ML02-H1-GPS-GradientEstimation-Escape-Specialist-Polisher,Polisher,0.020944598639871043
6180,0.006299794054587417,HOG8-ML01-H2-GPS-GradientEstimation-Escape-Specialist-Refiner,Refiner,0.11419951522981754
6181,0.006298708747569912,HOG8-ML02-H1-GPS-GradientEstimation-Escape-Specialist-Polisher,Polisher,0.017227658683770658
6190,0.006293163749808645,HOG8-ML01-H2-GPS-GradientEstimation-Escape-Specialist-Refiner,Refiner,0.08803388096658211
6200,0.006284722311740379,HOG8-ML01-H2-GPS-GradientEstimation-Escape-Specialist-Refiner,Refiner,0.13413663467000825
6210,0.006278038641386865,HOG8-ML01-H2-GPS-GradientEstimation-Escape-Specialist-Refiner,Refiner,0.10634790245271278
6220,0.006270385804307431,HOG8-ML01-H2-GPS-GradientEstimation-Escape-Specialist-Refiner,Refiner,0.12189853418524565
6230,0.0062637768251125065,HOG8-ML01-H2-GPS-GradientEstimation-Escape-Specialist-Refiner,Refiner,0.1053998813021159
6239,0.006258872419382117,HOG8-ML01-H2-GPS-GradientEstimation-Escape-Specialist-Refiner,Refiner,0.07829790024968393
6251,0.006250104892824229,HOG8-ML01-H2-GPS-GradientEstimation-Escape-Specialist-Refiner,Refiner,0.14008156694067556
6264,0.006243082689645534,HOG8-ML01-H2-GPS-GradientEstimation-Escape-Specialist-Refiner,Refiner,0.11235336524923287
6275,0.006236648544209775,HOG8-ML01-H2-GPS-GradientEstimation-Escape-Specialist-Refiner,Refiner,0.10306039108579935
6285,0.006229959347998283,HOG8-ML01-H2-GPS-GradientEstimation-Escape-Specialist-Refiner,Refiner,0.10725626374605592
6295,0.00622324955675008,HOG8-ML01-H2-GPS-GradientEstimation-Escape-Specialist-Refiner,Refiner,0.10770200692174406
6305,0.006216335168345118,HOG8-ML01-H2-GPS-GradientEstimation-Escape-Specialist-Refiner,Refiner,0.11110575499037054
6319,0.006210191801376198,HOG8-ML01-H2-GPS-GradientEstimation-Escape-Specialist-Refiner,Refiner,0.09882618621021426
6332,0.006202430229750742,HOG8-ML01-H2-GPS-GradientEstimation-Escape-Specialist-Refiner,Refiner,0.12498119017413292
6342,0.006199138169165175,HOG8-ML01-H1-GPS-GradientEstimation-Escape-Specialist-Refiner,Refiner,0.053076946674488736
6344,0.006196343952658493,HOG8-ML01-H2-GPS-GradientEstimation-Escape-Specialist-Polisher,Polisher,0.045074273720506625
6354,0.006190383975966381,HOG8-ML01-H2-GPS-GradientEstimation-Escape-Specialist-Refiner,Refiner,0.09618537540277246
6366,0.006184383434479076,HOG8-ML01-H2-GPS-GradientEstimation-Escape-Specialist-Refiner,Refiner,0.09693326796208468
6376,0.006179284085702808,HOG8-ML01-H2-GPS-GradientEstimation-Escape-Specialist-Refiner,Refiner,0.08245524926281582
6385,0.0061765932155186925,HOG8-ML01-H1-GPS-GradientEstimation-Escape-Specialist-Polisher,Polisher,0.0435466333444892
6390,0.0061743757057563025,HOG8-ML01-H2-GPS-GradientEstimation-Escape-Specialist-Polisher,Polisher,0.03590182621737922
6400,0.006168805876604944,HOG8-ML01-H2-GPS-GradientEstimation-Escape-Specialist-Refiner,Refiner,0.09020878250355793
6411,0.006164136761858615,HOG8-ML01-H2-GPS-GradientEstimation-Escape-Specialist-Refiner,Refiner,0.075689117792421
6420,0.006159657738772729,HOG8-ML01-H2-GPS-GradientEstimation-Escape-Specialist-Refiner,Refiner,0.07266261698799585
6430,0.006154462134239792,HOG8-ML01-H2-GPS-GradientEstimation-Escape-Specialist-Refiner,Refiner,0.08434891601578326
6441,0.006149935404711749,HOG8-ML01-H2-GPS-GradientEstimation-Escape-Specialist-Refiner,Refiner,0.07355199251059352
6450,0.006146126263064894,HOG8-ML01-H2-GPS-GradientEstimation-Escape-Specialist-Refiner,Refiner,0.061937913102907194
6465,0.006143624533227567,HOG8-ML01-H1-GPS-GradientEstimation-Escape-Specialist-Polisher,Polisher,0.040704172518570385
6474,0.006139518280955372,HOG8-ML01-H1-GPS-GradientEstimation-Escape-Specialist-Refiner,Refiner,0.06683761759831168
6484,0.006137137679839924,HOG8-ML01-H1-GPS-GradientEstimation-Escape-Specialist-Polisher,Polisher,0.03877504726767445
6494,0.006136697359598212,HOG8-ML01-H2-GPS-GradientEstimation-Escape-Specialist-Polisher,Polisher,0.0071746841065344165
6499,0.006135257663939133,HOG8-ML01-H1-GPS-GradientEstimation-Escape-Specialist-Polisher,Polisher,0.023460431152398598
6504,0.006133396141920712,HOG8-ML01-H2-GPS-GradientEstimation-Escape-Specialist-Polisher,Polisher,0.03034138287886011
6516,0.006127888286965205,HOG8-ML01-H2-GPS-GradientEstimation-Escape-Specialist-Refiner,Refiner,0.08980106335969834
6527,0.0061241647394180525,HOG8-ML01-H2-GPS-GradientEstimation-Escape-Specialist-Refiner,Refiner,0.06076395934098193
6546,0.006121567731547047,HOG8-ML02-H1-GPS-GradientEstimation-Escape-Specialist-Polisher,Polisher,0.04240591136109541
6546,0.006117916218280914,HOG8-ML01-H2-GPS-GradientEstimation-Escape-Specialist-Refiner,Refiner,0.05964996919523188
6555,0.006113326820167028,HOG8-ML01-H2-GPS-GradientEstimation-Escape-Specialist-Refiner,Refiner,0.07501570714834363
6565,0.006109098813978282,HOG8-ML01-H2-GPS-GradientEstimation-Escape-Specialist-Refiner,Refiner,0.06916048026089985
6580,0.006108476362038836,HOG8-ML02-H1-GPS-GradientEstimation-Escape-Specialist-Polisher,Polisher,0.010188932253334986
6580,0.0061042835607342276,HOG8-ML01-H2-GPS-GradientEstimation-Escape-Specialist-Refiner,Refiner,0.06863906899378179
6591,0.006099957574568025,HOG8-ML01-H2-GPS-GradientEstimation-Escape-Specialist-Refiner,Refiner,0.07086804083004494
6604,0.006099569089691814,HOG8-ML02-H1-GPS-GradientEstimation-Escape-Specialist-Polisher,Polisher,0.006368648821928002
6604,0.006095228534720447,HOG8-ML01-H2-GPS-GradientEstimation-Escape-Specialist-Refiner,Refiner,0.07116166580852946
6614,0.006092003145783183,HOG8-ML01-H2-GPS-GradientEstimation-Escape-Specialist-Refiner,Refiner,0.05291662025289752
6625,0.0060911264179030825,HOG8-ML02-H1-GPS-GradientEstimation-Escape-Specialist-Polisher,Polisher,0.014391454815763734
6625,0.006087885801524938,HOG8-ML01-H2-GPS-GradientEstimation-Escape-Specialist-Refiner,Refiner,0.053202251206274455
6637,0.006084174301477063,HOG8-ML01-H2-GPS-GradientEstimation-Escape-Specialist-Refiner,Refiner,0.06096533622468647
6651,0.006083465168628668,HOG8-ML02-H1-GPS-GradientEstimation-Escape-Specialist-Polisher,Polisher,0.011655367076237459
6651,0.006080360618025605,HOG8-ML01-H2-GPS-GradientEstimation-Escape-Specialist-Refiner,Refiner,0.05103260258763462
6660,0.00607972137064076,HOG8-ML02-H1-GPS-GradientEstimation-Escape-Specialist-Polisher,Polisher,0.010513313683229364
6660,0.006076585065490493,HOG8-ML01-H2-GPS-GradientEstimation-Escape-Specialist-Refiner,Refiner,0.05158633034422146
6669,0.0060731147240870986,HOG8-ML01-H2-GPS-GradientEstimation-Escape-Specialist-Refiner,Refiner,0.057110060436788415
6680,0.006069539943722663,HOG8-ML01-H2-GPS-GradientEstimation-Escape-Specialist-Refiner,Refiner,0.058862388195257825
6694,0.00606605926176763,HOG8-ML01-H2-GPS-GradientEstimation-Escape-Specialist-Refiner,Refiner,0.05734671799356455
6705,0.0060626926441380725,HOG8-ML01-H2-GPS-GradientEstimation-Escape-Specialist-Refiner,Refiner,0.055499253869408426
6715,0.006059473351617597,HOG8-ML01-H2-GPS-GradientEstimation-Escape-Specialist-Refiner,Refiner,0.05310004497074461
6724,0.006056349898496488,HOG8-ML01-H2-GPS-GradientEstimation-Escape-Specialist-Refiner,Refiner,0.05154661040427276
6735,0.006052987793161666,HOG8-ML01-H2-GPS-GradientEstimation-Escape-Specialist-Refiner,Refiner,0.05551372346662017
6751,0.006049846679975827,HOG8-ML01-H2-GPS-GradientEstimation-Escape-Specialist-Refiner,Refiner,0.051893598552895465
6761,0.006047446762776845,HOG8-ML01-H2-GPS-GradientEstimation-Escape-Specialist-Polisher,Polisher,0.039669058175064956
6771,0.0060443793768697775,HOG8-ML01-H2-GPS-GradientEstimation-Escape-Specialist-Refiner,Refiner,0.050721999339419434
6780,0.006041433023322607,HOG8-ML01-H2-GPS-GradientEstimation-Escape-Specialist-Polisher,Polisher,0.04874534445082888
6793,0.006038575901652049,HOG8-ML01-H2-GPS-GradientEstimation-Escape-Specialist-Polisher,Polisher,0.04729211860048152
6804,0.006035785416492027,HOG8-ML01-H2-GPS-GradientEstimation-Escape-Specialist-Polisher,Polisher,0.04621098095759436
6812,0.006033581996456894,HOG8-ML01-H2-GPS-GradientEstimation-Escape-Specialist-Polisher,Polisher,0.036505937224210715
6824,0.006032087655414415,HOG8-ML01-H2-GPS-GradientEstimation-Escape-Specialist-Polisher,Polisher,0.024767062805425108
6839,0.006030755519158949,HOG8-ML01-H2-GPS-GradientEstimation-Escape-Specialist-Polisher,Polisher,0.022084166072588573
6850,0.006028679988152148,HOG8-ML01-H1-GPS-GradientEstimation-Escape-Specialist-Polisher,Polisher,0.03441577096281138
6862,0.006026487361409196,HOG8-ML01-H1-GPS-GradientEstimation-Escape-Specialist-Polisher,Polisher,0.0363699308515554
6869,0.006023911800029903,HOG8-ML01-H1-GPS-GradientEstimation-Escape-Specialist-Polisher,Polisher,0.042737356354300524
6880,0.006021325573137365,HOG8-ML01-H1-GPS-GradientEstimation-Escape-Specialist-Polisher,Polisher,0.04293268192481682
6890,0.0060189295150922945,HOG8-ML01-H1-GPS-GradientEstimation-Escape-Specialist-Polisher,Polisher,0.039792866470464476
6901,0.006016065079944204,HOG8-ML01-H1-GPS-GradientEstimation-Escape-Specialist-Polisher,Polisher,0.047590441803776
6911,0.00601422508229459,HOG8-ML01-H1-GPS-GradientEstimation-Escape-Specialist-Polisher,Polisher,0.030584736454197976
6925,0.006012297176963697,HOG8-ML01-H1-GPS-GradientEstimation-Escape-Specialist-Polisher,Polisher,0.03205575621984696
6935,0.0060097019033579875,HOG8-ML01-H1-GPS-GradientEstimation-Escape-Specialist-Polisher,Polisher,0.04316608992072684
6945,0.006007756289239812,HOG8-ML01-H1-GPS-GradientEstimation-Escape-Specialist-Polisher,Polisher,0.03237455283910463
6954,0.006005659358516086,HOG8-ML01-H1-GPS-GradientEstimation-Escape-Specialist-Polisher,Polisher,0.03490372483121754
6965,0.0060038886007626885,HOG8-ML01-H1-GPS-GradientEstimation-Escape-Specialist-Polisher,Polisher,0.029484818363637286
6980,0.006002186397672834,HOG8-ML01-H1-GPS-GradientEstimation-Escape-Specialist-Polisher,Polisher,0.02835167677224814
6990,0.006000171057356694,HOG8-ML01-H1-GPS-GradientEstimation-Escape-Specialist-Polisher,Polisher,0.033576769907069454
7000,0.005998160974939513,HOG8-ML01-H1-GPS-GradientEstimation-Escape-Specialist-Polisher,Polisher,0.033500418537522676
7010,0.0059960587437881754,HOG8-ML01-H1-GPS-GradientEstimation-Escape-Specialist-Polisher,Polisher,0.03504792819199621
7021,0.005994502819634559,HOG8-ML01-H1-GPS-GradientEstimation-Escape-Specialist-Polisher,Polisher,0.02594911457845038
7030,0.005993286588426768,HOG8-ML01-H1-GPS-GradientEstimation-Escape-Specialist-Polisher,Polisher,0.020289108945067927
7055,0.005990243522631215,HOG8-ML01-H1-GPS-GradientEstimation-Escape-Specialist-Refiner,Refiner,0.050774575029145806
7065,0.005988833213546731,HOG8-ML01-H1-GPS-GradientEstimation-Escape-Specialist-Polisher,Polisher,0.023543434906374613
7076,0.005987339218077698,HOG8-ML01-H1-GPS-GradientEstimation-Escape-Specialist-Polisher,Polisher,0.024946352916527352
7086,0.005985528464730471,HOG8-ML01-H1-GPS-GradientEstimation-Escape-Specialist-Polisher,Polisher,0.030243039207798614
7100,0.005983837255905138,HOG8-ML01-H1-GPS-GradientEstimation-Escape-Specialist-Polisher,Polisher,0.02825496253669382
7111,0.005982635694238807,HOG8-ML01-H1-GPS-GradientEstimation-Escape-Specialist-Polisher,Polisher,0.020080119410751475
7120,0.005981341645205785,HOG8-ML01-H1-GPS-GradientEstimation-Escape-Specialist-Polisher,Polisher,0.021630082444571364
7130,0.005979306810380441,HOG8-ML01-H1-GPS-GradientEstimation-Escape-Specialist-Polisher,Polisher,0.03401970571226214
7140,0.005978168438749055,HOG8-ML01-H1-GPS-GradientEstimation-Escape-Specialist-Polisher,Polisher,0.019038521813422568
7151,0.005977049597785916,HOG8-ML01-H1-GPS-GradientEstimation-Escape-Specialist-Polisher,Polisher,0.01871544729129661
7165,0.005975768630931038,HOG8-ML01-H1-GPS-GradientEstimation-Escape-Specialist-Polisher,Polisher,0.02143142421560282
7180,0.005974575601377869,HOG8-ML01-H1-GPS-GradientEstimation-Escape-Specialist-Polisher,Polisher,0.019964453559894447
7195,0.005973472032811172,HOG8-ML01-H1-GPS-GradientEstimation-Escape-Specialist-Polisher,Polisher,0.018471078789971004
7204,0.005972315799979075,HOG8-ML01-H1-GPS-GradientEstimation-Escape-Specialist-Polisher,Polisher,0.01935612698520949
7217,0.005970917009983515,HOG8-ML01-H1-GPS-GradientEstimation-Escape-Specialist-Polisher,Polisher,0.02342123294225108
7230,0.005969399646989148,HOG8-ML01-H1-GPS-GradientEstimation-Escape-Specialist-Polisher,Polisher,0.025412562121188878
7239,0.0059678718898096275,HOG8-ML01-H1-GPS-GradientEstimation-Escape-Specialist-Polisher,Polisher,0.02559314621012756
7250,0.005966340922460206,HOG8-ML01-H1-GPS-GradientEstimation-Escape-Specialist-Polisher,Polisher,0.0256534888430781
7261,0.005965029712115058,HOG8-ML01-H1-GPS-GradientEstimation-Escape-Specialist-Polisher,Polisher,0.02197679217779669
7272,0.005963950974582847,HOG8-ML01-H1-GPS-GradientEstimation-Escape-Specialist-Polisher,Polisher,0.018084361424393756
7286,0.005962412090485928,HOG8-ML01-H1-GPS-GradientEstimation-Escape-Specialist-Polisher,Polisher,0.025803097702799097
7295,0.00596117051955567,HOG8-ML01-H1-GPS-GradientEstimation-Escape-Specialist-Polisher,Polisher,0.020823299554202084
7305,0.005959858104120986,HOG8-ML01-H1-GPS-GradientEstimation-Escape-Specialist-Polisher,Polisher,0.022016069333673654
7316,0.005958801274626753,HOG8-ML01-H1-GPS-GradientEstimation-Escape-Specialist-Polisher,Polisher,0.01773246066885795
7330,0.005957646659047446,HOG8-ML01-H1-GPS-GradientEstimation-Escape-Specialist-Polisher,Polisher,0.019376641812563343
7340,0.0059567066109460585,HOG8-ML01-H1-GPS-GradientEstimation-Escape-Specialist-Polisher,Polisher,0.015778849522073663
7352,0.0059553901567114525,HOG8-ML01-H1-GPS-GradientEstimation-Escape-Specialist-Polisher,Polisher,0.02210037056696525
7365,0.005954325305452837,HOG8-ML01-H1-GPS-GradientEstimation-Escape-Specialist-Polisher,Polisher,0.01788046174296486
7375,0.005953337168342305,HOG8-ML01-H1-GPS-GradientEstimation-Escape-Specialist-Polisher,Polisher,0.016595282586048716
7390,0.005952113240585802,HOG8-ML01-H1-GPS-GradientEstimation-Escape-Specialist-Polisher,Polisher,0.020558683674275213
7395,0.005950960440801838,HOG8-ML01-H1-GPS-GradientEstimation-Escape-Specialist-Polisher,Polisher,0.019367907453508332
7409,0.0059499226884650504,HOG8-ML01-H1-GPS-GradientEstimation-Escape-Specialist-Polisher,Polisher,0.0174384008616834
7420,0.005948827256322486,HOG8-ML01-H1-GPS-GradientEstimation-Escape-Specialist-Polisher,Polisher,0.018410863466983198
7435,0.005947714764565348,HOG8-ML01-H1-GPS-GradientEstimation-Escape-Specialist-Polisher,Polisher,0.018701026424248687
7444,0.005946814087867779,HOG8-ML01-H1-GPS-GradientEstimation-Escape-Specialist-Polisher,Polisher,0.0151432396007845
7455,0.00594594460078211,HOG8-ML01-H1-GPS-GradientEstimation-Escape-Specialist-Polisher,Polisher,0.01462105713785633
7469,0.005945204332891964,HOG8-ML01-H1-GPS-GradientEstimation-Escape-Specialist-Polisher,Polisher,0.012449962787214667
7479,0.005944211033318504,HOG8-ML01-H1-GPS-GradientEstimation-Escape-Specialist-Polisher,Polisher,0.016707576692775495
7489,0.005943486211089168,HOG8-ML01-H1-GPS-GradientEstimation-Escape-Specialist-Polisher,Polisher,0.012193749940450426
7505,0.005942581513148637,HOG8-ML01-H1-GPS-GradientEstimation-Escape-Specialist-Polisher,Polisher,0.015221671396213377
7514,0.0059416533419419815,HOG8-ML01-H1-GPS-GradientEstimation-Escape-Specialist-Polisher,Polisher,0.015618989905343418
7524,0.0059408860186774045,HOG8-ML01-H1-GPS-GradientEstimation-Escape-Specialist-Polisher,Polisher,0.012914305504168772
7537,0.00594016207069072,HOG8-ML01-H1-GPS-GradientEstimation-Escape-Specialist-Polisher,Polisher,0.012185858883812253
7551,0.005939043764453708,HOG8-ML01-H1-GPS-GradientEstimation-Escape-Specialist-Polisher,Polisher,0.018826190661189825
7565,0.00593842284374734,HOG8-ML01-H1-GPS-GradientEstimation-Escape-Specialist-Polisher,Polisher,0.010454893598947674
7575,0.005937677327126455,HOG8-ML01-H1-GPS-GradientEstimation-Escape-Specialist-Polisher,Polisher,0.012554118164048207
7589,0.005936872422394036,HOG8-ML01-H1-GPS-GradientEstimation-Escape-Specialist-Polisher,Polisher,0.013555885375280364
7604,0.00593641330188645,HOG8-ML01-H1-GPS-GradientEstimation-Escape-Specialist-Polisher,Polisher,0.007733373313771461
7620,0.005936081123897671,HOG8-ML01-H1-GPS-GradientEstimation-Escape-Specialist-Polisher,Polisher,0.005595600775861221
7629,0.005935815896318695,HOG8-ML01-H1-GPS-GradientEstimation-Escape-Specialist-Polisher,Polisher,0.004468058529524282
7641,0.005935162171982808,HOG8-ML01-H1-GPS-GradientEstimation-Escape-Specialist-Polisher,Polisher,0.011013217850851336
7650,0.005934734740615565,HOG8-ML01-H1-GPS-GradientEstimation-Escape-Specialist-Polisher,Polisher,0.00720167966531297
7664,0.0059340982832113,HOG8-ML01-H1-GPS-GradientEstimation-Escape-Specialist-Polisher,Polisher,0.010724277193198737
7675,0.0059334390598540275,HOG8-ML01-H1-GPS-GradientEstimation-Escape-Specialist-Polisher,Polisher,0.011109073793703865
7690,0.005932642842872689,HOG8-ML01-H1-GPS-GradientEstimation-Escape-Specialist-Polisher,Polisher,0.013419148209096522
7700,0.00593206221668631,HOG8-ML01-H1-GPS-GradientEstimation-Escape-Specialist-Polisher,Polisher,0.009786973558963376
7709,0.00593145909474926,HOG8-ML01-H1-GPS-GradientEstimation-Escape-Specialist-Polisher,Polisher,0.01016715460861833
7719,0.00593097731160102,HOG8-ML01-H1-GPS-GradientEstimation-Escape-Specialist-Polisher,Polisher,0.008122506461629627
7730,0.0059304230347705655,HOG8-ML01-H1-GPS-GradientEstimation-Escape-Specialist-Polisher,Polisher,0.009345455248497706
7740,0.0059298669165144076,HOG8-ML01-H1-GPS-GradientEstimation-Escape-Specialist-Polisher,Polisher,0.009377379200394597
7755,0.005929294721114067,HOG8-ML01-H1-GPS-GradientEstimation-Escape-Specialist-Polisher,Polisher,0.009649380136124708
7764,0.005928661401556404,HOG8-ML01-H1-GPS-GradientEstimation-Escape-Specialist-Polisher,Polisher,0.01068119544484719
7779,0.005928069554354257,HOG8-ML01-H1-GPS-GradientEstimation-Escape-Specialist-Polisher,Polisher,0.009982813354647718
7785,0.005927554440033253,HOG8-ML01-H1-GPS-GradientEstimation-Escape-Specialist-Polisher,Polisher,0.008689410882942557
7795,0.005927051272078817,HOG8-ML01-H1-GPS-GradientEstimation-Escape-Specialist-Polisher,Polisher,0.008488626456763758
7809,0.005926504471490872,HOG8-ML01-H1-GPS-GradientEstimation-Escape-Specialist-Polisher,Polisher,0.009225507977642673
7821,0.005926020303079663,HOG8-ML01-H1-GPS-GradientEstimation-Escape-Specialist-Polisher,Polisher,0.008169544350110105
7829,0.005925874615130625,HOG8-ML01-H1-GPS-GradientEstimation-Escape-Specialist-Polisher,Polisher,0.002458444986466018
7849,0.005925657331028787,HOG8-ML01-H1-GPS-GradientEstimation-Escape-Specialist-Polisher,Polisher,0.003666700967364705
7859,0.0059254189538869885,HOG8-ML01-H1-GPS-GradientEstimation-Escape-Specialist-Polisher,Polisher,0.004022796602667118
7869,0.0059249500977909385,HOG8-ML01-H1-GPS-GradientEstimation-Escape-Specialist-Polisher,Polisher,0.007912623557907016
7880,0.005924459304090618,HOG8-ML01-H1-GPS-GradientEstimation-Escape-Specialist-Polisher,Polisher,0.00828350774639308
7895,0.005924008885231502,HOG8-ML01-H1-GPS-GradientEstimation-Escape-Specialist-Polisher,Polisher,0.007602699858276123
7905,0.0059235796859599295,HOG8-ML01-H1-GPS-GradientEstimation-Escape-Specialist-Polisher,Polisher,0.007245081496128371
7914,0.0059231526638755805,HOG8-ML01-H1-GPS-GradientEstimation-Escape-Specialist-Polisher,Polisher,0.0072088518596470814
7924,0.005922777240746846,HOG8-ML01-H1-GPS-GradientEstimation-Escape-Specialist-Polisher,Polisher,0.006338231513503471
7934,0.005922366246605701,HOG8-ML01-H1-GPS-GradientEstimation-Escape-Specialist-Polisher,Polisher,0.006939213217695621
7945,0.005921951208772843,HOG8-ML01-H1-GPS-GradientEstimation-Escape-Specialist-Polisher,Polisher,0.007007973090086803
7959,0.005921582829081168,HOG8-ML01-H1-GPS-GradientEstimation-Escape-Specialist-Polisher,Polisher,0.006220579648288955
7970,0.005921133869568303,HOG8-ML01-H1-GPS-GradientEstimation-Escape-Specialist-Polisher,Polisher,0.007581748424766589
7980,0.005920661208380444,HOG8-ML01-H1-GPS-GradientEstimation-Escape-Specialist-Polisher,Polisher,0.00798261276085213
7990,0.00592036962369499,HOG8-ML01-H1-GPS-GradientEstimation-Escape-Specialist-Polisher,Polisher,0.004924866922655977
8000,0.005920011293059201,HOG8-ML01-H1-GPS-GradientEstimation-Escape-Specialist-Polisher,Polisher,0.006052504464490779
8015,0.005919697003844659,HOG8-ML01-H1-GPS-GradientEstimation-Escape-Specialist-Polisher,Polisher,0.0053089293074650825
8024,0.005919300571035546,HOG8-ML01-H1-GPS-GradientEstimation-Escape-Specialist-Polisher,Polisher,0.006696842910295252
8035,0.005919012750331097,HOG8-ML01-H1-GPS-GradientEstimation-Escape-Specialist-Polisher,Polisher,0.004862410701985174
8055,0.005918531962149046,HOG8-ML01-H1-GPS-GradientEstimation-Escape-Specialist-Polisher,Polisher,0.008122776590143356
8070,0.005918218793391313,HOG8-ML01-H1-GPS-GradientEstimation-Escape-Specialist-Polisher,Polisher,0.005291324938945686
8080,0.0059179620542235516,HOG8-ML01-H1-GPS-GradientEstimation-Escape-Specialist-Polisher,Polisher,0.004338115516244638
8089,0.005917856429215123,HOG8-ML01-H1-GPS-GradientEstimation-Escape-Specialist-Polisher,Polisher,0.0017848206436800887
8109,0.005917667780904563,HOG8-ML01-H1-GPS-GradientEstimation-Escape-Specialist-Polisher,Polisher,0.0031877811301463926
8119,0.005917562127601751,HOG8-ML01-H1-GPS-GradientEstimation-Escape-Specialist-Polisher,Polisher,0.0017853875331290663
8130,0.005917391023531284,HOG8-ML01-H1-GPS-GradientEstimation-Escape-Specialist-Polisher,Polisher,0.0028914621727207344
8140,0.005917034182151847,HOG8-ML01-H1-GPS-GradientEstimation-Escape-Specialist-Polisher,Polisher,0.006030383627134818
8150,0.005916758031931044,HOG8-ML01-H1-GPS-GradientEstimation-Escape-Specialist-Polisher,Polisher,0.004667037781127469
8164,0.005916469503748797,HOG8-ML01-H1-GPS-GradientEstimation-Escape-Specialist-Polisher,Polisher,0.004876457355365309
8177,0.005916247864629463,HOG8-ML01-H1-GPS-GradientEstimation-Escape-Specialist-Polisher,Polisher,0.0037461381182360837
8185,0.005915968277517603,HOG8-ML01-H1-GPS-GradientEstimation-Escape-Specialist-Polisher,Polisher,0.004725750479983284
8194,0.005915714163991816,HOG8-ML01-H1-GPS-GradientEstimation-Escape-Specialist-Polisher,Polisher,0.004295383508956823
8210,0.005915461338869026,HOG8-ML01-H1-GPS-GradientEstimation-Escape-Specialist-Polisher,Polisher,0.004273788688583312
8220,0.005915203336259226,HOG8-ML01-H1-GPS-GradientEstimation-Escape-Specialist-Polisher,Polisher,0.004361496002089207
8230,0.005914946739189837,HOG8-ML01-H1-GPS-GradientEstimation-Escape-Specialist-Polisher,Polisher,0.004337924747512657
8240,0.005914748201966425,HOG8-ML01-H1-GPS-GradientEstimation-Escape-Specialist-Polisher,Polisher,0.0033565344231425496
8240,0.0058940814340515705,HOG8-ML04-H1-GPS-Sniper-Specialist-Refiner,Refiner,0.3494107814764453
8250,0.0058847160734690675,HOG8-ML04-H1-GPS-Sniper-Specialist-Refiner,Refiner,0.15889431945064375
8259,0.005872048356124917,HOG8-ML04-H1-GPS-Sniper-Specialist-Refiner,Refiner,0.2152647160202346
8274,0.005864924120030462,HOG8-ML04-H1-GPS-Sniper-Specialist-Refiner,Refiner,0.12132454745581983
8292,0.005862267663543596,HOG8-ML04-H1-GPS-Sniper-Specialist-Polisher,Polisher,0.045293961737599725
8304,0.005860484332515015,HOG8-ML04-H1-GPS-Sniper-Specialist-Polisher,Polisher,0.030420498191706516
8321,0.0058316312014777905,HOG8-ML04-H1-GPS-Sniper-Specialist-Refiner,Refiner,0.49233355811808655
8331,0.005822134108467929,HOG8-ML04-H1-GPS-Sniper-Specialist-Refiner,Refiner,0.16285482880767763
8341,0.005814096927734287,HOG8-ML04-H1-GPS-Sniper-Specialist-Refiner,Refiner,0.13804526972252015
8354,0.005804395047764092,HOG8-ML04-H1-GPS-Sniper-Specialist-Refiner,Refiner,0.1668682185863799
8375,0.005804395047746502,HOG8-ML04-H1-GPS-Sniper-Specialist-Polisher,Polisher,3.0304787840346425E-10
8394,0.005794605478676645,HOG8-ML04-H1-GPS-Sniper-Specialist-Refiner,Refiner,0.16865787027465579
8429,0.005761508288692369,HOG8-ML04-H1-GPS-Sniper-Specialist-Exploiter,Exploiter,0.5711724483412891
8442,0.005753402461393197,HOG8-ML04-H1-GPS-Sniper-Specialist-Refiner,Refiner,0.14068932808931436
8454,0.005736555301420305,HOG8-ML04-H1-GPS-Sniper-Specialist-Refiner,Refiner,0.29282081491675316
8466,0.0057304713655567845,HOG8-ML04-H1-GPS-Sniper-Specialist-Refiner,Refiner,0.10605556024212866
8479,0.005692908419445572,HOG8-ML04-H1-GPS-Sniper-Specialist-Exploiter,Exploiter,0.6554948749414575
8529,0.005677790646294042,HOG8-ML04-H1-GPS-Sniper-Specialist-Refiner,Refiner,0.2655544765113636
8539,0.00567656532767315,HOG8-ML04-H1-GPS-Sniper-Specialist-Polisher,Polisher,0.02158090527152729
8570,0.00567656532749101,HOG8-ML04-H1-GPS-Sniper-Specialist-Polisher,Polisher,3.2086285091703293E-09
8585,0.005649154056447333,HOG8-ML04-H1-GPS-Sniper-Specialist-Refiner,Refiner,0.48288479850530275
8605,0.005640469918520134,HOG8-ML04-H1-GPS-Sniper-Specialist-Refiner,Refiner,0.15372457257185548
8615,0.005638389107876602,HOG8-ML04-H1-GPS-Sniper-Specialist-Polisher,Polisher,0.03689073204165216
8625,0.005629209050213852,HOG8-ML04-H1-GPS-Sniper-Specialist-Refiner,Refiner,0.1628134824878687
8635,0.005628957345161248,HOG8-ML04-H1-GPS-Sniper-Specialist-Polisher,Polisher,0.004471410643279181
8652,0.005623543814293471,HOG8-ML04-H1-GPS-Sniper-Specialist-Refiner,Refiner,0.0961728884378651
8659,0.0056235321758536,HOG8-ML04-H1-GPS-Sniper-Specialist-Polisher,Polisher,0.00020695917478196665
8665,0.005619486254681483,HOG8-ML04-H1-GPS-Sniper-Specialist-Refiner,Refiner,0.07194626163052313
8675,0.005616270851545376,HOG8-ML04-H1-GPS-Sniper-Specialist-Refiner,Refiner,0.05721880952067926
8685,0.0055945325108002495,HOG8-ML04-H1-GPS-Sniper-Specialist-Refiner,Refiner,0.38706004962608487
8702,0.005583019884307875,HOG8-ML04-H1-GPS-Sniper-Specialist-Refiner,Refiner,0.2057835300831538
8715,0.005549921795456724,HOG8-ML04-H1-GPS-Sniper-Specialist-Exploiter,Exploiter,0.5928348731871669
8730,0.005547247029069657,HOG8-ML04-H1-GPS-Sniper-Specialist-Polisher,Polisher,0.048194668062827926
8751,0.005528397734706745,HOG8-ML04-H1-GPS-Sniper-Specialist-Refiner,Refiner,0.33979547447832664
8760,0.005522947721889703,HOG8-ML04-H1-GPS-Sniper-Specialist-Refiner,Refiner,0.09858214040620919
8770,0.0055114054871644265,HOG8-ML04-H1-GPS-Sniper-Specialist-Refiner,Refiner,0.20898685460175084
8783,0.0055070625539897925,HOG8-ML04-H1-GPS-Sniper-Specialist-Refiner,Refiner,0.07879901387673773
8811,0.005499062291856427,HOG8-ML04-H1-GPS-Sniper-Specialist-Refiner,Refiner,0.1452727666506979
8822,0.005477505836481126,HOG8-ML04-H1-GPS-Sniper-Specialist-Refiner,Refiner,0.3920023857017163
8835,0.005477422937663104,HOG8-ML04-H1-GPS-Sniper-Specialist-Polisher,Polisher,0.0015134409801963757
8845,0.0054759071968124295,HOG8-ML04-H1-GPS-Sniper-Specialist-Polisher,Polisher,0.02767251804224255
8875,0.00547361310071003,HOG8-ML04-H1-GPS-Sniper-Specialist-Polisher,Polisher,0.04189435686081012
8884,0.005465917827281213,HOG8-ML04-H1-GPS-Sniper-Specialist-Refiner,Refiner,0.1405885525197052
8902,0.005443023354048606,HOG8-ML04-H1-GPS-Sniper-Specialist-Refiner,Refiner,0.41885871606662056
8930,0.005434406633819781,HOG8-ML04-H1-GPS-Sniper-Specialist-Refiner,Refiner,0.15830761083206568
8940,0.005433950223586169,HOG8-ML04-H1-GPS-Sniper-Specialist-Polisher,Polisher,0.008398529303488523
8950,0.005428868702957197,HOG8-ML04-H1-GPS-Sniper-Specialist-Refiner,Refiner,0.09351430211700222
8960,0.005428868702937011,HOG8-ML04-H1-GPS-Sniper-Specialist-Polisher,Polisher,3.7182902797425176E-10
8970,0.005424702732588082,HOG8-ML04-H1-GPS-Sniper-Specialist-Refiner,Refiner,0.07673735683964099
8980,0.005416973508983769,HOG8-ML04-H1-GPS-Sniper-Specialist-Refiner,Refiner,0.1424819752404397
8991,0.005344525744417685,HOG8-ML04-H1-GPS-Sniper-Specialist-Exploiter,Exploiter,1.3374214299909903
9040,0.005341305950719648,HOG8-ML04-H1-GPS-Sniper-Specialist-Refiner,Refiner,0.060244703683945175
9059,0.005340149187451858,HOG8-ML04-H1-GPS-Sniper-Specialist-Polisher,Polisher,0.021656937057400433
9079,0.0053401430474458965,HOG8-ML04-H1-GPS-Sniper-Specialist-Polisher,Polisher,0.00011497817281129054
9090,0.005323479356090063,HOG8-ML04-H1-GPS-Sniper-Specialist-Refiner,Refiner,0.31204578618551726
9109,0.00532256806155447,HOG8-ML04-H1-GPS-Sniper-Specialist-Polisher,Polisher,0.017118400854707613
9121,0.0053219845190980745,HOG8-ML04-H1-GPS-Sniper-Specialist-Polisher,Polisher,0.010963550858279917
9130,0.005321564936790989,HOG8-ML04-H1-GPS-Sniper-Specialist-Polisher,Polisher,0.00788394452444287
9140,0.0053213447101686144,HOG8-ML04-H1-GPS-Sniper-Specialist-Polisher,Polisher,0.004138380814492913
9149,0.005309542135173717,HOG8-ML04-H1-GPS-Sniper-Specialist-Refiner,Refiner,0.22179685094152066
9162,0.005298541815785712,HOG8-ML04-H1-GPS-Sniper-Specialist-Refiner,Refiner,0.2071801881961229
9180,0.005289540814473545,HOG8-ML04-H1-GPS-Sniper-Specialist-Refiner,Refiner,0.16987695152939822
9195,0.005288981030217457,HOG8-ML04-H1-GPS-Sniper-Specialist-Polisher,Polisher,0.010582851625912621
9214,0.005280385358638741,HOG8-ML04-H1-GPS-Sniper-Specialist-Refiner,Refiner,0.16252037074071526
9229,0.005280024461775688,HOG8-ML04-H1-GPS-Sniper-Specialist-Polisher,Polisher,0.0068346690353310825
9246,0.005277442406838168,HOG8-ML04-H1-GPS-Sniper-Specialist-Polisher,Polisher,0.04890232907465666
9260,0.005276770348441503,HOG8-ML04-H1-GPS-Sniper-Specialist-Polisher,Polisher,0.012734547245735365
9280,0.005226935880959807,HOG8-ML04-H1-GPS-Sniper-Specialist-Exploiter,Exploiter,0.9444122861328367
9299,0.0052269232155420856,HOG8-ML04-H1-GPS-Sniper-Specialist-Polisher,Polisher,0.00024231056224896947
9310,0.005223028131772127,HOG8-ML04-H1-GPS-Sniper-Specialist-Refiner,Refiner,0.07451962864838663
9330,0.0052159109905568525,HOG8-ML04-H1-GPS-Sniper-Specialist-Refiner,Refiner,0.13626465406112975
9354,0.005212305222290261,HOG8-ML04-H1-GPS-Sniper-Specialist-Refiner,Refiner,0.06913017252632012
9389,0.00519300081424926,HOG8-ML04-H1-GPS-Sniper-Specialist-Refiner,Refiner,0.3703621951847108
9399,0.005192967990463896,HOG8-ML04-H1-GPS-Sniper-Specialist-Polisher,Polisher,0.0006320774160727785
9410,0.005192634094070326,HOG8-ML04-H1-GPS-Sniper-Specialist-Polisher,Polisher,0.006429779543867071
9419,0.005182376541392026,HOG8-ML04-H1-GPS-Sniper-Specialist-Refiner,Refiner,0.1975404484982646
9430,0.005175578538881675,HOG8-ML04-H1-GPS-Sniper-Specialist-Refiner,Refiner,0.13117538750908683
9440,0.005175378681846589,HOG8-ML04-H1-GPS-Sniper-Specialist-Polisher,Polisher,0.0038615399917909772
9449,0.00517452498341321,HOG8-ML04-H1-GPS-Sniper-Specialist-Polisher,Polisher,0.016495381031220502
9459,0.005164752932821883,HOG8-ML04-H1-GPS-Sniper-Specialist-Refiner,Refiner,0.18884923007717744
9471,0.005163476911602935,HOG8-ML04-H1-GPS-Sniper-Specialist-Polisher,Polisher,0.024706336112209674
9487,0.0051623195725778795,HOG8-ML04-H1-GPS-Sniper-Specialist-Polisher,Polisher,0.022413947905037465
9531,0.005151743516933243,HOG8-ML04-H1-GPS-Sniper-Specialist-Refiner,Refiner,0.204870223471174
9548,0.00514802859848322,HOG8-ML04-H1-GPS-Sniper-Specialist-Refiner,Refiner,0.07210992623783058
9561,0.00514802487558919,HOG8-ML04-H1-GPS-Sniper-Specialist-Polisher,Polisher,7.231688711828458E-05
9570,0.005143048313453419,HOG8-ML04-H1-GPS-Sniper-Specialist-Refiner,Refiner,0.09666934904235372
9580,0.005134642594385872,HOG8-ML04-H1-GPS-Sniper-Specialist-Refiner,Refiner,0.1634384620801472
9589,0.005130571083401134,HOG8-ML04-H1-GPS-Sniper-Specialist-Refiner,Refiner,0.0792949248150242
9599,0.005121403677553476,HOG8-ML04-H1-GPS-Sniper-Specialist-Refiner,Refiner,0.17868197708665953
9615,0.00511705948756207,HOG8-ML04-H1-GPS-Sniper-Specialist-Refiner,Refiner,0.08482420572403324
9631,0.005116936598308956,HOG8-ML04-H1-GPS-Sniper-Specialist-Polisher,Polisher,0.0024015599860139785
9641,0.005114364680611617,HOG8-ML04-H1-GPS-Sniper-Specialist-Refiner,Refiner,0.050262840821379676
9651,0.005112114321774219,HOG8-ML04-H1-GPS-Sniper-Specialist-Polisher,Polisher,0.04400075039484074
9663,0.00510519876256296,HOG8-ML04-H1-GPS-Sniper-Specialist-Refiner,Refiner,0.13527786696404193
9670,0.005103521931204084,HOG8-ML04-H1-GPS-Sniper-Specialist-Polisher,Polisher,0.03284556462663472
9684,0.005087170503521312,HOG8-ML04-H1-GPS-Sniper-Specialist-Refiner,Refiner,0.320394972397318
9711,0.005074359776842531,HOG8-ML04-H1-GPS-Sniper-Specialist-Refiner,Refiner,0.2518242050254312
9729,0.0050728510212883805,HOG8-ML04-H1-GPS-Sniper-Specialist-Polisher,Polisher,0.029732924358966004
9741,0.005067407449299831,HOG8-ML04-H1-GPS-Sniper-Specialist-Refiner,Refiner,0.10730794114996133
9752,0.005059345076874363,HOG8-ML04-H1-GPS-Sniper-Specialist-Refiner,Refiner,0.1591025096389787
9781,0.00504974277935907,HOG8-ML04-H1-GPS-Sniper-Specialist-Refiner,Refiner,0.18979329081907736
9799,0.0050393891410103475,HOG8-ML04-H1-GPS-Sniper-Specialist-Refiner,Refiner,0.20503298486891172
9804,0.00503838384546213,HOG8-ML04-H1-GPS-Sniper-Specialist-Polisher,Polisher,0.019948758075396315
9814,0.005036967308992826,HOG8-ML04-H1-GPS-Sniper-Specialist-Polisher,Polisher,0.028114897807546706
9821,0.0050363737829795365,HOG8-ML04-H1-GPS-Sniper-Specialist-Polisher,Polisher,0.011783400146945762
9843,0.005023767608454898,HOG8-ML04-H1-GPS-Sniper-Specialist-Refiner,Refiner,0.25030260000243437
9851,0.005021987647408837,HOG8-ML04-H1-GPS-Sniper-Specialist-Polisher,Polisher,0.035430799845621176
9864,0.005021935330755146,HOG8-ML04-H1-GPS-Sniper-Specialist-Polisher,Polisher,0.0010417519389484466
9882,0.005021386781510927,HOG8-ML04-H1-GPS-Sniper-Specialist-Polisher,Polisher,0.010923064677071137
9896,0.005016574217628321,HOG8-ML04-H1-GPS-Sniper-Specialist-Refiner,Refiner,0.09584133013466423
9904,0.005010073651556811,HOG8-ML04-H1-GPS-Sniper-Specialist-Refiner,Refiner,0.12958177811197227
9922,0.005009313419550791,HOG8-ML04-H1-GPS-Sniper-Specialist-Polisher,Polisher,0.015174068464719873
9936,0.005001326360988743,HOG8-ML04-H1-GPS-Sniper-Specialist-Refiner,Refiner,0.15944417713764802
9955,0.0049944713720907735,HOG8-ML04-H1-GPS-Sniper-Specialist-Refiner,Refiner,0.1370634188450381
9969,0.004994051251535986,HOG8-ML04-H1-GPS-Sniper-Specialist-Polisher,Polisher,0.008411712141053776
9980,0.004988307162193251,HOG8-ML04-H1-GPS-Sniper-Specialist-Refiner,Refiner,0.11501863023468502
10000,0.004968588474232081,HOG8-ML04-H1-GPS-Sniper-Specialist-Refiner,Refiner,0.3952981907493461
10004,0.00496804132951349,HOG8-ML04-H1-GPS-Sniper-Specialist-Polisher,Polisher,0.01101207559106389
10020,0.004941549509612496,HOG8-ML04-H1-GPS-Sniper-Specialist-Exploiter,Exploiter,0.533244756713563
10030,0.0049273076745420365,HOG8-ML04-H1-GPS-Sniper-Specialist-Refiner,Refiner,0.2882058561339102
10040,0.004900664888384185,HOG8-ML04-H1-GPS-Sniper-Specialist-Exploiter,Exploiter,0.5407169171819194
10050,0.004888432247901279,HOG8-ML04-H1-GPS-Sniper-Specialist-Refiner,Refiner,0.24961185393230864
10059,0.0048753144947251996,HOG8-ML04-H1-GPS-Sniper-Specialist-Refiner,Refiner,0.2683427428438109
10070,0.004862625581488467,HOG8-ML04-H1-GPS-Sniper-Specialist-Refiner,Refiner,0.26026860934737295
10000,0.004862625581488467,Final,Final,0
