TimeMs,BestQuality,Source,Role,DeltaPct
9,1340215.7043517018,HOG8-ML00-H2-GPS-GradientEstimation-Escape-Specialist-Global Explorer,Global Explorer,100
9,909460.6502790326,HOG8-ML00-H2-GPS-GradientEstimation-Escape-Specialist-Local Explorer,Local Explorer,32.14072575586158
9,359851.0714943626,HOG8-ML02-H2-GPS-GradientEstimation-Escape-Specialist-Global Explorer,Global Explorer,60.432474853754655
16,605.6741589664884,HOG8-ML00-H1-GPS-GradientEstimation-Escape-Specialist-Global Explorer,Global Explorer,99.83168754883756
17,370.378899970365,HOG8-ML06-H1-GPS-Spray-Specialist-Local Explorer,Local Explorer,38.84848899573775
27,27.23045490311607,HOG8-ML00-H1-GPS-GradientEstimation-Escape-Specialist-Global Explorer,Global Explorer,92.64794649336264
30,26.713377434295715,HOG8-ML02-H1-GPS-GradientEstimation-Escape-Specialist-Exploiter,Exploiter,1.8988939797740318
33,26.55647666782994,HOG8-ML00-H1-GPS-GradientEstimation-Escape-Specialist-Exploiter,Exploiter,0.5873490420733513
40,25.758936087247484,HOG8-ML02-H1-GPS-GradientEstimation-Escape-Specialist-Exploiter,Exploiter,3.003186719978496
47,25.55587655522993,HOG8-ML00-H1-GPS-GradientEstimation-Escape-Specialist-Exploiter,Exploiter,0.7883071386557925
50,25.481686311058812,HOG8-ML02-H2-GPS-GradientEstimation-Escape-Specialist-Refiner,Refiner,0.2903060046122114
52,24.99138274460499,HOG8-ML02-H1-GPS-GradientEstimation-Escape-Specialist-Exploiter,Exploiter,1.9241409711610586
58,24.799875802458516,HOG8-ML00-H1-GPS-GradientEstimation-Escape-Specialist-Exploiter,Exploiter,0.7662919019069344
67,24.325672104447815,HOG8-ML00-H1-GPS-GradientEstimation-Escape-Specialist-Exploiter,Exploiter,1.9121212613641039
78,24.100469036804302,HOG8-ML02-H1-GPS-GradientEstimation-Escape-Specialist-Exploiter,Exploiter,0.9257835371477177
80,24.039642686455448,HOG8-ML00-H1-GPS-GradientEstimation-Escape-Specialist-Refiner,Refiner,0.25238658324850566
88,23.860113174456927,HOG8-ML02-H1-GPS-GradientEstimation-Escape-Specialist-Exploiter,Exploiter,0.746806075032355
93,23.845438359284145,HOG8-ML00-H2-GPS-GradientEstimation-Escape-Specialist-Refiner,Refiner,0.06150354386622069
93,23.800702836235068,HOG8-ML00-H1-GPS-GradientEstimation-Escape-Specialist-Refiner,Refiner,0.18760620951914478
97,23.58692093495867,HOG8-ML02-H1-GPS-GradientEstimation-Escape-Specialist-Exploiter,Exploiter,0.8982167574939381
102,23.56838012928887,HOG8-ML00-H1-GPS-GradientEstimation-Escape-Specialist-Refiner,Refiner,0.07860629931701327
108,23.549453356311272,HOG8-ML00-H1-GPS-GradientEstimation-Escape-Specialist-Refiner,Refiner,0.08030578628556818
108,23.3592984973647,HOG8-ML02-H1-GPS-GradientEstimation-Escape-Specialist-Exploiter,Exploiter,0.8074703733860082
112,23.342472221831493,HOG8-ML00-H2-GPS-GradientEstimation-Escape-Specialist-Refiner,Refiner,0.07203245223783998
112,23.3040106278094,HOG8-ML00-H1-GPS-GradientEstimation-Escape-Specialist-Refiner,Refiner,0.16477086769806618
118,23.289421484009512,HOG8-ML00-H1-GPS-GradientEstimation-Escape-Specialist-Refiner,Refiner,0.06260357512229558
118,23.09922825960281,HOG8-ML02-H1-GPS-GradientEstimation-Escape-Specialist-Exploiter,Exploiter,0.8166507035706677
127,23.082279585705407,HOG8-ML00-H1-GPS-GradientEstimation-Escape-Specialist-Refiner,Refiner,0.07337333397862351
130,23.06378914392876,HOG8-ML00-H1-GPS-GradientEstimation-Escape-Specialist-Refiner,Refiner,0.0801066537123996
130,22.881517852336618,HOG8-ML02-H1-GPS-GradientEstimation-Escape-Specialist-Exploiter,Exploiter,0.7902920480875159
135,22.861822641613198,HOG8-ML00-H1-GPS-GradientEstimation-Escape-Specialist-Refiner,Refiner,0.08607475627500115
141,22.724855238734403,HOG8-ML02-H1-GPS-GradientEstimation-Escape-Specialist-Exploiter,Exploiter,0.5991097255276873
147,22.659870862216742,HOG8-ML00-H1-GPS-GradientEstimation-Escape-Specialist-Refiner,Refiner,0.28596167427678476
151,22.468841640421406,HOG8-ML02-H1-GPS-GradientEstimation-Escape-Specialist-Exploiter,Exploiter,0.8430287310854006
158,22.41189140188888,HOG8-ML00-H1-GPS-GradientEstimation-Escape-Specialist-Refiner,Refiner,0.2534631711056809
163,22.403335527166924,HOG8-ML00-H1-GPS-GradientEstimation-Escape-Specialist-Polisher,Polisher,0.038175603158756254
163,22.225750100468893,HOG8-ML02-H1-GPS-GradientEstimation-Escape-Specialist-Exploiter,Exploiter,0.7926740483919691
170,22.174525740655803,HOG8-ML00-H1-GPS-GradientEstimation-Escape-Specialist-Refiner,Refiner,0.2304730305233214
173,22.141672739852556,HOG8-ML00-H1-GPS-GradientEstimation-Escape-Specialist-Refiner,Refiner,0.14815649808019293
178,22.02373167282009,HOG8-ML00-H2-GPS-GradientEstimation-Escape-Specialist-Exploiter,Exploiter,0.5326655687588776
178,21.974432782017903,HOG8-ML02-H1-GPS-GradientEstimation-Escape-Specialist-Refiner,Refiner,0.2238444035486891
179,21.956864733518906,HOG8-ML00-H1-GPS-GradientEstimation-Escape-Specialist-Refiner,Refiner,0.07994767679907434
187,21.82323551446859,HOG8-ML00-H2-GPS-GradientEstimation-Escape-Specialist-Exploiter,Exploiter,0.6085988171449673
187,21.738933161677497,HOG8-ML02-H1-GPS-GradientEstimation-Escape-Specialist-Refiner,Refiner,0.3862963066828469
195,21.695821693594354,HOG8-ML00-H1-GPS-GradientEstimation-Escape-Specialist-Refiner,Refiner,0.1983145528003305
198,21.61605899686587,HOG8-ML00-H2-GPS-GradientEstimation-Escape-Specialist-Refiner,Refiner,0.36764081976223667
198,21.550255591780463,HOG8-ML02-H1-GPS-GradientEstimation-Escape-Specialist-Refiner,Refiner,0.30441906683798653
207,21.46298342319242,HOG8-ML00-H1-GPS-GradientEstimation-Escape-Specialist-Refiner,Refiner,0.40497045715471813
209,21.380516092778976,HOG8-ML00-H2-GPS-GradientEstimation-Escape-Specialist-Refiner,Refiner,0.38423050881328646
210,21.303438797618156,HOG8-ML02-H1-GPS-GradientEstimation-Escape-Specialist-Refiner,Refiner,0.3605025006241611
218,21.192629315435344,HOG8-ML00-H2-GPS-GradientEstimation-Escape-Specialist-Exploiter,Exploiter,0.5201483349026338
221,21.073027169724156,HOG8-ML02-H1-GPS-GradientEstimation-Escape-Specialist-Exploiter,Exploiter,0.5643572769145595
229,20.98921417401787,HOG8-ML00-H2-GPS-GradientEstimation-Escape-Specialist-Refiner,Refiner,0.3977264160068111
232,20.874310078837812,HOG8-ML02-H1-GPS-GradientEstimation-Escape-Specialist-Exploiter,Exploiter,0.5474435308888129
242,20.748193758484813,HOG8-ML00-H2-GPS-GradientEstimation-Escape-Specialist-Exploiter,Exploiter,0.6041700055076528
247,20.703180120258796,HOG8-ML00-H1-GPS-GradientEstimation-Escape-Specialist-Refiner,Refiner,0.2169520814678575
247,20.649487215828554,HOG8-ML02-H1-GPS-GradientEstimation-Escape-Specialist-Refiner,Refiner,0.25934616864827514
251,20.56207280930082,HOG8-ML00-H2-GPS-GradientEstimation-Escape-Specialist-Refiner,Refiner,0.423324829396871
256,20.452269791189206,HOG8-ML02-H1-GPS-GradientEstimation-Escape-Specialist-Exploiter,Exploiter,0.5340075347945753
262,20.3600278331673,HOG8-ML00-H2-GPS-GradientEstimation-Escape-Specialist-Refiner,Refiner,0.45101086071944235
268,20.260391120478896,HOG8-ML02-H1-GPS-GradientEstimation-Escape-Specialist-Refiner,Refiner,0.4893741477410575
272,20.219223631934643,HOG8-ML00-H2-GPS-GradientEstimation-Escape-Specialist-Refiner,Refiner,0.20319197343945744
278,20.147189675522664,HOG8-ML00-H1-GPS-GradientEstimation-Escape-Specialist-Refiner,Refiner,0.3562646999868305
278,20.114219848473272,HOG8-ML02-H1-GPS-GradientEstimation-Escape-Specialist-Refiner,Refiner,0.16364479404017324
282,20.02012371136064,HOG8-ML00-H2-GPS-GradientEstimation-Escape-Specialist-Refiner,Refiner,0.4678090317272481
288,19.921073135663814,HOG8-ML00-H1-GPS-GradientEstimation-Escape-Specialist-Refiner,Refiner,0.4947550630799452
288,19.89628065906408,HOG8-ML02-H1-GPS-GradientEstimation-Escape-Specialist-Refiner,Refiner,0.12445351930037599
293,19.870592755347456,HOG8-ML00-H1-GPS-GradientEstimation-Escape-Specialist-Refiner,Refiner,0.12910907398624946
293,19.821462141332894,HOG8-ML00-H2-GPS-GradientEstimation-Escape-Specialist-Refiner,Refiner,0.24725288580704274
298,19.70023776076384,HOG8-ML02-H1-GPS-GradientEstimation-Escape-Specialist-Exploiter,Exploiter,0.6115814247439854
307,19.637147779519392,HOG8-ML00-H2-GPS-GradientEstimation-Escape-Specialist-Refiner,Refiner,0.3202498467815587
312,19.50788315706262,HOG8-ML00-H1-GPS-GradientEstimation-Escape-Specialist-Exploiter,Exploiter,0.6582657721382028
314,19.48031024581302,HOG8-ML00-H2-GPS-GradientEstimation-Escape-Specialist-Refiner,Refiner,0.14134240515797333
320,19.36178910125709,HOG8-ML02-H1-GPS-GradientEstimation-Escape-Specialist-Exploiter,Exploiter,0.6084150768666622
327,19.308668089915177,HOG8-ML00-H1-GPS-GradientEstimation-Escape-Specialist-Refiner,Refiner,0.27436003493326955
327,19.26957685245303,HOG8-ML00-H2-GPS-GradientEstimation-Escape-Specialist-Refiner,Refiner,0.2024543447539098
331,19.143811110250546,HOG8-ML02-H1-GPS-GradientEstimation-Escape-Specialist-Exploiter,Exploiter,0.6526647843150511
337,19.03155080710376,HOG8-ML00-H2-GPS-GradientEstimation-Escape-Specialist-Exploiter,Exploiter,0.5864051964380126
340,18.952460171582842,HOG8-ML02-H1-GPS-GradientEstimation-Escape-Specialist-Refiner,Refiner,0.4155764095240999
348,18.843693980308505,HOG8-ML00-H2-GPS-GradientEstimation-Escape-Specialist-Exploiter,Exploiter,0.5738895652049486
350,18.777902702295478,HOG8-ML02-H1-GPS-GradientEstimation-Escape-Specialist-Refiner,Refiner,0.3491421484650412
357,18.693819591710543,HOG8-ML00-H1-GPS-GradientEstimation-Escape-Specialist-Refiner,Refiner,0.44777689989125385
360,18.662899347245276,HOG8-ML00-H2-GPS-GradientEstimation-Escape-Specialist-Refiner,Refiner,0.16540356727834638
362,18.604449010802597,HOG8-ML02-H1-GPS-GradientEstimation-Escape-Specialist-Refiner,Refiner,0.3131900105934303
369,18.510253799347563,HOG8-ML00-H2-GPS-GradientEstimation-Escape-Specialist-Exploiter,Exploiter,0.5063047629109569
372,18.452966105185837,HOG8-ML02-H1-GPS-GradientEstimation-Escape-Specialist-Refiner,Refiner,0.30949167300853114
383,18.290667422876954,HOG8-ML00-H1-GPS-GradientEstimation-Escape-Specialist-Exploiter,Exploiter,0.8795262581838927
388,18.222498825530536,HOG8-ML02-H1-GPS-GradientEstimation-Escape-Specialist-Refiner,Refiner,0.37269606280827217
393,18.084042880396428,HOG8-ML00-H2-GPS-GradientEstimation-Escape-Specialist-Exploiter,Exploiter,0.7598076776392781
398,18.045143023695633,HOG8-ML02-H1-GPS-GradientEstimation-Escape-Specialist-Refiner,Refiner,0.21510597468756837
403,17.881175675699218,HOG8-ML00-H2-GPS-GradientEstimation-Escape-Specialist-Exploiter,Exploiter,0.9086508640086955
405,17.86238671083142,HOG8-ML02-H1-GPS-GradientEstimation-Escape-Specialist-Refiner,Refiner,0.10507678694378735
412,17.74541054091275,HOG8-ML00-H1-GPS-GradientEstimation-Escape-Specialist-Exploiter,Exploiter,0.6548742439202511
419,17.672803775139794,HOG8-ML00-H2-GPS-GradientEstimation-Escape-Specialist-Refiner,Refiner,0.40915799386866114
422,17.56677635206921,HOG8-ML00-H1-GPS-GradientEstimation-Escape-Specialist-Exploiter,Exploiter,0.5999468133049368
427,17.4791772149402,HOG8-ML00-H2-GPS-GradientEstimation-Escape-Specialist-Refiner,Refiner,0.49866370114451475
433,17.38527958541959,HOG8-ML00-H1-GPS-GradientEstimation-Escape-Specialist-Exploiter,Exploiter,0.5371970795075722
440,17.26087011856886,HOG8-ML00-H2-GPS-GradientEstimation-Escape-Specialist-Exploiter,Exploiter,0.715602336099711
448,17.20392971927555,HOG8-ML00-H1-GPS-GradientEstimation-Escape-Specialist-Refiner,Refiner,0.3298813959097878
449,17.188393316770064,HOG8-ML00-H1-GPS-GradientEstimation-Escape-Specialist-Refiner,Refiner,0.09030728885202663
450,17.135917709240825,HOG8-ML02-H1-GPS-GradientEstimation-Escape-Specialist-Refiner,Refiner,0.3052967578885938
452,17.03776246279024,HOG8-ML00-H2-GPS-GradientEstimation-Escape-Specialist-Exploiter,Exploiter,0.5728041422470929
458,16.98797398203876,HOG8-ML00-H1-GPS-GradientEstimation-Escape-Specialist-Refiner,Refiner,0.29222429212883294
460,16.975797637152347,HOG8-ML00-H1-GPS-GradientEstimation-Escape-Specialist-Refiner,Refiner,0.0716762628626986
463,16.814354958306918,HOG8-ML00-H2-GPS-GradientEstimation-Escape-Specialist-Exploiter,Exploiter,0.9510167492342381
470,16.77299499628602,HOG8-ML00-H1-GPS-GradientEstimation-Escape-Specialist-Refiner,Refiner,0.2459800695504234
478,16.608991615798345,HOG8-ML00-H2-GPS-GradientEstimation-Escape-Specialist-Exploiter,Exploiter,0.9777823252435777
483,16.551416085647894,HOG8-ML00-H1-GPS-GradientEstimation-Escape-Specialist-Refiner,Refiner,0.3466527738847557
487,16.41888181499522,HOG8-ML00-H2-GPS-GradientEstimation-Escape-Specialist-Exploiter,Exploiter,0.8007427882113166
492,16.374348162724974,HOG8-ML00-H1-GPS-GradientEstimation-Escape-Specialist-Refiner,Refiner,0.27123437985633103
497,16.234032447626348,HOG8-ML00-H2-GPS-GradientEstimation-Escape-Specialist-Exploiter,Exploiter,0.8569239746474022
503,16.208175538991945,HOG8-ML00-H1-GPS-GradientEstimation-Escape-Specialist-Refiner,Refiner,0.15927594525772396
518,15.959741858258065,HOG8-ML00-H1-GPS-GradientEstimation-Escape-Specialist-Exploiter,Exploiter,1.5327677081003
524,15.800106139986386,HOG8-ML00-H2-GPS-GradientEstimation-Escape-Specialist-Exploiter,Exploiter,1.0002399768707906
532,15.770246027523607,HOG8-ML00-H1-GPS-GradientEstimation-Escape-Specialist-Refiner,Refiner,0.1889867840014743
537,15.655397067801314,HOG8-ML00-H2-GPS-GradientEstimation-Escape-Specialist-Exploiter,Exploiter,0.7282635890514874
542,15.586667000667964,HOG8-ML00-H1-GPS-GradientEstimation-Escape-Specialist-Refiner,Refiner,0.4390183579227645
547,15.435994402150662,HOG8-ML00-H2-GPS-GradientEstimation-Escape-Specialist-Exploiter,Exploiter,0.9666761887634129
553,15.372070878549579,HOG8-ML00-H1-GPS-GradientEstimation-Escape-Specialist-Refiner,Refiner,0.4141198936440208
558,15.221081784690705,HOG8-ML00-H2-GPS-GradientEstimation-Escape-Specialist-Exploiter,Exploiter,0.9822300134561966
569,15.046708079049601,HOG8-ML00-H2-GPS-GradientEstimation-Escape-Specialist-Exploiter,Exploiter,1.1456065219785374
577,14.986079800459487,HOG8-ML00-H1-GPS-GradientEstimation-Escape-Specialist-Refiner,Refiner,0.4029338395587686
580,14.859321356252435,HOG8-ML00-H2-GPS-GradientEstimation-Escape-Specialist-Exploiter,Exploiter,0.8458412466425385
587,14.804242010837802,HOG8-ML00-H1-GPS-GradientEstimation-Escape-Specialist-Refiner,Refiner,0.37067201182412657
590,14.673565471360293,HOG8-ML00-H2-GPS-GradientEstimation-Escape-Specialist-Exploiter,Exploiter,0.8826965904897002
598,14.593578529463587,HOG8-ML00-H1-GPS-GradientEstimation-Escape-Specialist-Exploiter,Exploiter,0.5451091082997105
602,14.457771179583416,HOG8-ML00-H2-GPS-GradientEstimation-Escape-Specialist-Exploiter,Exploiter,0.9305966292365078
610,14.387066605689615,HOG8-ML00-H1-GPS-GradientEstimation-Escape-Specialist-Refiner,Refiner,0.48904200388540314
613,14.272525352124937,HOG8-ML00-H2-GPS-GradientEstimation-Escape-Specialist-Exploiter,Exploiter,0.7961404273987331
622,14.10030731564965,HOG8-ML00-H2-GPS-GradientEstimation-Escape-Specialist-Exploiter,Exploiter,1.206640256201383
632,14.023181082323307,HOG8-ML00-H1-GPS-GradientEstimation-Escape-Specialist-Exploiter,Exploiter,0.5469826408729551
638,13.929387557529894,HOG8-ML00-H2-GPS-GradientEstimation-Escape-Specialist-Exploiter,Exploiter,0.6688462784784401
643,13.88651670118556,HOG8-ML02-H1-GPS-GradientEstimation-Escape-Specialist-Refiner,Refiner,0.3077727299012495
645,13.69442948372688,HOG8-ML00-H2-GPS-GradientEstimation-Escape-Specialist-Exploiter,Exploiter,1.3832642237940058
658,13.523723957539264,HOG8-ML00-H2-GPS-GradientEstimation-Escape-Specialist-Exploiter,Exploiter,1.2465325875054947
667,13.46559088356407,HOG8-ML00-H1-GPS-GradientEstimation-Escape-Specialist-Refiner,Refiner,0.4298599569002993
670,13.341485771184109,HOG8-ML00-H2-GPS-GradientEstimation-Escape-Specialist-Exploiter,Exploiter,0.9216462422859036
678,13.283379536683515,HOG8-ML00-H1-GPS-GradientEstimation-Escape-Specialist-Refiner,Refiner,0.435530461128217
680,13.138001810891105,HOG8-ML00-H2-GPS-GradientEstimation-Escape-Specialist-Exploiter,Exploiter,1.0944332757408182
687,13.074637547033008,HOG8-ML00-H1-GPS-GradientEstimation-Escape-Specialist-Refiner,Refiner,0.4822975728742
692,12.9090244241644,HOG8-ML00-H2-GPS-GradientEstimation-Escape-Specialist-Exploiter,Exploiter,1.2666746766237533
698,12.895028648287095,HOG8-ML00-H1-GPS-GradientEstimation-Escape-Specialist-Refiner,Refiner,0.10841854052972709
700,12.86993475650025,HOG8-ML02-H1-GPS-GradientEstimation-Escape-Specialist-Refiner,Refiner,0.19460128760689976
703,12.703876385861486,HOG8-ML00-H2-GPS-GradientEstimation-Escape-Specialist-Exploiter,Exploiter,1.2902813711226642
713,12.701607888224277,HOG8-ML02-H1-GPS-GradientEstimation-Escape-Specialist-Polisher,Polisher,0.017856735757704537
718,12.51598343947154,HOG8-ML00-H2-GPS-GradientEstimation-Escape-Specialist-Exploiter,Exploiter,1.4614248084672046
727,12.306635406546627,HOG8-ML00-H2-GPS-GradientEstimation-Escape-Specialist-Exploiter,Exploiter,1.6726454931595223
736,12.121773813098379,HOG8-ML00-H2-GPS-GradientEstimation-Escape-Specialist-Exploiter,Exploiter,1.5021294394559677
747,11.978302210352735,HOG8-ML00-H2-GPS-GradientEstimation-Escape-Specialist-Exploiter,Exploiter,1.1835858757784523
758,11.84863405967657,HOG8-ML00-H2-GPS-GradientEstimation-Escape-Specialist-Exploiter,Exploiter,1.0825252894696082
769,11.629514618120938,HOG8-ML00-H2-GPS-GradientEstimation-Escape-Specialist-Exploiter,Exploiter,1.849322381398733
777,11.406920830902207,HOG8-ML00-H2-GPS-GradientEstimation-Escape-Specialist-Exploiter,Exploiter,1.9140419400813906
790,11.195173741445304,HOG8-ML00-H2-GPS-GradientEstimation-Escape-Specialist-Exploiter,Exploiter,1.856303665080802
809,11.024240645725564,HOG8-ML00-H2-GPS-GradientEstimation-Escape-Specialist-Exploiter,Exploiter,1.5268462970514998
817,10.806462720011327,HOG8-ML00-H2-GPS-GradientEstimation-Escape-Specialist-Exploiter,Exploiter,1.975446043974709
828,10.597328416805794,HOG8-ML00-H2-GPS-GradientEstimation-Escape-Specialist-Exploiter,Exploiter,1.935270667415148
837,10.572814096551877,HOG8-ML00-H1-GPS-GradientEstimation-Escape-Specialist-Refiner,Refiner,0.23132547458887326
840,10.388604289030905,HOG8-ML00-H2-GPS-GradientEstimation-Escape-Specialist-Exploiter,Exploiter,1.7422968553003169
849,10.210905906493315,HOG8-ML00-H2-GPS-GradientEstimation-Escape-Specialist-Exploiter,Exploiter,1.7105125731395714
860,9.996420476134455,HOG8-ML00-H2-GPS-GradientEstimation-Escape-Specialist-Exploiter,Exploiter,2.1005524125186974
873,9.815522283013662,HOG8-ML00-H2-GPS-GradientEstimation-Escape-Specialist-Exploiter,Exploiter,1.809629692475133
882,9.605671049774294,HOG8-ML00-H2-GPS-GradientEstimation-Escape-Specialist-Exploiter,Exploiter,2.1379527975044965
897,9.389793179633337,HOG8-ML00-H2-GPS-GradientEstimation-Escape-Specialist-Exploiter,Exploiter,2.2474001974701174
908,9.188950988725363,HOG8-ML00-H2-GPS-GradientEstimation-Escape-Specialist-Exploiter,Exploiter,2.1389415833311927
918,9.001104996205921,HOG8-ML00-H2-GPS-GradientEstimation-Escape-Specialist-Exploiter,Exploiter,2.044259380095996
930,8.82670493994691,HOG8-ML00-H2-GPS-GradientEstimation-Escape-Specialist-Exploiter,Exploiter,1.9375405167756852
942,8.643242959705193,HOG8-ML00-H2-GPS-GradientEstimation-Escape-Specialist-Exploiter,Exploiter,2.0784877424805117
950,8.42668757137439,HOG8-ML00-H2-GPS-GradientEstimation-Escape-Specialist-Exploiter,Exploiter,2.505487689520973
962,8.25660274169459,HOG8-ML00-H2-GPS-GradientEstimation-Escape-Specialist-Exploiter,Exploiter,2.0184067373944496
974,8.073814238536912,HOG8-ML00-H2-GPS-GradientEstimation-Escape-Specialist-Exploiter,Exploiter,2.2138464072471784
987,7.892268994492026,HOG8-ML00-H2-GPS-GradientEstimation-Escape-Specialist-Exploiter,Exploiter,2.2485685040703145
997,7.721313384901958,HOG8-ML00-H2-GPS-GradientEstimation-Escape-Specialist-Exploiter,Exploiter,2.1661148360424285
1017,7.410768252865137,HOG8-ML00-H2-GPS-GradientEstimation-Escape-Specialist-Exploiter,Exploiter,4.021921097569388
1028,7.1821926607854865,HOG8-ML00-H2-GPS-GradientEstimation-Escape-Specialist-Exploiter,Exploiter,3.0843710703175606
1038,7.0080948147167295,HOG8-ML00-H2-GPS-GradientEstimation-Escape-Specialist-Exploiter,Exploiter,2.424020828894287
1049,6.826337581263061,HOG8-ML00-H2-GPS-GradientEstimation-Escape-Specialist-Exploiter,Exploiter,2.5935327397680883
1058,6.648963493728278,HOG8-ML00-H2-GPS-GradientEstimation-Escape-Specialist-Exploiter,Exploiter,2.5983784924677606
1073,6.440478534148776,HOG8-ML00-H2-GPS-GradientEstimation-Escape-Specialist-Exploiter,Exploiter,3.135600906459459
1083,6.235415252008732,HOG8-ML00-H2-GPS-GradientEstimation-Escape-Specialist-Exploiter,Exploiter,3.1839758653453307
1094,6.014945525567139,HOG8-ML00-H2-GPS-GradientEstimation-Escape-Specialist-Exploiter,Exploiter,3.5357665453085683
1111,5.8431803015615795,HOG8-ML00-H2-GPS-GradientEstimation-Escape-Specialist-Exploiter,Exploiter,2.8556405585961504
1118,5.7022411378766575,HOG8-ML00-H2-GPS-GradientEstimation-Escape-Specialist-Exploiter,Exploiter,2.4120283203866952
1129,5.486592488646742,HOG8-ML00-H2-GPS-GradientEstimation-Escape-Specialist-Exploiter,Exploiter,3.781822690687138
1138,5.3121838353693525,HOG8-ML00-H2-GPS-GradientEstimation-Escape-Specialist-Exploiter,Exploiter,3.1788155150630986
1150,5.087258900165067,HOG8-ML00-H2-GPS-GradientEstimation-Escape-Specialist-Exploiter,Exploiter,4.2341331206706325
1163,4.878827160502124,HOG8-ML00-H2-GPS-GradientEstimation-Escape-Specialist-Exploiter,Exploiter,4.097132537449202
1178,4.7009526408916225,HOG8-ML00-H2-GPS-GradientEstimation-Escape-Specialist-Exploiter,Exploiter,3.6458458920318613
1185,4.492443389267834,HOG8-ML00-H2-GPS-GradientEstimation-Escape-Specialist-Exploiter,Exploiter,4.435468032799435
1197,4.3639990040789005,HOG8-ML00-H2-GPS-GradientEstimation-Escape-Specialist-Exploiter,Exploiter,2.85912084047133
1207,4.145990550122653,HOG8-ML00-H2-GPS-GradientEstimation-Escape-Specialist-Exploiter,Exploiter,4.995611908996356
1217,3.9671724510151365,HOG8-ML00-H2-GPS-GradientEstimation-Escape-Specialist-Exploiter,Exploiter,4.313036823063334
1229,3.7860647629846724,HOG8-ML00-H2-GPS-GradientEstimation-Escape-Specialist-Exploiter,Exploiter,4.56515793721348
1240,3.6088951546865213,HOG8-ML00-H2-GPS-GradientEstimation-Escape-Specialist-Exploiter,Exploiter,4.679518692609019
1252,3.392381631167752,HOG8-ML00-H2-GPS-GradientEstimation-Escape-Specialist-Local Explorer,Local Explorer,5.999440666421249
1262,3.214595525623218,HOG8-ML00-H2-GPS-GradientEstimation-Escape-Specialist-Local Explorer,Local Explorer,5.240746026659014
1273,3.043005934556925,HOG8-ML00-H2-GPS-GradientEstimation-Escape-Specialist-Local Explorer,Local Explorer,5.337828342588341
1288,2.8289323689617505,HOG8-ML00-H2-GPS-GradientEstimation-Escape-Specialist-Local Explorer,Local Explorer,7.034937499270592
1297,2.701440394373418,HOG8-ML00-H2-GPS-GradientEstimation-Escape-Specialist-Exploiter,Exploiter,4.5067169504346705
1308,2.5133696997785977,HOG8-ML00-H2-GPS-GradientEstimation-Escape-Specialist-Local Explorer,Local Explorer,6.9618672685333225
1318,2.30253653793306,HOG8-ML00-H2-GPS-GradientEstimation-Escape-Specialist-Local Explorer,Local Explorer,8.38846596519844
1333,2.096771238598584,HOG8-ML00-H2-GPS-GradientEstimation-Escape-Specialist-Local Explorer,Local Explorer,8.936461851727536
1342,1.9320400103961444,HOG8-ML00-H2-GPS-GradientEstimation-Escape-Specialist-Local Explorer,Local Explorer,7.856423493892484
1353,1.7559706615177824,HOG8-ML00-H2-GPS-GradientEstimation-Escape-Specialist-Local Explorer,Local Explorer,9.11313160860788
1363,1.61101723631208,HOG8-ML00-H2-GPS-GradientEstimation-Escape-Specialist-Local Explorer,Local Explorer,8.254888785010284
1378,1.4180356871475461,HOG8-ML00-H2-GPS-GradientEstimation-Escape-Specialist-Local Explorer,Local Explorer,11.97886309437041
1388,1.258198408595522,HOG8-ML00-H2-GPS-GradientEstimation-Escape-Specialist-Local Explorer,Local Explorer,11.271738786316815
1399,1.137518052165394,HOG8-ML00-H2-GPS-GradientEstimation-Escape-Specialist-Local Explorer,Local Explorer,9.59152035209127
1411,1.0333128213088356,HOG8-ML00-H2-GPS-GradientEstimation-Escape-Specialist-Local Explorer,Local Explorer,9.160754034469342
1423,0.9243520304538015,HOG8-ML00-H2-GPS-GradientEstimation-Escape-Specialist-Local Explorer,Local Explorer,10.544801981361264
1432,0.8171323406138878,HOG8-ML00-H2-GPS-GradientEstimation-Escape-Specialist-Local Explorer,Local Explorer,11.599443318935023
1443,0.7383060285767198,HOG8-ML00-H2-GPS-GradientEstimation-Escape-Specialist-Local Explorer,Local Explorer,9.646700799768631
1456,0.6593022982642964,HOG8-ML00-H2-GPS-GradientEstimation-Escape-Specialist-Local Explorer,Local Explorer,10.70067522876983
1467,0.5999787962354135,HOG8-ML00-H2-GPS-GradientEstimation-Escape-Specialist-Local Explorer,Local Explorer,8.997921315466389
1476,0.5579349262397046,HOG8-ML00-H2-GPS-GradientEstimation-Escape-Specialist-Local Explorer,Local Explorer,7.007559310348048
1486,0.5122727270800407,HOG8-ML00-H2-GPS-GradientEstimation-Escape-Specialist-Local Explorer,Local Explorer,8.18414424553271
1499,0.46908220103033293,HOG8-ML00-H2-GPS-GradientEstimation-Escape-Specialist-Local Explorer,Local Explorer,8.431158593176361
1517,0.41440009619781054,HOG8-ML00-H2-GPS-GradientEstimation-Escape-Specialist-Local Explorer,Local Explorer,11.657254253607121
1527,0.38352397295863383,HOG8-ML00-H2-GPS-GradientEstimation-Escape-Specialist-Local Explorer,Local Explorer,7.450800210345088
1537,0.35130516854832006,HOG8-ML00-H2-GPS-GradientEstimation-Escape-Specialist-Local Explorer,Local Explorer,8.400727642073324
1552,0.3240763795115452,HOG8-ML00-H2-GPS-GradientEstimation-Escape-Specialist-Local Explorer,Local Explorer,7.750751049092427
1562,0.3023720367566598,HOG8-ML00-H2-GPS-GradientEstimation-Escape-Specialist-Local Explorer,Local Explorer,6.6972924060675645
1570,0.28292642847787147,HOG8-ML00-H2-GPS-GradientEstimation-Escape-Specialist-Local Explorer,Local Explorer,6.431020701308299
1582,0.26211335408183056,HOG8-ML00-H2-GPS-GradientEstimation-Escape-Specialist-Local Explorer,Local Explorer,7.356355681586233
1592,0.24637535370853442,HOG8-ML00-H2-GPS-GradientEstimation-Escape-Specialist-Local Explorer,Local Explorer,6.004272627934407
1610,0.2297634360651174,HOG8-ML00-H2-GPS-GradientEstimation-Escape-Specialist-Local Explorer,Local Explorer,6.742524117517516
1620,0.21411710734218733,HOG8-ML00-H2-GPS-GradientEstimation-Escape-Specialist-Local Explorer,Local Explorer,6.809755716960869
1632,0.2001303096675924,HOG8-ML00-H2-GPS-GradientEstimation-Escape-Specialist-Local Explorer,Local Explorer,6.532312082958502
1643,0.18742337920914212,HOG8-ML00-H2-GPS-GradientEstimation-Escape-Specialist-Local Explorer,Local Explorer,6.349328334901361
1657,0.17589557685706467,HOG8-ML00-H2-GPS-GradientEstimation-Escape-Specialist-Local Explorer,Local Explorer,6.150674692090469
1666,0.1668455040601792,HOG8-ML00-H2-GPS-GradientEstimation-Escape-Specialist-Local Explorer,Local Explorer,5.145139496168053
1677,0.1586907393645077,HOG8-ML00-H2-GPS-GradientEstimation-Escape-Specialist-Exploiter,Exploiter,4.8876142882041185
1687,0.1510043768499934,HOG8-ML00-H2-GPS-GradientEstimation-Escape-Specialist-Exploiter,Exploiter,4.843611256268054
1698,0.14407179126375952,HOG8-ML00-H2-GPS-GradientEstimation-Escape-Specialist-Exploiter,Exploiter,4.590983209129536
1709,0.13579386439016833,HOG8-ML00-H2-GPS-GradientEstimation-Escape-Specialist-Local Explorer,Local Explorer,5.745695809692801
1722,0.12840645623717006,HOG8-ML00-H2-GPS-GradientEstimation-Escape-Specialist-Local Explorer,Local Explorer,5.440163431664681
1737,0.12123368038789173,HOG8-ML00-H2-GPS-GradientEstimation-Escape-Specialist-Local Explorer,Local Explorer,5.585993149775921
1744,0.11602142203020321,HOG8-ML00-H2-GPS-GradientEstimation-Escape-Specialist-Exploiter,Exploiter,4.2993484492194725
1754,0.11092773733552451,HOG8-ML00-H2-GPS-GradientEstimation-Escape-Specialist-Exploiter,Exploiter,4.390296727575614
1768,0.10619460685776401,HOG8-ML00-H2-GPS-GradientEstimation-Escape-Specialist-Exploiter,Exploiter,4.2668593008835485
1778,0.10092471758847352,HOG8-ML00-H2-GPS-GradientEstimation-Escape-Specialist-Exploiter,Exploiter,4.962482959562089
1789,0.09677806233865516,HOG8-ML00-H2-GPS-GradientEstimation-Escape-Specialist-Exploiter,Exploiter,4.108661732130468
1798,0.0929006543942889,HOG8-ML00-H2-GPS-GradientEstimation-Escape-Specialist-Exploiter,Exploiter,4.006494706205266
1810,0.08922465282360428,HOG8-ML00-H2-GPS-GradientEstimation-Escape-Specialist-Exploiter,Exploiter,3.9569167673275354
1820,0.08562501417453999,HOG8-ML00-H2-GPS-GradientEstimation-Escape-Specialist-Exploiter,Exploiter,4.034354334984883
1829,0.08213162457836631,HOG8-ML00-H2-GPS-GradientEstimation-Escape-Specialist-Exploiter,Exploiter,4.079870385834535
1841,0.07902124465417702,HOG8-ML00-H2-GPS-GradientEstimation-Escape-Specialist-Exploiter,Exploiter,3.7870673326588173
1854,0.07605429243458171,HOG8-ML00-H2-GPS-GradientEstimation-Escape-Specialist-Exploiter,Exploiter,3.7546260282025026
1861,0.07433298807271958,HOG8-ML00-H2-GPS-GradientEstimation-Escape-Specialist-Exploiter,Exploiter,2.263257347825193
1871,0.07118441070557686,HOG8-ML00-H2-GPS-GradientEstimation-Escape-Specialist-Exploiter,Exploiter,4.235773979733576
1888,0.06812812889434593,HOG8-ML00-H2-GPS-GradientEstimation-Escape-Specialist-Exploiter,Exploiter,4.293470692441226
1896,0.06524168066394637,HOG8-ML00-H2-GPS-GradientEstimation-Escape-Specialist-Exploiter,Exploiter,4.236793637582363
1908,0.06293138596139589,HOG8-ML00-H2-GPS-GradientEstimation-Escape-Specialist-Exploiter,Exploiter,3.5411330288233787
1916,0.060860793100308744,HOG8-ML00-H2-GPS-GradientEstimation-Escape-Specialist-Exploiter,Exploiter,3.29023877268063
1926,0.05878505846343852,HOG8-ML00-H2-GPS-GradientEstimation-Escape-Specialist-Exploiter,Exploiter,3.4106269917466716
1938,0.05676259533823506,HOG8-ML00-H2-GPS-GradientEstimation-Escape-Specialist-Exploiter,Exploiter,3.440437379953166
1951,0.05451602906620098,HOG8-ML00-H2-GPS-GradientEstimation-Escape-Specialist-Exploiter,Exploiter,3.95782866982616
1961,0.052408146419609794,HOG8-ML00-H2-GPS-GradientEstimation-Escape-Specialist-Exploiter,Exploiter,3.8665373885385215
1972,0.0506922881959887,HOG8-ML00-H2-GPS-GradientEstimation-Escape-Specialist-Exploiter,Exploiter,3.2740295943362425
1982,0.04908307454010514,HOG8-ML00-H2-GPS-GradientEstimation-Escape-Specialist-Exploiter,Exploiter,3.1744742901759535
1992,0.04767197290402567,HOG8-ML00-H2-GPS-GradientEstimation-Escape-Specialist-Exploiter,Exploiter,2.87492511278298
2002,0.046067861098220364,HOG8-ML00-H2-GPS-GradientEstimation-Escape-Specialist-Exploiter,Exploiter,3.364894943690999
2019,0.044119075268861135,HOG8-ML00-H2-GPS-GradientEstimation-Escape-Specialist-Exploiter,Exploiter,4.230250293592449
2032,0.042604536243013615,HOG8-ML00-H2-GPS-GradientEstimation-Escape-Specialist-Exploiter,Exploiter,3.4328439946166993
2042,0.04137904268788895,HOG8-ML00-H2-GPS-GradientEstimation-Escape-Specialist-Exploiter,Exploiter,2.8764391381577865
2052,0.04018653448966934,HOG8-ML00-H2-GPS-GradientEstimation-Escape-Specialist-Exploiter,Exploiter,2.8819134536639224
2073,0.03881995582910389,HOG8-ML00-H2-GPS-GradientEstimation-Escape-Specialist-Exploiter,Exploiter,3.400588475517223
2079,0.03775965401472993,HOG8-ML00-H2-GPS-GradientEstimation-Escape-Specialist-Exploiter,Exploiter,2.7313318413902983
2094,0.036502858112224736,HOG8-ML00-H2-GPS-GradientEstimation-Escape-Specialist-Exploiter,Exploiter,3.3284094764610956
2103,0.03530985105346223,HOG8-ML00-H2-GPS-GradientEstimation-Escape-Specialist-Exploiter,Exploiter,3.2682565707449873
2113,0.03434398593067986,HOG8-ML00-H2-GPS-GradientEstimation-Escape-Specialist-Exploiter,Exploiter,2.7353984623723444
2124,0.03347332173926549,HOG8-ML00-H2-GPS-GradientEstimation-Escape-Specialist-Exploiter,Exploiter,2.5351285467322437
2139,0.032433026240198545,HOG8-ML00-H2-GPS-GradientEstimation-Escape-Specialist-Exploiter,Exploiter,3.1078346725495054
2148,0.031416322274860506,HOG8-ML00-H2-GPS-GradientEstimation-Escape-Specialist-Exploiter,Exploiter,3.1347798315468434
2159,0.030635343970238253,HOG8-ML00-H2-GPS-GradientEstimation-Escape-Specialist-Exploiter,Exploiter,2.4858998382735438
2170,0.029912814474292733,HOG8-ML00-H2-GPS-GradientEstimation-Escape-Specialist-Exploiter,Exploiter,2.3584833800052847
2184,0.029161169425723256,HOG8-ML00-H2-GPS-GradientEstimation-Escape-Specialist-Exploiter,Exploiter,2.512786114511042
2194,0.028375340390721815,HOG8-ML00-H2-GPS-GradientEstimation-Escape-Specialist-Exploiter,Exploiter,2.6947788805350728
2204,0.027517358055557523,HOG8-ML00-H2-GPS-GradientEstimation-Escape-Specialist-Exploiter,Exploiter,3.0236900186925544
2214,0.026877975500619003,HOG8-ML00-H2-GPS-GradientEstimation-Escape-Specialist-Exploiter,Exploiter,2.3235608362096634
2225,0.026114702597075608,HOG8-ML00-H2-GPS-GradientEstimation-Escape-Specialist-Exploiter,Exploiter,2.8397708135637556
2235,0.025522678369493863,HOG8-ML00-H2-GPS-GradientEstimation-Escape-Specialist-Exploiter,Exploiter,2.2670150095756463
2249,0.024985306820845484,HOG8-ML00-H2-GPS-GradientEstimation-Escape-Specialist-Exploiter,Exploiter,2.105466914047215
2260,0.024470076543172806,HOG8-ML00-H2-GPS-GradientEstimation-Escape-Specialist-Exploiter,Exploiter,2.0621330823234754
2268,0.023984199869816605,HOG8-ML00-H2-GPS-GradientEstimation-Escape-Specialist-Exploiter,Exploiter,1.9855952330143436
2280,0.023510031158172892,HOG8-ML00-H2-GPS-GradientEstimation-Escape-Specialist-Exploiter,Exploiter,1.9770045038710684
2295,0.023035692702722647,HOG8-ML00-H2-GPS-GradientEstimation-Escape-Specialist-Exploiter,Exploiter,2.0176002841465754
2304,0.022573383177779623,HOG8-ML00-H2-GPS-GradientEstimation-Escape-Specialist-Exploiter,Exploiter,2.006926949882356
2314,0.022107970900650916,HOG8-ML00-H2-GPS-GradientEstimation-Escape-Specialist-Exploiter,Exploiter,2.0617745840899975
2324,0.021598875139252786,HOG8-ML00-H2-GPS-GradientEstimation-Escape-Specialist-Exploiter,Exploiter,2.302770180429089
2335,0.02109906433546957,HOG8-ML00-H2-GPS-GradientEstimation-Escape-Specialist-Exploiter,Exploiter,2.3140594154131855
2349,0.020687183012564572,HOG8-ML00-H2-GPS-GradientEstimation-Escape-Specialist-Exploiter,Exploiter,1.9521307502370373
2359,0.02031950237711855,HOG8-ML00-H2-GPS-GradientEstimation-Escape-Specialist-Exploiter,Exploiter,1.777335441092711
2370,0.019969212532701397,HOG8-ML00-H2-GPS-GradientEstimation-Escape-Specialist-Exploiter,Exploiter,1.7239095619369589
2379,0.019635100872318876,HOG8-ML00-H2-GPS-GradientEstimation-Escape-Specialist-Exploiter,Exploiter,1.6731338796428896
2390,0.019463775401293203,HOG8-ML00-H2-GPS-GradientEstimation-Escape-Specialist-Exploiter,Exploiter,0.872546935917218
2400,0.01932035741890967,HOG8-ML00-H2-GPS-GradientEstimation-Escape-Specialist-Exploiter,Exploiter,0.7368456500685017
2415,0.019188119189736758,HOG8-ML00-H2-GPS-GradientEstimation-Escape-Specialist-Exploiter,Exploiter,0.6844502216272966
2424,0.019070236119213338,HOG8-ML00-H2-GPS-GradientEstimation-Escape-Specialist-Exploiter,Exploiter,0.6143544834059209
2434,0.018992472349722483,HOG8-ML00-H2-GPS-GradientEstimation-Escape-Specialist-Refiner,Refiner,0.4077755986068111
2439,0.018961008985163876,HOG8-ML02-H1-GPS-GradientEstimation-Escape-Specialist-Refiner,Refiner,0.1656622896653456
2445,0.018907993107032058,HOG8-ML00-H2-GPS-GradientEstimation-Escape-Specialist-Refiner,Refiner,0.27960473080994674
2445,0.018588680889144588,HOG8-ML02-H1-GPS-GradientEstimation-Escape-Specialist-Exploiter,Exploiter,1.6887684276165482
2459,0.01857809213414767,HOG8-ML00-H1-GPS-GradientEstimation-Escape-Specialist-Refiner,Refiner,0.05696345566457943
2459,0.018303076766787295,HOG8-ML02-H1-GPS-GradientEstimation-Escape-Specialist-Exploiter,Exploiter,1.480320828288281
2470,0.018301022452824084,HOG8-ML00-H1-GPS-GradientEstimation-Escape-Specialist-Polisher,Polisher,0.011223872299648992
2475,0.01810246453145434,HOG8-ML02-H1-GPS-GradientEstimation-Escape-Specialist-Exploiter,Exploiter,1.0849553454271779
2484,0.0178900503391999,HOG8-ML02-H1-GPS-GradientEstimation-Escape-Specialist-Exploiter,Exploiter,1.173399300881698
2500,0.01782030227343438,HOG8-ML00-H1-GPS-GradientEstimation-Escape-Specialist-Refiner,Refiner,0.3898707071421176
2500,0.017637890437498627,HOG8-ML02-H1-GPS-GradientEstimation-Escape-Specialist-Exploiter,Exploiter,1.023618079743137
2509,0.017636579862208842,HOG8-ML00-H1-GPS-GradientEstimation-Escape-Specialist-Polisher,Polisher,0.0074304537406533365
2510,0.017314197930462592,HOG8-ML02-H1-GPS-GradientEstimation-Escape-Specialist-Exploiter,Exploiter,1.8279163775797622
2522,0.017132687506399645,HOG8-ML02-H1-GPS-GradientEstimation-Escape-Specialist-Exploiter,Exploiter,1.0483328467881143
2531,0.016833482808056084,HOG8-ML02-H1-GPS-GradientEstimation-Escape-Specialist-Exploiter,Exploiter,1.7463967531760425
2544,0.0164607325448143,HOG8-ML02-H1-GPS-GradientEstimation-Escape-Specialist-Exploiter,Exploiter,2.2143383368259073
2559,0.016141326965890684,HOG8-ML02-H1-GPS-GradientEstimation-Escape-Specialist-Exploiter,Exploiter,1.9404092621882707
2569,0.015853055597619885,HOG8-ML02-H1-GPS-GradientEstimation-Escape-Specialist-Exploiter,Exploiter,1.7859211258155194
2580,0.015703467034719622,HOG8-ML00-H1-GPS-GradientEstimation-Escape-Specialist-Exploiter,Exploiter,0.9435945138722805
2580,0.01552706590829236,HOG8-ML02-H1-GPS-GradientEstimation-Escape-Specialist-Exploiter,Exploiter,1.1233259893324694
2589,0.015269658284608873,HOG8-ML02-H1-GPS-GradientEstimation-Escape-Specialist-Exploiter,Exploiter,1.657799517331961
2600,0.014972559142514661,HOG8-ML02-H1-GPS-GradientEstimation-Escape-Specialist-Exploiter,Exploiter,1.9456829783393008
2609,0.014770898311071673,HOG8-ML02-H1-GPS-GradientEstimation-Escape-Specialist-Exploiter,Exploiter,1.3468694932075536
2620,0.01450878127314584,HOG8-ML02-H1-GPS-GradientEstimation-Escape-Specialist-Exploiter,Exploiter,1.7745504193835058
2634,0.014284569117681889,HOG8-ML02-H1-GPS-GradientEstimation-Escape-Specialist-Exploiter,Exploiter,1.545354852643223
2644,0.014066896253271753,HOG8-ML02-H1-GPS-GradientEstimation-Escape-Specialist-Exploiter,Exploiter,1.5238322039458196
2657,0.013862656901029096,HOG8-ML02-H1-GPS-GradientEstimation-Escape-Specialist-Exploiter,Exploiter,1.4519148258817507
2670,0.013794675517904326,HOG8-ML00-H1-GPS-GradientEstimation-Escape-Specialist-Refiner,Refiner,0.49039216371086186
2670,0.013697132648152886,HOG8-ML02-H1-GPS-GradientEstimation-Escape-Specialist-Exploiter,Exploiter,0.7071052133472633
2679,0.013466441071740026,HOG8-ML02-H1-GPS-GradientEstimation-Escape-Specialist-Exploiter,Exploiter,1.6842326225406725
2690,0.013272266457409592,HOG8-ML02-H1-GPS-GradientEstimation-Escape-Specialist-Exploiter,Exploiter,1.4419148555732264
2700,0.013105921384544549,HOG8-ML02-H1-GPS-GradientEstimation-Escape-Specialist-Exploiter,Exploiter,1.2533283098168766
2709,0.012941096894688052,HOG8-ML02-H1-GPS-GradientEstimation-Escape-Specialist-Exploiter,Exploiter,1.2576337444757568
2724,0.012936329393932524,HOG8-ML00-H1-GPS-GradientEstimation-Escape-Specialist-Polisher,Polisher,0.036840005096362816
2724,0.012726767395021252,HOG8-ML02-H1-GPS-GradientEstimation-Escape-Specialist-Exploiter,Exploiter,1.6199494658010325
2740,0.012593569576974002,HOG8-ML02-H1-GPS-GradientEstimation-Escape-Specialist-Exploiter,Exploiter,1.046595839406611
2755,0.012396186817998095,HOG8-ML02-H1-GPS-GradientEstimation-Escape-Specialist-Exploiter,Exploiter,1.567329721485804
2770,0.012245993720746438,HOG8-ML02-H1-GPS-GradientEstimation-Escape-Specialist-Exploiter,Exploiter,1.2116072422657427
2781,0.012085656536471341,HOG8-ML02-H1-GPS-GradientEstimation-Escape-Specialist-Exploiter,Exploiter,1.30930317237925
2789,0.011905621928443324,HOG8-ML02-H1-GPS-GradientEstimation-Escape-Specialist-Exploiter,Exploiter,1.4896551749979026
2801,0.011769661082529873,HOG8-ML02-H1-GPS-GradientEstimation-Escape-Specialist-Exploiter,Exploiter,1.141988606144395
2814,0.011598863414259959,HOG8-ML02-H1-GPS-GradientEstimation-Escape-Specialist-Exploiter,Exploiter,1.4511689595160453
2824,0.011433746007025684,HOG8-ML02-H1-GPS-GradientEstimation-Escape-Specialist-Exploiter,Exploiter,1.4235654075491166
2835,0.01134508661136028,HOG8-ML02-H1-GPS-GradientEstimation-Escape-Specialist-Exploiter,Exploiter,0.7754186214292706
2846,0.011217202644976002,HOG8-ML02-H1-GPS-GradientEstimation-Escape-Specialist-Exploiter,Exploiter,1.127218951825572
2861,0.01116788757271764,HOG8-ML00-H2-GPS-GradientEstimation-Escape-Specialist-Refiner,Refiner,0.4396378831619781
2861,0.011065104176108405,HOG8-ML02-H1-GPS-GradientEstimation-Escape-Specialist-Exploiter,Exploiter,0.9203477017473564
2870,0.010926514423001306,HOG8-ML02-H1-GPS-GradientEstimation-Escape-Specialist-Exploiter,Exploiter,1.2524938843896267
2879,0.010814226748430338,HOG8-ML02-H1-GPS-GradientEstimation-Escape-Specialist-Exploiter,Exploiter,1.0276623470572819
2890,0.010708007134096136,HOG8-ML02-H1-GPS-GradientEstimation-Escape-Specialist-Exploiter,Exploiter,0.9822210760433727
2905,0.010630127775024645,HOG8-ML00-H2-GPS-GradientEstimation-Escape-Specialist-Exploiter,Exploiter,0.7273002165221713
2905,0.0105988310017732,HOG8-ML02-H1-GPS-GradientEstimation-Escape-Specialist-Refiner,Refiner,0.29441577668498964
2914,0.010489057617952734,HOG8-ML02-H1-GPS-GradientEstimation-Escape-Specialist-Exploiter,Exploiter,1.0357121818632664
2924,0.010391666790688737,HOG8-ML02-H1-GPS-GradientEstimation-Escape-Specialist-Exploiter,Exploiter,0.9284993067185098
2935,0.010281440741462639,HOG8-ML02-H1-GPS-GradientEstimation-Escape-Specialist-Exploiter,Exploiter,1.0607157778082785
2949,0.010254281941802154,HOG8-ML00-H2-GPS-GradientEstimation-Escape-Specialist-Refiner,Refiner,0.26415363705749606
2949,0.010197175646225543,HOG8-ML02-H1-GPS-GradientEstimation-Escape-Specialist-Exploiter,Exploiter,0.5569019449700741
2960,0.010132809426909712,HOG8-ML00-H2-GPS-GradientEstimation-Escape-Specialist-Exploiter,Exploiter,0.631216147969912
2960,0.01007688486869452,HOG8-ML02-H1-GPS-GradientEstimation-Escape-Specialist-Exploiter,Exploiter,0.5519156224005632
2970,0.010016838671713579,HOG8-ML00-H2-GPS-GradientEstimation-Escape-Specialist-Exploiter,Exploiter,0.595880550024786
2970,0.009972321354300408,HOG8-ML02-H1-GPS-GradientEstimation-Escape-Specialist-Refiner,Refiner,0.44442482176420733
2980,0.009870676297045196,HOG8-ML02-H1-GPS-GradientEstimation-Escape-Specialist-Exploiter,Exploiter,1.019271778795807
2994,0.009830535330574527,HOG8-ML00-H2-GPS-GradientEstimation-Escape-Specialist-Refiner,Refiner,0.4066688569524326
2994,0.009778439184665259,HOG8-ML02-H1-GPS-GradientEstimation-Escape-Specialist-Exploiter,Exploiter,0.5299421054644042
3005,0.009741328313018483,HOG8-ML00-H2-GPS-GradientEstimation-Escape-Specialist-Refiner,Refiner,0.37951733345106353
3005,0.009697938284140496,HOG8-ML02-H1-GPS-GradientEstimation-Escape-Specialist-Refiner,Refiner,0.4454220973129547
3016,0.009619964419809637,HOG8-ML02-H1-GPS-GradientEstimation-Escape-Specialist-Exploiter,Exploiter,0.8040251654145223
3034,0.009598311640710112,HOG8-ML00-H1-GPS-GradientEstimation-Escape-Specialist-Refiner,Refiner,0.22508169629959432
3040,0.009536776212903926,HOG8-ML00-H2-GPS-GradientEstimation-Escape-Specialist-Exploiter,Exploiter,0.6411067915860403
3040,0.00948298957299238,HOG8-ML02-H1-GPS-GradientEstimation-Escape-Specialist-Exploiter,Exploiter,0.56399184284904
3049,0.009448792988052526,HOG8-ML00-H2-GPS-GradientEstimation-Escape-Specialist-Refiner,Refiner,0.36060974945333524
3049,0.009397725406670051,HOG8-ML02-H1-GPS-GradientEstimation-Escape-Specialist-Exploiter,Exploiter,0.5404667183104487
3060,0.009377270770826524,HOG8-ML00-H2-GPS-GradientEstimation-Escape-Specialist-Refiner,Refiner,0.2176551767410552
3060,0.009313131755260863,HOG8-ML02-H1-GPS-GradientEstimation-Escape-Specialist-Exploiter,Exploiter,0.6839838278446964
3069,0.009306770401730929,HOG8-ML00-H2-GPS-GradientEstimation-Escape-Specialist-Refiner,Refiner,0.06830520277285798
3071,0.009245385074691363,HOG8-ML02-H1-GPS-GradientEstimation-Escape-Specialist-Exploiter,Exploiter,0.6595771077381405
3085,0.00922626779601847,HOG8-ML00-H2-GPS-GradientEstimation-Escape-Specialist-Refiner,Refiner,0.2067764459614034
3085,0.009165144552051445,HOG8-ML02-H1-GPS-GradientEstimation-Escape-Specialist-Exploiter,Exploiter,0.662491543909038
3095,0.009159498017108091,HOG8-ML00-H2-GPS-GradientEstimation-Escape-Specialist-Refiner,Refiner,0.061608793088696115
3095,0.00910102120021965,HOG8-ML02-H1-GPS-GradientEstimation-Escape-Specialist-Exploiter,Exploiter,0.6384281843744898
3105,0.009044833289255597,HOG8-ML02-H1-GPS-GradientEstimation-Escape-Specialist-Exploiter,Exploiter,0.6173802887383376
3115,0.009038541237704322,HOG8-ML00-H2-GPS-GradientEstimation-Escape-Specialist-Refiner,Refiner,0.0695651467534456
3115,0.008975602653400918,HOG8-ML02-H1-GPS-GradientEstimation-Escape-Specialist-Exploiter,Exploiter,0.696335643641873
3129,0.00891534148634523,HOG8-ML02-H1-GPS-GradientEstimation-Escape-Specialist-Exploiter,Exploiter,0.6713885338145434
3140,0.008870982794061948,HOG8-ML02-H1-GPS-GradientEstimation-Escape-Specialist-Refiner,Refiner,0.4975546068675246
3149,0.00885389924314162,HOG8-ML00-H2-GPS-GradientEstimation-Escape-Specialist-Refiner,Refiner,0.19257788361130815
3149,0.00880352183512241,HOG8-ML02-H1-GPS-GradientEstimation-Escape-Specialist-Exploiter,Exploiter,0.5689855580662119
3160,0.008782884633874272,HOG8-ML00-H2-GPS-GradientEstimation-Escape-Specialist-Refiner,Refiner,0.23441983372841177
3160,0.008745838266143422,HOG8-ML02-H1-GPS-GradientEstimation-Escape-Specialist-Refiner,Refiner,0.42180182565495156
3169,0.008729778817275113,HOG8-ML00-H2-GPS-GradientEstimation-Escape-Specialist-Refiner,Refiner,0.18362389492700965
3171,0.008690915121673555,HOG8-ML02-H1-GPS-GradientEstimation-Escape-Specialist-Refiner,Refiner,0.4451853410610024
3185,0.008627377739428076,HOG8-ML02-H1-GPS-GradientEstimation-Escape-Specialist-Exploiter,Exploiter,0.7310781586973316
3195,0.008611721985874832,HOG8-ML00-H2-GPS-GradientEstimation-Escape-Specialist-Refiner,Refiner,0.18146595670310586
3195,0.008573956224344322,HOG8-ML02-H1-GPS-GradientEstimation-Escape-Specialist-Refiner,Refiner,0.43853902381492654
3211,0.008560631013648484,HOG8-ML00-H2-GPS-GradientEstimation-Escape-Specialist-Refiner,Refiner,0.15541496069227168
3211,0.008532280891292713,HOG8-ML02-H1-GPS-GradientEstimation-Escape-Specialist-Refiner,Refiner,0.331168605568582
3219,0.008508369817562889,HOG8-ML00-H2-GPS-GradientEstimation-Escape-Specialist-Refiner,Refiner,0.28024245842897144
3219,0.008505365106405451,HOG8-ML02-H1-GPS-GradientEstimation-Escape-Specialist-Polisher,Polisher,0.03531476912575379
3229,0.008483011288034019,HOG8-ML02-H1-GPS-GradientEstimation-Escape-Specialist-Refiner,Refiner,0.2628202092652973
3234,0.008476813013546372,HOG8-ML00-H2-GPS-GradientEstimation-Escape-Specialist-Refiner,Refiner,0.07306691311834028
3239,0.008443140830609165,HOG8-ML02-H1-GPS-GradientEstimation-Escape-Specialist-Refiner,Refiner,0.39722691633515367
3245,0.008438786480744101,HOG8-ML00-H2-GPS-GradientEstimation-Escape-Specialist-Refiner,Refiner,0.051572630996250445
3249,0.008397043747045843,HOG8-ML02-H1-GPS-GradientEstimation-Escape-Specialist-Refiner,Refiner,0.4946532750118452
3260,0.00836641333998206,HOG8-ML04-H2-GPS-Sniper-Specialist-Refiner,Refiner,0.36477608056478233
3265,0.008349146299756794,HOG8-ML02-H1-GPS-GradientEstimation-Escape-Specialist-Refiner,Refiner,0.20638521578593777
3270,0.008267184146876987,HOG8-ML04-H2-GPS-Sniper-Specialist-Exploiter,Exploiter,0.9816830360511822
3282,0.008214010847812807,HOG8-ML04-H2-GPS-Sniper-Specialist-Exploiter,Exploiter,0.643185129537323
3290,0.008170283894533552,HOG8-ML04-H2-GPS-Sniper-Specialist-Exploiter,Exploiter,0.5323459402406129
3299,0.008110396417173663,HOG8-ML04-H2-GPS-Sniper-Specialist-Exploiter,Exploiter,0.7329913884627418
3309,0.008049645703811684,HOG8-ML04-H2-GPS-Sniper-Specialist-Exploiter,Exploiter,0.7490473983902936
3320,0.008028104691808438,HOG8-ML04-H2-GPS-Sniper-Specialist-Refiner,Refiner,0.2676019889054918
3332,0.007980488029110633,HOG8-ML04-H2-GPS-Sniper-Specialist-Exploiter,Exploiter,0.5931245857617068
3345,0.007860775671230728,HOG8-ML04-H2-GPS-Sniper-Specialist-Exploiter,Exploiter,1.500063121994891
3355,0.007833691928643362,HOG8-ML04-H2-GPS-Sniper-Specialist-Refiner,Refiner,0.3445428761755408
3364,0.00777037826999105,HOG8-ML04-H2-GPS-Sniper-Specialist-Exploiter,Exploiter,0.8082224732480228
3375,0.007676108187419426,HOG8-ML04-H2-GPS-Sniper-Specialist-Exploiter,Exploiter,1.2131981133491483
3379,0.007670192850650454,HOG8-ML04-H2-GPS-Sniper-Specialist-Refiner,Refiner,0.07706166490289074
3382,0.007643997900125943,HOG8-ML04-H2-GPS-Sniper-Specialist-Refiner,Refiner,0.34151619176419373
3384,0.007618665208512038,HOG8-ML04-H2-GPS-Sniper-Specialist-Refiner,Refiner,0.3314063130955067
3390,0.007594527387361057,HOG8-ML04-H2-GPS-Sniper-Specialist-Refiner,Refiner,0.31682480448166644
3394,0.007534375707021696,HOG8-ML04-H2-GPS-Sniper-Specialist-Exploiter,Exploiter,0.7920398106597957
3405,0.007481459215737015,HOG8-ML04-H2-GPS-Sniper-Specialist-Exploiter,Exploiter,0.702334119539125
3415,0.007462424176249839,HOG8-ML04-H2-GPS-Sniper-Specialist-Refiner,Refiner,0.25442950283196963
3425,0.00745465339952002,HOG8-ML04-H2-GPS-Sniper-Specialist-Refiner,Refiner,0.10413206950297346
3429,0.007414728963129602,HOG8-ML04-H2-GPS-Sniper-Specialist-Exploiter,Exploiter,0.5355639524835392
3435,0.007358048149040732,HOG8-ML04-H2-GPS-Sniper-Specialist-Exploiter,Exploiter,0.7644354145744289
3445,0.007292424789426936,HOG8-ML04-H2-GPS-Sniper-Specialist-Exploiter,Exploiter,0.8918582521419274
3462,0.007231481837876452,HOG8-ML04-H2-GPS-Sniper-Specialist-Exploiter,Exploiter,0.8357021609443701
3469,0.007207258197005394,HOG8-ML04-H2-GPS-Sniper-Specialist-Refiner,Refiner,0.33497478682973864
3481,0.007133697880416788,HOG8-ML04-H2-GPS-Sniper-Specialist-Exploiter,Exploiter,1.020642171792465
3490,0.007106962900257046,HOG8-ML04-H2-GPS-Sniper-Specialist-Refiner,Refiner,0.37477028895678505
3499,0.006955299983353815,HOG8-ML04-H2-GPS-Sniper-Specialist-Exploiter,Exploiter,2.1340046237999273
3504,0.00694141918479105,HOG8-ML04-H2-GPS-Sniper-Specialist-Refiner,Refiner,0.1995715295671724
3510,0.006935388307518019,HOG8-ML04-H2-GPS-Sniper-Specialist-Refiner,Refiner,0.08688248198935543
3510,0.006915051684288887,HOG8-ML04-H2-GPS-Sniper-Specialist-Refiner,Refiner,0.29322977066888334
3524,0.006854507857066654,HOG8-ML04-H2-GPS-Sniper-Specialist-Exploiter,Exploiter,0.8755368721218632
3534,0.006853811615834486,HOG8-ML04-H2-GPS-Sniper-Specialist-Polisher,Polisher,0.010157421169921266
3549,0.006840377747006653,HOG8-ML04-H2-GPS-Sniper-Specialist-Refiner,Refiner,0.19600580787480568
3554,0.006822868196055725,HOG8-ML04-H2-GPS-Sniper-Specialist-Refiner,Refiner,0.2559734505684286
3563,0.0067969137302573155,HOG8-ML04-H2-GPS-Sniper-Specialist-Refiner,Refiner,0.38040403321016053
3578,0.006790407075514263,HOG8-ML04-H2-GPS-Sniper-Specialist-Refiner,Refiner,0.09572954728095183
3581,0.006718085489071332,HOG8-ML04-H2-GPS-Sniper-Specialist-Exploiter,Exploiter,1.0650552409989893
3592,0.006695988101107223,HOG8-ML04-H2-GPS-Sniper-Specialist-Refiner,Refiner,0.3289238876173307
3602,0.006688317089781438,HOG8-ML04-H2-GPS-Sniper-Specialist-Refiner,Refiner,0.11456130461934919
3612,0.0066418492703687725,HOG8-ML04-H2-GPS-Sniper-Specialist-Exploiter,Exploiter,0.6947610107131503
3622,0.006593875973148954,HOG8-ML04-H2-GPS-Sniper-Specialist-Exploiter,Exploiter,0.722288255378539
3633,0.006577565569776376,HOG8-ML04-H2-GPS-Sniper-Specialist-Refiner,Refiner,0.24735684199999683
3642,0.0065506514132218675,HOG8-ML04-H2-GPS-Sniper-Specialist-Refiner,Refiner,0.4091811213281965
3655,0.006517546736564178,HOG8-ML04-H2-GPS-Sniper-Specialist-Exploiter,Exploiter,0.505364651076857
3664,0.00646427577172696,HOG8-ML04-H2-GPS-Sniper-Specialist-Exploiter,Exploiter,0.8173468789776548
3669,0.006456835440854541,HOG8-ML04-H2-GPS-Sniper-Specialist-Refiner,Refiner,0.11509921815156729
3676,0.0064460309512867145,HOG8-ML04-H2-GPS-Sniper-Specialist-Refiner,Refiner,0.16733413243681777
3684,0.006433599166607349,HOG8-ML04-H2-GPS-Sniper-Specialist-Refiner,Refiner,0.1928595250831612
3694,0.006396701967239526,HOG8-ML04-H2-GPS-Sniper-Specialist-Exploiter,Exploiter,0.5735078983367988
3704,0.006343802215848518,HOG8-ML04-H2-GPS-Sniper-Specialist-Exploiter,Exploiter,0.826984775309715
3714,0.006321596431479925,HOG8-ML04-H2-GPS-Sniper-Specialist-Refiner,Refiner,0.3500390398855219
3729,0.006297431120466467,HOG8-ML04-H2-GPS-Sniper-Specialist-Refiner,Refiner,0.3822659556867863
3740,0.006267625419914609,HOG8-ML04-H2-GPS-Sniper-Specialist-Refiner,Refiner,0.4732993498728414
3749,0.006207404346266867,HOG8-ML04-H2-GPS-Sniper-Specialist-Exploiter,Exploiter,0.9608275800336848
3760,0.006145436441165272,HOG8-ML04-H2-GPS-Sniper-Specialist-Exploiter,Exploiter,0.9982901329581209
3769,0.006103601245793152,HOG8-ML04-H2-GPS-Sniper-Specialist-Exploiter,Exploiter,0.6807522260239567
3779,0.006026232348122504,HOG8-ML04-H2-GPS-Sniper-Specialist-Exploiter,Exploiter,1.2675942374835378
3791,0.005987128341538314,HOG8-ML04-H2-GPS-Sniper-Specialist-Exploiter,Exploiter,0.6488964302276452
3799,0.005954009951174451,HOG8-ML04-H2-GPS-Sniper-Specialist-Exploiter,Exploiter,0.5531598535159001
3809,0.005913106049357155,HOG8-ML04-H2-GPS-Sniper-Specialist-Exploiter,Exploiter,0.6869975386794215
3820,0.005878205818491123,HOG8-ML04-H2-GPS-Sniper-Specialist-Exploiter,Exploiter,0.5902182469706635
3831,0.005834747724148124,HOG8-ML04-H2-GPS-Sniper-Specialist-Exploiter,Exploiter,0.7393088245786282
3842,0.005813400349625879,HOG8-ML04-H2-GPS-Sniper-Specialist-Refiner,Refiner,0.36586628131143795
3852,0.005747681136717995,HOG8-ML04-H2-GPS-Sniper-Specialist-Exploiter,Exploiter,1.1304780155406624
3864,0.005727491912323514,HOG8-ML04-H2-GPS-Sniper-Specialist-Refiner,Refiner,0.35125860176038004
3874,0.005705449128757129,HOG8-ML04-H2-GPS-Sniper-Specialist-Refiner,Refiner,0.3848592700577559
3884,0.0056884949313394904,HOG8-ML04-H2-GPS-Sniper-Specialist-Refiner,Refiner,0.2971579806431739
3895,0.00565088920952255,HOG8-ML04-H2-GPS-Sniper-Specialist-Exploiter,Exploiter,0.6610838591023533
3904,0.005626360346572641,HOG8-ML04-H2-GPS-Sniper-Specialist-Refiner,Refiner,0.4340708522222341
3915,0.005592866121316683,HOG8-ML04-H2-GPS-Sniper-Specialist-Exploiter,Exploiter,0.5953089242917177
3924,0.005545807285968918,HOG8-ML04-H2-GPS-Sniper-Specialist-Exploiter,Exploiter,0.8414082212410816
3935,0.0055323460515838896,HOG8-ML04-H2-GPS-Sniper-Specialist-Refiner,Refiner,0.24272813119715617
3945,0.005483325296526207,HOG8-ML04-H2-GPS-Sniper-Specialist-Exploiter,Exploiter,0.8860753575537459
3954,0.005443902255719392,HOG8-ML04-H2-GPS-Sniper-Specialist-Exploiter,Exploiter,0.7189622842874199
3964,0.0054225087708747784,HOG8-ML04-H2-GPS-Sniper-Specialist-Refiner,Refiner,0.3929806936217079
3980,0.0054069783209428485,HOG8-ML04-H2-GPS-Sniper-Specialist-Refiner,Refiner,0.2864070965702567
3985,0.005394819631928928,HOG8-ML04-H2-GPS-Sniper-Specialist-Refiner,Refiner,0.22487031188614687
3999,0.005377179166249019,HOG8-ML04-H2-GPS-Sniper-Specialist-Refiner,Refiner,0.3269889798632898
4010,0.0053374898885846685,HOG8-ML04-H2-GPS-Sniper-Specialist-Exploiter,Exploiter,0.7381059183124968
4025,0.005331898999331777,HOG8-ML04-H2-GPS-Sniper-Specialist-Refiner,Refiner,0.10474753806745095
4030,0.005316757719571839,HOG8-ML04-H2-GPS-Sniper-Specialist-Refiner,Refiner,0.28397536715972416
4039,0.005292181634676761,HOG8-ML04-H2-GPS-Sniper-Specialist-Refiner,Refiner,0.46223819461642085
4049,0.005254217157915456,HOG8-ML04-H2-GPS-Sniper-Specialist-Exploiter,Exploiter,0.7173691188628948
4060,0.005234831711822837,HOG8-ML04-H2-GPS-Sniper-Specialist-Refiner,Refiner,0.3689502262656715
4071,0.005223456630560794,HOG8-ML04-H1-GPS-Sniper-Specialist-Refiner,Refiner,0.21729602570322645
4079,0.005163052590376393,HOG8-ML04-H2-GPS-Sniper-Specialist-Exploiter,Exploiter,1.1563997646883102
4090,0.00515052735084315,HOG8-ML04-H2-GPS-Sniper-Specialist-Refiner,Refiner,0.24259368491790184
4101,0.005137971097877366,HOG8-ML04-H2-GPS-Sniper-Specialist-Refiner,Refiner,0.24378577396989512
4115,0.005125164107083493,HOG8-ML04-H2-GPS-Sniper-Specialist-Refiner,Refiner,0.24926163557369616
4121,0.005108588222637443,HOG8-ML04-H2-GPS-Sniper-Specialist-Refiner,Refiner,0.3234215353834287
4131,0.005082627024239214,HOG8-ML04-H2-GPS-Sniper-Specialist-Exploiter,Exploiter,0.5081873360469404
4141,0.00506215685553774,HOG8-ML04-H1-GPS-Sniper-Specialist-Refiner,Refiner,0.4027478035246489
4155,0.005051762077227376,HOG8-ML04-H1-GPS-Sniper-Specialist-Refiner,Refiner,0.2053428727518211
4166,0.005016052832143287,HOG8-ML04-H1-GPS-Sniper-Specialist-Exploiter,Exploiter,0.7068671195949942
4172,0.005004030717608004,HOG8-ML04-H2-GPS-Sniper-Specialist-Refiner,Refiner,0.23967280524327825
4178,0.004990709423291884,HOG8-ML04-H1-GPS-Sniper-Specialist-Refiner,Refiner,0.26621128182218706
4181,0.004985379419251974,HOG8-ML04-H2-GPS-Sniper-Specialist-Refiner,Refiner,0.10679852477553757
4185,0.004967647579820198,HOG8-ML04-H1-GPS-Sniper-Specialist-Refiner,Refiner,0.35567682899522174
4193,0.004959131728454023,HOG8-ML04-H2-GPS-Sniper-Specialist-Refiner,Refiner,0.17142623806021764
4202,0.00492815422941552,HOG8-ML04-H2-GPS-Sniper-Specialist-Exploiter,Exploiter,0.6246557005284472
4214,0.0049052621405310404,HOG8-ML04-H2-GPS-Sniper-Specialist-Refiner,Refiner,0.46451648667648726
4226,0.004894928894718125,HOG8-ML04-H2-GPS-Sniper-Specialist-Refiner,Refiner,0.21065634245179976
4232,0.004866644216276937,HOG8-ML04-H2-GPS-Sniper-Specialist-Exploiter,Exploiter,0.5778363496088436
4250,0.004863130672784084,HOG8-ML04-H2-GPS-Sniper-Specialist-Refiner,Refiner,0.07219643221713049
4256,0.004832127728159995,HOG8-ML04-H1-GPS-Sniper-Specialist-Exploiter,Exploiter,0.6375100055935736
4271,0.004815816098985799,HOG8-ML04-H1-GPS-Sniper-Specialist-Refiner,Refiner,0.33756618392219606
4277,0.004780329229439453,HOG8-ML04-H1-GPS-Sniper-Specialist-Exploiter,Exploiter,0.7368817416806955
4285,0.004775713168750074,HOG8-ML04-H1-GPS-Sniper-Specialist-Refiner,Refiner,0.0965636563471768
4296,0.004755082724733954,HOG8-ML04-H1-GPS-Sniper-Specialist-Refiner,Refiner,0.4319866643397927
4311,0.004748460683626004,HOG8-ML04-H1-GPS-Sniper-Specialist-Refiner,Refiner,0.13926237441684908
4320,0.0047344252335847145,HOG8-ML04-H1-GPS-Sniper-Specialist-Refiner,Refiner,0.2955789460295591
4330,0.004694103925763248,HOG8-ML04-H1-GPS-Sniper-Specialist-Exploiter,Exploiter,0.851662151837106
4341,0.004632790716080749,HOG8-ML04-H1-GPS-Sniper-Specialist-Exploiter,Exploiter,1.306174951644893
4350,0.0046149241414400275,HOG8-ML04-H1-GPS-Sniper-Specialist-Refiner,Refiner,0.3856546892719585
4360,0.004604512024904233,HOG8-ML04-H1-GPS-Sniper-Specialist-Refiner,Refiner,0.2256183680745294
4373,0.004584031883679708,HOG8-ML04-H1-GPS-Sniper-Specialist-Refiner,Refiner,0.44478418372576384
4385,0.004568247088772614,HOG8-ML04-H1-GPS-Sniper-Specialist-Refiner,Refiner,0.34434304358334683
4395,0.004547085629199291,HOG8-ML04-H1-GPS-Sniper-Specialist-Refiner,Refiner,0.46322931229643766
4402,0.004534522235457301,HOG8-ML04-H1-GPS-Sniper-Specialist-Refiner,Refiner,0.27629551687598225
4416,0.004523972810493694,HOG8-ML04-H1-GPS-Sniper-Specialist-Refiner,Refiner,0.23264689014240247
4425,0.004487028143475802,HOG8-ML04-H1-GPS-Sniper-Specialist-Exploiter,Exploiter,0.8166421100541558
4435,0.004480700662567596,HOG8-ML04-H1-GPS-Sniper-Specialist-Refiner,Refiner,0.1410171878998859
4447,0.0044382800749236985,HOG8-ML04-H1-GPS-Sniper-Specialist-Exploiter,Exploiter,0.9467400489009481
4455,0.004424263104964627,HOG8-ML04-H1-GPS-Sniper-Specialist-Refiner,Refiner,0.3158198609021479
4465,0.004411958508542557,HOG8-ML04-H1-GPS-Sniper-Specialist-Refiner,Refiner,0.2781162903323401
4476,0.004402938985089168,HOG8-ML04-H1-GPS-Sniper-Specialist-Refiner,Refiner,0.20443355112984757
4490,0.004384810785760282,HOG8-ML04-H1-GPS-Sniper-Specialist-Refiner,Refiner,0.4117295149961929
4501,0.00436650250158329,HOG8-ML04-H1-GPS-Sniper-Specialist-Refiner,Refiner,0.417538750735791
4510,0.004351115028267666,HOG8-ML04-H1-GPS-Sniper-Specialist-Refiner,Refiner,0.3523981335186359
4520,0.004337266638888748,HOG8-ML04-H1-GPS-Sniper-Specialist-Refiner,Refiner,0.3182721966427044
4529,0.004319869104956589,HOG8-ML04-H1-GPS-Sniper-Specialist-Refiner,Refiner,0.40111746361565764
4540,0.004317663386368347,HOG8-ML04-H1-GPS-Sniper-Specialist-Refiner,Refiner,0.05105984775582552
4550,0.00430746718873647,HOG8-ML04-H1-GPS-Sniper-Specialist-Refiner,Refiner,0.23615082324547992
4563,0.004296160613806223,HOG8-ML04-H1-GPS-Sniper-Specialist-Refiner,Refiner,0.2624877784284003
4570,0.004278015253995201,HOG8-ML04-H1-GPS-Sniper-Specialist-Refiner,Refiner,0.4223622308884273
4580,0.004266098646439688,HOG8-ML04-H1-GPS-Sniper-Specialist-Refiner,Refiner,0.27855458309515685
4590,0.004242425895151582,HOG8-ML04-H1-GPS-Sniper-Specialist-Exploiter,Exploiter,0.554903982538275
4601,0.004227936250515097,HOG8-ML04-H1-GPS-Sniper-Specialist-Refiner,Refiner,0.34154149051948124
4611,0.004211275233827106,HOG8-ML04-H1-GPS-Sniper-Specialist-Refiner,Refiner,0.39406972340138063
4620,0.004201673011283702,HOG8-ML04-H1-GPS-Sniper-Specialist-Refiner,Refiner,0.22801222931889978
4630,0.004176440707861174,HOG8-ML04-H1-GPS-Sniper-Specialist-Exploiter,Exploiter,0.6005299164110482
4640,0.004168102748918657,HOG8-ML04-H1-GPS-Sniper-Specialist-Refiner,Refiner,0.1996426987894956
4649,0.004138871578812918,HOG8-ML04-H1-GPS-Sniper-Specialist-Exploiter,Exploiter,0.7013063704660897
4664,0.00412410372370134,HOG8-ML04-H1-GPS-Sniper-Specialist-Refiner,Refiner,0.3568087298764199
4680,0.004120478673006573,HOG8-ML04-H1-GPS-Sniper-Specialist-Refiner,Refiner,0.08789911548378011
4692,0.004085181209812654,HOG8-ML04-H1-GPS-Sniper-Specialist-Exploiter,Exploiter,0.8566350173137467
4702,0.004051264633951317,HOG8-ML04-H1-GPS-Sniper-Specialist-Exploiter,Exploiter,0.830234305882642
4716,0.004021827645029603,HOG8-ML04-H1-GPS-Sniper-Specialist-Exploiter,Exploiter,0.7266123440818921
4724,0.00400088677900974,HOG8-ML04-H1-GPS-Sniper-Specialist-Exploiter,Exploiter,0.5206803440655398
4733,0.003975721556772991,HOG8-ML04-H1-GPS-Sniper-Specialist-Exploiter,Exploiter,0.6289911118898834
4746,0.003969289534598831,HOG8-ML04-H1-GPS-Sniper-Specialist-Refiner,Refiner,0.16178251123251713
4752,0.003961129097684362,HOG8-ML04-H1-GPS-Sniper-Specialist-Refiner,Refiner,0.20558935908649673
4765,0.003941873674420651,HOG8-ML04-H1-GPS-Sniper-Specialist-Refiner,Refiner,0.48610945992565807
4775,0.0039357306724129,HOG8-ML04-H1-GPS-Sniper-Specialist-Refiner,Refiner,0.1558396467043991
4782,0.003916279195883536,HOG8-ML04-H1-GPS-Sniper-Specialist-Refiner,Refiner,0.49422783590622776
4791,0.0038918658404961466,HOG8-ML04-H1-GPS-Sniper-Specialist-Exploiter,Exploiter,0.6233813823348072
4795,0.0038830589855701307,HOG8-ML04-H1-GPS-Sniper-Specialist-Refiner,Refiner,0.22628875934976217
4810,0.0038724121620793434,HOG8-ML04-H1-GPS-Sniper-Specialist-Refiner,Refiner,0.2741864991068134
4815,0.003853756885887248,HOG8-ML04-H1-GPS-Sniper-Specialist-Refiner,Refiner,0.481748207868407
4826,0.003831627363007067,HOG8-ML04-H1-GPS-Sniper-Specialist-Exploiter,Exploiter,0.5742324577147321
4836,0.0038250947225876384,HOG8-ML04-H1-GPS-Sniper-Specialist-Refiner,Refiner,0.17049258188566815
4844,0.003813931591737321,HOG8-ML04-H1-GPS-Sniper-Specialist-Refiner,Refiner,0.2918393310470913
4857,0.0037930021822939666,HOG8-ML04-H1-GPS-Sniper-Specialist-Exploiter,Exploiter,0.5487620566844179
4866,0.003765249812454361,HOG8-ML04-H1-GPS-Sniper-Specialist-Exploiter,Exploiter,0.731672920441639
4880,0.0037338836874437884,HOG8-ML04-H1-GPS-Sniper-Specialist-Exploiter,Exploiter,0.8330423364426621
4886,0.003726199460936317,HOG8-ML04-H1-GPS-Sniper-Specialist-Refiner,Refiner,0.20579715788448227
4898,0.0036971665380085344,HOG8-ML04-H1-GPS-Sniper-Specialist-Exploiter,Exploiter,0.7791564362603128
4911,0.0036921406021764133,HOG8-ML04-H1-GPS-Sniper-Specialist-Refiner,Refiner,0.13594020665426346
4917,0.003689718149010991,HOG8-ML04-H1-GPS-Sniper-Specialist-Refiner,Refiner,0.06561107569940614
4926,0.0036757750032549927,HOG8-ML04-H1-GPS-Sniper-Specialist-Refiner,Refiner,0.3778918929006968
4940,0.0036627043337487362,HOG8-ML04-H1-GPS-Sniper-Specialist-Refiner,Refiner,0.3555894877864402
4949,0.0036536108505231093,HOG8-ML04-H1-GPS-Sniper-Specialist-Refiner,Refiner,0.24827238010554672
4961,0.003651792006076884,HOG8-ML04-H1-GPS-Sniper-Specialist-Polisher,Polisher,0.0497821065416693
4970,0.0036333766432005686,HOG8-ML04-H1-GPS-Sniper-Specialist-Exploiter,Exploiter,0.5042829067392285
4980,0.003623399608618176,HOG8-ML04-H1-GPS-Sniper-Specialist-Refiner,Refiner,0.27459400888326085
4990,0.003620093779555195,HOG8-ML04-H1-GPS-Sniper-Specialist-Refiner,Refiner,0.09123556383673702
5001,0.0036114735114797757,HOG8-ML04-H1-GPS-Sniper-Specialist-Refiner,Refiner,0.2381227835616641
5009,0.0035911667008938094,HOG8-ML04-H1-GPS-Sniper-Specialist-Exploiter,Exploiter,0.5622860176439648
5026,0.003578540162690317,HOG8-ML04-H1-GPS-Sniper-Specialist-Refiner,Refiner,0.35159989093098765
5031,0.0035696578775409925,HOG8-ML04-H1-GPS-Sniper-Specialist-Refiner,Refiner,0.24820973764471183
5042,0.0035633387330689915,HOG8-ML04-H1-GPS-Sniper-Specialist-Refiner,Refiner,0.1770238126112547
5052,0.003557029332214069,HOG8-ML04-H1-GPS-Sniper-Specialist-Refiner,Refiner,0.17706430198086817
5066,0.0035455186883840842,HOG8-ML04-H1-GPS-Sniper-Specialist-Refiner,Refiner,0.3236027244908866
5071,0.003522362147013459,HOG8-ML04-H1-GPS-Sniper-Specialist-Exploiter,Exploiter,0.6531214021376144
5081,0.003503981067870565,HOG8-ML04-H1-GPS-Sniper-Specialist-Exploiter,Exploiter,0.5218395603779428
5096,0.003483056987339331,HOG8-ML04-H1-GPS-Sniper-Specialist-Exploiter,Exploiter,0.5971516434005688
5106,0.0034701787367959563,HOG8-ML04-H1-GPS-Sniper-Specialist-Refiner,Refiner,0.3697398747762738
5114,0.003458536132629426,HOG8-ML04-H1-GPS-Sniper-Specialist-Refiner,Refiner,0.33550445235221393
5126,0.0034509825649406793,HOG8-ML04-H1-GPS-Sniper-Specialist-Refiner,Refiner,0.21840360774267611
5140,0.003430946961220655,HOG8-ML04-H1-GPS-Sniper-Specialist-Exploiter,Exploiter,0.5805767877117264
5142,0.003402470790205953,HOG8-ML04-H1-GPS-Sniper-Specialist-Exploiter,Exploiter,0.8299799249758938
5155,0.003385124838042831,HOG8-ML04-H1-GPS-Sniper-Specialist-Exploiter,Exploiter,0.5098045870974849
5162,0.003380527963314766,HOG8-ML04-H1-GPS-Sniper-Specialist-Refiner,Refiner,0.13579631322320326
5174,0.0033681302340782533,HOG8-ML04-H1-GPS-Sniper-Specialist-Refiner,Refiner,0.36673943747994114
5186,0.0033545450471205536,HOG8-ML04-H1-GPS-Sniper-Specialist-Refiner,Refiner,0.40334506131166753
5196,0.0033481993221827037,HOG8-ML04-H1-GPS-Sniper-Specialist-Refiner,Refiner,0.18916797505214028
5205,0.0033355232684908294,HOG8-ML04-H1-GPS-Sniper-Specialist-Refiner,Refiner,0.3785931622377494
5215,0.0033286374367572946,HOG8-ML04-H1-GPS-Sniper-Specialist-Refiner,Refiner,0.20643932538507845
5226,0.0033158716564844898,HOG8-ML04-H1-GPS-Sniper-Specialist-Refiner,Refiner,0.38351369037178784
5230,0.003304244995169422,HOG8-ML04-H1-GPS-Sniper-Specialist-Refiner,Refiner,0.35063665061736143
5240,0.003286973298720065,HOG8-ML04-H1-GPS-Sniper-Specialist-Exploiter,Exploiter,0.5227123435037991
5246,0.003286225712627011,HOG8-ML04-H1-GPS-Sniper-Specialist-Polisher,Polisher,0.022743905262179388
5261,0.0032757948750161666,HOG8-ML04-H1-GPS-Sniper-Specialist-Refiner,Refiner,0.3174108695810202
5270,0.003267754245629212,HOG8-ML04-H1-GPS-Sniper-Specialist-Refiner,Refiner,0.24545582656223924
5279,0.00324915379012717,HOG8-ML04-H1-GPS-Sniper-Specialist-Exploiter,Exploiter,0.5692121898983403
5290,0.003242467779599161,HOG8-ML04-H1-GPS-Sniper-Specialist-Refiner,Refiner,0.2057769794807847
5300,0.0032267153275228433,HOG8-ML04-H1-GPS-Sniper-Specialist-Refiner,Refiner,0.4858167651018288
5310,0.0032113054844644735,HOG8-ML04-H1-GPS-Sniper-Specialist-Refiner,Refiner,0.47757057856727314
5322,0.0031948324069638783,HOG8-ML04-H1-GPS-Sniper-Specialist-Exploiter,Exploiter,0.5129713625903258
5330,0.003179257366365407,HOG8-ML04-H1-GPS-Sniper-Specialist-Refiner,Refiner,0.48750728096164486
5341,0.003166903565063707,HOG8-ML04-H1-GPS-Sniper-Specialist-Refiner,Refiner,0.38857506260410524
5351,0.0031657313905019456,HOG8-ML04-H1-GPS-Sniper-Specialist-Polisher,Polisher,0.03701326982900952
5361,0.003159805907090632,HOG8-ML04-H1-GPS-Sniper-Specialist-Refiner,Refiner,0.18717581122301102
5370,0.003151522061940929,HOG8-ML04-H1-GPS-Sniper-Specialist-Refiner,Refiner,0.26216310093965667
5380,0.0031508086231247946,HOG8-ML04-H1-GPS-Sniper-Specialist-Polisher,Polisher,0.022637912796172128
5390,0.003137495807270947,HOG8-ML04-H1-GPS-Sniper-Specialist-Refiner,Refiner,0.4225206112532731
5401,0.0031330498555618685,HOG8-ML04-H1-GPS-Sniper-Specialist-Refiner,Refiner,0.14170382949278035
5412,0.0031233962982478345,HOG8-ML04-H1-GPS-Sniper-Specialist-Refiner,Refiner,0.3081201308334355
5420,0.0031145113748437623,HOG8-ML04-H1-GPS-Sniper-Specialist-Refiner,Refiner,0.2844635312226138
5430,0.003109431082802774,HOG8-ML04-H1-GPS-Sniper-Specialist-Refiner,Refiner,0.16311682410353115
5440,0.003107593053387238,HOG8-ML04-H1-GPS-Sniper-Specialist-Refiner,Refiner,0.05911143764213353
5451,0.003096378815063083,HOG8-ML04-H1-GPS-Sniper-Specialist-Refiner,Refiner,0.3608657289258507
5460,0.003082876346963209,HOG8-ML04-H1-GPS-Sniper-Specialist-Refiner,Refiner,0.43607287435851905
5471,0.0030779543138355573,HOG8-ML04-H1-GPS-Sniper-Specialist-Refiner,Refiner,0.159657169918612
5486,0.0030706815813676073,HOG8-ML04-H1-GPS-Sniper-Specialist-Refiner,Refiner,0.23628461394825528
5491,0.0030640119102673087,HOG8-ML04-H1-GPS-Sniper-Specialist-Refiner,Refiner,0.21720490788654265
5501,0.003049582711111141,HOG8-ML04-H1-GPS-Sniper-Specialist-Refiner,Refiner,0.4709250348478289
5512,0.003030307805861368,HOG8-ML04-H1-GPS-Sniper-Specialist-Exploiter,Exploiter,0.6320505812006606
5523,0.003028717537379318,HOG8-ML04-H1-GPS-Sniper-Specialist-Refiner,Refiner,0.05247877720454946
5537,0.0030272699512684104,HOG8-ML04-H1-GPS-Sniper-Specialist-Polisher,Polisher,0.04779534879175654
5545,0.003023691274638645,HOG8-ML04-H1-GPS-Sniper-Specialist-Refiner,Refiner,0.11821465172823342
5556,0.0030164667956732857,HOG8-ML04-H1-GPS-Sniper-Specialist-Refiner,Refiner,0.2389291203753144
5576,0.0029863080366406636,HOG8-ML04-H1-GPS-Sniper-Specialist-Exploiter,Exploiter,0.9998041110838932
5592,0.0029789299806374427,HOG8-ML04-H1-GPS-Sniper-Specialist-Refiner,Refiner,0.24706279167103448
5600,0.002966276365288885,HOG8-ML04-H1-GPS-Sniper-Specialist-Refiner,Refiner,0.42477048573830817
5610,0.0029641826977303155,HOG8-ML04-H1-GPS-Sniper-Specialist-Refiner,Refiner,0.07058234974560793
5620,0.002954456793335882,HOG8-ML04-H1-GPS-Sniper-Specialist-Refiner,Refiner,0.32811420166107025
5631,0.002948508918413411,HOG8-ML04-H1-GPS-Sniper-Specialist-Refiner,Refiner,0.20131873093852756
5642,0.0029299090632500524,HOG8-ML04-H1-GPS-Sniper-Specialist-Exploiter,Exploiter,0.6308224149231099
5656,0.0029245507503936046,HOG8-ML04-H1-GPS-Sniper-Specialist-Refiner,Refiner,0.18288324793616598
5665,0.0029166082010405447,HOG8-ML04-H1-GPS-Sniper-Specialist-Refiner,Refiner,0.271581860974407
5675,0.0029070786120330098,HOG8-ML04-H1-GPS-Sniper-Specialist-Refiner,Refiner,0.326735315498841
5688,0.0029060977014794334,HOG8-ML04-H1-GPS-Sniper-Specialist-Polisher,Polisher,0.033742140632735965
5701,0.0028974157096228097,HOG8-ML04-H1-GPS-Sniper-Specialist-Refiner,Refiner,0.29875085934667267
5706,0.0028964198640281094,HOG8-ML04-H1-GPS-Sniper-Specialist-Polisher,Polisher,0.03437013167951542
5712,0.0028963273081867497,HOG8-ML04-H1-GPS-Sniper-Specialist-Polisher,Polisher,0.003195525707758167
5720,0.0028929255398207968,HOG8-ML04-H1-GPS-Sniper-Specialist-Refiner,Refiner,0.11745110286180589
5729,0.002882235348238621,HOG8-ML04-H1-GPS-Sniper-Specialist-Refiner,Refiner,0.36952874987712075
5740,0.0028774239242200404,HOG8-ML04-H1-GPS-Sniper-Specialist-Refiner,Refiner,0.16693376623532719
5750,0.002868656595831493,HOG8-ML04-H1-GPS-Sniper-Specialist-Refiner,Refiner,0.30469366417476984
5759,0.002859736937559015,HOG8-ML04-H1-GPS-Sniper-Specialist-Refiner,Refiner,0.31093503089352476
5770,0.002830222889810188,HOG8-ML04-H1-GPS-Sniper-Specialist-Exploiter,Exploiter,1.03205463975366
5781,0.0028111485748988987,HOG8-ML04-H1-GPS-Sniper-Specialist-Exploiter,Exploiter,0.6739509803260958
5793,0.002809447851560465,HOG8-ML04-H1-GPS-Sniper-Specialist-Refiner,Refiner,0.06049923343147735
5802,0.002807283070811663,HOG8-ML04-H1-GPS-Sniper-Specialist-Refiner,Refiner,0.07705360139003228
5820,0.002799791279551598,HOG8-ML04-H1-GPS-Sniper-Specialist-Refiner,Refiner,0.26686981936235094
5825,0.00279428593650218,HOG8-ML04-H1-GPS-Sniper-Specialist-Refiner,Refiner,0.19663405231762168
5830,0.002793715185004652,HOG8-ML00-H1-GPS-GradientEstimation-Escape-Specialist-Polisher,Polisher,0.020425665465102907
5835,0.0027824955179639125,HOG8-ML04-H1-GPS-Sniper-Specialist-Refiner,Refiner,0.4016038249339513
5847,0.002770031903294707,HOG8-ML04-H1-GPS-Sniper-Specialist-Refiner,Refiner,0.44792937090967333
5856,0.002768341559584143,HOG8-ML04-H1-GPS-Sniper-Specialist-Refiner,Refiner,0.06102253582543006
5862,0.0027668858526495397,HOG8-ML04-H1-GPS-Sniper-Specialist-Refiner,Refiner,0.05258407979187407
5875,0.0027573200738885703,HOG8-ML04-H1-GPS-Sniper-Specialist-Refiner,Refiner,0.34572364999478605
5887,0.0027527397663234523,HOG8-ML04-H1-GPS-Sniper-Specialist-Refiner,Refiner,0.1661144677577656
5892,0.0027406202664841907,HOG8-ML04-H1-GPS-Sniper-Specialist-Refiner,Refiner,0.44027045300574924
5909,0.0027131129886590454,HOG8-ML04-H1-GPS-Sniper-Specialist-Exploiter,Exploiter,1.0036880395850312
5926,0.0027108952020936756,HOG8-ML04-H1-GPS-Sniper-Specialist-Refiner,Refiner,0.0817432438177202
5936,0.0027071991188430773,HOG8-ML04-H1-GPS-Sniper-Specialist-Refiner,Refiner,0.13634179763731855
5946,0.002695462001401008,HOG8-ML04-H1-GPS-Sniper-Specialist-Refiner,Refiner,0.43355205608538067
5955,0.002684726291812258,HOG8-ML04-H1-GPS-Sniper-Specialist-Refiner,Refiner,0.3982882928110167
6045,0.002680968109084961,HOG8-ML04-H1-GPS-Sniper-Specialist-Refiner,Refiner,0.1399838314527167
6063,0.0026770315137567367,HOG8-ML04-H1-GPS-Sniper-Specialist-Refiner,Refiner,0.1468348435359707
6074,0.0026725346486577866,HOG8-ML04-H1-GPS-Sniper-Specialist-Refiner,Refiner,0.16797953538617455
6083,0.0026684844856692566,HOG8-ML04-H1-GPS-Sniper-Specialist-Refiner,Refiner,0.15154763252794934
6088,0.0026684387082472295,HOG8-ML04-H1-GPS-Sniper-Specialist-Polisher,Polisher,0.0017154839112963087
6104,0.002643917401302146,HOG8-ML04-H1-GPS-Sniper-Specialist-Exploiter,Exploiter,0.9189383615706272
6113,0.0026424299267682567,HOG8-ML04-H1-GPS-Sniper-Specialist-Refiner,Refiner,0.05626024977772346
6123,0.0026336003885820084,HOG8-ML04-H1-GPS-Sniper-Specialist-Refiner,Refiner,0.3341446483330968
6133,0.002625331019649681,HOG8-ML04-H1-GPS-Sniper-Specialist-Refiner,Refiner,0.3139948250379702
6144,0.002621354367783937,HOG8-ML04-H1-GPS-Sniper-Specialist-Refiner,Refiner,0.1514723985653613
6153,0.0026170098166034663,HOG8-ML04-H1-GPS-Sniper-Specialist-Refiner,Refiner,0.1657368890625713
6167,0.0026135563043082214,HOG8-ML04-H1-GPS-Sniper-Specialist-Refiner,Refiner,0.1319640558218122
6184,0.0026099557834208496,HOG8-ML04-H1-GPS-Sniper-Specialist-Refiner,Refiner,0.13776327992003035
6198,0.002598001963578481,HOG8-ML04-H1-GPS-Sniper-Specialist-Refiner,Refiner,0.4580085194662187
6203,0.0025881469598796267,HOG8-ML04-H1-GPS-Sniper-Specialist-Refiner,Refiner,0.37933010971554165
6214,0.0025751755322556543,HOG8-ML04-H1-GPS-Sniper-Specialist-Exploiter,Exploiter,0.5011858996050065
6223,0.002568219246573839,HOG8-ML04-H1-GPS-Sniper-Specialist-Refiner,Refiner,0.27012860267906
6237,0.002554139820740373,HOG8-ML04-H1-GPS-Sniper-Specialist-Exploiter,Exploiter,0.5482174410245035
6248,0.0025413645769717134,HOG8-ML04-H1-GPS-Sniper-Specialist-Exploiter,Exploiter,0.5001779332877954
6259,0.002538956485731341,HOG8-ML04-H1-GPS-Sniper-Specialist-Refiner,Refiner,0.09475583559292745
6267,0.002530850533642359,HOG8-ML04-H1-GPS-Sniper-Specialist-Refiner,Refiner,0.3192631356439891
6277,0.002518586074474311,HOG8-ML04-H1-GPS-Sniper-Specialist-Refiner,Refiner,0.4845983200120897
6288,0.0025177324733078486,HOG8-ML04-H1-GPS-Sniper-Specialist-Polisher,Polisher,0.03389207838134242
6299,0.0025161912352259846,HOG8-ML04-H1-GPS-Sniper-Specialist-Refiner,Refiner,0.06121532363758561
6307,0.002514287062912314,HOG8-ML04-H1-GPS-Sniper-Specialist-Refiner,Refiner,0.07567677237774607
6317,0.0025087229275444936,HOG8-ML04-H1-GPS-Sniper-Specialist-Refiner,Refiner,0.22130071979033625
6328,0.0024953721195831477,HOG8-ML04-H1-GPS-Sniper-Specialist-Exploiter,Exploiter,0.5321754672371697
6338,0.002491193284779059,HOG8-ML04-H1-GPS-Sniper-Specialist-Refiner,Refiner,0.16746339238521507
6349,0.002469738482581545,HOG8-ML04-H1-GPS-Sniper-Specialist-Exploiter,Exploiter,0.8612259164554023
6362,0.002469507586982471,HOG8-ML04-H1-GPS-Sniper-Specialist-Polisher,Polisher,0.009348989810154135
6368,0.002469498978217094,HOG8-ML04-H1-GPS-Sniper-Specialist-Polisher,Polisher,0.0003486025077464506
6382,0.002465401422620338,HOG8-ML04-H1-GPS-Sniper-Specialist-Refiner,Refiner,0.16592659615976837
6393,0.0024627475540897922,HOG8-ML04-H1-GPS-Sniper-Specialist-Refiner,Refiner,0.10764447956410447
6402,0.0024586427247806587,HOG8-ML04-H1-GPS-Sniper-Specialist-Refiner,Refiner,0.16667682005477105
6412,0.0024503181190095305,HOG8-ML04-H1-GPS-Sniper-Specialist-Refiner,Refiner,0.3385854189884741
6422,0.0024453714865603593,HOG8-ML04-H1-GPS-Sniper-Specialist-Refiner,Refiner,0.20187715263562273
6432,0.0024330031030446696,HOG8-ML04-H1-GPS-Sniper-Specialist-Exploiter,Exploiter,0.5057875085100866
6448,0.002430167115160015,HOG8-ML04-H1-GPS-Sniper-Specialist-Refiner,Refiner,0.1165632662410253
6453,0.0024282507709708335,HOG8-ML04-H1-GPS-Sniper-Specialist-Refiner,Refiner,0.0788564776976483
6468,0.002403269244436749,HOG8-ML04-H1-GPS-Sniper-Specialist-Exploiter,Exploiter,1.028786928958603
6474,0.0023700301431700812,HOG8-ML04-H1-GPS-Sniper-Specialist-Exploiter,Exploiter,1.3830785436801114
6483,0.0023682716263070955,HOG8-ML04-H1-GPS-Sniper-Specialist-Refiner,Refiner,0.07419808005621283
6492,0.0023587420957861044,HOG8-ML04-H1-GPS-Sniper-Specialist-Refiner,Refiner,0.40238334214436344
6508,0.0023500733603950335,HOG8-ML04-H1-GPS-Sniper-Specialist-Refiner,Refiner,0.36751518559648944
6518,0.002349734508421227,HOG8-ML04-H1-GPS-Sniper-Specialist-Polisher,Polisher,0.014418782814062866
6528,0.0023330397067952103,HOG8-ML04-H1-GPS-Sniper-Specialist-Exploiter,Exploiter,0.7104973590073302
6537,0.00232890677848891,HOG8-ML04-H1-GPS-Sniper-Specialist-Refiner,Refiner,0.1771477911097167
6552,0.0023257888866936548,HOG8-ML04-H1-GPS-Sniper-Specialist-Refiner,Refiner,0.13387791319316966
6559,0.00232325931038721,HOG8-ML04-H1-GPS-Sniper-Specialist-Refiner,Refiner,0.10876207728555719
6573,0.00231918089391548,HOG8-ML04-H1-GPS-Sniper-Specialist-Refiner,Refiner,0.17554719154662238
6582,0.002314471442917974,HOG8-ML04-H1-GPS-Sniper-Specialist-Refiner,Refiner,0.20306527230634278
6592,0.0023080206539020055,HOG8-ML04-H1-GPS-Sniper-Specialist-Refiner,Refiner,0.2787154292055322
6602,0.002303105747759204,HOG8-ML04-H1-GPS-Sniper-Specialist-Refiner,Refiner,0.21294896709403785
6613,0.0023021155313952043,HOG8-ML04-H1-GPS-Sniper-Specialist-Polisher,Polisher,0.042994828394799144
6622,0.00229985361433448,HOG8-ML04-H1-GPS-Sniper-Specialist-Refiner,Refiner,0.09825384651105334
6633,0.0022976305951004925,HOG8-ML04-H1-GPS-Sniper-Specialist-Refiner,Refiner,0.09665916213675775
6643,0.002293481381859891,HOG8-ML04-H1-GPS-Sniper-Specialist-Refiner,Refiner,0.180586611679415
6652,0.002280796897055239,HOG8-ML04-H1-GPS-Sniper-Specialist-Exploiter,Exploiter,0.5530668312801169
6664,0.0022769661140862917,HOG8-ML04-H1-GPS-Sniper-Specialist-Refiner,Refiner,0.16795809280051457
6673,0.0022753926466785174,HOG8-ML04-H1-GPS-Sniper-Specialist-Refiner,Refiner,0.0691036813433529
6678,0.0022676202850088574,HOG8-ML04-H2-GPS-Sniper-Specialist-Refiner,Refiner,0.3415833166642969
6687,0.0022574410368421775,HOG8-ML04-H1-GPS-Sniper-Specialist-Refiner,Refiner,0.44889562128079447
6694,0.0022569461674666062,HOG8-ML04-H1-GPS-Sniper-Specialist-Polisher,Polisher,0.021921696624401587
6703,0.00225238738696696,HOG8-ML04-H1-GPS-Sniper-Specialist-Refiner,Refiner,0.2019888894719814
6734,0.0022367022447207395,HOG8-ML04-H1-GPS-Sniper-Specialist-Exploiter,Exploiter,0.6963785331501956
6743,0.0022322770654599694,HOG8-ML04-H1-GPS-Sniper-Specialist-Refiner,Refiner,0.19784391378936234
6752,0.0022308734469819857,HOG8-ML04-H1-GPS-Sniper-Specialist-Refiner,Refiner,0.06287832723374466
6762,0.002230851959779666,HOG8-ML00-H1-GPS-GradientEstimation-Escape-Specialist-Polisher,Polisher,0.0009631744171135167
6763,0.002224762704042075,HOG8-ML04-H1-GPS-Sniper-Specialist-Refiner,Refiner,0.2729565138061692
6780,0.002209462359755522,HOG8-ML04-H1-GPS-Sniper-Specialist-Exploiter,Exploiter,0.6877292692274327
6788,0.0022066357806623076,HOG8-ML04-H1-GPS-Sniper-Specialist-Refiner,Refiner,0.12793062894844517
6798,0.0022062012274916432,HOG8-ML04-H1-GPS-Sniper-Specialist-Polisher,Polisher,0.01969301750984504
6803,0.0022028154857954155,HOG8-ML04-H1-GPS-Sniper-Specialist-Refiner,Refiner,0.15346477257095734
6812,0.0021812988108765178,HOG8-ML04-H2-GPS-Sniper-Specialist-Exploiter,Exploiter,0.9767806272311675
6823,0.0021801774483958406,HOG8-ML04-H2-GPS-Sniper-Specialist-Refiner,Refiner,0.05140801778673225
6828,0.0021712226928690685,HOG8-ML04-H1-GPS-Sniper-Specialist-Refiner,Refiner,0.4107351689818133
6837,0.002164289575198395,HOG8-ML04-H1-GPS-Sniper-Specialist-Refiner,Refiner,0.31931858917301026
6843,0.0021597053173097957,HOG8-ML04-H2-GPS-Sniper-Specialist-Refiner,Refiner,0.21181351798448175
6858,0.002148956085502601,HOG8-ML04-H2-GPS-Sniper-Specialist-Refiner,Refiner,0.49771752289725124
6862,0.002147210919215753,HOG8-ML04-H2-GPS-Sniper-Specialist-Refiner,Refiner,0.08120995578371205
6877,0.0021429447143060565,HOG8-ML04-H2-GPS-Sniper-Specialist-Refiner,Refiner,0.19868587997190182
6892,0.0021347033042883124,HOG8-ML04-H2-GPS-Sniper-Specialist-Refiner,Refiner,0.3845834175154126
6907,0.0021282484835551917,HOG8-ML04-H2-GPS-Sniper-Specialist-Refiner,Refiner,0.3023755441870494
6918,0.0021224521883698834,HOG8-ML04-H2-GPS-Sniper-Specialist-Refiner,Refiner,0.2723504905604659
6926,0.0021152605110691973,HOG8-ML04-H2-GPS-Sniper-Specialist-Refiner,Refiner,0.33883812978654754
6938,0.0021115498759770243,HOG8-ML04-H2-GPS-Sniper-Specialist-Refiner,Refiner,0.17542213229789547
6947,0.00211054529517302,HOG8-ML04-H2-GPS-Sniper-Specialist-Polisher,Polisher,0.047575518600509244
6958,0.002105554147356021,HOG8-ML04-H2-GPS-Sniper-Specialist-Refiner,Refiner,0.23648617390083954
6967,0.0020988051139518293,HOG8-ML04-H2-GPS-Sniper-Specialist-Refiner,Refiner,0.32053478238336996
6978,0.002097292415488282,HOG8-ML04-H2-GPS-Sniper-Specialist-Refiner,Refiner,0.07207426994968191
6993,0.002095650465320769,HOG8-ML04-H2-GPS-Sniper-Specialist-Refiner,Refiner,0.07828904331066697
7022,0.002093269007955409,HOG8-ML04-H2-GPS-Sniper-Specialist-Refiner,Refiner,0.11363809971027604
7032,0.002088392303901822,HOG8-ML04-H1-GPS-Sniper-Specialist-Refiner,Refiner,0.23297072832270338
7038,0.0020642300020948575,HOG8-ML04-H2-GPS-Sniper-Specialist-Exploiter,Exploiter,1.156980983018418
7053,0.002062648227719702,HOG8-ML04-H2-GPS-Sniper-Specialist-Refiner,Refiner,0.0766278163552705
7073,0.0020518317460561973,HOG8-ML04-H2-GPS-Sniper-Specialist-Exploiter,Exploiter,0.5243977871816927
7083,0.002042160977309023,HOG8-ML04-H2-GPS-Sniper-Specialist-Refiner,Refiner,0.471323672896782
7093,0.0020420106616566448,HOG8-ML04-H2-GPS-Sniper-Specialist-Polisher,Polisher,0.007360617211304096
7102,0.0020366283210421117,HOG8-ML04-H2-GPS-Sniper-Specialist-Refiner,Refiner,0.2635804364589591
7117,0.0020312420560660424,HOG8-ML04-H2-GPS-Sniper-Specialist-Refiner,Refiner,0.26446970811607134
7122,0.0020282738749564473,HOG8-ML04-H2-GPS-Sniper-Specialist-Refiner,Refiner,0.1461264107215094
7133,0.002024396792419489,HOG8-ML04-H2-GPS-Sniper-Specialist-Refiner,Refiner,0.19115182544278658
7144,0.002024024350858266,HOG8-ML04-H2-GPS-Sniper-Specialist-Polisher,Polisher,0.018397656161941067
7157,0.002021921029047416,HOG8-ML04-H2-GPS-Sniper-Specialist-Refiner,Refiner,0.10391781155984971
7163,0.002017730304175145,HOG8-ML04-H2-GPS-Sniper-Specialist-Refiner,Refiner,0.2072645178553464
7173,0.0020155989183311446,HOG8-ML04-H2-GPS-Sniper-Specialist-Refiner,Refiner,0.1056328409991129
7177,0.0020135669064095052,HOG8-ML04-H2-GPS-Sniper-Specialist-Refiner,Refiner,0.10081429907304196
7188,0.0020128399644794024,HOG8-ML04-H2-GPS-Sniper-Specialist-Polisher,Polisher,0.03610219892812562
7199,0.002003099183934582,HOG8-ML04-H2-GPS-Sniper-Specialist-Refiner,Refiner,0.48393219116850117
7207,0.0020019200857641388,HOG8-ML04-H2-GPS-Sniper-Specialist-Refiner,Refiner,0.058863693815056746
7218,0.001993970104941834,HOG8-ML04-H2-GPS-Sniper-Specialist-Refiner,Refiner,0.3971177910066311
7228,0.0019939405822028697,HOG8-ML04-H2-GPS-Sniper-Specialist-Polisher,Polisher,0.0014806008821934419
7232,0.0019936129373026466,HOG8-ML04-H2-GPS-Sniper-Specialist-Polisher,Polisher,0.016432029276476433
7243,0.0019860069684804957,HOG8-ML04-H2-GPS-Sniper-Specialist-Refiner,Refiner,0.38151682705479284
7252,0.0019822451447794086,HOG8-ML04-H2-GPS-Sniper-Specialist-Refiner,Refiner,0.18941644016311077
7263,0.001976524421421947,HOG8-ML04-H2-GPS-Sniper-Specialist-Refiner,Refiner,0.2885981773005217
7282,0.001973147916183825,HOG8-ML04-H2-GPS-Sniper-Specialist-Refiner,Refiner,0.17083043353913469
7295,0.001969103611395456,HOG8-ML04-H2-GPS-Sniper-Specialist-Refiner,Refiner,0.2049671367867485
7308,0.0019658801480110207,HOG8-ML04-H2-GPS-Sniper-Specialist-Refiner,Refiner,0.16370207061632042
7322,0.001964279481622217,HOG8-ML04-H2-GPS-Sniper-Specialist-Refiner,Refiner,0.0814223792036878
7332,0.001954249949799565,HOG8-ML04-H1-GPS-Sniper-Specialist-Exploiter,Exploiter,0.5105959674521107
7348,0.0019539526822612693,HOG8-ML04-H1-GPS-Sniper-Specialist-Polisher,Polisher,0.015211336621810177
7357,0.001941033993777857,HOG8-ML04-H1-GPS-Sniper-Specialist-Exploiter,Exploiter,0.6611566697951803
7373,0.0019387627331875707,HOG8-ML04-H1-GPS-Sniper-Specialist-Refiner,Refiner,0.11701292185335894
7383,0.0019360990332143704,HOG8-ML04-H1-GPS-Sniper-Specialist-Refiner,Refiner,0.13739174616900082
7393,0.0019312539778990002,HOG8-ML04-H1-GPS-Sniper-Specialist-Refiner,Refiner,0.25024832057925683
7404,0.0019271197674396415,HOG8-ML04-H1-GPS-Sniper-Specialist-Refiner,Refiner,0.21406870907037973
7410,0.0019179117582966004,HOG8-ML04-H1-GPS-Sniper-Specialist-Refiner,Refiner,0.47781198131109187
7423,0.0019099291434685921,HOG8-ML04-H1-GPS-Sniper-Specialist-Refiner,Refiner,0.4162138739426719
7437,0.0018861256720943554,HOG8-ML04-H1-GPS-Sniper-Specialist-Exploiter,Exploiter,1.2463012806332492
7448,0.0018807368216068223,HOG8-ML04-H1-GPS-Sniper-Specialist-Refiner,Refiner,0.2857100439945401
7457,0.0018728026149265207,HOG8-ML04-H1-GPS-Sniper-Specialist-Refiner,Refiner,0.4218669294475201
7463,0.001868327923218048,HOG8-ML04-H1-GPS-Sniper-Specialist-Refiner,Refiner,0.23893023604350158
7477,0.0018651392327994562,HOG8-ML04-H1-GPS-Sniper-Specialist-Refiner,Refiner,0.17067081099443682
7488,0.0018581494338409915,HOG8-ML04-H1-GPS-Sniper-Specialist-Refiner,Refiner,0.37476016994042094
7498,0.0018511930084907646,HOG8-ML04-H1-GPS-Sniper-Specialist-Refiner,Refiner,0.3743738379451636
7503,0.0018478405453810597,HOG8-ML04-H1-GPS-Sniper-Specialist-Refiner,Refiner,0.1810974379402045
7518,0.0018474871273050988,HOG8-ML04-H1-GPS-Sniper-Specialist-Polisher,Polisher,0.01912600504649787
7527,0.0018395521856836318,HOG8-ML04-H1-GPS-Sniper-Specialist-Refiner,Refiner,0.4294991561343974
7537,0.001838014665732406,HOG8-ML04-H1-GPS-Sniper-Specialist-Refiner,Refiner,0.08358120868717692
7550,0.0018317174349785738,HOG8-ML04-H1-GPS-Sniper-Specialist-Refiner,Refiner,0.3426104737484735
7564,0.001829453802205383,HOG8-ML04-H1-GPS-Sniper-Specialist-Refiner,Refiner,0.12357980166396529
7578,0.0018238500514634328,HOG8-ML04-H1-GPS-Sniper-Specialist-Refiner,Refiner,0.30630731069541006
7587,0.0018063698144885625,HOG8-ML04-H1-GPS-Sniper-Specialist-Exploiter,Exploiter,0.9584251161900306
7598,0.0017973753559190416,HOG8-ML04-H1-GPS-Sniper-Specialist-Refiner,Refiner,0.49793007485942264
7612,0.0017914181692057873,HOG8-ML04-H1-GPS-Sniper-Specialist-Refiner,Refiner,0.3314380990946763
7623,0.001790036679231436,HOG8-ML04-H1-GPS-Sniper-Specialist-Refiner,Refiner,0.07711711302804762
7634,0.001789063538623435,HOG8-ML04-H1-GPS-Sniper-Specialist-Refiner,Refiner,0.05436428310613133
7643,0.0017857046093872622,HOG8-ML04-H1-GPS-Sniper-Specialist-Refiner,Refiner,0.18774790071219344
7652,0.0017851281637989607,HOG8-ML04-H1-GPS-Sniper-Specialist-Polisher,Polisher,0.03228112786802181
7663,0.0017753164557825106,HOG8-ML04-H1-GPS-Sniper-Specialist-Exploiter,Exploiter,0.5496360550140935
7678,0.0017751194202040351,HOG8-ML04-H1-GPS-Sniper-Specialist-Polisher,Polisher,0.011098617254049243
7688,0.001765490417577455,HOG8-ML04-H1-GPS-Sniper-Specialist-Exploiter,Exploiter,0.5424425262314643
7699,0.0017647649527625976,HOG8-ML04-H1-GPS-Sniper-Specialist-Polisher,Polisher,0.04109140483769279
7708,0.001758087167500851,HOG8-ML04-H1-GPS-Sniper-Specialist-Refiner,Refiner,0.3783951653897594
7718,0.0017526790679836869,HOG8-ML04-H1-GPS-Sniper-Specialist-Refiner,Refiner,0.3076127064195508
7728,0.0017523946550001526,HOG8-ML04-H1-GPS-Sniper-Specialist-Polisher,Polisher,0.01622732813608699
7743,0.0017481545572569962,HOG8-ML04-H1-GPS-Sniper-Specialist-Refiner,Refiner,0.24196020748283179
7752,0.0017428792935309991,HOG8-ML04-H1-GPS-Sniper-Specialist-Refiner,Refiner,0.3017618610493137
7764,0.0017379641705809398,HOG8-ML04-H1-GPS-Sniper-Specialist-Refiner,Refiner,0.28201166703297387
7772,0.0017377842099173704,HOG8-ML04-H1-GPS-Sniper-Specialist-Polisher,Polisher,0.01035468202484655
7782,0.0017360940110868561,HOG8-ML04-H1-GPS-Sniper-Specialist-Refiner,Refiner,0.09726172103926764
7791,0.0017281459832793754,HOG8-ML04-H1-GPS-Sniper-Specialist-Refiner,Refiner,0.4578109109716352
7803,0.0017113949455067144,HOG8-ML04-H1-GPS-Sniper-Specialist-Exploiter,Exploiter,0.9693068719156372
7817,0.001707238224339693,HOG8-ML03-H1-GPS-JADE-Specialist-Refiner,Refiner,0.24288497391762007
7841,0.00170677992015198,HOG8-ML04-H1-GPS-Sniper-Specialist-Polisher,Polisher,0.026844770763616917
7851,0.0017028291499314506,HOG8-ML04-H1-GPS-Sniper-Specialist-Refiner,Refiner,0.23147508204676231
7863,0.0016966857899377945,HOG8-ML04-H1-GPS-Sniper-Specialist-Refiner,Refiner,0.36077371554882104
7873,0.0016857374807838612,HOG8-ML04-H1-GPS-Sniper-Specialist-Exploiter,Exploiter,0.6452761742252079
7888,0.0016850477312960214,HOG8-ML04-H1-GPS-Sniper-Specialist-Polisher,Polisher,0.040916779492795846
7897,0.0016818951709414586,HOG8-ML04-H1-GPS-Sniper-Specialist-Refiner,Refiner,0.18709027026422115
7906,0.0016752017780236176,HOG8-ML04-H1-GPS-Sniper-Specialist-Refiner,Refiner,0.39796730696921206
7918,0.001667584139582544,HOG8-ML04-H1-GPS-Sniper-Specialist-Refiner,Refiner,0.45472960577088023
7928,0.0016630909398792988,HOG8-ML04-H1-GPS-Sniper-Specialist-Refiner,Refiner,0.2694436578396586
7948,0.001658036025442984,HOG8-ML04-H1-GPS-Sniper-Specialist-Refiner,Refiner,0.30394696496162305
7958,0.001628658410367368,HOG8-ML04-H1-GPS-Sniper-Specialist-Exploiter,Exploiter,1.7718321330061015
7968,0.0016257388198522276,HOG8-ML04-H1-GPS-Sniper-Specialist-Refiner,Refiner,0.1792635273643293
7982,0.001622799443939037,HOG8-ML04-H1-GPS-Sniper-Specialist-Refiner,Refiner,0.18080246822535156
7998,0.0016181046278666048,HOG8-ML04-H1-GPS-Sniper-Specialist-Refiner,Refiner,0.28930352977176765
8006,0.001617930446468251,HOG8-ML04-H1-GPS-Sniper-Specialist-Polisher,Polisher,0.01076453248782645
8018,0.0016171495808296559,HOG8-ML04-H1-GPS-Sniper-Specialist-Polisher,Polisher,0.04826323902240466
8033,0.0016086268197246767,HOG8-ML04-H1-GPS-Sniper-Specialist-Exploiter,Exploiter,0.5270236721458164
8037,0.001608393233598005,HOG8-ML04-H1-GPS-Sniper-Specialist-Polisher,Polisher,0.01452083999891226
8051,0.0015980661633972003,HOG8-ML04-H1-GPS-Sniper-Specialist-Exploiter,Exploiter,0.6420737158725061
8073,0.00159703030954385,HOG8-ML04-H1-GPS-Sniper-Specialist-Refiner,Refiner,0.06481920943425296
8084,0.0015939880248092427,HOG8-ML04-H1-GPS-Sniper-Specialist-Refiner,Refiner,0.19049636794157823
8094,0.0015851006610139266,HOG8-ML04-H1-GPS-Sniper-Specialist-Exploiter,Exploiter,0.5575552423851912
8103,0.0015811579526486118,HOG8-ML04-H1-GPS-Sniper-Specialist-Refiner,Refiner,0.2487355195973997
8112,0.001575518219821655,HOG8-ML04-H1-GPS-Sniper-Specialist-Refiner,Refiner,0.35668370876607935
8123,0.0015714229206191972,HOG8-ML04-H1-GPS-Sniper-Specialist-Refiner,Refiner,0.2599334714720898
8137,0.0015663368654122794,HOG8-ML04-H1-GPS-Sniper-Specialist-Refiner,Refiner,0.3236592224907723
8148,0.0015544183651115776,HOG8-ML04-H1-GPS-Sniper-Specialist-Exploiter,Exploiter,0.7609155197636671
8167,0.0015486059624920763,HOG8-ML04-H1-GPS-Sniper-Specialist-Refiner,Refiner,0.3739278144133422
8188,0.001547028350601849,HOG8-ML04-H1-GPS-Sniper-Specialist-Refiner,Refiner,0.10187303474465106
8197,0.0015365009046807137,HOG8-ML04-H1-GPS-Sniper-Specialist-Exploiter,Exploiter,0.6804946992108922
8208,0.0015289098982778576,HOG8-ML04-H1-GPS-Sniper-Specialist-Refiner,Refiner,0.4940450330833656
8218,0.0015285723954031993,HOG8-ML04-H1-GPS-Sniper-Specialist-Polisher,Polisher,0.02207473933150124
8234,0.0015277933589369296,HOG8-ML04-H1-GPS-Sniper-Specialist-Refiner,Refiner,0.05096497023055278
8251,0.0015270889583384128,HOG8-ML04-H1-GPS-Sniper-Specialist-Polisher,Polisher,0.04610575078078476
8287,0.0015262437503652867,HOG8-ML04-H1-GPS-Sniper-Specialist-Refiner,Refiner,0.0553476579416665
8298,0.0015184629801737314,HOG8-ML04-H1-GPS-Sniper-Specialist-Exploiter,Exploiter,0.5097986602528618
8313,0.0015143291215076035,HOG8-ML04-H1-GPS-Sniper-Specialist-Refiner,Refiner,0.2722396739402201
8324,0.0015140337520348091,HOG8-ML04-H1-GPS-Sniper-Specialist-Polisher,Polisher,0.019504972109385198
8328,0.00151393303985886,HOG8-ML04-H1-GPS-Sniper-Specialist-Polisher,Polisher,0.006651910884666601
8343,0.0015131050178638853,HOG8-ML04-H1-GPS-Sniper-Specialist-Refiner,Refiner,0.05469343578444236
8353,0.0015119940851214702,HOG8-ML04-H1-GPS-Sniper-Specialist-Refiner,Refiner,0.07342072951310875
8364,0.0015102231503035394,HOG8-ML04-H1-GPS-Sniper-Specialist-Refiner,Refiner,0.1171257768371883
8372,0.0015027922748468195,HOG8-ML04-H1-GPS-Sniper-Specialist-Refiner,Refiner,0.4920382431713012
8383,0.001499084711534088,HOG8-ML04-H1-GPS-Sniper-Specialist-Refiner,Refiner,0.24671162973002198
8398,0.0014985294532604263,HOG8-ML04-H1-GPS-Sniper-Specialist-Polisher,Polisher,0.03703981965725753
8408,0.0014915656219003375,HOG8-ML04-H1-GPS-Sniper-Specialist-Refiner,Refiner,0.46471101017983363
8418,0.0014904963408389755,HOG8-ML04-H1-GPS-Sniper-Specialist-Refiner,Refiner,0.07168850271566357
8427,0.0014888849772671333,HOG8-ML04-H1-GPS-Sniper-Specialist-Refiner,Refiner,0.10810919340702402
8437,0.0014888779386959148,HOG8-ML04-H1-GPS-Sniper-Specialist-Polisher,Polisher,0.0004727410999475572
8447,0.001486554463145494,HOG8-ML04-H1-GPS-Sniper-Specialist-Refiner,Refiner,0.15605547574007367
8458,0.0014852601113802017,HOG8-ML04-H1-GPS-Sniper-Specialist-Refiner,Refiner,0.087070591584881
8467,0.00148496707706698,HOG8-ML04-H1-GPS-Sniper-Specialist-Polisher,Polisher,0.019729494583234735
8478,0.001483625349361156,HOG8-ML04-H1-GPS-Sniper-Specialist-Refiner,Refiner,0.09035403724061407
8487,0.001480559243374399,HOG8-ML04-H1-GPS-Sniper-Specialist-Refiner,Refiner,0.20666308971313446
8500,0.0014786803495977037,HOG8-ML04-H1-GPS-Sniper-Specialist-Refiner,Refiner,0.12690432923258468
8523,0.0014748017157875464,HOG8-ML04-H1-GPS-Sniper-Specialist-Refiner,Refiner,0.262303736653598
8532,0.0014722580655591767,HOG8-ML04-H1-GPS-Sniper-Specialist-Refiner,Refiner,0.17247404862228197
8543,0.0014692910893932478,HOG8-ML04-H1-GPS-Sniper-Specialist-Refiner,Refiner,0.20152555012847573
8552,0.00146919522650902,HOG8-ML04-H1-GPS-Sniper-Specialist-Polisher,Polisher,0.006524431062008654
8567,0.0014687103737321908,HOG8-ML04-H1-GPS-Sniper-Specialist-Polisher,Polisher,0.03300124912475282
8608,0.001465888658851722,HOG8-ML04-H1-GPS-Sniper-Specialist-Refiner,Refiner,0.19212194118970896
8622,0.0014640250875187603,HOG8-ML04-H1-GPS-Sniper-Specialist-Refiner,Refiner,0.1271291186890943
8633,0.0014632578560544278,HOG8-ML04-H1-GPS-Sniper-Specialist-Refiner,Refiner,0.05240562275014432
8643,0.0014630715494697456,HOG8-ML04-H1-GPS-Sniper-Specialist-Polisher,Polisher,0.012732313987679041
8652,0.0014605860154674444,HOG8-ML04-H1-GPS-Sniper-Specialist-Refiner,Refiner,0.1698846514513903
8667,0.001455407929135458,HOG8-ML04-H1-GPS-Sniper-Specialist-Refiner,Refiner,0.354521149535263
8678,0.0014538498406978454,HOG8-ML04-H1-GPS-Sniper-Specialist-Refiner,Refiner,0.10705510162625329
8694,0.0014471131877716794,HOG8-ML04-H1-GPS-Sniper-Specialist-Refiner,Refiner,0.46336648652329077
8702,0.00144689103323802,HOG8-ML04-H1-GPS-Sniper-Specialist-Polisher,Polisher,0.015351565830273067
8713,0.0014427456988442557,HOG8-ML04-H1-GPS-Sniper-Specialist-Refiner,Refiner,0.28649941830708514
8728,0.0014403231410306512,HOG8-ML04-H1-GPS-Sniper-Specialist-Refiner,Refiner,0.1679130158242834
8748,0.00143823352711374,HOG8-ML04-H1-GPS-Sniper-Specialist-Refiner,Refiner,0.14507952121188636
8758,0.0014367941365579706,HOG8-ML04-H1-GPS-Sniper-Specialist-Refiner,Refiner,0.10008044789902411
8762,0.0014367812942764058,HOG8-ML04-H1-GPS-Sniper-Specialist-Polisher,Polisher,0.0008938150036959761
8777,0.0014350453305774643,HOG8-ML04-H1-GPS-Sniper-Specialist-Refiner,Refiner,0.1208230999287729
8788,0.001432988412239689,HOG8-ML04-H1-GPS-Sniper-Specialist-Refiner,Refiner,0.14333472915085813
8832,0.001432087028272088,HOG8-ML04-H1-GPS-Sniper-Specialist-Refiner,Refiner,0.06290239054984069
8852,0.0014312679102574217,HOG8-ML04-H1-GPS-Sniper-Specialist-Refiner,Refiner,0.057197502560631
8863,0.0014292667316968244,HOG8-ML04-H1-GPS-Sniper-Specialist-Refiner,Refiner,0.13981858646137957
8872,0.0014277179186706133,HOG8-ML04-H1-GPS-Sniper-Specialist-Refiner,Refiner,0.10836416967267984
8893,0.0014275828002279693,HOG8-ML04-H1-GPS-Sniper-Specialist-Polisher,Polisher,0.009463945284780664
8923,0.0014260265931050945,HOG8-ML04-H1-GPS-Sniper-Specialist-Refiner,Refiner,0.10900993782121277
8943,0.001425592499189417,HOG8-ML04-H1-GPS-Sniper-Specialist-Polisher,Polisher,0.030440800878209013
8952,0.0014235754750508472,HOG8-ML04-H1-GPS-Sniper-Specialist-Refiner,Refiner,0.14148672497341916
8963,0.0014224783516138511,HOG8-ML04-H1-GPS-Sniper-Specialist-Refiner,Refiner,0.07706816085441
8972,0.0014224575537616474,HOG8-ML04-H1-GPS-Sniper-Specialist-Polisher,Polisher,0.001462085674631009
8988,0.0014205048860924394,HOG8-ML04-H1-GPS-Sniper-Specialist-Refiner,Refiner,0.13727423106891914
9003,0.0014202308025400108,HOG8-ML04-H1-GPS-Sniper-Specialist-Polisher,Polisher,0.019294798287007725
9007,0.00141941263827967,HOG8-ML04-H1-GPS-Sniper-Specialist-Refiner,Refiner,0.057607838027270854
9013,0.0014189084611450555,HOG8-ML04-H1-GPS-Sniper-Specialist-Polisher,Polisher,0.03552012438227108
9027,0.0014161482073454896,HOG8-ML04-H1-GPS-Sniper-Specialist-Refiner,Refiner,0.19453360630032138
9058,0.0014159660581537319,HOG8-ML04-H1-GPS-Sniper-Specialist-Polisher,Polisher,0.012862297237883522
9067,0.0014148856292945638,HOG8-ML04-H1-GPS-Sniper-Specialist-Refiner,Refiner,0.07630330211282521
9077,0.001399694716395361,HOG8-ML04-H1-GPS-Sniper-Specialist-Exploiter,Exploiter,1.0736495293104895
9089,0.0013990029319591475,HOG8-ML04-H1-GPS-Sniper-Specialist-Polisher,Polisher,0.04942395138812504
9103,0.001397383529999078,HOG8-ML04-H1-GPS-Sniper-Specialist-Refiner,Refiner,0.11575400759180926
9132,0.0013959191781759267,HOG8-ML04-H1-GPS-Sniper-Specialist-Refiner,Refiner,0.10479240607280929
9142,0.001395133963565654,HOG8-ML04-H1-GPS-Sniper-Specialist-Refiner,Refiner,0.056250721571062465
9153,0.001387252708330608,HOG8-ML04-H1-GPS-Sniper-Specialist-Exploiter,Exploiter,0.5649102839488754
9165,0.001386303999250094,HOG8-ML04-H1-GPS-Sniper-Specialist-Refiner,Refiner,0.06838761783031913
9178,0.0013829390278406002,HOG8-ML04-H1-GPS-Sniper-Specialist-Refiner,Refiner,0.24272969069656886
9198,0.001379919578495611,HOG8-ML04-H1-GPS-Sniper-Specialist-Refiner,Refiner,0.21833568105340462
9212,0.001379754089669098,HOG8-ML04-H1-GPS-Sniper-Specialist-Polisher,Polisher,0.011992642838898275
9237,0.001376763014333165,HOG8-ML04-H1-GPS-Sniper-Specialist-Refiner,Refiner,0.21678321943952414
9267,0.0013686023601894406,HOG8-ML04-H1-GPS-Sniper-Specialist-Exploiter,Exploiter,0.5927421102081929
9277,0.0013636134302603357,HOG8-ML04-H1-GPS-Sniper-Specialist-Refiner,Refiner,0.3645273509841336
9297,0.0013573608730730099,HOG8-ML04-H1-GPS-Sniper-Specialist-Refiner,Refiner,0.45852857184987333
9328,0.0013549688915588881,HOG8-ML04-H1-GPS-Sniper-Specialist-Refiner,Refiner,0.1762229604207163
9338,0.0013539005456780415,HOG8-ML04-H1-GPS-Sniper-Specialist-Refiner,Refiner,0.07884652463257097
9347,0.0013520702101184464,HOG8-ML04-H1-GPS-Sniper-Specialist-Refiner,Refiner,0.13518980884067933
9357,0.0013516094958400129,HOG8-ML04-H1-GPS-Sniper-Specialist-Polisher,Polisher,0.034074730364277384
9367,0.001349037623810243,HOG8-ML04-H1-GPS-Sniper-Specialist-Refiner,Refiner,0.1902821811836589
9388,0.0013474583408038593,HOG8-ML04-H1-GPS-Sniper-Specialist-Refiner,Refiner,0.11706738036877115
9397,0.0013442573333293298,HOG8-ML04-H1-GPS-Sniper-Specialist-Refiner,Refiner,0.23755891945570684
9407,0.0013416460312651627,HOG8-ML04-H1-GPS-Sniper-Specialist-Refiner,Refiner,0.1942561144672854
9418,0.0013337038400341823,HOG8-ML04-H1-GPS-Sniper-Specialist-Exploiter,Exploiter,0.5919736686054956
9428,0.001332292318568888,HOG8-ML04-H1-GPS-Sniper-Specialist-Refiner,Refiner,0.10583470054777327
9444,0.0013288665030647194,HOG8-ML04-H1-GPS-Sniper-Specialist-Refiner,Refiner,0.2571369253144456
9457,0.0013276401008044773,HOG8-ML04-H1-GPS-Sniper-Specialist-Refiner,Refiner,0.09228935016524523
9484,0.0013216757709969703,HOG8-ML04-H1-GPS-Sniper-Specialist-Refiner,Refiner,0.44924296907670963
9497,0.0013167007159794882,HOG8-ML04-H1-GPS-Sniper-Specialist-Refiner,Refiner,0.37642023305982625
9523,0.0013163647446353386,HOG8-ML04-H1-GPS-Sniper-Specialist-Polisher,Polisher,0.02551615109434186
9538,0.0013163073578421863,HOG8-ML04-H1-GPS-Sniper-Specialist-Polisher,Polisher,0.004359490284604262
9552,0.001311850892372958,HOG8-ML04-H1-GPS-Sniper-Specialist-Refiner,Refiner,0.3385581219065614
9573,0.001311150379302967,HOG8-ML04-H1-GPS-Sniper-Specialist-Refiner,Refiner,0.05339883321067363
9611,0.0013109471425110457,HOG8-ML04-H1-GPS-Sniper-Specialist-Polisher,Polisher,0.015500646998953482
9617,0.0013108656783439483,HOG8-ML04-H1-GPS-Sniper-Specialist-Polisher,Polisher,0.006214145822948974
9622,0.0013103701615254583,HOG8-ML04-H1-GPS-Sniper-Specialist-Polisher,Polisher,0.03780073173599369
9636,0.0013090721033118314,HOG8-ML04-H1-GPS-Sniper-Specialist-Refiner,Refiner,0.09906042214176895
9652,0.0013078217257408641,HOG8-ML04-H1-GPS-Sniper-Specialist-Refiner,Refiner,0.09551632548000523
9663,0.0013033423119673676,HOG8-ML04-H1-GPS-Sniper-Specialist-Refiner,Refiner,0.34250950915798534
9672,0.0012997928901619965,HOG8-ML04-H1-GPS-Sniper-Specialist-Refiner,Refiner,0.27233227777384744
9687,0.001298399949155571,HOG8-ML04-H1-GPS-Sniper-Specialist-Refiner,Refiner,0.10716638142650321
9699,0.0012969341863717054,HOG8-ML04-H1-GPS-Sniper-Specialist-Refiner,Refiner,0.11288992924089634
9707,0.0012948976124826223,HOG8-ML04-H1-GPS-Sniper-Specialist-Refiner,Refiner,0.1570298562936832
9718,0.001292084115930449,HOG8-ML04-H1-GPS-Sniper-Specialist-Refiner,Refiner,0.21727559963440735
9727,0.0012920743220070094,HOG8-ML04-H1-GPS-Sniper-Specialist-Polisher,Polisher,0.0007579942605019757
9737,0.0012891247135763287,HOG8-ML04-H1-GPS-Sniper-Specialist-Refiner,Refiner,0.22828473412419975
9754,0.0012878028445329347,HOG8-ML04-H1-GPS-Sniper-Specialist-Refiner,Refiner,0.10254004360267133
9763,0.0012820965253645428,HOG8-ML04-H1-GPS-Sniper-Specialist-Refiner,Refiner,0.44310502905135785
9778,0.0012784202109157009,HOG8-ML04-H1-GPS-Sniper-Specialist-Refiner,Refiner,0.2867424079319339
9787,0.001277657650217679,HOG8-ML04-H1-GPS-Sniper-Specialist-Refiner,Refiner,0.05964867353557672
9797,0.0012748983039966707,HOG8-ML04-H1-GPS-Sniper-Specialist-Refiner,Refiner,0.21596913856682096
9807,0.0012708341109979062,HOG8-ML04-H1-GPS-Sniper-Specialist-Refiner,Refiner,0.31878566204251324
9817,0.0012705086110604187,HOG8-ML04-H1-GPS-Sniper-Specialist-Polisher,Polisher,0.025613094161588506
9832,0.0012677532297372322,HOG8-ML04-H1-GPS-Sniper-Specialist-Refiner,Refiner,0.2168723060355109
10000,0.0012677532297372322,Final,Final,0
