TimeMs,BestQuality,Source,Role,DeltaPct
8,429305.31780061236,HOG8-ML05-H2-GPS-JADE-Specialist-Global Explorer,Global Explorer,100
8,128686.13119507188,HOG8-ML00-H1-GPS-GradientEstimation-Escape-Specialist-Global Explorer,Global Explorer,70.02456623310704
8,34488.300685410584,HOG8-ML02-H1-GPS-GradientEstimation-Escape-Specialist-Global Explorer,Global Explorer,73.19967554768533
18,163.69417234553282,HOG8-ML06-H1-GPS-Spray-Specialist-Global Explorer,Global Explorer,99.52536318376865
22,96.9512499396375,HOG8-ML06-H1-GPS-Spray-Specialist-Local Explorer,Local Explorer,40.77293739267115
32,37.80359737774882,HOG8-ML06-H2-GPS-Spray-Specialist-Global Explorer,Global Explorer,61.007622489358724
42,28.073762401719964,HOG8-ML06-H2-GPS-Spray-Specialist-Local Explorer,Local Explorer,25.73785473060782
55,24.313227011240286,HOG8-ML06-H2-GPS-Spray-Specialist-Local Explorer,Local Explorer,13.395195615993691
69,22.901728531410466,HOG8-ML06-H2-GPS-Spray-Specialist-Local Explorer,Local Explorer,5.80547567452592
74,21.862488392921193,HOG8-ML06-H2-GPS-Spray-Specialist-Exploiter,Exploiter,4.537824020854676
84,21.24235791782669,HOG8-ML06-H2-GPS-Spray-Specialist-Exploiter,Exploiter,2.836504536671556
95,20.77550216477239,HOG8-ML06-H2-GPS-Spray-Specialist-Exploiter,Exploiter,2.197758623879098
105,20.48650902571311,HOG8-ML06-H2-GPS-Spray-Specialist-Exploiter,Exploiter,1.391028417831966
119,20.365917476648523,HOG8-ML06-H2-GPS-Spray-Specialist-Exploiter,Exploiter,0.5886388398981555
130,20.26514876788608,HOG8-ML06-H2-GPS-Spray-Specialist-Refiner,Refiner,0.49479091171798245
135,20.165520996989,HOG8-ML06-H2-GPS-Spray-Specialist-Refiner,Refiner,0.4916212164944074
149,20.064219187824722,HOG8-ML06-H2-GPS-Spray-Specialist-Exploiter,Exploiter,0.502351559274874
160,19.96504163946716,HOG8-ML06-H2-GPS-Spray-Specialist-Refiner,Refiner,0.49430056275374745
167,19.95072091308009,HOG8-ML06-H2-GPS-Spray-Specialist-Refiner,Refiner,0.07172900836209561
179,19.81599606858682,HOG8-ML06-H2-GPS-Spray-Specialist-Exploiter,Exploiter,0.6752881015188879
190,19.76342494593037,HOG8-ML06-H2-GPS-Spray-Specialist-Refiner,Refiner,0.2652963922403424
199,19.69892584378447,HOG8-ML06-H2-GPS-Spray-Specialist-Refiner,Refiner,0.3263558938916785
208,19.67413662228493,HOG8-ML06-H2-GPS-Spray-Specialist-Refiner,Refiner,0.12584047321220074
211,19.66937680739552,HOG8-ML06-H2-GPS-Spray-Specialist-Polisher,Polisher,0.024193259306838234
218,19.64482489727582,HOG8-ML06-H2-GPS-Spray-Specialist-Refiner,Refiner,0.1248230198654097
230,19.597806529097323,HOG8-ML06-H2-GPS-Spray-Specialist-Refiner,Refiner,0.2393422615083676
240,19.551761981051094,HOG8-ML06-H2-GPS-Spray-Specialist-Refiner,Refiner,0.23494745688945146
249,19.536468763611715,HOG8-ML06-H2-GPS-Spray-Specialist-Refiner,Refiner,0.07821912651248492
259,19.530814083543113,HOG8-ML06-H2-GPS-Spray-Specialist-Polisher,Polisher,0.028944228033340676
269,19.51664056704596,HOG8-ML06-H2-GPS-Spray-Specialist-Refiner,Refiner,0.07257002415017055
280,19.504558839638065,HOG8-ML06-H2-GPS-Spray-Specialist-Refiner,Refiner,0.0619047492645637
289,19.48737668938073,HOG8-ML06-H2-GPS-Spray-Specialist-Refiner,Refiner,0.08809299609697072
299,19.47521593895422,HOG8-ML06-H2-GPS-Spray-Specialist-Refiner,Refiner,0.06240321937809493
311,19.458535520450084,HOG8-ML06-H2-GPS-Spray-Specialist-Refiner,Refiner,0.08564946625712667
320,19.244711751837315,HOG8-ML06-H2-GPS-Spray-Specialist-Exploiter,Exploiter,1.0988687632121643
331,19.221766958590756,HOG8-ML06-H2-GPS-Spray-Specialist-Refiner,Refiner,0.11922648435806471
340,19.208873488942473,HOG8-ML06-H2-GPS-Spray-Specialist-Refiner,Refiner,0.06707744233950623
355,19.19925412574658,HOG8-ML06-H2-GPS-Spray-Specialist-Refiner,Refiner,0.05007770602179876
364,19.16325271916812,HOG8-ML06-H2-GPS-Spray-Specialist-Refiner,Refiner,0.18751461042531753
374,19.129227975506645,HOG8-ML06-H2-GPS-Spray-Specialist-Refiner,Refiner,0.17755202710155057
383,19.118659992790565,HOG8-ML06-H2-GPS-Spray-Specialist-Refiner,Refiner,0.055245212873256455
393,19.09270129364333,HOG8-ML06-H2-GPS-Spray-Specialist-Refiner,Refiner,0.13577677074138095
403,19.089004174257354,HOG8-ML06-H2-GPS-Spray-Specialist-Polisher,Polisher,0.019364045606299406
413,19.08144561202291,HOG8-ML06-H2-GPS-Spray-Specialist-Polisher,Polisher,0.03959641983124801
425,19.053345322500174,HOG8-ML06-H2-GPS-Spray-Specialist-Refiner,Refiner,0.14726499288414055
433,19.050954585560575,HOG8-ML06-H2-GPS-Spray-Specialist-Polisher,Polisher,0.012547596756019559
444,19.049644499601833,HOG8-ML06-H2-GPS-Spray-Specialist-Polisher,Polisher,0.00687674705673517
454,19.039519852000915,HOG8-ML06-H2-GPS-Spray-Specialist-Refiner,Refiner,0.05314874826734769
466,19.034130421652982,HOG8-ML06-H2-GPS-Spray-Specialist-Polisher,Polisher,0.0283065454897283
474,19.032708336599278,HOG8-ML06-H2-GPS-Spray-Specialist-Polisher,Polisher,0.007471237310040654
490,19.032376115829834,HOG8-ML06-H2-GPS-Spray-Specialist-Polisher,Polisher,0.001745525458428775
495,19.025750923918352,HOG8-ML06-H2-GPS-Spray-Specialist-Polisher,Polisher,0.034810114465799874
509,19.02137550306825,HOG8-ML06-H2-GPS-Spray-Specialist-Polisher,Polisher,0.02299736219400515
524,19.02137269262346,HOG8-ML06-H2-GPS-Spray-Specialist-Polisher,Polisher,1.4775192205291139E-05
540,19.014115515133298,HOG8-ML06-H2-GPS-Spray-Specialist-Polisher,Polisher,0.03815275378613853
550,19.012897861953896,HOG8-ML06-H2-GPS-Spray-Specialist-Polisher,Polisher,0.006403943314815044
559,19.01275555246523,HOG8-ML06-H2-GPS-Spray-Specialist-Polisher,Polisher,0.0007484892082173632
569,18.97860627686023,HOG8-ML06-H2-GPS-Spray-Specialist-Refiner,Refiner,0.17961244760532155
589,18.978016886976974,HOG8-ML06-H2-GPS-Spray-Specialist-Polisher,Polisher,0.003105548819855607
600,18.977818631395216,HOG8-ML06-H2-GPS-Spray-Specialist-Polisher,Polisher,0.0010446591071047277
609,18.976595996471048,HOG8-ML06-H2-GPS-Spray-Specialist-Polisher,Polisher,0.006442441820715961
633,18.97606396677513,HOG8-ML06-H2-GPS-Spray-Specialist-Polisher,Polisher,0.002803609751808522
644,18.97515263385405,HOG8-ML06-H2-GPS-Spray-Specialist-Polisher,Polisher,0.004802539255102315
650,18.969177206133303,HOG8-ML06-H2-GPS-Spray-Specialist-Polisher,Polisher,0.03149080187153789
665,18.96820267553501,HOG8-ML06-H2-GPS-Spray-Specialist-Polisher,Polisher,0.005137442640246323
674,18.96763345118309,HOG8-ML06-H2-GPS-Spray-Specialist-Polisher,Polisher,0.0030009398447372044
684,18.954989736302778,HOG8-ML06-H2-GPS-Spray-Specialist-Refiner,Refiner,0.06665942228825272
700,18.954894699165337,HOG8-ML06-H2-GPS-Spray-Specialist-Polisher,Polisher,0.0005013832176311159
714,18.95059467102115,HOG8-ML06-H2-GPS-Spray-Specialist-Polisher,Polisher,0.02268558181109618
721,18.88959530060877,HOG8-ML06-H2-GPS-Spray-Specialist-Refiner,Refiner,0.32188631265306805
733,18.885148771074526,HOG8-ML06-H2-GPS-Spray-Specialist-Polisher,Polisher,0.023539570136276087
744,18.864411454703973,HOG8-ML06-H2-GPS-Spray-Specialist-Refiner,Refiner,0.10980753512683822
760,18.816921007867016,HOG8-ML06-H2-GPS-Spray-Specialist-Refiner,Refiner,0.25174624159883086
763,18.809852034724596,HOG8-ML06-H2-GPS-Spray-Specialist-Polisher,Polisher,0.03756710855864711
773,18.796739813551312,HOG8-ML06-H2-GPS-Spray-Specialist-Refiner,Refiner,0.06970932652249161
783,18.747642228470404,HOG8-ML06-H2-GPS-Spray-Specialist-Refiner,Refiner,0.26120266369549633
794,18.685243595356326,HOG8-ML06-H2-GPS-Spray-Specialist-Refiner,Refiner,0.33283456316079635
803,18.659533280986892,HOG8-ML06-H2-GPS-Spray-Specialist-Refiner,Refiner,0.13759689156968374
813,18.65806504181578,HOG8-ML06-H2-GPS-Spray-Specialist-Polisher,Polisher,0.007868573929480635
823,18.65743263553533,HOG8-ML06-H2-GPS-Spray-Specialist-Polisher,Polisher,0.0033894526524322417
834,18.653057786135037,HOG8-ML06-H2-GPS-Spray-Specialist-Polisher,Polisher,0.02344829262285647
864,18.652792814116832,HOG8-ML06-H2-GPS-Spray-Specialist-Polisher,Polisher,0.0014205285870134716
879,18.652661654021344,HOG8-ML06-H2-GPS-Spray-Specialist-Polisher,Polisher,0.000703165991257139
896,18.63896595058406,HOG8-ML06-H2-GPS-Spray-Specialist-Refiner,Refiner,0.07342492825592468
910,18.638863693314466,HOG8-ML06-H2-GPS-Spray-Specialist-Polisher,Polisher,0.0005486209367163883
919,18.623006339032244,HOG8-ML06-H2-GPS-Spray-Specialist-Refiner,Refiner,0.0850768294845658
965,18.622695082279048,HOG8-ML06-H2-GPS-Spray-Specialist-Polisher,Polisher,0.0016713561040038087
980,18.620264413529114,HOG8-ML06-H2-GPS-Spray-Specialist-Polisher,Polisher,0.013052185729266438
990,18.61993317643671,HOG8-ML06-H2-GPS-Spray-Specialist-Polisher,Polisher,0.0017789064915904134
999,18.605165472833587,HOG8-ML06-H2-GPS-Spray-Specialist-Refiner,Refiner,0.07931125994486186
1049,18.591492566838347,HOG8-ML06-H2-GPS-Spray-Specialist-Refiner,Refiner,0.07348983815921421
1080,18.590982565777193,HOG8-ML06-H2-GPS-Spray-Specialist-Polisher,Polisher,0.0027431958963028136
1090,18.59068851790239,HOG8-ML06-H2-GPS-Spray-Specialist-Polisher,Polisher,0.0015816693591242399
1100,18.580980370203896,HOG8-ML06-H2-GPS-Spray-Specialist-Refiner,Refiner,0.052220484944086654
1109,18.544161824535422,HOG8-ML06-H2-GPS-Spray-Specialist-Refiner,Refiner,0.19815179250453177
1130,18.49566732478334,HOG8-ML06-H2-GPS-Spray-Specialist-Refiner,Refiner,0.2615081782122888
1150,18.495557794461803,HOG8-ML06-H2-GPS-Spray-Specialist-Polisher,Polisher,0.0005921944832515784
1163,18.485475976344972,HOG8-ML06-H2-GPS-Spray-Specialist-Refiner,Refiner,0.05450940290024436
1174,18.479027246892354,HOG8-ML06-H2-GPS-Spray-Specialist-Polisher,Polisher,0.03488538494150891
1184,18.478535444483185,HOG8-ML06-H2-GPS-Spray-Specialist-Polisher,Polisher,0.002661408539518181
1193,18.468807030625115,HOG8-ML06-H2-GPS-Spray-Specialist-Refiner,Refiner,0.0526471044596496
1203,18.468316674541313,HOG8-ML06-H2-GPS-Spray-Specialist-Polisher,Polisher,0.0026550501230996957
1214,18.448064662298673,HOG8-ML06-H2-GPS-Spray-Specialist-Refiner,Refiner,0.10965813831077237
1224,18.448061176893564,HOG8-ML06-H2-GPS-Spray-Specialist-Polisher,Polisher,1.8893066417631808E-05
1234,18.43718347093357,HOG8-ML06-H2-GPS-Spray-Specialist-Refiner,Refiner,0.05896395212316198
1244,18.41279379875495,HOG8-ML06-H2-GPS-Spray-Specialist-Refiner,Refiner,0.13228523877884313
1275,18.4084963405667,HOG8-ML06-H2-GPS-Spray-Specialist-Polisher,Polisher,0.023339522699383632
1290,18.39889323170871,HOG8-ML06-H2-GPS-Spray-Specialist-Refiner,Refiner,0.05216672062904453
1295,18.398691063095683,HOG8-ML06-H2-GPS-Spray-Specialist-Polisher,Polisher,0.001098808555925306
1306,18.398675704431742,HOG8-ML06-H2-GPS-Spray-Specialist-Polisher,Polisher,8.347693804942543E-05
1319,18.39815922368806,HOG8-ML06-H2-GPS-Spray-Specialist-Polisher,Polisher,0.0028071626022311853
1330,18.394926379638235,HOG8-ML06-H2-GPS-Spray-Specialist-Polisher,Polisher,0.017571562516231477
1339,18.394290383324687,HOG8-ML06-H2-GPS-Spray-Specialist-Polisher,Polisher,0.0034574550635443
1359,18.38575364889823,HOG8-ML06-H2-GPS-Spray-Specialist-Polisher,Polisher,0.04640969696877147
1369,18.38565670472143,HOG8-ML06-H2-GPS-Spray-Specialist-Polisher,Polisher,0.0005272787760090577
1379,18.369514453286897,HOG8-ML06-H2-GPS-Spray-Specialist-Refiner,Refiner,0.08779806831914051
1393,18.369272756977935,HOG8-ML06-H2-GPS-Spray-Specialist-Polisher,Polisher,0.0013157468564352242
1401,18.366879638544262,HOG8-ML06-H2-GPS-Spray-Specialist-Polisher,Polisher,0.013027834391343045
1409,18.36650371624798,HOG8-ML06-H2-GPS-Spray-Specialist-Polisher,Polisher,0.0020467401304962362
1423,18.365407765340652,HOG8-ML06-H2-GPS-Spray-Specialist-Polisher,Polisher,0.005967117771891751
1430,18.365342384687356,HOG8-ML06-H2-GPS-Spray-Specialist-Polisher,Polisher,0.00035599891999147265
1439,18.34284886118391,HOG8-ML06-H2-GPS-Spray-Specialist-Refiner,Refiner,0.12247810594699522
1449,18.341720037010546,HOG8-ML06-H2-GPS-Spray-Specialist-Polisher,Polisher,0.006154028645749512
1464,18.336902540443738,HOG8-ML06-H2-GPS-Spray-Specialist-Polisher,Polisher,0.026265238794874635
1473,18.335702785776938,HOG8-ML06-H2-GPS-Spray-Specialist-Polisher,Polisher,0.006542842577440329
1483,18.335392853221663,HOG8-ML06-H2-GPS-Spray-Specialist-Polisher,Polisher,0.001690322748445476
1490,18.334398187445114,HOG8-ML06-H2-GPS-Spray-Specialist-Polisher,Polisher,0.0054248402775519036
1519,18.324045605407754,HOG8-ML06-H2-GPS-Spray-Specialist-Refiner,Refiner,0.05646534962052336
1539,18.324022117120585,HOG8-ML06-H2-GPS-Spray-Specialist-Polisher,Polisher,0.0001281828678844753
1550,18.322349992143224,HOG8-ML06-H2-GPS-Spray-Specialist-Polisher,Polisher,0.009125316301592514
1559,18.320317551390886,HOG8-ML06-H2-GPS-Spray-Specialist-Polisher,Polisher,0.011092685999389148
1570,18.317565265690337,HOG8-ML06-H2-GPS-Spray-Specialist-Polisher,Polisher,0.015023133157097954
1580,18.317446241722067,HOG8-ML06-H2-GPS-Spray-Specialist-Polisher,Polisher,0.0006497805060021772
1589,18.308470635523044,HOG8-ML06-H2-GPS-Spray-Specialist-Polisher,Polisher,0.04900031412991944
1609,18.307194362925983,HOG8-ML06-H2-GPS-Spray-Specialist-Polisher,Polisher,0.006970940514190315
1619,18.30135610390907,HOG8-ML06-H2-GPS-Spray-Specialist-Polisher,Polisher,0.03189051747183502
1644,18.301245818944615,HOG8-ML06-H2-GPS-Spray-Specialist-Polisher,Polisher,0.0006026054235029963
1653,18.29150033649144,HOG8-ML06-H2-GPS-Spray-Specialist-Refiner,Refiner,0.053250377321791706
1663,18.29127024321778,HOG8-ML06-H2-GPS-Spray-Specialist-Polisher,Polisher,0.0012579245519755537
1680,18.281615103085485,HOG8-ML06-H2-GPS-Spray-Specialist-Refiner,Refiner,0.05278550917411295
1683,18.27954237768727,HOG8-ML06-H2-GPS-Spray-Specialist-Polisher,Polisher,0.011337758652760576
1693,18.277491944593798,HOG8-ML06-H2-GPS-Spray-Specialist-Polisher,Polisher,0.011217092042608172
1705,18.276816620670044,HOG8-ML06-H2-GPS-Spray-Specialist-Polisher,Polisher,0.0036948391267349993
1725,18.276739473975848,HOG8-ML06-H2-GPS-Spray-Specialist-Polisher,Polisher,0.00042210137463607187
1744,18.274383563763887,HOG8-ML06-H2-GPS-Spray-Specialist-Polisher,Polisher,0.012890210616150352
1756,18.269789163689428,HOG8-ML06-H2-GPS-Spray-Specialist-Polisher,Polisher,0.025141204125593408
1764,18.267025914894578,HOG8-ML06-H2-GPS-Spray-Specialist-Polisher,Polisher,0.01512468901579511
1789,18.25811922648479,HOG8-ML06-H2-GPS-Spray-Specialist-Polisher,Polisher,0.04875828419625297
1809,18.25420515821338,HOG8-ML06-H2-GPS-Spray-Specialist-Polisher,Polisher,0.02143741216089869
1816,18.252833005059028,HOG8-ML06-H2-GPS-Spray-Specialist-Polisher,Polisher,0.007516915376267345
1829,18.2147604550953,HOG8-ML06-H2-GPS-Spray-Specialist-Refiner,Refiner,0.20858433292616543
1840,18.20682466446462,HOG8-ML06-H2-GPS-Spray-Specialist-Polisher,Polisher,0.04356791103700206
1850,18.162114153803195,HOG8-ML06-H2-GPS-Spray-Specialist-Refiner,Refiner,0.24557006224533354
1870,18.158639857971234,HOG8-ML06-H2-GPS-Spray-Specialist-Polisher,Polisher,0.0191293579730801
1881,18.1399039025983,HOG8-ML06-H2-GPS-Spray-Specialist-Refiner,Refiner,0.10317928831388302
1904,18.11571367913966,HOG8-ML06-H2-GPS-Spray-Specialist-Refiner,Refiner,0.13335364723279572
1914,18.114905223510092,HOG8-ML06-H2-GPS-Spray-Specialist-Polisher,Polisher,0.004462731327543818
1922,18.08703885286041,HOG8-ML06-H2-GPS-Spray-Specialist-Refiner,Refiner,0.15383116999981342
1931,18.086256770590737,HOG8-ML06-H2-GPS-Spray-Specialist-Polisher,Polisher,0.004323992866025322
1944,18.072629883851192,HOG8-ML06-H2-GPS-Spray-Specialist-Refiner,Refiner,0.07534387525506357
1953,18.07067945027537,HOG8-ML06-H2-GPS-Spray-Specialist-Polisher,Polisher,0.010792195648095328
1963,18.06311241556564,HOG8-ML06-H2-GPS-Spray-Specialist-Polisher,Polisher,0.04187465518688491
1983,18.054118579454972,HOG8-ML06-H2-GPS-Spray-Specialist-Polisher,Polisher,0.04979117609276813
1993,18.05379598653731,HOG8-ML06-H2-GPS-Spray-Specialist-Polisher,Polisher,0.0017868106728252862
2009,18.035583899954155,HOG8-ML06-H2-GPS-Spray-Specialist-Refiner,Refiner,0.10087677182535858
2014,18.035571948662884,HOG8-ML06-H2-GPS-Spray-Specialist-Polisher,Polisher,6.62650643123182E-05
2023,18.035394355311105,HOG8-ML06-H2-GPS-Spray-Specialist-Polisher,Polisher,0.000984683780944932
2033,18.024804943637143,HOG8-ML06-H2-GPS-Spray-Specialist-Refiner,Refiner,0.0587146111991923
2045,18.022163814785443,HOG8-ML06-H2-GPS-Spray-Specialist-Polisher,Polisher,0.014652745813107848
2053,18.01703666971609,HOG8-ML06-H2-GPS-Spray-Specialist-Polisher,Polisher,0.028449109230411287
2068,18.016123439440825,HOG8-ML06-H2-GPS-Spray-Specialist-Polisher,Polisher,0.0050687040938376515
2079,18.00703806001325,HOG8-ML06-H2-GPS-Spray-Specialist-Refiner,Refiner,0.05042915840421477
2090,18.000373095859157,HOG8-ML06-H2-GPS-Spray-Specialist-Polisher,Polisher,0.037013106385855095
2099,18.000279392681648,HOG8-ML06-H2-GPS-Spray-Specialist-Polisher,Polisher,0.00052056241839977
2108,17.998825671814988,HOG8-ML06-H2-GPS-Spray-Specialist-Polisher,Polisher,0.00807610168124017
2118,17.998671452838444,HOG8-ML06-H2-GPS-Spray-Specialist-Polisher,Polisher,0.0008568279917576573
2139,17.998274975615644,HOG8-ML06-H2-GPS-Spray-Specialist-Polisher,Polisher,0.002202813823448637
2148,17.9981786977374,HOG8-ML06-H2-GPS-Spray-Specialist-Polisher,Polisher,0.0005349283660391287
2158,17.98800846604198,HOG8-ML06-H2-GPS-Spray-Specialist-Refiner,Refiner,0.05650700477099354
2169,17.986752081198425,HOG8-ML06-H2-GPS-Spray-Specialist-Polisher,Polisher,0.006984568891691821
2189,17.982681154289462,HOG8-ML06-H2-GPS-Spray-Specialist-Polisher,Polisher,0.022632918331141266
2213,17.973118918435485,HOG8-ML06-H2-GPS-Spray-Specialist-Refiner,Refiner,0.053174694985325795
2220,17.96971870431327,HOG8-ML06-H2-GPS-Spray-Specialist-Polisher,Polisher,0.01891833096774507
2229,17.967830835293125,HOG8-ML06-H2-GPS-Spray-Specialist-Polisher,Polisher,0.01050583512857973
2239,17.96782238903816,HOG8-ML06-H2-GPS-Spray-Specialist-Polisher,Polisher,4.700764961789368E-05
2249,17.966759752471912,HOG8-ML06-H2-GPS-Spray-Specialist-Polisher,Polisher,0.005914108806517942
2259,17.953779932375955,HOG8-ML06-H2-GPS-Spray-Specialist-Refiner,Refiner,0.07224352234225873
2270,17.951170113700186,HOG8-ML06-H2-GPS-Spray-Specialist-Polisher,Polisher,0.01453631873398605
2279,17.948357790571713,HOG8-ML06-H2-GPS-Spray-Specialist-Polisher,Polisher,0.01566651706078731
2289,17.9464891308213,HOG8-ML06-H2-GPS-Spray-Specialist-Polisher,Polisher,0.010411313236667755
2321,12.819969579432582,HOG8-ML03-H2-GPS-JADE-Specialist-Local Explorer,Local Explorer,28.565584689121348
2332,10.23831632035078,HOG8-ML03-H2-GPS-JADE-Specialist-Local Explorer,Local Explorer,20.137748713722516
2355,10.083057153733835,HOG8-ML03-H2-GPS-JADE-Specialist-Exploiter,Exploiter,1.5164521368453456
2377,9.93486427903433,HOG8-ML03-H2-GPS-JADE-Specialist-Exploiter,Exploiter,1.4697216572319896
2387,9.55797910320344,HOG8-ML03-H2-GPS-JADE-Specialist-Exploiter,Exploiter,3.7935613939511454
2400,8.455447609140872,HOG8-ML03-H2-GPS-JADE-Specialist-Local Explorer,Local Explorer,11.535194648971817
2407,7.669536378241668,HOG8-ML03-H2-GPS-JADE-Specialist-Local Explorer,Local Explorer,9.29473242847114
2421,7.396356328529832,HOG8-ML03-H2-GPS-JADE-Specialist-Exploiter,Exploiter,3.5618847898921646
2432,6.425850177479536,HOG8-ML03-H2-GPS-JADE-Specialist-Local Explorer,Local Explorer,13.121408811887283
2442,5.70121526067274,HOG8-ML03-H2-GPS-JADE-Specialist-Local Explorer,Local Explorer,11.276872270480252
2451,5.265366805651789,HOG8-ML03-H2-GPS-JADE-Specialist-Local Explorer,Local Explorer,7.6448342167932966
2461,5.198337917363091,HOG8-ML03-H2-GPS-JADE-Specialist-Exploiter,Exploiter,1.273014602073879
2470,4.884837165728484,HOG8-ML03-H2-GPS-JADE-Specialist-Local Explorer,Local Explorer,6.0307882368992445
2490,4.877435752072021,HOG8-ML03-H2-GPS-JADE-Specialist-Refiner,Refiner,0.15151812446054652
2526,4.7420851470767245,HOG8-ML03-H2-GPS-JADE-Specialist-Exploiter,Exploiter,2.7750361434857864
2536,4.68372528860368,HOG8-ML03-H2-GPS-JADE-Specialist-Exploiter,Exploiter,1.2306792616117443
2550,4.5532246976890605,HOG8-ML03-H2-GPS-JADE-Specialist-Exploiter,Exploiter,2.7862562997055065
2560,4.552859846136343,HOG8-ML03-H2-GPS-JADE-Specialist-Polisher,Polisher,0.008013036406981158
2572,3.9789316259374057,HOG8-ML03-H2-GPS-JADE-Specialist-Local Explorer,Local Explorer,12.605883765255488
2601,3.9354622074738073,HOG8-ML03-H2-GPS-JADE-Specialist-Exploiter,Exploiter,1.0924897070418333
2622,3.442480455739894,HOG8-ML03-H2-GPS-JADE-Specialist-Local Explorer,Local Explorer,12.526654449830446
2661,3.434400352969453,HOG8-ML03-H2-GPS-JADE-Specialist-Refiner,Refiner,0.23471746243231678
2677,3.38666002053587,HOG8-ML03-H2-GPS-JADE-Specialist-Exploiter,Exploiter,1.390063112249151
2689,3.347381631425124,HOG8-ML03-H2-GPS-JADE-Specialist-Exploiter,Exploiter,1.1597972300901573
2714,3.3473233638292488,HOG8-ML03-H2-GPS-JADE-Specialist-Polisher,Polisher,0.0017406917492865247
2735,3.3215339575269427,HOG8-ML03-H2-GPS-JADE-Specialist-Exploiter,Exploiter,0.7704486092076772
2767,3.3175476347057526,HOG8-ML03-H2-GPS-JADE-Specialist-Refiner,Refiner,0.1200145135399451
2781,3.3146054162102327,HOG8-ML03-H2-GPS-JADE-Specialist-Refiner,Refiner,0.0886865486041727
2798,3.140366562888673,HOG8-ML03-H2-GPS-JADE-Specialist-Local Explorer,Local Explorer,5.256699710603146
2811,3.045010147691199,HOG8-ML03-H2-GPS-JADE-Specialist-Exploiter,Exploiter,3.0364740321830643
2821,2.937933487147475,HOG8-ML03-H2-GPS-JADE-Specialist-Exploiter,Exploiter,3.5164631758259337
2831,2.9369884889689932,HOG8-ML03-H2-GPS-JADE-Specialist-Polisher,Polisher,0.032165404105156586
2843,2.8563581533838893,HOG8-ML03-H2-GPS-JADE-Specialist-Exploiter,Exploiter,2.745340538035563
2852,2.829537768565097,HOG8-ML03-H2-GPS-JADE-Specialist-Exploiter,Exploiter,0.9389713536805069
2862,2.8052383224481874,HOG8-ML03-H2-GPS-JADE-Specialist-Exploiter,Exploiter,0.8587779384628019
2910,2.804942810885355,HOG8-ML03-H2-GPS-JADE-Specialist-Polisher,Polisher,0.01053427655211036
2954,2.775387204813299,HOG8-ML03-H2-GPS-JADE-Specialist-Exploiter,Exploiter,1.053697278866335
2972,2.761453426456376,HOG8-ML03-H2-GPS-JADE-Specialist-Exploiter,Exploiter,0.5020480865789838
3006,2.753585462547606,HOG8-ML03-H2-GPS-JADE-Specialist-Refiner,Refiner,0.28492111557594846
3011,2.5466207863823143,HOG8-ML00-H1-GPS-GradientEstimation-Escape-Specialist-Local Explorer,Local Explorer,7.516188583223019
3024,2.5421949827518464,HOG8-ML01-H1-GPS-GradientEstimation-Escape-Specialist-Refiner,Refiner,0.17379123166410146
3031,2.5360244868296156,HOG8-ML00-H2-GPS-GradientEstimation-Escape-Specialist-Refiner,Refiner,0.2427231571180066
3036,2.534886839233941,HOG8-ML02-H2-GPS-GradientEstimation-Escape-Specialist-Polisher,Polisher,0.044859487815773445
3040,2.5305106177871988,HOG8-ML00-H2-GPS-GradientEstimation-Escape-Specialist-Refiner,Refiner,0.17263971625908775
3042,2.5286582739837002,HOG8-ML00-H2-GPS-GradientEstimation-Escape-Specialist-Refiner,Refiner,0.07320039641320705
3051,2.5232746381800903,HOG8-ML00-H1-GPS-GradientEstimation-Escape-Specialist-Refiner,Refiner,0.2129048380716311
3058,2.522715674960059,HOG8-ML00-H2-GPS-GradientEstimation-Escape-Specialist-Polisher,Polisher,0.022152294148776435
3062,2.5205640053552134,HOG8-ML00-H1-GPS-GradientEstimation-Escape-Specialist-Refiner,Refiner,0.08529179987276503
3067,2.5172257717486977,HOG8-ML00-H2-GPS-GradientEstimation-Escape-Specialist-Refiner,Refiner,0.1324399459574646
3067,2.5153740308311483,HOG8-ML00-H2-GPS-GradientEstimation-Escape-Specialist-Refiner,Refiner,0.07356276653178273
3074,2.5102072641709414,HOG8-ML00-H2-GPS-GradientEstimation-Escape-Specialist-Refiner,Refiner,0.20540748997474692
3079,2.5092997172719143,HOG8-ML00-H1-GPS-GradientEstimation-Escape-Specialist-Polisher,Polisher,0.036154261521783436
3085,2.5080589249525653,HOG8-ML00-H1-GPS-GradientEstimation-Escape-Specialist-Polisher,Polisher,0.04944775272592402
3089,2.505134727998209,HOG8-ML01-H2-GPS-GradientEstimation-Escape-Specialist-Refiner,Refiner,0.11659203558831192
3096,2.5020921838010612,HOG8-ML00-H2-GPS-GradientEstimation-Escape-Specialist-Refiner,Refiner,0.1214523180387499
3105,2.500973748605992,HOG8-ML01-H2-GPS-GradientEstimation-Escape-Specialist-Polisher,Polisher,0.044699999556778634
3109,2.4986814330349008,HOG8-ML00-H1-GPS-GradientEstimation-Escape-Specialist-Refiner,Refiner,0.09165692252343409
3117,2.4960541580067654,HOG8-ML00-H1-GPS-GradientEstimation-Escape-Specialist-Refiner,Refiner,0.10514645818391587
3129,2.491701605176707,HOG8-ML00-H1-GPS-GradientEstimation-Escape-Specialist-Refiner,Refiner,0.17437733937368893
3140,2.485367018793464,HOG8-ML00-H1-GPS-GradientEstimation-Escape-Specialist-Refiner,Refiner,0.25422732682286403
3149,2.4794281161361744,HOG8-ML00-H1-GPS-GradientEstimation-Escape-Specialist-Refiner,Refiner,0.2389547544640885
3159,2.4764057352037447,HOG8-ML01-H1-GPS-GradientEstimation-Escape-Specialist-Refiner,Refiner,0.12189830843491514
3161,2.4722340894600463,HOG8-ML00-H1-GPS-GradientEstimation-Escape-Specialist-Refiner,Refiner,0.16845566477236487
3176,2.4657908194339067,HOG8-ML00-H1-GPS-GradientEstimation-Escape-Specialist-Refiner,Refiner,0.26062540168058695
3186,2.4608617875598537,HOG8-ML00-H1-GPS-GradientEstimation-Escape-Specialist-Refiner,Refiner,0.19989659443960922
3195,2.456692485801061,HOG8-ML00-H1-GPS-GradientEstimation-Escape-Specialist-Refiner,Refiner,0.1694244585319403
3196,2.4536127147715447,HOG8-ML00-H1-GPS-GradientEstimation-Escape-Specialist-Refiner,Refiner,0.12536249641810815
3206,2.4504774143517216,HOG8-ML00-H1-GPS-GradientEstimation-Escape-Specialist-Refiner,Refiner,0.1277830197466618
3210,2.4463815552351194,HOG8-ML00-H1-GPS-GradientEstimation-Escape-Specialist-Refiner,Refiner,0.16714535268164593
3217,2.4403286949914613,HOG8-ML00-H1-GPS-GradientEstimation-Escape-Specialist-Refiner,Refiner,0.2474209401515986
3226,2.4380215700422516,HOG8-ML00-H1-GPS-GradientEstimation-Escape-Specialist-Refiner,Refiner,0.09454156540243351
3229,2.4338186872152954,HOG8-ML00-H1-GPS-GradientEstimation-Escape-Specialist-Refiner,Refiner,0.17238907475635695
3237,2.4326947978928706,HOG8-ML00-H1-GPS-GradientEstimation-Escape-Specialist-Polisher,Polisher,0.046178021737137684
3240,2.427821710334346,HOG8-ML00-H1-GPS-GradientEstimation-Escape-Specialist-Refiner,Refiner,0.20031643767009763
3246,2.4258081621508243,HOG8-ML00-H1-GPS-GradientEstimation-Escape-Specialist-Refiner,Refiner,0.08293641064953708
3251,2.42172079286569,HOG8-ML00-H1-GPS-GradientEstimation-Escape-Specialist-Refiner,Refiner,0.168495157568856
3260,2.4193785576166733,HOG8-ML00-H1-GPS-GradientEstimation-Escape-Specialist-Refiner,Refiner,0.0967178072681593
3266,2.4152963505287817,HOG8-ML00-H1-GPS-GradientEstimation-Escape-Specialist-Refiner,Refiner,0.16872957210602957
3270,2.414410146876113,HOG8-ML00-H1-GPS-GradientEstimation-Escape-Specialist-Polisher,Polisher,0.036691300944268486
3271,2.413165768703932,HOG8-ML01-H1-GPS-GradientEstimation-Escape-Specialist-Refiner,Refiner,0.05153963479615966
3276,2.409194917764546,HOG8-ML00-H1-GPS-GradientEstimation-Escape-Specialist-Refiner,Refiner,0.16454944748858033
3285,2.4038997461228053,HOG8-ML00-H1-GPS-GradientEstimation-Escape-Specialist-Refiner,Refiner,0.21979008849370954
3289,2.4031466489277076,HOG8-ML00-H1-GPS-GradientEstimation-Escape-Specialist-Polisher,Polisher,0.03132814487427792
3296,2.3966637710773613,HOG8-ML00-H1-GPS-GradientEstimation-Escape-Specialist-Refiner,Refiner,0.2697662189379485
3307,2.393667757016803,HOG8-ML01-H1-GPS-GradientEstimation-Escape-Specialist-Refiner,Refiner,0.12500769180533444
3307,2.389856289854903,HOG8-ML00-H1-GPS-GradientEstimation-Escape-Specialist-Refiner,Refiner,0.15923125298933716
3317,2.38310140289562,HOG8-ML00-H1-GPS-GradientEstimation-Escape-Specialist-Refiner,Refiner,0.282648249100091
3329,2.381228442122012,HOG8-ML01-H1-GPS-GradientEstimation-Escape-Specialist-Refiner,Refiner,0.07859341492276042
3329,2.3770489759024724,HOG8-ML00-H1-GPS-GradientEstimation-Escape-Specialist-Refiner,Refiner,0.1755172307540169
3341,2.3711127895541644,HOG8-ML00-H1-GPS-GradientEstimation-Escape-Specialist-Refiner,Refiner,0.24972924026751792
3351,2.3656314557178453,HOG8-ML00-H1-GPS-GradientEstimation-Escape-Specialist-Refiner,Refiner,0.231171366476824
3360,2.3625764844398445,HOG8-ML01-H1-GPS-GradientEstimation-Escape-Specialist-Refiner,Refiner,0.12913978086556102
3361,2.3597467289229748,HOG8-ML00-H1-GPS-GradientEstimation-Escape-Specialist-Refiner,Refiner,0.11977413368442226
3371,2.356231321691329,HOG8-ML01-H1-GPS-GradientEstimation-Escape-Specialist-Refiner,Refiner,0.14897392116527614
3376,2.352397546850909,HOG8-ML00-H1-GPS-GradientEstimation-Escape-Specialist-Refiner,Refiner,0.16270791433449316
3383,2.350171945227217,HOG8-ML01-H1-GPS-GradientEstimation-Escape-Specialist-Refiner,Refiner,0.09460992792953939
3386,2.346044704577675,HOG8-ML00-H1-GPS-GradientEstimation-Escape-Specialist-Refiner,Refiner,0.17561441229539643
3401,2.341687441930122,HOG8-ML00-H1-GPS-GradientEstimation-Escape-Specialist-Refiner,Refiner,0.18572803148425673
3412,2.3386984064264635,HOG8-ML00-H1-GPS-GradientEstimation-Escape-Specialist-Refiner,Refiner,0.12764451182241868
3428,2.33332312773212,HOG8-ML01-H1-GPS-GradientEstimation-Escape-Specialist-Refiner,Refiner,0.22984061046832238
3436,2.33239288685775,HOG8-ML00-H2-GPS-GradientEstimation-Escape-Specialist-Polisher,Polisher,0.03986764041867845
3436,2.329558056852216,HOG8-ML01-H1-GPS-GradientEstimation-Escape-Specialist-Refiner,Refiner,0.12154170172218404
3450,2.3251070505457654,HOG8-ML00-H2-GPS-GradientEstimation-Escape-Specialist-Refiner,Refiner,0.19106655416284488
3456,2.324192557620805,HOG8-ML00-H1-GPS-GradientEstimation-Escape-Specialist-Polisher,Polisher,0.039331218093618864
3460,2.3198886693894587,HOG8-ML01-H1-GPS-GradientEstimation-Escape-Specialist-Refiner,Refiner,0.18517778216070704
3466,2.316614136000442,HOG8-ML00-H1-GPS-GradientEstimation-Escape-Specialist-Refiner,Refiner,0.14115045399478215
3471,2.3127873996294372,HOG8-ML00-H2-GPS-GradientEstimation-Escape-Specialist-Refiner,Refiner,0.16518661055964454
3477,2.3107835586821213,HOG8-ML00-H1-GPS-GradientEstimation-Escape-Specialist-Refiner,Refiner,0.08664181358118107
3486,2.3066345678557085,HOG8-ML00-H2-GPS-GradientEstimation-Escape-Specialist-Refiner,Refiner,0.17954908891505938
3486,2.3062862413235368,HOG8-ML01-H1-GPS-GradientEstimation-Escape-Specialist-Polisher,Polisher,0.015101071362837157
3490,2.3042722973525245,HOG8-ML00-H1-GPS-GradientEstimation-Escape-Specialist-Refiner,Refiner,0.08732411159234604
3495,2.300061865601594,HOG8-ML00-H2-GPS-GradientEstimation-Escape-Specialist-Refiner,Refiner,0.18272283860584326
3500,2.29917057765349,HOG8-ML00-H1-GPS-GradientEstimation-Escape-Specialist-Polisher,Polisher,0.03875060760031597
3506,2.29394929817553,HOG8-ML01-H1-GPS-GradientEstimation-Escape-Specialist-Refiner,Refiner,0.2270940455096121
3512,2.291949444768264,HOG8-ML00-H1-GPS-GradientEstimation-Escape-Specialist-Refiner,Refiner,0.08717949471929635
3516,2.2877503645460817,HOG8-ML00-H2-GPS-GradientEstimation-Escape-Specialist-Refiner,Refiner,0.1832099844857894
3525,2.284481029563841,HOG8-ML01-H1-GPS-GradientEstimation-Escape-Specialist-Refiner,Refiner,0.14290610692960182
3527,2.283299652076206,HOG8-ML00-H1-GPS-GradientEstimation-Escape-Specialist-Refiner,Refiner,0.051713166900790614
3538,2.2772737527376328,HOG8-ML01-H1-GPS-GradientEstimation-Escape-Specialist-Refiner,Refiner,0.26391189317152314
3550,2.271290985917749,HOG8-ML00-H2-GPS-GradientEstimation-Escape-Specialist-Refiner,Refiner,0.26271618915783673
3550,2.2698297940664363,HOG8-ML01-H1-GPS-GradientEstimation-Escape-Specialist-Refiner,Refiner,0.06433309780085851
3560,2.264851578567209,HOG8-ML00-H2-GPS-GradientEstimation-Escape-Specialist-Refiner,Refiner,0.21932109236740285
3560,2.263664906575665,HOG8-ML01-H1-GPS-GradientEstimation-Escape-Specialist-Refiner,Refiner,0.05239513276603263
3570,2.259825739070762,HOG8-ML00-H2-GPS-GradientEstimation-Escape-Specialist-Refiner,Refiner,0.1695996387871138
3570,2.257501430911215,HOG8-ML01-H1-GPS-GradientEstimation-Escape-Specialist-Refiner,Refiner,0.10285342446372599
3581,2.252411857911758,HOG8-ML00-H2-GPS-GradientEstimation-Escape-Specialist-Refiner,Refiner,0.22545159572292126
3586,2.2501644905313043,HOG8-ML01-H1-GPS-GradientEstimation-Escape-Specialist-Refiner,Refiner,0.09977604107169323
3596,2.245643808679051,HOG8-ML00-H1-GPS-GradientEstimation-Escape-Specialist-Refiner,Refiner,0.20090450592728754
3596,2.2428846754342873,HOG8-ML01-H1-GPS-GradientEstimation-Escape-Specialist-Refiner,Refiner,0.12286602328028337
3606,2.238243272578922,HOG8-ML00-H1-GPS-GradientEstimation-Escape-Specialist-Refiner,Refiner,0.20693898826816393
3606,2.236371018492419,HOG8-ML01-H1-GPS-GradientEstimation-Escape-Specialist-Refiner,Refiner,0.08364837323271918
3615,2.2293746340214113,HOG8-ML01-H1-GPS-GradientEstimation-Escape-Specialist-Refiner,Refiner,0.3128454273979939
3627,2.2261587810540022,HOG8-ML00-H2-GPS-GradientEstimation-Escape-Specialist-Refiner,Refiner,0.14424910548157924
3630,2.2258714216311533,HOG8-ML00-H1-GPS-GradientEstimation-Escape-Specialist-Polisher,Polisher,0.012908307587696472
3630,2.222010813207932,HOG8-ML01-H1-GPS-GradientEstimation-Escape-Specialist-Refiner,Refiner,0.17344256212211928
3637,2.2207972317642284,HOG8-ML00-H2-GPS-GradientEstimation-Escape-Specialist-Refiner,Refiner,0.05461636084262361
3642,2.218358525388344,HOG8-ML00-H1-GPS-GradientEstimation-Escape-Specialist-Refiner,Refiner,0.10981220351877112
3642,2.2154622448223305,HOG8-ML01-H1-GPS-GradientEstimation-Escape-Specialist-Refiner,Refiner,0.13055962473454305
3657,2.211319823663789,HOG8-ML01-H1-GPS-GradientEstimation-Escape-Specialist-Refiner,Refiner,0.18697773650723826
3666,2.211102595229796,HOG8-ML00-H1-GPS-GradientEstimation-Escape-Specialist-Polisher,Polisher,0.009823474273987066
3666,2.2081145249341514,HOG8-ML01-H1-GPS-GradientEstimation-Escape-Specialist-Refiner,Refiner,0.13513937806825668
3676,2.2058992429651156,HOG8-ML01-H1-GPS-GradientEstimation-Escape-Specialist-Refiner,Refiner,0.10032459566841608
3687,2.204978302507761,HOG8-ML02-H2-GPS-GradientEstimation-Escape-Specialist-Polisher,Polisher,0.04174898106935126
3687,2.2038651664132862,HOG8-ML00-H2-GPS-GradientEstimation-Escape-Specialist-Refiner,Refiner,0.05048285931924831
3696,2.2007634268371734,HOG8-ML01-H1-GPS-GradientEstimation-Escape-Specialist-Refiner,Refiner,0.14074089574004153
3700,2.197705821152426,HOG8-ML00-H2-GPS-GradientEstimation-Escape-Specialist-Refiner,Refiner,0.13893386483351236
3705,2.1953933679596904,HOG8-ML01-H1-GPS-GradientEstimation-Escape-Specialist-Refiner,Refiner,0.10522123436534632
3710,2.190336641852178,HOG8-ML00-H2-GPS-GradientEstimation-Escape-Specialist-Refiner,Refiner,0.23033348744293725
3716,2.188228396518341,HOG8-ML01-H1-GPS-GradientEstimation-Escape-Specialist-Refiner,Refiner,0.09625211456327835
3721,2.1839936279980936,HOG8-ML00-H2-GPS-GradientEstimation-Escape-Specialist-Refiner,Refiner,0.1935249778764031
3731,2.1808377461325765,HOG8-ML01-H1-GPS-GradientEstimation-Escape-Specialist-Refiner,Refiner,0.14450050700971315
3731,2.176726719550714,HOG8-ML00-H2-GPS-GradientEstimation-Escape-Specialist-Refiner,Refiner,0.18850676026461938
3740,2.1745754394041312,HOG8-ML01-H1-GPS-GradientEstimation-Escape-Specialist-Refiner,Refiner,0.0988309707075617
3747,2.173433309809231,HOG8-ML02-H2-GPS-GradientEstimation-Escape-Specialist-Refiner,Refiner,0.05252195781321364
3747,2.1706987459361784,HOG8-ML00-H2-GPS-GradientEstimation-Escape-Specialist-Refiner,Refiner,0.1258177032950925
3750,2.1670088013948443,HOG8-ML01-H1-GPS-GradientEstimation-Escape-Specialist-Refiner,Refiner,0.16998879039489612
3756,2.1660148956649534,HOG8-ML02-H2-GPS-GradientEstimation-Escape-Specialist-Polisher,Polisher,0.0458653296309243
3756,2.163002713847015,HOG8-ML00-H2-GPS-GradientEstimation-Escape-Specialist-Refiner,Refiner,0.13906560956561548
3761,2.1609795763634603,HOG8-ML01-H1-GPS-GradientEstimation-Escape-Specialist-Refiner,Refiner,0.09353374688820394
3766,2.1598014148690297,HOG8-ML02-H2-GPS-GradientEstimation-Escape-Specialist-Refiner,Refiner,0.054519788493940895
3766,2.156787770822406,HOG8-ML00-H2-GPS-GradientEstimation-Escape-Specialist-Refiner,Refiner,0.13953338607320478
3770,2.1544017933950945,HOG8-ML01-H1-GPS-GradientEstimation-Escape-Specialist-Refiner,Refiner,0.11062643527515892
3776,2.1493917969428615,HOG8-ML00-H2-GPS-GradientEstimation-Escape-Specialist-Refiner,Refiner,0.2325469867130866
3786,2.147029708123343,HOG8-ML01-H1-GPS-GradientEstimation-Escape-Specialist-Refiner,Refiner,0.10989568411297873
3786,2.1428361671881766,HOG8-ML00-H2-GPS-GradientEstimation-Escape-Specialist-Refiner,Refiner,0.19531825383225754
3795,2.1401009662073167,HOG8-ML01-H1-GPS-GradientEstimation-Escape-Specialist-Refiner,Refiner,0.12764396190162355
3797,2.1354840469210745,HOG8-ML00-H2-GPS-GradientEstimation-Escape-Specialist-Refiner,Refiner,0.21573371346232745
3806,2.134414861834958,HOG8-ML01-H1-GPS-GradientEstimation-Escape-Specialist-Refiner,Refiner,0.050067575436021784
3810,2.131252210162903,HOG8-ML00-H2-GPS-GradientEstimation-Escape-Specialist-Refiner,Refiner,0.14817417778548264
3817,2.1285220378629646,HOG8-ML01-H1-GPS-GradientEstimation-Escape-Specialist-Refiner,Refiner,0.1281017932518534
3821,2.1262089743362607,HOG8-ML00-H2-GPS-GradientEstimation-Escape-Specialist-Refiner,Refiner,0.10866993554956197
3831,2.125852703028749,HOG8-ML00-H1-GPS-GradientEstimation-Escape-Specialist-Polisher,Polisher,0.0167561755129365
3831,2.123060392502182,HOG8-ML01-H1-GPS-GradientEstimation-Escape-Specialist-Refiner,Refiner,0.13135014117341084
3836,2.121096664120373,HOG8-ML00-H2-GPS-GradientEstimation-Escape-Specialist-Refiner,Refiner,0.09249517294675867
3841,2.11740782602952,HOG8-ML01-H1-GPS-GradientEstimation-Escape-Specialist-Refiner,Refiner,0.17391183312161074
3850,2.116806151343482,HOG8-ML00-H2-GPS-GradientEstimation-Escape-Specialist-Polisher,Polisher,0.028415625872414734
3855,2.1142378407973608,HOG8-ML01-H1-GPS-GradientEstimation-Escape-Specialist-Refiner,Refiner,0.12132951071081063
3861,2.111461337833744,HOG8-ML00-H2-GPS-GradientEstimation-Escape-Specialist-Refiner,Refiner,0.13132405967011454
3867,2.108104769455787,HOG8-ML01-H1-GPS-GradientEstimation-Escape-Specialist-Refiner,Refiner,0.15896897176438532
3877,2.105931914788268,HOG8-ML02-H2-GPS-GradientEstimation-Escape-Specialist-Refiner,Refiner,0.10307147438787838
3877,2.102691328772102,HOG8-ML00-H1-GPS-GradientEstimation-Escape-Specialist-Refiner,Refiner,0.15387895465231774
3881,2.100526348473417,HOG8-ML01-H1-GPS-GradientEstimation-Escape-Specialist-Refiner,Refiner,0.1029623449272139
3886,2.0978314113112977,HOG8-ML00-H2-GPS-GradientEstimation-Escape-Specialist-Refiner,Refiner,0.12829818412313732
3890,2.096480130719827,HOG8-ML00-H1-GPS-GradientEstimation-Escape-Specialist-Refiner,Refiner,0.06441321186176518
3890,2.09434550336841,HOG8-ML01-H1-GPS-GradientEstimation-Escape-Specialist-Refiner,Refiner,0.10181958417530866
3900,2.090459175624125,HOG8-ML00-H1-GPS-GradientEstimation-Escape-Specialist-Refiner,Refiner,0.18556287575448185
3900,2.0868221917305187,HOG8-ML01-H1-GPS-GradientEstimation-Escape-Specialist-Refiner,Refiner,0.17398014445895527
3910,2.083568062342758,HOG8-ML00-H1-GPS-GradientEstimation-Escape-Specialist-Refiner,Refiner,0.1559370702811089
3910,2.0807105146966647,HOG8-ML01-H1-GPS-GradientEstimation-Escape-Specialist-Refiner,Refiner,0.13714683468897357
3921,2.0761058955461658,HOG8-ML00-H1-GPS-GradientEstimation-Escape-Specialist-Refiner,Refiner,0.22130032592112917
3921,2.074238488225158,HOG8-ML01-H1-GPS-GradientEstimation-Escape-Specialist-Refiner,Refiner,0.0899475949186403
3931,2.0698673923800754,HOG8-ML00-H1-GPS-GradientEstimation-Escape-Specialist-Refiner,Refiner,0.21073255895577417
3931,2.067654007045771,HOG8-ML01-H1-GPS-GradientEstimation-Escape-Specialist-Refiner,Refiner,0.10693367809225503
3941,2.062543798192726,HOG8-ML01-H1-GPS-GradientEstimation-Escape-Specialist-Refiner,Refiner,0.24715009550106645
3956,2.0596589280714066,HOG8-ML00-H1-GPS-GradientEstimation-Escape-Specialist-Refiner,Refiner,0.1398695205331956
3956,2.0584687155232175,HOG8-ML01-H1-GPS-GradientEstimation-Escape-Specialist-Refiner,Refiner,0.057786875873839336
3969,2.0560730296049847,HOG8-ML02-H2-GPS-GradientEstimation-Escape-Specialist-Refiner,Refiner,0.11638194450887601
3969,2.054145322393383,HOG8-ML00-H1-GPS-GradientEstimation-Escape-Specialist-Refiner,Refiner,0.0937567481234783
3975,2.050922456613965,HOG8-ML01-H1-GPS-GradientEstimation-Escape-Specialist-Refiner,Refiner,0.15689570471396241
3986,2.044472681498216,HOG8-ML01-H1-GPS-GradientEstimation-Escape-Specialist-Refiner,Refiner,0.31448166628385105
3996,2.0372403938117407,HOG8-ML01-H1-GPS-GradientEstimation-Escape-Specialist-Refiner,Refiner,0.35374831622476366
4006,2.030817279915449,HOG8-ML01-H1-GPS-GradientEstimation-Escape-Specialist-Refiner,Refiner,0.31528502555724175
4026,2.022308246494063,HOG8-ML01-H1-GPS-GradientEstimation-Escape-Specialist-Refiner,Refiner,0.4189955199583502
4038,2.0148220761610065,HOG8-ML01-H1-GPS-GradientEstimation-Escape-Specialist-Refiner,Refiner,0.37017948900890413
4047,2.008552550476292,HOG8-ML01-H1-GPS-GradientEstimation-Escape-Specialist-Refiner,Refiner,0.3111701901073225
4061,2.004261415632166,HOG8-ML01-H1-GPS-GradientEstimation-Escape-Specialist-Refiner,Refiner,0.2136431453141888
4081,2.0042221394295296,HOG8-ML00-H1-GPS-GradientEstimation-Escape-Specialist-Polisher,Polisher,0.001959634722801467
4081,2.0009988061738353,HOG8-ML01-H1-GPS-GradientEstimation-Escape-Specialist-Refiner,Refiner,0.16082714546860663
4091,1.997906727420846,HOG8-ML01-H1-GPS-GradientEstimation-Escape-Specialist-Refiner,Refiner,0.15452676650526265
4101,1.9956645653130638,HOG8-ML00-H1-GPS-GradientEstimation-Escape-Specialist-Refiner,Refiner,0.11222556473778104
4106,1.9925854718072482,HOG8-ML01-H1-GPS-GradientEstimation-Escape-Specialist-Refiner,Refiner,0.1542891305149052
4112,1.9893416809973035,HOG8-ML00-H1-GPS-GradientEstimation-Escape-Specialist-Refiner,Refiner,0.16279305735390473
4125,1.9838405892058435,HOG8-ML00-H1-GPS-GradientEstimation-Escape-Specialist-Refiner,Refiner,0.2765282527384708
4136,1.9775769923751247,HOG8-ML00-H1-GPS-GradientEstimation-Escape-Specialist-Refiner,Refiner,0.3157308538195678
4141,1.9769008537743822,HOG8-ML01-H1-GPS-GradientEstimation-Escape-Specialist-Polisher,Polisher,0.03419025420246715
4147,1.972174705379387,HOG8-ML00-H1-GPS-GradientEstimation-Escape-Specialist-Refiner,Refiner,0.23906855955734088
4150,1.969410338556463,HOG8-ML01-H1-GPS-GradientEstimation-Escape-Specialist-Refiner,Refiner,0.14016845543063813
4155,1.9656890503426272,HOG8-ML00-H1-GPS-GradientEstimation-Escape-Specialist-Refiner,Refiner,0.1889544368170322
4161,1.962490600120876,HOG8-ML01-H1-GPS-GradientEstimation-Escape-Specialist-Refiner,Refiner,0.16271394609405518
4166,1.9604900038650979,HOG8-ML00-H1-GPS-GradientEstimation-Escape-Specialist-Refiner,Refiner,0.10194169876048646
4171,1.955361427042741,HOG8-ML01-H1-GPS-GradientEstimation-Escape-Specialist-Refiner,Refiner,0.2615966830866682
4176,1.952951377344934,HOG8-ML00-H1-GPS-GradientEstimation-Escape-Specialist-Refiner,Refiner,0.12325341312740973
4181,1.948659171982603,HOG8-ML01-H1-GPS-GradientEstimation-Escape-Specialist-Refiner,Refiner,0.21978045189053394
4186,1.9466207660593144,HOG8-ML00-H1-GPS-GradientEstimation-Escape-Specialist-Refiner,Refiner,0.1046055643078214
4191,1.9424253020397426,HOG8-ML01-H1-GPS-GradientEstimation-Escape-Specialist-Refiner,Refiner,0.21552549385697803
4201,1.9404729526044007,HOG8-ML00-H1-GPS-GradientEstimation-Escape-Specialist-Refiner,Refiner,0.10051091454028038
4207,1.9348375094239083,HOG8-ML01-H1-GPS-GradientEstimation-Escape-Specialist-Refiner,Refiner,0.2904159613731676
4217,1.9315553309600397,HOG8-ML00-H1-GPS-GradientEstimation-Escape-Specialist-Refiner,Refiner,0.1696358711200424
4226,1.9274002617499675,HOG8-ML00-H1-GPS-GradientEstimation-Escape-Specialist-Refiner,Refiner,0.21511520500979162
4241,1.9240292100360268,HOG8-ML00-H1-GPS-GradientEstimation-Escape-Specialist-Refiner,Refiner,0.17490148677680364
4250,1.9231543617086604,HOG8-ML01-H1-GPS-GradientEstimation-Escape-Specialist-Polisher,Polisher,0.04546959696885341
4250,1.9192246928981525,HOG8-ML00-H1-GPS-GradientEstimation-Escape-Specialist-Refiner,Refiner,0.2043345499846696
4262,1.9122157583813022,HOG8-ML00-H1-GPS-GradientEstimation-Escape-Specialist-Refiner,Refiner,0.36519614106602133
4271,1.9094027139577507,HOG8-ML01-H1-GPS-GradientEstimation-Escape-Specialist-Refiner,Refiner,0.14710915393421456
4276,1.9060197911435997,HOG8-ML00-H1-GPS-GradientEstimation-Escape-Specialist-Refiner,Refiner,0.1771717820144433
4286,1.901881774668202,HOG8-ML02-H2-GPS-GradientEstimation-Escape-Specialist-Refiner,Refiner,0.21710249256724165
4286,1.8998883911762057,HOG8-ML00-H1-GPS-GradientEstimation-Escape-Specialist-Refiner,Refiner,0.1048111148940398
4293,1.8920398417774358,HOG8-ML00-H1-GPS-GradientEstimation-Escape-Specialist-Refiner,Refiner,0.41310581375313915
4306,1.8881118097990515,HOG8-ML02-H2-GPS-GradientEstimation-Escape-Specialist-Refiner,Refiner,0.2076083120265698
4306,1.885709592048551,HOG8-ML00-H1-GPS-GradientEstimation-Escape-Specialist-Refiner,Refiner,0.127228575025766
4316,1.8792306875289833,HOG8-ML00-H1-GPS-GradientEstimation-Escape-Specialist-Refiner,Refiner,0.3435791251679046
4326,1.8749273906838781,HOG8-ML00-H1-GPS-GradientEstimation-Escape-Specialist-Refiner,Refiner,0.2289924740832937
4336,1.8717431526420008,HOG8-ML00-H1-GPS-GradientEstimation-Escape-Specialist-Refiner,Refiner,0.16983260566244904
4344,1.8708583591393468,HOG8-ML02-H2-GPS-GradientEstimation-Escape-Specialist-Polisher,Polisher,0.04727109600508011
4350,1.8688171483174045,HOG8-ML00-H1-GPS-GradientEstimation-Escape-Specialist-Refiner,Refiner,0.10910557776705919
4365,1.8630161402454073,HOG8-ML00-H1-GPS-GradientEstimation-Escape-Specialist-Refiner,Refiner,0.3104106828867765
4372,1.8589886998345302,HOG8-ML00-H1-GPS-GradientEstimation-Escape-Specialist-Refiner,Refiner,0.21617850344262643
4387,1.8546638314378798,HOG8-ML02-H2-GPS-GradientEstimation-Escape-Specialist-Refiner,Refiner,0.2326462983360426
4395,1.8469948836815082,HOG8-ML00-H1-GPS-GradientEstimation-Escape-Specialist-Refiner,Refiner,0.4134952990605337
4408,1.839654419703537,HOG8-ML00-H1-GPS-GradientEstimation-Escape-Specialist-Refiner,Refiner,0.39742741264880804
4421,1.8330189306080142,HOG8-ML00-H1-GPS-GradientEstimation-Escape-Specialist-Refiner,Refiner,0.36069215089821133
4430,1.8257883335349003,HOG8-ML00-H1-GPS-GradientEstimation-Escape-Specialist-Refiner,Refiner,0.3944638515389207
4440,1.8191679169663522,HOG8-ML00-H1-GPS-GradientEstimation-Escape-Specialist-Refiner,Refiner,0.3626059191500262
4452,1.8170529517680865,HOG8-ML02-H2-GPS-GradientEstimation-Escape-Specialist-Refiner,Refiner,0.11626003177280225
4452,1.8126349750290587,HOG8-ML01-H1-GPS-GradientEstimation-Escape-Specialist-Refiner,Refiner,0.243139680366984
4466,1.8063984460093128,HOG8-ML00-H1-GPS-GradientEstimation-Escape-Specialist-Refiner,Refiner,0.34405873800630704
4482,1.8017781485255293,HOG8-ML00-H1-GPS-GradientEstimation-Escape-Specialist-Refiner,Refiner,0.2557739957090084
4491,1.7997082678915892,HOG8-ML00-H1-GPS-GradientEstimation-Escape-Specialist-Refiner,Refiner,0.11487988327719266
4506,1.7989228464903535,HOG8-ML02-H2-GPS-GradientEstimation-Escape-Specialist-Polisher,Polisher,0.04364159543234547
4506,1.7922076168449372,HOG8-ML00-H1-GPS-GradientEstimation-Escape-Specialist-Refiner,Refiner,0.373291698335895
4515,1.7871362722747768,HOG8-ML00-H1-GPS-GradientEstimation-Escape-Specialist-Refiner,Refiner,0.28296635515299384
4526,1.785831215985655,HOG8-ML01-H1-GPS-GradientEstimation-Escape-Specialist-Refiner,Refiner,0.07302500147123879
4531,1.7802875558696631,HOG8-ML00-H1-GPS-GradientEstimation-Escape-Specialist-Refiner,Refiner,0.31042463959463423
4540,1.7739712350315362,HOG8-ML00-H1-GPS-GradientEstimation-Escape-Specialist-Refiner,Refiner,0.35479216923703355
4546,1.7732870473644176,HOG8-ML01-H1-GPS-GradientEstimation-Escape-Specialist-Polisher,Polisher,0.03856813761168331
4550,1.7677286996285806,HOG8-ML00-H1-GPS-GradientEstimation-Escape-Specialist-Refiner,Refiner,0.3134488431581435
4558,1.7657378570219118,HOG8-ML01-H1-GPS-GradientEstimation-Escape-Specialist-Refiner,Refiner,0.1126215016527772
4561,1.7619943497492019,HOG8-ML00-H1-GPS-GradientEstimation-Escape-Specialist-Refiner,Refiner,0.21200809949352717
4577,1.7558442758460124,HOG8-ML00-H1-GPS-GradientEstimation-Escape-Specialist-Refiner,Refiner,0.34904050084296995
4586,1.7538739207795704,HOG8-ML00-H1-GPS-GradientEstimation-Escape-Specialist-Refiner,Refiner,0.11221695987206405
4600,1.7502342939611002,HOG8-ML00-H1-GPS-GradientEstimation-Escape-Specialist-Refiner,Refiner,0.20751929630451593
4616,1.7462667663527884,HOG8-ML00-H1-GPS-GradientEstimation-Escape-Specialist-Refiner,Refiner,0.2266855141623651
4628,1.7405260501301998,HOG8-ML00-H1-GPS-GradientEstimation-Escape-Specialist-Refiner,Refiner,0.32874222502547956
4635,1.7344095169363563,HOG8-ML00-H1-GPS-GradientEstimation-Escape-Specialist-Refiner,Refiner,0.3514186526186141
4651,1.7297136913939055,HOG8-ML01-H1-GPS-GradientEstimation-Escape-Specialist-Refiner,Refiner,0.2707449132743112
4651,1.726743743759245,HOG8-ML00-H1-GPS-GradientEstimation-Escape-Specialist-Refiner,Refiner,0.17170168967484783
4660,1.7188587258872934,HOG8-ML00-H1-GPS-GradientEstimation-Escape-Specialist-Refiner,Refiner,0.4566408826121105
4670,1.7157760646174056,HOG8-ML01-H1-GPS-GradientEstimation-Escape-Specialist-Refiner,Refiner,0.17934349248490228
4670,1.7124403116213878,HOG8-ML00-H1-GPS-GradientEstimation-Escape-Specialist-Refiner,Refiner,0.1944165713001525
4680,1.7092033354915774,HOG8-ML01-H1-GPS-GradientEstimation-Escape-Specialist-Refiner,Refiner,0.18902709238054957
4681,1.7059625681493222,HOG8-ML00-H1-GPS-GradientEstimation-Escape-Specialist-Refiner,Refiner,0.1896068931624883
4690,1.7039331122411052,HOG8-ML00-H2-GPS-GradientEstimation-Escape-Specialist-Refiner,Refiner,0.11896251102500026
4692,1.6993946672934888,HOG8-ML00-H1-GPS-GradientEstimation-Escape-Specialist-Refiner,Refiner,0.2663511211216062
4702,1.6974711854977902,HOG8-ML00-H2-GPS-GradientEstimation-Escape-Specialist-Refiner,Refiner,0.11318629113753587
4702,1.6962934837653305,HOG8-ML01-H1-GPS-GradientEstimation-Escape-Specialist-Refiner,Refiner,0.06937977754917317
4707,1.692931757278158,HOG8-ML00-H1-GPS-GradientEstimation-Escape-Specialist-Refiner,Refiner,0.19818071102356832
4714,1.691162216368605,HOG8-ML00-H2-GPS-GradientEstimation-Escape-Specialist-Refiner,Refiner,0.1045252357010449
4716,1.6887495473755085,HOG8-ML00-H1-GPS-GradientEstimation-Escape-Specialist-Refiner,Refiner,0.14266336899822812
4722,1.6844580401848697,HOG8-ML00-H2-GPS-GradientEstimation-Escape-Specialist-Refiner,Refiner,0.25412336585423884
4736,1.6792212959639967,HOG8-ML00-H2-GPS-GradientEstimation-Escape-Specialist-Refiner,Refiner,0.3108859998850558
4748,1.676937704532036,HOG8-ML00-H2-GPS-GradientEstimation-Escape-Specialist-Refiner,Refiner,0.13599109524452668
4751,1.6767605076270775,HOG8-ML00-H1-GPS-GradientEstimation-Escape-Specialist-Polisher,Polisher,0.010566695738282087
4755,1.6759835581855693,HOG8-ML00-H2-GPS-GradientEstimation-Escape-Specialist-Polisher,Polisher,0.04633633950549775
4766,1.6704110977274553,HOG8-ML01-H1-GPS-GradientEstimation-Escape-Specialist-Refiner,Refiner,0.33248896929196453
4779,1.6641335012283882,HOG8-ML01-H1-GPS-GradientEstimation-Escape-Specialist-Refiner,Refiner,0.37581146985958136
4785,1.660622515145816,HOG8-ML00-H1-GPS-GradientEstimation-Escape-Specialist-Refiner,Refiner,0.2109798330470791
4786,1.6573705098605385,HOG8-ML01-H1-GPS-GradientEstimation-Escape-Specialist-Refiner,Refiner,0.19583049462580782
4796,1.6550331292114615,HOG8-ML00-H1-GPS-GradientEstimation-Escape-Specialist-Refiner,Refiner,0.14102945811879086
4800,1.650886245832626,HOG8-ML01-H1-GPS-GradientEstimation-Escape-Specialist-Refiner,Refiner,0.2505619558691961
4806,1.6474430756218061,HOG8-ML00-H1-GPS-GradientEstimation-Escape-Specialist-Refiner,Refiner,0.2085649583374778
4810,1.6445686780605193,HOG8-ML01-H1-GPS-GradientEstimation-Escape-Specialist-Refiner,Refiner,0.17447629018695648
4817,1.639712423625808,HOG8-ML00-H1-GPS-GradientEstimation-Escape-Specialist-Refiner,Refiner,0.29529046123135294
4822,1.638135249198723,HOG8-ML01-H1-GPS-GradientEstimation-Escape-Specialist-Refiner,Refiner,0.09618603874436814
4831,1.6354792668108393,HOG8-ML00-H1-GPS-GradientEstimation-Escape-Specialist-Refiner,Refiner,0.16213449952822442
4831,1.6326232941298415,HOG8-ML01-H1-GPS-GradientEstimation-Escape-Specialist-Refiner,Refiner,0.17462604014338276
4841,1.6306356254136773,HOG8-ML00-H1-GPS-GradientEstimation-Escape-Specialist-Refiner,Refiner,0.12174692859711846
4841,1.62915944939094,HOG8-ML01-H1-GPS-GradientEstimation-Escape-Specialist-Refiner,Refiner,0.09052764454123927
4859,1.6281992360114024,HOG8-ML02-H2-GPS-GradientEstimation-Escape-Specialist-Refiner,Refiner,0.058939189770322455
4859,1.6237873179334281,HOG8-ML01-H1-GPS-GradientEstimation-Escape-Specialist-Refiner,Refiner,0.27096917750570393
4867,1.6235975379392296,HOG8-ML00-H1-GPS-GradientEstimation-Escape-Specialist-Polisher,Polisher,0.011687490849484417
4871,1.6193887492937036,HOG8-ML01-H1-GPS-GradientEstimation-Escape-Specialist-Refiner,Refiner,0.2592261042024023
4875,1.6187006444803393,HOG8-ML00-H1-GPS-GradientEstimation-Escape-Specialist-Polisher,Polisher,0.04249163850646418
4886,1.6117866517260189,HOG8-ML00-H1-GPS-GradientEstimation-Escape-Specialist-Refiner,Refiner,0.4271322667286707
4886,1.611111902961996,HOG8-ML01-H1-GPS-GradientEstimation-Escape-Specialist-Polisher,Polisher,0.041863404396622686
4896,1.6043600955340596,HOG8-ML01-H1-GPS-GradientEstimation-Escape-Specialist-Refiner,Refiner,0.41907749644971304
4906,1.5991860650253107,HOG8-ML01-H1-GPS-GradientEstimation-Escape-Specialist-Refiner,Refiner,0.3224980802720938
4916,1.5924129112644732,HOG8-ML01-H1-GPS-GradientEstimation-Escape-Specialist-Refiner,Refiner,0.42353756757693706
4920,1.592213288302753,HOG8-ML00-H1-GPS-GradientEstimation-Escape-Specialist-Polisher,Polisher,0.012535879375754025
4926,1.5871223932907266,HOG8-ML01-H1-GPS-GradientEstimation-Escape-Specialist-Refiner,Refiner,0.319737000653553
4931,1.5857716843289806,HOG8-ML00-H1-GPS-GradientEstimation-Escape-Specialist-Refiner,Refiner,0.08510427220079668
4935,1.582576120872547,HOG8-ML01-H1-GPS-GradientEstimation-Escape-Specialist-Refiner,Refiner,0.20151472548116364
4947,1.580520142978222,HOG8-ML01-H1-GPS-GradientEstimation-Escape-Specialist-Refiner,Refiner,0.12991336512719742
4956,1.5759207133920095,HOG8-ML00-H1-GPS-GradientEstimation-Escape-Specialist-Refiner,Refiner,0.29100733746713137
4956,1.5749065355702674,HOG8-ML01-H1-GPS-GradientEstimation-Escape-Specialist-Refiner,Refiner,0.06435462222963956
4971,1.5719236619677128,HOG8-ML00-H1-GPS-GradientEstimation-Escape-Specialist-Refiner,Refiner,0.18940003963311208
4971,1.5695749790085665,HOG8-ML01-H1-GPS-GradientEstimation-Escape-Specialist-Refiner,Refiner,0.1494145686569992
4980,1.5675999541431334,HOG8-ML00-H1-GPS-GradientEstimation-Escape-Specialist-Refiner,Refiner,0.12583182656751096
4980,1.5652477380369714,HOG8-ML01-H1-GPS-GradientEstimation-Escape-Specialist-Refiner,Refiner,0.150052065257155
4995,1.5600188372722692,HOG8-ML00-H1-GPS-GradientEstimation-Escape-Specialist-Refiner,Refiner,0.33406218310590935
5002,1.5531111907695476,HOG8-ML01-H1-GPS-GradientEstimation-Escape-Specialist-Refiner,Refiner,0.4427925059417721
5019,1.5456170306374095,HOG8-ML01-H1-GPS-GradientEstimation-Escape-Specialist-Refiner,Refiner,0.48252566697590027
5031,1.5404492946445114,HOG8-ML01-H1-GPS-GradientEstimation-Escape-Specialist-Refiner,Refiner,0.3343477647090197
5036,1.5368762269386178,HOG8-ML00-H1-GPS-GradientEstimation-Escape-Specialist-Refiner,Refiner,0.23194971222458585
5041,1.535951851109656,HOG8-ML01-H1-GPS-GradientEstimation-Escape-Specialist-Refiner,Refiner,0.0601464068972677
5047,1.5336670530888867,HOG8-ML00-H1-GPS-GradientEstimation-Escape-Specialist-Refiner,Refiner,0.14875453414236475
5050,1.5314120364265011,HOG8-ML01-H1-GPS-GradientEstimation-Escape-Specialist-Refiner,Refiner,0.14703430303492968
5055,1.5272302756390124,HOG8-ML00-H1-GPS-GradientEstimation-Escape-Specialist-Refiner,Refiner,0.27306568630913824
5067,1.5228183344473933,HOG8-ML00-H1-GPS-GradientEstimation-Escape-Specialist-Refiner,Refiner,0.2888851316002766
5077,1.5207644487012353,HOG8-ML00-H1-GPS-GradientEstimation-Escape-Specialist-Refiner,Refiner,0.1348739833043434
5086,1.5173629781527944,HOG8-ML01-H1-GPS-GradientEstimation-Escape-Specialist-Refiner,Refiner,0.223668468272374
5100,1.5097570780577407,HOG8-ML00-H1-GPS-GradientEstimation-Escape-Specialist-Exploiter,Exploiter,0.5012577876595452
5110,1.5031656074794213,HOG8-ML00-H1-GPS-GradientEstimation-Escape-Specialist-Refiner,Refiner,0.43659146720472236
5121,1.4977780455911782,HOG8-ML00-H1-GPS-GradientEstimation-Escape-Specialist-Refiner,Refiner,0.35841439302733863
5133,1.4901137949355416,HOG8-ML00-H1-GPS-GradientEstimation-Escape-Specialist-Exploiter,Exploiter,0.511708038330304
5146,1.4834694586798118,HOG8-ML00-H1-GPS-GradientEstimation-Escape-Specialist-Refiner,Refiner,0.4458945537120684
5157,1.4773314698111915,HOG8-ML00-H1-GPS-GradientEstimation-Escape-Specialist-Refiner,Refiner,0.413759031755381
5166,1.4704282030847133,HOG8-ML00-H1-GPS-GradientEstimation-Escape-Specialist-Refiner,Refiner,0.46727947434575284
5175,1.466032907887195,HOG8-ML00-H1-GPS-GradientEstimation-Escape-Specialist-Refiner,Refiner,0.2989126016692117
5186,1.4632717063912162,HOG8-ML00-H1-GPS-GradientEstimation-Escape-Specialist-Refiner,Refiner,0.1883451238456966
5196,1.4609068209420322,HOG8-ML01-H1-GPS-GradientEstimation-Escape-Specialist-Refiner,Refiner,0.16161629032084474
5200,1.4584749419021006,HOG8-ML00-H1-GPS-GradientEstimation-Escape-Specialist-Refiner,Refiner,0.16646366524344394
5210,1.4563411150044208,HOG8-ML00-H1-GPS-GradientEstimation-Escape-Specialist-Refiner,Refiner,0.1463053520067304
5210,1.4544091365200162,HOG8-ML01-H1-GPS-GradientEstimation-Escape-Specialist-Refiner,Refiner,0.1326597501436779
5219,1.4508886429012304,HOG8-ML00-H1-GPS-GradientEstimation-Escape-Specialist-Refiner,Refiner,0.242056621509498
5229,1.4455935494516594,HOG8-ML01-H1-GPS-GradientEstimation-Escape-Specialist-Refiner,Refiner,0.3649551931830432
5240,1.4389239866052725,HOG8-ML01-H1-GPS-GradientEstimation-Escape-Specialist-Refiner,Refiner,0.46137192912328345
5256,1.4321298751026128,HOG8-ML00-H1-GPS-GradientEstimation-Escape-Specialist-Refiner,Refiner,0.4721661162024612
5266,1.4259929436896157,HOG8-ML01-H1-GPS-GradientEstimation-Escape-Specialist-Refiner,Refiner,0.42851779853816535
5271,1.4246854266728253,HOG8-ML00-H1-GPS-GradientEstimation-Escape-Specialist-Refiner,Refiner,0.091691689119258
5276,1.4192746759821597,HOG8-ML01-H1-GPS-GradientEstimation-Escape-Specialist-Refiner,Refiner,0.379785641754031
5286,1.4128708080251908,HOG8-ML01-H1-GPS-GradientEstimation-Escape-Specialist-Refiner,Refiner,0.451207089461899
5296,1.4107596841155061,HOG8-ML01-H1-GPS-GradientEstimation-Escape-Specialist-Refiner,Refiner,0.14942087398886003
5307,1.4043575076040706,HOG8-ML01-H1-GPS-GradientEstimation-Escape-Specialist-Refiner,Refiner,0.4538105662871571
5325,1.4018876936875593,HOG8-ML00-H1-GPS-GradientEstimation-Escape-Specialist-Refiner,Refiner,0.1758678899880006
5326,1.3995898838283778,HOG8-ML01-H1-GPS-GradientEstimation-Escape-Specialist-Refiner,Refiner,0.1639082695088986
5340,1.397437707552614,HOG8-ML00-H1-GPS-GradientEstimation-Escape-Specialist-Refiner,Refiner,0.1537719228061813
5340,1.3965065626037867,HOG8-ML01-H1-GPS-GradientEstimation-Escape-Specialist-Refiner,Refiner,0.06663230452383813
5350,1.3889669922111425,HOG8-ML01-H1-GPS-GradientEstimation-Escape-Specialist-Exploiter,Exploiter,0.5398879313955145
5360,1.3855495333223824,HOG8-ML00-H1-GPS-GradientEstimation-Escape-Specialist-Refiner,Refiner,0.24604320390074494
5360,1.382733877228881,HOG8-ML01-H1-GPS-GradientEstimation-Escape-Specialist-Refiner,Refiner,0.20321583788850262
5375,1.3778563188142345,HOG8-ML00-H1-GPS-GradientEstimation-Escape-Specialist-Refiner,Refiner,0.3527474443904994
5375,1.374735853841661,HOG8-ML01-H1-GPS-GradientEstimation-Escape-Specialist-Refiner,Refiner,0.22647245071670455
5390,1.3679368483958416,HOG8-ML01-H1-GPS-GradientEstimation-Escape-Specialist-Refiner,Refiner,0.4945681329849454
5399,1.361413109990618,HOG8-ML01-H1-GPS-GradientEstimation-Escape-Specialist-Refiner,Refiner,0.4769034778815978
5409,1.3559142412297134,HOG8-ML01-H1-GPS-GradientEstimation-Escape-Specialist-Refiner,Refiner,0.40390890322353706
5427,1.3517050898871206,HOG8-ML01-H1-GPS-GradientEstimation-Escape-Specialist-Refiner,Refiner,0.31042902379839465
5436,1.348541416832155,HOG8-ML01-H1-GPS-GradientEstimation-Escape-Specialist-Refiner,Refiner,0.23405053947305626
5446,1.341853322596161,HOG8-ML01-H1-GPS-GradientEstimation-Escape-Specialist-Refiner,Refiner,0.4959502283366913
5459,1.3353733241577108,HOG8-ML01-H1-GPS-GradientEstimation-Escape-Specialist-Refiner,Refiner,0.4829140658915712
5470,1.3275421108691878,HOG8-ML01-H1-GPS-GradientEstimation-Escape-Specialist-Exploiter,Exploiter,0.5864437417500862
5480,1.3223683539149,HOG8-ML01-H1-GPS-GradientEstimation-Escape-Specialist-Refiner,Refiner,0.3897245075638581
5492,1.3156883331402416,HOG8-ML01-H1-GPS-GradientEstimation-Escape-Specialist-Exploiter,Exploiter,0.5051558255218459
5501,1.31254020433475,HOG8-ML01-H1-GPS-GradientEstimation-Escape-Specialist-Refiner,Refiner,0.2392761816149638
5512,1.3103885305135965,HOG8-ML01-H1-GPS-GradientEstimation-Escape-Specialist-Refiner,Refiner,0.1639320314949219
5537,1.3049778933397493,HOG8-ML01-H1-GPS-GradientEstimation-Escape-Specialist-Refiner,Refiner,0.41290327623109596
5547,1.2997379587335767,HOG8-ML01-H1-GPS-GradientEstimation-Escape-Specialist-Refiner,Refiner,0.40153435800835124
5561,1.2939973131434455,HOG8-ML01-H1-GPS-GradientEstimation-Escape-Specialist-Refiner,Refiner,0.441677151271685
5571,1.286475584678517,HOG8-ML01-H1-GPS-GradientEstimation-Escape-Specialist-Exploiter,Exploiter,0.5812785226467215
5580,1.278764851310857,HOG8-ML01-H1-GPS-GradientEstimation-Escape-Specialist-Exploiter,Exploiter,0.5993688072663196
5592,1.2719883940564793,HOG8-ML01-H1-GPS-GradientEstimation-Escape-Specialist-Exploiter,Exploiter,0.5299220765593509
5600,1.2689048507610607,HOG8-ML01-H1-GPS-GradientEstimation-Escape-Specialist-Refiner,Refiner,0.24241913761374176
5611,1.2632863573577848,HOG8-ML01-H1-GPS-GradientEstimation-Escape-Specialist-Refiner,Refiner,0.4427828768962518
5624,1.2603036695127288,HOG8-ML01-H1-GPS-GradientEstimation-Escape-Specialist-Refiner,Refiner,0.236105442577127
5636,1.2559750556018858,HOG8-ML01-H1-GPS-GradientEstimation-Escape-Specialist-Refiner,Refiner,0.3434580106012474
5645,1.2504616610814319,HOG8-ML01-H1-GPS-GradientEstimation-Escape-Specialist-Refiner,Refiner,0.4389732499752429
5656,1.2426819984620905,HOG8-ML01-H1-GPS-GradientEstimation-Escape-Specialist-Exploiter,Exploiter,0.6221432340927047
5669,1.236381353346763,HOG8-ML01-H1-GPS-GradientEstimation-Escape-Specialist-Exploiter,Exploiter,0.5070199071946871
5680,1.2296219237787531,HOG8-ML01-H1-GPS-GradientEstimation-Escape-Specialist-Exploiter,Exploiter,0.5467107336836388
5692,1.2229797094495354,HOG8-ML01-H1-GPS-GradientEstimation-Escape-Specialist-Exploiter,Exploiter,0.5401834662158221
5707,1.215532754167815,HOG8-ML01-H1-GPS-GradientEstimation-Escape-Specialist-Exploiter,Exploiter,0.6089189562329158
5715,1.2099410904364127,HOG8-ML01-H1-GPS-GradientEstimation-Escape-Specialist-Refiner,Refiner,0.4600175283002047
5726,1.2055497863334883,HOG8-ML01-H1-GPS-GradientEstimation-Escape-Specialist-Refiner,Refiner,0.3629353641788077
5735,1.203477837750461,HOG8-ML01-H1-GPS-GradientEstimation-Escape-Specialist-Refiner,Refiner,0.17186752521676746
5750,1.1979988920976337,HOG8-ML01-H1-GPS-GradientEstimation-Escape-Specialist-Refiner,Refiner,0.45525937254220544
5760,1.1958708039155512,HOG8-ML01-H1-GPS-GradientEstimation-Escape-Specialist-Refiner,Refiner,0.1776369073560879
5775,1.1904255899186114,HOG8-ML01-H1-GPS-GradientEstimation-Escape-Specialist-Refiner,Refiner,0.45533463808222485
5786,1.1838457294295033,HOG8-ML01-H1-GPS-GradientEstimation-Escape-Specialist-Exploiter,Exploiter,0.5527317746553098
5797,1.177518440324127,HOG8-ML01-H1-GPS-GradientEstimation-Escape-Specialist-Exploiter,Exploiter,0.5344690569121202
5810,1.170714900895974,HOG8-ML01-H1-GPS-GradientEstimation-Escape-Specialist-Exploiter,Exploiter,0.5777862320593609
5827,1.16418579370012,HOG8-ML01-H1-GPS-GradientEstimation-Escape-Specialist-Exploiter,Exploiter,0.5577025790700287
5832,1.1610750065945576,HOG8-ML01-H1-GPS-GradientEstimation-Escape-Specialist-Refiner,Refiner,0.2672071006531928
5846,1.1566694941060207,HOG8-ML01-H1-GPS-GradientEstimation-Escape-Specialist-Refiner,Refiner,0.37943392662101455
5856,1.1534594492741317,HOG8-ML01-H1-GPS-GradientEstimation-Escape-Specialist-Refiner,Refiner,0.277524811387028
5871,1.1500891121261119,HOG8-ML01-H1-GPS-GradientEstimation-Escape-Specialist-Refiner,Refiner,0.2921938131540525
5879,1.1459114067991063,HOG8-ML01-H1-GPS-GradientEstimation-Escape-Specialist-Refiner,Refiner,0.3632505762342582
5891,1.1391753880566362,HOG8-ML01-H1-GPS-GradientEstimation-Escape-Specialist-Exploiter,Exploiter,0.5878306736893326
5902,1.132842659526388,HOG8-ML01-H1-GPS-GradientEstimation-Escape-Specialist-Exploiter,Exploiter,0.5559046128139568
5917,1.1263201349836651,HOG8-ML01-H1-GPS-GradientEstimation-Escape-Specialist-Exploiter,Exploiter,0.5757661479176507
5926,1.1185686761814335,HOG8-ML01-H1-GPS-GradientEstimation-Escape-Specialist-Exploiter,Exploiter,0.688210976743661
5936,1.1123712312169154,HOG8-ML01-H1-GPS-GradientEstimation-Escape-Specialist-Exploiter,Exploiter,0.5540513601431204
5949,1.1055669840143902,HOG8-ML01-H1-GPS-GradientEstimation-Escape-Specialist-Exploiter,Exploiter,0.611688527316678
5959,1.097978261632418,HOG8-ML01-H1-GPS-GradientEstimation-Escape-Specialist-Exploiter,Exploiter,0.6864100042511212
5971,1.0903358042641613,HOG8-ML01-H1-GPS-GradientEstimation-Escape-Specialist-Exploiter,Exploiter,0.6960481491586485
5981,1.0837884886762486,HOG8-ML01-H1-GPS-GradientEstimation-Escape-Specialist-Exploiter,Exploiter,0.6004861586959791
5991,1.0783924524614739,HOG8-ML01-H1-GPS-GradientEstimation-Escape-Specialist-Refiner,Refiner,0.497886466884832
6002,1.0732572793426056,HOG8-ML01-H1-GPS-GradientEstimation-Escape-Specialist-Refiner,Refiner,0.4761877836910861
6020,1.0684286148431985,HOG8-ML01-H1-GPS-GradientEstimation-Escape-Specialist-Refiner,Refiner,0.4499074539112165
6040,1.0633505969629298,HOG8-ML01-H1-GPS-GradientEstimation-Escape-Specialist-Refiner,Refiner,0.4752790977068676
6051,1.059400713636586,HOG8-ML01-H1-GPS-GradientEstimation-Escape-Specialist-Refiner,Refiner,0.371456351049712
6060,1.0517407042195241,HOG8-ML01-H1-GPS-GradientEstimation-Escape-Specialist-Exploiter,Exploiter,0.7230511853033796
6075,1.0447343926183577,HOG8-ML01-H1-GPS-GradientEstimation-Escape-Specialist-Exploiter,Exploiter,0.6661633968389326
6086,1.0399077814814346,HOG8-ML01-H1-GPS-GradientEstimation-Escape-Specialist-Refiner,Refiner,0.461994088739283
6097,1.0318671908706543,HOG8-ML01-H1-GPS-GradientEstimation-Escape-Specialist-Exploiter,Exploiter,0.7732022736983315
6106,1.0256019098501146,HOG8-ML01-H1-GPS-GradientEstimation-Escape-Specialist-Exploiter,Exploiter,0.6071790125678154
6119,1.0210703860705528,HOG8-ML01-H1-GPS-GradientEstimation-Escape-Specialist-Refiner,Refiner,0.4418404193712978
6139,1.0145217424921098,HOG8-ML01-H1-GPS-GradientEstimation-Escape-Specialist-Exploiter,Exploiter,0.6413508478729388
6147,1.0114356286069277,HOG8-ML01-H1-GPS-GradientEstimation-Escape-Specialist-Refiner,Refiner,0.3041939621324673
6166,1.0091872871363372,HOG8-ML01-H1-GPS-GradientEstimation-Escape-Specialist-Refiner,Refiner,0.22229209719329224
6176,1.0048528581134812,HOG8-ML01-H1-GPS-GradientEstimation-Escape-Specialist-Refiner,Refiner,0.4294969901132339
6191,0.9970873024429908,HOG8-ML01-H1-GPS-GradientEstimation-Escape-Specialist-Exploiter,Exploiter,0.7728052528078128
6200,0.9910093247690772,HOG8-ML01-H1-GPS-GradientEstimation-Escape-Specialist-Exploiter,Exploiter,0.6095732699656073
6213,0.9843502711080524,HOG8-ML01-H1-GPS-GradientEstimation-Escape-Specialist-Exploiter,Exploiter,0.6719466199348321
6220,0.9791394887901307,HOG8-ML01-H1-GPS-GradientEstimation-Escape-Specialist-Exploiter,Exploiter,0.5293626131738755
6232,0.9760043263577474,HOG8-ML01-H1-GPS-GradientEstimation-Escape-Specialist-Refiner,Refiner,0.32019568899802725
6247,0.9716408329401203,HOG8-ML01-H1-GPS-GradientEstimation-Escape-Specialist-Refiner,Refiner,0.44707726183046537
6255,0.9684271095923382,HOG8-ML01-H1-GPS-GradientEstimation-Escape-Specialist-Refiner,Refiner,0.3307521914303987
6271,0.9672077242537993,HOG8-ML00-H1-GPS-GradientEstimation-Escape-Specialist-Refiner,Refiner,0.12591400286721008
6277,0.9649501307838136,HOG8-ML01-H1-GPS-GradientEstimation-Escape-Specialist-Refiner,Refiner,0.23341350708581207
6291,0.9617728637339116,HOG8-ML01-H1-GPS-GradientEstimation-Escape-Specialist-Refiner,Refiner,0.32926748735929207
6297,0.9587413647996277,HOG8-ML02-H2-GPS-GradientEstimation-Escape-Specialist-Refiner,Refiner,0.3151990504821107
6300,0.9554759185974115,HOG8-ML01-H1-GPS-GradientEstimation-Escape-Specialist-Refiner,Refiner,0.34059719566794744
6307,0.951146097382976,HOG8-ML02-H2-GPS-GradientEstimation-Escape-Specialist-Refiner,Refiner,0.45315859145791365
6311,0.9490419007074735,HOG8-ML01-H1-GPS-GradientEstimation-Escape-Specialist-Refiner,Refiner,0.2212274939982418
6316,0.9447898886724237,HOG8-ML02-H2-GPS-GradientEstimation-Escape-Specialist-Refiner,Refiner,0.4480320660110012
6320,0.9414344658737656,HOG8-ML01-H1-GPS-GradientEstimation-Escape-Specialist-Refiner,Refiner,0.3551501597220818
6328,0.9385351025865812,HOG8-ML02-H2-GPS-GradientEstimation-Escape-Specialist-Refiner,Refiner,0.30797292772719537
6331,0.9361166589572505,HOG8-ML01-H1-GPS-GradientEstimation-Escape-Specialist-Refiner,Refiner,0.2576828104420998
6336,0.9338690950403518,HOG8-ML00-H1-GPS-GradientEstimation-Escape-Specialist-Refiner,Refiner,0.24009442577406057
6340,0.9296616083014748,HOG8-ML01-H1-GPS-GradientEstimation-Escape-Specialist-Refiner,Refiner,0.4505435249139645
6350,0.9275587337562744,HOG8-ML00-H1-GPS-GradientEstimation-Escape-Specialist-Refiner,Refiner,0.22619784730515488
6352,0.9254927654081754,HOG8-ML02-H2-GPS-GradientEstimation-Escape-Specialist-Refiner,Refiner,0.22273180909338272
6352,0.9233995293019437,HOG8-ML01-H1-GPS-GradientEstimation-Escape-Specialist-Refiner,Refiner,0.22617530730329335
6358,0.9221110824615315,HOG8-ML00-H1-GPS-GradientEstimation-Escape-Specialist-Refiner,Refiner,0.13953297565423298
6360,0.9200620734758589,HOG8-ML02-H2-GPS-GradientEstimation-Escape-Specialist-Refiner,Refiner,0.2222084762502676
6368,0.9179731689751567,HOG8-ML01-H1-GPS-GradientEstimation-Escape-Specialist-Refiner,Refiner,0.22703951841103842
6370,0.9167652154063091,HOG8-ML00-H1-GPS-GradientEstimation-Escape-Specialist-Refiner,Refiner,0.13158920213280337
6371,0.9135715908167649,HOG8-ML02-H2-GPS-GradientEstimation-Escape-Specialist-Refiner,Refiner,0.3483579585999876
6378,0.9114791676010336,HOG8-ML01-H1-GPS-GradientEstimation-Escape-Specialist-Refiner,Refiner,0.22903768426736226
6380,0.9102877634467657,HOG8-ML00-H1-GPS-GradientEstimation-Escape-Specialist-Refiner,Refiner,0.13071106796699578
6382,0.9074704726952699,HOG8-ML02-H2-GPS-GradientEstimation-Escape-Specialist-Refiner,Refiner,0.3094945208126467
6386,0.9055391577883332,HOG8-ML01-H1-GPS-GradientEstimation-Escape-Specialist-Refiner,Refiner,0.21282399428386736
6391,0.9050318992205603,HOG8-ML00-H1-GPS-GradientEstimation-Escape-Specialist-Refiner,Refiner,0.05601729791694604
6397,0.9028003131512803,HOG8-ML02-H2-GPS-GradientEstimation-Escape-Specialist-Refiner,Refiner,0.24657540482295542
6401,0.8986473894410202,HOG8-ML01-H1-GPS-GradientEstimation-Escape-Specialist-Refiner,Refiner,0.4600046820723917
6407,0.897999054902924,HOG8-ML02-H2-GPS-GradientEstimation-Escape-Specialist-Refiner,Refiner,0.07214559856446989
6412,0.8956820027838017,HOG8-ML01-H1-GPS-GradientEstimation-Escape-Specialist-Refiner,Refiner,0.2580238928394789
6421,0.8923804742572137,HOG8-ML01-H1-GPS-GradientEstimation-Escape-Specialist-Refiner,Refiner,0.3686049866277113
6427,0.8911021736254475,HOG8-ML00-H1-GPS-GradientEstimation-Escape-Specialist-Refiner,Refiner,0.14324614541013597
6438,0.8890824504406674,HOG8-ML01-H1-GPS-GradientEstimation-Escape-Specialist-Refiner,Refiner,0.22665450097186102
6441,0.8870097035081046,HOG8-ML00-H1-GPS-GradientEstimation-Escape-Specialist-Refiner,Refiner,0.23313326357250908
6446,0.8826820620560478,HOG8-ML01-H1-GPS-GradientEstimation-Escape-Specialist-Refiner,Refiner,0.48789110591925244
6452,0.8815151543093422,HOG8-ML00-H1-GPS-GradientEstimation-Escape-Specialist-Refiner,Refiner,0.1322002334552354
6461,0.8773420176225979,HOG8-ML01-H1-GPS-GradientEstimation-Escape-Specialist-Refiner,Refiner,0.47340498530782016
6465,0.875291812197061,HOG8-ML00-H1-GPS-GradientEstimation-Escape-Specialist-Refiner,Refiner,0.23368371562694695
6470,0.8700702414659514,HOG8-ML01-H1-GPS-GradientEstimation-Escape-Specialist-Exploiter,Exploiter,0.5965519908158418
6477,0.8691262019710966,HOG8-ML00-H1-GPS-GradientEstimation-Escape-Specialist-Refiner,Refiner,0.1085015266427451
6480,0.8647389282787775,HOG8-ML01-H1-GPS-GradientEstimation-Escape-Specialist-Exploiter,Exploiter,0.5047913274699504
6487,0.8614033767637789,HOG8-ML00-H1-GPS-GradientEstimation-Escape-Specialist-Refiner,Refiner,0.38572931157822477
6490,0.8583733527827456,HOG8-ML01-H1-GPS-GradientEstimation-Escape-Specialist-Refiner,Refiner,0.35175436534934384
6497,0.8561659957002443,HOG8-ML00-H1-GPS-GradientEstimation-Escape-Specialist-Refiner,Refiner,0.25715582564921335
6500,0.851911535880219,HOG8-ML01-H1-GPS-GradientEstimation-Escape-Specialist-Refiner,Refiner,0.4969199712896464
6507,0.8499827663537362,HOG8-ML00-H1-GPS-GradientEstimation-Escape-Specialist-Refiner,Refiner,0.226404907698537
6511,0.8455631528672,HOG8-ML01-H1-GPS-GradientEstimation-Escape-Specialist-Exploiter,Exploiter,0.5199650700561245
6521,0.8437203212840151,HOG8-ML00-H1-GPS-GradientEstimation-Escape-Specialist-Refiner,Refiner,0.21794133021715345
6526,0.8423786169772469,HOG8-ML02-H2-GPS-GradientEstimation-Escape-Specialist-Refiner,Refiner,0.15902240030515016
6526,0.8392706833757813,HOG8-ML01-H1-GPS-GradientEstimation-Escape-Specialist-Refiner,Refiner,0.368947352037262
6531,0.8383278925271961,HOG8-ML00-H1-GPS-GradientEstimation-Escape-Specialist-Refiner,Refiner,0.11233453845820099
6541,0.832778715592305,HOG8-ML01-H1-GPS-GradientEstimation-Escape-Specialist-Exploiter,Exploiter,0.6619339502307061
6547,0.826604130523087,HOG8-ML01-H1-GPS-GradientEstimation-Escape-Specialist-Exploiter,Exploiter,0.7414436696819715
6560,0.8223919016974179,HOG8-ML00-H1-GPS-GradientEstimation-Escape-Specialist-Exploiter,Exploiter,0.5095823587287803
6560,0.820195134494198,HOG8-ML01-H1-GPS-GradientEstimation-Escape-Specialist-Refiner,Refiner,0.2671192649983297
6571,0.8158547387796111,HOG8-ML00-H1-GPS-GradientEstimation-Escape-Specialist-Exploiter,Exploiter,0.5291906196521811
6571,0.813964754799888,HOG8-ML01-H1-GPS-GradientEstimation-Escape-Specialist-Refiner,Refiner,0.23165692247498504
6581,0.8095998328143217,HOG8-ML01-H1-GPS-GradientEstimation-Escape-Specialist-Exploiter,Exploiter,0.536254421315745
6596,0.8025050979514885,HOG8-ML02-H2-GPS-GradientEstimation-Escape-Specialist-Exploiter,Exploiter,0.8763261274610877
6607,0.8003524196380059,HOG8-ML02-H2-GPS-GradientEstimation-Escape-Specialist-Refiner,Refiner,0.26824481476537326
6607,0.7983860643916316,HOG8-ML01-H1-GPS-GradientEstimation-Escape-Specialist-Refiner,Refiner,0.2456861750057055
6620,0.7941122581370488,HOG8-ML01-H1-GPS-GradientEstimation-Escape-Specialist-Exploiter,Exploiter,0.5353057180224553
6632,0.7897116450351206,HOG8-ML01-H1-GPS-GradientEstimation-Escape-Specialist-Exploiter,Exploiter,0.554155040025679
6640,0.7845149873936967,HOG8-ML01-H1-GPS-GradientEstimation-Escape-Specialist-Exploiter,Exploiter,0.6580449552814613
6651,0.7782144239587983,HOG8-ML01-H1-GPS-GradientEstimation-Escape-Specialist-Exploiter,Exploiter,0.8031157512783943
6661,0.7720997002285694,HOG8-ML01-H1-GPS-GradientEstimation-Escape-Specialist-Exploiter,Exploiter,0.7857376504438253
6674,0.7661740040625784,HOG8-ML01-H1-GPS-GradientEstimation-Escape-Specialist-Exploiter,Exploiter,0.7674781073269182
6681,0.7604736461109114,HOG8-ML01-H1-GPS-GradientEstimation-Escape-Specialist-Exploiter,Exploiter,0.7440030491038987
6695,0.7546889612561218,HOG8-ML01-H1-GPS-GradientEstimation-Escape-Specialist-Exploiter,Exploiter,0.7606686812058032
6706,0.7532685675706675,HOG8-ML01-H1-GPS-GradientEstimation-Escape-Specialist-Refiner,Refiner,0.18820915083880224
6720,0.747973611137785,HOG8-ML01-H1-GPS-GradientEstimation-Escape-Specialist-Exploiter,Exploiter,0.7029307554885763
6736,0.7458328130676901,HOG8-ML01-H1-GPS-GradientEstimation-Escape-Specialist-Refiner,Refiner,0.28621304792269875
6745,0.7450832454570088,HOG8-ML02-H2-GPS-GradientEstimation-Escape-Specialist-Refiner,Refiner,0.10050075533661407
6749,0.7418694692096515,HOG8-ML01-H1-GPS-GradientEstimation-Escape-Specialist-Refiner,Refiner,0.4313311656050031
6760,0.7378887331525916,HOG8-ML02-H2-GPS-GradientEstimation-Escape-Specialist-Exploiter,Exploiter,0.5365817333473377
6770,0.7324350056563729,HOG8-ML01-H1-GPS-GradientEstimation-Escape-Specialist-Exploiter,Exploiter,0.7390988981384744
6772,0.731481419332332,HOG8-ML02-H2-GPS-GradientEstimation-Escape-Specialist-Refiner,Refiner,0.13019398536069396
6781,0.731298888302081,HOG8-ML00-H1-GPS-GradientEstimation-Escape-Specialist-Polisher,Polisher,0.024953611319015724
6781,0.7252513607367653,HOG8-ML02-H2-GPS-GradientEstimation-Escape-Specialist-Exploiter,Exploiter,0.8269570297524642
6790,0.724139571683432,HOG8-ML00-H1-GPS-GradientEstimation-Escape-Specialist-Refiner,Refiner,0.15329706547587477
6790,0.7192588423215935,HOG8-ML01-H1-GPS-GradientEstimation-Escape-Specialist-Exploiter,Exploiter,0.6740039562389993
6800,0.7128381010888619,HOG8-ML01-H1-GPS-GradientEstimation-Escape-Specialist-Exploiter,Exploiter,0.8926885364394019
6802,0.7117594233459825,HOG8-ML02-H2-GPS-GradientEstimation-Escape-Specialist-Refiner,Refiner,0.15132156112751466
6816,0.7066798472555891,HOG8-ML01-H1-GPS-GradientEstimation-Escape-Specialist-Exploiter,Exploiter,0.7136647473544288
6816,0.7060469974830815,HOG8-ML02-H2-GPS-GradientEstimation-Escape-Specialist-Refiner,Refiner,0.08955254277665319
6826,0.7006808381150715,HOG8-ML01-H1-GPS-GradientEstimation-Escape-Specialist-Exploiter,Exploiter,0.7600286364986033
6837,0.6933094229447996,HOG8-ML02-H2-GPS-GradientEstimation-Escape-Specialist-Exploiter,Exploiter,1.0520360725294104
6847,0.6875371895136616,HOG8-ML02-H2-GPS-GradientEstimation-Escape-Specialist-Exploiter,Exploiter,0.8325623798131404
6860,0.6802783113124324,HOG8-ML01-H1-GPS-GradientEstimation-Escape-Specialist-Exploiter,Exploiter,1.0557797180926067
6876,0.6790506298869816,HOG8-ML02-H2-GPS-GradientEstimation-Escape-Specialist-Refiner,Refiner,0.1804675241052897
6876,0.6762057944624528,HOG8-ML01-H1-GPS-GradientEstimation-Escape-Specialist-Refiner,Refiner,0.4189430506827347
6884,0.6750697843881797,HOG8-ML02-H2-GPS-GradientEstimation-Escape-Specialist-Refiner,Refiner,0.16799768407429505
6889,0.673963143542062,HOG8-ML01-H1-GPS-GradientEstimation-Escape-Specialist-Refiner,Refiner,0.16392984424871335
6895,0.6698823626524847,HOG8-ML02-H2-GPS-GradientEstimation-Escape-Specialist-Exploiter,Exploiter,0.6054902154041344
6905,0.6697043798814003,HOG8-ML00-H1-GPS-GradientEstimation-Escape-Specialist-Polisher,Polisher,0.026569257679757156
6911,0.6658174304412786,HOG8-ML02-H2-GPS-GradientEstimation-Escape-Specialist-Exploiter,Exploiter,0.5803977929500834
6916,0.6597426157430161,HOG8-ML01-H1-GPS-GradientEstimation-Escape-Specialist-Exploiter,Exploiter,0.9123844496285394
6922,0.6587359765603071,HOG8-ML02-H2-GPS-GradientEstimation-Escape-Specialist-Refiner,Refiner,0.1525805910802407
6930,0.6565441059718196,HOG8-ML00-H1-GPS-GradientEstimation-Escape-Specialist-Refiner,Refiner,0.33273886146810616
6930,0.6535358864642008,HOG8-ML01-H1-GPS-GradientEstimation-Escape-Specialist-Refiner,Refiner,0.45819001042831364
6936,0.6526765061140294,HOG8-ML02-H2-GPS-GradientEstimation-Escape-Specialist-Refiner,Refiner,0.13149704063244083
6939,0.6474928247472618,HOG8-ML01-H1-GPS-GradientEstimation-Escape-Specialist-Exploiter,Exploiter,0.7942190837587724
6944,0.6466641298212453,HOG8-ML02-H2-GPS-GradientEstimation-Escape-Specialist-Refiner,Refiner,0.12798519062198355
6950,0.6415960407656431,HOG8-ML01-H1-GPS-GradientEstimation-Escape-Specialist-Exploiter,Exploiter,0.7837281862229065
6957,0.640497303566446,HOG8-ML02-H2-GPS-GradientEstimation-Escape-Specialist-Refiner,Refiner,0.17125062023232038
6960,0.6353013571441035,HOG8-ML01-H1-GPS-GradientEstimation-Escape-Specialist-Exploiter,Exploiter,0.8112362680389352
6967,0.633319434511887,HOG8-ML02-H2-GPS-GradientEstimation-Escape-Specialist-Refiner,Refiner,0.3119657482121469
6971,0.6325559053213964,HOG8-ML00-H1-GPS-GradientEstimation-Escape-Specialist-Refiner,Refiner,0.12055988635167603
6975,0.6285487629220278,HOG8-ML01-H1-GPS-GradientEstimation-Escape-Specialist-Exploiter,Exploiter,0.6334843079731612
6981,0.6263441311665392,HOG8-ML00-H1-GPS-GradientEstimation-Escape-Specialist-Refiner,Refiner,0.3507495178639084
6986,0.622330818334804,HOG8-ML01-H1-GPS-GradientEstimation-Escape-Specialist-Exploiter,Exploiter,0.6407520454068283
6991,0.6215965041031932,HOG8-ML02-H2-GPS-GradientEstimation-Escape-Specialist-Refiner,Refiner,0.11799419375945078
6996,0.6203791570636459,HOG8-ML00-H1-GPS-GradientEstimation-Escape-Specialist-Refiner,Refiner,0.1958420022492999
6996,0.6162499991092192,HOG8-ML01-H1-GPS-GradientEstimation-Escape-Specialist-Exploiter,Exploiter,0.6655861834512085
7001,0.615145456806319,HOG8-ML02-H2-GPS-GradientEstimation-Escape-Specialist-Refiner,Refiner,0.17923607375200587
7005,0.6105394222896006,HOG8-ML01-H1-GPS-GradientEstimation-Escape-Specialist-Exploiter,Exploiter,0.7487716060900228
7012,0.6087446730809538,HOG8-ML02-H2-GPS-GradientEstimation-Escape-Specialist-Refiner,Refiner,0.29396123217010506
7017,0.6053334257762512,HOG8-ML01-H1-GPS-GradientEstimation-Escape-Specialist-Exploiter,Exploiter,0.5603740706982768
7027,0.6022986681058331,HOG8-ML02-H2-GPS-GradientEstimation-Escape-Specialist-Exploiter,Exploiter,0.5013365430013091
7040,0.5964430186634749,HOG8-ML01-H1-GPS-GradientEstimation-Escape-Specialist-Exploiter,Exploiter,0.9722169004247642
7050,0.5944488501983196,HOG8-ML02-H2-GPS-GradientEstimation-Escape-Specialist-Refiner,Refiner,0.3343435001760782
7061,0.5908434312394588,HOG8-ML02-H2-GPS-GradientEstimation-Escape-Specialist-Exploiter,Exploiter,0.6065145819792499
7071,0.5843873872662808,HOG8-ML02-H2-GPS-GradientEstimation-Escape-Specialist-Exploiter,Exploiter,1.092682702697507
7088,0.5805427753555236,HOG8-ML02-H2-GPS-GradientEstimation-Escape-Specialist-Exploiter,Exploiter,0.657887557899229
7101,0.573622985629411,HOG8-ML02-H2-GPS-GradientEstimation-Escape-Specialist-Exploiter,Exploiter,1.1919517423801964
7114,0.568687577913052,HOG8-ML02-H2-GPS-GradientEstimation-Escape-Specialist-Exploiter,Exploiter,0.8603922506598348
7121,0.5639715338659077,HOG8-ML02-H2-GPS-GradientEstimation-Escape-Specialist-Exploiter,Exploiter,0.8292855744187481
7132,0.5570926282058789,HOG8-ML02-H2-GPS-GradientEstimation-Escape-Specialist-Exploiter,Exploiter,1.2197256859535677
7146,0.5514349339592776,HOG8-ML02-H2-GPS-GradientEstimation-Escape-Specialist-Exploiter,Exploiter,1.0155751413947065
7154,0.5464236197053426,HOG8-ML02-H2-GPS-GradientEstimation-Escape-Specialist-Exploiter,Exploiter,0.9087770732902187
7166,0.5435459287289697,HOG8-ML02-H2-GPS-GradientEstimation-Escape-Specialist-Exploiter,Exploiter,0.5266410295229739
7182,0.5404200422540878,HOG8-ML02-H2-GPS-GradientEstimation-Escape-Specialist-Exploiter,Exploiter,0.5750915073895347
7192,0.5357198724267821,HOG8-ML02-H2-GPS-GradientEstimation-Escape-Specialist-Exploiter,Exploiter,0.8697252988067075
7206,0.5318490046433507,HOG8-ML02-H2-GPS-GradientEstimation-Escape-Specialist-Exploiter,Exploiter,0.7225544510597588
7215,0.5272351739848453,HOG8-ML02-H2-GPS-GradientEstimation-Escape-Specialist-Exploiter,Exploiter,0.8675076230704545
7227,0.5229859629202462,HOG8-ML02-H2-GPS-GradientEstimation-Escape-Specialist-Exploiter,Exploiter,0.8059422576994487
7237,0.5183734123840108,HOG8-ML02-H2-GPS-GradientEstimation-Escape-Specialist-Exploiter,Exploiter,0.8819645006301705
7246,0.5125004710296337,HOG8-ML02-H2-GPS-GradientEstimation-Escape-Specialist-Exploiter,Exploiter,1.1329557446566012
7258,0.507655322081985,HOG8-ML02-H2-GPS-GradientEstimation-Escape-Specialist-Exploiter,Exploiter,0.9453940477195175
7266,0.5019922936160615,HOG8-ML02-H2-GPS-GradientEstimation-Escape-Specialist-Exploiter,Exploiter,1.1155262674482564
7281,0.4964096328176429,HOG8-ML02-H2-GPS-GradientEstimation-Escape-Specialist-Exploiter,Exploiter,1.1121008966500896
7291,0.49154852983603187,HOG8-ML02-H2-GPS-GradientEstimation-Escape-Specialist-Exploiter,Exploiter,0.9792523473042186
7302,0.4860841653573567,HOG8-ML02-H2-GPS-GradientEstimation-Escape-Specialist-Exploiter,Exploiter,1.1116632737154006
7312,0.4807487514640529,HOG8-ML02-H2-GPS-GradientEstimation-Escape-Specialist-Exploiter,Exploiter,1.0976317011646264
7321,0.4738573502522218,HOG8-ML02-H2-GPS-GradientEstimation-Escape-Specialist-Exploiter,Exploiter,1.43347251362469
7336,0.46805062913393425,HOG8-ML02-H2-GPS-GradientEstimation-Escape-Specialist-Exploiter,Exploiter,1.2254154367758137
7346,0.462477126203582,HOG8-ML02-H2-GPS-GradientEstimation-Escape-Specialist-Exploiter,Exploiter,1.1907906075599721
7354,0.458923067635739,HOG8-ML02-H2-GPS-GradientEstimation-Escape-Specialist-Exploiter,Exploiter,0.7684831025088424
7365,0.4553665775071332,HOG8-ML02-H2-GPS-GradientEstimation-Escape-Specialist-Exploiter,Exploiter,0.7749643413934149
7381,0.45047328795093605,HOG8-ML02-H2-GPS-GradientEstimation-Escape-Specialist-Exploiter,Exploiter,1.0745825007590757
7391,0.4476527791994537,HOG8-ML02-H2-GPS-GradientEstimation-Escape-Specialist-Exploiter,Exploiter,0.6261211989532164
7406,0.44523052204787417,HOG8-ML02-H2-GPS-GradientEstimation-Escape-Specialist-Exploiter,Exploiter,0.5411017789080368
7412,0.4435927140762818,HOG8-ML02-H2-GPS-GradientEstimation-Escape-Specialist-Refiner,Refiner,0.3678561757309723
7425,0.4376982654511198,HOG8-ML02-H2-GPS-GradientEstimation-Escape-Specialist-Exploiter,Exploiter,1.328797439208706
7436,0.43226774658269385,HOG8-ML02-H2-GPS-GradientEstimation-Escape-Specialist-Exploiter,Exploiter,1.2406991978432673
7446,0.4277143331095904,HOG8-ML02-H2-GPS-GradientEstimation-Escape-Specialist-Exploiter,Exploiter,1.0533780299595803
7456,0.4224042725738148,HOG8-ML02-H2-GPS-GradientEstimation-Escape-Specialist-Exploiter,Exploiter,1.2414969816817045
7468,0.4159588728247185,HOG8-ML02-H2-GPS-GradientEstimation-Escape-Specialist-Exploiter,Exploiter,1.525884127502516
7478,0.4115834135410356,HOG8-ML02-H2-GPS-GradientEstimation-Escape-Specialist-Exploiter,Exploiter,1.0518970911642656
7492,0.4060208020711129,HOG8-ML02-H2-GPS-GradientEstimation-Escape-Specialist-Exploiter,Exploiter,1.3515149753157156
7501,0.4011023959752179,HOG8-ML02-H2-GPS-GradientEstimation-Escape-Specialist-Exploiter,Exploiter,1.211368006468191
7512,0.3955321092697415,HOG8-ML02-H2-GPS-GradientEstimation-Escape-Specialist-Exploiter,Exploiter,1.388744311021403
7522,0.39031511381042305,HOG8-ML02-H2-GPS-GradientEstimation-Escape-Specialist-Exploiter,Exploiter,1.3189815281875468
7532,0.3858848976711286,HOG8-ML02-H2-GPS-GradientEstimation-Escape-Specialist-Exploiter,Exploiter,1.1350357653447716
7545,0.38137839889498065,HOG8-ML02-H2-GPS-GradientEstimation-Escape-Specialist-Exploiter,Exploiter,1.167834969273305
7561,0.3771557590619133,HOG8-ML02-H2-GPS-GradientEstimation-Escape-Specialist-Exploiter,Exploiter,1.107204772294968
7574,0.3729219989782092,HOG8-ML02-H2-GPS-GradientEstimation-Escape-Specialist-Exploiter,Exploiter,1.1225494989747902
7588,0.3657554121568637,HOG8-ML02-H2-GPS-GradientEstimation-Escape-Specialist-Exploiter,Exploiter,1.9217388196410168
7607,0.36240423175639724,HOG8-ML02-H2-GPS-GradientEstimation-Escape-Specialist-Exploiter,Exploiter,0.9162353553989807
7616,0.3607795808775178,HOG8-ML02-H2-GPS-GradientEstimation-Escape-Specialist-Refiner,Refiner,0.448297987858896
7625,0.3556704080463479,HOG8-ML02-H2-GPS-GradientEstimation-Escape-Specialist-Exploiter,Exploiter,1.4161480033717415
7636,0.3506309768779536,HOG8-ML02-H2-GPS-GradientEstimation-Escape-Specialist-Exploiter,Exploiter,1.4168823310534289
7650,0.3454429308584937,HOG8-ML02-H2-GPS-GradientEstimation-Escape-Specialist-Exploiter,Exploiter,1.4796313964198653
7658,0.3403689022134725,HOG8-ML02-H2-GPS-GradientEstimation-Escape-Specialist-Exploiter,Exploiter,1.4688471500665106
7672,0.336227331778462,HOG8-ML02-H2-GPS-GradientEstimation-Escape-Specialist-Exploiter,Exploiter,1.2167887277824816
7680,0.33037687145815775,HOG8-ML02-H2-GPS-GradientEstimation-Escape-Specialist-Exploiter,Exploiter,1.7400311537311488
7692,0.32534099568129204,HOG8-ML02-H2-GPS-GradientEstimation-Escape-Specialist-Exploiter,Exploiter,1.5242821795119215
7706,0.32070842209755207,HOG8-ML02-H2-GPS-GradientEstimation-Escape-Specialist-Exploiter,Exploiter,1.4239132618497605
7716,0.31566834254378096,HOG8-ML02-H2-GPS-GradientEstimation-Escape-Specialist-Exploiter,Exploiter,1.5715457426428419
7726,0.3107826800037899,HOG8-ML02-H2-GPS-GradientEstimation-Escape-Specialist-Exploiter,Exploiter,1.5477201485015741
7736,0.3060976516449834,HOG8-ML02-H2-GPS-GradientEstimation-Escape-Specialist-Exploiter,Exploiter,1.5074933901558902
7751,0.30110974340078567,HOG8-ML02-H2-GPS-GradientEstimation-Escape-Specialist-Exploiter,Exploiter,1.6295153580540396
7760,0.29633943617642483,HOG8-ML02-H2-GPS-GradientEstimation-Escape-Specialist-Exploiter,Exploiter,1.5842420675213496
7771,0.29171021566774524,HOG8-ML02-H2-GPS-GradientEstimation-Escape-Specialist-Exploiter,Exploiter,1.562134479436478
7783,0.28763373632210787,HOG8-ML02-H2-GPS-GradientEstimation-Escape-Specialist-Exploiter,Exploiter,1.397441408181755
7792,0.28454782042796256,HOG8-ML02-H2-GPS-GradientEstimation-Escape-Specialist-Exploiter,Exploiter,1.0728629866593715
7805,0.28173146484088873,HOG8-ML02-H2-GPS-GradientEstimation-Escape-Specialist-Exploiter,Exploiter,0.9897652994979901
7821,0.27762327315507324,HOG8-ML02-H2-GPS-GradientEstimation-Escape-Specialist-Exploiter,Exploiter,1.4581941311154754
7831,0.2745604683792957,HOG8-ML02-H2-GPS-GradientEstimation-Escape-Specialist-Exploiter,Exploiter,1.103223350466992
7845,0.27147393319437185,HOG8-ML02-H2-GPS-GradientEstimation-Escape-Specialist-Exploiter,Exploiter,1.1241731933017811
7857,0.266037592058093,HOG8-ML02-H2-GPS-GradientEstimation-Escape-Specialist-Exploiter,Exploiter,2.002527856840856
7866,0.26155700794091563,HOG8-ML02-H2-GPS-GradientEstimation-Escape-Specialist-Exploiter,Exploiter,1.684192103272003
7875,0.2578232513867113,HOG8-ML02-H2-GPS-GradientEstimation-Escape-Specialist-Exploiter,Exploiter,1.427511571415346
7889,0.25425049069431443,HOG8-ML02-H2-GPS-GradientEstimation-Escape-Specialist-Exploiter,Exploiter,1.3857402981230953
7902,0.24963995575300174,HOG8-ML02-H2-GPS-GradientEstimation-Escape-Specialist-Exploiter,Exploiter,1.813382907825316
7912,0.2452723012106806,HOG8-ML02-H2-GPS-GradientEstimation-Escape-Specialist-Exploiter,Exploiter,1.7495815239779031
7920,0.24092345759633785,HOG8-ML02-H2-GPS-GradientEstimation-Escape-Specialist-Exploiter,Exploiter,1.7730675632252713
7932,0.23648990047207386,HOG8-ML02-H2-GPS-GradientEstimation-Escape-Specialist-Exploiter,Exploiter,1.840234723715581
7941,0.232198025504251,HOG8-ML02-H2-GPS-GradientEstimation-Escape-Specialist-Exploiter,Exploiter,1.8148237870858512
7952,0.22803393808115702,HOG8-ML02-H2-GPS-GradientEstimation-Escape-Specialist-Exploiter,Exploiter,1.793334553147504
7962,0.22406199574666397,HOG8-ML02-H2-GPS-GradientEstimation-Escape-Specialist-Exploiter,Exploiter,1.7418206991099021
7976,0.22021300386872694,HOG8-ML02-H2-GPS-GradientEstimation-Escape-Specialist-Exploiter,Exploiter,1.7178245088421389
7986,0.21638251011772172,HOG8-ML02-H2-GPS-GradientEstimation-Escape-Specialist-Exploiter,Exploiter,1.7394493893233702
7995,0.212759014006847,HOG8-ML02-H2-GPS-GradientEstimation-Escape-Specialist-Exploiter,Exploiter,1.6745790169932804
8009,0.20921579563238346,HOG8-ML02-H2-GPS-GradientEstimation-Escape-Specialist-Exploiter,Exploiter,1.665366983863491
8015,0.20708960154031264,HOG8-ML02-H2-GPS-GradientEstimation-Escape-Specialist-Exploiter,Exploiter,1.0162684350118534
8025,0.20410331216682892,HOG8-ML02-H2-GPS-GradientEstimation-Escape-Specialist-Exploiter,Exploiter,1.4420276784889172
8039,0.20174964807011952,HOG8-ML02-H2-GPS-GradientEstimation-Escape-Specialist-Exploiter,Exploiter,1.1531729062709035
8060,0.19970654667236115,HOG8-ML02-H2-GPS-GradientEstimation-Escape-Specialist-Exploiter,Exploiter,1.0126914308411974
8071,0.19717986469740093,HOG8-ML02-H2-GPS-GradientEstimation-Escape-Specialist-Exploiter,Exploiter,1.2651973693709222
8081,0.19453405432228768,HOG8-ML02-H2-GPS-GradientEstimation-Escape-Specialist-Exploiter,Exploiter,1.341825839658424
8092,0.191194916544971,HOG8-ML02-H2-GPS-GradientEstimation-Escape-Specialist-Exploiter,Exploiter,1.7164798158088417
8107,0.18737265052084268,HOG8-ML02-H2-GPS-GradientEstimation-Escape-Specialist-Exploiter,Exploiter,1.9991462603710455
8115,0.18357080216296995,HOG8-ML02-H2-GPS-GradientEstimation-Escape-Specialist-Exploiter,Exploiter,2.029030569458601
8127,0.17916558364206137,HOG8-ML02-H2-GPS-GradientEstimation-Escape-Specialist-Exploiter,Exploiter,2.3997381222955765
8141,0.17843173580725655,HOG8-ML01-H1-GPS-GradientEstimation-Escape-Specialist-Refiner,Refiner,0.4095919650901851
8141,0.17534606814424789,HOG8-ML02-H2-GPS-GradientEstimation-Escape-Specialist-Exploiter,Exploiter,1.7293267080816979
8151,0.17478855959222284,HOG8-ML01-H1-GPS-GradientEstimation-Escape-Specialist-Refiner,Refiner,0.3179475638805977
8151,0.17220928171449112,HOG8-ML02-H2-GPS-GradientEstimation-Escape-Specialist-Exploiter,Exploiter,1.4756560061763193
8160,0.17115958874820827,HOG8-ML01-H1-GPS-GradientEstimation-Escape-Specialist-Exploiter,Exploiter,0.6095449419637875
8162,0.16802060382095146,HOG8-ML02-H2-GPS-GradientEstimation-Escape-Specialist-Exploiter,Exploiter,1.8339521321674535
8170,0.16740319340379667,HOG8-ML01-H1-GPS-GradientEstimation-Escape-Specialist-Refiner,Refiner,0.36746113459556984
8175,0.16428582923883264,HOG8-ML02-H2-GPS-GradientEstimation-Escape-Specialist-Exploiter,Exploiter,1.8621891862269127
8181,0.16374668289536093,HOG8-ML01-H1-GPS-GradientEstimation-Escape-Specialist-Refiner,Refiner,0.32817580552728176
8186,0.16073520520803816,HOG8-ML02-H2-GPS-GradientEstimation-Escape-Specialist-Exploiter,Exploiter,1.839107598440447
8196,0.15718879002037553,HOG8-ML02-H2-GPS-GradientEstimation-Escape-Specialist-Exploiter,Exploiter,2.206371145059689
8205,0.15614507941672623,HOG8-ML01-H1-GPS-GradientEstimation-Escape-Specialist-Exploiter,Exploiter,0.6639853920333695
8210,0.15301317338161277,HOG8-ML02-H2-GPS-GradientEstimation-Escape-Specialist-Exploiter,Exploiter,2.005766718242143
8217,0.15245487166982694,HOG8-ML01-H1-GPS-GradientEstimation-Escape-Specialist-Refiner,Refiner,0.36487166395369036
8219,0.14974327087413258,HOG8-ML02-H2-GPS-GradientEstimation-Escape-Specialist-Exploiter,Exploiter,1.7786252193809151
8229,0.14907156679206957,HOG8-ML01-H1-GPS-GradientEstimation-Escape-Specialist-Refiner,Refiner,0.4485704620594419
8232,0.14674364897855824,HOG8-ML02-H2-GPS-GradientEstimation-Escape-Specialist-Exploiter,Exploiter,1.5616108850310741
8240,0.14346351615861103,HOG8-ML02-H2-GPS-GradientEstimation-Escape-Specialist-Exploiter,Exploiter,2.235280942500275
8249,0.1428259118860996,HOG8-ML01-H1-GPS-GradientEstimation-Escape-Specialist-Refiner,Refiner,0.44443652963760544
8255,0.13998441977363063,HOG8-ML02-H2-GPS-GradientEstimation-Escape-Specialist-Exploiter,Exploiter,1.9894794123457122
8265,0.1366404315057084,HOG8-ML02-H2-GPS-GradientEstimation-Escape-Specialist-Exploiter,Exploiter,2.388828894908311
8277,0.13356970173861313,HOG8-ML02-H2-GPS-GradientEstimation-Escape-Specialist-Exploiter,Exploiter,2.2473068426800054
8287,0.1312191823477392,HOG8-ML02-H2-GPS-GradientEstimation-Escape-Specialist-Exploiter,Exploiter,1.7597698881395625
8302,0.13016891585345616,HOG8-ML02-H2-GPS-GradientEstimation-Escape-Specialist-Exploiter,Exploiter,0.8003909759929401
8310,0.1291429746984531,HOG8-ML02-H2-GPS-GradientEstimation-Escape-Specialist-Exploiter,Exploiter,0.7881614041850593
8321,0.12543106553128258,HOG8-ML02-H2-GPS-GradientEstimation-Escape-Specialist-Exploiter,Exploiter,2.8742633316583928
8336,0.12236500567774852,HOG8-ML02-H2-GPS-GradientEstimation-Escape-Specialist-Exploiter,Exploiter,2.4444182472239158
8347,0.11876856262778773,HOG8-ML02-H2-GPS-GradientEstimation-Escape-Specialist-Exploiter,Exploiter,2.939110761316939
8356,0.11576635382380304,HOG8-ML02-H2-GPS-GradientEstimation-Escape-Specialist-Exploiter,Exploiter,2.5277807001785484
8367,0.11329221248726068,HOG8-ML02-H2-GPS-GradientEstimation-Escape-Specialist-Exploiter,Exploiter,2.1371851620273175
8380,0.11041012723671464,HOG8-ML02-H2-GPS-GradientEstimation-Escape-Specialist-Exploiter,Exploiter,2.543939417610116
8391,0.10763215686338591,HOG8-ML02-H2-GPS-GradientEstimation-Escape-Specialist-Exploiter,Exploiter,2.516046709531348
8399,0.10436848213403696,HOG8-ML02-H2-GPS-GradientEstimation-Escape-Specialist-Exploiter,Exploiter,3.0322487483842115
8411,0.1016674505272495,HOG8-ML02-H2-GPS-GradientEstimation-Escape-Specialist-Exploiter,Exploiter,2.5879763234638355
8426,0.09880918568319266,HOG8-ML02-H2-GPS-GradientEstimation-Escape-Specialist-Exploiter,Exploiter,2.8113863672530557
8435,0.09669866805812727,HOG8-ML02-H2-GPS-GradientEstimation-Escape-Specialist-Exploiter,Exploiter,2.1359528574926725
8441,0.0943702352689754,HOG8-ML02-H2-GPS-GradientEstimation-Escape-Specialist-Exploiter,Exploiter,2.4079264336425115
8456,0.09175022690424126,HOG8-ML02-H2-GPS-GradientEstimation-Escape-Specialist-Exploiter,Exploiter,2.776307971752485
8467,0.08913803319057835,HOG8-ML02-H2-GPS-GradientEstimation-Escape-Specialist-Exploiter,Exploiter,2.8470705760643233
8475,0.08670394218502912,HOG8-ML02-H2-GPS-GradientEstimation-Escape-Specialist-Exploiter,Exploiter,2.730698578849173
8486,0.08660387499958141,HOG8-ML00-H2-GPS-GradientEstimation-Escape-Specialist-Refiner,Refiner,0.11541249789330382
8491,0.08421698469960816,HOG8-ML02-H2-GPS-GradientEstimation-Escape-Specialist-Exploiter,Exploiter,2.7561010404959294
8501,0.08391701817439193,HOG8-ML00-H2-GPS-GradientEstimation-Escape-Specialist-Refiner,Refiner,0.3561829318470316
8502,0.08175745244529667,HOG8-ML02-H2-GPS-GradientEstimation-Escape-Specialist-Exploiter,Exploiter,2.573453842946806
8510,0.08156710925633522,HOG8-ML00-H2-GPS-GradientEstimation-Escape-Specialist-Refiner,Refiner,0.23281448145514375
8516,0.07944537754137267,HOG8-ML02-H2-GPS-GradientEstimation-Escape-Specialist-Exploiter,Exploiter,2.6012098924515423
8526,0.07831052562963006,HOG8-ML02-H2-GPS-GradientEstimation-Escape-Specialist-Exploiter,Exploiter,1.4284681461191482
8541,0.07775504966848386,HOG8-ML00-H2-GPS-GradientEstimation-Escape-Specialist-Exploiter,Exploiter,0.7093247768165032
8541,0.07718831563306115,HOG8-ML02-H2-GPS-GradientEstimation-Escape-Specialist-Exploiter,Exploiter,0.7288710351791052
8547,0.07634415333073283,HOG8-ML02-H2-GPS-GradientEstimation-Escape-Specialist-Exploiter,Exploiter,1.0936400093782517
8562,0.07535967594863258,HOG8-ML00-H2-GPS-GradientEstimation-Escape-Specialist-Exploiter,Exploiter,1.2895255748470578
8562,0.07521071146231931,HOG8-ML02-H2-GPS-GradientEstimation-Escape-Specialist-Refiner,Refiner,0.19767134669582118
8571,0.07370116864691215,HOG8-ML02-H2-GPS-GradientEstimation-Escape-Specialist-Exploiter,Exploiter,2.007084876684679
8588,0.07147968665418339,HOG8-ML02-H2-GPS-GradientEstimation-Escape-Specialist-Exploiter,Exploiter,3.014174718682471
8598,0.06926804122087521,HOG8-ML02-H2-GPS-GradientEstimation-Escape-Specialist-Exploiter,Exploiter,3.09408943551761
8606,0.06752423301233634,HOG8-ML02-H2-GPS-GradientEstimation-Escape-Specialist-Exploiter,Exploiter,2.517478735941702
8617,0.0661863554070156,HOG8-ML02-H2-GPS-GradientEstimation-Escape-Specialist-Exploiter,Exploiter,1.9813295844120369
8625,0.06592849514086266,HOG8-ML00-H2-GPS-GradientEstimation-Escape-Specialist-Refiner,Refiner,0.38959731891448574
8630,0.06419227309101319,HOG8-ML02-H2-GPS-GradientEstimation-Escape-Specialist-Exploiter,Exploiter,2.6334926136867822
8640,0.06167848163169439,HOG8-ML02-H2-GPS-GradientEstimation-Escape-Specialist-Exploiter,Exploiter,3.9160343422559465
8655,0.05975554963759565,HOG8-ML02-H2-GPS-GradientEstimation-Escape-Specialist-Exploiter,Exploiter,3.117670771439057
8668,0.05811156928151574,HOG8-ML02-H2-GPS-GradientEstimation-Escape-Specialist-Exploiter,Exploiter,2.7511760264114153
8671,0.05799326990249182,HOG8-ML00-H2-GPS-GradientEstimation-Escape-Specialist-Refiner,Refiner,0.20357285216449067
8677,0.05596507566072154,HOG8-ML02-H2-GPS-GradientEstimation-Escape-Specialist-Exploiter,Exploiter,3.497292436140298
8681,0.05578641136101677,HOG8-ML00-H2-GPS-GradientEstimation-Escape-Specialist-Refiner,Refiner,0.319242487561155
8686,0.05381027721373754,HOG8-ML02-H2-GPS-GradientEstimation-Escape-Specialist-Exploiter,Exploiter,3.5423216856357
8697,0.05225348751276947,HOG8-ML02-H2-GPS-GradientEstimation-Escape-Specialist-Exploiter,Exploiter,2.893108494469211
8707,0.050542000945985203,HOG8-ML02-H2-GPS-GradientEstimation-Escape-Specialist-Exploiter,Exploiter,3.2753537577104654
8717,0.05011202233626648,HOG8-ML00-H2-GPS-GradientEstimation-Escape-Specialist-Exploiter,Exploiter,0.8507352334116082
8717,0.04883442396812993,HOG8-ML02-H2-GPS-GradientEstimation-Escape-Specialist-Exploiter,Exploiter,2.5494847515102945
8727,0.047108987618474686,HOG8-ML02-H2-GPS-GradientEstimation-Escape-Specialist-Exploiter,Exploiter,3.533237846280917
8740,0.047008424516861255,HOG8-ML00-H2-GPS-GradientEstimation-Escape-Specialist-Refiner,Refiner,0.2134690357344745
8742,0.04578139493047991,HOG8-ML02-H2-GPS-GradientEstimation-Escape-Specialist-Exploiter,Exploiter,2.610233376234989
8751,0.045380623459241355,HOG8-ML00-H2-GPS-GradientEstimation-Escape-Specialist-Exploiter,Exploiter,0.8754024901319343
8752,0.04416630311756817,HOG8-ML02-H2-GPS-GradientEstimation-Escape-Specialist-Exploiter,Exploiter,2.675856453941913
8761,0.04384943812983373,HOG8-ML00-H2-GPS-GradientEstimation-Escape-Specialist-Exploiter,Exploiter,0.7174360663398961
8761,0.042588402811118684,HOG8-ML02-H2-GPS-GradientEstimation-Escape-Specialist-Exploiter,Exploiter,2.8758300505042973
8770,0.041063505950012597,HOG8-ML02-H2-GPS-GradientEstimation-Escape-Specialist-Exploiter,Exploiter,3.580544844259756
8785,0.040726717929183864,HOG8-ML00-H2-GPS-GradientEstimation-Escape-Specialist-Exploiter,Exploiter,0.8201638243912022
8789,0.040091576249082286,HOG8-ML02-H2-GPS-GradientEstimation-Escape-Specialist-Exploiter,Exploiter,1.5595209051855603
8799,0.03974706962382077,HOG8-ML00-H2-GPS-GradientEstimation-Escape-Specialist-Exploiter,Exploiter,0.8592992780357531
8801,0.03837612767512801,HOG8-ML02-H2-GPS-GradientEstimation-Escape-Specialist-Exploiter,Exploiter,3.4491648357169433
8816,0.037528462274358125,HOG8-ML02-H2-GPS-GradientEstimation-Escape-Specialist-Exploiter,Exploiter,2.208835159049328
8826,0.03647741388991747,HOG8-ML02-H2-GPS-GradientEstimation-Escape-Specialist-Exploiter,Exploiter,2.800670000163572
8841,0.03615505210339032,HOG8-ML00-H2-GPS-GradientEstimation-Escape-Specialist-Exploiter,Exploiter,0.8837298266263836
8841,0.03591306744493054,HOG8-ML02-H2-GPS-GradientEstimation-Escape-Specialist-Exploiter,Exploiter,0.6692969429771313
8850,0.0354872217713849,HOG8-ML00-H2-GPS-GradientEstimation-Escape-Specialist-Exploiter,Exploiter,1.1857680333172127
8851,0.03496651443190666,HOG8-ML02-H2-GPS-GradientEstimation-Escape-Specialist-Exploiter,Exploiter,1.4673093961334314
8859,0.03443991420881072,HOG8-ML01-H1-GPS-GradientEstimation-Escape-Specialist-Exploiter,Exploiter,1.5060129145026282
8861,0.0338117218606578,HOG8-ML02-H2-GPS-GradientEstimation-Escape-Specialist-Exploiter,Exploiter,1.824024137644957
8871,0.03283007197159084,HOG8-ML00-H2-GPS-GradientEstimation-Escape-Specialist-Exploiter,Exploiter,2.903282752391192
8871,0.03255177310488004,HOG8-ML02-H2-GPS-GradientEstimation-Escape-Specialist-Exploiter,Exploiter,0.8476949637869198
8880,0.0320127437421826,HOG8-ML01-H1-GPS-GradientEstimation-Escape-Specialist-Exploiter,Exploiter,1.6559139834279215
8886,0.031218636998929582,HOG8-ML02-H2-GPS-GradientEstimation-Escape-Specialist-Exploiter,Exploiter,2.4805956954156385
8892,0.030801455947220724,HOG8-ML01-H1-GPS-GradientEstimation-Escape-Specialist-Exploiter,Exploiter,1.3363205181672817
8896,0.029995943898556657,HOG8-ML02-H2-GPS-GradientEstimation-Escape-Specialist-Exploiter,Exploiter,2.615175237314553
8901,0.029598178611225108,HOG8-ML01-H1-GPS-GradientEstimation-Escape-Specialist-Exploiter,Exploiter,1.326063579385106
8907,0.028987334534353672,HOG8-ML02-H2-GPS-GradientEstimation-Escape-Specialist-Exploiter,Exploiter,2.0637894138518815
8907,0.028924633573539665,HOG8-ML00-H2-GPS-GradientEstimation-Escape-Specialist-Refiner,Refiner,0.21630467865094144
8917,0.027876982755804573,HOG8-ML02-H2-GPS-GradientEstimation-Escape-Specialist-Exploiter,Exploiter,3.6220020387517926
8917,0.027860131786627412,HOG8-ML00-H2-GPS-GradientEstimation-Escape-Specialist-Refiner,Refiner,0.06044760770837805
8926,0.0272504113845001,HOG8-ML01-H1-GPS-GradientEstimation-Escape-Specialist-Exploiter,Exploiter,2.18850508962765
8927,0.0267247581128453,HOG8-ML02-H2-GPS-GradientEstimation-Escape-Specialist-Exploiter,Exploiter,1.9289737106640132
8927,0.026609280306140706,HOG8-ML00-H2-GPS-GradientEstimation-Escape-Specialist-Refiner,Refiner,0.43210047483681485
8937,0.02545043586002265,HOG8-ML02-H2-GPS-GradientEstimation-Escape-Specialist-Exploiter,Exploiter,4.355038666155224
8940,0.025348800827576963,HOG8-ML00-H2-GPS-GradientEstimation-Escape-Specialist-Refiner,Refiner,0.3993449581951375
8947,0.024895919437343834,HOG8-ML01-H1-GPS-GradientEstimation-Escape-Specialist-Exploiter,Exploiter,1.7865988742964105
8951,0.02429423388430596,HOG8-ML00-H2-GPS-GradientEstimation-Escape-Specialist-Exploiter,Exploiter,2.416803904560144
8960,0.023896592135785613,HOG8-ML01-H1-GPS-GradientEstimation-Escape-Specialist-Exploiter,Exploiter,1.6367741844175752
8962,0.023361327552814823,HOG8-ML02-H2-GPS-GradientEstimation-Escape-Specialist-Exploiter,Exploiter,2.2399201523351153
8962,0.023296448476446737,HOG8-ML00-H2-GPS-GradientEstimation-Escape-Specialist-Refiner,Refiner,0.27771998924893493
8968,0.022905026137962498,HOG8-ML01-H1-GPS-GradientEstimation-Escape-Specialist-Exploiter,Exploiter,1.6801803025039495
8973,0.022370197032354787,HOG8-ML02-H2-GPS-GradientEstimation-Escape-Specialist-Exploiter,Exploiter,2.334985790395112
8973,0.022128198991955637,HOG8-ML00-H2-GPS-GradientEstimation-Escape-Specialist-Exploiter,Exploiter,1.0817877019551478
8980,0.02188785124320279,HOG8-ML01-H1-GPS-GradientEstimation-Escape-Specialist-Exploiter,Exploiter,1.0861604635796207
8982,0.021433772769363063,HOG8-ML02-H2-GPS-GradientEstimation-Escape-Specialist-Exploiter,Exploiter,2.0745685302514136
8987,0.021219535538570884,HOG8-ML00-H2-GPS-GradientEstimation-Escape-Specialist-Exploiter,Exploiter,0.9995311282687726
8991,0.020978778949449772,HOG8-ML01-H1-GPS-GradientEstimation-Escape-Specialist-Exploiter,Exploiter,1.1345987695323796
8996,0.020494287144170942,HOG8-ML02-H2-GPS-GradientEstimation-Escape-Specialist-Exploiter,Exploiter,2.3094375818833677
8996,0.020311622755043748,HOG8-ML00-H2-GPS-GradientEstimation-Escape-Specialist-Exploiter,Exploiter,0.8912941828237674
9002,0.020097443318471332,HOG8-ML01-H1-GPS-GradientEstimation-Escape-Specialist-Exploiter,Exploiter,1.0544673813382577
9007,0.019482490707251963,HOG8-ML02-H2-GPS-GradientEstimation-Escape-Specialist-Exploiter,Exploiter,3.059854935150745
9007,0.019233672650303017,HOG8-ML00-H2-GPS-GradientEstimation-Escape-Specialist-Exploiter,Exploiter,1.2771367926603419
9012,0.019169539575409157,HOG8-ML01-H1-GPS-GradientEstimation-Escape-Specialist-Refiner,Refiner,0.33344164715649893
9017,0.018558524797830656,HOG8-ML02-H2-GPS-GradientEstimation-Escape-Specialist-Exploiter,Exploiter,3.187425421329975
9017,0.018332973014513615,HOG8-ML00-H2-GPS-GradientEstimation-Escape-Specialist-Exploiter,Exploiter,1.2153540530517049
9027,0.01791132327156751,HOG8-ML02-H2-GPS-GradientEstimation-Escape-Specialist-Exploiter,Exploiter,2.2999528915048164
9031,0.017532647342757755,HOG8-ML00-H2-GPS-GradientEstimation-Escape-Specialist-Exploiter,Exploiter,2.1141705895670366
9041,0.016731479222725575,HOG8-ML00-H2-GPS-GradientEstimation-Escape-Specialist-Exploiter,Exploiter,4.569578708620522
9051,0.015977081694407435,HOG8-ML00-H2-GPS-GradientEstimation-Escape-Specialist-Exploiter,Exploiter,4.508851359020769
9066,0.015778591677033382,HOG8-ML02-H2-GPS-GradientEstimation-Escape-Specialist-Exploiter,Exploiter,1.2423421321274928
9066,0.015610358843359401,HOG8-ML00-H2-GPS-GradientEstimation-Escape-Specialist-Exploiter,Exploiter,1.0662094381899343
9075,0.015339270256682132,HOG8-ML00-H2-GPS-GradientEstimation-Escape-Specialist-Exploiter,Exploiter,1.7365942025899597
9091,0.014960811931596487,HOG8-ML00-H2-GPS-GradientEstimation-Escape-Specialist-Exploiter,Exploiter,2.467251171357261
9102,0.014626441253916718,HOG8-ML00-H2-GPS-GradientEstimation-Escape-Specialist-Exploiter,Exploiter,2.2349768128131773
9110,0.014311659858800889,HOG8-ML02-H2-GPS-GradientEstimation-Escape-Specialist-Exploiter,Exploiter,2.152139332125891
9117,0.01428328154125981,HOG8-ML00-H2-GPS-GradientEstimation-Escape-Specialist-Refiner,Refiner,0.1982880939112605
9120,0.013973621636264522,HOG8-ML01-H1-GPS-GradientEstimation-Escape-Specialist-Exploiter,Exploiter,2.1679885263115444
9122,0.013626411770989978,HOG8-ML02-H2-GPS-GradientEstimation-Escape-Specialist-Exploiter,Exploiter,2.4847521588351915
9127,0.013625522186948846,HOG8-ML00-H1-GPS-GradientEstimation-Escape-Specialist-Polisher,Polisher,0.006528380736488231
9131,0.013050720770604231,HOG8-ML01-H2-GPS-GradientEstimation-Escape-Specialist-Exploiter,Exploiter,4.218564312310805
9135,0.012988365074413985,HOG8-ML02-H2-GPS-GradientEstimation-Escape-Specialist-Refiner,Refiner,0.47779503742580753
9141,0.01286669354230655,HOG8-ML00-H1-GPS-GradientEstimation-Escape-Specialist-Exploiter,Exploiter,0.9367732690784749
9146,0.012397100886448673,HOG8-ML01-H2-GPS-GradientEstimation-Escape-Specialist-Exploiter,Exploiter,3.6496762304458863
9148,0.012326265132427329,HOG8-ML02-H2-GPS-GradientEstimation-Escape-Specialist-Exploiter,Exploiter,0.5713896714253129
9151,0.012203745050431487,HOG8-ML00-H1-GPS-GradientEstimation-Escape-Specialist-Exploiter,Exploiter,0.9939757151054771
9156,0.011829886097305802,HOG8-ML02-H2-GPS-GradientEstimation-Escape-Specialist-Exploiter,Exploiter,3.0634772488340944
9156,0.011774852290650116,HOG8-ML01-H2-GPS-GradientEstimation-Escape-Specialist-Refiner,Refiner,0.4652099454129135
9162,0.011602568916733863,HOG8-ML00-H1-GPS-GradientEstimation-Escape-Specialist-Exploiter,Exploiter,1.4631467950817112
9163,0.011545056674587415,HOG8-ML00-H2-GPS-GradientEstimation-Escape-Specialist-Refiner,Refiner,0.4956854172484212
9165,0.011196972706999946,HOG8-ML01-H2-GPS-GradientEstimation-Escape-Specialist-Exploiter,Exploiter,3.015004407502475
9178,0.010747728337815392,HOG8-ML02-H2-GPS-GradientEstimation-Escape-Specialist-Exploiter,Exploiter,4.012194911430861
9178,0.010704090661710181,HOG8-ML01-H2-GPS-GradientEstimation-Escape-Specialist-Refiner,Refiner,0.4060176693494729
9188,0.010270140403853757,HOG8-ML02-H2-GPS-GradientEstimation-Escape-Specialist-Exploiter,Exploiter,4.054059999778557
9188,0.010161543992384505,HOG8-ML01-H2-GPS-GradientEstimation-Escape-Specialist-Exploiter,Exploiter,1.0573994823722388
9195,0.00973952876389382,HOG8-ML02-H2-GPS-GradientEstimation-Escape-Specialist-Exploiter,Exploiter,4.153062062290538
9201,0.009625450570466671,HOG8-ML01-H2-GPS-GradientEstimation-Escape-Specialist-Exploiter,Exploiter,1.1712906875952531
9206,0.009467513710687752,HOG8-ML01-H1-GPS-GradientEstimation-Escape-Specialist-Exploiter,Exploiter,1.6408256280854998
9206,0.009383922969858143,HOG8-ML00-H1-GPS-GradientEstimation-Escape-Specialist-Exploiter,Exploiter,0.8829217826771634
9211,0.009300211625243908,HOG8-ML02-H2-GPS-GradientEstimation-Escape-Specialist-Exploiter,Exploiter,0.8920719498990131
9211,0.009104097363720308,HOG8-ML01-H2-GPS-GradientEstimation-Escape-Specialist-Exploiter,Exploiter,2.1087075157653423
9217,0.008870055270443905,HOG8-ML02-H2-GPS-GradientEstimation-Escape-Specialist-Exploiter,Exploiter,2.5707336370221254
9226,0.008616632793765051,HOG8-ML01-H2-GPS-GradientEstimation-Escape-Specialist-Exploiter,Exploiter,2.8570563424028297
9230,0.008370705202841838,HOG8-ML00-H1-GPS-GradientEstimation-Escape-Specialist-Exploiter,Exploiter,2.854103184032224
9237,0.008156837164362728,HOG8-ML01-H2-GPS-GradientEstimation-Escape-Specialist-Exploiter,Exploiter,2.554958432970519
9241,0.00791005643713388,HOG8-ML00-H1-GPS-GradientEstimation-Escape-Specialist-Exploiter,Exploiter,3.0254462882627484
9246,0.007698898322615117,HOG8-ML01-H2-GPS-GradientEstimation-Escape-Specialist-Exploiter,Exploiter,2.669489354430872
9252,0.007426697417413609,HOG8-ML02-H2-GPS-GradientEstimation-Escape-Specialist-Exploiter,Exploiter,3.5355825443483466
9255,0.007257665683906647,HOG8-ML01-H2-GPS-GradientEstimation-Escape-Specialist-Exploiter,Exploiter,2.2760013503529555
9267,0.006993086913864726,HOG8-ML02-H2-GPS-GradientEstimation-Escape-Specialist-Exploiter,Exploiter,3.6455078198022517
9267,0.006977072121057439,HOG8-ML00-H1-GPS-GradientEstimation-Escape-Specialist-Refiner,Refiner,0.22900891987393054
9267,0.006853587829990994,HOG8-ML01-H2-GPS-GradientEstimation-Escape-Specialist-Exploiter,Exploiter,1.7698583148332163
9277,0.006522083347157551,HOG8-ML02-H2-GPS-GradientEstimation-Escape-Specialist-Exploiter,Exploiter,4.836948049061171
9277,0.006442029828555589,HOG8-ML01-H2-GPS-GradientEstimation-Escape-Specialist-Exploiter,Exploiter,1.227422501996247
9290,0.006060103153281376,HOG8-ML00-H1-GPS-GradientEstimation-Escape-Specialist-Local Explorer,Local Explorer,5.928669773946811
9296,0.005695327063067945,HOG8-ML01-H2-GPS-GradientEstimation-Escape-Specialist-Local Explorer,Local Explorer,6.019304968693728
9310,0.005353833176583689,HOG8-ML01-H2-GPS-GradientEstimation-Escape-Specialist-Local Explorer,Local Explorer,5.996036447120224
9320,0.005070970480315945,HOG8-ML01-H2-GPS-GradientEstimation-Escape-Specialist-Local Explorer,Local Explorer,5.283367765452869
9326,0.0050279001057576865,HOG8-ML01-H1-GPS-GradientEstimation-Escape-Specialist-Exploiter,Exploiter,0.8493517113823771
9329,0.00481295344488677,HOG8-ML01-H2-GPS-GradientEstimation-Escape-Specialist-Exploiter,Exploiter,4.27507819068981
9337,0.004806814921508138,HOG8-ML00-H1-GPS-GradientEstimation-Escape-Specialist-Refiner,Refiner,0.12754171526742866
9341,0.0045119151044145794,HOG8-ML01-H2-GPS-GradientEstimation-Escape-Specialist-Local Explorer,Local Explorer,6.1350358170444
9355,0.0041633438069985755,HOG8-ML01-H2-GPS-GradientEstimation-Escape-Specialist-Local Explorer,Local Explorer,7.725573051561904
9368,0.0039890869070694215,HOG8-ML01-H2-GPS-GradientEstimation-Escape-Specialist-Exploiter,Exploiter,4.185503480068794
9381,0.00388962836411053,HOG8-ML01-H2-GPS-GradientEstimation-Escape-Specialist-Exploiter,Exploiter,2.493265884546965
9391,0.0037161045278314413,HOG8-ML01-H2-GPS-GradientEstimation-Escape-Specialist-Exploiter,Exploiter,4.461193204990667
9401,0.0035115088739430945,HOG8-ML01-H2-GPS-GradientEstimation-Escape-Specialist-Local Explorer,Local Explorer,5.505648518658328
9416,0.0034264574392891397,HOG8-ML00-H1-GPS-GradientEstimation-Escape-Specialist-Exploiter,Exploiter,2.4220765974727563
9416,0.003222456679917129,HOG8-ML01-H2-GPS-GradientEstimation-Escape-Specialist-Local Explorer,Local Explorer,5.953693077662544
9426,0.0029724607045947776,HOG8-ML01-H2-GPS-GradientEstimation-Escape-Specialist-Local Explorer,Local Explorer,7.757931297583196
9436,0.0027492981900960447,HOG8-ML01-H2-GPS-GradientEstimation-Escape-Specialist-Local Explorer,Local Explorer,7.507669122547937
9448,0.0027482715889734144,HOG8-ML00-H1-GPS-GradientEstimation-Escape-Specialist-Polisher,Polisher,0.03734047933863563
9448,0.002590871594660972,HOG8-ML01-H2-GPS-GradientEstimation-Escape-Specialist-Local Explorer,Local Explorer,5.727235799546185
9457,0.0023895290253816816,HOG8-ML01-H2-GPS-GradientEstimation-Escape-Specialist-Local Explorer,Local Explorer,7.771229176088798
9469,0.002177495920659752,HOG8-ML01-H2-GPS-GradientEstimation-Escape-Specialist-Local Explorer,Local Explorer,8.873426623811827
9480,0.0019880655400580927,HOG8-ML01-H2-GPS-GradientEstimation-Escape-Specialist-Local Explorer,Local Explorer,8.699459723638181
9494,0.0018264852775997727,HOG8-ML01-H2-GPS-GradientEstimation-Escape-Specialist-Local Explorer,Local Explorer,8.127511855247915
9505,0.0016648476472971932,HOG8-ML01-H2-GPS-GradientEstimation-Escape-Specialist-Local Explorer,Local Explorer,8.849654157354683
9516,0.001521227354876497,HOG8-ML01-H2-GPS-GradientEstimation-Escape-Specialist-Local Explorer,Local Explorer,8.626632752483825
9526,0.0013956425838568608,HOG8-ML01-H2-GPS-GradientEstimation-Escape-Specialist-Local Explorer,Local Explorer,8.255489925096182
9547,0.0013519685405974714,HOG8-ML00-H1-GPS-GradientEstimation-Escape-Specialist-Exploiter,Exploiter,3.129314321915867
9547,0.0012200394584271574,HOG8-ML01-H2-GPS-GradientEstimation-Escape-Specialist-Local Explorer,Local Explorer,9.758295271575696
9555,0.0011143112292221501,HOG8-ML01-H2-GPS-GradientEstimation-Escape-Specialist-Local Explorer,Local Explorer,8.665968012322262
9571,0.0010178146255781693,HOG8-ML01-H2-GPS-GradientEstimation-Escape-Specialist-Local Explorer,Local Explorer,8.659753317871594
9580,0.0009122600065551143,HOG8-ML01-H2-GPS-GradientEstimation-Escape-Specialist-Local Explorer,Local Explorer,10.37071155890442
9592,0.0008239853649715764,HOG8-ML01-H2-GPS-GradientEstimation-Escape-Specialist-Local Explorer,Local Explorer,9.676478301058225
9606,0.0007477391256137062,HOG8-ML01-H2-GPS-GradientEstimation-Escape-Specialist-Local Explorer,Local Explorer,9.253348736418436
9615,0.000723423851361323,HOG8-ML01-H2-GPS-GradientEstimation-Escape-Specialist-Exploiter,Exploiter,3.251839233693496
9628,0.0006680414735935817,HOG8-ML01-H2-GPS-GradientEstimation-Escape-Specialist-Local Explorer,Local Explorer,7.6555919000353505
9640,0.0006364485832118146,HOG8-ML01-H2-GPS-GradientEstimation-Escape-Specialist-Exploiter,Exploiter,4.729180991087294
9650,0.0005831636031797382,HOG8-ML01-H2-GPS-GradientEstimation-Escape-Specialist-Local Explorer,Local Explorer,8.372236412747709
9661,0.0005558065500293813,HOG8-ML01-H2-GPS-GradientEstimation-Escape-Specialist-Exploiter,Exploiter,4.691145503798726
9674,0.0005293843675940612,HOG8-ML01-H2-GPS-GradientEstimation-Escape-Specialist-Exploiter,Exploiter,4.753845098429169
9686,0.0004931397460679311,HOG8-ML00-H2-GPS-GradientEstimation-Escape-Specialist-Local Explorer,Local Explorer,6.846560598465374
9689,0.0004868608006089318,HOG8-ML01-H1-GPS-GradientEstimation-Escape-Specialist-Exploiter,Exploiter,1.273258849862494
9695,0.00044649047679882933,HOG8-ML01-H2-GPS-GradientEstimation-Escape-Specialist-Local Explorer,Local Explorer,8.291964306760793
9705,0.00041294754543651745,HOG8-ML01-H2-GPS-GradientEstimation-Escape-Specialist-Local Explorer,Local Explorer,7.512574871204919
9710,0.00040450584263982195,HOG8-ML00-H2-GPS-GradientEstimation-Escape-Specialist-Exploiter,Exploiter,2.0442554726344153
9715,0.0003747788252992108,HOG8-ML01-H2-GPS-GradientEstimation-Escape-Specialist-Local Explorer,Local Explorer,7.348971067169613
9725,0.0003684887771917174,HOG8-ML00-H2-GPS-GradientEstimation-Escape-Specialist-Exploiter,Exploiter,1.6783360432574186
9730,0.00034253354453943883,HOG8-ML01-H2-GPS-GradientEstimation-Escape-Specialist-Local Explorer,Local Explorer,7.043696920727266
9735,0.0003369268501661676,HOG8-ML00-H2-GPS-GradientEstimation-Escape-Specialist-Exploiter,Exploiter,1.636830746258691
9740,0.0003186921929166245,HOG8-ML01-H2-GPS-GradientEstimation-Escape-Specialist-Local Explorer,Local Explorer,5.412052272043626
9746,0.000317390182525837,HOG8-ML00-H2-GPS-GradientEstimation-Escape-Specialist-Refiner,Refiner,0.4085479405289661
9746,0.00031543532922187207,HOG8-ML01-H1-GPS-GradientEstimation-Escape-Specialist-Exploiter,Exploiter,0.6159148617666576
9751,0.0003100969336358872,HOG8-ML00-H2-GPS-GradientEstimation-Escape-Specialist-Exploiter,Exploiter,1.692389878823608
9751,0.0002988416578559647,HOG8-ML01-H2-GPS-GradientEstimation-Escape-Specialist-Exploiter,Exploiter,3.629599186278422
9756,0.0002966743416753279,HOG8-ML00-H2-GPS-GradientEstimation-Escape-Specialist-Exploiter,Exploiter,0.7252389764486454
9756,0.00029490045070972823,HOG8-ML01-H1-GPS-GradientEstimation-Escape-Specialist-Exploiter,Exploiter,0.59792530610584
9759,0.00028352105179145807,HOG8-ML00-H2-GPS-GradientEstimation-Escape-Specialist-Exploiter,Exploiter,3.858725509195967
9759,0.0002773078795225856,HOG8-ML01-H2-GPS-GradientEstimation-Escape-Specialist-Exploiter,Exploiter,2.1914324278969373
9765,0.0002730598295290546,HOG8-ML00-H2-GPS-GradientEstimation-Escape-Specialist-Exploiter,Exploiter,1.531889393422382
9771,0.0002649644041481606,HOG8-ML00-H2-GPS-GradientEstimation-Escape-Specialist-Exploiter,Exploiter,2.9647075495711466
9771,0.00026050179435355717,HOG8-ML01-H2-GPS-GradientEstimation-Escape-Specialist-Exploiter,Exploiter,1.6842299285258198
9776,0.00025971494553176473,HOG8-ML00-H2-GPS-GradientEstimation-Escape-Specialist-Refiner,Refiner,0.3020512099523255
9780,0.00025111638067036146,HOG8-ML00-H2-GPS-GradientEstimation-Escape-Specialist-Exploiter,Exploiter,3.310770138313667
9786,0.0002466611083391845,HOG8-ML00-H2-GPS-GradientEstimation-Escape-Specialist-Exploiter,Exploiter,1.7741862634701542
9795,0.0002380176136291949,HOG8-ML01-H2-GPS-GradientEstimation-Escape-Specialist-Exploiter,Exploiter,3.5041984397896546
9800,0.0002376046677629662,HOG8-ML00-H2-GPS-GradientEstimation-Escape-Specialist-Refiner,Refiner,0.17349382675184874
9807,0.00023458968733105088,HOG8-ML00-H2-GPS-GradientEstimation-Escape-Specialist-Exploiter,Exploiter,1.26890622995801
9807,0.00023218936759307983,HOG8-ML01-H2-GPS-GradientEstimation-Escape-Specialist-Exploiter,Exploiter,1.02319917183049
9809,0.00023165731975769742,HOG8-ML00-H2-GPS-GradientEstimation-Escape-Specialist-Refiner,Refiner,0.22914392717363555
9817,0.00023045595914783477,HOG8-ML00-H2-GPS-GradientEstimation-Escape-Specialist-Exploiter,Exploiter,0.5185938484996805
9817,0.00022958162552539444,HOG8-ML01-H2-GPS-GradientEstimation-Escape-Specialist-Refiner,Refiner,0.37939293289415293
9822,0.0002294330381765508,HOG8-ML00-H2-GPS-GradientEstimation-Escape-Specialist-Refiner,Refiner,0.06472092376887427
9824,0.00022942078316439391,HOG8-ML01-H2-GPS-GradientEstimation-Escape-Specialist-Polisher,Polisher,0.005341433062254894
9834,0.0002294204524400609,HOG8-ML00-H2-GPS-GradientEstimation-Escape-Specialist-Polisher,Polisher,0.00014415622179002685
9847,0.00022942024384475213,HOG8-ML02-H2-GPS-GradientEstimation-Escape-Specialist-Polisher,Polisher,9.092271702858373E-05
10263,0.00022795228303342305,HOG8-ML06-H2-GPS-Spray-Specialist-Exploiter,Exploiter,0.6398567043292135
10000,0.00022795228303342305,Final,Final,0
