TimeMs,BestQuality,Source,Role,DeltaPct
5,1069419.2221035953,HOG8-ML00-H1-GPS-GradientEstimation-Escape-Specialist-Global Explorer,Global Explorer,100
8,983499.2421446193,HOG8-ML03-H1-GPS-JADE-Specialist-Local Explorer,Local Explorer,8.03426553246046
12,700906.8936629078,HOG8-ML00-H1-GPS-GradientEstimation-Escape-Specialist-Local Explorer,Local Explorer,28.733357014641967
12,515429.6439247275,HOG8-ML00-H1-GPS-GradientEstimation-Escape-Specialist-Local Explorer,Local Explorer,26.462466187040125
14,40.94180609205462,HOG8-ML06-H2-GPS-Spray-Specialist-Global Explorer,Global Explorer,99.99205676146597
24,40.46425035878275,HOG8-ML00-H2-GPS-GradientEstimation-Escape-Specialist-Exploiter,Exploiter,1.1664256632893082
26,30.964377339125225,HOG8-ML06-H1-GPS-Spray-Specialist-Local Explorer,Local Explorer,23.47720008507604
36,26.444919303351906,HOG8-ML02-H1-GPS-GradientEstimation-Escape-Specialist-Local Explorer,Local Explorer,14.595669036957288
39,26.2095687913464,HOG8-ML00-H2-GPS-GradientEstimation-Escape-Specialist-Exploiter,Exploiter,0.8899649467853586
45,25.56851100661401,HOG8-ML02-H1-GPS-GradientEstimation-Escape-Specialist-Exploiter,Exploiter,2.4458921466271777
49,25.2420589132188,HOG8-ML00-H2-GPS-GradientEstimation-Escape-Specialist-Exploiter,Exploiter,1.2767739713539257
56,24.994890985006936,HOG8-ML02-H1-GPS-GradientEstimation-Escape-Specialist-Exploiter,Exploiter,0.979190838043821
60,24.9563448746402,HOG8-ML00-H1-GPS-GradientEstimation-Escape-Specialist-Refiner,Refiner,0.1542159571324248
60,24.594172583855965,HOG8-ML00-H2-GPS-GradientEstimation-Escape-Specialist-Exploiter,Exploiter,1.451223296534358
69,24.31365127242727,HOG8-ML00-H1-GPS-GradientEstimation-Escape-Specialist-Exploiter,Exploiter,1.1406007275594845
71,24.210816980811245,HOG8-ML02-H1-GPS-GradientEstimation-Escape-Specialist-Refiner,Refiner,0.4229487807643353
81,23.916934747937262,HOG8-ML02-H1-GPS-GradientEstimation-Escape-Specialist-Exploiter,Exploiter,1.2138468235372035
90,23.698713526611503,HOG8-ML02-H1-GPS-GradientEstimation-Escape-Specialist-Exploiter,Exploiter,0.9124129978427941
101,23.46685136916016,HOG8-ML02-H1-GPS-GradientEstimation-Escape-Specialist-Exploiter,Exploiter,0.9783744471655901
112,23.206147392385216,HOG8-ML02-H1-GPS-GradientEstimation-Escape-Specialist-Exploiter,Exploiter,1.1109457024028315
126,23.025012940412832,HOG8-ML00-H1-GPS-GradientEstimation-Escape-Specialist-Exploiter,Exploiter,0.7805451241416317
126,22.93229946278329,HOG8-ML02-H1-GPS-GradientEstimation-Escape-Specialist-Refiner,Refiner,0.4026641716531376
136,22.815698064252228,HOG8-ML00-H1-GPS-GradientEstimation-Escape-Specialist-Exploiter,Exploiter,0.5084592529427554
136,22.73271096362126,HOG8-ML02-H1-GPS-GradientEstimation-Escape-Specialist-Refiner,Refiner,0.3637280805402758
146,22.56146806742008,HOG8-ML00-H1-GPS-GradientEstimation-Escape-Specialist-Exploiter,Exploiter,0.7532884946068041
146,22.5172088176494,HOG8-ML02-H1-GPS-GradientEstimation-Escape-Specialist-Refiner,Refiner,0.19617185210829302
157,22.261775035834038,HOG8-ML02-H1-GPS-GradientEstimation-Escape-Specialist-Exploiter,Exploiter,1.1343936270429265
171,22.10799357395784,HOG8-ML00-H1-GPS-GradientEstimation-Escape-Specialist-Exploiter,Exploiter,0.6907870627057342
171,22.068935585991102,HOG8-ML02-H1-GPS-GradientEstimation-Escape-Specialist-Refiner,Refiner,0.1766690759886399
183,21.901897384351905,HOG8-ML00-H1-GPS-GradientEstimation-Escape-Specialist-Exploiter,Exploiter,0.7568928777209805
183,21.878904390519537,HOG8-ML02-H1-GPS-GradientEstimation-Escape-Specialist-Refiner,Refiner,0.10498174395062
185,21.868382336549608,HOG8-ML00-H2-GPS-GradientEstimation-Escape-Specialist-Polisher,Polisher,0.04809223433732933
191,21.74168093481169,HOG8-ML00-H1-GPS-GradientEstimation-Escape-Specialist-Exploiter,Exploiter,0.5793816835100623
191,21.713677344431954,HOG8-ML02-H1-GPS-GradientEstimation-Escape-Specialist-Refiner,Refiner,0.12880140437944826
196,21.638258572518506,HOG8-ML00-H2-GPS-GradientEstimation-Escape-Specialist-Refiner,Refiner,0.3473330229473428
200,21.494623105421148,HOG8-ML00-H1-GPS-GradientEstimation-Escape-Specialist-Exploiter,Exploiter,0.6638032659420242
202,21.459280423422612,HOG8-ML02-H1-GPS-GradientEstimation-Escape-Specialist-Refiner,Refiner,0.16442568834631993
210,21.394798102145128,HOG8-ML00-H2-GPS-GradientEstimation-Escape-Specialist-Refiner,Refiner,0.30048687563215154
215,21.26894364311537,HOG8-ML00-H1-GPS-GradientEstimation-Escape-Specialist-Exploiter,Exploiter,0.5882479396575288
216,21.232980541052406,HOG8-ML02-H1-GPS-GradientEstimation-Escape-Specialist-Refiner,Refiner,0.16908739176901236
220,21.15828025940949,HOG8-ML00-H2-GPS-GradientEstimation-Escape-Specialist-Refiner,Refiner,0.35181250931063446
225,21.044110950501732,HOG8-ML00-H1-GPS-GradientEstimation-Escape-Specialist-Exploiter,Exploiter,0.5395963542782981
225,21.02951283297106,HOG8-ML02-H1-GPS-GradientEstimation-Escape-Specialist-Refiner,Refiner,0.06936913402997819
230,20.964424890354845,HOG8-ML00-H2-GPS-GradientEstimation-Escape-Specialist-Refiner,Refiner,0.30950761024843315
235,20.83619418893389,HOG8-ML00-H1-GPS-GradientEstimation-Escape-Specialist-Exploiter,Exploiter,0.611658569656013
241,20.765391077844377,HOG8-ML00-H2-GPS-GradientEstimation-Escape-Specialist-Refiner,Refiner,0.3398082703947814
246,20.68173550193389,HOG8-ML00-H1-GPS-GradientEstimation-Escape-Specialist-Refiner,Refiner,0.4028605846953868
252,20.57689146506389,HOG8-ML00-H2-GPS-GradientEstimation-Escape-Specialist-Exploiter,Exploiter,0.5069402268498931
257,20.456114232543012,HOG8-ML00-H1-GPS-GradientEstimation-Escape-Specialist-Exploiter,Exploiter,0.5869556765944887
262,20.38099823818296,HOG8-ML02-H1-GPS-GradientEstimation-Escape-Specialist-Refiner,Refiner,0.36720558707357437
265,20.267748183325967,HOG8-ML00-H1-GPS-GradientEstimation-Escape-Specialist-Exploiter,Exploiter,0.5556649067601852
271,20.18712731720718,HOG8-ML02-H1-GPS-GradientEstimation-Escape-Specialist-Refiner,Refiner,0.3977790990373123
276,20.157360340870834,HOG8-ML00-H2-GPS-GradientEstimation-Escape-Specialist-Refiner,Refiner,0.14745523654063644
276,20.07282071013959,HOG8-ML00-H1-GPS-GradientEstimation-Escape-Specialist-Refiner,Refiner,0.4193983205223112
282,20.0073206611573,HOG8-ML02-H1-GPS-GradientEstimation-Escape-Specialist-Refiner,Refiner,0.3263121308566445
285,19.977816302871318,HOG8-ML00-H2-GPS-GradientEstimation-Escape-Specialist-Refiner,Refiner,0.1474678133352647
290,19.891649977735394,HOG8-ML00-H1-GPS-GradientEstimation-Escape-Specialist-Refiner,Refiner,0.43131002823136205
296,19.81895085823502,HOG8-ML00-H2-GPS-GradientEstimation-Escape-Specialist-Refiner,Refiner,0.3654755617645887
301,19.733602394541936,HOG8-ML00-H1-GPS-GradientEstimation-Escape-Specialist-Refiner,Refiner,0.4306406746935363
306,19.60755309544625,HOG8-ML00-H2-GPS-GradientEstimation-Escape-Specialist-Exploiter,Exploiter,0.6387546306828935
311,19.5219880436972,HOG8-ML00-H1-GPS-GradientEstimation-Escape-Specialist-Refiner,Refiner,0.4363882190324009
315,19.404936822915644,HOG8-ML00-H2-GPS-GradientEstimation-Escape-Specialist-Exploiter,Exploiter,0.5995865816511734
315,19.401008038232437,HOG8-ML02-H1-GPS-GradientEstimation-Escape-Specialist-Polisher,Polisher,0.020246315249879503
320,19.292033729307402,HOG8-ML00-H1-GPS-GradientEstimation-Escape-Specialist-Exploiter,Exploiter,0.5616940558464049
326,19.178029642375595,HOG8-ML02-H1-GPS-GradientEstimation-Escape-Specialist-Exploiter,Exploiter,0.5909386668685859
331,19.068092059247636,HOG8-ML00-H1-GPS-GradientEstimation-Escape-Specialist-Exploiter,Exploiter,0.573247539909114
337,18.991639383259418,HOG8-ML02-H1-GPS-GradientEstimation-Escape-Specialist-Refiner,Refiner,0.4009455993324725
342,18.89865633695361,HOG8-ML00-H1-GPS-GradientEstimation-Escape-Specialist-Refiner,Refiner,0.4895998940869176
346,18.804931708234122,HOG8-ML02-H1-GPS-GradientEstimation-Escape-Specialist-Refiner,Refiner,0.49593276394059704
355,18.699215696284305,HOG8-ML00-H1-GPS-GradientEstimation-Escape-Specialist-Exploiter,Exploiter,0.5621717408499095
356,18.66677988173079,HOG8-ML02-H1-GPS-GradientEstimation-Escape-Specialist-Refiner,Refiner,0.1734608289478206
361,18.589904525652795,HOG8-ML00-H2-GPS-GradientEstimation-Escape-Specialist-Refiner,Refiner,0.41182976691782247
365,18.492097515722016,HOG8-ML00-H1-GPS-GradientEstimation-Escape-Specialist-Exploiter,Exploiter,0.5261297054851052
372,18.439344489627285,HOG8-ML02-H1-GPS-GradientEstimation-Escape-Specialist-Refiner,Refiner,0.28527335014256844
375,18.252899082651943,HOG8-ML00-H1-GPS-GradientEstimation-Escape-Specialist-Exploiter,Exploiter,1.0111281725889054
385,18.195307715015147,HOG8-ML00-H2-GPS-GradientEstimation-Escape-Specialist-Refiner,Refiner,0.31551901632728846
390,18.040771616773966,HOG8-ML00-H1-GPS-GradientEstimation-Escape-Specialist-Exploiter,Exploiter,0.8493184103374869
395,18.024653673447357,HOG8-ML00-H2-GPS-GradientEstimation-Escape-Specialist-Refiner,Refiner,0.08934176247551989
401,17.858715407574014,HOG8-ML00-H1-GPS-GradientEstimation-Escape-Specialist-Exploiter,Exploiter,0.9206183313124733
405,17.79529506536144,HOG8-ML00-H2-GPS-GradientEstimation-Escape-Specialist-Refiner,Refiner,0.35512264328752674
411,17.68842353997598,HOG8-ML00-H1-GPS-GradientEstimation-Escape-Specialist-Exploiter,Exploiter,0.6005605694815751
411,17.67552432736456,HOG8-ML02-H1-GPS-GradientEstimation-Escape-Specialist-Refiner,Refiner,0.07292460281871252
421,17.495355057365714,HOG8-ML00-H1-GPS-GradientEstimation-Escape-Specialist-Exploiter,Exploiter,1.0193149954817164
432,17.371014040094757,HOG8-ML00-H2-GPS-GradientEstimation-Escape-Specialist-Exploiter,Exploiter,0.7107087387666853
432,17.31335638763534,HOG8-ML00-H1-GPS-GradientEstimation-Escape-Specialist-Refiner,Refiner,0.3319187488210718
444,17.096467895912685,HOG8-ML00-H1-GPS-GradientEstimation-Escape-Specialist-Exploiter,Exploiter,1.2527235439891444
450,16.957346798336086,HOG8-ML00-H1-GPS-GradientEstimation-Escape-Specialist-Exploiter,Exploiter,0.8137417531129855
461,16.880895735165527,HOG8-ML02-H1-GPS-GradientEstimation-Escape-Specialist-Refiner,Refiner,0.45084330750410023
466,16.73294263659056,HOG8-ML00-H1-GPS-GradientEstimation-Escape-Specialist-Exploiter,Exploiter,0.8764528902738076
471,16.666753667885676,HOG8-ML02-H1-GPS-GradientEstimation-Escape-Specialist-Refiner,Refiner,0.39556084152316173
476,16.520719298696918,HOG8-ML00-H1-GPS-GradientEstimation-Escape-Specialist-Exploiter,Exploiter,0.8762016412958946
480,16.458263513803683,HOG8-ML02-H1-GPS-GradientEstimation-Escape-Specialist-Refiner,Refiner,0.3780451913989061
485,16.347936985590252,HOG8-ML00-H1-GPS-GradientEstimation-Escape-Specialist-Exploiter,Exploiter,0.6703412429926106
491,16.272792836580933,HOG8-ML02-H1-GPS-GradientEstimation-Escape-Specialist-Refiner,Refiner,0.45965524014163806
496,16.14215662192989,HOG8-ML00-H1-GPS-GradientEstimation-Escape-Specialist-Exploiter,Exploiter,0.8027891460485918
500,16.138724339473345,HOG8-ML00-H2-GPS-GradientEstimation-Escape-Specialist-Polisher,Polisher,0.02126284942546444
506,16.09049726646084,HOG8-ML02-H1-GPS-GradientEstimation-Escape-Specialist-Refiner,Refiner,0.2988282840580383
511,15.9557997393986,HOG8-ML00-H2-GPS-GradientEstimation-Escape-Specialist-Exploiter,Exploiter,0.8371247005709683
518,15.877304068134105,HOG8-ML00-H1-GPS-GradientEstimation-Escape-Specialist-Refiner,Refiner,0.4919569845858036
518,15.851111520462588,HOG8-ML00-H2-GPS-GradientEstimation-Escape-Specialist-Refiner,Refiner,0.16496848305680373
525,15.807175052882673,HOG8-ML02-H1-GPS-GradientEstimation-Escape-Specialist-Refiner,Refiner,0.27718225011032255
526,15.7458188820707,HOG8-ML00-H1-GPS-GradientEstimation-Escape-Specialist-Refiner,Refiner,0.3881539276101287
531,15.641697111109956,HOG8-ML00-H2-GPS-GradientEstimation-Escape-Specialist-Exploiter,Exploiter,0.6612661541490582
535,15.551957452048415,HOG8-ML00-H1-GPS-GradientEstimation-Escape-Specialist-Exploiter,Exploiter,0.5737207313508265
545,15.419823919725708,HOG8-ML00-H2-GPS-GradientEstimation-Escape-Specialist-Exploiter,Exploiter,0.8496263748799193
545,15.380821824974811,HOG8-ML00-H1-GPS-GradientEstimation-Escape-Specialist-Refiner,Refiner,0.2529347608243679
547,15.37443266178783,HOG8-ML02-H1-GPS-GradientEstimation-Escape-Specialist-Polisher,Polisher,0.04153980365734624
556,15.208185765290768,HOG8-ML00-H1-GPS-GradientEstimation-Escape-Specialist-Exploiter,Exploiter,1.0813205284007552
561,15.163905523402263,HOG8-ML02-H1-GPS-GradientEstimation-Escape-Specialist-Refiner,Refiner,0.2911605800447548
566,15.024475257403381,HOG8-ML00-H1-GPS-GradientEstimation-Escape-Specialist-Exploiter,Exploiter,0.9194878310452506
570,14.987490057163486,HOG8-ML02-H1-GPS-GradientEstimation-Escape-Specialist-Refiner,Refiner,0.24616633597017468
581,14.819931543865358,HOG8-ML00-H2-GPS-GradientEstimation-Escape-Specialist-Exploiter,Exploiter,1.1179891540147526
581,14.8099418675026,HOG8-ML00-H1-GPS-GradientEstimation-Escape-Specialist-Refiner,Refiner,0.06740703446024954
581,14.780531324823801,HOG8-ML02-H1-GPS-GradientEstimation-Escape-Specialist-Refiner,Refiner,0.19858648293099465
591,14.60833775694789,HOG8-ML00-H2-GPS-GradientEstimation-Escape-Specialist-Exploiter,Exploiter,1.165002557023872
596,14.561790060000243,HOG8-ML02-H1-GPS-GradientEstimation-Escape-Specialist-Refiner,Refiner,0.3186378746309312
602,14.428478274199737,HOG8-ML00-H2-GPS-GradientEstimation-Escape-Specialist-Exploiter,Exploiter,0.9154903706976268
602,14.417951067170867,HOG8-ML00-H1-GPS-GradientEstimation-Escape-Specialist-Refiner,Refiner,0.07296131185015146
607,14.386746645187179,HOG8-ML02-H1-GPS-GradientEstimation-Escape-Specialist-Refiner,Refiner,0.216427575862281
612,14.250438211342065,HOG8-ML00-H2-GPS-GradientEstimation-Escape-Specialist-Exploiter,Exploiter,0.947458360161737
612,14.242708058163682,HOG8-ML00-H1-GPS-GradientEstimation-Escape-Specialist-Refiner,Refiner,0.054245020845954985
617,14.181385215334265,HOG8-ML02-H1-GPS-GradientEstimation-Escape-Specialist-Refiner,Refiner,0.4305560612419366
620,14.034357668835776,HOG8-ML00-H1-GPS-GradientEstimation-Escape-Specialist-Exploiter,Exploiter,1.0367643517609868
627,13.993163915516988,HOG8-ML02-H1-GPS-GradientEstimation-Escape-Specialist-Refiner,Refiner,0.2935207602002474
632,13.852884377952284,HOG8-ML00-H1-GPS-GradientEstimation-Escape-Specialist-Exploiter,Exploiter,1.0024862026317565
632,13.830118645672854,HOG8-ML00-H2-GPS-GradientEstimation-Escape-Specialist-Refiner,Refiner,0.16433929323529722
636,13.816016824779023,HOG8-ML02-H1-GPS-GradientEstimation-Escape-Specialist-Refiner,Refiner,0.10196456917774477
641,13.68011066652596,HOG8-ML00-H1-GPS-GradientEstimation-Escape-Specialist-Exploiter,Exploiter,0.9836855294596547
645,13.661149775636588,HOG8-ML00-H2-GPS-GradientEstimation-Escape-Specialist-Refiner,Refiner,0.13860188233541454
645,13.64820532285704,HOG8-ML02-H1-GPS-GradientEstimation-Escape-Specialist-Refiner,Refiner,0.09475375786182648
656,13.503604266066965,HOG8-ML00-H1-GPS-GradientEstimation-Escape-Specialist-Exploiter,Exploiter,1.0594877009060457
656,13.470204850661649,HOG8-ML00-H2-GPS-GradientEstimation-Escape-Specialist-Refiner,Refiner,0.24733704237205403
656,13.465624967717526,HOG8-ML02-H1-GPS-GradientEstimation-Escape-Specialist-Polisher,Polisher,0.03400009869855731
665,13.289166815258971,HOG8-ML00-H1-GPS-GradientEstimation-Escape-Specialist-Exploiter,Exploiter,1.3104341824578882
665,13.26974628228,HOG8-ML00-H2-GPS-GradientEstimation-Escape-Specialist-Refiner,Refiner,0.1461380780973584
675,13.11270898060154,HOG8-ML00-H1-GPS-GradientEstimation-Escape-Specialist-Exploiter,Exploiter,1.1834235435847151
677,13.107526732401658,HOG8-ML02-H1-GPS-GradientEstimation-Escape-Specialist-Polisher,Polisher,0.03952080540756117
681,13.079849459593472,HOG8-ML00-H2-GPS-GradientEstimation-Escape-Specialist-Refiner,Refiner,0.21115557017913716
686,12.944661862586575,HOG8-ML00-H1-GPS-GradientEstimation-Escape-Specialist-Exploiter,Exploiter,1.033556215035361
691,12.874302351118764,HOG8-ML00-H2-GPS-GradientEstimation-Escape-Specialist-Exploiter,Exploiter,0.5435407445533001
694,12.754607367383192,HOG8-ML00-H1-GPS-GradientEstimation-Escape-Specialist-Exploiter,Exploiter,0.929720154701592
699,12.697718819233572,HOG8-ML00-H2-GPS-GradientEstimation-Escape-Specialist-Refiner,Refiner,0.4460235153541399
706,12.54909583576482,HOG8-ML00-H1-GPS-GradientEstimation-Escape-Specialist-Exploiter,Exploiter,1.170469952788907
711,12.491990444578612,HOG8-ML00-H2-GPS-GradientEstimation-Escape-Specialist-Refiner,Refiner,0.4550558218183244
720,12.306785603431969,HOG8-ML00-H2-GPS-GradientEstimation-Escape-Specialist-Exploiter,Exploiter,1.4825887192942866
730,12.19679546435479,HOG8-ML00-H1-GPS-GradientEstimation-Escape-Specialist-Exploiter,Exploiter,0.8937357212634554
735,12.1431859697602,HOG8-ML00-H2-GPS-GradientEstimation-Escape-Specialist-Refiner,Refiner,0.439537538784373
740,12.064615014103174,HOG8-ML00-H1-GPS-GradientEstimation-Escape-Specialist-Exploiter,Exploiter,0.647037407256129
746,11.95647943635057,HOG8-ML00-H2-GPS-GradientEstimation-Escape-Specialist-Exploiter,Exploiter,0.8963035921676457
750,11.911367259847735,HOG8-ML00-H1-GPS-GradientEstimation-Escape-Specialist-Refiner,Refiner,0.3773031747596471
755,11.820765614031778,HOG8-ML00-H2-GPS-GradientEstimation-Escape-Specialist-Exploiter,Exploiter,0.760631788437651
759,11.702274080097116,HOG8-ML00-H1-GPS-GradientEstimation-Escape-Specialist-Exploiter,Exploiter,1.0024015178340702
765,11.654506792788128,HOG8-ML00-H2-GPS-GradientEstimation-Escape-Specialist-Refiner,Refiner,0.40818807508729266
769,11.496569010916003,HOG8-ML00-H1-GPS-GradientEstimation-Escape-Specialist-Exploiter,Exploiter,1.3551648703817958
776,11.433727832532666,HOG8-ML00-H2-GPS-GradientEstimation-Escape-Specialist-Exploiter,Exploiter,0.5466081082422884
786,11.255471766073063,HOG8-ML00-H2-GPS-GradientEstimation-Escape-Specialist-Exploiter,Exploiter,1.5590371667970528
797,11.071022734544384,HOG8-ML00-H1-GPS-GradientEstimation-Escape-Specialist-Exploiter,Exploiter,1.638749893048968
806,10.89923634917837,HOG8-ML00-H1-GPS-GradientEstimation-Escape-Specialist-Exploiter,Exploiter,1.551675843190141
815,10.722586099277517,HOG8-ML00-H1-GPS-GradientEstimation-Escape-Specialist-Exploiter,Exploiter,1.6207580443392169
826,10.506773990295107,HOG8-ML00-H1-GPS-GradientEstimation-Escape-Specialist-Exploiter,Exploiter,2.012687116561849
841,10.296997029388894,HOG8-ML00-H1-GPS-GradientEstimation-Escape-Specialist-Exploiter,Exploiter,1.9965877356834714
850,10.127663575474038,HOG8-ML00-H1-GPS-GradientEstimation-Escape-Specialist-Exploiter,Exploiter,1.6444935686740259
861,9.964466016055601,HOG8-ML00-H1-GPS-GradientEstimation-Escape-Specialist-Exploiter,Exploiter,1.6114038366524086
866,9.962427230594562,HOG8-ML00-H2-GPS-GradientEstimation-Escape-Specialist-Polisher,Polisher,0.020460559128346843
871,9.773092550364298,HOG8-ML00-H1-GPS-GradientEstimation-Escape-Specialist-Exploiter,Exploiter,1.9004874600119335
876,9.744259199013051,HOG8-ML00-H2-GPS-GradientEstimation-Escape-Specialist-Refiner,Refiner,0.2950279167280835
885,9.566011380700647,HOG8-ML00-H1-GPS-GradientEstimation-Escape-Specialist-Exploiter,Exploiter,1.8292598202894406
890,9.53438133997167,HOG8-ML00-H2-GPS-GradientEstimation-Escape-Specialist-Refiner,Refiner,0.3306502519199455
894,9.347940166968842,HOG8-ML00-H1-GPS-GradientEstimation-Escape-Specialist-Exploiter,Exploiter,1.955461674489541
905,9.179907563276013,HOG8-ML00-H1-GPS-GradientEstimation-Escape-Specialist-Exploiter,Exploiter,1.7975361490499935
910,9.151015239545702,HOG8-ML00-H2-GPS-GradientEstimation-Escape-Specialist-Refiner,Refiner,0.31473436449288367
914,9.006969543116988,HOG8-ML00-H1-GPS-GradientEstimation-Escape-Specialist-Exploiter,Exploiter,1.5740952523631149
920,8.971885328899875,HOG8-ML00-H2-GPS-GradientEstimation-Escape-Specialist-Refiner,Refiner,0.3895229582953763
925,8.828222399470453,HOG8-ML00-H1-GPS-GradientEstimation-Escape-Specialist-Exploiter,Exploiter,1.6012568614387008
930,8.805492678905212,HOG8-ML00-H2-GPS-GradientEstimation-Escape-Specialist-Refiner,Refiner,0.2574665605003863
938,8.655854490818294,HOG8-ML00-H1-GPS-GradientEstimation-Escape-Specialist-Exploiter,Exploiter,1.699373261026009
945,8.63995394178627,HOG8-ML00-H2-GPS-GradientEstimation-Escape-Specialist-Refiner,Refiner,0.18369704630421144
950,8.442452001699097,HOG8-ML00-H1-GPS-GradientEstimation-Escape-Specialist-Exploiter,Exploiter,2.2859142701209905
955,8.419911632219476,HOG8-ML00-H2-GPS-GradientEstimation-Escape-Specialist-Refiner,Refiner,0.26698842321028243
960,8.236701888480926,HOG8-ML00-H1-GPS-GradientEstimation-Escape-Specialist-Exploiter,Exploiter,2.17591052900701
970,8.210625686027713,HOG8-ML00-H2-GPS-GradientEstimation-Escape-Specialist-Refiner,Refiner,0.3165854829550258
975,8.02451899467772,HOG8-ML00-H1-GPS-GradientEstimation-Escape-Specialist-Exploiter,Exploiter,2.2666566284552063
980,8.009084787112725,HOG8-ML00-H2-GPS-GradientEstimation-Escape-Specialist-Refiner,Refiner,0.19233810244865934
986,7.850265781221996,HOG8-ML00-H1-GPS-GradientEstimation-Escape-Specialist-Exploiter,Exploiter,1.9829856982695686
991,7.819712525356223,HOG8-ML00-H2-GPS-GradientEstimation-Escape-Specialist-Refiner,Refiner,0.3892002731787304
995,7.645717120590062,HOG8-ML00-H1-GPS-GradientEstimation-Escape-Specialist-Exploiter,Exploiter,2.225086973491207
1010,7.481485902372692,HOG8-ML00-H2-GPS-GradientEstimation-Escape-Specialist-Exploiter,Exploiter,2.1480158842797326
1015,7.326750044821073,HOG8-ML00-H1-GPS-GradientEstimation-Escape-Specialist-Exploiter,Exploiter,2.068250339181236
1021,7.295621946324167,HOG8-ML00-H2-GPS-GradientEstimation-Escape-Specialist-Refiner,Refiner,0.4248554721599725
1030,7.159132760239441,HOG8-ML00-H1-GPS-GradientEstimation-Escape-Specialist-Exploiter,Exploiter,1.8708368811996243
1037,7.154469896374614,HOG8-ML02-H1-GPS-GradientEstimation-Escape-Specialist-Refiner,Refiner,0.0651316859316149
1040,6.956880928567395,HOG8-ML00-H1-GPS-GradientEstimation-Escape-Specialist-Exploiter,Exploiter,2.7617555272312093
1051,6.766011967519703,HOG8-ML00-H1-GPS-GradientEstimation-Escape-Specialist-Exploiter,Exploiter,2.743599653458451
1061,6.59237399851194,HOG8-ML00-H1-GPS-GradientEstimation-Escape-Specialist-Exploiter,Exploiter,2.566326660983068
1072,6.420561234073278,HOG8-ML00-H1-GPS-GradientEstimation-Escape-Specialist-Exploiter,Exploiter,2.6062350903854075
1081,6.41617079729574,HOG8-ML02-H1-GPS-GradientEstimation-Escape-Specialist-Refiner,Refiner,0.06838088786131133
1081,6.206262436470941,HOG8-ML00-H1-GPS-GradientEstimation-Escape-Specialist-Exploiter,Exploiter,3.271551949852554
1094,6.001893166888887,HOG8-ML00-H1-GPS-GradientEstimation-Escape-Specialist-Exploiter,Exploiter,3.2929524278748437
1105,5.823560275024048,HOG8-ML00-H1-GPS-GradientEstimation-Escape-Specialist-Exploiter,Exploiter,2.9712773437664977
1114,5.65160890779071,HOG8-ML00-H1-GPS-GradientEstimation-Escape-Specialist-Exploiter,Exploiter,2.952684596926025
1124,5.635802060205686,HOG8-ML00-H2-GPS-GradientEstimation-Escape-Specialist-Refiner,Refiner,0.2796875693793016
1130,5.438700240629842,HOG8-ML00-H1-GPS-GradientEstimation-Escape-Specialist-Exploiter,Exploiter,3.4973162199498917
1140,5.2730371243755325,HOG8-ML00-H1-GPS-GradientEstimation-Escape-Specialist-Exploiter,Exploiter,3.046005643346959
1150,5.092654615967702,HOG8-ML00-H1-GPS-GradientEstimation-Escape-Specialist-Exploiter,Exploiter,3.4208465473148437
1160,4.886789444829522,HOG8-ML00-H1-GPS-GradientEstimation-Escape-Specialist-Exploiter,Exploiter,4.042394127665811
1170,4.68498602407211,HOG8-ML00-H1-GPS-GradientEstimation-Escape-Specialist-Exploiter,Exploiter,4.129570611455963
1185,4.465622484420312,HOG8-ML00-H1-GPS-GradientEstimation-Escape-Specialist-Exploiter,Exploiter,4.682266681793243
1196,4.287042985865,HOG8-ML00-H1-GPS-GradientEstimation-Escape-Specialist-Exploiter,Exploiter,3.99898332602769
1211,4.12119455102155,HOG8-ML00-H1-GPS-GradientEstimation-Escape-Specialist-Exploiter,Exploiter,3.868597431616057
1219,3.915021622642537,HOG8-ML00-H1-GPS-GradientEstimation-Escape-Specialist-Local Explorer,Local Explorer,5.002746796506068
1229,3.6964993440494593,HOG8-ML00-H1-GPS-GradientEstimation-Escape-Specialist-Local Explorer,Local Explorer,5.581636569495644
1240,3.491089619159573,HOG8-ML00-H1-GPS-GradientEstimation-Escape-Specialist-Local Explorer,Local Explorer,5.5568716715870705
1250,3.3284694713944556,HOG8-ML00-H1-GPS-GradientEstimation-Escape-Specialist-Exploiter,Exploiter,4.658148758846981
1266,3.1395999399705863,HOG8-ML00-H1-GPS-GradientEstimation-Escape-Specialist-Local Explorer,Local Explorer,5.674365742184284
1275,2.9694439492060214,HOG8-ML00-H1-GPS-GradientEstimation-Escape-Specialist-Local Explorer,Local Explorer,5.419671105171413
1286,2.802529876525763,HOG8-ML00-H1-GPS-GradientEstimation-Escape-Specialist-Local Explorer,Local Explorer,5.621054835026889
1295,2.6174586444071246,HOG8-ML00-H1-GPS-GradientEstimation-Escape-Specialist-Local Explorer,Local Explorer,6.603720219677629
1311,2.4426498881886856,HOG8-ML00-H1-GPS-GradientEstimation-Escape-Specialist-Local Explorer,Local Explorer,6.678568029793443
1321,2.274494655901945,HOG8-ML00-H1-GPS-GradientEstimation-Escape-Specialist-Local Explorer,Local Explorer,6.884131577752791
1330,2.1043593255553255,HOG8-ML00-H1-GPS-GradientEstimation-Escape-Specialist-Local Explorer,Local Explorer,7.480137616729323
1342,1.9301969436200714,HOG8-ML00-H1-GPS-GradientEstimation-Escape-Specialist-Local Explorer,Local Explorer,8.276266311567005
1352,1.7366287087858843,HOG8-ML00-H1-GPS-GradientEstimation-Escape-Specialist-Local Explorer,Local Explorer,10.028418886165639
1361,1.5776203762460703,HOG8-ML00-H1-GPS-GradientEstimation-Escape-Specialist-Local Explorer,Local Explorer,9.156150173918304
1371,1.5704244617425962,HOG8-ML00-H2-GPS-GradientEstimation-Escape-Specialist-Refiner,Refiner,0.45612459193742905
1375,1.406295212727977,HOG8-ML00-H1-GPS-GradientEstimation-Escape-Specialist-Local Explorer,Local Explorer,10.451266712471845
1385,1.2788535060482071,HOG8-ML00-H1-GPS-GradientEstimation-Escape-Specialist-Local Explorer,Local Explorer,9.062230001661913
1396,1.1513891116252326,HOG8-ML00-H1-GPS-GradientEstimation-Escape-Specialist-Local Explorer,Local Explorer,9.967083314871068
1409,1.0363305291029938,HOG8-ML00-H1-GPS-GradientEstimation-Escape-Specialist-Local Explorer,Local Explorer,9.993023328128308
1421,0.9635310265261041,HOG8-ML00-H1-GPS-GradientEstimation-Escape-Specialist-Local Explorer,Local Explorer,7.024737816023046
1430,0.8449666469598888,HOG8-ML00-H1-GPS-GradientEstimation-Escape-Specialist-Local Explorer,Local Explorer,12.30519581644247
1441,0.7519449205974391,HOG8-ML00-H1-GPS-GradientEstimation-Escape-Specialist-Local Explorer,Local Explorer,11.008922860699077
1450,0.672978050513306,HOG8-ML00-H1-GPS-GradientEstimation-Escape-Specialist-Local Explorer,Local Explorer,10.501682759076557
1461,0.6140143204237549,HOG8-ML00-H1-GPS-GradientEstimation-Escape-Specialist-Local Explorer,Local Explorer,8.761612662489831
1470,0.5615118825040407,HOG8-ML00-H1-GPS-GradientEstimation-Escape-Specialist-Local Explorer,Local Explorer,8.55068622560468
1485,0.5185802774563409,HOG8-ML00-H1-GPS-GradientEstimation-Escape-Specialist-Local Explorer,Local Explorer,7.645716214632525
1495,0.5159814673704706,HOG8-ML00-H2-GPS-GradientEstimation-Escape-Specialist-Exploiter,Exploiter,0.5011393990179593
1495,0.4693825263431588,HOG8-ML00-H1-GPS-GradientEstimation-Escape-Specialist-Local Explorer,Local Explorer,9.031126886162774
1506,0.4347954878051633,HOG8-ML00-H1-GPS-GradientEstimation-Escape-Specialist-Local Explorer,Local Explorer,7.368625075895861
1515,0.4096770598253157,HOG8-ML00-H1-GPS-GradientEstimation-Escape-Specialist-Local Explorer,Local Explorer,5.7770673073551855
1526,0.38533084605871054,HOG8-ML00-H1-GPS-GradientEstimation-Escape-Specialist-Local Explorer,Local Explorer,5.942781804035178
1540,0.3543729881621903,HOG8-ML00-H1-GPS-GradientEstimation-Escape-Specialist-Local Explorer,Local Explorer,8.03409802593467
1550,0.3317105581283859,HOG8-ML00-H1-GPS-GradientEstimation-Escape-Specialist-Local Explorer,Local Explorer,6.395078290626434
1561,0.3073849993392018,HOG8-ML00-H1-GPS-GradientEstimation-Escape-Specialist-Local Explorer,Local Explorer,7.33336886424009
1572,0.28656015741901597,HOG8-ML00-H1-GPS-GradientEstimation-Escape-Specialist-Local Explorer,Local Explorer,6.774840010070067
1586,0.26643400609657886,HOG8-ML00-H1-GPS-GradientEstimation-Escape-Specialist-Local Explorer,Local Explorer,7.023359947771146
1596,0.25166956277908287,HOG8-ML00-H1-GPS-GradientEstimation-Escape-Specialist-Local Explorer,Local Explorer,5.541501077059988
1610,0.234164273698922,HOG8-ML00-H1-GPS-GradientEstimation-Escape-Specialist-Local Explorer,Local Explorer,6.95566396144897
1620,0.2210222228839107,HOG8-ML00-H1-GPS-GradientEstimation-Escape-Specialist-Local Explorer,Local Explorer,5.61232104599729
1631,0.2071808611077762,HOG8-ML00-H1-GPS-GradientEstimation-Escape-Specialist-Local Explorer,Local Explorer,6.262429902084789
1640,0.1969401797346656,HOG8-ML00-H1-GPS-GradientEstimation-Escape-Specialist-Exploiter,Exploiter,4.942870358948533
1652,0.1843883452909073,HOG8-ML00-H1-GPS-GradientEstimation-Escape-Specialist-Local Explorer,Local Explorer,6.373424895147949
1665,0.17498157634043912,HOG8-ML00-H1-GPS-GradientEstimation-Escape-Specialist-Local Explorer,Local Explorer,5.101607119271686
1675,0.16684793671517006,HOG8-ML00-H1-GPS-GradientEstimation-Escape-Specialist-Exploiter,Exploiter,4.648283433819617
1686,0.16645184786381964,HOG8-ML00-H2-GPS-GradientEstimation-Escape-Specialist-Refiner,Refiner,0.23739511506611904
1686,0.15873870278739582,HOG8-ML00-H1-GPS-GradientEstimation-Escape-Specialist-Exploiter,Exploiter,4.633859686997422
1695,0.1527372090809444,HOG8-ML00-H1-GPS-GradientEstimation-Escape-Specialist-Exploiter,Exploiter,3.780737527186062
1710,0.14595715643034238,HOG8-ML00-H1-GPS-GradientEstimation-Escape-Specialist-Exploiter,Exploiter,4.4390313869156
1721,0.13793841229770334,HOG8-ML00-H1-GPS-GradientEstimation-Escape-Specialist-Local Explorer,Local Explorer,5.493902682645064
1731,0.13037589792692716,HOG8-ML00-H1-GPS-GradientEstimation-Escape-Specialist-Local Explorer,Local Explorer,5.482529662915436
1741,0.12359668801929234,HOG8-ML00-H1-GPS-GradientEstimation-Escape-Specialist-Local Explorer,Local Explorer,5.199741681882354
1756,0.11847163717575579,HOG8-ML00-H1-GPS-GradientEstimation-Escape-Specialist-Exploiter,Exploiter,4.146592376922412
1766,0.1134727977296773,HOG8-ML00-H1-GPS-GradientEstimation-Escape-Specialist-Exploiter,Exploiter,4.21943982985782
1776,0.11229078709352965,HOG8-ML00-H2-GPS-GradientEstimation-Escape-Specialist-Exploiter,Exploiter,1.041668716905638
1776,0.10775669607844159,HOG8-ML00-H1-GPS-GradientEstimation-Escape-Specialist-Exploiter,Exploiter,4.03781212372437
1786,0.10695159327396192,HOG8-ML00-H2-GPS-GradientEstimation-Escape-Specialist-Exploiter,Exploiter,0.7471487469266783
1791,0.10254140020615239,HOG8-ML00-H1-GPS-GradientEstimation-Escape-Specialist-Exploiter,Exploiter,4.123541251519831
1796,0.10237678833794983,HOG8-ML00-H2-GPS-GradientEstimation-Escape-Specialist-Refiner,Refiner,0.16053210495626127
1802,0.09863447744029857,HOG8-ML00-H1-GPS-GradientEstimation-Escape-Specialist-Exploiter,Exploiter,3.6554290854463427
1807,0.09835509344366365,HOG8-ML00-H2-GPS-GradientEstimation-Escape-Specialist-Refiner,Refiner,0.2832518647488419
1811,0.09478265852616663,HOG8-ML00-H1-GPS-GradientEstimation-Escape-Specialist-Exploiter,Exploiter,3.6321808992467277
1816,0.09469827036037526,HOG8-ML00-H2-GPS-GradientEstimation-Escape-Specialist-Refiner,Refiner,0.08903333911875283
1821,0.09029611610987734,HOG8-ML00-H1-GPS-GradientEstimation-Escape-Specialist-Exploiter,Exploiter,4.648611039827312
1831,0.08691968370681996,HOG8-ML00-H1-GPS-GradientEstimation-Escape-Specialist-Exploiter,Exploiter,3.739288630032268
1845,0.08381297964387871,HOG8-ML00-H1-GPS-GradientEstimation-Escape-Specialist-Exploiter,Exploiter,3.574223847178462
1856,0.08050781008843258,HOG8-ML00-H1-GPS-GradientEstimation-Escape-Specialist-Exploiter,Exploiter,3.943505611529137
1866,0.07707235162755588,HOG8-ML00-H1-GPS-GradientEstimation-Escape-Specialist-Exploiter,Exploiter,4.267236255840363
1876,0.07497562748126632,HOG8-ML00-H1-GPS-GradientEstimation-Escape-Specialist-Exploiter,Exploiter,2.7204621398108615
1886,0.07214731719730437,HOG8-ML00-H1-GPS-GradientEstimation-Escape-Specialist-Exploiter,Exploiter,3.7723062533469873
1901,0.06963914113000925,HOG8-ML00-H1-GPS-GradientEstimation-Escape-Specialist-Exploiter,Exploiter,3.476464773369047
1905,0.06954024289679304,HOG8-ML00-H2-GPS-GradientEstimation-Escape-Specialist-Refiner,Refiner,0.14201529716108538
1911,0.06683532878538775,HOG8-ML00-H1-GPS-GradientEstimation-Escape-Specialist-Exploiter,Exploiter,3.8897104737177037
1920,0.06453967866285694,HOG8-ML00-H1-GPS-GradientEstimation-Escape-Specialist-Exploiter,Exploiter,3.434785411024587
1930,0.062403076581275044,HOG8-ML00-H1-GPS-GradientEstimation-Escape-Specialist-Exploiter,Exploiter,3.3105248210842513
1941,0.06033671237464236,HOG8-ML00-H1-GPS-GradientEstimation-Escape-Specialist-Exploiter,Exploiter,3.3113178385386326
1950,0.06023666844425875,HOG8-ML00-H2-GPS-GradientEstimation-Escape-Specialist-Refiner,Refiner,0.16580938278907092
1956,0.058066065272098795,HOG8-ML00-H1-GPS-GradientEstimation-Escape-Specialist-Exploiter,Exploiter,3.603458206139946
1966,0.056157475818259035,HOG8-ML00-H1-GPS-GradientEstimation-Escape-Specialist-Exploiter,Exploiter,3.286927476308356
1975,0.054345702287944136,HOG8-ML00-H1-GPS-GradientEstimation-Escape-Specialist-Exploiter,Exploiter,3.2262374758051693
1986,0.0523414858399626,HOG8-ML00-H1-GPS-GradientEstimation-Escape-Specialist-Exploiter,Exploiter,3.6879023797731754
1996,0.050707396700126875,HOG8-ML00-H1-GPS-GradientEstimation-Escape-Specialist-Exploiter,Exploiter,3.1219769817617626
2006,0.05066565107539647,HOG8-ML00-H2-GPS-GradientEstimation-Escape-Specialist-Refiner,Refiner,0.08232649957811314
2006,0.04913836003634375,HOG8-ML00-H1-GPS-GradientEstimation-Escape-Specialist-Exploiter,Exploiter,3.014450632006939
2020,0.048027788350394965,HOG8-ML00-H1-GPS-GradientEstimation-Escape-Specialist-Exploiter,Exploiter,2.2600910676045896
2031,0.04712582605666744,HOG8-ML00-H1-GPS-GradientEstimation-Escape-Specialist-Exploiter,Exploiter,1.8780008922066265
2041,0.04572583938595618,HOG8-ML00-H1-GPS-GradientEstimation-Escape-Specialist-Exploiter,Exploiter,2.970741921908834
2050,0.04437523574223957,HOG8-ML00-H1-GPS-GradientEstimation-Escape-Specialist-Exploiter,Exploiter,2.953698962891922
2060,0.04288468262197897,HOG8-ML00-H1-GPS-GradientEstimation-Escape-Specialist-Exploiter,Exploiter,3.3589751025069647
2071,0.04140512011024185,HOG8-ML00-H1-GPS-GradientEstimation-Escape-Specialist-Exploiter,Exploiter,3.450095514939934
2085,0.03999458344838591,HOG8-ML00-H1-GPS-GradientEstimation-Escape-Specialist-Exploiter,Exploiter,3.406672068817472
2096,0.038956112630715675,HOG8-ML00-H1-GPS-GradientEstimation-Escape-Specialist-Exploiter,Exploiter,2.5965286499618414
2106,0.03761262506962471,HOG8-ML00-H1-GPS-GradientEstimation-Escape-Specialist-Exploiter,Exploiter,3.448720804939004
2116,0.03661218502985211,HOG8-ML00-H1-GPS-GradientEstimation-Escape-Specialist-Exploiter,Exploiter,2.6598516799098335
2125,0.03563814746283723,HOG8-ML00-H1-GPS-GradientEstimation-Escape-Specialist-Exploiter,Exploiter,2.660419109705395
2135,0.034697853879556456,HOG8-ML00-H1-GPS-GradientEstimation-Escape-Specialist-Exploiter,Exploiter,2.6384468616425494
2145,0.0339771790836048,HOG8-ML00-H1-GPS-GradientEstimation-Escape-Specialist-Exploiter,Exploiter,2.0770010688651523
2162,0.033753918051651226,HOG8-ML00-H2-GPS-GradientEstimation-Escape-Specialist-Exploiter,Exploiter,0.6570911358009279
2162,0.03311942695017687,HOG8-ML00-H1-GPS-GradientEstimation-Escape-Specialist-Exploiter,Exploiter,1.8797554124040976
2170,0.03225355203503181,HOG8-ML00-H1-GPS-GradientEstimation-Escape-Specialist-Exploiter,Exploiter,2.6144018628330628
2181,0.031282754504062066,HOG8-ML00-H1-GPS-GradientEstimation-Escape-Specialist-Exploiter,Exploiter,3.009893390704139
2191,0.0304976695691278,HOG8-ML00-H1-GPS-GradientEstimation-Escape-Specialist-Exploiter,Exploiter,2.509641325965474
2204,0.029632204020428893,HOG8-ML00-H1-GPS-GradientEstimation-Escape-Specialist-Exploiter,Exploiter,2.837808793020038
2215,0.028800368555225594,HOG8-ML00-H1-GPS-GradientEstimation-Escape-Specialist-Exploiter,Exploiter,2.807200789485045
2226,0.028061421427463536,HOG8-ML00-H1-GPS-GradientEstimation-Escape-Specialist-Exploiter,Exploiter,2.5657558039408563
2241,0.027279253005320706,HOG8-ML00-H1-GPS-GradientEstimation-Escape-Specialist-Exploiter,Exploiter,2.7873442696574435
2250,0.026536503279340068,HOG8-ML00-H1-GPS-GradientEstimation-Escape-Specialist-Exploiter,Exploiter,2.7227641674637035
2260,0.02580521717070304,HOG8-ML00-H1-GPS-GradientEstimation-Escape-Specialist-Exploiter,Exploiter,2.7557741912679528
2275,0.025136261487490548,HOG8-ML00-H1-GPS-GradientEstimation-Escape-Specialist-Exploiter,Exploiter,2.5923272754780977
2286,0.024540597843177935,HOG8-ML00-H1-GPS-GradientEstimation-Escape-Specialist-Exploiter,Exploiter,2.369738414000247
2296,0.023884586859579247,HOG8-ML00-H1-GPS-GradientEstimation-Escape-Specialist-Exploiter,Exploiter,2.6731662683639645
2306,0.023379849700538212,HOG8-ML00-H1-GPS-GradientEstimation-Escape-Specialist-Exploiter,Exploiter,2.1132337854887515
2316,0.022884598221308918,HOG8-ML00-H1-GPS-GradientEstimation-Escape-Specialist-Exploiter,Exploiter,2.1182834174417
2326,0.022481057612771877,HOG8-ML00-H1-GPS-GradientEstimation-Escape-Specialist-Exploiter,Exploiter,1.763372048897435
2341,0.021920542924719847,HOG8-ML00-H1-GPS-GradientEstimation-Escape-Specialist-Exploiter,Exploiter,2.493275439735504
2350,0.021460731861258367,HOG8-ML00-H1-GPS-GradientEstimation-Escape-Specialist-Exploiter,Exploiter,2.0976262542427726
2361,0.02103546904335512,HOG8-ML00-H1-GPS-GradientEstimation-Escape-Specialist-Exploiter,Exploiter,1.9815858128815564
2370,0.020603958327785346,HOG8-ML00-H1-GPS-GradientEstimation-Escape-Specialist-Exploiter,Exploiter,2.0513481999398664
2381,0.020189682523780283,HOG8-ML00-H1-GPS-GradientEstimation-Escape-Specialist-Exploiter,Exploiter,2.0106612400122814
2391,0.01995619720359785,HOG8-ML00-H1-GPS-GradientEstimation-Escape-Specialist-Exploiter,Exploiter,1.1564586016022071
2409,0.01971660470701902,HOG8-ML00-H1-GPS-GradientEstimation-Escape-Specialist-Exploiter,Exploiter,1.2005919471252517
2420,0.019485008570108608,HOG8-ML00-H1-GPS-GradientEstimation-Escape-Specialist-Exploiter,Exploiter,1.1746248421157601
2430,0.01924954921004096,HOG8-ML00-H1-GPS-GradientEstimation-Escape-Specialist-Exploiter,Exploiter,1.2084129150903102
2441,0.019042746826152285,HOG8-ML00-H1-GPS-GradientEstimation-Escape-Specialist-Exploiter,Exploiter,1.074323256259967
2456,0.018592119996407593,HOG8-ML00-H1-GPS-GradientEstimation-Escape-Specialist-Exploiter,Exploiter,2.3663961604836627
2466,0.01825567122517561,HOG8-ML00-H1-GPS-GradientEstimation-Escape-Specialist-Exploiter,Exploiter,1.8096310226966772
2476,0.01790732067381367,HOG8-ML00-H1-GPS-GradientEstimation-Escape-Specialist-Exploiter,Exploiter,1.9081771744527494
2486,0.017601876423868578,HOG8-ML00-H1-GPS-GradientEstimation-Escape-Specialist-Exploiter,Exploiter,1.705694869203687
2501,0.017193485806400684,HOG8-ML00-H1-GPS-GradientEstimation-Escape-Specialist-Exploiter,Exploiter,2.3201538724252524
2512,0.01689579134168562,HOG8-ML00-H1-GPS-GradientEstimation-Escape-Specialist-Exploiter,Exploiter,1.7314375227171146
2520,0.016651743588788768,HOG8-ML00-H1-GPS-GradientEstimation-Escape-Specialist-Exploiter,Exploiter,1.4444292543713766
2530,0.016438616710429017,HOG8-ML00-H1-GPS-GradientEstimation-Escape-Specialist-Exploiter,Exploiter,1.279907279519028
2541,0.016096428545990606,HOG8-ML00-H1-GPS-GradientEstimation-Escape-Specialist-Exploiter,Exploiter,2.0816116736958734
2551,0.01577009578535294,HOG8-ML00-H1-GPS-GradientEstimation-Escape-Specialist-Exploiter,Exploiter,2.027361285177456
2565,0.015441222507382028,HOG8-ML00-H1-GPS-GradientEstimation-Escape-Specialist-Exploiter,Exploiter,2.085423465064591
2575,0.015197952666527112,HOG8-ML00-H1-GPS-GradientEstimation-Escape-Specialist-Exploiter,Exploiter,1.5754571293731139
2590,0.014890641847553607,HOG8-ML00-H1-GPS-GradientEstimation-Escape-Specialist-Exploiter,Exploiter,2.022054060283693
2601,0.014604503408419076,HOG8-ML00-H1-GPS-GradientEstimation-Escape-Specialist-Exploiter,Exploiter,1.9215990960224507
2610,0.014372232491884743,HOG8-ML00-H1-GPS-GradientEstimation-Escape-Specialist-Exploiter,Exploiter,1.5904061236374185
2620,0.01415530545412721,HOG8-ML00-H1-GPS-GradientEstimation-Escape-Specialist-Exploiter,Exploiter,1.5093482371651108
2630,0.013930259840166742,HOG8-ML00-H1-GPS-GradientEstimation-Escape-Specialist-Exploiter,Exploiter,1.589832269531506
2645,0.013736251034759093,HOG8-ML00-H1-GPS-GradientEstimation-Escape-Specialist-Exploiter,Exploiter,1.392714907214014
2657,0.013523410182581446,HOG8-ML00-H1-GPS-GradientEstimation-Escape-Specialist-Exploiter,Exploiter,1.5494828366128472
2665,0.013326997623076285,HOG8-ML00-H1-GPS-GradientEstimation-Escape-Specialist-Exploiter,Exploiter,1.4523892779511054
2676,0.013128342431877996,HOG8-ML00-H1-GPS-GradientEstimation-Escape-Specialist-Exploiter,Exploiter,1.4906222452858293
2685,0.012944323662962373,HOG8-ML00-H1-GPS-GradientEstimation-Escape-Specialist-Exploiter,Exploiter,1.4016908065163831
2700,0.012743025789062081,HOG8-ML00-H1-GPS-GradientEstimation-Escape-Specialist-Exploiter,Exploiter,1.5551053816451308
2710,0.01257522235673943,HOG8-ML00-H1-GPS-GradientEstimation-Escape-Specialist-Exploiter,Exploiter,1.3168256511470322
2720,0.012387547492804608,HOG8-ML00-H1-GPS-GradientEstimation-Escape-Specialist-Exploiter,Exploiter,1.4924178564066608
2730,0.012214094295618566,HOG8-ML00-H1-GPS-GradientEstimation-Escape-Specialist-Exploiter,Exploiter,1.4002222577696979
2747,0.012026827655187701,HOG8-ML00-H1-GPS-GradientEstimation-Escape-Specialist-Exploiter,Exploiter,1.5332012009931915
2755,0.011877247518176466,HOG8-ML00-H1-GPS-GradientEstimation-Escape-Specialist-Exploiter,Exploiter,1.2437206327365558
2765,0.011799508220648375,HOG8-ML00-H1-GPS-GradientEstimation-Escape-Specialist-Exploiter,Exploiter,0.6545228379649566
2781,0.011687901828026974,HOG8-ML00-H1-GPS-GradientEstimation-Escape-Specialist-Exploiter,Exploiter,0.9458563063339954
2801,0.011542851965968855,HOG8-ML00-H1-GPS-GradientEstimation-Escape-Specialist-Exploiter,Exploiter,1.2410256707521012
2811,0.011405336364227962,HOG8-ML00-H1-GPS-GradientEstimation-Escape-Specialist-Exploiter,Exploiter,1.191348569195224
2820,0.011251573620380368,HOG8-ML00-H1-GPS-GradientEstimation-Escape-Specialist-Exploiter,Exploiter,1.348164919798952
2830,0.011148951024594513,HOG8-ML00-H1-GPS-GradientEstimation-Escape-Specialist-Exploiter,Exploiter,0.912073273021748
2841,0.011017756523803508,HOG8-ML00-H1-GPS-GradientEstimation-Escape-Specialist-Exploiter,Exploiter,1.1767430003198605
2851,0.010916019214495962,HOG8-ML00-H1-GPS-GradientEstimation-Escape-Specialist-Exploiter,Exploiter,0.9233940601949746
2860,0.010805680194804917,HOG8-ML00-H1-GPS-GradientEstimation-Escape-Specialist-Exploiter,Exploiter,1.0107990607466122
2871,0.010694060694956348,HOG8-ML00-H1-GPS-GradientEstimation-Escape-Specialist-Exploiter,Exploiter,1.032970602833802
2881,0.01059145495515639,HOG8-ML00-H1-GPS-GradientEstimation-Escape-Specialist-Exploiter,Exploiter,0.9594647227722383
2891,0.010476046078959897,HOG8-ML00-H1-GPS-GradientEstimation-Escape-Specialist-Exploiter,Exploiter,1.0896413824647087
2906,0.010379420626993933,HOG8-ML00-H1-GPS-GradientEstimation-Escape-Specialist-Exploiter,Exploiter,0.922346572721046
2915,0.010259625534291819,HOG8-ML00-H1-GPS-GradientEstimation-Escape-Specialist-Exploiter,Exploiter,1.1541597263199925
2926,0.01014859321390206,HOG8-ML00-H1-GPS-GradientEstimation-Escape-Specialist-Exploiter,Exploiter,1.0822258572561316
2941,0.010044683817521913,HOG8-ML00-H1-GPS-GradientEstimation-Escape-Specialist-Exploiter,Exploiter,1.0238798047182176
2950,0.009947272002122726,HOG8-ML00-H1-GPS-GradientEstimation-Escape-Specialist-Exploiter,Exploiter,0.9697847853534516
2962,0.009859712818988906,HOG8-ML00-H1-GPS-GradientEstimation-Escape-Specialist-Exploiter,Exploiter,0.8802331243695245
2970,0.009760384782433587,HOG8-ML00-H1-GPS-GradientEstimation-Escape-Specialist-Exploiter,Exploiter,1.0074130796590954
2981,0.009682213104098097,HOG8-ML00-H1-GPS-GradientEstimation-Escape-Specialist-Exploiter,Exploiter,0.8009077518765564
2996,0.009582871232894636,HOG8-ML00-H1-GPS-GradientEstimation-Escape-Specialist-Exploiter,Exploiter,1.0260244237075677
3005,0.009508629935119662,HOG8-ML00-H1-GPS-GradientEstimation-Escape-Specialist-Exploiter,Exploiter,0.7747291596711608
3029,0.009403047705052715,HOG8-ML00-H1-GPS-GradientEstimation-Escape-Specialist-Exploiter,Exploiter,1.110383207542692
3036,0.009347655039098696,HOG8-ML00-H1-GPS-GradientEstimation-Escape-Specialist-Exploiter,Exploiter,0.58909268241034
3046,0.009265003459364379,HOG8-ML00-H1-GPS-GradientEstimation-Escape-Specialist-Exploiter,Exploiter,0.8841958693234651
3061,0.009186014281654834,HOG8-ML00-H1-GPS-GradientEstimation-Escape-Specialist-Exploiter,Exploiter,0.852554217124532
3070,0.009106773694631086,HOG8-ML00-H1-GPS-GradientEstimation-Escape-Specialist-Exploiter,Exploiter,0.8626220751909566
3081,0.009045083091402744,HOG8-ML00-H1-GPS-GradientEstimation-Escape-Specialist-Exploiter,Exploiter,0.6774144751693099
3091,0.008982773512923923,HOG8-ML00-H1-GPS-GradientEstimation-Escape-Specialist-Exploiter,Exploiter,0.6888779002820324
3102,0.008923354707436045,HOG8-ML00-H1-GPS-GradientEstimation-Escape-Specialist-Exploiter,Exploiter,0.6614750489076628
3115,0.008868054693704521,HOG8-ML00-H1-GPS-GradientEstimation-Escape-Specialist-Exploiter,Exploiter,0.6197222406214696
3127,0.008809002856456773,HOG8-ML00-H1-GPS-GradientEstimation-Escape-Specialist-Exploiter,Exploiter,0.665893922481883
3135,0.00875201960433019,HOG8-ML00-H1-GPS-GradientEstimation-Escape-Specialist-Exploiter,Exploiter,0.6468751691324094
3146,0.00869720985534626,HOG8-ML00-H1-GPS-GradientEstimation-Escape-Specialist-Exploiter,Exploiter,0.6262525846812765
3160,0.00864446242973026,HOG8-ML00-H1-GPS-GradientEstimation-Escape-Specialist-Exploiter,Exploiter,0.6064867525712886
3170,0.008590446382049055,HOG8-ML00-H1-GPS-GradientEstimation-Escape-Specialist-Exploiter,Exploiter,0.624863004730422
3181,0.00853907233057009,HOG8-ML00-H1-GPS-GradientEstimation-Escape-Specialist-Exploiter,Exploiter,0.5980370424791702
3191,0.008487689825615225,HOG8-ML00-H1-GPS-GradientEstimation-Escape-Specialist-Exploiter,Exploiter,0.6017340404872155
3201,0.008442252392910273,HOG8-ML00-H1-GPS-GradientEstimation-Escape-Specialist-Exploiter,Exploiter,0.5353333314304853
3216,0.008391793527894214,HOG8-ML00-H1-GPS-GradientEstimation-Escape-Specialist-Exploiter,Exploiter,0.597694343495741
3226,0.00834735030393058,HOG8-ML00-H1-GPS-GradientEstimation-Escape-Specialist-Exploiter,Exploiter,0.5296034014171738
3237,0.008301846236602102,HOG8-ML00-H1-GPS-GradientEstimation-Escape-Specialist-Exploiter,Exploiter,0.5451318762440226
3246,0.008262777789173135,HOG8-ML00-H1-GPS-GradientEstimation-Escape-Specialist-Refiner,Refiner,0.47059950660995825
3260,0.00820795473982314,HOG8-ML00-H1-GPS-GradientEstimation-Escape-Specialist-Exploiter,Exploiter,0.6634941753102802
3271,0.008164515430204324,HOG8-ML00-H1-GPS-GradientEstimation-Escape-Specialist-Exploiter,Exploiter,0.5292342732844063
3285,0.008127112040262058,HOG8-ML00-H1-GPS-GradientEstimation-Escape-Specialist-Refiner,Refiner,0.45812136999452047
3295,0.008087347972515455,HOG8-ML00-H1-GPS-GradientEstimation-Escape-Specialist-Refiner,Refiner,0.48927672646334897
3305,0.00804419562267725,HOG8-ML00-H1-GPS-GradientEstimation-Escape-Specialist-Exploiter,Exploiter,0.5335784979805039
3316,0.008007550702161996,HOG8-ML00-H1-GPS-GradientEstimation-Escape-Specialist-Refiner,Refiner,0.45554487029069574
3328,0.007970581378736241,HOG8-ML00-H1-GPS-GradientEstimation-Escape-Specialist-Refiner,Refiner,0.46168079105353593
3340,0.007950740877307481,HOG8-ML00-H1-GPS-GradientEstimation-Escape-Specialist-Refiner,Refiner,0.24892163426986463
3350,0.007911092104896336,HOG8-ML00-H1-GPS-GradientEstimation-Escape-Specialist-Refiner,Refiner,0.49868022393118516
3360,0.007880753380743257,HOG8-ML00-H1-GPS-GradientEstimation-Escape-Specialist-Refiner,Refiner,0.38349603001463994
3370,0.007845981703061947,HOG8-ML00-H1-GPS-GradientEstimation-Escape-Specialist-Refiner,Refiner,0.4412227613450627
3385,0.007828702886865102,HOG8-ML00-H1-GPS-GradientEstimation-Escape-Specialist-Refiner,Refiner,0.22022503812495625
3396,0.007808768404075265,HOG8-ML00-H1-GPS-GradientEstimation-Escape-Specialist-Refiner,Refiner,0.25463327805277514
3406,0.007797505985985705,HOG8-ML00-H1-GPS-GradientEstimation-Escape-Specialist-Refiner,Refiner,0.1442278411494754
3420,0.0077877587355562414,HOG8-ML00-H1-GPS-GradientEstimation-Escape-Specialist-Refiner,Refiner,0.12500471877780162
3431,0.007756807518594195,HOG8-ML00-H1-GPS-GradientEstimation-Escape-Specialist-Refiner,Refiner,0.3974342042818323
3441,0.0077327066688658505,HOG8-ML00-H1-GPS-GradientEstimation-Escape-Specialist-Refiner,Refiner,0.31070578547386746
3450,0.007703818530754325,HOG8-ML00-H1-GPS-GradientEstimation-Escape-Specialist-Refiner,Refiner,0.37358378312521934
3460,0.0076831408287503875,HOG8-ML00-H1-GPS-GradientEstimation-Escape-Specialist-Refiner,Refiner,0.2684084771907671
3468,0.007669258010728715,HOG8-ML04-H1-GPS-Sniper-Specialist-Refiner,Refiner,0.1806919634965314
3471,0.007656934972363309,HOG8-ML04-H1-GPS-Sniper-Specialist-Refiner,Refiner,0.16068097263343054
3471,0.007654624163094877,HOG8-ML00-H1-GPS-GradientEstimation-Escape-Specialist-Polisher,Polisher,0.03017929859366052
3481,0.007622117780157889,HOG8-ML04-H1-GPS-Sniper-Specialist-Refiner,Refiner,0.42466334393934135
3491,0.007601336096312198,HOG8-ML04-H1-GPS-Sniper-Specialist-Refiner,Refiner,0.27264973390716385
3494,0.007586346913227925,HOG8-ML04-H1-GPS-Sniper-Specialist-Refiner,Refiner,0.19719142653809824
3501,0.007564965093628054,HOG8-ML04-H1-GPS-Sniper-Specialist-Refiner,Refiner,0.28184605640151034
3508,0.0075636283925542905,HOG8-ML06-H2-GPS-Spray-Specialist-Polisher,Polisher,0.017669626458546348
3509,0.007541386346982299,HOG8-ML04-H1-GPS-Sniper-Specialist-Refiner,Refiner,0.29406581626731365
3520,0.007475483430636383,HOG8-ML04-H1-GPS-Sniper-Specialist-Exploiter,Exploiter,0.8738833062476303
3531,0.007425439530527971,HOG8-ML04-H1-GPS-Sniper-Specialist-Exploiter,Exploiter,0.6694403187801822
3541,0.007393313702355808,HOG8-ML04-H1-GPS-Sniper-Specialist-Refiner,Refiner,0.4326454755989183
3550,0.007364731037345051,HOG8-ML04-H1-GPS-Sniper-Specialist-Refiner,Refiner,0.3866015451454453
3560,0.007316335680614174,HOG8-ML04-H1-GPS-Sniper-Specialist-Exploiter,Exploiter,0.6571232063394328
3575,0.007283701379193604,HOG8-ML04-H1-GPS-Sniper-Specialist-Refiner,Refiner,0.44604707664029103
3586,0.00725790246895515,HOG8-ML04-H1-GPS-Sniper-Specialist-Refiner,Refiner,0.3542005485308616
3592,0.0072062426991531085,HOG8-ML04-H1-GPS-Sniper-Specialist-Exploiter,Exploiter,0.7117727197769635
3601,0.007186017041208365,HOG8-ML04-H1-GPS-Sniper-Specialist-Refiner,Refiner,0.28066856459220235
3612,0.007137554056738443,HOG8-ML04-H1-GPS-Sniper-Specialist-Exploiter,Exploiter,0.6744067567890563
3621,0.007106216322267437,HOG8-ML04-H1-GPS-Sniper-Specialist-Refiner,Refiner,0.4390542505442813
3630,0.007015522380178007,HOG8-ML04-H1-GPS-Sniper-Specialist-Exploiter,Exploiter,1.2762620496823218
3632,0.0070026577430223075,HOG8-ML04-H1-GPS-Sniper-Specialist-Refiner,Refiner,0.1833739023062299
3646,0.006960180640020538,HOG8-ML04-H1-GPS-Sniper-Specialist-Exploiter,Exploiter,0.6065854502755768
3653,0.006954873549671326,HOG8-ML04-H1-GPS-Sniper-Specialist-Refiner,Refiner,0.07624931914405544
3656,0.00693608795125404,HOG8-ML04-H1-GPS-Sniper-Specialist-Refiner,Refiner,0.2701069729466801
3666,0.006881853607363258,HOG8-ML04-H1-GPS-Sniper-Specialist-Exploiter,Exploiter,0.7819154582804274
3676,0.006850471333305687,HOG8-ML04-H1-GPS-Sniper-Specialist-Refiner,Refiner,0.45601484495388417
3689,0.0068319313186869235,HOG8-ML04-H1-GPS-Sniper-Specialist-Refiner,Refiner,0.2706385256825424
3700,0.006819871603540651,HOG8-ML04-H1-GPS-Sniper-Specialist-Refiner,Refiner,0.1765198533727346
3710,0.0067457979349725035,HOG8-ML04-H1-GPS-Sniper-Specialist-Exploiter,Exploiter,1.0861446208120886
3720,0.006733780282068174,HOG8-ML04-H1-GPS-Sniper-Specialist-Refiner,Refiner,0.17815020580479524
3730,0.006697087704529036,HOG8-ML04-H1-GPS-Sniper-Specialist-Exploiter,Exploiter,0.5449031005191781
3742,0.006683052754029794,HOG8-ML04-H1-GPS-Sniper-Specialist-Refiner,Refiner,0.20956796623329244
3749,0.006664388690544554,HOG8-ML04-H1-GPS-Sniper-Specialist-Refiner,Refiner,0.27927451977670154
3755,0.006660155961585496,HOG8-ML04-H1-GPS-Sniper-Specialist-Refiner,Refiner,0.06351263642625313
3760,0.006648897006971409,HOG8-ML04-H1-GPS-Sniper-Specialist-Refiner,Refiner,0.16904941384296443
3775,0.006624654790327504,HOG8-ML04-H1-GPS-Sniper-Specialist-Refiner,Refiner,0.3646050859035236
3781,0.006594564561642298,HOG8-ML04-H1-GPS-Sniper-Specialist-Refiner,Refiner,0.45421579897476577
3791,0.006538367120594479,HOG8-ML04-H1-GPS-Sniper-Specialist-Exploiter,Exploiter,0.8521781919415108
3801,0.006514730987799744,HOG8-ML04-H1-GPS-Sniper-Specialist-Refiner,Refiner,0.36149901586721955
3812,0.006474011781569047,HOG8-ML04-H1-GPS-Sniper-Specialist-Exploiter,Exploiter,0.6250328111314498
3827,0.006430434397517587,HOG8-ML04-H1-GPS-Sniper-Specialist-Exploiter,Exploiter,0.6731125231424714
3831,0.006378892227222431,HOG8-ML04-H1-GPS-Sniper-Specialist-Exploiter,Exploiter,0.8015348125634212
3842,0.006368500656444338,HOG8-ML04-H1-GPS-Sniper-Specialist-Refiner,Refiner,0.16290557055887678
3851,0.006342551614295786,HOG8-ML04-H1-GPS-Sniper-Specialist-Refiner,Refiner,0.40745920505313754
3862,0.006274363471202057,HOG8-ML04-H1-GPS-Sniper-Specialist-Exploiter,Exploiter,1.0750900779433377
3876,0.006223524021740661,HOG8-ML04-H1-GPS-Sniper-Specialist-Exploiter,Exploiter,0.810272622788564
3887,0.006215282945602029,HOG8-ML04-H1-GPS-Sniper-Specialist-Refiner,Refiner,0.1324181622798153
3897,0.00617904451004743,HOG8-ML04-H1-GPS-Sniper-Specialist-Exploiter,Exploiter,0.5830536738515029
3906,0.006166400120263817,HOG8-ML04-H1-GPS-Sniper-Specialist-Refiner,Refiner,0.2046334148111896
3916,0.0061500157319915975,HOG8-ML04-H1-GPS-Sniper-Specialist-Refiner,Refiner,0.2657042675251903
3930,0.006130535170959272,HOG8-ML04-H1-GPS-Sniper-Specialist-Refiner,Refiner,0.3167562796789268
3941,0.006086596951748204,HOG8-ML04-H1-GPS-Sniper-Specialist-Exploiter,Exploiter,0.7167109882870601
3951,0.00598832935306356,HOG8-ML04-H1-GPS-Sniper-Specialist-Exploiter,Exploiter,1.6144916356983314
3958,0.005964141295822952,HOG8-ML04-H1-GPS-Sniper-Specialist-Refiner,Refiner,0.4039199552080982
3967,0.005934446829053151,HOG8-ML04-H1-GPS-Sniper-Specialist-Refiner,Refiner,0.4978833548192065
3983,0.00590898141866388,HOG8-ML04-H1-GPS-Sniper-Specialist-Refiner,Refiner,0.42911177946022494
3990,0.005874216881367776,HOG8-ML04-H1-GPS-Sniper-Specialist-Exploiter,Exploiter,0.5883338401826416
4001,0.005863135213069361,HOG8-ML04-H1-GPS-Sniper-Specialist-Refiner,Refiner,0.18864928759380484
4004,0.0058537846450929885,HOG8-ML03-H1-GPS-JADE-Specialist-Refiner,Refiner,0.15948068118110953
4006,0.005847554711334602,HOG8-ML04-H1-GPS-Sniper-Specialist-Refiner,Refiner,0.10642574225221736
4013,0.005840814076570219,HOG8-ML06-H2-GPS-Spray-Specialist-Refiner,Refiner,0.11527270965618476
4016,0.005774414390595948,HOG8-ML04-H1-GPS-Sniper-Specialist-Exploiter,Exploiter,1.1368224549489672
4022,0.005757093131213333,HOG8-ML04-H1-GPS-Sniper-Specialist-Refiner,Refiner,0.2999656451886094
4036,0.0057473262212802065,HOG8-ML04-H1-GPS-Sniper-Specialist-Refiner,Refiner,0.16965002494354794
4046,0.005680190701696321,HOG8-ML04-H1-GPS-Sniper-Specialist-Exploiter,Exploiter,1.1681174340740907
4056,0.00565347846917274,HOG8-ML04-H1-GPS-Sniper-Specialist-Refiner,Refiner,0.47026999490710314
4066,0.005634532047273562,HOG8-ML04-H1-GPS-Sniper-Specialist-Refiner,Refiner,0.335128576194083
4076,0.005606071654944921,HOG8-ML04-H1-GPS-Sniper-Specialist-Exploiter,Exploiter,0.5051065836498785
4087,0.005570470784563584,HOG8-ML04-H1-GPS-Sniper-Specialist-Exploiter,Exploiter,0.6350413011566552
4096,0.00554197838147363,HOG8-ML04-H1-GPS-Sniper-Specialist-Exploiter,Exploiter,0.5114900372318643
4106,0.005530055490812704,HOG8-ML04-H1-GPS-Sniper-Specialist-Refiner,Refiner,0.21513780531485766
4116,0.005508847036835917,HOG8-ML04-H1-GPS-Sniper-Specialist-Refiner,Refiner,0.38351249841924984
4126,0.005481335607189984,HOG8-ML04-H1-GPS-Sniper-Specialist-Refiner,Refiner,0.4994044935713835
4142,0.005454034827483034,HOG8-ML04-H1-GPS-Sniper-Specialist-Refiner,Refiner,0.4980680196107514
4146,0.005433977347198366,HOG8-ML04-H1-GPS-Sniper-Specialist-Refiner,Refiner,0.36775489924630006
4162,0.005413379109047245,HOG8-ML04-H1-GPS-Sniper-Specialist-Refiner,Refiner,0.3790637471417017
4167,0.0054113355328216355,HOG8-ML04-H1-GPS-Sniper-Specialist-Polisher,Polisher,0.037750473123038815
4178,0.005385992335245934,HOG8-ML04-H1-GPS-Sniper-Specialist-Refiner,Refiner,0.4683353568076837
4186,0.005380303500856519,HOG8-ML04-H1-GPS-Sniper-Specialist-Refiner,Refiner,0.10562277172560547
4200,0.005362560006105712,HOG8-ML04-H1-GPS-Sniper-Specialist-Refiner,Refiner,0.32978613098651843
4211,0.0053373885510879385,HOG8-ML04-H1-GPS-Sniper-Specialist-Refiner,Refiner,0.4693925100905864
4221,0.005323609500313814,HOG8-ML04-H1-GPS-Sniper-Specialist-Refiner,Refiner,0.2581609085086391
4233,0.005311522983008396,HOG8-ML04-H1-GPS-Sniper-Specialist-Refiner,Refiner,0.227036136003314
4241,0.005272118376186203,HOG8-ML04-H1-GPS-Sniper-Specialist-Exploiter,Exploiter,0.7418702121453427
4251,0.0052505658925697685,HOG8-ML04-H1-GPS-Sniper-Specialist-Refiner,Refiner,0.4088012081402709
4260,0.005244903593994484,HOG8-ML02-H1-GPS-GradientEstimation-Escape-Specialist-Refiner,Refiner,0.10784168204225762
4261,0.005209085115848203,HOG8-ML04-H1-GPS-Sniper-Specialist-Exploiter,Exploiter,0.6829196667655447
4271,0.005197036176372798,HOG8-ML04-H1-GPS-Sniper-Specialist-Refiner,Refiner,0.2313062506647726
4282,0.005182305999239947,HOG8-ML04-H1-GPS-Sniper-Specialist-Refiner,Refiner,0.2834341850422095
4292,0.005168309567138056,HOG8-ML04-H1-GPS-Sniper-Specialist-Refiner,Refiner,0.2700811589269934
4303,0.00515659714157392,HOG8-ML04-H1-GPS-Sniper-Specialist-Refiner,Refiner,0.22662004688357473
4317,0.005142691992666256,HOG8-ML04-H1-GPS-Sniper-Specialist-Refiner,Refiner,0.26965746064505647
4327,0.005137048376428267,HOG8-ML04-H1-GPS-Sniper-Specialist-Refiner,Refiner,0.10974050645142981
4335,0.005124311236738337,HOG8-ML04-H1-GPS-Sniper-Specialist-Refiner,Refiner,0.24794665645695682
4349,0.005115901528980352,HOG8-ML04-H1-GPS-Sniper-Specialist-Refiner,Refiner,0.16411391442604675
4356,0.005100457967658989,HOG8-ML04-H1-GPS-Sniper-Specialist-Refiner,Refiner,0.3018737017098354
4371,0.005086574764469443,HOG8-ML04-H1-GPS-Sniper-Specialist-Refiner,Refiner,0.27219522791044903
4377,0.005063293979814972,HOG8-ML04-H1-GPS-Sniper-Specialist-Refiner,Refiner,0.4576907984738666
4387,0.005060927789169324,HOG8-ML04-H1-GPS-Sniper-Specialist-Polisher,Polisher,0.046732239034130645
4396,0.005024329508980816,HOG8-ML04-H1-GPS-Sniper-Specialist-Exploiter,Exploiter,0.723153574070564
4407,0.00499944614781481,HOG8-ML04-H1-GPS-Sniper-Specialist-Refiner,Refiner,0.4952573496926835
4416,0.004992377388789115,HOG8-ML04-H1-GPS-Sniper-Specialist-Refiner,Refiner,0.14139084243931868
4427,0.0049681795576875555,HOG8-ML04-H1-GPS-Sniper-Specialist-Refiner,Refiner,0.4846955511796418
4442,0.004928845687402168,HOG8-ML04-H1-GPS-Sniper-Specialist-Exploiter,Exploiter,0.791715956089476
4451,0.004916965812128268,HOG8-ML04-H1-GPS-Sniper-Specialist-Refiner,Refiner,0.24102753519477876
4461,0.004882745843449271,HOG8-ML04-H1-GPS-Sniper-Specialist-Exploiter,Exploiter,0.6959570187490245
4470,0.004842452308030639,HOG8-ML04-H1-GPS-Sniper-Specialist-Exploiter,Exploiter,0.82522287070687
4481,0.004820955900831194,HOG8-ML04-H1-GPS-Sniper-Specialist-Refiner,Refiner,0.4439157235228775
4491,0.004807998839042291,HOG8-ML04-H1-GPS-Sniper-Specialist-Refiner,Refiner,0.2687654078451349
4501,0.004794500411070211,HOG8-ML04-H1-GPS-Sniper-Specialist-Refiner,Refiner,0.2807494016527069
4511,0.004781946062368198,HOG8-ML04-H1-GPS-Sniper-Specialist-Refiner,Refiner,0.2618489441157603
4521,0.004753985471761899,HOG8-ML04-H1-GPS-Sniper-Specialist-Exploiter,Exploiter,0.5847115429915912
4537,0.0047282091052219,HOG8-ML04-H1-GPS-Sniper-Specialist-Exploiter,Exploiter,0.542205412555577
4546,0.004696288584414059,HOG8-ML04-H1-GPS-Sniper-Specialist-Exploiter,Exploiter,0.6751080609482396
4556,0.004677263330585031,HOG8-ML04-H1-GPS-Sniper-Specialist-Refiner,Refiner,0.4051125369971616
4572,0.004663428234411683,HOG8-ML04-H1-GPS-Sniper-Specialist-Refiner,Refiner,0.2957946815369422
4582,0.004631450069445197,HOG8-ML04-H1-GPS-Sniper-Specialist-Exploiter,Exploiter,0.6857222489351811
4590,0.004625206941371602,HOG8-ML04-H1-GPS-Sniper-Specialist-Refiner,Refiner,0.13479856157323372
4596,0.00461362952821864,HOG8-ML04-H1-GPS-Sniper-Specialist-Refiner,Refiner,0.2503112466039991
4608,0.004600998014676291,HOG8-ML04-H1-GPS-Sniper-Specialist-Refiner,Refiner,0.27378690605932393
4620,0.004591231465632636,HOG8-ML04-H1-GPS-Sniper-Specialist-Refiner,Refiner,0.21227022946980972
4626,0.004580666315096481,HOG8-ML04-H1-GPS-Sniper-Specialist-Refiner,Refiner,0.23011583308835643
4637,0.004559196526541262,HOG8-ML04-H1-GPS-Sniper-Specialist-Refiner,Refiner,0.46870448704069884
4653,0.004548845288489063,HOG8-ML04-H1-GPS-Sniper-Specialist-Refiner,Refiner,0.22704083914653747
4661,0.004534298089627189,HOG8-ML04-H1-GPS-Sniper-Specialist-Refiner,Refiner,0.3197998159815476
4671,0.0045223211309828835,HOG8-ML04-H1-GPS-Sniper-Specialist-Refiner,Refiner,0.2641414041945029
4677,0.004503408275694316,HOG8-ML04-H1-GPS-Sniper-Specialist-Refiner,Refiner,0.41821124021896117
4691,0.0044823762427932505,HOG8-ML04-H1-GPS-Sniper-Specialist-Refiner,Refiner,0.4670247868615187
4701,0.004459631115601587,HOG8-ML04-H1-GPS-Sniper-Specialist-Exploiter,Exploiter,0.5074345829008268
4708,0.004439411166921324,HOG8-ML04-H1-GPS-Sniper-Specialist-Refiner,Refiner,0.4533995784881272
4721,0.0044100159499696695,HOG8-ML04-H1-GPS-Sniper-Specialist-Exploiter,Exploiter,0.662142249194718
4731,0.004371525353873109,HOG8-ML04-H1-GPS-Sniper-Specialist-Exploiter,Exploiter,0.8727994758573437
4738,0.004365187492026657,HOG8-ML04-H1-GPS-Sniper-Specialist-Refiner,Refiner,0.14498055789238293
4751,0.004351950872935397,HOG8-ML04-H1-GPS-Sniper-Specialist-Refiner,Refiner,0.303231398775826
4764,0.004337106994696411,HOG8-ML04-H1-GPS-Sniper-Specialist-Refiner,Refiner,0.3410856113128445
4777,0.004318215624435371,HOG8-ML04-H1-GPS-Sniper-Specialist-Refiner,Refiner,0.4355753797206499
4781,0.004312182165914755,HOG8-ML04-H1-GPS-Sniper-Specialist-Refiner,Refiner,0.13972110346862046
4792,0.00429949278619367,HOG8-ML04-H1-GPS-Sniper-Specialist-Refiner,Refiner,0.29426817404392347
4802,0.00429491065142991,HOG8-ML04-H1-GPS-Sniper-Specialist-Refiner,Refiner,0.10657384467475685
4815,0.004285030867004245,HOG8-ML04-H1-GPS-Sniper-Specialist-Refiner,Refiner,0.23003469053251954
4827,0.004277101100923388,HOG8-ML04-H1-GPS-Sniper-Specialist-Refiner,Refiner,0.18505738527855395
4835,0.004249812030706221,HOG8-ML04-H1-GPS-Sniper-Specialist-Exploiter,Exploiter,0.6380272425937153
4851,0.004243796242855128,HOG8-ML04-H1-GPS-Sniper-Specialist-Refiner,Refiner,0.14155421010687727
4867,0.00422084052380111,HOG8-ML04-H2-GPS-Sniper-Specialist-Exploiter,Exploiter,0.5409241570602243
4872,0.004216580557425713,HOG8-ML04-H2-GPS-Sniper-Specialist-Refiner,Refiner,0.10092696825134741
4887,0.004205691820420292,HOG8-ML04-H2-GPS-Sniper-Specialist-Refiner,Refiner,0.2582361906081881
4890,0.004205005080218864,HOG8-ML04-H2-GPS-Sniper-Specialist-Polisher,Polisher,0.016328828424690488
4901,0.004194666680097147,HOG8-ML04-H2-GPS-Sniper-Specialist-Refiner,Refiner,0.2458593967068233
4911,0.004167550159902132,HOG8-ML04-H2-GPS-Sniper-Specialist-Exploiter,Exploiter,0.64645232298616
4922,0.004133194391608849,HOG8-ML04-H2-GPS-Sniper-Specialist-Exploiter,Exploiter,0.8243636423104204
4932,0.004126012408857149,HOG8-ML04-H2-GPS-Sniper-Specialist-Refiner,Refiner,0.17376348826663676
4942,0.004115909007789912,HOG8-ML04-H2-GPS-Sniper-Specialist-Refiner,Refiner,0.24487083571411855
4951,0.004108097890481339,HOG8-ML04-H2-GPS-Sniper-Specialist-Refiner,Refiner,0.1897786684251227
4962,0.0041052326315320995,HOG8-ML04-H2-GPS-Sniper-Specialist-Refiner,Refiner,0.06974660842133446
4976,0.0040978775705612916,HOG8-ML04-H2-GPS-Sniper-Specialist-Refiner,Refiner,0.17916307383688984
4986,0.004081835979942024,HOG8-ML04-H2-GPS-Sniper-Specialist-Refiner,Refiner,0.3914609537021939
4992,0.004061793179445742,HOG8-ML04-H2-GPS-Sniper-Specialist-Refiner,Refiner,0.4910241517486554
5006,0.004052485202629798,HOG8-ML04-H2-GPS-Sniper-Specialist-Refiner,Refiner,0.2291592999625427
5011,0.003986217778580469,HOG8-ML04-H2-GPS-Sniper-Specialist-Exploiter,Exploiter,1.6352292663851176
5028,0.003975224225554374,HOG8-ML04-H2-GPS-Sniper-Specialist-Refiner,Refiner,0.27578907216680604
5032,0.003947708982702724,HOG8-ML04-H2-GPS-Sniper-Specialist-Exploiter,Exploiter,0.6921683228525984
5042,0.0039316606467754076,HOG8-ML04-H2-GPS-Sniper-Specialist-Refiner,Refiner,0.4065227704887566
5056,0.003916295704205488,HOG8-ML04-H2-GPS-Sniper-Specialist-Refiner,Refiner,0.39080032460382574
5066,0.003890540825637563,HOG8-ML04-H2-GPS-Sniper-Specialist-Exploiter,Exploiter,0.6576336546872221
5078,0.003875816226603243,HOG8-ML04-H2-GPS-Sniper-Specialist-Refiner,Refiner,0.37847177794123854
5087,0.0038560400531045605,HOG8-ML04-H2-GPS-Sniper-Specialist-Exploiter,Exploiter,0.5102453868411152
5096,0.003848402927777753,HOG8-ML04-H2-GPS-Sniper-Specialist-Refiner,Refiner,0.19805617217743265
5109,0.0038318170682883268,HOG8-ML04-H2-GPS-Sniper-Specialist-Refiner,Refiner,0.43098032614281484
5115,0.003829597831638925,HOG8-ML04-H2-GPS-Sniper-Specialist-Refiner,Refiner,0.05791603852302766
5126,0.003813794168013262,HOG8-ML04-H2-GPS-Sniper-Specialist-Refiner,Refiner,0.41267162559729464
5136,0.0038082232209479643,HOG8-ML04-H2-GPS-Sniper-Specialist-Refiner,Refiner,0.14607361645318404
5148,0.0037880572808563296,HOG8-ML04-H2-GPS-Sniper-Specialist-Exploiter,Exploiter,0.5295367136229705
5156,0.003784164478167129,HOG8-ML04-H2-GPS-Sniper-Specialist-Refiner,Refiner,0.10276514848055274
5167,0.0037797517576472635,HOG8-ML04-H2-GPS-Sniper-Specialist-Refiner,Refiner,0.11661016706131527
5176,0.00377665376795947,HOG8-ML04-H2-GPS-Sniper-Specialist-Refiner,Refiner,0.0819627818553347
5186,0.0037695926382254963,HOG8-ML04-H2-GPS-Sniper-Specialist-Refiner,Refiner,0.18696788659524768
5196,0.0037653406792991914,HOG8-ML04-H2-GPS-Sniper-Specialist-Refiner,Refiner,0.11279624443203785
5207,0.003756765519522116,HOG8-ML04-H2-GPS-Sniper-Specialist-Refiner,Refiner,0.22773928065047003
5217,0.0037416187105000203,HOG8-ML04-H2-GPS-Sniper-Specialist-Refiner,Refiner,0.40318750114652746
5227,0.003740630960274263,HOG8-ML04-H2-GPS-Sniper-Specialist-Polisher,Polisher,0.026399008081329105
5241,0.003727143288303336,HOG8-ML04-H2-GPS-Sniper-Specialist-Refiner,Refiner,0.3605721097367452
5250,0.003724960180629599,HOG8-ML04-H2-GPS-Sniper-Specialist-Refiner,Refiner,0.058573215593508615
5261,0.0037076845248775487,HOG8-ML04-H2-GPS-Sniper-Specialist-Refiner,Refiner,0.46378095105249006
5277,0.0036863478320878266,HOG8-ML04-H2-GPS-Sniper-Specialist-Exploiter,Exploiter,0.5754721753309582
5291,0.003671549721626738,HOG8-ML04-H2-GPS-Sniper-Specialist-Refiner,Refiner,0.4014301182400185
5296,0.003657727388072262,HOG8-ML04-H2-GPS-Sniper-Specialist-Refiner,Refiner,0.3764713704694606
5311,0.003649689563410768,HOG8-ML04-H2-GPS-Sniper-Specialist-Refiner,Refiner,0.21974914499383896
5322,0.0036182233716653277,HOG8-ML04-H2-GPS-Sniper-Specialist-Exploiter,Exploiter,0.8621607728201938
5333,0.003568171625923415,HOG8-ML04-H2-GPS-Sniper-Specialist-Exploiter,Exploiter,1.3833238194709898
5341,0.0035575747877648308,HOG8-ML04-H2-GPS-Sniper-Specialist-Refiner,Refiner,0.29698229988703795
5352,0.003546474414454031,HOG8-ML04-H2-GPS-Sniper-Specialist-Refiner,Refiner,0.31202079992741344
5362,0.003529162871435036,HOG8-ML04-H2-GPS-Sniper-Specialist-Refiner,Refiner,0.48813387595410496
5370,0.003507363719451379,HOG8-ML04-H2-GPS-Sniper-Specialist-Exploiter,Exploiter,0.6176861986194715
5381,0.003506362605963085,HOG8-ML04-H2-GPS-Sniper-Specialist-Polisher,Polisher,0.028543189938980248
5396,0.0034839048699964095,HOG8-ML04-H2-GPS-Sniper-Specialist-Exploiter,Exploiter,0.6404852689360472
5411,0.0034732309119625653,HOG8-ML04-H2-GPS-Sniper-Specialist-Refiner,Refiner,0.30637914731165444
5422,0.0034691878786768486,HOG8-ML04-H2-GPS-Sniper-Specialist-Refiner,Refiner,0.11640554251062195
5432,0.0034535799423713338,HOG8-ML04-H2-GPS-Sniper-Specialist-Refiner,Refiner,0.4499017306456092
5445,0.0034512155844277177,HOG8-ML04-H2-GPS-Sniper-Specialist-Refiner,Refiner,0.06846107468393038
5456,0.0034409947001059005,HOG8-ML04-H2-GPS-Sniper-Specialist-Refiner,Refiner,0.29615316898587823
5467,0.0034330668302014157,HOG8-ML04-H2-GPS-Sniper-Specialist-Refiner,Refiner,0.23039471418659407
5481,0.0034161920095453144,HOG8-ML04-H2-GPS-Sniper-Specialist-Refiner,Refiner,0.4915377850396013
5496,0.003407673225384644,HOG8-ML04-H2-GPS-Sniper-Specialist-Refiner,Refiner,0.24936491089691837
5505,0.0034014140649257624,HOG8-ML04-H2-GPS-Sniper-Specialist-Refiner,Refiner,0.18367842351360228
5517,0.003399526810253856,HOG8-ML04-H2-GPS-Sniper-Specialist-Refiner,Refiner,0.05548441430189356
5531,0.003396165107678999,HOG8-ML04-H2-GPS-Sniper-Specialist-Refiner,Refiner,0.09888736763944225
5541,0.0033924505895181825,HOG8-ML04-H2-GPS-Sniper-Specialist-Refiner,Refiner,0.1093738980009442
5546,0.003374737527093721,HOG8-ML04-H2-GPS-Sniper-Specialist-Exploiter,Exploiter,0.522131773390901
5561,0.003372717636629913,HOG8-ML04-H2-GPS-Sniper-Specialist-Refiner,Refiner,0.059853261108204374
5571,0.003354323852382453,HOG8-ML04-H2-GPS-Sniper-Specialist-Exploiter,Exploiter,0.5453698242536428
5580,0.0033542731131167318,HOG8-ML04-H2-GPS-Sniper-Specialist-Polisher,Polisher,0.0015126525629068372
5594,0.003317179708862769,HOG8-ML04-H2-GPS-Sniper-Specialist-Exploiter,Exploiter,1.105855218196482
5607,0.0033140464528657425,HOG8-ML04-H2-GPS-Sniper-Specialist-Refiner,Refiner,0.09445541912169982
5621,0.0033098760194527604,HOG8-ML04-H2-GPS-Sniper-Specialist-Refiner,Refiner,0.12584112722306065
5692,0.003300954906850704,HOG8-ML04-H2-GPS-Sniper-Specialist-Refiner,Refiner,0.2695301138056344
5706,0.0032793931811263026,HOG8-ML04-H2-GPS-Sniper-Specialist-Exploiter,Exploiter,0.6531966153082799
5712,0.0032776533319677824,HOG8-ML04-H2-GPS-Sniper-Specialist-Refiner,Refiner,0.05305399695691856
5726,0.00326438616619948,HOG8-ML04-H2-GPS-Sniper-Specialist-Refiner,Refiner,0.4047763574904105
5736,0.00325194299969925,HOG8-ML04-H2-GPS-Sniper-Specialist-Refiner,Refiner,0.38117936624872634
5745,0.0032459414882367406,HOG8-ML04-H2-GPS-Sniper-Specialist-Refiner,Refiner,0.18455155773223494
5756,0.0032402930697910193,HOG8-ML04-H2-GPS-Sniper-Specialist-Refiner,Refiner,0.17401479558984817
5767,0.0032390839339091074,HOG8-ML04-H2-GPS-Sniper-Specialist-Polisher,Polisher,0.03731563336614756
5776,0.0032319780010687848,HOG8-ML04-H2-GPS-Sniper-Specialist-Refiner,Refiner,0.21938094181297788
5787,0.0032283839356679915,HOG8-ML04-H2-GPS-Sniper-Specialist-Refiner,Refiner,0.11120327550511659
5796,0.0032277890635423216,HOG8-ML04-H2-GPS-Sniper-Specialist-Polisher,Polisher,0.01842631290217969
5806,0.0032173629261450015,HOG8-ML04-H2-GPS-Sniper-Specialist-Refiner,Refiner,0.32301173317310833
5816,0.0032051940830949157,HOG8-ML04-H2-GPS-Sniper-Specialist-Refiner,Refiner,0.3782241335349239
5826,0.0032033503073539355,HOG8-ML04-H2-GPS-Sniper-Specialist-Refiner,Refiner,0.05752462076180625
5836,0.003191949594045036,HOG8-ML04-H2-GPS-Sniper-Specialist-Refiner,Refiner,0.3558996742481358
5850,0.0031870943344996868,HOG8-ML04-H2-GPS-Sniper-Specialist-Refiner,Refiner,0.15210953062690838
5857,0.0031761647221938624,HOG8-ML04-H2-GPS-Sniper-Specialist-Refiner,Refiner,0.3429334421486484
5865,0.0031723879357704217,HOG8-ML04-H2-GPS-Sniper-Specialist-Refiner,Refiner,0.11891028185817779
5877,0.0031494411706154833,HOG8-ML04-H2-GPS-Sniper-Specialist-Exploiter,Exploiter,0.7233278407158513
5896,0.003145458029511749,HOG8-ML04-H2-GPS-Sniper-Specialist-Refiner,Refiner,0.12647136072575463
5911,0.0031327892812646517,HOG8-ML04-H2-GPS-Sniper-Specialist-Refiner,Refiner,0.4027632264755909
5922,0.0031311589345955275,HOG8-ML04-H2-GPS-Sniper-Specialist-Refiner,Refiner,0.05204137663756673
5932,0.0031135454222714176,HOG8-ML04-H2-GPS-Sniper-Specialist-Exploiter,Exploiter,0.5625237393573932
5941,0.0031000235747469978,HOG8-ML04-H2-GPS-Sniper-Specialist-Refiner,Refiner,0.4342909991836665
5953,0.003080805696725638,HOG8-ML04-H2-GPS-Sniper-Specialist-Exploiter,Exploiter,0.6199268346831276
5962,0.003062317860763444,HOG8-ML04-H2-GPS-Sniper-Specialist-Exploiter,Exploiter,0.6000974349613518
5977,0.0030614586825352353,HOG8-ML04-H2-GPS-Sniper-Specialist-Polisher,Polisher,0.028056467919847526
5981,0.003056289306906294,HOG8-ML04-H2-GPS-Sniper-Specialist-Refiner,Refiner,0.1688533527638693
5997,0.0030495277103894302,HOG8-ML04-H2-GPS-Sniper-Specialist-Refiner,Refiner,0.2212354864961443
6002,0.0030422107207532696,HOG8-ML04-H2-GPS-Sniper-Specialist-Refiner,Refiner,0.23993845378851206
6011,0.00303956735581434,HOG8-ML04-H2-GPS-Sniper-Specialist-Refiner,Refiner,0.08688960698537387
6027,0.0030052614680007275,HOG8-ML04-H2-GPS-Sniper-Specialist-Exploiter,Exploiter,1.12864377714774
6041,0.00300300417207938,HOG8-ML04-H2-GPS-Sniper-Specialist-Refiner,Refiner,0.0751114651880625
6051,0.002999007631223433,HOG8-ML04-H2-GPS-Sniper-Specialist-Refiner,Refiner,0.1330847586928103
6057,0.0029989125625670522,HOG8-ML04-H2-GPS-Sniper-Specialist-Polisher,Polisher,0.00317000381696309
6067,0.002982799492300462,HOG8-ML04-H2-GPS-Sniper-Specialist-Exploiter,Exploiter,0.5372971012131639
6081,0.002971229336811671,HOG8-ML04-H2-GPS-Sniper-Specialist-Refiner,Refiner,0.387895851486401
6089,0.00296290571424162,HOG8-ML04-H2-GPS-Sniper-Specialist-Refiner,Refiner,0.28014069688013576
6102,0.0029565671534874417,HOG8-ML04-H2-GPS-Sniper-Specialist-Refiner,Refiner,0.21393055890070978
6111,0.0029374662678391967,HOG8-ML04-H2-GPS-Sniper-Specialist-Exploiter,Exploiter,0.6460494437176725
6126,0.0029330913294623407,HOG8-ML04-H2-GPS-Sniper-Specialist-Refiner,Refiner,0.1489357826762096
6132,0.002930897488605574,HOG8-ML04-H2-GPS-Sniper-Specialist-Refiner,Refiner,0.07479619999316224
6141,0.002919535952950027,HOG8-ML04-H2-GPS-Sniper-Specialist-Refiner,Refiner,0.3876469818448811
6153,0.0029032429699773826,HOG8-ML04-H2-GPS-Sniper-Specialist-Exploiter,Exploiter,0.5580675571465844
6165,0.002901591771986524,HOG8-ML04-H2-GPS-Sniper-Specialist-Refiner,Refiner,0.05687426122903739
6170,0.0028964666900514035,HOG8-ML04-H2-GPS-Sniper-Specialist-Refiner,Refiner,0.17663001338095552
6186,0.0028829700332813923,HOG8-ML04-H2-GPS-Sniper-Specialist-Refiner,Refiner,0.46596968701102776
6191,0.002881187701029569,HOG8-ML04-H2-GPS-Sniper-Specialist-Refiner,Refiner,0.06182278106424553
6201,0.002870570026411432,HOG8-ML04-H2-GPS-Sniper-Specialist-Refiner,Refiner,0.3685172824506683
6216,0.002867223288289532,HOG8-ML04-H2-GPS-Sniper-Specialist-Refiner,Refiner,0.1165879282200895
6222,0.0028658457041172494,HOG8-ML04-H2-GPS-Sniper-Specialist-Polisher,Polisher,0.04804593272902352
6237,0.0028584513685029145,HOG8-ML04-H2-GPS-Sniper-Specialist-Refiner,Refiner,0.258015831198161
6242,0.0028575640831274875,HOG8-ML04-H2-GPS-Sniper-Specialist-Polisher,Polisher,0.031040772118916687
6255,0.0028501333113168372,HOG8-ML04-H2-GPS-Sniper-Specialist-Refiner,Refiner,0.26003867610617315
6267,0.0028478624012883004,HOG8-ML04-H2-GPS-Sniper-Specialist-Refiner,Refiner,0.07967732665415725
6277,0.002840659055121682,HOG8-ML04-H2-GPS-Sniper-Specialist-Refiner,Refiner,0.2529387010889171
6286,0.0028392926512570034,HOG8-ML04-H2-GPS-Sniper-Specialist-Polisher,Polisher,0.048101649587799215
6294,0.0028389319909665903,HOG8-ML05-H1-GPS-JADE-Specialist-Polisher,Polisher,0.012702469759621915
6296,0.0028343484617741085,HOG8-ML04-H2-GPS-Sniper-Specialist-Refiner,Refiner,0.16145258875754875
6306,0.0028242439404709595,HOG8-ML04-H2-GPS-Sniper-Specialist-Refiner,Refiner,0.3565024357246559
6320,0.002811813298772301,HOG8-ML04-H2-GPS-Sniper-Specialist-Refiner,Refiner,0.44014051054618325
6337,0.00281084021049252,HOG8-ML04-H2-GPS-Sniper-Specialist-Polisher,Polisher,0.03460714408762343
6345,0.002808501100640946,HOG8-ML04-H2-GPS-Sniper-Specialist-Refiner,Refiner,0.08321746084471407
6356,0.002798977152389649,HOG8-ML04-H2-GPS-Sniper-Specialist-Refiner,Refiner,0.33911143026162266
6372,0.002792092465091166,HOG8-ML04-H2-GPS-Sniper-Specialist-Refiner,Refiner,0.2459715433048461
6380,0.002787222572188313,HOG8-ML04-H2-GPS-Sniper-Specialist-Refiner,Refiner,0.17441732190964537
6386,0.0027714923824236877,HOG8-ML04-H2-GPS-Sniper-Specialist-Exploiter,Exploiter,0.5643679095306386
6396,0.0027703816669379785,HOG8-ML04-H2-GPS-Sniper-Specialist-Polisher,Polisher,0.04007644014297789
6406,0.0027597631645520145,HOG8-ML04-H2-GPS-Sniper-Specialist-Refiner,Refiner,0.383286624824525
6421,0.0027571039037409054,HOG8-ML04-H2-GPS-Sniper-Specialist-Refiner,Refiner,0.09635829788824773
6426,0.0027434516898789648,HOG8-ML04-H2-GPS-Sniper-Specialist-Refiner,Refiner,0.4951650114969166
6442,0.0027366135512335897,HOG8-ML04-H2-GPS-Sniper-Specialist-Refiner,Refiner,0.24925310952629565
6448,0.002724282377251434,HOG8-ML04-H2-GPS-Sniper-Specialist-Refiner,Refiner,0.45059975591355816
6461,0.002720427341248977,HOG8-ML04-H2-GPS-Sniper-Specialist-Refiner,Refiner,0.14150647651827297
6467,0.002717970951688616,HOG8-ML04-H2-GPS-Sniper-Specialist-Refiner,Refiner,0.09029425352096646
6480,0.0027061935121864052,HOG8-ML04-H2-GPS-Sniper-Specialist-Refiner,Refiner,0.4333173426630532
6491,0.0027024099960937195,HOG8-ML04-H2-GPS-Sniper-Specialist-Refiner,Refiner,0.13980951752518875
6501,0.0026969932336962693,HOG8-ML04-H2-GPS-Sniper-Specialist-Refiner,Refiner,0.20044191685495383
6515,0.002690296785345757,HOG8-ML04-H2-GPS-Sniper-Specialist-Refiner,Refiner,0.24829310903885962
6535,0.002659110993859571,HOG8-ML04-H2-GPS-Sniper-Specialist-Exploiter,Exploiter,1.1591952105826135
6546,0.0026457631993958655,HOG8-ML04-H2-GPS-Sniper-Specialist-Exploiter,Exploiter,0.5019645473441485
6552,0.0026400959566934058,HOG8-ML04-H2-GPS-Sniper-Specialist-Refiner,Refiner,0.21420067766282905
6566,0.002638957996786551,HOG8-ML04-H2-GPS-Sniper-Specialist-Polisher,Polisher,0.04310297525246813
6581,0.0026346859818763045,HOG8-ML04-H2-GPS-Sniper-Specialist-Refiner,Refiner,0.1618826413852844
6587,0.0026297915343389874,HOG8-ML04-H2-GPS-Sniper-Specialist-Refiner,Refiner,0.18576967315974313
6600,0.0026174687297755407,HOG8-ML04-H2-GPS-Sniper-Specialist-Refiner,Refiner,0.4685848441802072
6613,0.0026116595843926355,HOG8-ML04-H2-GPS-Sniper-Specialist-Refiner,Refiner,0.2219375275365133
6621,0.002609725910459525,HOG8-ML04-H2-GPS-Sniper-Specialist-Refiner,Refiner,0.07404004506048091
6645,0.002603291950164919,HOG8-ML04-H2-GPS-Sniper-Specialist-Refiner,Refiner,0.24653777888394354
6657,0.0025979084982516764,HOG8-ML04-H2-GPS-Sniper-Specialist-Refiner,Refiner,0.20679401374485712
6671,0.002594129822690936,HOG8-ML04-H2-GPS-Sniper-Specialist-Refiner,Refiner,0.14545067939395856
6686,0.0025802562565907603,HOG8-ML04-H2-GPS-Sniper-Specialist-Exploiter,Exploiter,0.5348061603865419
6701,0.0025736280860637847,HOG8-ML04-H2-GPS-Sniper-Specialist-Refiner,Refiner,0.25688031993121857
6713,0.0025629924550688117,HOG8-ML04-H2-GPS-Sniper-Specialist-Refiner,Refiner,0.41325438794226066
6732,0.0025585780061913865,HOG8-ML04-H2-GPS-Sniper-Specialist-Refiner,Refiner,0.17223807540653183
6745,0.0025529201861311628,HOG8-ML04-H2-GPS-Sniper-Specialist-Refiner,Refiner,0.2211314271651158
6765,0.0025517200655807283,HOG8-ML04-H2-GPS-Sniper-Specialist-Polisher,Polisher,0.04700971683150008
6776,0.0025423028873510466,HOG8-ML04-H2-GPS-Sniper-Specialist-Refiner,Refiner,0.36905216824944065
6786,0.002540457414069416,HOG8-ML04-H2-GPS-Sniper-Specialist-Refiner,Refiner,0.07259061423453138
6796,0.0025326190570676803,HOG8-ML04-H2-GPS-Sniper-Specialist-Refiner,Refiner,0.30854116893776634
6806,0.002520806549398036,HOG8-ML04-H2-GPS-Sniper-Specialist-Refiner,Refiner,0.46641470365151855
6816,0.002520581156895303,HOG8-ML04-H2-GPS-Sniper-Specialist-Polisher,Polisher,0.008941285192502951
6825,0.002516277343505012,HOG8-ML04-H2-GPS-Sniper-Specialist-Refiner,Refiner,0.17074686837666692
6841,0.0025144758479240057,HOG8-ML04-H2-GPS-Sniper-Specialist-Refiner,Refiner,0.07159368126317293
6847,0.0025123429732056874,HOG8-ML04-H2-GPS-Sniper-Specialist-Refiner,Refiner,0.08482382998744213
6861,0.0025044992135191645,HOG8-ML04-H2-GPS-Sniper-Specialist-Refiner,Refiner,0.31220895276549154
6871,0.0024983918474313447,HOG8-ML04-H2-GPS-Sniper-Specialist-Refiner,Refiner,0.24385577982426604
6882,0.0024794679606884177,HOG8-ML04-H2-GPS-Sniper-Specialist-Exploiter,Exploiter,0.7574427030885137
6891,0.0024681073846572303,HOG8-ML04-H2-GPS-Sniper-Specialist-Refiner,Refiner,0.4581860387513584
6897,0.0024649231344548266,HOG8-ML04-H2-GPS-Sniper-Specialist-Refiner,Refiner,0.12901586949572647
6911,0.00245868981877151,HOG8-ML04-H2-GPS-Sniper-Specialist-Refiner,Refiner,0.25288073271685957
6921,0.002452606655056498,HOG8-ML04-H2-GPS-Sniper-Specialist-Refiner,Refiner,0.24741484950920367
6932,0.0024505054861240477,HOG8-ML04-H2-GPS-Sniper-Specialist-Refiner,Refiner,0.08567084852838353
6942,0.002447168990332974,HOG8-ML04-H2-GPS-Sniper-Specialist-Refiner,Refiner,0.13615540997424697
6951,0.002441919615957181,HOG8-ML04-H2-GPS-Sniper-Specialist-Refiner,Refiner,0.21450804568583698
6961,0.002431369696853868,HOG8-ML04-H2-GPS-Sniper-Specialist-Refiner,Refiner,0.4320338406871568
6971,0.002426731954357838,HOG8-ML04-H2-GPS-Sniper-Specialist-Refiner,Refiner,0.19074608448197347
7076,0.002421558466524704,HOG8-ML04-H2-GPS-Sniper-Specialist-Refiner,Refiner,0.2131874442846305
7095,0.0024212834019614786,HOG8-ML04-H2-GPS-Sniper-Specialist-Polisher,Polisher,0.01135898913976195
7105,0.0024187263998320776,HOG8-ML04-H2-GPS-Sniper-Specialist-Refiner,Refiner,0.10560523924335546
7115,0.002407691854495157,HOG8-ML04-H2-GPS-Sniper-Specialist-Refiner,Refiner,0.4562130440915812
7128,0.0024028991324398347,HOG8-ML04-H2-GPS-Sniper-Specialist-Refiner,Refiner,0.19905878098039012
7138,0.0023861554968211737,HOG8-ML04-H2-GPS-Sniper-Specialist-Exploiter,Exploiter,0.6968097575390129
7148,0.0023839201848926722,HOG8-ML04-H2-GPS-Sniper-Specialist-Refiner,Refiner,0.09367838481101931
7163,0.002370033273821239,HOG8-ML04-H2-GPS-Sniper-Specialist-Exploiter,Exploiter,0.5825241616492555
7173,0.002369792518797188,HOG8-ML04-H2-GPS-Sniper-Specialist-Polisher,Polisher,0.010158297215076457
7182,0.002364869185092773,HOG8-ML04-H2-GPS-Sniper-Specialist-Refiner,Refiner,0.20775378710848816
7192,0.0023594429192326993,HOG8-ML04-H2-GPS-Sniper-Specialist-Refiner,Refiner,0.22945310862346424
7198,0.002359346802746274,HOG8-ML04-H2-GPS-Sniper-Specialist-Polisher,Polisher,0.004073694075912395
7212,0.0023552064586339527,HOG8-ML04-H2-GPS-Sniper-Specialist-Refiner,Refiner,0.17548688083930203
7226,0.0023549040125614407,HOG8-ML04-H2-GPS-Sniper-Specialist-Polisher,Polisher,0.012841594901512423
7237,0.0023493881282613868,HOG8-ML04-H2-GPS-Sniper-Specialist-Refiner,Refiner,0.23422968709685574
7246,0.002345150390343182,HOG8-ML04-H2-GPS-Sniper-Specialist-Refiner,Refiner,0.1803762378479669
7256,0.002343963291743552,HOG8-ML04-H2-GPS-Sniper-Specialist-Refiner,Refiner,0.05061929522806409
7263,0.0023286229006158955,HOG8-ML04-H2-GPS-Sniper-Specialist-Exploiter,Exploiter,0.6544637956444187
7273,0.002320318283852625,HOG8-ML04-H2-GPS-Sniper-Specialist-Refiner,Refiner,0.35663210050343314
7286,0.0023188644702208322,HOG8-ML04-H2-GPS-Sniper-Specialist-Refiner,Refiner,0.06265578485115877
7296,0.002317872285848845,HOG8-ML04-H2-GPS-Sniper-Specialist-Polisher,Polisher,0.042787510211530974
7306,0.002316670353522939,HOG8-ML04-H2-GPS-Sniper-Specialist-Refiner,Refiner,0.051854984989636706
7315,0.002311209340938504,HOG8-ML04-H2-GPS-Sniper-Specialist-Refiner,Refiner,0.2357267867709675
7325,0.0023084930189768158,HOG8-ML04-H2-GPS-Sniper-Specialist-Refiner,Refiner,0.11752816646998478
7336,0.002303357759589099,HOG8-ML04-H2-GPS-Sniper-Specialist-Refiner,Refiner,0.22245072198628424
7345,0.002302976064440047,HOG8-ML04-H2-GPS-Sniper-Specialist-Polisher,Polisher,0.016571248971759687
7373,0.002295428008876522,HOG8-ML04-H2-GPS-Sniper-Specialist-Refiner,Refiner,0.32775223677196186
7388,0.0022897705681669263,HOG8-ML04-H2-GPS-Sniper-Specialist-Refiner,Refiner,0.24646561284945712
7406,0.0022830147019175543,HOG8-ML04-H2-GPS-Sniper-Specialist-Refiner,Refiner,0.2950455536154581
7420,0.002265904258779531,HOG8-ML04-H2-GPS-Sniper-Specialist-Exploiter,Exploiter,0.7494670587820613
7448,0.002264547872083187,HOG8-ML04-H2-GPS-Sniper-Specialist-Refiner,Refiner,0.059860724083481996
7464,0.0022597420960446847,HOG8-ML04-H2-GPS-Sniper-Specialist-Refiner,Refiner,0.21221790441026595
7483,0.002259283004129006,HOG8-ML04-H2-GPS-Sniper-Specialist-Polisher,Polisher,0.020316119989186237
7493,0.0022517523980953684,HOG8-ML04-H2-GPS-Sniper-Specialist-Refiner,Refiner,0.3333184032223932
7503,0.0022514073794498994,HOG8-ML04-H2-GPS-Sniper-Specialist-Polisher,Polisher,0.015322228401346479
7513,0.002246755330437286,HOG8-ML04-H2-GPS-Sniper-Specialist-Refiner,Refiner,0.20662848736642372
7522,0.0022421938099785313,HOG8-ML04-H2-GPS-Sniper-Specialist-Refiner,Refiner,0.20302702287867688
7526,0.002235048363263601,HOG8-ML04-H1-GPS-Sniper-Specialist-Refiner,Refiner,0.3186810472462558
7545,0.00221935323839903,HOG8-ML04-H1-GPS-Sniper-Specialist-Exploiter,Exploiter,0.7022275277145712
7557,0.0022177594390796126,HOG8-ML04-H1-GPS-Sniper-Specialist-Refiner,Refiner,0.07181368390761662
7568,0.0022115311767547507,HOG8-ML04-H1-GPS-Sniper-Specialist-Refiner,Refiner,0.2808357937796331
7585,0.0022020425828112563,HOG8-ML04-H1-GPS-Sniper-Specialist-Refiner,Refiner,0.4290508785599934
7593,0.0021997419681962635,HOG8-ML04-H1-GPS-Sniper-Specialist-Refiner,Refiner,0.10447639082690671
7613,0.00219760549101146,HOG8-ML04-H1-GPS-Sniper-Specialist-Refiner,Refiner,0.09712399070857795
7621,0.0021878311652973035,HOG8-ML04-H1-GPS-Sniper-Specialist-Refiner,Refiner,0.4447716277618889
7633,0.0021830858210804696,HOG8-ML04-H1-GPS-Sniper-Specialist-Refiner,Refiner,0.21689718530858493
7643,0.0021551995565596794,HOG8-ML04-H1-GPS-Sniper-Specialist-Exploiter,Exploiter,1.2773782987142732
7651,0.002152949552568292,HOG8-ML04-H1-GPS-Sniper-Specialist-Refiner,Refiner,0.10439887037556991
7663,0.0021482952476728056,HOG8-ML04-H1-GPS-Sniper-Specialist-Refiner,Refiner,0.21618271965239635
7673,0.002144991067363283,HOG8-ML04-H1-GPS-Sniper-Specialist-Refiner,Refiner,0.1538047581263254
7685,0.0021409293352349784,HOG8-ML04-H1-GPS-Sniper-Specialist-Refiner,Refiner,0.18935892974591903
7702,0.0021386961358132598,HOG8-ML04-H1-GPS-Sniper-Specialist-Refiner,Refiner,0.10430981466623412
7711,0.00213600027912115,HOG8-ML04-H2-GPS-Sniper-Specialist-Refiner,Refiner,0.1260514126792738
7716,0.0021343752942928423,HOG8-ML04-H1-GPS-Sniper-Specialist-Refiner,Refiner,0.07607605879978897
7725,0.00211832497128684,HOG8-ML04-H1-GPS-Sniper-Specialist-Exploiter,Exploiter,0.7519916037690088
7739,0.0021124719885766505,HOG8-ML04-H1-GPS-Sniper-Specialist-Refiner,Refiner,0.27630239880682217
7743,0.0021107640384963196,HOG8-ML04-H2-GPS-Sniper-Specialist-Refiner,Refiner,0.08085078001349977
7748,0.0021065302666440954,HOG8-ML04-H1-GPS-Sniper-Specialist-Refiner,Refiner,0.20058006366454553
7763,0.002101335643786873,HOG8-ML04-H1-GPS-Sniper-Specialist-Refiner,Refiner,0.24659616524276007
7770,0.00209800172931948,HOG8-ML04-H1-GPS-Sniper-Specialist-Refiner,Refiner,0.15865692266965156
7785,0.0020958611794551596,HOG8-ML04-H1-GPS-Sniper-Specialist-Refiner,Refiner,0.1020280314551948
7812,0.002083104819359259,HOG8-ML04-H1-GPS-Sniper-Specialist-Exploiter,Exploiter,0.6086452776999657
7822,0.0020789254214782717,HOG8-ML04-H2-GPS-Sniper-Specialist-Refiner,Refiner,0.20063310507211055
7835,0.0020698072232222284,HOG8-ML04-H1-GPS-Sniper-Specialist-Refiner,Refiner,0.4386015083484623
7866,0.0020643384193952835,HOG8-ML04-H1-GPS-Sniper-Specialist-Refiner,Refiner,0.26421802792006854
7877,0.002060369235653531,HOG8-ML04-H1-GPS-Sniper-Specialist-Refiner,Refiner,0.1922738880631482
7885,0.0020575026949253444,HOG8-ML04-H1-GPS-Sniper-Specialist-Refiner,Refiner,0.1391275252310387
7895,0.002051853613974672,HOG8-ML04-H2-GPS-Sniper-Specialist-Refiner,Refiner,0.2745600754062335
7912,0.0020474651141931676,HOG8-ML04-H2-GPS-Sniper-Specialist-Refiner,Refiner,0.21387976957106075
7917,0.0020451009192046085,HOG8-ML04-H2-GPS-Sniper-Specialist-Refiner,Refiner,0.11546936610398477
7929,0.0020399699733675263,HOG8-ML04-H2-GPS-Sniper-Specialist-Refiner,Refiner,0.25088961571039303
7937,0.002000760515766957,HOG8-ML04-H2-GPS-Sniper-Specialist-Exploiter,Exploiter,1.9220605260107648
7950,0.0019914686856002733,HOG8-ML04-H2-GPS-Sniper-Specialist-Refiner,Refiner,0.4644149109030979
7963,0.0019876334930032354,HOG8-ML04-H2-GPS-Sniper-Specialist-Refiner,Refiner,0.19258111487110366
7979,0.0019769052858440105,HOG8-ML04-H2-GPS-Sniper-Specialist-Exploiter,Exploiter,0.53974775515656
8003,0.0019724499758594556,HOG8-ML04-H2-GPS-Sniper-Specialist-Refiner,Refiner,0.22536790287617753
8014,0.001960437147769261,HOG8-ML04-H2-GPS-Sniper-Specialist-Exploiter,Exploiter,0.6090308112863649
8042,0.0019315767911086573,HOG8-ML04-H2-GPS-Sniper-Specialist-Exploiter,Exploiter,1.4721388386994867
8052,0.0019176277031401677,HOG8-ML04-H2-GPS-Sniper-Specialist-Exploiter,Exploiter,0.7221606737407149
8065,0.0019166811714760403,HOG8-ML04-H2-GPS-Sniper-Specialist-Polisher,Polisher,0.049359511367999036
8094,0.00190638029050997,HOG8-ML04-H2-GPS-Sniper-Specialist-Exploiter,Exploiter,0.5374332006474256
8107,0.001903253751149815,HOG8-ML04-H2-GPS-Sniper-Specialist-Refiner,Refiner,0.16400397002209294
8116,0.0019007930023828249,HOG8-ML04-H2-GPS-Sniper-Specialist-Refiner,Refiner,0.1292916809176682
8128,0.0018929105545173889,HOG8-ML04-H2-GPS-Sniper-Specialist-Refiner,Refiner,0.414692597013699
8136,0.0018892163578576528,HOG8-ML04-H2-GPS-Sniper-Specialist-Refiner,Refiner,0.19515959963982205
8151,0.0018838625029189606,HOG8-ML04-H2-GPS-Sniper-Specialist-Refiner,Refiner,0.2833902488946978
8169,0.0018819072347748466,HOG8-ML04-H2-GPS-Sniper-Specialist-Refiner,Refiner,0.10379038497153584
8187,0.0018815163927983281,HOG8-ML04-H2-GPS-Sniper-Specialist-Polisher,Polisher,0.02076839757541419
8198,0.0018771240228423617,HOG8-ML04-H2-GPS-Sniper-Specialist-Refiner,Refiner,0.23344840219190424
8213,0.00187211919790924,HOG8-ML04-H2-GPS-Sniper-Specialist-Refiner,Refiner,0.2666219638243887
8233,0.0018679413173035204,HOG8-ML04-H2-GPS-Sniper-Specialist-Refiner,Refiner,0.22316317307067846
8242,0.001866036038406511,HOG8-ML04-H2-GPS-Sniper-Specialist-Refiner,Refiner,0.10199886256382922
8251,0.001859657250297784,HOG8-ML04-H2-GPS-Sniper-Specialist-Refiner,Refiner,0.3418362763333383
8264,0.0018488443162157442,HOG8-ML04-H2-GPS-Sniper-Specialist-Exploiter,Exploiter,0.581447687755814
8272,0.001845252191798446,HOG8-ML04-H2-GPS-Sniper-Specialist-Refiner,Refiner,0.1942902593686578
8284,0.0018415932947025856,HOG8-ML04-H2-GPS-Sniper-Specialist-Refiner,Refiner,0.19828710200822564
8291,0.001838457345412268,HOG8-ML04-H2-GPS-Sniper-Specialist-Refiner,Refiner,0.1702845736536013
8303,0.0018357865885253928,HOG8-ML04-H2-GPS-Sniper-Specialist-Refiner,Refiner,0.14527162642853092
8308,0.0018346545798470187,HOG8-ML04-H2-GPS-Sniper-Specialist-Refiner,Refiner,0.06166341368052631
8315,0.001832213199116763,HOG8-ML04-H2-GPS-Sniper-Specialist-Refiner,Refiner,0.13307032054280304
8326,0.0018322016463351682,HOG8-ML04-H2-GPS-Sniper-Specialist-Polisher,Polisher,0.0006305369702847664
8337,0.0018285860560012265,HOG8-ML04-H2-GPS-Sniper-Specialist-Refiner,Refiner,0.19733583042967429
8347,0.001827644408357682,HOG8-ML04-H2-GPS-Sniper-Specialist-Refiner,Refiner,0.05149594357093853
8361,0.0018233607058288411,HOG8-ML04-H2-GPS-Sniper-Specialist-Refiner,Refiner,0.23438380623998456
8377,0.0018175769539162182,HOG8-ML04-H2-GPS-Sniper-Specialist-Refiner,Refiner,0.3172028383705823
8392,0.001812619540879379,HOG8-ML04-H2-GPS-Sniper-Specialist-Refiner,Refiner,0.27274845371238765
8403,0.0018091795884980616,HOG8-ML04-H2-GPS-Sniper-Specialist-Refiner,Refiner,0.1897779596731278
8413,0.0018077713364059492,HOG8-ML04-H2-GPS-Sniper-Specialist-Refiner,Refiner,0.0778392648836772
8422,0.0018074260939132535,HOG8-ML04-H2-GPS-Sniper-Specialist-Polisher,Polisher,0.01909768595967056
8435,0.0017902245332428951,HOG8-ML04-H2-GPS-Sniper-Specialist-Exploiter,Exploiter,0.9517158531840871
8456,0.0017898201947974437,HOG8-ML04-H2-GPS-Sniper-Specialist-Polisher,Polisher,0.02258590684817548
8465,0.0017889656133223682,HOG8-ML04-H2-GPS-Sniper-Specialist-Polisher,Polisher,0.047746778003712895
8475,0.001788637918752278,HOG8-ML04-H2-GPS-Sniper-Specialist-Polisher,Polisher,0.018317544375909198
8487,0.0017785655439327426,HOG8-ML04-H2-GPS-Sniper-Specialist-Exploiter,Exploiter,0.5631310123717952
8495,0.001776147292930877,HOG8-ML04-H2-GPS-Sniper-Specialist-Refiner,Refiner,0.13596636964630834
8505,0.0017701923992928363,HOG8-ML04-H2-GPS-Sniper-Specialist-Refiner,Refiner,0.33527025949601563
8517,0.0017588942628815184,HOG8-ML04-H2-GPS-Sniper-Specialist-Exploiter,Exploiter,0.6382434144351368
8528,0.001756451745784062,HOG8-ML04-H2-GPS-Sniper-Specialist-Refiner,Refiner,0.13886662484503393
8536,0.0017523605744130298,HOG8-ML04-H2-GPS-Sniper-Specialist-Refiner,Refiner,0.23292250304353296
8547,0.0017514329367513846,HOG8-ML04-H2-GPS-Sniper-Specialist-Refiner,Refiner,0.05293646040604143
8556,0.0017489214296014654,HOG8-ML04-H2-GPS-Sniper-Specialist-Refiner,Refiner,0.14339727757876194
8571,0.0017485465837952974,HOG8-ML04-H2-GPS-Sniper-Specialist-Polisher,Polisher,0.021432970047910862
8586,0.0017406754523344482,HOG8-ML04-H2-GPS-Sniper-Specialist-Refiner,Refiner,0.4501528031220375
8615,0.0017319921539845223,HOG8-ML04-H2-GPS-Sniper-Specialist-Refiner,Refiner,0.49884648733803955
8635,0.001726249968835299,HOG8-ML04-H2-GPS-Sniper-Specialist-Refiner,Refiner,0.33153644120230397
8643,0.001720900455862363,HOG8-ML04-H2-GPS-Sniper-Specialist-Refiner,Refiner,0.3098921401600445
8656,0.0017160772495978546,HOG8-ML04-H2-GPS-Sniper-Specialist-Refiner,Refiner,0.28027224050513044
8666,0.0017153514890747316,HOG8-ML04-H2-GPS-Sniper-Specialist-Polisher,Polisher,0.04229183291679319
8678,0.0017067243353910387,HOG8-ML04-H2-GPS-Sniper-Specialist-Exploiter,Exploiter,0.50293795403684
8688,0.001705316285684955,HOG8-ML04-H2-GPS-Sniper-Specialist-Refiner,Refiner,0.08250012476450067
8698,0.0017020914538261277,HOG8-ML04-H2-GPS-Sniper-Specialist-Refiner,Refiner,0.18910461865037576
8713,0.0017020479918752967,HOG8-ML04-H2-GPS-Sniper-Specialist-Polisher,Polisher,0.0025534439253145523
8722,0.0016993934699806356,HOG8-ML04-H2-GPS-Sniper-Specialist-Refiner,Refiner,0.15596046100535532
8727,0.0016950683994976267,HOG8-ML04-H2-GPS-Sniper-Specialist-Refiner,Refiner,0.2545067142724842
8742,0.0016892991991207282,HOG8-ML04-H2-GPS-Sniper-Specialist-Refiner,Refiner,0.34035206948630364
8751,0.0016892990024833404,HOG8-ML04-H2-GPS-Sniper-Specialist-Polisher,Polisher,1.1640175280884988E-05
8767,0.0016880879598129216,HOG8-ML04-H2-GPS-Sniper-Specialist-Refiner,Refiner,0.07168906562061786
8778,0.0016804340852118846,HOG8-ML04-H2-GPS-Sniper-Specialist-Refiner,Refiner,0.45340496367767813
8791,0.0016802862237885602,HOG8-ML04-H2-GPS-Sniper-Specialist-Polisher,Polisher,0.008799001676151795
8813,0.0016789372063892509,HOG8-ML04-H2-GPS-Sniper-Specialist-Refiner,Refiner,0.08028497646476329
8822,0.0016742927300203117,HOG8-ML04-H2-GPS-Sniper-Specialist-Refiner,Refiner,0.2766319282975221
8832,0.00167310627620464,HOG8-ML04-H2-GPS-Sniper-Specialist-Refiner,Refiner,0.07086298556987139
8843,0.0016685151899670258,HOG8-ML04-H2-GPS-Sniper-Specialist-Refiner,Refiner,0.2744049378637738
8855,0.0016639915188101954,HOG8-ML04-H2-GPS-Sniper-Specialist-Refiner,Refiner,0.2711195669078565
8872,0.0016625784368768674,HOG8-ML00-H1-GPS-GradientEstimation-Escape-Specialist-Refiner,Refiner,0.08492122209483251
8886,0.0016569329014856228,HOG8-ML04-H2-GPS-Sniper-Specialist-Refiner,Refiner,0.3395650554598632
8927,0.0016566161453706644,HOG8-ML04-H2-GPS-Sniper-Specialist-Polisher,Polisher,0.019117015219770602
8938,0.0016554935046845902,HOG8-ML04-H2-GPS-Sniper-Specialist-Refiner,Refiner,0.06776709796118677
8952,0.001655488466723937,HOG8-ML04-H2-GPS-Sniper-Specialist-Polisher,Polisher,0.0003043177541318178
8957,0.0016529992451597285,HOG8-ML04-H2-GPS-Sniper-Specialist-Refiner,Refiner,0.15036175813017788
8966,0.0016517741385992067,HOG8-ML04-H2-GPS-Sniper-Specialist-Refiner,Refiner,0.07411416333728618
8983,0.0016495528436806018,HOG8-ML04-H2-GPS-Sniper-Specialist-Refiner,Refiner,0.13447933750123203
8998,0.0016457563673340032,HOG8-ML04-H2-GPS-Sniper-Specialist-Refiner,Refiner,0.2301518475835921
9012,0.0016433913990335205,HOG8-ML04-H2-GPS-Sniper-Specialist-Refiner,Refiner,0.14370099654019589
9018,0.0016338544542840627,HOG8-ML04-H2-GPS-Sniper-Specialist-Exploiter,Exploiter,0.5803209603668656
9028,0.0016331381408755943,HOG8-ML04-H2-GPS-Sniper-Specialist-Polisher,Polisher,0.043841935038352424
9043,0.0016317186647865274,HOG8-ML04-H2-GPS-Sniper-Specialist-Refiner,Refiner,0.08691708640800586
9052,0.001629545334835676,HOG8-ML04-H2-GPS-Sniper-Specialist-Refiner,Refiner,0.13319268803827497
9060,0.0016205806826567752,HOG8-ML04-H2-GPS-Sniper-Specialist-Exploiter,Exploiter,0.5501321127592136
9072,0.001618181223850339,HOG8-ML04-H2-GPS-Sniper-Specialist-Refiner,Refiner,0.14806166901252155
9089,0.001607271384054944,HOG8-ML04-H2-GPS-Sniper-Specialist-Exploiter,Exploiter,0.6742038304854324
9103,0.0016070671481221396,HOG8-ML04-H2-GPS-Sniper-Specialist-Polisher,Polisher,0.012706997388906465
9117,0.0016068031340985215,HOG8-ML04-H2-GPS-Sniper-Specialist-Polisher,Polisher,0.016428313149610765
9128,0.0016065288005833042,HOG8-ML04-H2-GPS-Sniper-Specialist-Polisher,Polisher,0.0170732499455377
9136,0.0016052545787931215,HOG8-ML04-H2-GPS-Sniper-Specialist-Refiner,Refiner,0.07931521611813214
9148,0.0015951858515077105,HOG8-ML04-H2-GPS-Sniper-Specialist-Exploiter,Exploiter,0.6272355437217264
9158,0.0015951852165560793,HOG8-ML04-H2-GPS-Sniper-Specialist-Polisher,Polisher,3.980424165645764E-05
9178,0.0015935291967545035,HOG8-ML04-H2-GPS-Sniper-Specialist-Refiner,Refiner,0.10381363771356009
9187,0.001592194748889644,HOG8-ML04-H2-GPS-Sniper-Specialist-Refiner,Refiner,0.08374166394800724
9200,0.0015865242045428798,HOG8-ML04-H2-GPS-Sniper-Specialist-Refiner,Refiner,0.3561464042460075
9211,0.0015862225092486719,HOG8-ML04-H2-GPS-Sniper-Specialist-Polisher,Polisher,0.019016116699892775
9223,0.0015860412690039702,HOG8-ML04-H2-GPS-Sniper-Specialist-Polisher,Polisher,0.011425902964112215
9232,0.001581770648492551,HOG8-ML04-H2-GPS-Sniper-Specialist-Refiner,Refiner,0.2692628870937959
9241,0.001581759238791375,HOG8-ML04-H2-GPS-Sniper-Specialist-Polisher,Polisher,0.0007213246235741148
9262,0.0015785999920561503,HOG8-ML04-H2-GPS-Sniper-Specialist-Refiner,Refiner,0.19972993725888774
9282,0.0015785665552833128,HOG8-ML04-H2-GPS-Sniper-Specialist-Polisher,Polisher,0.002118128278585716
9294,0.001578062273088199,HOG8-ML04-H2-GPS-Sniper-Specialist-Polisher,Polisher,0.03194557704431121
9303,0.0015719419438301907,HOG8-ML04-H2-GPS-Sniper-Specialist-Refiner,Refiner,0.38783825976848774
9308,0.001567903158730731,HOG8-ML04-H2-GPS-Sniper-Specialist-Refiner,Refiner,0.25692966049488875
9323,0.0015582864482051157,HOG8-ML04-H2-GPS-Sniper-Specialist-Exploiter,Exploiter,0.613348501281191
9342,0.0015582094933808627,HOG8-ML04-H2-GPS-Sniper-Specialist-Polisher,Polisher,0.004938426073179164
9356,0.0015518750997896695,HOG8-ML04-H2-GPS-Sniper-Specialist-Refiner,Refiner,0.40651745597117767
9363,0.0015515879313483531,HOG8-ML04-H2-GPS-Sniper-Specialist-Polisher,Polisher,0.01850461041324963
9372,0.0015479886885870564,HOG8-ML04-H2-GPS-Sniper-Specialist-Refiner,Refiner,0.23197156207375946
9383,0.001547890697964963,HOG8-ML04-H2-GPS-Sniper-Specialist-Polisher,Polisher,0.006330189801503835
9393,0.001547549093390953,HOG8-ML04-H2-GPS-Sniper-Specialist-Polisher,Polisher,0.02206903720392951
9403,0.0015442667603946334,HOG8-ML04-H2-GPS-Sniper-Specialist-Refiner,Refiner,0.21209879611169136
9415,0.0015363173324095657,HOG8-ML04-H2-GPS-Sniper-Specialist-Exploiter,Exploiter,0.5147703874061382
9426,0.001536067309945165,HOG8-ML04-H2-GPS-Sniper-Specialist-Polisher,Polisher,0.016274142010015556
9432,0.001535076671974416,HOG8-ML04-H2-GPS-Sniper-Specialist-Refiner,Refiner,0.06449183341999956
9442,0.00153183899070088,HOG8-ML04-H2-GPS-Sniper-Specialist-Refiner,Refiner,0.21091332652275024
9457,0.0015318124257572316,HOG8-ML04-H2-GPS-Sniper-Specialist-Polisher,Polisher,0.0017341864131767523
9465,0.0015310948185791565,HOG8-ML04-H2-GPS-Sniper-Specialist-Polisher,Polisher,0.04684693543469232
9475,0.0015226969193735626,HOG8-ML04-H2-GPS-Sniper-Specialist-Exploiter,Exploiter,0.5484898194213154
9499,0.001519867069977632,HOG8-ML04-H2-GPS-Sniper-Specialist-Refiner,Refiner,0.18584456039319544
9507,0.0015198258089944372,HOG8-ML04-H2-GPS-Sniper-Specialist-Polisher,Polisher,0.002714775785977222
9518,0.0015196425988499608,HOG8-ML04-H2-GPS-Sniper-Specialist-Polisher,Polisher,0.01205468043720381
9528,0.0015181858180231224,HOG8-ML04-H2-GPS-Sniper-Specialist-Refiner,Refiner,0.09586338445243132
9538,0.0015159123328338316,HOG8-ML04-H2-GPS-Sniper-Specialist-Refiner,Refiner,0.14975012691471123
9551,0.0015122491240921782,HOG8-ML04-H2-GPS-Sniper-Specialist-Refiner,Refiner,0.24165043467952005
9586,0.0015083498446278138,HOG8-ML04-H2-GPS-Sniper-Specialist-Refiner,Refiner,0.2578463695064206
9625,0.0015077532475248113,HOG8-ML04-H2-GPS-Sniper-Specialist-Polisher,Polisher,0.039552966119059035
9638,0.0015060520925379423,HOG8-ML04-H2-GPS-Sniper-Specialist-Refiner,Refiner,0.11282714792103613
9656,0.001504474867859997,HOG8-ML04-H2-GPS-Sniper-Specialist-Refiner,Refiner,0.10472577182157256
9666,0.0015043713656574943,HOG8-ML04-H2-GPS-Sniper-Specialist-Polisher,Polisher,0.006879623230256641
9675,0.0015038143038673285,HOG8-ML04-H2-GPS-Sniper-Specialist-Polisher,Polisher,0.037029539572656436
9687,0.001503813251204379,HOG8-ML04-H2-GPS-Sniper-Specialist-Polisher,Polisher,6.99995303091789E-05
9698,0.0014971580592808864,HOG8-ML04-H2-GPS-Sniper-Specialist-Refiner,Refiner,0.44255441413105207
9707,0.0014962489783297978,HOG8-ML04-H2-GPS-Sniper-Specialist-Refiner,Refiner,0.06072043933192035
9721,0.001494949661063399,HOG8-ML04-H2-GPS-Sniper-Specialist-Refiner,Refiner,0.08683830600499635
9728,0.0014911138859708796,HOG8-ML04-H2-GPS-Sniper-Specialist-Refiner,Refiner,0.25658222429984456
9742,0.0014905918184256036,HOG8-ML04-H2-GPS-Sniper-Specialist-Polisher,Polisher,0.035011916271980026
9748,0.0014904633489355597,HOG8-ML04-H2-GPS-Sniper-Specialist-Polisher,Polisher,0.008618690137424957
9759,0.0014860614156145388,HOG8-ML04-H2-GPS-Sniper-Specialist-Refiner,Refiner,0.2953399239347064
9768,0.001484655273146377,HOG8-ML04-H2-GPS-Sniper-Specialist-Refiner,Refiner,0.094622096596214
9780,0.0014778635338501618,HOG8-ML04-H2-GPS-Sniper-Specialist-Refiner,Refiner,0.45746237655705757
9793,0.0014778447880763527,HOG8-ML04-H2-GPS-Sniper-Specialist-Polisher,Polisher,0.0012684374016765179
9803,0.0014777867053059259,HOG8-ML04-H2-GPS-Sniper-Specialist-Polisher,Polisher,0.003930234818667726
9807,0.0014777578791989258,HOG8-ML04-H2-GPS-Sniper-Specialist-Polisher,Polisher,0.001950627035457125
9823,0.0014766550180259478,HOG8-ML04-H2-GPS-Sniper-Specialist-Refiner,Refiner,0.07463070835229325
9833,0.001473187945126991,HOG8-ML04-H2-GPS-Sniper-Specialist-Refiner,Refiner,0.2347923419236954
9840,0.001470480408073564,HOG8-ML04-H2-GPS-Sniper-Specialist-Refiner,Refiner,0.1837876193857616
9852,0.0014676877075080548,HOG8-ML04-H2-GPS-Sniper-Specialist-Refiner,Refiner,0.1899175636870832
9867,0.001464814412689729,HOG8-ML04-H2-GPS-Sniper-Specialist-Refiner,Refiner,0.1957701766954426
9886,0.001462620899870868,HOG8-ML04-H2-GPS-Sniper-Specialist-Refiner,Refiner,0.14974680750398411
9906,0.0014606487913107666,HOG8-ML04-H2-GPS-Sniper-Specialist-Refiner,Refiner,0.13483388349471725
9945,0.0014592043547338807,HOG8-ML04-H2-GPS-Sniper-Specialist-Refiner,Refiner,0.09889006758357843
9952,0.0014589648250818957,HOG8-ML04-H2-GPS-Sniper-Specialist-Polisher,Polisher,0.016415086153486923
9961,0.0014584794340969558,HOG8-ML04-H2-GPS-Sniper-Specialist-Polisher,Polisher,0.03326954677695166
9972,0.0014573315635751296,HOG8-ML04-H2-GPS-Sniper-Specialist-Refiner,Refiner,0.07870323674032198
9983,0.0014509610853418733,HOG8-ML04-H2-GPS-Sniper-Specialist-Refiner,Refiner,0.4371330720119866
9991,0.0014507350925113973,HOG8-ML04-H2-GPS-Sniper-Specialist-Polisher,Polisher,0.015575388806706137
10002,0.0014506743659552426,HOG8-ML04-H2-GPS-Sniper-Specialist-Polisher,Polisher,0.00418591626191395
10013,0.001448891234682489,HOG8-ML04-H2-GPS-Sniper-Specialist-Refiner,Refiner,0.12291740411221452
10017,0.0014411738844952579,HOG8-ML04-H2-GPS-Sniper-Specialist-Exploiter,Exploiter,0.5326383376818731
10032,0.0014400577998530614,HOG8-ML04-H2-GPS-Sniper-Specialist-Refiner,Refiner,0.07744274679160991
10043,0.00143116905496618,HOG8-ML04-H2-GPS-Sniper-Specialist-Exploiter,Exploiter,0.6172491748448153
10050,0.001415454168662429,HOG8-ML04-H2-GPS-Sniper-Specialist-Exploiter,Exploiter,1.0980454230211287
10063,0.0014063911634626678,HOG8-ML04-H2-GPS-Sniper-Specialist-Exploiter,Exploiter,0.640289555141559
10068,0.0013986128579057922,HOG8-ML04-H2-GPS-Sniper-Specialist-Exploiter,Exploiter,0.5530684320942846
10080,0.0013874831200058192,HOG8-ML04-H2-GPS-Sniper-Specialist-Exploiter,Exploiter,0.7957697397861834
10093,0.0013874115974629921,HOG8-ML04-H2-GPS-Sniper-Specialist-Polisher,Polisher,0.0051548405739722395
10103,0.0013831697566029405,HOG8-ML04-H2-GPS-Sniper-Specialist-Refiner,Refiner,0.30573773981767177
10110,0.001381127930814068,HOG8-ML04-H2-GPS-Sniper-Specialist-Refiner,Refiner,0.14761931998045302
10000,0.001381127930814068,Final,Final,0
