TimeMs,BestQuality,Source,Role,DeltaPct
7,155564.1459776421,HOG8-ML00-H1-GPS-GradientEstimation-Escape-Specialist-Global Explorer,Global Explorer,100
7,64274.044634029095,HOG8-ML00-H1-GPS-GradientEstimation-Escape-Specialist-Global Explorer,Global Explorer,58.68325298859889
14,303.0051705395224,HOG8-ML00-H1-GPS-GradientEstimation-Escape-Specialist-Global Explorer,Global Explorer,99.52857304645319
14,223.48638131095515,HOG8-ML06-H2-GPS-Spray-Specialist-Local Explorer,Local Explorer,26.243376998147706
23,84.00571422678422,HOG8-ML06-H1-GPS-Spray-Specialist-Global Explorer,Global Explorer,62.411260259344346
33,46.05372560918071,HOG8-ML06-H2-GPS-Spray-Specialist-Local Explorer,Local Explorer,45.17786553798857
44,32.123158898525574,HOG8-ML06-H2-GPS-Spray-Specialist-Local Explorer,Local Explorer,30.248511985484424
54,26.58233897446908,HOG8-ML06-H2-GPS-Spray-Specialist-Local Explorer,Local Explorer,17.248677010749436
64,23.774287441777773,HOG8-ML06-H1-GPS-Spray-Specialist-Local Explorer,Local Explorer,10.563598392858854
76,22.401407086996954,HOG8-ML06-H1-GPS-Spray-Specialist-Local Explorer,Local Explorer,5.774643543546549
85,20.96105514619747,HOG8-ML06-H1-GPS-Spray-Specialist-Local Explorer,Local Explorer,6.429738699920979
90,20.74615773158704,HOG8-ML06-H1-GPS-Spray-Specialist-Exploiter,Exploiter,1.0252223140084362
99,20.47079914700349,HOG8-ML06-H1-GPS-Spray-Specialist-Exploiter,Exploiter,1.3272750942421656
109,20.082689708379263,HOG8-ML06-H1-GPS-Spray-Specialist-Exploiter,Exploiter,1.8959173788827788
121,19.624073400817338,HOG8-ML06-H1-GPS-Spray-Specialist-Exploiter,Exploiter,2.2836398620976213
130,19.43486832287563,HOG8-ML06-H1-GPS-Spray-Specialist-Exploiter,Exploiter,0.964147830459232
139,19.28800572618421,HOG8-ML06-H1-GPS-Spray-Specialist-Exploiter,Exploiter,0.755665509287537
150,19.202334017038137,HOG8-ML06-H1-GPS-Spray-Specialist-Refiner,Refiner,0.44417090269612675
160,19.168627257808676,HOG8-ML06-H1-GPS-Spray-Specialist-Refiner,Refiner,0.17553469906081395
171,19.081322437877386,HOG8-ML06-H1-GPS-Spray-Specialist-Refiner,Refiner,0.45545681887953304
179,19.02845900509477,HOG8-ML06-H1-GPS-Spray-Specialist-Refiner,Refiner,0.27704281479819676
190,19.011290991719456,HOG8-ML06-H1-GPS-Spray-Specialist-Refiner,Refiner,0.09022282556206092
200,18.98360317253162,HOG8-ML06-H1-GPS-Spray-Specialist-Refiner,Refiner,0.14563881642701546
210,18.92326115858276,HOG8-ML06-H1-GPS-Spray-Specialist-Refiner,Refiner,0.3178638607246619
224,18.91282882593558,HOG8-ML06-H1-GPS-Spray-Specialist-Refiner,Refiner,0.05512967643237877
229,18.904752219529037,HOG8-ML06-H1-GPS-Spray-Specialist-Polisher,Polisher,0.04270438061316342
241,18.890611674596826,HOG8-ML06-H1-GPS-Spray-Specialist-Refiner,Refiner,0.07479889060700423
249,18.88979950482325,HOG8-ML06-H1-GPS-Spray-Specialist-Polisher,Polisher,0.004299330204679043
260,18.871505802770095,HOG8-ML06-H1-GPS-Spray-Specialist-Refiner,Refiner,0.09684434209312696
269,18.85768686081532,HOG8-ML06-H1-GPS-Spray-Specialist-Refiner,Refiner,0.07322649341922596
280,18.855256354354953,HOG8-ML06-H1-GPS-Spray-Specialist-Polisher,Polisher,0.012888677589708743
290,18.843036371646164,HOG8-ML06-H1-GPS-Spray-Specialist-Refiner,Refiner,0.06480942225941452
304,18.839549352179468,HOG8-ML06-H1-GPS-Spray-Specialist-Polisher,Polisher,0.018505613415593394
313,18.832056906042574,HOG8-ML06-H1-GPS-Spray-Specialist-Polisher,Polisher,0.03976977366513778
324,18.813456839623683,HOG8-ML06-H1-GPS-Spray-Specialist-Refiner,Refiner,0.09876810861230388
333,18.807653557616504,HOG8-ML06-H1-GPS-Spray-Specialist-Polisher,Polisher,0.030846441760539328
345,18.79100704976554,HOG8-ML06-H1-GPS-Spray-Specialist-Refiner,Refiner,0.08850922205669429
360,18.771625370051805,HOG8-ML06-H1-GPS-Spray-Specialist-Refiner,Refiner,0.1031433795027872
369,18.768108491814306,HOG8-ML06-H1-GPS-Spray-Specialist-Polisher,Polisher,0.018735075776170937
379,18.767833985290824,HOG8-ML06-H1-GPS-Spray-Specialist-Polisher,Polisher,0.001462622211511927
386,18.759917306228402,HOG8-ML06-H1-GPS-Spray-Specialist-Polisher,Polisher,0.042182166938532994
403,18.75712002044216,HOG8-ML06-H1-GPS-Spray-Specialist-Polisher,Polisher,0.0149109707712571
405,18.754824064439738,HOG8-ML06-H1-GPS-Spray-Specialist-Polisher,Polisher,0.012240450559138525
420,18.734704026637147,HOG8-ML06-H1-GPS-Spray-Specialist-Refiner,Refiner,0.10727926710195287
429,18.733439979086388,HOG8-ML06-H1-GPS-Spray-Specialist-Polisher,Polisher,0.006747091114765331
440,18.716474212004982,HOG8-ML06-H1-GPS-Spray-Specialist-Refiner,Refiner,0.0905640773949986
449,18.713169160427384,HOG8-ML06-H1-GPS-Spray-Specialist-Polisher,Polisher,0.017658515915772235
460,18.712565097025617,HOG8-ML06-H1-GPS-Spray-Specialist-Polisher,Polisher,0.0032280122975853896
470,18.70654392868101,HOG8-ML06-H1-GPS-Spray-Specialist-Polisher,Polisher,0.03217714040478278
479,18.688918480367192,HOG8-ML06-H1-GPS-Spray-Specialist-Refiner,Refiner,0.09422076242953285
489,18.688389125859434,HOG8-ML06-H1-GPS-Spray-Specialist-Polisher,Polisher,0.0028324512641786817
500,18.668961807451787,HOG8-ML06-H1-GPS-Spray-Specialist-Refiner,Refiner,0.10395394850145387
511,18.662087773977326,HOG8-ML06-H1-GPS-Spray-Specialist-Polisher,Polisher,0.036820652082091496
524,18.638848630642492,HOG8-ML06-H1-GPS-Spray-Specialist-Refiner,Refiner,0.12452595666835838
530,18.63444569853025,HOG8-ML06-H1-GPS-Spray-Specialist-Polisher,Polisher,0.02362233955269009
544,18.632713976589823,HOG8-ML06-H1-GPS-Spray-Specialist-Polisher,Polisher,0.009293122899617605
550,18.617470768292325,HOG8-ML06-H1-GPS-Spray-Specialist-Refiner,Refiner,0.08180884607926603
563,18.61679523242447,HOG8-ML06-H1-GPS-Spray-Specialist-Polisher,Polisher,0.0036285050545457782
574,18.614877658615573,HOG8-ML06-H1-GPS-Spray-Specialist-Polisher,Polisher,0.010300235808343241
583,18.59925671100602,HOG8-ML06-H1-GPS-Spray-Specialist-Refiner,Refiner,0.08391646668879406
594,18.597297012032175,HOG8-ML06-H1-GPS-Spray-Specialist-Polisher,Polisher,0.01053643704313006
603,18.596900120137963,HOG8-ML06-H1-GPS-Spray-Specialist-Polisher,Polisher,0.002134137525229179
613,18.594311597686584,HOG8-ML06-H1-GPS-Spray-Specialist-Polisher,Polisher,0.013919107134292131
623,18.590878939397193,HOG8-ML06-H1-GPS-Spray-Specialist-Polisher,Polisher,0.0184607979239101
639,18.58480348254995,HOG8-ML06-H1-GPS-Spray-Specialist-Polisher,Polisher,0.03267977198413655
649,18.582361027469837,HOG8-ML06-H1-GPS-Spray-Specialist-Polisher,Polisher,0.013142216340396806
654,18.58189672632222,HOG8-ML06-H1-GPS-Spray-Specialist-Polisher,Polisher,0.0024986122427060405
664,18.57645392906573,HOG8-ML06-H1-GPS-Spray-Specialist-Polisher,Polisher,0.029290859467442427
679,18.56161822580526,HOG8-ML06-H1-GPS-Spray-Specialist-Refiner,Refiner,0.07986294540990793
685,18.55911179475922,HOG8-ML06-H1-GPS-Spray-Specialist-Polisher,Polisher,0.013503300280982667
700,18.550740640070288,HOG8-ML06-H1-GPS-Spray-Specialist-Polisher,Polisher,0.045105362700050576
709,18.530571927919553,HOG8-ML06-H1-GPS-Spray-Specialist-Refiner,Refiner,0.10872187015093955
719,18.52617249832646,HOG8-ML06-H1-GPS-Spray-Specialist-Polisher,Polisher,0.023741466859230648
749,18.52515758911931,HOG8-ML06-H1-GPS-Spray-Specialist-Polisher,Polisher,0.005478245478075753
760,18.524671116616823,HOG8-ML06-H1-GPS-Spray-Specialist-Polisher,Polisher,0.0026260100630564843
769,18.48656875345366,HOG8-ML06-H1-GPS-Spray-Specialist-Refiner,Refiner,0.2056844244267519
779,18.485931881202596,HOG8-ML06-H1-GPS-Spray-Specialist-Polisher,Polisher,0.003445053863472453
790,18.48523689121411,HOG8-ML06-H1-GPS-Spray-Specialist-Polisher,Polisher,0.0037595615571420654
803,18.48508462187882,HOG8-ML06-H1-GPS-Spray-Specialist-Polisher,Polisher,0.0008237348333044594
813,18.484220103718833,HOG8-ML06-H1-GPS-Spray-Specialist-Polisher,Polisher,0.004676841776330131
823,18.481618771697427,HOG8-ML06-H1-GPS-Spray-Specialist-Polisher,Polisher,0.014073258199748775
830,17.112007642838613,HOG8-ML03-H1-GPS-JADE-Specialist-Local Explorer,Local Explorer,7.410666488566594
841,16.675854734605124,HOG8-ML03-H1-GPS-JADE-Specialist-Exploiter,Exploiter,2.548812023328067
850,16.194115134240093,HOG8-ML03-H1-GPS-JADE-Specialist-Exploiter,Exploiter,2.888845027927373
862,15.54705673334083,HOG8-ML03-H1-GPS-JADE-Specialist-Exploiter,Exploiter,3.9956391290015776
871,15.069483248213986,HOG8-ML03-H1-GPS-JADE-Specialist-Exploiter,Exploiter,3.07179354470793
881,14.88665123343305,HOG8-ML03-H1-GPS-JADE-Specialist-Exploiter,Exploiter,1.2132600154196116
895,14.800606321551035,HOG8-ML03-H1-GPS-JADE-Specialist-Exploiter,Exploiter,0.5780004551243291
904,14.79235702327871,HOG8-ML03-H1-GPS-JADE-Specialist-Refiner,Refiner,0.055736218456898634
913,14.77912903470475,HOG8-ML03-H1-GPS-JADE-Specialist-Refiner,Refiner,0.08942448152882175
925,13.636040152424004,HOG8-ML03-H1-GPS-JADE-Specialist-Local Explorer,Local Explorer,7.734480696369282
935,13.421684986631195,HOG8-ML03-H1-GPS-JADE-Specialist-Exploiter,Exploiter,1.5719751731202076
944,13.142658455867984,HOG8-ML03-H1-GPS-JADE-Specialist-Exploiter,Exploiter,2.078923257706751
955,13.036706677026249,HOG8-ML03-H1-GPS-JADE-Specialist-Exploiter,Exploiter,0.8061670262337943
964,12.98342924406749,HOG8-ML03-H1-GPS-JADE-Specialist-Refiner,Refiner,0.4086724836161697
975,12.860096555145287,HOG8-ML03-H1-GPS-JADE-Specialist-Exploiter,Exploiter,0.9499238344796964
984,12.830759229476932,HOG8-ML03-H1-GPS-JADE-Specialist-Refiner,Refiner,0.22812679160341665
999,12.820008660695873,HOG8-ML03-H1-GPS-JADE-Specialist-Refiner,Refiner,0.08378747187743515
1019,12.809225799328427,HOG8-ML03-H1-GPS-JADE-Specialist-Refiner,Refiner,0.08410962623218982
1029,12.681562058308444,HOG8-ML03-H1-GPS-JADE-Specialist-Exploiter,Exploiter,0.9966546223791019
1039,12.657281454671173,HOG8-ML03-H1-GPS-JADE-Specialist-Refiner,Refiner,0.19146382382258068
1050,12.470266486229324,HOG8-ML03-H1-GPS-JADE-Specialist-Exploiter,Exploiter,1.4775287182448726
1059,12.457882312819839,HOG8-ML03-H1-GPS-JADE-Specialist-Refiner,Refiner,0.09930961317595377
1069,12.445606107898545,HOG8-ML03-H1-GPS-JADE-Specialist-Refiner,Refiner,0.09854166713921535
1080,12.413632634519642,HOG8-ML03-H1-GPS-JADE-Specialist-Refiner,Refiner,0.25690571517132604
1099,12.394506998998917,HOG8-ML03-H1-GPS-JADE-Specialist-Refiner,Refiner,0.15406961107855321
1190,12.390251118367031,HOG8-ML03-H1-GPS-JADE-Specialist-Polisher,Polisher,0.034336828663132306
1201,12.38793499678219,HOG8-ML03-H1-GPS-JADE-Specialist-Polisher,Polisher,0.01869309639259075
1211,12.385403489797365,HOG8-ML03-H1-GPS-JADE-Specialist-Polisher,Polisher,0.020435262095600593
1231,12.381312940173775,HOG8-ML03-H1-GPS-JADE-Specialist-Polisher,Polisher,0.033027180963142874
1264,12.379079698776152,HOG8-ML03-H1-GPS-JADE-Specialist-Polisher,Polisher,0.01803719369999965
1274,12.37904321691439,HOG8-ML03-H1-GPS-JADE-Specialist-Polisher,Polisher,0.0002947057669096766
1284,12.375725465172529,HOG8-ML03-H1-GPS-JADE-Specialist-Polisher,Polisher,0.026801358422656518
1319,12.375645022665603,HOG8-ML03-H1-GPS-JADE-Specialist-Polisher,Polisher,0.0006500023546274351
1379,12.375458056001392,HOG8-ML03-H1-GPS-JADE-Specialist-Polisher,Polisher,0.001510762985434033
1390,12.372544593494336,HOG8-ML03-H1-GPS-JADE-Specialist-Polisher,Polisher,0.023542259962194202
1399,12.372170704757774,HOG8-ML03-H1-GPS-JADE-Specialist-Polisher,Polisher,0.0030219227236247584
1464,12.372139758807787,HOG8-ML03-H1-GPS-JADE-Specialist-Polisher,Polisher,0.00025012546889226233
1504,12.372105343762104,HOG8-ML03-H1-GPS-JADE-Specialist-Polisher,Polisher,0.0002781656718521827
1519,12.364564914695336,HOG8-ML03-H1-GPS-JADE-Specialist-Refiner,Refiner,0.06094701635053771
1549,12.35390450208601,HOG8-ML03-H1-GPS-JADE-Specialist-Refiner,Refiner,0.08621745029342671
1560,12.35348058449864,HOG8-ML03-H1-GPS-JADE-Specialist-Polisher,Polisher,0.003431446206320276
1570,12.350797335795436,HOG8-ML03-H1-GPS-JADE-Specialist-Polisher,Polisher,0.02172058866204798
1580,12.350235586861688,HOG8-ML03-H1-GPS-JADE-Specialist-Polisher,Polisher,0.004548280718039847
1589,12.344990042066742,HOG8-ML03-H1-GPS-JADE-Specialist-Polisher,Polisher,0.042473236709150805
1630,12.34429874209397,HOG8-ML03-H1-GPS-JADE-Specialist-Polisher,Polisher,0.0055998422875681506
1650,12.338592792997039,HOG8-ML03-H1-GPS-JADE-Specialist-Polisher,Polisher,0.04622335554367553
1654,12.214861593141125,HOG8-ML05-H2-GPS-JADE-Specialist-Exploiter,Exploiter,1.0027983087839634
1664,11.129536543934183,HOG8-ML05-H2-GPS-JADE-Specialist-Local Explorer,Local Explorer,8.885283234124996
1674,10.87030529112413,HOG8-ML05-H2-GPS-JADE-Specialist-Exploiter,Exploiter,2.3292187575532037
1684,10.780167126680952,HOG8-ML05-H2-GPS-JADE-Specialist-Exploiter,Exploiter,0.8292146543186503
1699,10.734189205828836,HOG8-ML05-H2-GPS-JADE-Specialist-Refiner,Refiner,0.426504712884473
1705,10.72963082297466,HOG8-ML05-H2-GPS-JADE-Specialist-Polisher,Polisher,0.04246601924718196
1715,10.727979823268171,HOG8-ML05-H2-GPS-JADE-Specialist-Polisher,Polisher,0.015387292757107611
1729,10.655701403949804,HOG8-ML05-H2-GPS-JADE-Specialist-Exploiter,Exploiter,0.673737465105975
1735,10.571577645804036,HOG8-ML05-H2-GPS-JADE-Specialist-Exploiter,Exploiter,0.7894718044049709
1752,10.540213742473993,HOG8-ML05-H2-GPS-JADE-Specialist-Refiner,Refiner,0.2966813883497438
1760,10.539786634836057,HOG8-ML05-H2-GPS-JADE-Specialist-Polisher,Polisher,0.004052172454671916
1780,10.507134724242741,HOG8-ML05-H2-GPS-JADE-Specialist-Refiner,Refiner,0.30979669441689545
1789,10.504481185978898,HOG8-ML05-H2-GPS-JADE-Specialist-Polisher,Polisher,0.02525463252812807
1800,10.469392674469264,HOG8-ML05-H2-GPS-JADE-Specialist-Refiner,Refiner,0.3340337412995691
1805,10.46815263542788,HOG8-ML05-H2-GPS-JADE-Specialist-Polisher,Polisher,0.01184442192532017
1829,10.467581296479008,HOG8-ML05-H2-GPS-JADE-Specialist-Polisher,Polisher,0.0054578775145069985
1839,10.465387771016335,HOG8-ML05-H2-GPS-JADE-Specialist-Polisher,Polisher,0.02095541845383551
1849,10.464291166966714,HOG8-ML05-H2-GPS-JADE-Specialist-Polisher,Polisher,0.010478389082327559
1860,10.455938446183122,HOG8-ML05-H2-GPS-JADE-Specialist-Refiner,Refiner,0.07982118091246307
1869,10.449872169285007,HOG8-ML05-H2-GPS-JADE-Specialist-Refiner,Refiner,0.05801752687564963
1879,10.44670602293392,HOG8-ML05-H2-GPS-JADE-Specialist-Polisher,Polisher,0.030298421835171334
1932,10.441783926561568,HOG8-ML05-H2-GPS-JADE-Specialist-Polisher,Polisher,0.04711625235310355
1964,10.421024663392991,HOG8-ML05-H2-GPS-JADE-Specialist-Refiner,Refiner,0.19880954551999253
2005,10.420922967218734,HOG8-ML05-H2-GPS-JADE-Specialist-Polisher,Polisher,0.0009758749983008321
2023,10.41600480945468,HOG8-ML05-H2-GPS-JADE-Specialist-Polisher,Polisher,0.047195030416455154
2034,10.414221768587126,HOG8-ML05-H2-GPS-JADE-Specialist-Polisher,Polisher,0.01711827999480032
2045,10.413502120770588,HOG8-ML05-H2-GPS-JADE-Specialist-Polisher,Polisher,0.006910240942909744
2054,10.410605278152845,HOG8-ML05-H2-GPS-JADE-Specialist-Polisher,Polisher,0.02781814018133715
2074,10.408508500129644,HOG8-ML05-H2-GPS-JADE-Specialist-Polisher,Polisher,0.02014078881274545
2099,10.377080585531344,HOG8-ML05-H2-GPS-JADE-Specialist-Refiner,Refiner,0.30194445820848037
2105,10.373905147582752,HOG8-ML05-H2-GPS-JADE-Specialist-Polisher,Polisher,0.03060049425673001
2129,10.36008445750069,HOG8-ML05-H2-GPS-JADE-Specialist-Refiner,Refiner,0.13322552968668747
2150,10.359541695328616,HOG8-ML05-H2-GPS-JADE-Specialist-Polisher,Polisher,0.005238974395437515
2161,10.353460969897474,HOG8-ML05-H2-GPS-JADE-Specialist-Refiner,Refiner,0.05869685754422556
2170,10.349873889345139,HOG8-ML05-H2-GPS-JADE-Specialist-Polisher,Polisher,0.03464619766052434
2230,10.34978395742253,HOG8-ML05-H2-GPS-JADE-Specialist-Polisher,Polisher,0.0008689180522469151
2239,10.348999907805478,HOG8-ML05-H2-GPS-JADE-Specialist-Polisher,Polisher,0.0075755167477574
2249,10.345384334081892,HOG8-ML05-H2-GPS-JADE-Specialist-Polisher,Polisher,0.034936455269063624
2302,10.344459413238315,HOG8-ML05-H2-GPS-JADE-Specialist-Polisher,Polisher,0.008940420323774791
2374,10.34242398161705,HOG8-ML05-H2-GPS-JADE-Specialist-Polisher,Polisher,0.019676539294660754
2400,10.339286166147918,HOG8-ML05-H2-GPS-JADE-Specialist-Polisher,Polisher,0.03033926548271767
2411,10.337811724154356,HOG8-ML05-H2-GPS-JADE-Specialist-Polisher,Polisher,0.014260578243682128
2420,10.337639729106362,HOG8-ML05-H2-GPS-JADE-Specialist-Polisher,Polisher,0.0016637471505916203
2429,10.337625929372171,HOG8-ML05-H2-GPS-JADE-Specialist-Polisher,Polisher,0.00013349018298690715
2441,10.309109865352113,HOG8-ML05-H2-GPS-JADE-Specialist-Refiner,Refiner,0.275847319441459
2471,10.309063232233251,HOG8-ML05-H2-GPS-JADE-Specialist-Polisher,Polisher,0.0004523486457184738
2490,10.29238635809778,HOG8-ML05-H2-GPS-JADE-Specialist-Refiner,Refiner,0.1617690546637496
2500,10.283588146296227,HOG8-ML05-H2-GPS-JADE-Specialist-Refiner,Refiner,0.08548271990033314
2556,10.28279215186696,HOG8-ML05-H2-GPS-JADE-Specialist-Polisher,Polisher,0.007740434738752474
2565,10.282547328773905,HOG8-ML05-H2-GPS-JADE-Specialist-Polisher,Polisher,0.002380900921068908
2699,10.282437493124537,HOG8-ML05-H2-GPS-JADE-Specialist-Polisher,Polisher,0.0010681754808086338
2710,10.282244141519488,HOG8-ML05-H2-GPS-JADE-Specialist-Polisher,Polisher,0.0018804063256188642
2719,10.26939067034799,HOG8-ML05-H2-GPS-JADE-Specialist-Refiner,Refiner,0.1250064771327107
2740,10.269383349839021,HOG8-ML05-H2-GPS-JADE-Specialist-Polisher,Polisher,7.128474515947909E-05
2780,10.269294559223287,HOG8-ML05-H2-GPS-JADE-Specialist-Polisher,Polisher,0.0008646148722836024
2800,10.266395520830716,HOG8-ML05-H2-GPS-JADE-Specialist-Polisher,Polisher,0.02823016104807774
2863,10.264960381860268,HOG8-ML05-H2-GPS-JADE-Specialist-Polisher,Polisher,0.01397899552512282
2903,10.25488147127441,HOG8-ML05-H2-GPS-JADE-Specialist-Refiner,Refiner,0.09818752543525028
2924,10.25462814836879,HOG8-ML05-H2-GPS-JADE-Specialist-Polisher,Polisher,0.002470266539216353
2935,10.248547899980696,HOG8-ML05-H2-GPS-JADE-Specialist-Refiner,Refiner,0.059292724222869624
2965,10.248041067755057,HOG8-ML05-H2-GPS-JADE-Specialist-Polisher,Polisher,0.004945405247509662
3010,9.315223705343081,HOG8-ML01-H2-GPS-GradientEstimation-Escape-Specialist-Local Explorer,Local Explorer,9.102396801931626
3019,9.054631597112396,HOG8-ML00-H1-GPS-GradientEstimation-Escape-Specialist-Exploiter,Exploiter,2.7974863135193813
3021,9.00743153776421,HOG8-ML02-H2-GPS-GradientEstimation-Escape-Specialist-Exploiter,Exploiter,0.5212808366851468
3029,8.834883174682084,HOG8-ML01-H2-GPS-GradientEstimation-Escape-Specialist-Exploiter,Exploiter,1.9156222543430648
3030,8.781060864265745,HOG8-ML00-H1-GPS-GradientEstimation-Escape-Specialist-Exploiter,Exploiter,0.6092022877062546
3032,8.77118691525478,HOG8-ML02-H2-GPS-GradientEstimation-Escape-Specialist-Refiner,Refiner,0.11244596938334013
3037,8.730349949998708,HOG8-ML00-H1-GPS-GradientEstimation-Escape-Specialist-Refiner,Refiner,0.4655808347334339
3039,8.55743587080746,HOG8-ML00-H1-GPS-GradientEstimation-Escape-Specialist-Exploiter,Exploiter,1.980608797832593
3045,8.5078535352874,HOG8-ML02-H2-GPS-GradientEstimation-Escape-Specialist-Exploiter,Exploiter,0.5794064515190128
3050,8.382636013832263,HOG8-ML00-H2-GPS-GradientEstimation-Escape-Specialist-Exploiter,Exploiter,1.4717874600894405
3052,8.33438054203384,HOG8-ML02-H2-GPS-GradientEstimation-Escape-Specialist-Exploiter,Exploiter,0.5756598726080533
3057,8.240862780773831,HOG8-ML00-H2-GPS-GradientEstimation-Escape-Specialist-Exploiter,Exploiter,1.1220721298764584
3059,8.207021982317777,HOG8-ML00-H1-GPS-GradientEstimation-Escape-Specialist-Refiner,Refiner,0.41064630435306176
3059,8.125004578231739,HOG8-ML01-H2-GPS-GradientEstimation-Escape-Specialist-Exploiter,Exploiter,0.9993564567360294
3062,8.028899095080746,HOG8-ML02-H2-GPS-GradientEstimation-Escape-Specialist-Exploiter,Exploiter,1.182836049206366
3067,7.9902603285448555,HOG8-ML00-H2-GPS-GradientEstimation-Escape-Specialist-Refiner,Refiner,0.4812461344739556
3070,7.956296271109158,HOG8-ML00-H1-GPS-GradientEstimation-Escape-Specialist-Refiner,Refiner,0.42506822104859443
3070,7.94535016403162,HOG8-ML01-H1-GPS-GradientEstimation-Escape-Specialist-Refiner,Refiner,0.13757792199475946
3075,7.740297254845613,HOG8-ML00-H1-GPS-GradientEstimation-Escape-Specialist-Exploiter,Exploiter,2.5807913427689515
3080,7.708849948272111,HOG8-ML00-H1-GPS-GradientEstimation-Escape-Specialist-Refiner,Refiner,0.40628034735765384
3085,7.575447494815379,HOG8-ML00-H2-GPS-GradientEstimation-Escape-Specialist-Exploiter,Exploiter,1.7305104438650183
3085,7.532374935712507,HOG8-ML02-H2-GPS-GradientEstimation-Escape-Specialist-Exploiter,Exploiter,0.5685810525695117
3088,7.4953439042316585,HOG8-ML00-H1-GPS-GradientEstimation-Escape-Specialist-Refiner,Refiner,0.4916249097648774
3089,7.48381419466599,HOG8-ML00-H1-GPS-GradientEstimation-Escape-Specialist-Refiner,Refiner,0.15382495737332935
3095,7.286587609902585,HOG8-ML00-H2-GPS-GradientEstimation-Escape-Specialist-Exploiter,Exploiter,2.635375219550155
3095,7.242232622094453,HOG8-ML02-H2-GPS-GradientEstimation-Escape-Specialist-Exploiter,Exploiter,0.6087209841250422
3099,7.206193653016028,HOG8-ML00-H1-GPS-GradientEstimation-Escape-Specialist-Refiner,Refiner,0.49762236259131115
3102,7.198811800615628,HOG8-ML00-H2-GPS-GradientEstimation-Escape-Specialist-Refiner,Refiner,0.10243760792232018
3104,7.005202993392119,HOG8-ML02-H2-GPS-GradientEstimation-Escape-Specialist-Exploiter,Exploiter,2.6894550459973363
3114,6.815471927826865,HOG8-ML02-H2-GPS-GradientEstimation-Escape-Specialist-Exploiter,Exploiter,2.708430658529446
3122,6.771111226411538,HOG8-ML02-H1-GPS-GradientEstimation-Escape-Specialist-Exploiter,Exploiter,0.6508823143149742
3124,6.727164587200525,HOG8-ML00-H1-GPS-GradientEstimation-Escape-Specialist-Exploiter,Exploiter,0.6490314180572587
3124,6.567031680115971,HOG8-ML02-H2-GPS-GradientEstimation-Escape-Specialist-Exploiter,Exploiter,2.380392288739773
3132,6.487971407987666,HOG8-ML00-H1-GPS-GradientEstimation-Escape-Specialist-Exploiter,Exploiter,1.2038966153869497
3136,6.325333838416451,HOG8-ML02-H2-GPS-GradientEstimation-Escape-Specialist-Exploiter,Exploiter,2.5067553375926406
3145,6.24881765386494,HOG8-ML00-H1-GPS-GradientEstimation-Escape-Specialist-Exploiter,Exploiter,1.2096782004895195
3150,6.1780625960290365,HOG8-ML00-H2-GPS-GradientEstimation-Escape-Specialist-Exploiter,Exploiter,1.1322951277373372
3150,6.135716464642118,HOG8-ML01-H2-GPS-GradientEstimation-Escape-Specialist-Exploiter,Exploiter,0.685427360579618
3158,6.106490283959622,HOG8-ML00-H2-GPS-GradientEstimation-Escape-Specialist-Refiner,Refiner,0.4763287360313307
3161,6.0244362335413335,HOG8-ML00-H2-GPS-GradientEstimation-Escape-Specialist-Exploiter,Exploiter,1.3437186764028113
3161,5.942413639550518,HOG8-ML02-H2-GPS-GradientEstimation-Escape-Specialist-Exploiter,Exploiter,1.361498251639734
3169,5.908066270777488,HOG8-ML00-H1-GPS-GradientEstimation-Escape-Specialist-Exploiter,Exploiter,0.5780036674731949
3177,5.838405420609736,HOG8-ML00-H1-GPS-GradientEstimation-Escape-Specialist-Exploiter,Exploiter,1.1790803788425483
3180,5.713060684999285,HOG8-ML02-H2-GPS-GradientEstimation-Escape-Specialist-Exploiter,Exploiter,2.1469001650344532
3191,5.637272410577131,HOG8-ML02-H2-GPS-GradientEstimation-Escape-Specialist-Exploiter,Exploiter,1.3265791946014311
3192,5.5952989089179255,HOG8-ML00-H2-GPS-GradientEstimation-Escape-Specialist-Exploiter,Exploiter,0.7445711081914556
3194,5.560611869294702,HOG8-ML00-H1-GPS-GradientEstimation-Escape-Specialist-Exploiter,Exploiter,0.6199318425676716
3200,5.520360418678004,HOG8-ML00-H2-GPS-GradientEstimation-Escape-Specialist-Exploiter,Exploiter,0.7238672930754786
3200,5.476614485664592,HOG8-ML02-H2-GPS-GradientEstimation-Escape-Specialist-Exploiter,Exploiter,0.7924470450407437
3205,5.33538922707061,HOG8-ML00-H2-GPS-GradientEstimation-Escape-Specialist-Exploiter,Exploiter,2.578696363668628
3213,5.293914515564176,HOG8-ML02-H2-GPS-GradientEstimation-Escape-Specialist-Exploiter,Exploiter,0.777351187351049
3214,5.223042575765375,HOG8-ML00-H1-GPS-GradientEstimation-Escape-Specialist-Exploiter,Exploiter,1.338743562829292
3219,5.154724898834678,HOG8-ML00-H2-GPS-GradientEstimation-Escape-Specialist-Exploiter,Exploiter,1.308005361619832
3222,5.058579347426702,HOG8-ML02-H2-GPS-GradientEstimation-Escape-Specialist-Exploiter,Exploiter,1.8651926784630468
3225,4.921032266706562,HOG8-ML00-H2-GPS-GradientEstimation-Escape-Specialist-Exploiter,Exploiter,2.71908516746129
3234,4.880404217097422,HOG8-ML01-H2-GPS-GradientEstimation-Escape-Specialist-Exploiter,Exploiter,0.8256001466198559
3238,4.841303773742374,HOG8-ML00-H2-GPS-GradientEstimation-Escape-Specialist-Exploiter,Exploiter,0.8011722311456977
3240,4.698251427688186,HOG8-ML00-H2-GPS-GradientEstimation-Escape-Specialist-Exploiter,Exploiter,2.954831027750343
3245,4.659427257578444,HOG8-ML01-H2-GPS-GradientEstimation-Escape-Specialist-Exploiter,Exploiter,0.8263536063851317
3245,4.654574209438813,HOG8-ML02-H2-GPS-GradientEstimation-Escape-Specialist-Refiner,Refiner,0.10415546528250567
3247,4.617848771715626,HOG8-ML00-H2-GPS-GradientEstimation-Escape-Specialist-Exploiter,Exploiter,0.7890182016802567
3250,4.439437696638387,HOG8-ML00-H2-GPS-GradientEstimation-Escape-Specialist-Exploiter,Exploiter,3.863510562970554
3257,4.357131965666611,HOG8-ML00-H2-GPS-GradientEstimation-Escape-Specialist-Exploiter,Exploiter,1.8539674750723187
3264,4.208651716543806,HOG8-ML00-H2-GPS-GradientEstimation-Escape-Specialist-Exploiter,Exploiter,3.4077519407904546
3267,4.16888877813206,HOG8-ML00-H2-GPS-GradientEstimation-Escape-Specialist-Exploiter,Exploiter,0.9447904243404572
3270,3.9899769830172787,HOG8-ML00-H2-GPS-GradientEstimation-Escape-Specialist-Exploiter,Exploiter,4.2915943465142234
3281,3.9496981487008815,HOG8-ML02-H2-GPS-GradientEstimation-Escape-Specialist-Exploiter,Exploiter,1.0095004178680167
3284,3.803957769727544,HOG8-ML00-H2-GPS-GradientEstimation-Escape-Specialist-Exploiter,Exploiter,3.6899118232939876
3292,3.692114529823636,HOG8-ML02-H2-GPS-GradientEstimation-Escape-Specialist-Exploiter,Exploiter,2.940180903005095
3295,3.55398506722473,HOG8-ML00-H2-GPS-GradientEstimation-Escape-Specialist-Exploiter,Exploiter,3.7412019991022367
3302,3.477484629537963,HOG8-ML02-H2-GPS-GradientEstimation-Escape-Specialist-Exploiter,Exploiter,2.152525580151226
3305,3.3317832936609464,HOG8-ML00-H2-GPS-GradientEstimation-Escape-Specialist-Exploiter,Exploiter,4.189848450785974
3313,3.2906622249512845,HOG8-ML00-H2-GPS-GradientEstimation-Escape-Specialist-Exploiter,Exploiter,1.2342059817605455
3315,3.1110375787405404,HOG8-ML00-H2-GPS-GradientEstimation-Escape-Specialist-Local Explorer,Local Explorer,5.458616957059554
3327,3.034471400191786,HOG8-ML00-H2-GPS-GradientEstimation-Escape-Specialist-Exploiter,Exploiter,2.4611139084906624
3329,2.856175810083072,HOG8-ML00-H2-GPS-GradientEstimation-Escape-Specialist-Local Explorer,Local Explorer,5.875672121920314
3338,2.781113662559197,HOG8-ML00-H2-GPS-GradientEstimation-Escape-Specialist-Exploiter,Exploiter,2.628064675111583
3340,2.6030997254793555,HOG8-ML00-H2-GPS-GradientEstimation-Escape-Specialist-Local Explorer,Local Explorer,6.4008148777361304
3348,2.562807081309038,HOG8-ML00-H2-GPS-GradientEstimation-Escape-Specialist-Exploiter,Exploiter,1.547871707561942
3350,2.533912904554308,HOG8-ML02-H2-GPS-GradientEstimation-Escape-Specialist-Exploiter,Exploiter,1.1274425205650482
3351,2.4653693450857155,HOG8-ML01-H2-GPS-GradientEstimation-Escape-Specialist-Exploiter,Exploiter,2.705047965358089
3355,2.35918651245392,HOG8-ML00-H2-GPS-GradientEstimation-Escape-Specialist-Exploiter,Exploiter,4.306974646352787
3357,2.358836202052472,HOG8-ML00-H2-GPS-GradientEstimation-Escape-Specialist-Polisher,Polisher,0.01484877942455663
3361,2.3170258716415444,HOG8-ML02-H2-GPS-GradientEstimation-Escape-Specialist-Exploiter,Exploiter,1.7724982503892122
3364,2.249201897110183,HOG8-ML01-H2-GPS-GradientEstimation-Escape-Specialist-Exploiter,Exploiter,2.927199707239794
3364,2.1541472985619805,HOG8-ML00-H2-GPS-GradientEstimation-Escape-Specialist-Exploiter,Exploiter,4.226147891406737
3373,2.1120069993677033,HOG8-ML02-H2-GPS-GradientEstimation-Escape-Specialist-Exploiter,Exploiter,1.9562403751316502
3375,1.8963266768369091,HOG8-ML00-H2-GPS-GradientEstimation-Escape-Specialist-Local Explorer,Local Explorer,10.212102639591865
3389,1.6977695294140465,HOG8-ML00-H2-GPS-GradientEstimation-Escape-Specialist-Local Explorer,Local Explorer,10.470619321458784
3401,1.571252583030144,HOG8-ML00-H2-GPS-GradientEstimation-Escape-Specialist-Local Explorer,Local Explorer,7.451950585281584
3408,1.5036901981175654,HOG8-ML00-H2-GPS-GradientEstimation-Escape-Specialist-Exploiter,Exploiter,4.299906052169235
3410,1.4503898516958893,HOG8-ML00-H2-GPS-GradientEstimation-Escape-Specialist-Exploiter,Exploiter,3.5446361550006507
3417,1.417481598702592,HOG8-ML00-H2-GPS-GradientEstimation-Escape-Specialist-Exploiter,Exploiter,2.268924658761154
3419,1.3149624699045555,HOG8-ML00-H2-GPS-GradientEstimation-Escape-Specialist-Local Explorer,Local Explorer,7.232483927260241
3432,1.2532407803918124,HOG8-ML00-H2-GPS-GradientEstimation-Escape-Specialist-Exploiter,Exploiter,4.693798562724229
3434,1.2038582356267513,HOG8-ML00-H2-GPS-GradientEstimation-Escape-Specialist-Exploiter,Exploiter,3.9403876364143025
3443,1.1974271827784464,HOG8-ML00-H2-GPS-GradientEstimation-Escape-Specialist-Exploiter,Exploiter,0.53420350154076
3450,1.0834101510333607,HOG8-ML00-H2-GPS-GradientEstimation-Escape-Specialist-Local Explorer,Local Explorer,9.521834261397562
3459,0.9589893575404769,HOG8-ML00-H2-GPS-GradientEstimation-Escape-Specialist-Local Explorer,Local Explorer,11.484181994622332
3470,0.8448049926459901,HOG8-ML00-H2-GPS-GradientEstimation-Escape-Specialist-Local Explorer,Local Explorer,11.90673952705125
3481,0.7465040049157151,HOG8-ML00-H2-GPS-GradientEstimation-Escape-Specialist-Local Explorer,Local Explorer,11.635938303630189
3495,0.6673923652767345,HOG8-ML00-H2-GPS-GradientEstimation-Escape-Specialist-Local Explorer,Local Explorer,10.59761757713715
3504,0.611947214787719,HOG8-ML00-H2-GPS-GradientEstimation-Escape-Specialist-Local Explorer,Local Explorer,8.307729212039337
3519,0.5305911633702795,HOG8-ML00-H2-GPS-GradientEstimation-Escape-Specialist-Local Explorer,Local Explorer,13.294619119340458
3530,0.49424544685401667,HOG8-ML00-H2-GPS-GradientEstimation-Escape-Specialist-Local Explorer,Local Explorer,6.850041807216922
3539,0.4429590228835311,HOG8-ML00-H2-GPS-GradientEstimation-Escape-Specialist-Local Explorer,Local Explorer,10.376711469359034
3551,0.4022650944103797,HOG8-ML00-H2-GPS-GradientEstimation-Escape-Specialist-Local Explorer,Local Explorer,9.186838143231864
3560,0.36728222772942054,HOG8-ML00-H2-GPS-GradientEstimation-Escape-Specialist-Local Explorer,Local Explorer,8.696470851450668
3574,0.33402940473658793,HOG8-ML00-H2-GPS-GradientEstimation-Escape-Specialist-Local Explorer,Local Explorer,9.053752259782687
3587,0.30729963572578517,HOG8-ML00-H2-GPS-GradientEstimation-Escape-Specialist-Local Explorer,Local Explorer,8.002220352990054
3595,0.2813106794356865,HOG8-ML00-H2-GPS-GradientEstimation-Escape-Specialist-Local Explorer,Local Explorer,8.457203741461504
3609,0.2616859996233244,HOG8-ML00-H2-GPS-GradientEstimation-Escape-Specialist-Local Explorer,Local Explorer,6.976158833262039
3615,0.24595306056330365,HOG8-ML00-H2-GPS-GradientEstimation-Escape-Specialist-Local Explorer,Local Explorer,6.012143975094968
3630,0.23439508719606766,HOG8-ML00-H2-GPS-GradientEstimation-Escape-Specialist-Exploiter,Exploiter,4.699259826555884
3643,0.23153895805015137,HOG8-ML01-H2-GPS-GradientEstimation-Escape-Specialist-Exploiter,Exploiter,1.2185106693499879
3644,0.2221854079043482,HOG8-ML00-H2-GPS-GradientEstimation-Escape-Specialist-Exploiter,Exploiter,4.039730602820275
3650,0.2212562481596361,HOG8-ML00-H1-GPS-GradientEstimation-Escape-Specialist-Refiner,Refiner,0.4181911645215322
3660,0.21372944439385338,HOG8-ML00-H2-GPS-GradientEstimation-Escape-Specialist-Exploiter,Exploiter,3.4018491357370095
3662,0.21140679064589563,HOG8-ML00-H1-GPS-GradientEstimation-Escape-Specialist-Exploiter,Exploiter,1.0867261432063855
3674,0.20421472850751454,HOG8-ML00-H1-GPS-GradientEstimation-Escape-Specialist-Exploiter,Exploiter,3.4020014761151733
3674,0.20204663305600623,HOG8-ML00-H2-GPS-GradientEstimation-Escape-Specialist-Exploiter,Exploiter,1.0616743793915588
3684,0.18956474724294847,HOG8-ML00-H2-GPS-GradientEstimation-Escape-Specialist-Local Explorer,Local Explorer,6.177725223264595
3694,0.17787126633689287,HOG8-ML00-H2-GPS-GradientEstimation-Escape-Specialist-Local Explorer,Local Explorer,6.1685946760286035
3704,0.1726149092639172,HOG8-ML00-H1-GPS-GradientEstimation-Escape-Specialist-Exploiter,Exploiter,2.955146821195949
3710,0.1670909596199102,HOG8-ML00-H2-GPS-GradientEstimation-Escape-Specialist-Exploiter,Exploiter,3.200157893407253
3719,0.16209661761709285,HOG8-ML00-H1-GPS-GradientEstimation-Escape-Specialist-Exploiter,Exploiter,2.988995942197119
3719,0.15768544008092023,HOG8-ML00-H2-GPS-GradientEstimation-Escape-Specialist-Exploiter,Exploiter,2.721326083800696
3728,0.15275093536577072,HOG8-ML00-H1-GPS-GradientEstimation-Escape-Specialist-Exploiter,Exploiter,3.1293343967694396
3729,0.1489735648247607,HOG8-ML00-H2-GPS-GradientEstimation-Escape-Specialist-Exploiter,Exploiter,2.4728951950211564
3740,0.1404358449576138,HOG8-ML00-H2-GPS-GradientEstimation-Escape-Specialist-Local Explorer,Local Explorer,5.731030117450653
3753,0.1379738826994958,HOG8-ML00-H1-GPS-GradientEstimation-Escape-Specialist-Exploiter,Exploiter,1.7530867983605454
3755,0.13391903419299078,HOG8-ML00-H2-GPS-GradientEstimation-Escape-Specialist-Exploiter,Exploiter,2.938852214035593
3760,0.12695424954003526,HOG8-ML00-H2-GPS-GradientEstimation-Escape-Specialist-Local Explorer,Local Explorer,5.200742892842679
3772,0.12318982186927631,HOG8-ML00-H1-GPS-GradientEstimation-Escape-Specialist-Exploiter,Exploiter,2.965184453767993
3775,0.12044612995473503,HOG8-ML00-H2-GPS-GradientEstimation-Escape-Specialist-Exploiter,Exploiter,2.227206657911048
3783,0.11585212768257723,HOG8-ML00-H1-GPS-GradientEstimation-Escape-Specialist-Exploiter,Exploiter,3.8141551529171362
3785,0.11334249117429888,HOG8-ML00-H2-GPS-GradientEstimation-Escape-Specialist-Exploiter,Exploiter,2.1662411890737894
3795,0.10734108211992371,HOG8-ML00-H2-GPS-GradientEstimation-Escape-Specialist-Local Explorer,Local Explorer,5.294933076021914
3807,0.10559798821176422,HOG8-ML00-H1-GPS-GradientEstimation-Escape-Specialist-Exploiter,Exploiter,1.6238833014670673
3809,0.10203583886777111,HOG8-ML00-H2-GPS-GradientEstimation-Escape-Specialist-Exploiter,Exploiter,3.373311749888307
3817,0.0997442239614056,HOG8-ML00-H1-GPS-GradientEstimation-Escape-Specialist-Exploiter,Exploiter,2.245892160827164
3818,0.09719501956818083,HOG8-ML00-H2-GPS-GradientEstimation-Escape-Specialist-Exploiter,Exploiter,2.5557413672506435
3827,0.0947594060893488,HOG8-ML00-H1-GPS-GradientEstimation-Escape-Specialist-Exploiter,Exploiter,2.5059035840035886
3829,0.09256940705921074,HOG8-ML00-H2-GPS-GradientEstimation-Escape-Specialist-Exploiter,Exploiter,2.3111151921668895
3839,0.08842267502920376,HOG8-ML00-H2-GPS-GradientEstimation-Escape-Specialist-Exploiter,Exploiter,4.479592299164867
3851,0.08451372402459748,HOG8-ML00-H2-GPS-GradientEstimation-Escape-Specialist-Exploiter,Exploiter,4.420756331241115
3862,0.08153232869795844,HOG8-ML00-H1-GPS-GradientEstimation-Escape-Specialist-Exploiter,Exploiter,3.5277055425593438
3865,0.08050811062878868,HOG8-ML00-H2-GPS-GradientEstimation-Escape-Specialist-Exploiter,Exploiter,1.256210984680739
3873,0.07805606815887733,HOG8-ML00-H1-GPS-GradientEstimation-Escape-Specialist-Exploiter,Exploiter,3.0457086258269834
3875,0.07681939341302903,HOG8-ML00-H2-GPS-GradientEstimation-Escape-Specialist-Exploiter,Exploiter,1.5843415829390064
3884,0.07576587473040666,HOG8-ML00-H2-GPS-GradientEstimation-Escape-Specialist-Exploiter,Exploiter,1.3714228085061677
3884,0.0747156864524434,HOG8-ML00-H1-GPS-GradientEstimation-Escape-Specialist-Exploiter,Exploiter,1.386096684952271
3898,0.07310692379577771,HOG8-ML00-H2-GPS-GradientEstimation-Escape-Specialist-Exploiter,Exploiter,2.153179249299506
3900,0.07291132380215737,HOG8-ML00-H1-GPS-GradientEstimation-Escape-Specialist-Refiner,Refiner,0.2675533088586068
3911,0.07248522148788145,HOG8-ML00-H2-GPS-GradientEstimation-Escape-Specialist-Exploiter,Exploiter,0.5844117100824254
3915,0.07042057048418827,HOG8-ML00-H1-GPS-GradientEstimation-Escape-Specialist-Exploiter,Exploiter,2.8483751050389676
3927,0.06833875016751527,HOG8-ML00-H1-GPS-GradientEstimation-Escape-Specialist-Exploiter,Exploiter,2.9562673269459556
3937,0.06702720415192584,HOG8-ML00-H1-GPS-GradientEstimation-Escape-Specialist-Exploiter,Exploiter,1.9191834974659383
3944,0.06548917020434962,HOG8-ML00-H2-GPS-GradientEstimation-Escape-Specialist-Exploiter,Exploiter,2.294641357992595
3948,0.06464713294537675,HOG8-ML00-H1-GPS-GradientEstimation-Escape-Specialist-Exploiter,Exploiter,1.2857656561312618
3958,0.06197156386021066,HOG8-ML00-H1-GPS-GradientEstimation-Escape-Specialist-Exploiter,Exploiter,4.138728143484403
3970,0.060872239047456186,HOG8-ML00-H2-GPS-GradientEstimation-Escape-Specialist-Exploiter,Exploiter,1.7739181396716437
3971,0.059058718021186375,HOG8-ML00-H1-GPS-GradientEstimation-Escape-Specialist-Exploiter,Exploiter,2.979225102687589
3979,0.05833082472917662,HOG8-ML00-H2-GPS-GradientEstimation-Escape-Specialist-Exploiter,Exploiter,1.23249084368651
3983,0.056346124915109416,HOG8-ML00-H1-GPS-GradientEstimation-Escape-Specialist-Exploiter,Exploiter,3.4024888612186395
3989,0.05567464774354108,HOG8-ML00-H2-GPS-GradientEstimation-Escape-Specialist-Exploiter,Exploiter,1.1917007115928226
3997,0.0542301874295104,HOG8-ML00-H1-GPS-GradientEstimation-Escape-Specialist-Exploiter,Exploiter,2.5944669119136954
3998,0.053517261996858356,HOG8-ML00-H2-GPS-GradientEstimation-Escape-Specialist-Exploiter,Exploiter,1.314628376637493
4006,0.051800518625374325,HOG8-ML00-H1-GPS-GradientEstimation-Escape-Specialist-Exploiter,Exploiter,3.2078310949181392
4023,0.05051757779354234,HOG8-ML00-H2-GPS-GradientEstimation-Escape-Specialist-Exploiter,Exploiter,2.476694955721049
4027,0.049575797365026736,HOG8-ML00-H1-GPS-GradientEstimation-Escape-Specialist-Exploiter,Exploiter,1.86426283612511
4029,0.04890204209570365,HOG8-ML00-H2-GPS-GradientEstimation-Escape-Specialist-Exploiter,Exploiter,1.3590407116646472
4038,0.04746798155412936,HOG8-ML00-H1-GPS-GradientEstimation-Escape-Specialist-Exploiter,Exploiter,2.9325166805258718
4044,0.047150328296142505,HOG8-ML00-H2-GPS-GradientEstimation-Escape-Specialist-Exploiter,Exploiter,0.6691947868577988
4049,0.047126169635649764,HOG8-ML00-H2-GPS-GradientEstimation-Escape-Specialist-Refiner,Refiner,0.051237523397512946
4054,0.04602083174312536,HOG8-ML00-H2-GPS-GradientEstimation-Escape-Specialist-Exploiter,Exploiter,2.3454863848901613
4063,0.04593712925947076,HOG8-ML00-H2-GPS-GradientEstimation-Escape-Specialist-Refiner,Refiner,0.18187955428924651
4064,0.04516083935643745,HOG8-ML00-H1-GPS-GradientEstimation-Escape-Specialist-Exploiter,Exploiter,1.6898964204935842
4072,0.04491694178894313,HOG8-ML00-H2-GPS-GradientEstimation-Escape-Specialist-Exploiter,Exploiter,0.5400642923603143
4075,0.04487410902637199,HOG8-ML02-H2-GPS-GradientEstimation-Escape-Specialist-Refiner,Refiner,0.09535992626657766
4078,0.044333712339279796,HOG8-ML00-H1-GPS-GradientEstimation-Escape-Specialist-Exploiter,Exploiter,1.2042505106332237
4079,0.04409096333472104,HOG8-ML00-H2-GPS-GradientEstimation-Escape-Specialist-Exploiter,Exploiter,0.5475494646174268
4085,0.04360754254441196,HOG8-ML02-H2-GPS-GradientEstimation-Escape-Specialist-Exploiter,Exploiter,1.0964169384078597
4089,0.043037517335779416,HOG8-ML00-H2-GPS-GradientEstimation-Escape-Specialist-Exploiter,Exploiter,1.307171134562337
4101,0.042297456016871016,HOG8-ML00-H1-GPS-GradientEstimation-Escape-Specialist-Exploiter,Exploiter,1.719572514219232
4102,0.04182716007513324,HOG8-ML00-H2-GPS-GradientEstimation-Escape-Specialist-Exploiter,Exploiter,1.111877606894818
4112,0.04080895442921374,HOG8-ML00-H1-GPS-GradientEstimation-Escape-Specialist-Exploiter,Exploiter,2.434316946430306
4115,0.04036861189279206,HOG8-ML00-H2-GPS-GradientEstimation-Escape-Specialist-Exploiter,Exploiter,1.0790341055796688
4123,0.03938323018941673,HOG8-ML00-H1-GPS-GradientEstimation-Escape-Specialist-Exploiter,Exploiter,2.440960085504633
4124,0.0387652933615951,HOG8-ML00-H2-GPS-GradientEstimation-Escape-Specialist-Exploiter,Exploiter,1.5690354113911291
4134,0.037653146097010703,HOG8-ML00-H2-GPS-GradientEstimation-Escape-Specialist-Exploiter,Exploiter,2.8689251857596023
4144,0.03627314688469637,HOG8-ML00-H2-GPS-GradientEstimation-Escape-Specialist-Exploiter,Exploiter,3.6650302972263216
4158,0.03525797804738427,HOG8-ML00-H2-GPS-GradientEstimation-Escape-Specialist-Exploiter,Exploiter,2.7986787044947508
4160,0.03505077965740844,HOG8-ML00-H2-GPS-GradientEstimation-Escape-Specialist-Exploiter,Exploiter,0.5876638464558994
4169,0.03374553782287348,HOG8-ML00-H2-GPS-GradientEstimation-Escape-Specialist-Exploiter,Exploiter,3.7238596324891757
4177,0.03337166445044085,HOG8-ML00-H1-GPS-GradientEstimation-Escape-Specialist-Exploiter,Exploiter,1.1079194363268094
4183,0.03304405300809919,HOG8-ML00-H2-GPS-GradientEstimation-Escape-Specialist-Exploiter,Exploiter,0.9817054310496851
4183,0.032717426966957994,HOG8-ML00-H2-GPS-GradientEstimation-Escape-Specialist-Exploiter,Exploiter,0.9884563526790769
4186,0.03234413498670619,HOG8-ML00-H1-GPS-GradientEstimation-Escape-Specialist-Exploiter,Exploiter,1.1409576328505187
4189,0.03201479019130779,HOG8-ML00-H2-GPS-GradientEstimation-Escape-Specialist-Exploiter,Exploiter,1.0182519814914408
4205,0.03197566871318643,HOG8-ML00-H2-GPS-GradientEstimation-Escape-Specialist-Refiner,Refiner,0.12219813994589225
4208,0.03181123217657049,HOG8-ML00-H1-GPS-GradientEstimation-Escape-Specialist-Exploiter,Exploiter,0.5142551922553887
4208,0.03166796680041602,HOG8-ML02-H2-GPS-GradientEstimation-Escape-Specialist-Refiner,Refiner,0.4503609774034141
4213,0.03087485664332259,HOG8-ML00-H2-GPS-GradientEstimation-Escape-Specialist-Exploiter,Exploiter,2.504455565751728
4218,0.030855642547291545,HOG8-ML00-H1-GPS-GradientEstimation-Escape-Specialist-Refiner,Refiner,0.062232178931265626
4219,0.030507675156953823,HOG8-ML02-H2-GPS-GradientEstimation-Escape-Specialist-Exploiter,Exploiter,1.1277269296998178
4229,0.030085602760540335,HOG8-ML00-H2-GPS-GradientEstimation-Escape-Specialist-Exploiter,Exploiter,1.383495773578414
4240,0.02959748127786005,HOG8-ML00-H1-GPS-GradientEstimation-Escape-Specialist-Exploiter,Exploiter,1.6224420915391995
4242,0.029495760373556792,HOG8-ML00-H2-GPS-GradientEstimation-Escape-Specialist-Refiner,Refiner,0.3436809482141565
4250,0.02873071733909884,HOG8-ML00-H1-GPS-GradientEstimation-Escape-Specialist-Exploiter,Exploiter,2.593738980683548
4252,0.028575560065404706,HOG8-ML00-H2-GPS-GradientEstimation-Escape-Specialist-Exploiter,Exploiter,0.5400396790057991
4259,0.028316433244604783,HOG8-ML02-H2-GPS-GradientEstimation-Escape-Specialist-Exploiter,Exploiter,0.9068127456008728
4262,0.027758733229146,HOG8-ML00-H1-GPS-GradientEstimation-Escape-Specialist-Exploiter,Exploiter,1.969527767290542
4270,0.02748725172037511,HOG8-ML02-H2-GPS-GradientEstimation-Escape-Specialist-Exploiter,Exploiter,0.9780039547548282
4276,0.026978414054910194,HOG8-ML00-H2-GPS-GradientEstimation-Escape-Specialist-Exploiter,Exploiter,1.851176940646045
4276,0.02696573511100304,HOG8-ML00-H1-GPS-GradientEstimation-Escape-Specialist-Polisher,Polisher,0.046996624343249006
4280,0.0268312501083465,HOG8-ML02-H2-GPS-GradientEstimation-Escape-Specialist-Refiner,Refiner,0.4987255200087864
4285,0.026370496012319278,HOG8-ML00-H2-GPS-GradientEstimation-Escape-Specialist-Exploiter,Exploiter,1.7172293283639926
4287,0.026221042810565302,HOG8-ML00-H1-GPS-GradientEstimation-Escape-Specialist-Exploiter,Exploiter,0.566743991785959
4290,0.025941661654165796,HOG8-ML02-H2-GPS-GradientEstimation-Escape-Specialist-Exploiter,Exploiter,1.0654845362860053
4297,0.025464174652611388,HOG8-ML00-H2-GPS-GradientEstimation-Escape-Specialist-Exploiter,Exploiter,1.8406184149646854
4302,0.025238859387221063,HOG8-ML02-H2-GPS-GradientEstimation-Escape-Specialist-Exploiter,Exploiter,0.8848323908555117
4307,0.02474653736256268,HOG8-ML00-H1-GPS-GradientEstimation-Escape-Specialist-Exploiter,Exploiter,1.9506508479842608
4315,0.024579782463475263,HOG8-ML02-H2-GPS-GradientEstimation-Escape-Specialist-Exploiter,Exploiter,0.673851442908086
4320,0.02444339977582633,HOG8-ML01-H2-GPS-GradientEstimation-Escape-Specialist-Exploiter,Exploiter,0.5548571792756581
4321,0.024440262575967608,HOG8-ML00-H1-GPS-GradientEstimation-Escape-Specialist-Polisher,Polisher,0.012834547924982925
4325,0.024086129239870992,HOG8-ML02-H2-GPS-GradientEstimation-Escape-Specialist-Exploiter,Exploiter,1.4489751695419129
4329,0.02400300748684594,HOG8-ML01-H2-GPS-GradientEstimation-Escape-Specialist-Refiner,Refiner,0.34510216314648995
4340,0.023875164861078324,HOG8-ML02-H2-GPS-GradientEstimation-Escape-Specialist-Exploiter,Exploiter,0.5326108648579738
4344,0.023354635138627164,HOG8-ML01-H2-GPS-GradientEstimation-Escape-Specialist-Exploiter,Exploiter,2.180214149221378
4352,0.023320745356588617,HOG8-ML00-H1-GPS-GradientEstimation-Escape-Specialist-Refiner,Refiner,0.1451094475995285
4353,0.023072926768654557,HOG8-ML01-H2-GPS-GradientEstimation-Escape-Specialist-Exploiter,Exploiter,1.0626529475999158
4364,0.0226456747375025,HOG8-ML01-H2-GPS-GradientEstimation-Escape-Specialist-Exploiter,Exploiter,1.8517461414236107
4369,0.022614140087525606,HOG8-ML00-H2-GPS-GradientEstimation-Escape-Specialist-Refiner,Refiner,0.13925241946830497
4374,0.02243820154835321,HOG8-ML00-H2-GPS-GradientEstimation-Escape-Specialist-Exploiter,Exploiter,0.7780023405331508
4380,0.02213679462342448,HOG8-ML00-H2-GPS-GradientEstimation-Escape-Specialist-Exploiter,Exploiter,1.3432757713634689
4380,0.022029492329598006,HOG8-ML01-H2-GPS-GradientEstimation-Escape-Specialist-Refiner,Refiner,0.484723717465986
4390,0.021836595917546206,HOG8-ML00-H2-GPS-GradientEstimation-Escape-Specialist-Exploiter,Exploiter,0.8756280406545361
4390,0.021484212698813763,HOG8-ML00-H2-GPS-GradientEstimation-Escape-Specialist-Exploiter,Exploiter,1.6137277992550805
4400,0.021292380753623857,HOG8-ML00-H2-GPS-GradientEstimation-Escape-Specialist-Exploiter,Exploiter,0.8928972538076637
4400,0.02095776792377462,HOG8-ML01-H2-GPS-GradientEstimation-Escape-Specialist-Exploiter,Exploiter,1.571514400954372
4403,0.020919127156931436,HOG8-ML00-H2-GPS-GradientEstimation-Escape-Specialist-Refiner,Refiner,0.1843744380781665
4408,0.02075944311897008,HOG8-ML00-H2-GPS-GradientEstimation-Escape-Specialist-Exploiter,Exploiter,0.7633398696008504
4409,0.020417146055487702,HOG8-ML01-H2-GPS-GradientEstimation-Escape-Specialist-Exploiter,Exploiter,1.6488740161318909
4411,0.02039297550422095,HOG8-ML00-H2-GPS-GradientEstimation-Escape-Specialist-Refiner,Refiner,0.11838359387283172
4418,0.020261706171683446,HOG8-ML00-H2-GPS-GradientEstimation-Escape-Specialist-Exploiter,Exploiter,0.6436987702473045
4421,0.019842463833590042,HOG8-ML01-H2-GPS-GradientEstimation-Escape-Specialist-Exploiter,Exploiter,2.0691364021422456
4433,0.019503528314630814,HOG8-ML00-H2-GPS-GradientEstimation-Escape-Specialist-Exploiter,Exploiter,1.7081322249178854
4438,0.01941779997932574,HOG8-ML00-H1-GPS-GradientEstimation-Escape-Specialist-Refiner,Refiner,0.4395529563784719
4445,0.019270076362544502,HOG8-ML01-H2-GPS-GradientEstimation-Escape-Specialist-Exploiter,Exploiter,0.7607639224758823
4447,0.019104110788924607,HOG8-ML00-H2-GPS-GradientEstimation-Escape-Specialist-Exploiter,Exploiter,0.8612605912786347
4459,0.01863991943739581,HOG8-ML00-H2-GPS-GradientEstimation-Escape-Specialist-Exploiter,Exploiter,2.429798259953078
4468,0.01856802748781569,HOG8-ML00-H2-GPS-GradientEstimation-Escape-Specialist-Refiner,Refiner,0.38568809174081387
4478,0.01805693218110746,HOG8-ML00-H2-GPS-GradientEstimation-Escape-Specialist-Exploiter,Exploiter,2.752555741548806
4490,0.01759038813664689,HOG8-ML00-H2-GPS-GradientEstimation-Escape-Specialist-Exploiter,Exploiter,2.5837392519461524
4504,0.01718061701113332,HOG8-ML00-H2-GPS-GradientEstimation-Escape-Specialist-Exploiter,Exploiter,2.329517247319153
4528,0.016549670768342684,HOG8-ML00-H2-GPS-GradientEstimation-Escape-Specialist-Exploiter,Exploiter,3.672430637280208
4538,0.016326558689272706,HOG8-ML00-H2-GPS-GradientEstimation-Escape-Specialist-Exploiter,Exploiter,1.3481360577683572
4548,0.016132426288812635,HOG8-ML00-H2-GPS-GradientEstimation-Escape-Specialist-Exploiter,Exploiter,1.1890589079719833
4558,0.01569651188136238,HOG8-ML00-H2-GPS-GradientEstimation-Escape-Specialist-Exploiter,Exploiter,2.7021007233893295
4574,0.015479185023856609,HOG8-ML00-H2-GPS-GradientEstimation-Escape-Specialist-Exploiter,Exploiter,1.3845551110232204
4588,0.015221598833298605,HOG8-ML00-H2-GPS-GradientEstimation-Escape-Specialist-Exploiter,Exploiter,1.6640810879966272
4598,0.015070947459337566,HOG8-ML00-H2-GPS-GradientEstimation-Escape-Specialist-Exploiter,Exploiter,0.9897210904775378
4611,0.0147118116282869,HOG8-ML00-H2-GPS-GradientEstimation-Escape-Specialist-Exploiter,Exploiter,2.3829678394118123
4618,0.01448181860014463,HOG8-ML00-H2-GPS-GradientEstimation-Escape-Specialist-Exploiter,Exploiter,1.5633222743285664
4629,0.014162597729481651,HOG8-ML00-H2-GPS-GradientEstimation-Escape-Specialist-Exploiter,Exploiter,2.204287178820148
4639,0.013934868766468343,HOG8-ML00-H2-GPS-GradientEstimation-Escape-Specialist-Exploiter,Exploiter,1.6079603993782488
4652,0.013631618309353687,HOG8-ML00-H2-GPS-GradientEstimation-Escape-Specialist-Exploiter,Exploiter,2.176198873464615
4663,0.013401143421850514,HOG8-ML00-H2-GPS-GradientEstimation-Escape-Specialist-Exploiter,Exploiter,1.6907375358729542
4677,0.013236790767664165,HOG8-ML00-H2-GPS-GradientEstimation-Escape-Specialist-Exploiter,Exploiter,1.2264076953192842
4687,0.013099605271082636,HOG8-ML00-H2-GPS-GradientEstimation-Escape-Specialist-Exploiter,Exploiter,1.0363954450096486
4697,0.012944408805391907,HOG8-ML00-H2-GPS-GradientEstimation-Escape-Specialist-Exploiter,Exploiter,1.1847415435740256
4707,0.012845184752150908,HOG8-ML00-H2-GPS-GradientEstimation-Escape-Specialist-Exploiter,Exploiter,0.766539860821357
4720,0.012770320432987406,HOG8-ML00-H2-GPS-GradientEstimation-Escape-Specialist-Exploiter,Exploiter,0.5828201042493074
4732,0.012660996523764234,HOG8-ML00-H2-GPS-GradientEstimation-Escape-Specialist-Exploiter,Exploiter,0.8560780428091233
4743,0.012453699806338883,HOG8-ML00-H2-GPS-GradientEstimation-Escape-Specialist-Exploiter,Exploiter,1.6372859516726228
4752,0.01225489915746649,HOG8-ML00-H2-GPS-GradientEstimation-Escape-Specialist-Exploiter,Exploiter,1.5963179774993879
4767,0.012072140060322676,HOG8-ML00-H2-GPS-GradientEstimation-Escape-Specialist-Exploiter,Exploiter,1.4913145738328197
4777,0.011845711429979235,HOG8-ML00-H2-GPS-GradientEstimation-Escape-Specialist-Exploiter,Exploiter,1.875629583586766
4787,0.011661797483407947,HOG8-ML00-H2-GPS-GradientEstimation-Escape-Specialist-Exploiter,Exploiter,1.552578312061835
4798,0.011577054670018282,HOG8-ML00-H2-GPS-GradientEstimation-Escape-Specialist-Exploiter,Exploiter,0.726670253965863
4809,0.011463923391738661,HOG8-ML00-H2-GPS-GradientEstimation-Escape-Specialist-Exploiter,Exploiter,0.9772025917144769
4822,0.011355381024982385,HOG8-ML00-H2-GPS-GradientEstimation-Escape-Specialist-Exploiter,Exploiter,0.94681692337979
4832,0.01127594197787953,HOG8-ML00-H2-GPS-GradientEstimation-Escape-Specialist-Exploiter,Exploiter,0.6995718323153178
4848,0.011131298611072007,HOG8-ML00-H2-GPS-GradientEstimation-Escape-Specialist-Exploiter,Exploiter,1.2827608291287431
4857,0.010932450504963685,HOG8-ML00-H2-GPS-GradientEstimation-Escape-Specialist-Exploiter,Exploiter,1.7863873125327228
4868,0.010775075980998508,HOG8-ML00-H2-GPS-GradientEstimation-Escape-Specialist-Exploiter,Exploiter,1.4395173698131425
4880,0.01066049393020938,HOG8-ML00-H2-GPS-GradientEstimation-Escape-Specialist-Exploiter,Exploiter,1.0633990051781539
4897,0.010538484488695297,HOG8-ML00-H2-GPS-GradientEstimation-Escape-Specialist-Exploiter,Exploiter,1.1445008300069164
4909,0.010479774750563288,HOG8-ML00-H1-GPS-GradientEstimation-Escape-Specialist-Exploiter,Exploiter,0.5570984916757956
4912,0.010445140301638267,HOG8-ML00-H2-GPS-GradientEstimation-Escape-Specialist-Refiner,Refiner,0.33048848614956366
4922,0.010373078812948251,HOG8-ML00-H1-GPS-GradientEstimation-Escape-Specialist-Exploiter,Exploiter,0.6899044590019826
4934,0.010300284593698871,HOG8-ML00-H1-GPS-GradientEstimation-Escape-Specialist-Exploiter,Exploiter,0.7017609772569579
4948,0.010209486837089457,HOG8-ML00-H1-GPS-GradientEstimation-Escape-Specialist-Exploiter,Exploiter,0.8815072611193581
4954,0.010196739292916349,HOG8-ML02-H2-GPS-GradientEstimation-Escape-Specialist-Refiner,Refiner,0.12485979341095038
4958,0.010072643730328927,HOG8-ML00-H1-GPS-GradientEstimation-Escape-Specialist-Exploiter,Exploiter,1.21701221363609
4964,0.010069125148877122,HOG8-ML02-H2-GPS-GradientEstimation-Escape-Specialist-Polisher,Polisher,0.0349320550394314
4968,0.009952795353043945,HOG8-ML00-H1-GPS-GradientEstimation-Escape-Specialist-Exploiter,Exploiter,1.1553118479826419
4979,0.009840596258034996,HOG8-ML00-H1-GPS-GradientEstimation-Escape-Specialist-Exploiter,Exploiter,1.1273123884199445
4990,0.009728629489109386,HOG8-ML00-H1-GPS-GradientEstimation-Escape-Specialist-Exploiter,Exploiter,1.1378047222919843
4999,0.009614082079259663,HOG8-ML00-H1-GPS-GradientEstimation-Escape-Specialist-Exploiter,Exploiter,1.17742596712057
5009,0.009601381049505019,HOG8-ML02-H2-GPS-GradientEstimation-Escape-Specialist-Refiner,Refiner,0.1321086053763088
5013,0.009534030143691379,HOG8-ML00-H1-GPS-GradientEstimation-Escape-Specialist-Exploiter,Exploiter,0.7014710224120546
5028,0.009500302930469676,HOG8-ML00-H1-GPS-GradientEstimation-Escape-Specialist-Refiner,Refiner,0.3537561001316986
5042,0.009466567117755356,HOG8-ML02-H2-GPS-GradientEstimation-Escape-Specialist-Refiner,Refiner,0.3551024947438349
5042,0.009452457458685155,HOG8-ML00-H1-GPS-GradientEstimation-Escape-Specialist-Refiner,Refiner,0.14904726174430555
5058,0.009382120253221741,HOG8-ML00-H1-GPS-GradientEstimation-Escape-Specialist-Exploiter,Exploiter,0.7441155463628797
5060,0.009380352071857005,HOG8-ML02-H2-GPS-GradientEstimation-Escape-Specialist-Polisher,Polisher,0.01884628758760047
5069,0.009348741917542577,HOG8-ML02-H1-GPS-GradientEstimation-Escape-Specialist-Refiner,Refiner,0.3369826001442332
5072,0.009327828074103294,HOG8-ML02-H2-GPS-GradientEstimation-Escape-Specialist-Refiner,Refiner,0.2237075707485171
5072,0.009314739012086005,HOG8-ML00-H1-GPS-GradientEstimation-Escape-Specialist-Refiner,Refiner,0.14032271942949598
5080,0.009234184547655643,HOG8-ML00-H1-GPS-GradientEstimation-Escape-Specialist-Exploiter,Exploiter,0.8648064570122868
5091,0.009163036570295997,HOG8-ML02-H1-GPS-GradientEstimation-Escape-Specialist-Exploiter,Exploiter,0.770484681050782
5104,0.00906077091270181,HOG8-ML02-H1-GPS-GradientEstimation-Escape-Specialist-Exploiter,Exploiter,1.1160673299690278
5108,0.00906054040328462,HOG8-ML00-H1-GPS-GradientEstimation-Escape-Specialist-Polisher,Polisher,0.002544037581462494
5114,0.00897637734642356,HOG8-ML00-H1-GPS-GradientEstimation-Escape-Specialist-Exploiter,Exploiter,0.9288966564350675
5125,0.008883112184942742,HOG8-ML02-H1-GPS-GradientEstimation-Escape-Specialist-Exploiter,Exploiter,1.0390066936967406
5129,0.008883071262797389,HOG8-ML00-H1-GPS-GradientEstimation-Escape-Specialist-Polisher,Polisher,0.00046067351735419907
5138,0.00880447379992984,HOG8-ML00-H1-GPS-GradientEstimation-Escape-Specialist-Exploiter,Exploiter,0.8848005441171956
5150,0.00871667236846864,HOG8-ML00-H1-GPS-GradientEstimation-Escape-Specialist-Exploiter,Exploiter,0.9972365578724304
5161,0.008650416739848107,HOG8-ML02-H1-GPS-GradientEstimation-Escape-Specialist-Exploiter,Exploiter,0.7601023167992685
5162,0.00862797194348668,HOG8-ML00-H1-GPS-GradientEstimation-Escape-Specialist-Refiner,Refiner,0.25946491407791106
5170,0.008572961151987316,HOG8-ML02-H1-GPS-GradientEstimation-Escape-Specialist-Exploiter,Exploiter,0.6375865830311583
5174,0.008556941263935214,HOG8-ML00-H1-GPS-GradientEstimation-Escape-Specialist-Refiner,Refiner,0.18686528222967394
5182,0.008526377244198871,HOG8-ML02-H1-GPS-GradientEstimation-Escape-Specialist-Refiner,Refiner,0.3571839375030033
5187,0.008513142449460855,HOG8-ML00-H1-GPS-GradientEstimation-Escape-Specialist-Refiner,Refiner,0.155221782463595
5195,0.008457863979913008,HOG8-ML02-H2-GPS-GradientEstimation-Escape-Specialist-Exploiter,Exploiter,0.6493309594666566
5202,0.008455869738791777,HOG8-ML00-H1-GPS-GradientEstimation-Escape-Specialist-Polisher,Polisher,0.02357854330557686
5205,0.008447794689563222,HOG8-ML02-H1-GPS-GradientEstimation-Escape-Specialist-Refiner,Refiner,0.09549637681278683
5210,0.008412641023678393,HOG8-ML02-H2-GPS-GradientEstimation-Escape-Specialist-Refiner,Refiner,0.41612831723123994
5221,0.0083502221373481,HOG8-ML02-H2-GPS-GradientEstimation-Escape-Specialist-Exploiter,Exploiter,0.7419654084205722
5229,0.008315864244982315,HOG8-ML02-H2-GPS-GradientEstimation-Escape-Specialist-Refiner,Refiner,0.41146081865431
5241,0.008252036730310794,HOG8-ML02-H2-GPS-GradientEstimation-Escape-Specialist-Exploiter,Exploiter,0.7675391611886166
5254,0.008179254533825875,HOG8-ML02-H2-GPS-GradientEstimation-Escape-Specialist-Exploiter,Exploiter,0.8819906995515499
5265,0.008123429136547476,HOG8-ML02-H2-GPS-GradientEstimation-Escape-Specialist-Exploiter,Exploiter,0.6825242697550069
5275,0.008063482630146545,HOG8-ML02-H2-GPS-GradientEstimation-Escape-Specialist-Exploiter,Exploiter,0.7379458279660616
5290,0.008052955285823695,HOG8-ML00-H2-GPS-GradientEstimation-Escape-Specialist-Refiner,Refiner,0.13055580083339477
5290,0.008007047403275559,HOG8-ML02-H2-GPS-GradientEstimation-Escape-Specialist-Exploiter,Exploiter,0.5700749714698169
5300,0.008002638020758106,HOG8-ML00-H2-GPS-GradientEstimation-Escape-Specialist-Refiner,Refiner,0.05506876998940069
5300,0.007964482223674166,HOG8-ML02-H2-GPS-GradientEstimation-Escape-Specialist-Refiner,Refiner,0.4767902407302152
5310,0.007911408618047493,HOG8-ML02-H2-GPS-GradientEstimation-Escape-Specialist-Exploiter,Exploiter,0.6663786061184643
5321,0.00787754841788697,HOG8-ML02-H2-GPS-GradientEstimation-Escape-Specialist-Refiner,Refiner,0.42799205293583087
5331,0.007863538038501719,HOG8-ML02-H2-GPS-GradientEstimation-Escape-Specialist-Refiner,Refiner,0.17785202504675657
5342,0.007843685824309778,HOG8-ML02-H2-GPS-GradientEstimation-Escape-Specialist-Refiner,Refiner,0.25245905971001736
5347,0.007836507438073445,HOG8-ML00-H2-GPS-GradientEstimation-Escape-Specialist-Refiner,Refiner,0.09151802350477965
5354,0.007810562100759772,HOG8-ML02-H2-GPS-GradientEstimation-Escape-Specialist-Refiner,Refiner,0.3310829156827988
5369,0.007767039205335464,HOG8-ML02-H2-GPS-GradientEstimation-Escape-Specialist-Exploiter,Exploiter,0.5572312832654468
5377,0.007758610633531154,HOG8-ML00-H2-GPS-GradientEstimation-Escape-Specialist-Refiner,Refiner,0.10851717857327363
5379,0.007715599785106604,HOG8-ML02-H2-GPS-GradientEstimation-Escape-Specialist-Exploiter,Exploiter,0.5543627648830007
5393,0.007662530149003627,HOG8-ML02-H2-GPS-GradientEstimation-Escape-Specialist-Exploiter,Exploiter,0.6878225618365673
5402,0.007620770461011649,HOG8-ML02-H2-GPS-GradientEstimation-Escape-Specialist-Exploiter,Exploiter,0.5449856272005442
5412,0.007583851105625383,HOG8-ML02-H2-GPS-GradientEstimation-Escape-Specialist-Refiner,Refiner,0.4844569925724333
5424,0.007561762326129187,HOG8-ML02-H2-GPS-GradientEstimation-Escape-Specialist-Refiner,Refiner,0.29126072213907517
5439,0.007537358001146673,HOG8-ML02-H2-GPS-GradientEstimation-Escape-Specialist-Refiner,Refiner,0.3227332985352631
5452,0.007517873580017746,HOG8-ML00-H2-GPS-GradientEstimation-Escape-Specialist-Refiner,Refiner,0.2585046527704115
5455,0.007500172615585814,HOG8-ML02-H2-GPS-GradientEstimation-Escape-Specialist-Refiner,Refiner,0.23545174368162142
5470,0.007474051521904207,HOG8-ML02-H2-GPS-GradientEstimation-Escape-Specialist-Refiner,Refiner,0.34827323343633454
5477,0.007472407099300255,HOG8-ML00-H1-GPS-GradientEstimation-Escape-Specialist-Polisher,Polisher,0.022001756331660554
5480,0.007439240156666002,HOG8-ML02-H2-GPS-GradientEstimation-Escape-Specialist-Refiner,Refiner,0.4438588823320256
5490,0.00741069244366214,HOG8-ML02-H2-GPS-GradientEstimation-Escape-Specialist-Refiner,Refiner,0.3837450116230154
5498,0.007402850699131761,HOG8-ML00-H1-GPS-GradientEstimation-Escape-Specialist-Refiner,Refiner,0.10581662361505029
5500,0.0073714239139526265,HOG8-ML02-H2-GPS-GradientEstimation-Escape-Specialist-Refiner,Refiner,0.42452274747105806
5508,0.00736796229167417,HOG8-ML00-H1-GPS-GradientEstimation-Escape-Specialist-Polisher,Polisher,0.04696002182027067
5510,0.007337560377250231,HOG8-ML02-H2-GPS-GradientEstimation-Escape-Specialist-Refiner,Refiner,0.4126231001248879
5532,0.007320164434454928,HOG8-ML00-H1-GPS-GradientEstimation-Escape-Specialist-Refiner,Refiner,0.2370807448377256
5540,0.00731205915154307,HOG8-ML02-H2-GPS-GradientEstimation-Escape-Specialist-Refiner,Refiner,0.11072542132671334
5550,0.007282859014104925,HOG8-ML00-H1-GPS-GradientEstimation-Escape-Specialist-Refiner,Refiner,0.3993421939424956
5562,0.007268815818352726,HOG8-ML02-H2-GPS-GradientEstimation-Escape-Specialist-Refiner,Refiner,0.19282531386369667
5564,0.007261248400059804,HOG8-ML00-H1-GPS-GradientEstimation-Escape-Specialist-Refiner,Refiner,0.10410799340678485
5570,0.007254284214171496,HOG8-ML02-H2-GPS-GradientEstimation-Escape-Specialist-Refiner,Refiner,0.09590893334885485
5578,0.007232157968647176,HOG8-ML00-H1-GPS-GradientEstimation-Escape-Specialist-Refiner,Refiner,0.3050093554522722
5587,0.0072159972658263,HOG8-ML00-H1-GPS-GradientEstimation-Escape-Specialist-Refiner,Refiner,0.22345616468743365
5598,0.007181689800797997,HOG8-ML00-H1-GPS-GradientEstimation-Escape-Specialist-Refiner,Refiner,0.47543622543729686
5609,0.00715298140020247,HOG8-ML00-H1-GPS-GradientEstimation-Escape-Specialist-Refiner,Refiner,0.3997443692477079
5619,0.007124797237248081,HOG8-ML00-H1-GPS-GradientEstimation-Escape-Specialist-Refiner,Refiner,0.3940197992628845
5629,0.00709701500035906,HOG8-ML00-H1-GPS-GradientEstimation-Escape-Specialist-Refiner,Refiner,0.3899372285821261
5641,0.007067531371792416,HOG8-ML00-H1-GPS-GradientEstimation-Escape-Specialist-Refiner,Refiner,0.4154370332478185
5652,0.007040927611550901,HOG8-ML00-H1-GPS-GradientEstimation-Escape-Specialist-Refiner,Refiner,0.37642224479815356
5670,0.007024284031864709,HOG8-ML00-H1-GPS-GradientEstimation-Escape-Specialist-Refiner,Refiner,0.2363833376001085
5678,0.007008380442050779,HOG8-ML00-H1-GPS-GradientEstimation-Escape-Specialist-Refiner,Refiner,0.22640869506110706
5692,0.0069960094236945925,HOG8-ML00-H1-GPS-GradientEstimation-Escape-Specialist-Refiner,Refiner,0.17651750584142256
5703,0.006983060536494775,HOG8-ML00-H2-GPS-GradientEstimation-Escape-Specialist-Refiner,Refiner,0.18508961917577366
5717,0.006969961876734025,HOG8-ML00-H2-GPS-GradientEstimation-Escape-Specialist-Refiner,Refiner,0.18757763436667804
5728,0.006954408408108367,HOG8-ML00-H2-GPS-GradientEstimation-Escape-Specialist-Refiner,Refiner,0.2231499813159095
5729,0.006944429081310705,HOG8-ML00-H1-GPS-GradientEstimation-Escape-Specialist-Refiner,Refiner,0.14349641568399793
5739,0.0069286039897664365,HOG8-ML00-H2-GPS-GradientEstimation-Escape-Specialist-Refiner,Refiner,0.22788182237842838
5742,0.006917407913489973,HOG8-ML00-H1-GPS-GradientEstimation-Escape-Specialist-Refiner,Refiner,0.161592094063968
5752,0.006909337898058825,HOG8-ML00-H2-GPS-GradientEstimation-Escape-Specialist-Refiner,Refiner,0.1166624193928277
5754,0.00689595254297117,HOG8-ML00-H1-GPS-GradientEstimation-Escape-Specialist-Refiner,Refiner,0.19372847710075822
5762,0.006890316414544997,HOG8-ML00-H2-GPS-GradientEstimation-Escape-Specialist-Refiner,Refiner,0.08173096306931386
5772,0.006877550637958614,HOG8-ML00-H1-GPS-GradientEstimation-Escape-Specialist-Refiner,Refiner,0.18527126794111842
5780,0.00686045075831883,HOG8-ML00-H1-GPS-GradientEstimation-Escape-Specialist-Refiner,Refiner,0.24863327861821127
5790,0.0068493733946485835,HOG8-ML00-H1-GPS-GradientEstimation-Escape-Specialist-Refiner,Refiner,0.1614669948153843
5798,0.006844956154731247,HOG8-ML00-H2-GPS-GradientEstimation-Escape-Specialist-Refiner,Refiner,0.0644911536110394
5802,0.006831862749381113,HOG8-ML00-H1-GPS-GradientEstimation-Escape-Specialist-Refiner,Refiner,0.19128545244346026
5809,0.006831192753735057,HOG8-ML00-H2-GPS-GradientEstimation-Escape-Specialist-Polisher,Polisher,0.009806924855402917
5812,0.006822654478192764,HOG8-ML00-H1-GPS-GradientEstimation-Escape-Specialist-Refiner,Refiner,0.1249895274529374
5820,0.0068204736964879555,HOG8-ML00-H2-GPS-GradientEstimation-Escape-Specialist-Polisher,Polisher,0.0319638303797886
5827,0.006809248119530358,HOG8-ML00-H1-GPS-GradientEstimation-Escape-Specialist-Refiner,Refiner,0.16458647092763692
5837,0.0067955356837481745,HOG8-ML00-H1-GPS-GradientEstimation-Escape-Specialist-Refiner,Refiner,0.20137958760606103
5842,0.006794427397739455,HOG8-ML00-H2-GPS-GradientEstimation-Escape-Specialist-Polisher,Polisher,0.016309030815191795
5848,0.006773727604184938,HOG8-ML00-H1-GPS-GradientEstimation-Escape-Specialist-Refiner,Refiner,0.3046583964000146
5858,0.006771868162944449,HOG8-ML00-H2-GPS-GradientEstimation-Escape-Specialist-Polisher,Polisher,0.027450782628763354
5860,0.006757492671295135,HOG8-ML00-H1-GPS-GradientEstimation-Escape-Specialist-Refiner,Refiner,0.21228250910105173
5868,0.006757137734652485,HOG8-ML00-H2-GPS-GradientEstimation-Escape-Specialist-Polisher,Polisher,0.0052524902343971175
5877,0.006741635727340685,HOG8-ML00-H1-GPS-GradientEstimation-Escape-Specialist-Refiner,Refiner,0.22941677261218993
5880,0.0067402597679304364,HOG8-ML00-H2-GPS-GradientEstimation-Escape-Specialist-Polisher,Polisher,0.020409874782593245
5889,0.006733485926848845,HOG8-ML00-H1-GPS-GradientEstimation-Escape-Specialist-Refiner,Refiner,0.10049821987307841
5894,0.006721961068853297,HOG8-ML00-H2-GPS-GradientEstimation-Escape-Specialist-Refiner,Refiner,0.17115737852209206
5904,0.0067115467356848,HOG8-ML00-H2-GPS-GradientEstimation-Escape-Specialist-Refiner,Refiner,0.15492998340546932
5912,0.006708903307545776,HOG8-ML00-H1-GPS-GradientEstimation-Escape-Specialist-Polisher,Polisher,0.03938627328584945
5918,0.006701245124585334,HOG8-ML00-H2-GPS-GradientEstimation-Escape-Specialist-Refiner,Refiner,0.11414955037179123
5924,0.006688691648679848,HOG8-ML00-H1-GPS-GradientEstimation-Escape-Specialist-Refiner,Refiner,0.18733049861779288
5924,0.006684618222483942,HOG8-ML00-H2-GPS-GradientEstimation-Escape-Specialist-Refiner,Refiner,0.06090019408668765
5934,0.0066743709335773255,HOG8-ML00-H1-GPS-GradientEstimation-Escape-Specialist-Refiner,Refiner,0.1532965468715789
5938,0.0066708582395111375,HOG8-ML00-H2-GPS-GradientEstimation-Escape-Specialist-Refiner,Refiner,0.052629590131354265
5947,0.0066536653741213645,HOG8-ML00-H2-GPS-GradientEstimation-Escape-Specialist-Refiner,Refiner,0.2577309361476236
5956,0.006638599795393524,HOG8-ML00-H1-GPS-GradientEstimation-Escape-Specialist-Refiner,Refiner,0.22642525406276753
5957,0.006635353651156143,HOG8-ML00-H2-GPS-GradientEstimation-Escape-Specialist-Polisher,Polisher,0.048898025749847834
5967,0.006623500058796758,HOG8-ML00-H1-GPS-GradientEstimation-Escape-Specialist-Refiner,Refiner,0.1786429628708532
5969,0.006616912216207244,HOG8-ML00-H2-GPS-GradientEstimation-Escape-Specialist-Refiner,Refiner,0.09946165216326965
5977,0.0066125374105309494,HOG8-ML00-H1-GPS-GradientEstimation-Escape-Specialist-Refiner,Refiner,0.06611551632163068
5982,0.006608775880939332,HOG8-ML00-H2-GPS-GradientEstimation-Escape-Specialist-Refiner,Refiner,0.056884813772503415
5989,0.006603001116283939,HOG8-ML00-H1-GPS-GradientEstimation-Escape-Specialist-Refiner,Refiner,0.0873802464999326
5992,0.006601968526851156,HOG8-ML00-H2-GPS-GradientEstimation-Escape-Specialist-Polisher,Polisher,0.015638183525915533
6000,0.006594640898595475,HOG8-ML00-H1-GPS-GradientEstimation-Escape-Specialist-Refiner,Refiner,0.11099156601366722
6004,0.006591696915438256,HOG8-ML00-H2-GPS-GradientEstimation-Escape-Specialist-Polisher,Polisher,0.04464205409343643
6011,0.006589784861921765,HOG8-ML00-H1-GPS-GradientEstimation-Escape-Specialist-Polisher,Polisher,0.02900699988211367
6012,0.006578832200961483,HOG8-ML00-H2-GPS-GradientEstimation-Escape-Specialist-Refiner,Refiner,0.1662066545384594
6027,0.006571326489881027,HOG8-ML00-H2-GPS-GradientEstimation-Escape-Specialist-Refiner,Refiner,0.11408880559925802
6037,0.006567535919274803,HOG8-ML00-H1-GPS-GradientEstimation-Escape-Specialist-Refiner,Refiner,0.05768349224560292
6040,0.006566396756184241,HOG8-ML00-H2-GPS-GradientEstimation-Escape-Specialist-Polisher,Polisher,0.01734536521101162
6049,0.006551157506715909,HOG8-ML00-H1-GPS-GradientEstimation-Escape-Specialist-Refiner,Refiner,0.23207932804211517
6058,0.006542131937386066,HOG8-ML00-H1-GPS-GradientEstimation-Escape-Specialist-Refiner,Refiner,0.13777060497462393
6067,0.006536466394619967,HOG8-ML00-H2-GPS-GradientEstimation-Escape-Specialist-Refiner,Refiner,0.08660086376005484
6071,0.00652837354248843,HOG8-ML00-H1-GPS-GradientEstimation-Escape-Specialist-Refiner,Refiner,0.12381081218743221
6077,0.00652471961534802,HOG8-ML00-H2-GPS-GradientEstimation-Escape-Specialist-Refiner,Refiner,0.05596994590810401
6083,0.0065127221198157574,HOG8-ML00-H1-GPS-GradientEstimation-Escape-Specialist-Refiner,Refiner,0.18387756470087893
6097,0.006503424657073966,HOG8-ML00-H2-GPS-GradientEstimation-Escape-Specialist-Refiner,Refiner,0.14275847442504136
6104,0.006500188811871136,HOG8-ML00-H1-GPS-GradientEstimation-Escape-Specialist-Polisher,Polisher,0.04975601892013331
6110,0.006492381603218389,HOG8-ML00-H2-GPS-GradientEstimation-Escape-Specialist-Refiner,Refiner,0.12010741347219292
6118,0.006489210070361731,HOG8-ML00-H1-GPS-GradientEstimation-Escape-Specialist-Polisher,Polisher,0.048850068441535346
6120,0.006484178916801756,HOG8-ML00-H2-GPS-GradientEstimation-Escape-Specialist-Refiner,Refiner,0.07753106318677301
6128,0.0064814974193646725,HOG8-ML00-H1-GPS-GradientEstimation-Escape-Specialist-Polisher,Polisher,0.041354464019113864
6133,0.006480285951841705,HOG8-ML00-H2-GPS-GradientEstimation-Escape-Specialist-Polisher,Polisher,0.01869116725014808
6139,0.006468760332844191,HOG8-ML00-H1-GPS-GradientEstimation-Escape-Specialist-Refiner,Refiner,0.17785664217854952
6150,0.006458512351661332,HOG8-ML00-H1-GPS-GradientEstimation-Escape-Specialist-Refiner,Refiner,0.15842264445672594
6164,0.006446615856085669,HOG8-ML00-H1-GPS-GradientEstimation-Escape-Specialist-Refiner,Refiner,0.1841986966642988
6173,0.006434902972092259,HOG8-ML00-H1-GPS-GradientEstimation-Escape-Specialist-Refiner,Refiner,0.1816904288216942
6182,0.006434406660427136,HOG8-ML00-H2-GPS-GradientEstimation-Escape-Specialist-Polisher,Polisher,0.00771280728358874
6188,0.006423485671375499,HOG8-ML00-H1-GPS-GradientEstimation-Escape-Specialist-Refiner,Refiner,0.16972798935452782
6192,0.006423451872667213,HOG8-ML00-H2-GPS-GradientEstimation-Escape-Specialist-Polisher,Polisher,0.0005261739500211462
6195,0.006412736296708178,HOG8-ML00-H1-GPS-GradientEstimation-Escape-Specialist-Refiner,Refiner,0.16681958815059858
6203,0.006412375777652326,HOG8-ML00-H2-GPS-GradientEstimation-Escape-Specialist-Polisher,Polisher,0.0056219223615475876
6207,0.006403436521757068,HOG8-ML00-H1-GPS-GradientEstimation-Escape-Specialist-Refiner,Refiner,0.1394063012715451
6218,0.006396966794248655,HOG8-ML00-H1-GPS-GradientEstimation-Escape-Specialist-Refiner,Refiner,0.10103524078720616
6227,0.006393173231853992,HOG8-ML00-H1-GPS-GradientEstimation-Escape-Specialist-Refiner,Refiner,0.059302518157102975
6239,0.006384373656311158,HOG8-ML00-H1-GPS-GradientEstimation-Escape-Specialist-Refiner,Refiner,0.1376401862378809
6248,0.006375980297568704,HOG8-ML00-H1-GPS-GradientEstimation-Escape-Specialist-Refiner,Refiner,0.13146722285210877
6268,0.006371606000394423,HOG8-ML00-H1-GPS-GradientEstimation-Escape-Specialist-Refiner,Refiner,0.06860587658886827
6279,0.0063629542689453596,HOG8-ML00-H1-GPS-GradientEstimation-Escape-Specialist-Refiner,Refiner,0.13578572574211617
6289,0.006354448527079417,HOG8-ML00-H1-GPS-GradientEstimation-Escape-Specialist-Refiner,Refiner,0.13367598612888362
6302,0.006343246852697245,HOG8-ML00-H1-GPS-GradientEstimation-Escape-Specialist-Refiner,Refiner,0.17628082648614474
6312,0.006334250765207359,HOG8-ML00-H1-GPS-GradientEstimation-Escape-Specialist-Refiner,Refiner,0.14182149455622325
6329,0.00632643904880801,HOG8-ML00-H1-GPS-GradientEstimation-Escape-Specialist-Refiner,Refiner,0.12332502594082097
6342,0.0063223736722583515,HOG8-ML00-H1-GPS-GradientEstimation-Escape-Specialist-Refiner,Refiner,0.06426010775247665
6352,0.006317430508154777,HOG8-ML02-H2-GPS-GradientEstimation-Escape-Specialist-Refiner,Refiner,0.07818525699081448
6352,0.006316604620049168,HOG8-ML00-H1-GPS-GradientEstimation-Escape-Specialist-Polisher,Polisher,0.013073164865721418
6362,0.006311720401819397,HOG8-ML02-H2-GPS-GradientEstimation-Escape-Specialist-Refiner,Refiner,0.07732347556262242
6374,0.0063061459727655,HOG8-ML02-H2-GPS-GradientEstimation-Escape-Specialist-Refiner,Refiner,0.08831869441317597
6386,0.0063033565887212475,HOG8-ML02-H2-GPS-GradientEstimation-Escape-Specialist-Polisher,Polisher,0.04423278586158874
6390,0.006302136024766989,HOG8-ML00-H1-GPS-GradientEstimation-Escape-Specialist-Polisher,Polisher,0.019363714190671663
6392,0.00630113320735084,HOG8-ML00-H2-GPS-GradientEstimation-Escape-Specialist-Polisher,Polisher,0.01591234166015454
6394,0.006294915567468346,HOG8-ML02-H2-GPS-GradientEstimation-Escape-Specialist-Refiner,Refiner,0.09867494747200357
6402,0.006292276614544154,HOG8-ML00-H2-GPS-GradientEstimation-Escape-Specialist-Polisher,Polisher,0.04192197490034407
6405,0.00628645076283362,HOG8-ML02-H2-GPS-GradientEstimation-Escape-Specialist-Refiner,Refiner,0.09258734266493869
6418,0.006283863694541947,HOG8-ML00-H2-GPS-GradientEstimation-Escape-Specialist-Polisher,Polisher,0.04115308286462451
6419,0.006279016074169705,HOG8-ML00-H1-GPS-GradientEstimation-Escape-Specialist-Refiner,Refiner,0.07714394531588127
6419,0.006277110020208837,HOG8-ML02-H2-GPS-GradientEstimation-Escape-Specialist-Polisher,Polisher,0.030355933769770433
6429,0.006270937718548221,HOG8-ML02-H2-GPS-GradientEstimation-Escape-Specialist-Refiner,Refiner,0.09833030870487874
6440,0.006265911664170095,HOG8-ML02-H2-GPS-GradientEstimation-Escape-Specialist-Refiner,Refiner,0.08014837020721839
6448,0.006265813939518235,HOG8-ML00-H1-GPS-GradientEstimation-Escape-Specialist-Polisher,Polisher,0.0015596238360378002
6452,0.00626339130811158,HOG8-ML02-H2-GPS-GradientEstimation-Escape-Specialist-Polisher,Polisher,0.03866427299055289
6459,0.006262617213399146,HOG8-ML00-H1-GPS-GradientEstimation-Escape-Specialist-Polisher,Polisher,0.012359034816026206
6464,0.006256949748095379,HOG8-ML02-H2-GPS-GradientEstimation-Escape-Specialist-Refiner,Refiner,0.09049675416279758
6469,0.006254788030887515,HOG8-ML00-H1-GPS-GradientEstimation-Escape-Specialist-Polisher,Polisher,0.03454905816564742
6478,0.006249528444317404,HOG8-ML00-H1-GPS-GradientEstimation-Escape-Specialist-Refiner,Refiner,0.08408896583125941
6490,0.006242384535235644,HOG8-ML00-H1-GPS-GradientEstimation-Escape-Specialist-Refiner,Refiner,0.11431116996124112
6503,0.006241069809979913,HOG8-ML02-H2-GPS-GradientEstimation-Escape-Specialist-Polisher,Polisher,0.021061266705213716
6503,0.006236222940354747,HOG8-ML00-H1-GPS-GradientEstimation-Escape-Specialist-Refiner,Refiner,0.0776608782266119
6512,0.006233721916640952,HOG8-ML02-H2-GPS-GradientEstimation-Escape-Specialist-Polisher,Polisher,0.04010478357999154
6517,0.0062285349077262995,HOG8-ML00-H1-GPS-GradientEstimation-Escape-Specialist-Refiner,Refiner,0.083208859554763
6524,0.006228097394838614,HOG8-ML02-H2-GPS-GradientEstimation-Escape-Specialist-Polisher,Polisher,0.007024330667916137
6524,0.006222904146932576,HOG8-ML00-H1-GPS-GradientEstimation-Escape-Specialist-Refiner,Refiner,0.08338417941797201
6537,0.006217148114044383,HOG8-ML00-H1-GPS-GradientEstimation-Escape-Specialist-Refiner,Refiner,0.09249753414618027
6550,0.006213610027612187,HOG8-ML00-H1-GPS-GradientEstimation-Escape-Specialist-Refiner,Refiner,0.05690851122242257
6563,0.006211438491071974,HOG8-ML00-H1-GPS-GradientEstimation-Escape-Specialist-Polisher,Polisher,0.03494806610912129
6575,0.006208329738712658,HOG8-ML02-H2-GPS-GradientEstimation-Escape-Specialist-Refiner,Refiner,0.05004883110063221
6577,0.006207175758230592,HOG8-ML00-H1-GPS-GradientEstimation-Escape-Specialist-Polisher,Polisher,0.018587615842481784
6588,0.006205174978529258,HOG8-ML00-H1-GPS-GradientEstimation-Escape-Specialist-Polisher,Polisher,0.03223333411624898
6590,0.006201947357240735,HOG8-ML02-H2-GPS-GradientEstimation-Escape-Specialist-Refiner,Refiner,0.052014992319988525
6597,0.006201908419507131,HOG8-ML00-H1-GPS-GradientEstimation-Escape-Specialist-Polisher,Polisher,0.0006278307660565611
6601,0.006196770698659157,HOG8-ML02-H2-GPS-GradientEstimation-Escape-Specialist-Refiner,Refiner,0.082840966045451
6610,0.006195665995955736,HOG8-ML00-H1-GPS-GradientEstimation-Escape-Specialist-Polisher,Polisher,0.017827070859029227
6610,0.00618981646999503,HOG8-ML02-H2-GPS-GradientEstimation-Escape-Specialist-Refiner,Refiner,0.09441319084218455
6620,0.006189735057050833,HOG8-ML00-H1-GPS-GradientEstimation-Escape-Specialist-Polisher,Polisher,0.0013152723443672196
6624,0.006183709392005358,HOG8-ML02-H2-GPS-GradientEstimation-Escape-Specialist-Refiner,Refiner,0.09734932093112983
6633,0.006177712932068222,HOG8-ML02-H2-GPS-GradientEstimation-Escape-Specialist-Refiner,Refiner,0.09697189109320221
6645,0.006171926412487614,HOG8-ML02-H2-GPS-GradientEstimation-Escape-Specialist-Refiner,Refiner,0.09366766705152045
6655,0.006166324534069228,HOG8-ML02-H2-GPS-GradientEstimation-Escape-Specialist-Refiner,Refiner,0.09076385627429998
6671,0.006161776956951716,HOG8-ML02-H2-GPS-GradientEstimation-Escape-Specialist-Refiner,Refiner,0.07374858543994514
6679,0.006158284000129261,HOG8-ML02-H2-GPS-GradientEstimation-Escape-Specialist-Refiner,Refiner,0.056687492047464524
6694,0.006152257919035657,HOG8-ML02-H2-GPS-GradientEstimation-Escape-Specialist-Refiner,Refiner,0.09785325089712799
6709,0.006149719668361231,HOG8-ML02-H2-GPS-GradientEstimation-Escape-Specialist-Polisher,Polisher,0.04125722145966591
6729,0.006145996043434685,HOG8-ML02-H2-GPS-GradientEstimation-Escape-Specialist-Refiner,Refiner,0.060549506763749594
6740,0.006142623010050642,HOG8-ML02-H2-GPS-GradientEstimation-Escape-Specialist-Refiner,Refiner,0.054881802074151685
6751,0.006137000889626248,HOG8-ML02-H2-GPS-GradientEstimation-Escape-Specialist-Refiner,Refiner,0.09152637912492473
6761,0.006132337477653974,HOG8-ML02-H2-GPS-GradientEstimation-Escape-Specialist-Refiner,Refiner,0.07598845195144464
6772,0.006129686307337668,HOG8-ML02-H2-GPS-GradientEstimation-Escape-Specialist-Polisher,Polisher,0.04323262256793899
6785,0.006125057691428679,HOG8-ML02-H2-GPS-GradientEstimation-Escape-Specialist-Refiner,Refiner,0.07551146464784673
6799,0.006122055829353653,HOG8-ML02-H2-GPS-GradientEstimation-Escape-Specialist-Polisher,Polisher,0.04900953144043989
6810,0.006120382103110243,HOG8-ML02-H2-GPS-GradientEstimation-Escape-Specialist-Polisher,Polisher,0.027339284221890428
6820,0.006119668861147636,HOG8-ML00-H2-GPS-GradientEstimation-Escape-Specialist-Polisher,Polisher,0.011653552843455485
6820,0.006118932822787927,HOG8-ML02-H2-GPS-GradientEstimation-Escape-Specialist-Polisher,Polisher,0.012027421359052432
6829,0.006118382455178234,HOG8-ML00-H1-GPS-GradientEstimation-Escape-Specialist-Polisher,Polisher,0.008994503218653237
6831,0.006115886084527397,HOG8-ML02-H2-GPS-GradientEstimation-Escape-Specialist-Polisher,Polisher,0.04080115404887613
6840,0.006113950537883821,HOG8-ML00-H1-GPS-GradientEstimation-Escape-Specialist-Polisher,Polisher,0.03164785309643502
6840,0.0061123639009533475,HOG8-ML02-H2-GPS-GradientEstimation-Escape-Specialist-Polisher,Polisher,0.02595109202539303
6853,0.00610787833641385,HOG8-ML02-H2-GPS-GradientEstimation-Escape-Specialist-Refiner,Refiner,0.073385102918991
6862,0.006104344241549271,HOG8-ML02-H2-GPS-GradientEstimation-Escape-Specialist-Refiner,Refiner,0.05786125181159617
6872,0.006102402312982992,HOG8-ML02-H2-GPS-GradientEstimation-Escape-Specialist-Polisher,Polisher,0.0318122387833531
6872,0.006101739055856866,HOG8-ML00-H1-GPS-GradientEstimation-Escape-Specialist-Polisher,Polisher,0.010868787276029938
6879,0.006101638709996176,HOG8-ML00-H2-GPS-GradientEstimation-Escape-Specialist-Polisher,Polisher,0.001644545264417177
6885,0.006100296177013397,HOG8-ML02-H2-GPS-GradientEstimation-Escape-Specialist-Polisher,Polisher,0.02200282656165237
6888,0.006098890146910909,HOG8-ML00-H1-GPS-GradientEstimation-Escape-Specialist-Polisher,Polisher,0.023048554720770668
6895,0.006097686964116284,HOG8-ML02-H2-GPS-GradientEstimation-Escape-Specialist-Polisher,Polisher,0.019727897464005044
6899,0.006096105563772468,HOG8-ML00-H1-GPS-GradientEstimation-Escape-Specialist-Polisher,Polisher,0.02593442977840821
6910,0.006096081478050235,HOG8-ML00-H2-GPS-GradientEstimation-Escape-Specialist-Polisher,Polisher,0.0003951001500987263
6912,0.006093511110411549,HOG8-ML00-H1-GPS-GradientEstimation-Escape-Specialist-Polisher,Polisher,0.042164259909276025
6918,0.006093012534280214,HOG8-ML00-H2-GPS-GradientEstimation-Escape-Specialist-Polisher,Polisher,0.008182082912481837
6928,0.006090374726919635,HOG8-ML00-H1-GPS-GradientEstimation-Escape-Specialist-Polisher,Polisher,0.04329233438694745
6930,0.006090227720602393,HOG8-ML00-H2-GPS-GradientEstimation-Escape-Specialist-Polisher,Polisher,0.002413748313251025
6938,0.00608706459778587,HOG8-ML00-H1-GPS-GradientEstimation-Escape-Specialist-Refiner,Refiner,0.05193767723697168
6944,0.006086336439613087,HOG8-ML00-H2-GPS-GradientEstimation-Escape-Specialist-Polisher,Polisher,0.011962386156507698
6949,0.006082569803873975,HOG8-ML00-H1-GPS-GradientEstimation-Escape-Specialist-Refiner,Refiner,0.06188674872780297
6953,0.006082462684418998,HOG8-ML00-H2-GPS-GradientEstimation-Escape-Specialist-Polisher,Polisher,0.0017610887902696469
6963,0.0060789622590376145,HOG8-ML00-H1-GPS-GradientEstimation-Escape-Specialist-Refiner,Refiner,0.05754947564825311
6975,0.006075721821685904,HOG8-ML00-H2-GPS-GradientEstimation-Escape-Specialist-Refiner,Refiner,0.05330576525446714
6984,0.006075107310838344,HOG8-ML02-H2-GPS-GradientEstimation-Escape-Specialist-Polisher,Polisher,0.010114203144827227
6989,0.006072247340661929,HOG8-ML00-H1-GPS-GradientEstimation-Escape-Specialist-Polisher,Polisher,0.047076866795643844
6999,0.006070283659554628,HOG8-ML00-H2-GPS-GradientEstimation-Escape-Specialist-Polisher,Polisher,0.032338621883055585
7015,0.00606752692938114,HOG8-ML00-H2-GPS-GradientEstimation-Escape-Specialist-Polisher,Polisher,0.04541353136189955
7029,0.006066189467756436,HOG8-ML00-H2-GPS-GradientEstimation-Escape-Specialist-Polisher,Polisher,0.022042945013195276
7039,0.006065128470122932,HOG8-ML02-H2-GPS-GradientEstimation-Escape-Specialist-Polisher,Polisher,0.017490347756905274
7050,0.0060622188862125845,HOG8-ML00-H2-GPS-GradientEstimation-Escape-Specialist-Polisher,Polisher,0.047972337678921013
7060,0.006058480187880218,HOG8-ML00-H2-GPS-GradientEstimation-Escape-Specialist-Refiner,Refiner,0.06167211053479788
7072,0.006055257436157635,HOG8-ML02-H2-GPS-GradientEstimation-Escape-Specialist-Refiner,Refiner,0.053194062250632834
7082,0.006052229126434655,HOG8-ML00-H1-GPS-GradientEstimation-Escape-Specialist-Refiner,Refiner,0.05001124650616101
7092,0.006050077061343246,HOG8-ML00-H1-GPS-GradientEstimation-Escape-Specialist-Polisher,Polisher,0.03555822237479503
7109,0.006048095579214488,HOG8-ML00-H1-GPS-GradientEstimation-Escape-Specialist-Polisher,Polisher,0.03275135355578183
7114,0.006046440404147409,HOG8-ML02-H2-GPS-GradientEstimation-Escape-Specialist-Polisher,Polisher,0.027366880126149917
7128,0.006045500767454471,HOG8-ML00-H1-GPS-GradientEstimation-Escape-Specialist-Polisher,Polisher,0.01554032836069272
7129,0.006043567413805087,HOG8-ML02-H2-GPS-GradientEstimation-Escape-Specialist-Polisher,Polisher,0.031980041418440075
7145,0.006043132797854261,HOG8-ML00-H1-GPS-GradientEstimation-Escape-Specialist-Polisher,Polisher,0.00719138086941337
7145,0.0060409807782090316,HOG8-ML02-H2-GPS-GradientEstimation-Escape-Specialist-Polisher,Polisher,0.03561099378774525
7152,0.006038613816236061,HOG8-ML02-H2-GPS-GradientEstimation-Escape-Specialist-Polisher,Polisher,0.039181749783218776
7220,0.006037652542970629,HOG8-ML02-H2-GPS-GradientEstimation-Escape-Specialist-Polisher,Polisher,0.015918773657095167
7227,0.00603595370708224,HOG8-ML00-H1-GPS-GradientEstimation-Escape-Specialist-Polisher,Polisher,0.028137357628610107
7230,0.006035061991871337,HOG8-ML02-H2-GPS-GradientEstimation-Escape-Specialist-Polisher,Polisher,0.014773393802815737
7237,0.0060336119651046285,HOG8-ML00-H1-GPS-GradientEstimation-Escape-Specialist-Polisher,Polisher,0.024026708734090116
7240,0.00603266127380287,HOG8-ML02-H2-GPS-GradientEstimation-Escape-Specialist-Polisher,Polisher,0.015756586722128877
7247,0.006030813876211745,HOG8-ML00-H1-GPS-GradientEstimation-Escape-Specialist-Polisher,Polisher,0.030623260734818684
7248,0.006030388022542108,HOG8-ML02-H2-GPS-GradientEstimation-Escape-Specialist-Polisher,Polisher,0.007061296839495471
7258,0.006028254732595602,HOG8-ML00-H1-GPS-GradientEstimation-Escape-Specialist-Polisher,Polisher,0.03537566635069147
7261,0.006027654013614402,HOG8-ML02-H2-GPS-GradientEstimation-Escape-Specialist-Polisher,Polisher,0.009965056352908135
7268,0.006026579056228282,HOG8-ML00-H1-GPS-GradientEstimation-Escape-Specialist-Polisher,Polisher,0.017833760592287168
7271,0.006026552017042241,HOG8-ML02-H2-GPS-GradientEstimation-Escape-Specialist-Polisher,Polisher,0.0004486655827286694
7278,0.00602477594873599,HOG8-ML00-H1-GPS-GradientEstimation-Escape-Specialist-Polisher,Polisher,0.029470720591611082
7290,0.0060235092816354995,HOG8-ML00-H1-GPS-GradientEstimation-Escape-Specialist-Polisher,Polisher,0.02102430216938911
7301,0.006020887203349582,HOG8-ML00-H1-GPS-GradientEstimation-Escape-Specialist-Polisher,Polisher,0.043530742019635464
7309,0.006018925859888861,HOG8-ML00-H1-GPS-GradientEstimation-Escape-Specialist-Polisher,Polisher,0.032575655289300724
7320,0.006017673859473256,HOG8-ML00-H1-GPS-GradientEstimation-Escape-Specialist-Polisher,Polisher,0.020801060600343826
7332,0.006015492971455049,HOG8-ML00-H1-GPS-GradientEstimation-Escape-Specialist-Polisher,Polisher,0.03624137946215773
7344,0.006013429163669006,HOG8-ML00-H1-GPS-GradientEstimation-Escape-Specialist-Polisher,Polisher,0.0343082070885336
7353,0.00601111353217899,HOG8-ML00-H1-GPS-GradientEstimation-Escape-Specialist-Polisher,Polisher,0.03850767053191563
7364,0.00600880686116651,HOG8-ML00-H1-GPS-GradientEstimation-Escape-Specialist-Polisher,Polisher,0.03837343946562147
7378,0.006007359455138725,HOG8-ML00-H1-GPS-GradientEstimation-Escape-Specialist-Polisher,Polisher,0.024088077071328852
7389,0.006005893244158901,HOG8-ML00-H1-GPS-GradientEstimation-Escape-Specialist-Polisher,Polisher,0.024406912733832366
7403,0.006004838240902452,HOG8-ML00-H1-GPS-GradientEstimation-Escape-Specialist-Polisher,Polisher,0.017566134021374066
7418,0.006003879754735224,HOG8-ML00-H1-GPS-GradientEstimation-Escape-Specialist-Polisher,Polisher,0.015961898202334304
7424,0.0060024875397706855,HOG8-ML00-H1-GPS-GradientEstimation-Escape-Specialist-Polisher,Polisher,0.023188588403033204
7436,0.006002431252292775,HOG8-ML02-H2-GPS-GradientEstimation-Escape-Specialist-Polisher,Polisher,0.0009377358559675591
7441,0.006000160712033804,HOG8-ML00-H1-GPS-GradientEstimation-Escape-Specialist-Polisher,Polisher,0.037827009815455725
7447,0.005997756402926006,HOG8-ML00-H1-GPS-GradientEstimation-Escape-Specialist-Polisher,Polisher,0.04007074515481679
7462,0.005995915760093095,HOG8-ML00-H1-GPS-GradientEstimation-Escape-Specialist-Polisher,Polisher,0.030688856119807685
7471,0.005993835733922759,HOG8-ML00-H1-GPS-GradientEstimation-Escape-Specialist-Polisher,Polisher,0.03469071704076487
7483,0.005991978701093494,HOG8-ML00-H1-GPS-GradientEstimation-Escape-Specialist-Polisher,Polisher,0.030982377757776663
7492,0.005990799990224946,HOG8-ML00-H1-GPS-GradientEstimation-Escape-Specialist-Polisher,Polisher,0.019671479612119847
7508,0.00599013687065331,HOG8-ML02-H2-GPS-GradientEstimation-Escape-Specialist-Polisher,Polisher,0.01106896529208368
7512,0.005988701106225909,HOG8-ML00-H1-GPS-GradientEstimation-Escape-Specialist-Polisher,Polisher,0.023968808366214848
7528,0.0059881290698595374,HOG8-ML00-H1-GPS-GradientEstimation-Escape-Specialist-Polisher,Polisher,0.009551927141211376
7538,0.005986404137278825,HOG8-ML00-H1-GPS-GradientEstimation-Escape-Specialist-Polisher,Polisher,0.02880586842047797
7560,0.00598387095491411,HOG8-ML00-H1-GPS-GradientEstimation-Escape-Specialist-Polisher,Polisher,0.04231559224243587
7571,0.005983462953603474,HOG8-ML02-H2-GPS-GradientEstimation-Escape-Specialist-Polisher,Polisher,0.0068183507583986095
7572,0.005981881524004183,HOG8-ML00-H1-GPS-GradientEstimation-Escape-Specialist-Polisher,Polisher,0.02643000569326057
7582,0.00598178748712855,HOG8-ML02-H2-GPS-GradientEstimation-Escape-Specialist-Polisher,Polisher,0.001572028386977664
7582,0.005980439194358121,HOG8-ML00-H1-GPS-GradientEstimation-Escape-Specialist-Polisher,Polisher,0.022539964405785973
7595,0.005978552641587761,HOG8-ML00-H1-GPS-GradientEstimation-Escape-Specialist-Polisher,Polisher,0.03154538837448664
7602,0.00597729329234639,HOG8-ML00-H1-GPS-GradientEstimation-Escape-Specialist-Polisher,Polisher,0.0210644501582342
7618,0.005975529012844571,HOG8-ML00-H1-GPS-GradientEstimation-Escape-Specialist-Polisher,Polisher,0.029516361595940278
7627,0.005974007093199958,HOG8-ML00-H1-GPS-GradientEstimation-Escape-Specialist-Polisher,Polisher,0.025469203502177698
7637,0.005972777795444377,HOG8-ML00-H1-GPS-GradientEstimation-Escape-Specialist-Polisher,Polisher,0.020577440508566577
7653,0.005972234377742307,HOG8-ML00-H1-GPS-GradientEstimation-Escape-Specialist-Polisher,Polisher,0.009098240729545987
7664,0.005971086022420117,HOG8-ML00-H1-GPS-GradientEstimation-Escape-Specialist-Polisher,Polisher,0.01922823602618917
7679,0.005969969671309124,HOG8-ML00-H1-GPS-GradientEstimation-Escape-Specialist-Polisher,Polisher,0.0186959475512782
7686,0.00596915588943699,HOG8-ML00-H1-GPS-GradientEstimation-Escape-Specialist-Polisher,Polisher,0.013631256387203333
7696,0.00596802964566714,HOG8-ML00-H1-GPS-GradientEstimation-Escape-Specialist-Polisher,Polisher,0.01886772251739183
7708,0.0059667190175080285,HOG8-ML00-H1-GPS-GradientEstimation-Escape-Specialist-Polisher,Polisher,0.02196081851006035
7716,0.005965625717833071,HOG8-ML00-H1-GPS-GradientEstimation-Escape-Specialist-Polisher,Polisher,0.01832329747302157
7723,0.005965616828302978,HOG8-ML02-H2-GPS-GradientEstimation-Escape-Specialist-Polisher,Polisher,0.00014901253470136905
7728,0.005964111814100782,HOG8-ML00-H1-GPS-GradientEstimation-Escape-Specialist-Polisher,Polisher,0.025228140618353677
7743,0.005962687003461147,HOG8-ML00-H1-GPS-GradientEstimation-Escape-Specialist-Polisher,Polisher,0.023889737215632163
7750,0.0059613572181785625,HOG8-ML00-H1-GPS-GradientEstimation-Escape-Specialist-Polisher,Polisher,0.022301779077323496
7762,0.005960314324167685,HOG8-ML00-H1-GPS-GradientEstimation-Escape-Specialist-Polisher,Polisher,0.017494237850685906
7772,0.005959487889209827,HOG8-ML00-H1-GPS-GradientEstimation-Escape-Specialist-Polisher,Polisher,0.01386562709465791
7784,0.00595817072034866,HOG8-ML00-H1-GPS-GradientEstimation-Escape-Specialist-Polisher,Polisher,0.022102047787560693
7798,0.005957218604238699,HOG8-ML00-H1-GPS-GradientEstimation-Escape-Specialist-Polisher,Polisher,0.015980007197657416
7805,0.0059572108889046314,HOG8-ML02-H2-GPS-GradientEstimation-Escape-Specialist-Polisher,Polisher,0.00012951235434464193
7808,0.0059564580790815004,HOG8-ML00-H1-GPS-GradientEstimation-Escape-Specialist-Polisher,Polisher,0.012636951035812923
7818,0.0059559435410360875,HOG8-ML00-H1-GPS-GradientEstimation-Escape-Specialist-Polisher,Polisher,0.008638322281155445
7830,0.005954758030482932,HOG8-ML00-H1-GPS-GradientEstimation-Escape-Specialist-Polisher,Polisher,0.01990466405510923
7838,0.005953694453803156,HOG8-ML00-H1-GPS-GradientEstimation-Escape-Specialist-Polisher,Polisher,0.01786095546336845
7850,0.0059527801126681035,HOG8-ML02-H2-GPS-GradientEstimation-Escape-Specialist-Polisher,Polisher,0.015357542147107045
7851,0.005952399534442039,HOG8-ML00-H1-GPS-GradientEstimation-Escape-Specialist-Polisher,Polisher,0.006393285471013603
7861,0.005951826670988994,HOG8-ML02-H2-GPS-GradientEstimation-Escape-Specialist-Polisher,Polisher,0.009624075966849093
7862,0.005951414885866519,HOG8-ML00-H1-GPS-GradientEstimation-Escape-Specialist-Polisher,Polisher,0.006918634315774889
7871,0.005950848652477809,HOG8-ML02-H2-GPS-GradientEstimation-Escape-Specialist-Polisher,Polisher,0.009514265087709134
7872,0.005950549810878534,HOG8-ML00-H1-GPS-GradientEstimation-Escape-Specialist-Polisher,Polisher,0.005021831619769934
7886,0.005949892097090657,HOG8-ML02-H2-GPS-GradientEstimation-Escape-Specialist-Polisher,Polisher,0.011052991887821073
7889,0.005949718944272351,HOG8-ML00-H1-GPS-GradientEstimation-Escape-Specialist-Polisher,Polisher,0.002910184176120328
7893,0.005949567541453241,HOG8-ML02-H2-GPS-GradientEstimation-Escape-Specialist-Polisher,Polisher,0.0025447053974832694
7898,0.005948688777755421,HOG8-ML00-H1-GPS-GradientEstimation-Escape-Specialist-Polisher,Polisher,0.014770211308583784
7909,0.005948236398962227,HOG8-ML00-H1-GPS-GradientEstimation-Escape-Specialist-Polisher,Polisher,0.0076046807976591566
7914,0.0059477801049163765,HOG8-ML02-H2-GPS-GradientEstimation-Escape-Specialist-Polisher,Polisher,0.007671081228883541
7924,0.005947679381147774,HOG8-ML00-H1-GPS-GradientEstimation-Escape-Specialist-Polisher,Polisher,0.0016934682659057753
7929,0.005947408185568533,HOG8-ML02-H2-GPS-GradientEstimation-Escape-Specialist-Polisher,Polisher,0.004559687263916374
7932,0.005947127016816734,HOG8-ML00-H1-GPS-GradientEstimation-Escape-Specialist-Polisher,Polisher,0.004727584571741108
7940,0.005947045773618549,HOG8-ML02-H2-GPS-GradientEstimation-Escape-Specialist-Polisher,Polisher,0.0013660915254511104
7948,0.005946317418345561,HOG8-ML00-H1-GPS-GradientEstimation-Escape-Specialist-Polisher,Polisher,0.012247346005294363
7950,0.0059462778552500945,HOG8-ML02-H2-GPS-GradientEstimation-Escape-Specialist-Polisher,Polisher,0.0006653377659308485
7958,0.005945441775304002,HOG8-ML00-H1-GPS-GradientEstimation-Escape-Specialist-Polisher,Polisher,0.014060559671873968
7968,0.005944719734555889,HOG8-ML00-H1-GPS-GradientEstimation-Escape-Specialist-Polisher,Polisher,0.01214444233751336
7972,0.005944543760665175,HOG8-ML02-H2-GPS-GradientEstimation-Escape-Specialist-Polisher,Polisher,0.002960171354950767
7977,0.0059439073206621245,HOG8-ML00-H1-GPS-GradientEstimation-Escape-Specialist-Polisher,Polisher,0.01070628846677565
7985,0.0059436734459334065,HOG8-ML02-H2-GPS-GradientEstimation-Escape-Specialist-Polisher,Polisher,0.003934696759233497
7988,0.005942895436498709,HOG8-ML00-H1-GPS-GradientEstimation-Escape-Specialist-Polisher,Polisher,0.013089706925773482
7992,0.005942895079070287,HOG8-ML02-H2-GPS-GradientEstimation-Escape-Specialist-Polisher,Polisher,6.01438180678977E-06
8000,0.005942480846294597,HOG8-ML00-H1-GPS-GradientEstimation-Escape-Specialist-Polisher,Polisher,0.006970218558104105
8005,0.0059423100503225,HOG8-ML02-H2-GPS-GradientEstimation-Escape-Specialist-Polisher,Polisher,0.0028741526731822513
8017,0.005941376540572659,HOG8-ML00-H1-GPS-GradientEstimation-Escape-Specialist-Polisher,Polisher,0.015709542954435194
8028,0.005940721229817763,HOG8-ML00-H1-GPS-GradientEstimation-Escape-Specialist-Polisher,Polisher,0.011029611579410042
8040,0.005940304134961455,HOG8-ML00-H1-GPS-GradientEstimation-Escape-Specialist-Polisher,Polisher,0.007020946450323821
8056,0.0059395198729543545,HOG8-ML00-H1-GPS-GradientEstimation-Escape-Specialist-Polisher,Polisher,0.013202388114852536
8066,0.005938945462041689,HOG8-ML00-H1-GPS-GradientEstimation-Escape-Specialist-Polisher,Polisher,0.009670999086663057
8078,0.005938097795400991,HOG8-ML00-H1-GPS-GradientEstimation-Escape-Specialist-Polisher,Polisher,0.014273016078617013
8091,0.0059373370730231734,HOG8-ML00-H1-GPS-GradientEstimation-Escape-Specialist-Polisher,Polisher,0.01281087654715202
8099,0.005936636986144301,HOG8-ML00-H1-GPS-GradientEstimation-Escape-Specialist-Polisher,Polisher,0.01179126046343637
8112,0.005935969801674956,HOG8-ML00-H1-GPS-GradientEstimation-Escape-Specialist-Polisher,Polisher,0.0112384245643206
8128,0.005935651294403672,HOG8-ML00-H1-GPS-GradientEstimation-Escape-Specialist-Polisher,Polisher,0.005365715829520431
8137,0.00593518392891421,HOG8-ML00-H1-GPS-GradientEstimation-Escape-Specialist-Polisher,Polisher,0.00787387038559328
8144,0.005934737548348529,HOG8-ML00-H1-GPS-GradientEstimation-Escape-Specialist-Polisher,Polisher,0.007520922199330951
8160,0.005934524521852672,HOG8-ML00-H1-GPS-GradientEstimation-Escape-Specialist-Polisher,Polisher,0.00358948469281138
8171,0.005934497285046077,HOG8-ML02-H2-GPS-GradientEstimation-Escape-Specialist-Polisher,Polisher,0.0004589551613535095
8172,0.005934198512199757,HOG8-ML00-H1-GPS-GradientEstimation-Escape-Specialist-Polisher,Polisher,0.005034509781863445
8182,0.005933940077267575,HOG8-ML02-H2-GPS-GradientEstimation-Escape-Specialist-Polisher,Polisher,0.0043550098914176645
8187,0.005933495185770757,HOG8-ML00-H1-GPS-GradientEstimation-Escape-Specialist-Polisher,Polisher,0.0074974046084854765
8194,0.005933425617668043,HOG8-ML02-H2-GPS-GradientEstimation-Escape-Specialist-Polisher,Polisher,0.0011724641300839495
8197,0.005932974643821557,HOG8-ML00-H1-GPS-GradientEstimation-Escape-Specialist-Polisher,Polisher,0.00760056459026215
8205,0.005932637249808269,HOG8-ML02-H2-GPS-GradientEstimation-Escape-Specialist-Polisher,Polisher,0.00568675973762879
8207,0.005932301395465746,HOG8-ML00-H1-GPS-GradientEstimation-Escape-Specialist-Polisher,Polisher,0.005661130596406202
8218,0.005931801470548705,HOG8-ML00-H1-GPS-GradientEstimation-Escape-Specialist-Polisher,Polisher,0.008427166519618537
8228,0.005931101125981225,HOG8-ML00-H1-GPS-GradientEstimation-Escape-Specialist-Polisher,Polisher,0.011806608345828199
8238,0.005930546486031808,HOG8-ML00-H1-GPS-GradientEstimation-Escape-Specialist-Polisher,Polisher,0.009351382443767004
8248,0.005930067502305332,HOG8-ML00-H1-GPS-GradientEstimation-Escape-Specialist-Polisher,Polisher,0.0080765529383208
8260,0.0059297667850152155,HOG8-ML02-H2-GPS-GradientEstimation-Escape-Specialist-Polisher,Polisher,0.005071060152337905
8266,0.005929723245248641,HOG8-ML00-H1-GPS-GradientEstimation-Escape-Specialist-Polisher,Polisher,0.0007342576555331608
8278,0.005929447166483864,HOG8-ML00-H1-GPS-GradientEstimation-Escape-Specialist-Polisher,Polisher,0.004655845700699056
8287,0.005928998853566902,HOG8-ML00-H1-GPS-GradientEstimation-Escape-Specialist-Polisher,Polisher,0.007560787782991067
8298,0.005928669831830103,HOG8-ML00-H1-GPS-GradientEstimation-Escape-Specialist-Polisher,Polisher,0.005549364149404183
8308,0.005928206716635007,HOG8-ML00-H1-GPS-GradientEstimation-Escape-Specialist-Polisher,Polisher,0.007811451948464897
8318,0.005927737060608049,HOG8-ML00-H1-GPS-GradientEstimation-Escape-Specialist-Polisher,Polisher,0.00792239625585305
8329,0.005927278150870139,HOG8-ML00-H1-GPS-GradientEstimation-Escape-Specialist-Polisher,Polisher,0.007741735728456659
8340,0.005926790743476301,HOG8-ML00-H1-GPS-GradientEstimation-Escape-Specialist-Polisher,Polisher,0.00822312335327584
8350,0.0059267557673528355,HOG8-ML02-H2-GPS-GradientEstimation-Escape-Specialist-Polisher,Polisher,0.0005901359602388644
8355,0.00592623525452626,HOG8-ML00-H1-GPS-GradientEstimation-Escape-Specialist-Polisher,Polisher,0.008782424095203476
8368,0.0059256767379818115,HOG8-ML00-H1-GPS-GradientEstimation-Escape-Specialist-Polisher,Polisher,0.009424474737508824
8377,0.005925356484092414,HOG8-ML00-H1-GPS-GradientEstimation-Escape-Specialist-Polisher,Polisher,0.005404511645808418
8385,0.005925058500115179,HOG8-ML00-H1-GPS-GradientEstimation-Escape-Specialist-Polisher,Polisher,0.005028962865532441
8399,0.005924533349799553,HOG8-ML00-H1-GPS-GradientEstimation-Escape-Specialist-Polisher,Polisher,0.008863208955920708
8412,0.005924390240094247,HOG8-ML00-H1-GPS-GradientEstimation-Escape-Specialist-Polisher,Polisher,0.0024155439231452244
8422,0.00592395949778653,HOG8-ML00-H1-GPS-GradientEstimation-Escape-Specialist-Polisher,Polisher,0.007270660612495817
8437,0.005923602677208454,HOG8-ML00-H1-GPS-GradientEstimation-Escape-Specialist-Polisher,Polisher,0.006023346010540196
8448,0.005923129668898758,HOG8-ML00-H1-GPS-GradientEstimation-Escape-Specialist-Polisher,Polisher,0.00798514578833225
8457,0.005922714023057362,HOG8-ML00-H1-GPS-GradientEstimation-Escape-Specialist-Polisher,Polisher,0.007017334831917264
8469,0.00592231404969718,HOG8-ML00-H1-GPS-GradientEstimation-Escape-Specialist-Polisher,Polisher,0.006753210751441967
8482,0.005922118962237467,HOG8-ML00-H1-GPS-GradientEstimation-Escape-Specialist-Polisher,Polisher,0.0032941086554295
8492,0.005921981775307266,HOG8-ML00-H1-GPS-GradientEstimation-Escape-Specialist-Polisher,Polisher,0.0023165176362718934
8502,0.00592174014815691,HOG8-ML00-H1-GPS-GradientEstimation-Escape-Specialist-Polisher,Polisher,0.00408017382564807
8516,0.005921473145573736,HOG8-ML00-H1-GPS-GradientEstimation-Escape-Specialist-Polisher,Polisher,0.00450885341966928
8529,0.005921101783932785,HOG8-ML00-H1-GPS-GradientEstimation-Escape-Specialist-Polisher,Polisher,0.0062714400930624645
8540,0.0059207980359222995,HOG8-ML00-H1-GPS-GradientEstimation-Escape-Specialist-Polisher,Polisher,0.0051299238143396545
8550,0.005920773649147105,HOG8-ML02-H2-GPS-GradientEstimation-Escape-Specialist-Polisher,Polisher,0.0004118832469332222
8558,0.005920299668606279,HOG8-ML00-H1-GPS-GradientEstimation-Escape-Specialist-Polisher,Polisher,0.008005381879340415
8568,0.00591997321796208,HOG8-ML00-H1-GPS-GradientEstimation-Escape-Specialist-Polisher,Polisher,0.0055140898682927144
8580,0.005919554128642288,HOG8-ML00-H1-GPS-GradientEstimation-Escape-Specialist-Polisher,Polisher,0.007079243509416588
8592,0.005919223510330224,HOG8-ML00-H1-GPS-GradientEstimation-Escape-Specialist-Polisher,Polisher,0.005585189439603091
8609,0.0059189168108360465,HOG8-ML00-H1-GPS-GradientEstimation-Escape-Specialist-Polisher,Polisher,0.005181414312907825
8617,0.0059186862007975195,HOG8-ML00-H1-GPS-GradientEstimation-Escape-Specialist-Polisher,Polisher,0.003896152723498634
8621,0.005918597995212932,HOG8-ML02-H2-GPS-GradientEstimation-Escape-Specialist-Polisher,Polisher,0.0014902899325075496
8628,0.005918581256319002,HOG8-ML00-H1-GPS-GradientEstimation-Escape-Specialist-Polisher,Polisher,0.00028281856521099373
8639,0.00591839182590801,HOG8-ML02-H2-GPS-GradientEstimation-Escape-Specialist-Polisher,Polisher,0.0032006050569904554
8649,0.005918131702883836,HOG8-ML02-H2-GPS-GradientEstimation-Escape-Specialist-Polisher,Polisher,0.004395163953741707
8659,0.005917996981818481,HOG8-ML02-H2-GPS-GradientEstimation-Escape-Specialist-Polisher,Polisher,0.0022764120860970087
8670,0.00591767118361467,HOG8-ML02-H2-GPS-GradientEstimation-Escape-Specialist-Polisher,Polisher,0.005505210712542483
8682,0.0059173821088744525,HOG8-ML02-H2-GPS-GradientEstimation-Escape-Specialist-Polisher,Polisher,0.0048849409040767995
8691,0.005917095763323365,HOG8-ML02-H2-GPS-GradientEstimation-Escape-Specialist-Polisher,Polisher,0.004839057978997497
8704,0.005916767951515673,HOG8-ML02-H2-GPS-GradientEstimation-Escape-Specialist-Polisher,Polisher,0.005540079471483016
8711,0.00590743478881225,HOG8-ML04-H1-GPS-Sniper-Specialist-Refiner,Refiner,0.1577408946895104
8743,0.005887785275432579,HOG8-ML04-H1-GPS-Sniper-Specialist-Refiner,Refiner,0.33262344963814705
8752,0.005868806499884379,HOG8-ML04-H1-GPS-Sniper-Specialist-Refiner,Refiner,0.32234150296531133
8762,0.005866985538781111,HOG8-ML04-H1-GPS-Sniper-Specialist-Polisher,Polisher,0.031027792504395794
8779,0.005855933462660268,HOG8-ML04-H1-GPS-Sniper-Specialist-Refiner,Refiner,0.18837742223476645
8825,0.005838986855575851,HOG8-ML04-H1-GPS-Sniper-Specialist-Refiner,Refiner,0.2893920703245008
8839,0.005831046075326048,HOG8-ML04-H1-GPS-Sniper-Specialist-Refiner,Refiner,0.13599585760704175
8882,0.005826945600668627,HOG8-ML04-H1-GPS-Sniper-Specialist-Refiner,Refiner,0.07032142439710808
8890,0.005824205516706096,HOG8-ML04-H1-GPS-Sniper-Specialist-Polisher,Polisher,0.04702436148050352
8904,0.005798765942904864,HOG8-ML04-H1-GPS-Sniper-Specialist-Refiner,Refiner,0.43679045542368117
8953,0.0057920504869690935,HOG8-ML04-H1-GPS-Sniper-Specialist-Refiner,Refiner,0.1158083633982104
8963,0.005791792065144904,HOG8-ML04-H1-GPS-Sniper-Specialist-Polisher,Polisher,0.0044616638748412995
8979,0.005781377460459659,HOG8-ML04-H1-GPS-Sniper-Specialist-Refiner,Refiner,0.1798166192450191
9010,0.005760868590150332,HOG8-ML04-H1-GPS-Sniper-Specialist-Refiner,Refiner,0.35474020593867994
9030,0.005759536749016357,HOG8-ML04-H1-GPS-Sniper-Specialist-Polisher,Polisher,0.023118755672579316
9052,0.0057525834130596545,HOG8-ML04-H1-GPS-Sniper-Specialist-Refiner,Refiner,0.12072734769666563
9062,0.005730785142697054,HOG8-ML04-H1-GPS-Sniper-Specialist-Refiner,Refiner,0.3789301049179636
9069,0.005730384080022674,HOG8-ML04-H1-GPS-Sniper-Specialist-Polisher,Polisher,0.00699838965156862
9084,0.005693959221387505,HOG8-ML04-H1-GPS-Sniper-Specialist-Exploiter,Exploiter,0.6356442801478867
9122,0.005693363228971999,HOG8-ML04-H1-GPS-Sniper-Specialist-Polisher,Polisher,0.01046710017288078
9140,0.0056744882041675805,HOG8-ML04-H1-GPS-Sniper-Specialist-Refiner,Refiner,0.3315267978752662
9169,0.005672925419212737,HOG8-ML04-H1-GPS-Sniper-Specialist-Polisher,Polisher,0.027540544602694374
9181,0.005660210666438417,HOG8-ML04-H1-GPS-Sniper-Specialist-Refiner,Refiner,0.22413044125802048
9192,0.005652235625658429,HOG8-ML04-H1-GPS-Sniper-Specialist-Refiner,Refiner,0.1408965363652513
9239,0.005647284358591643,HOG8-ML04-H1-GPS-Sniper-Specialist-Refiner,Refiner,0.087598383979419
9254,0.005644718708122673,HOG8-ML04-H1-GPS-Sniper-Specialist-Polisher,Polisher,0.04543157925218599
9269,0.00564424986994258,HOG8-ML04-H1-GPS-Sniper-Specialist-Polisher,Polisher,0.008305784651738007
9316,0.005634681382876914,HOG8-ML04-H1-GPS-Sniper-Specialist-Refiner,Refiner,0.16952628402618036
9331,0.005628655390220488,HOG8-ML04-H1-GPS-Sniper-Specialist-Refiner,Refiner,0.10694469211229382
9341,0.005623373139752798,HOG8-ML04-H1-GPS-Sniper-Specialist-Refiner,Refiner,0.09384568962717676
9360,0.005621572864633375,HOG8-ML04-H1-GPS-Sniper-Specialist-Polisher,Polisher,0.032014150131637206
9382,0.005583972750939702,HOG8-ML04-H1-GPS-Sniper-Specialist-Exploiter,Exploiter,0.6688539773312214
9424,0.0055839676041047805,HOG8-ML04-H1-GPS-Sniper-Specialist-Polisher,Polisher,9.21715622793784E-05
9450,0.005570355454522393,HOG8-ML04-H1-GPS-Sniper-Specialist-Refiner,Refiner,0.24377200133434673
9459,0.005569537660947246,HOG8-ML04-H1-GPS-Sniper-Specialist-Polisher,Polisher,0.014681173972170959
9470,0.005541824442456602,HOG8-ML04-H1-GPS-Sniper-Specialist-Refiner,Refiner,0.49758561980764143
9509,0.005540192653115349,HOG8-ML04-H1-GPS-Sniper-Specialist-Polisher,Polisher,0.029444984376461755
9525,0.005531043518146834,HOG8-ML04-H1-GPS-Sniper-Specialist-Refiner,Refiner,0.16514109781671168
9570,0.0055282961087888705,HOG8-ML04-H1-GPS-Sniper-Specialist-Polisher,Polisher,0.049672531936321346
9590,0.00552418175909539,HOG8-ML04-H1-GPS-Sniper-Specialist-Refiner,Refiner,0.07442346814490082
9615,0.005519395712703519,HOG8-ML04-H1-GPS-Sniper-Specialist-Refiner,Refiner,0.08663810498253163
9624,0.005507300380465349,HOG8-ML04-H1-GPS-Sniper-Specialist-Refiner,Refiner,0.2191423276706091
9636,0.0055072941387748825,HOG8-ML04-H1-GPS-Sniper-Specialist-Polisher,Polisher,0.00011333484711860903
9644,0.005505606484933567,HOG8-ML04-H1-GPS-Sniper-Specialist-Polisher,Polisher,0.030643975040906973
9653,0.005488559217192161,HOG8-ML04-H1-GPS-Sniper-Specialist-Refiner,Refiner,0.30963469307254843
9663,0.005480062414330764,HOG8-ML04-H1-GPS-Sniper-Specialist-Refiner,Refiner,0.1548093502349654
9674,0.005478045434235695,HOG8-ML04-H1-GPS-Sniper-Specialist-Polisher,Polisher,0.036805786915755534
9719,0.005477958164023635,HOG8-ML04-H1-GPS-Sniper-Specialist-Polisher,Polisher,0.0015930903295354967
9729,0.005469189221488313,HOG8-ML04-H1-GPS-Sniper-Specialist-Refiner,Refiner,0.16007684383045248
9751,0.005467618474693415,HOG8-ML04-H1-GPS-Sniper-Specialist-Polisher,Polisher,0.028719920472424203
9755,0.005456856670849974,HOG8-ML04-H1-GPS-Sniper-Specialist-Refiner,Refiner,0.19682799546551508
9769,0.005445095933635645,HOG8-ML04-H1-GPS-Sniper-Specialist-Refiner,Refiner,0.2155221938878079
9790,0.005439211798811723,HOG8-ML04-H1-GPS-Sniper-Specialist-Refiner,Refiner,0.10806301478683913
9803,0.005433491085320244,HOG8-ML04-H1-GPS-Sniper-Specialist-Refiner,Refiner,0.10517541333338418
9820,0.005431716081202149,HOG8-ML04-H1-GPS-Sniper-Specialist-Polisher,Polisher,0.03266783896804482
9830,0.005421019321424409,HOG8-ML04-H1-GPS-Sniper-Specialist-Refiner,Refiner,0.19693149674665225
9845,0.0054101451462013435,HOG8-ML04-H1-GPS-Sniper-Specialist-Refiner,Refiner,0.20059281434562548
9880,0.005410022729487229,HOG8-ML04-H1-GPS-Sniper-Specialist-Polisher,Polisher,0.0022627251359517843
9899,0.005409490207635079,HOG8-ML04-H1-GPS-Sniper-Specialist-Polisher,Polisher,0.009843246115171947
9910,0.005403248076097625,HOG8-ML04-H1-GPS-Sniper-Specialist-Refiner,Refiner,0.11539223286962305
9923,0.005401583134578982,HOG8-ML04-H1-GPS-Sniper-Specialist-Polisher,Polisher,0.030813716031435852
9933,0.005401574787959178,HOG8-ML04-H1-GPS-Sniper-Specialist-Polisher,Polisher,0.0001545217317999539
9942,0.0054015334594190645,HOG8-ML04-H1-GPS-Sniper-Specialist-Polisher,Polisher,0.0007651202054213421
9953,0.005400118078696115,HOG8-ML04-H1-GPS-Sniper-Specialist-Polisher,Polisher,0.026203313069939244
9974,0.005396164382900711,HOG8-ML04-H1-GPS-Sniper-Specialist-Refiner,Refiner,0.07321498785372277
9993,0.005383023887703612,HOG8-ML04-H1-GPS-Sniper-Specialist-Refiner,Refiner,0.24351547255934072
10014,0.005382026085900287,HOG8-ML04-H1-GPS-Sniper-Specialist-Polisher,Polisher,0.018536083512547086
10033,0.005369646768081449,HOG8-ML04-H1-GPS-Sniper-Specialist-Refiner,Refiner,0.23001222255813686
10043,0.005340594672111005,HOG8-ML04-H1-GPS-Sniper-Specialist-Exploiter,Exploiter,0.5410429628842113
10053,0.005336173193531195,HOG8-ML04-H1-GPS-Sniper-Specialist-Refiner,Refiner,0.08279000469552343
10060,0.005316071804623216,HOG8-ML04-H1-GPS-Sniper-Specialist-Refiner,Refiner,0.3767004589046589
10000,0.005316071804623216,Final,Final,0
