TimeMs,BestQuality,Source,Role,DeltaPct
5,113399.56670410291,HOG8-ML00-H2-GPS-GradientEstimation-Escape-Specialist-Global Explorer,Global Explorer,100
5,55264.92347288342,HOG8-ML00-H2-GPS-GradientEstimation-Escape-Specialist-Global Explorer,Global Explorer,51.265313370122534
18,144.03748682916682,HOG8-ML06-H2-GPS-Spray-Specialist-Global Explorer,Global Explorer,99.73936906490091
25,45.67252293553439,HOG8-ML06-H2-GPS-Spray-Specialist-Global Explorer,Global Explorer,68.29122477698914
35,36.62022817586025,HOG8-ML06-H2-GPS-Spray-Specialist-Local Explorer,Local Explorer,19.82000156297743
44,25.2759277877868,HOG8-ML06-H2-GPS-Spray-Specialist-Local Explorer,Local Explorer,30.978235126212343
55,21.71751545605154,HOG8-ML06-H1-GPS-Spray-Specialist-Local Explorer,Local Explorer,14.07826593591815
66,20.360726797438463,HOG8-ML06-H1-GPS-Spray-Specialist-Local Explorer,Local Explorer,6.247439590217999
74,20.014742006981184,HOG8-ML06-H1-GPS-Spray-Specialist-Exploiter,Exploiter,1.699275246406269
85,19.738142918884176,HOG8-ML06-H1-GPS-Spray-Specialist-Exploiter,Exploiter,1.3819767849144875
91,19.52149345513168,HOG8-ML06-H1-GPS-Spray-Specialist-Exploiter,Exploiter,1.0976182746413297
97,19.434065834973246,HOG8-ML06-H1-GPS-Spray-Specialist-Refiner,Refiner,0.44785313356981193
107,19.315119486727774,HOG8-ML06-H1-GPS-Spray-Specialist-Exploiter,Exploiter,0.6120507631059819
116,19.23353673122663,HOG8-ML06-H1-GPS-Spray-Specialist-Refiner,Refiner,0.42237768996046937
127,19.128493605621316,HOG8-ML06-H1-GPS-Spray-Specialist-Exploiter,Exploiter,0.546145657313094
135,19.08510620902699,HOG8-ML06-H1-GPS-Spray-Specialist-Refiner,Refiner,0.22682077056802855
145,19.004908336761286,HOG8-ML06-H1-GPS-Spray-Specialist-Refiner,Refiner,0.42021182060685003
156,18.916942097132207,HOG8-ML06-H1-GPS-Spray-Specialist-Refiner,Refiner,0.4628606361595835
167,18.857247584233722,HOG8-ML06-H1-GPS-Spray-Specialist-Refiner,Refiner,0.3155611123191764
180,18.821961674218826,HOG8-ML06-H1-GPS-Spray-Specialist-Refiner,Refiner,0.18712121086217004
186,18.746548764059227,HOG8-ML06-H1-GPS-Spray-Specialist-Refiner,Refiner,0.40066445498555703
198,18.708017440060452,HOG8-ML06-H1-GPS-Spray-Specialist-Refiner,Refiner,0.20553822724237786
210,18.673392286648784,HOG8-ML06-H1-GPS-Spray-Specialist-Refiner,Refiner,0.18508189615818327
220,18.64479556066521,HOG8-ML06-H1-GPS-Spray-Specialist-Refiner,Refiner,0.1531415692692432
231,18.620534005287197,HOG8-ML06-H1-GPS-Spray-Specialist-Refiner,Refiner,0.13012508128110373
239,18.60267258882912,HOG8-ML06-H1-GPS-Spray-Specialist-Refiner,Refiner,0.09592322353916888
250,18.588378837585054,HOG8-ML06-H1-GPS-Spray-Specialist-Refiner,Refiner,0.07683708443402913
260,18.573824033425947,HOG8-ML06-H1-GPS-Spray-Specialist-Refiner,Refiner,0.07830055695700798
271,18.543729961542162,HOG8-ML06-H1-GPS-Spray-Specialist-Refiner,Refiner,0.16202410354284735
280,18.527405028914515,HOG8-ML06-H1-GPS-Spray-Specialist-Refiner,Refiner,0.08803478405640823
296,18.49564079476405,HOG8-ML06-H1-GPS-Spray-Specialist-Refiner,Refiner,0.17144459302796464
305,18.48420599653836,HOG8-ML06-H1-GPS-Spray-Specialist-Refiner,Refiner,0.06182428796371618
315,18.4770711139452,HOG8-ML06-H1-GPS-Spray-Specialist-Polisher,Polisher,0.03859988681416056
324,18.46890778399872,HOG8-ML06-H1-GPS-Spray-Specialist-Polisher,Polisher,0.044180865550273236
335,18.465699763853227,HOG8-ML06-H1-GPS-Spray-Specialist-Polisher,Polisher,0.017369842239791506
344,18.45533548802218,HOG8-ML06-H1-GPS-Spray-Specialist-Refiner,Refiner,0.056127176135160516
355,18.447030192784684,HOG8-ML06-H1-GPS-Spray-Specialist-Polisher,Polisher,0.04500213633550676
366,18.445191788875633,HOG8-ML06-H1-GPS-Spray-Specialist-Polisher,Polisher,0.009965852984673871
375,18.44309986962319,HOG8-ML06-H1-GPS-Spray-Specialist-Polisher,Polisher,0.011341271353463314
385,18.438411456452467,HOG8-ML06-H1-GPS-Spray-Specialist-Polisher,Polisher,0.025420960705441958
400,18.437398838389093,HOG8-ML06-H1-GPS-Spray-Specialist-Polisher,Polisher,0.005491894276064038
411,18.402853552487915,HOG8-ML06-H1-GPS-Spray-Specialist-Refiner,Refiner,0.1873652905378933
415,18.373419946144594,HOG8-ML06-H1-GPS-Spray-Specialist-Refiner,Refiner,0.15994044760162854
426,18.362541453401043,HOG8-ML06-H1-GPS-Spray-Specialist-Refiner,Refiner,0.05920777283400359
440,18.356330266123855,HOG8-ML06-H1-GPS-Spray-Specialist-Polisher,Polisher,0.033825313848576954
450,18.35303035813977,HOG8-ML06-H1-GPS-Spray-Specialist-Polisher,Polisher,0.017976948203945752
461,18.32595340819176,HOG8-ML06-H1-GPS-Spray-Specialist-Refiner,Refiner,0.14753394627279381
470,18.32414041726676,HOG8-ML06-H1-GPS-Spray-Specialist-Polisher,Polisher,0.009893023760442208
479,18.305328113971946,HOG8-ML06-H1-GPS-Spray-Specialist-Refiner,Refiner,0.10266404244036888
490,18.302180914021648,HOG8-ML06-H1-GPS-Spray-Specialist-Polisher,Polisher,0.01719280818515435
502,18.273073128086438,HOG8-ML06-H1-GPS-Spray-Specialist-Refiner,Refiner,0.15903998584622225
509,18.268358286293484,HOG8-ML06-H1-GPS-Spray-Specialist-Polisher,Polisher,0.02580212840995285
524,18.266727714744498,HOG8-ML06-H1-GPS-Spray-Specialist-Polisher,Polisher,0.008925660004214929
535,18.234221437440425,HOG8-ML06-H1-GPS-Spray-Specialist-Refiner,Refiner,0.17795347810343937
546,18.225634681984392,HOG8-ML06-H1-GPS-Spray-Specialist-Polisher,Polisher,0.047091429077425896
554,18.218106552258693,HOG8-ML06-H1-GPS-Spray-Specialist-Polisher,Polisher,0.041305171847544224
565,18.217090359881947,HOG8-ML06-H1-GPS-Spray-Specialist-Polisher,Polisher,0.005577925311999903
575,18.214200329880534,HOG8-ML06-H1-GPS-Spray-Specialist-Polisher,Polisher,0.01586438857315062
584,18.20471885389145,HOG8-ML06-H1-GPS-Spray-Specialist-Refiner,Refiner,0.05205540631684688
596,18.20246762114371,HOG8-ML06-H1-GPS-Spray-Specialist-Polisher,Polisher,0.01236620442098954
605,18.202267901659898,HOG8-ML06-H1-GPS-Spray-Specialist-Polisher,Polisher,0.0010972110373720055
616,18.196602651064737,HOG8-ML06-H1-GPS-Spray-Specialist-Polisher,Polisher,0.031123872177732718
626,18.158502936992974,HOG8-ML06-H1-GPS-Spray-Specialist-Refiner,Refiner,0.2093781724113933
635,18.09030042987854,HOG8-ML06-H1-GPS-Spray-Specialist-Refiner,Refiner,0.37559542959618814
645,18.069324043305837,HOG8-ML06-H1-GPS-Spray-Specialist-Refiner,Refiner,0.1159537767435673
660,18.057021766994087,HOG8-ML06-H1-GPS-Spray-Specialist-Refiner,Refiner,0.06808376606820575
670,18.028919730267326,HOG8-ML06-H1-GPS-Spray-Specialist-Refiner,Refiner,0.1556294115906075
681,18.00111454907328,HOG8-ML06-H1-GPS-Spray-Specialist-Refiner,Refiner,0.15422544228963017
690,17.935682869104987,HOG8-ML06-H1-GPS-Spray-Specialist-Refiner,Refiner,0.3634868262735443
696,17.92578921022213,HOG8-ML06-H1-GPS-Spray-Specialist-Refiner,Refiner,0.05516187454394629
710,17.880658942470504,HOG8-ML06-H1-GPS-Spray-Specialist-Refiner,Refiner,0.2517616782299996
720,17.83266162249386,HOG8-ML06-H1-GPS-Spray-Specialist-Refiner,Refiner,0.26843149422553214
726,17.83130113233363,HOG8-ML06-H1-GPS-Spray-Specialist-Polisher,Polisher,0.007629204148160091
731,17.814169994873538,HOG8-ML06-H1-GPS-Spray-Specialist-Refiner,Refiner,0.09607340111051353
741,17.809695088035895,HOG8-ML06-H1-GPS-Spray-Specialist-Polisher,Polisher,0.02511992890452405
750,17.80115413165485,HOG8-ML06-H1-GPS-Spray-Specialist-Polisher,Polisher,0.0479567804997475
760,17.786922515157208,HOG8-ML06-H1-GPS-Spray-Specialist-Refiner,Refiner,0.07994771795349767
769,17.768889337526964,HOG8-ML06-H1-GPS-Spray-Specialist-Refiner,Refiner,0.10138447286132132
780,17.76656143289732,HOG8-ML06-H1-GPS-Spray-Specialist-Polisher,Polisher,0.013101013717997266
794,17.729140415749207,HOG8-ML06-H1-GPS-Spray-Specialist-Refiner,Refiner,0.2106261095566983
801,17.72441015578878,HOG8-ML06-H1-GPS-Spray-Specialist-Polisher,Polisher,0.026680706731969293
811,17.714517849685294,HOG8-ML06-H1-GPS-Spray-Specialist-Refiner,Refiner,0.05581176477264775
820,17.70778394067826,HOG8-ML06-H1-GPS-Spray-Specialist-Polisher,Polisher,0.038013504314211966
836,17.707368798926527,HOG8-ML06-H1-GPS-Spray-Specialist-Polisher,Polisher,0.0023444026261271486
842,17.70647897107758,HOG8-ML06-H1-GPS-Spray-Specialist-Polisher,Polisher,0.005025183916661164
851,17.702196150688074,HOG8-ML06-H1-GPS-Spray-Specialist-Polisher,Polisher,0.024187871549737682
861,17.701461331401568,HOG8-ML06-H1-GPS-Spray-Specialist-Polisher,Polisher,0.004151006351141846
877,17.70049776819937,HOG8-ML06-H1-GPS-Spray-Specialist-Polisher,Polisher,0.005443410485488803
881,17.694709292829117,HOG8-ML06-H1-GPS-Spray-Specialist-Polisher,Polisher,0.03270233100818185
895,17.68114028273749,HOG8-ML06-H1-GPS-Spray-Specialist-Refiner,Refiner,0.07668399557784551
906,17.68032524909314,HOG8-ML06-H1-GPS-Spray-Specialist-Polisher,Polisher,0.004609621502445661
926,17.647555897561972,HOG8-ML06-H1-GPS-Spray-Specialist-Refiner,Refiner,0.18534360126010394
935,17.64128721054705,HOG8-ML06-H1-GPS-Spray-Specialist-Polisher,Polisher,0.03552155919670204
944,17.639577449494737,HOG8-ML06-H1-GPS-Spray-Specialist-Polisher,Polisher,0.009691815749639341
956,17.639019162292392,HOG8-ML06-H1-GPS-Spray-Specialist-Polisher,Polisher,0.0031649692513540865
965,17.632936997808734,HOG8-ML06-H1-GPS-Spray-Specialist-Polisher,Polisher,0.034481307762622225
974,17.63271366200707,HOG8-ML06-H1-GPS-Spray-Specialist-Polisher,Polisher,0.001266583109164669
995,17.631984191999734,HOG8-ML06-H1-GPS-Spray-Specialist-Polisher,Polisher,0.004137026332524737
1004,17.62222743699391,HOG8-ML06-H1-GPS-Spray-Specialist-Refiner,Refiner,0.05533554760247229
1030,17.61094953603245,HOG8-ML06-H1-GPS-Spray-Specialist-Refiner,Refiner,0.06399815801823351
1040,17.610100286221137,HOG8-ML06-H1-GPS-Spray-Specialist-Polisher,Polisher,0.004822282918793936
1049,17.60994793432708,HOG8-ML06-H1-GPS-Spray-Specialist-Polisher,Polisher,0.0008651392756369742
1056,17.602916958322083,HOG8-ML06-H1-GPS-Spray-Specialist-Polisher,Polisher,0.03992616009552497
1072,17.59881854910905,HOG8-ML06-H1-GPS-Spray-Specialist-Polisher,Polisher,0.023282557218988014
1079,17.59613401817838,HOG8-ML06-H1-GPS-Spray-Specialist-Polisher,Polisher,0.01525404062313109
1091,17.59460140464825,HOG8-ML06-H1-GPS-Spray-Specialist-Polisher,Polisher,0.008709944630700751
1100,17.59107546485152,HOG8-ML06-H1-GPS-Spray-Specialist-Polisher,Polisher,0.02003989585009511
1109,17.585604299951104,HOG8-ML06-H1-GPS-Spray-Specialist-Polisher,Polisher,0.031101935247499435
1131,17.57657593178115,HOG8-ML06-H1-GPS-Spray-Specialist-Refiner,Refiner,0.051339538954478785
1142,17.57578508848918,HOG8-ML06-H1-GPS-Spray-Specialist-Polisher,Polisher,0.004499416126550064
1154,17.574410416722383,HOG8-ML06-H1-GPS-Spray-Specialist-Polisher,Polisher,0.007821396084874586
1166,17.574365053339974,HOG8-ML06-H1-GPS-Spray-Specialist-Polisher,Polisher,0.00025812178806019375
1175,17.573718316481216,HOG8-ML06-H1-GPS-Spray-Specialist-Polisher,Polisher,0.003680001279111303
1184,17.57318308450224,HOG8-ML06-H1-GPS-Spray-Specialist-Polisher,Polisher,0.003045638773405173
1196,17.573152556136584,HOG8-ML06-H1-GPS-Spray-Specialist-Polisher,Polisher,0.00017372132020175386
1207,17.554567229016296,HOG8-ML06-H1-GPS-Spray-Specialist-Refiner,Refiner,0.10575977793920649
1217,17.554096660278812,HOG8-ML06-H1-GPS-Spray-Specialist-Polisher,Polisher,0.00268060574404781
1226,17.548291382525395,HOG8-ML06-H1-GPS-Spray-Specialist-Polisher,Polisher,0.0330707860721385
1241,17.535663521755698,HOG8-ML06-H1-GPS-Spray-Specialist-Refiner,Refiner,0.0719606284989791
1272,17.535000169542236,HOG8-ML06-H1-GPS-Spray-Specialist-Polisher,Polisher,0.003782874897424753
1282,17.53428086580059,HOG8-ML06-H1-GPS-Spray-Specialist-Polisher,Polisher,0.004102102849685113
1290,17.53412664616038,HOG8-ML06-H1-GPS-Spray-Specialist-Polisher,Polisher,0.0008795321655263754
1301,17.530251873675972,HOG8-ML06-H1-GPS-Spray-Specialist-Polisher,Polisher,0.022098462972246706
1312,17.5162649733824,HOG8-ML06-H1-GPS-Spray-Specialist-Refiner,Refiner,0.07978721808656485
1320,17.515853284410838,HOG8-ML06-H1-GPS-Spray-Specialist-Polisher,Polisher,0.0023503239542562795
1332,17.5152839785833,HOG8-ML06-H1-GPS-Spray-Specialist-Polisher,Polisher,0.003250231766002003
1342,17.515255003704233,HOG8-ML06-H1-GPS-Spray-Specialist-Polisher,Polisher,0.00016542625916844082
1349,17.514048183950212,HOG8-ML06-H1-GPS-Spray-Specialist-Polisher,Polisher,0.006890106674243117
1361,17.501224279341695,HOG8-ML06-H1-GPS-Spray-Specialist-Refiner,Refiner,0.07322067676089172
1371,17.484567985079206,HOG8-ML06-H1-GPS-Spray-Specialist-Refiner,Refiner,0.09517216622468078
1392,17.47503428992687,HOG8-ML06-H1-GPS-Spray-Specialist-Refiner,Refiner,0.05452634094517408
1402,17.39411514553509,HOG8-ML06-H1-GPS-Spray-Specialist-Refiner,Refiner,0.4630557116470211
1405,17.389919630759884,HOG8-ML06-H1-GPS-Spray-Specialist-Polisher,Polisher,0.024120311611722352
1413,17.38989721223983,HOG8-ML06-H1-GPS-Spray-Specialist-Polisher,Polisher,0.00012891675481947705
1424,17.387999932056484,HOG8-ML06-H1-GPS-Spray-Specialist-Polisher,Polisher,0.010910243805299457
1436,17.382046678378032,HOG8-ML06-H1-GPS-Spray-Specialist-Polisher,Polisher,0.03423771395050982
1446,17.35888015985709,HOG8-ML06-H1-GPS-Spray-Specialist-Refiner,Refiner,0.13327842773405366
1456,17.356953729684427,HOG8-ML06-H1-GPS-Spray-Specialist-Polisher,Polisher,0.011097663875333638
1469,17.355929421407605,HOG8-ML06-H1-GPS-Spray-Specialist-Polisher,Polisher,0.00590142886116115
1475,17.35578000283689,HOG8-ML06-H1-GPS-Spray-Specialist-Polisher,Polisher,0.0008609079184787891
1506,17.35538369968773,HOG8-ML06-H1-GPS-Spray-Specialist-Polisher,Polisher,0.002283407309234249
1512,17.354990660362628,HOG8-ML06-H1-GPS-Spray-Specialist-Polisher,Polisher,0.0022646536193319626
1529,17.35419689821537,HOG8-ML06-H1-GPS-Spray-Specialist-Polisher,Polisher,0.004573682364865883
1542,17.33807489316117,HOG8-ML06-H1-GPS-Spray-Specialist-Refiner,Refiner,0.0928997472413018
1552,17.3380430131724,HOG8-ML06-H1-GPS-Spray-Specialist-Polisher,Polisher,0.00018387271348156584
1559,17.335738651828407,HOG8-ML06-H1-GPS-Spray-Specialist-Polisher,Polisher,0.01329078110050244
1572,17.33331559424781,HOG8-ML06-H1-GPS-Spray-Specialist-Polisher,Polisher,0.01397723875089116
1591,17.333302195610926,HOG8-ML06-H1-GPS-Spray-Specialist-Polisher,Polisher,7.729990728881852E-05
1605,17.308524186168675,HOG8-ML06-H1-GPS-Spray-Specialist-Refiner,Refiner,0.14295031127147337
1612,17.297656518236714,HOG8-ML06-H1-GPS-Spray-Specialist-Refiner,Refiner,0.06278795242777477
1621,17.28182048074313,HOG8-ML06-H1-GPS-Spray-Specialist-Refiner,Refiner,0.0915501904948197
1632,17.280770814174268,HOG8-ML06-H1-GPS-Spray-Specialist-Polisher,Polisher,0.00607381942215091
1642,17.273677267996078,HOG8-ML06-H1-GPS-Spray-Specialist-Polisher,Polisher,0.041048783381651355
1654,17.25865314873863,HOG8-ML06-H1-GPS-Spray-Specialist-Refiner,Refiner,0.08697695936048888
1662,17.1480801624748,HOG8-ML06-H1-GPS-Spray-Specialist-Exploiter,Exploiter,0.6406814327334348
1673,17.11437477617193,HOG8-ML06-H1-GPS-Spray-Specialist-Refiner,Refiner,0.1965548678541148
1685,17.109277873552365,HOG8-ML06-H1-GPS-Spray-Specialist-Polisher,Polisher,0.0297814129129591
1694,17.07937131039428,HOG8-ML06-H1-GPS-Spray-Specialist-Refiner,Refiner,0.17479734316733317
1716,17.042474922313346,HOG8-ML06-H1-GPS-Spray-Specialist-Refiner,Refiner,0.21602895920693846
1725,17.03545760171147,HOG8-ML06-H1-GPS-Spray-Specialist-Polisher,Polisher,0.04117547852564225
1735,17.016866156397917,HOG8-ML06-H1-GPS-Spray-Specialist-Refiner,Refiner,0.1091338181117368
1747,17.002636697099668,HOG8-ML06-H1-GPS-Spray-Specialist-Refiner,Refiner,0.08361974036505869
1757,16.997099395141937,HOG8-ML06-H1-GPS-Spray-Specialist-Polisher,Polisher,0.0325673132725046
1768,16.996597295123237,HOG8-ML06-H1-GPS-Spray-Specialist-Polisher,Polisher,0.0029540335502391667
1776,16.986206762407107,HOG8-ML06-H1-GPS-Spray-Specialist-Refiner,Refiner,0.06113301701341897
1792,16.984847031938862,HOG8-ML06-H1-GPS-Spray-Specialist-Polisher,Polisher,0.008004909437780821
1799,16.981245601044485,HOG8-ML06-H1-GPS-Spray-Specialist-Polisher,Polisher,0.021203787632620128
1819,16.977758042772372,HOG8-ML06-H1-GPS-Spray-Specialist-Polisher,Polisher,0.020537705855324682
1826,16.97759110320767,HOG8-ML06-H1-GPS-Spray-Specialist-Polisher,Polisher,0.0009832839193662049
1842,16.976976347332304,HOG8-ML06-H1-GPS-Spray-Specialist-Polisher,Polisher,0.0036209841056219533
1852,16.975806519758024,HOG8-ML06-H1-GPS-Spray-Specialist-Polisher,Polisher,0.00689067093189426
1860,16.975666760268396,HOG8-ML06-H1-GPS-Spray-Specialist-Polisher,Polisher,0.0008232863013893164
1871,16.97553325967249,HOG8-ML06-H1-GPS-Spray-Specialist-Polisher,Polisher,0.0007864232833565912
1881,16.97336646524667,HOG8-ML06-H1-GPS-Spray-Specialist-Polisher,Polisher,0.012764220084713595
1901,16.97322341794022,HOG8-ML06-H1-GPS-Spray-Specialist-Polisher,Polisher,0.000842775101477609
1931,16.973009615085296,HOG8-ML06-H1-GPS-Spray-Specialist-Polisher,Polisher,0.0012596479151778487
1943,16.97104277880655,HOG8-ML06-H1-GPS-Spray-Specialist-Polisher,Polisher,0.011588023122304515
1952,16.970289470870934,HOG8-ML06-H1-GPS-Spray-Specialist-Polisher,Polisher,0.004438784024250272
1962,16.97000713766088,HOG8-ML06-H1-GPS-Spray-Specialist-Polisher,Polisher,0.001663691185351073
1972,16.969619034127614,HOG8-ML06-H1-GPS-Spray-Specialist-Polisher,Polisher,0.0022869968769982426
1985,16.969612197442917,HOG8-ML06-H1-GPS-Spray-Specialist-Polisher,Polisher,4.0287791279970314E-05
1994,16.969611820610265,HOG8-ML06-H1-GPS-Spray-Specialist-Polisher,Polisher,2.2206320793256193E-06
2002,16.9696025741486,HOG8-ML06-H1-GPS-Spray-Specialist-Polisher,Polisher,5.448835107965319E-05
2016,16.96091726750682,HOG8-ML06-H1-GPS-Spray-Specialist-Refiner,Refiner,0.05118155598417722
2039,16.960904704635016,HOG8-ML06-H1-GPS-Spray-Specialist-Polisher,Polisher,7.4069530581753E-05
2052,16.95871933493668,HOG8-ML06-H1-GPS-Spray-Specialist-Polisher,Polisher,0.012884747225410257
2061,16.94823044935666,HOG8-ML06-H1-GPS-Spray-Specialist-Refiner,Refiner,0.061849514535052844
2081,16.947949765893842,HOG8-ML06-H1-GPS-Spray-Specialist-Polisher,Polisher,0.001656122529473259
2102,16.947944272327568,HOG8-ML06-H1-GPS-Spray-Specialist-Polisher,Polisher,3.241434126114467E-05
2111,16.944506802424996,HOG8-ML06-H1-GPS-Spray-Specialist-Polisher,Polisher,0.0202825183239748
2121,16.944329057597002,HOG8-ML06-H1-GPS-Spray-Specialist-Polisher,Polisher,0.001048982009723541
2132,16.93297470094455,HOG8-ML06-H1-GPS-Spray-Specialist-Refiner,Refiner,0.06700977426641373
2165,16.931117532236406,HOG8-ML06-H1-GPS-Spray-Specialist-Polisher,Polisher,0.010967764028126156
2186,16.916253163725955,HOG8-ML06-H1-GPS-Spray-Specialist-Refiner,Refiner,0.08779319192693766
2207,16.916151198186483,HOG8-ML06-H1-GPS-Spray-Specialist-Polisher,Polisher,0.0006027666912082015
2216,16.899786753208087,HOG8-ML06-H1-GPS-Spray-Specialist-Refiner,Refiner,0.09673858306581576
2234,16.89975253006766,HOG8-ML06-H1-GPS-Spray-Specialist-Polisher,Polisher,0.00020250634477223754
2246,16.89962604367804,HOG8-ML06-H1-GPS-Spray-Specialist-Polisher,Polisher,0.0007484511349687877
2256,16.891609293802134,HOG8-ML06-H1-GPS-Spray-Specialist-Polisher,Polisher,0.047437439474619036
2265,16.879502854658128,HOG8-ML06-H1-GPS-Spray-Specialist-Refiner,Refiner,0.07167131877983864
2286,16.87582909365496,HOG8-ML06-H1-GPS-Spray-Specialist-Polisher,Polisher,0.02176462799171459
2296,16.87434605405166,HOG8-ML06-H1-GPS-Spray-Specialist-Polisher,Polisher,0.008787951069367838
2326,16.874329357878697,HOG8-ML06-H1-GPS-Spray-Specialist-Polisher,Polisher,9.894411854428094E-05
2339,16.872175702059828,HOG8-ML06-H1-GPS-Spray-Specialist-Polisher,Polisher,0.012762912073087699
2352,16.872163313379964,HOG8-ML06-H1-GPS-Spray-Specialist-Polisher,Polisher,7.342668830667846E-05
2369,16.868716393054235,HOG8-ML06-H1-GPS-Spray-Specialist-Polisher,Polisher,0.020429628742363582
2382,16.868422167369737,HOG8-ML06-H1-GPS-Spray-Specialist-Polisher,Polisher,0.0017442090888434877
2393,16.868237706274854,HOG8-ML06-H1-GPS-Spray-Specialist-Polisher,Polisher,0.0010935290393612465
2399,16.164443423521988,HOG8-ML05-H2-GPS-JADE-Specialist-Exploiter,Exploiter,4.172304748178054
2413,14.414102970322462,HOG8-ML05-H2-GPS-JADE-Specialist-Local Explorer,Local Explorer,10.828337279169695
2421,12.681076069472656,HOG8-ML05-H2-GPS-JADE-Specialist-Local Explorer,Local Explorer,12.023133901693198
2436,12.392035176973476,HOG8-ML05-H2-GPS-JADE-Specialist-Exploiter,Exploiter,2.2793088765944143
2445,11.476554849025941,HOG8-ML05-H2-GPS-JADE-Specialist-Local Explorer,Local Explorer,7.387651139408108
2455,11.417785115881845,HOG8-ML05-H2-GPS-JADE-Specialist-Exploiter,Exploiter,0.5120851502668886
2465,11.412463474568217,HOG8-ML05-H2-GPS-JADE-Specialist-Polisher,Polisher,0.04660835056552314
2477,8.566969226791365,HOG8-ML05-H2-GPS-JADE-Specialist-Local Explorer,Local Explorer,24.93321668996193
2487,8.301302192752665,HOG8-ML05-H2-GPS-JADE-Specialist-Exploiter,Exploiter,3.101062079316016
2504,8.237721905786508,HOG8-ML05-H2-GPS-JADE-Specialist-Exploiter,Exploiter,0.765907390067854
2514,8.210057998972779,HOG8-ML05-H2-GPS-JADE-Specialist-Refiner,Refiner,0.3358198677998137
2522,8.136053043855288,HOG8-ML05-H2-GPS-JADE-Specialist-Exploiter,Exploiter,0.9013938163013049
2535,8.03120241574859,HOG8-ML05-H2-GPS-JADE-Specialist-Exploiter,Exploiter,1.2887161322760303
2545,7.778544920194865,HOG8-ML05-H2-GPS-JADE-Specialist-Exploiter,Exploiter,3.145948545118
2555,7.448923743910736,HOG8-ML05-H2-GPS-JADE-Specialist-Exploiter,Exploiter,4.237568589831727
2576,7.437335320253933,HOG8-ML05-H2-GPS-JADE-Specialist-Refiner,Refiner,0.1555717853371334
2606,7.412408865510919,HOG8-ML05-H2-GPS-JADE-Specialist-Refiner,Refiner,0.33515303088637166
2626,7.386845401094249,HOG8-ML05-H2-GPS-JADE-Specialist-Refiner,Refiner,0.34487391184820226
2635,7.383278392870876,HOG8-ML05-H2-GPS-JADE-Specialist-Polisher,Polisher,0.048288654082893456
2646,7.383194274507572,HOG8-ML05-H2-GPS-JADE-Specialist-Polisher,Polisher,0.0011393091094257625
2654,7.378396399824352,HOG8-ML05-H2-GPS-JADE-Specialist-Refiner,Refiner,0.06498372526625698
2667,7.349524662480355,HOG8-ML05-H2-GPS-JADE-Specialist-Refiner,Refiner,0.3913009789591187
2676,7.34811340770868,HOG8-ML05-H2-GPS-JADE-Specialist-Polisher,Polisher,0.019201987019370606
2686,7.324871501650705,HOG8-ML05-H2-GPS-JADE-Specialist-Refiner,Refiner,0.3162975959733088
2713,7.323688597843638,HOG8-ML05-H2-GPS-JADE-Specialist-Polisher,Polisher,0.016149140729635504
2721,7.303321926935487,HOG8-ML05-H2-GPS-JADE-Specialist-Refiner,Refiner,0.2780930761330848
2728,7.28776252474997,HOG8-ML05-H2-GPS-JADE-Specialist-Refiner,Refiner,0.21304554750806878
2760,7.285062007399963,HOG8-ML05-H2-GPS-JADE-Specialist-Polisher,Polisher,0.037055506965765914
2773,7.259385559370571,HOG8-ML05-H2-GPS-JADE-Specialist-Refiner,Refiner,0.3524533902842645
2782,7.248524400455101,HOG8-ML05-H2-GPS-JADE-Specialist-Refiner,Refiner,0.14961540238692145
2789,7.248522842253583,HOG8-ML05-H2-GPS-JADE-Specialist-Polisher,Polisher,2.149680999817373E-05
2812,7.247281176340185,HOG8-ML05-H2-GPS-JADE-Specialist-Polisher,Polisher,0.017129916541886014
2821,7.239925614698582,HOG8-ML05-H2-GPS-JADE-Specialist-Refiner,Refiner,0.10149408395546064
2829,7.2284488060158285,HOG8-ML05-H2-GPS-JADE-Specialist-Refiner,Refiner,0.1585210856234951
2852,7.212804228485927,HOG8-ML05-H2-GPS-JADE-Specialist-Refiner,Refiner,0.21643063331763696
2884,7.211770894938425,HOG8-ML05-H2-GPS-JADE-Specialist-Polisher,Polisher,0.014326377297488861
2916,7.211272198947974,HOG8-ML05-H2-GPS-JADE-Specialist-Polisher,Polisher,0.006915028190945311
2936,7.208153350203701,HOG8-ML05-H2-GPS-JADE-Specialist-Polisher,Polisher,0.04324963277253374
2945,7.191498281959013,HOG8-ML05-H2-GPS-JADE-Specialist-Refiner,Refiner,0.23105873911821728
2955,7.190904100221558,HOG8-ML05-H2-GPS-JADE-Specialist-Polisher,Polisher,0.008262280183608516
2967,7.190784164063358,HOG8-ML05-H2-GPS-JADE-Specialist-Polisher,Polisher,0.001667887049083465
3000,7.176678448618518,HOG8-ML05-H2-GPS-JADE-Specialist-Refiner,Refiner,0.19616379970538894
3010,6.770720070307176,HOG8-ML00-H2-GPS-GradientEstimation-Escape-Specialist-Local Explorer,Local Explorer,5.656633235246699
3010,6.732059032966652,HOG8-ML01-H1-GPS-GradientEstimation-Escape-Specialist-Exploiter,Exploiter,0.5710033340481887
3022,6.586183409817675,HOG8-ML00-H2-GPS-GradientEstimation-Escape-Specialist-Exploiter,Exploiter,2.166879738199403
3024,6.466363958207871,HOG8-ML01-H2-GPS-GradientEstimation-Escape-Specialist-Exploiter,Exploiter,1.8192547057100752
3026,6.4210650728621665,HOG8-ML00-H1-GPS-GradientEstimation-Escape-Specialist-Exploiter,Exploiter,0.7005310192632362
3029,6.377952573556017,HOG8-ML01-H1-GPS-GradientEstimation-Escape-Specialist-Exploiter,Exploiter,0.6714228685885578
3035,6.225928939168842,HOG8-ML01-H2-GPS-GradientEstimation-Escape-Specialist-Exploiter,Exploiter,2.383580508539513
3040,6.182371874194613,HOG8-ML00-H1-GPS-GradientEstimation-Escape-Specialist-Exploiter,Exploiter,0.6996074866868518
3040,6.155649865022859,HOG8-ML01-H1-GPS-GradientEstimation-Escape-Specialist-Refiner,Refiner,0.4322290815810153
3040,6.111931670254047,HOG8-ML02-H2-GPS-GradientEstimation-Escape-Specialist-Exploiter,Exploiter,0.7102124995319166
3046,5.9986393333925205,HOG8-ML01-H2-GPS-GradientEstimation-Escape-Specialist-Exploiter,Exploiter,1.8536257107209697
3051,5.916238952497577,HOG8-ML01-H1-GPS-GradientEstimation-Escape-Specialist-Exploiter,Exploiter,1.3736511951343213
3051,5.910438911537814,HOG8-ML02-H1-GPS-GradientEstimation-Escape-Specialist-Refiner,Refiner,0.0980359482828863
3054,5.834486274228368,HOG8-ML02-H2-GPS-GradientEstimation-Escape-Specialist-Exploiter,Exploiter,1.2850591715139528
3060,5.730842632411265,HOG8-ML00-H1-GPS-GradientEstimation-Escape-Specialist-Exploiter,Exploiter,1.7763970458703433
3062,5.6881260433950915,HOG8-ML00-H1-GPS-GradientEstimation-Escape-Specialist-Exploiter,Exploiter,0.7453805968180991
3064,5.571823921496213,HOG8-ML02-H2-GPS-GradientEstimation-Escape-Specialist-Exploiter,Exploiter,2.044647411319687
3072,5.530879894041677,HOG8-ML01-H2-GPS-GradientEstimation-Escape-Specialist-Exploiter,Exploiter,0.7348406559757418
3074,5.494561089477511,HOG8-ML01-H1-GPS-GradientEstimation-Escape-Specialist-Exploiter,Exploiter,0.6566550939443047
3074,5.413882396865409,HOG8-ML02-H2-GPS-GradientEstimation-Escape-Specialist-Exploiter,Exploiter,1.4683373484846194
3081,5.3812092774721405,HOG8-ML01-H2-GPS-GradientEstimation-Escape-Specialist-Exploiter,Exploiter,0.6035062640478857
3085,5.1545689049931145,HOG8-ML02-H2-GPS-GradientEstimation-Escape-Specialist-Exploiter,Exploiter,4.211699653232811
3090,5.117494512103334,HOG8-ML01-H2-GPS-GradientEstimation-Escape-Specialist-Exploiter,Exploiter,0.7192530272292534
3097,5.049333133493191,HOG8-ML00-H1-GPS-GradientEstimation-Escape-Specialist-Exploiter,Exploiter,1.331928709428713
3100,4.896614864884686,HOG8-ML01-H2-GPS-GradientEstimation-Escape-Specialist-Exploiter,Exploiter,3.024523527582188
3105,4.775856223472832,HOG8-ML01-H1-GPS-GradientEstimation-Escape-Specialist-Exploiter,Exploiter,2.4661658052352786
3109,4.662055640914248,HOG8-ML02-H2-GPS-GradientEstimation-Escape-Specialist-Exploiter,Exploiter,2.3828309989581764
3113,4.635792742937425,HOG8-ML01-H2-GPS-GradientEstimation-Escape-Specialist-Exploiter,Exploiter,0.5633330015699536
3118,4.555472110257706,HOG8-ML00-H1-GPS-GradientEstimation-Escape-Specialist-Exploiter,Exploiter,1.7326191470075172
3119,4.440739535906625,HOG8-ML02-H2-GPS-GradientEstimation-Escape-Specialist-Exploiter,Exploiter,2.5185660580104163
3122,4.405307539828466,HOG8-ML01-H2-GPS-GradientEstimation-Escape-Specialist-Exploiter,Exploiter,0.7978850322489086
3128,4.326457739967643,HOG8-ML00-H2-GPS-GradientEstimation-Escape-Specialist-Exploiter,Exploiter,1.7898818447506872
3133,4.183382069205377,HOG8-ML02-H2-GPS-GradientEstimation-Escape-Specialist-Exploiter,Exploiter,3.3069933733672814
3142,4.146294582737298,HOG8-ML01-H1-GPS-GradientEstimation-Escape-Specialist-Exploiter,Exploiter,0.8865431331526542
3142,4.0729641056905965,HOG8-ML02-H1-GPS-GradientEstimation-Escape-Specialist-Exploiter,Exploiter,1.7685785605298185
3150,4.01249480279997,HOG8-ML01-H2-GPS-GradientEstimation-Escape-Specialist-Exploiter,Exploiter,1.4846510138928353
3154,3.887678265461053,HOG8-ML02-H1-GPS-GradientEstimation-Escape-Specialist-Exploiter,Exploiter,3.110696548486951
3163,3.8611573590219352,HOG8-ML01-H2-GPS-GradientEstimation-Escape-Specialist-Exploiter,Exploiter,0.6821785299142401
3169,3.702106082859976,HOG8-ML02-H1-GPS-GradientEstimation-Escape-Specialist-Exploiter,Exploiter,4.11926428717861
3179,3.564568581963309,HOG8-ML02-H1-GPS-GradientEstimation-Escape-Specialist-Exploiter,Exploiter,3.71511506743252
3194,3.310158459531988,HOG8-ML02-H1-GPS-GradientEstimation-Escape-Specialist-Local Explorer,Local Explorer,7.13719252642899
3204,3.1166600628990553,HOG8-ML02-H1-GPS-GradientEstimation-Escape-Specialist-Local Explorer,Local Explorer,5.845593164149935
3215,2.9035683232971397,HOG8-ML02-H1-GPS-GradientEstimation-Escape-Specialist-Local Explorer,Local Explorer,6.837182602574305
3224,2.715679999178712,HOG8-ML02-H1-GPS-GradientEstimation-Escape-Specialist-Local Explorer,Local Explorer,6.4709455124882895
3233,2.6987906587658186,HOG8-ML02-H2-GPS-GradientEstimation-Escape-Specialist-Exploiter,Exploiter,0.6219193873358094
3235,2.5026177655281545,HOG8-ML02-H1-GPS-GradientEstimation-Escape-Specialist-Local Explorer,Local Explorer,7.268918491342922
3240,2.4728201655421955,HOG8-ML01-H2-GPS-GradientEstimation-Escape-Specialist-Exploiter,Exploiter,1.1906572548313419
3245,2.2914094893341943,HOG8-ML02-H1-GPS-GradientEstimation-Escape-Specialist-Local Explorer,Local Explorer,7.3361855720804
3262,2.1506269670058495,HOG8-ML00-H1-GPS-GradientEstimation-Escape-Specialist-Local Explorer,Local Explorer,6.143926826856747
3263,2.120144427565331,HOG8-ML01-H2-GPS-GradientEstimation-Escape-Specialist-Exploiter,Exploiter,1.4173792065370157
3263,2.0438392420542995,HOG8-ML02-H1-GPS-GradientEstimation-Escape-Specialist-Exploiter,Exploiter,3.5990560133045557
3272,1.9540253285289368,HOG8-ML00-H1-GPS-GradientEstimation-Escape-Specialist-Exploiter,Exploiter,4.394372692202985
3274,1.7989261330573347,HOG8-ML02-H1-GPS-GradientEstimation-Escape-Specialist-Local Explorer,Local Explorer,7.937419909923409
3281,1.7381512108520938,HOG8-ML00-H1-GPS-GradientEstimation-Escape-Specialist-Exploiter,Exploiter,3.3784000959479052
3283,1.5735691170751054,HOG8-ML02-H1-GPS-GradientEstimation-Escape-Specialist-Local Explorer,Local Explorer,9.468801836654093
3300,1.485451656308704,HOG8-ML01-H2-GPS-GradientEstimation-Escape-Specialist-Local Explorer,Local Explorer,5.5998468583439855
3300,1.3965192718830246,HOG8-ML02-H1-GPS-GradientEstimation-Escape-Specialist-Local Explorer,Local Explorer,5.986891868744702
3309,1.309841700584307,HOG8-ML01-H2-GPS-GradientEstimation-Escape-Specialist-Local Explorer,Local Explorer,6.206686369737248
3309,1.2070001242766186,HOG8-ML02-H1-GPS-GradientEstimation-Escape-Specialist-Local Explorer,Local Explorer,7.851450771632315
3321,1.1566562614302476,HOG8-ML01-H2-GPS-GradientEstimation-Escape-Specialist-Exploiter,Exploiter,4.170990692858728
3321,1.0592415037416951,HOG8-ML02-H1-GPS-GradientEstimation-Escape-Specialist-Local Explorer,Local Explorer,8.422100924616581
3331,0.997508492563471,HOG8-ML01-H2-GPS-GradientEstimation-Escape-Specialist-Local Explorer,Local Explorer,5.828039305498954
3331,0.9160516240388055,HOG8-ML02-H1-GPS-GradientEstimation-Escape-Specialist-Local Explorer,Local Explorer,8.166032583374966
3340,0.9039254785109875,HOG8-ML01-H2-GPS-GradientEstimation-Escape-Specialist-Exploiter,Exploiter,1.3237404104317494
3340,0.8293975748324081,HOG8-ML02-H1-GPS-GradientEstimation-Escape-Specialist-Local Explorer,Local Explorer,8.24491680457412
3354,0.7964019574005627,HOG8-ML01-H2-GPS-GradientEstimation-Escape-Specialist-Exploiter,Exploiter,3.978263071062459
3354,0.7347175326748083,HOG8-ML02-H1-GPS-GradientEstimation-Escape-Specialist-Local Explorer,Local Explorer,7.745388387428244
3364,0.7082877637040051,HOG8-ML01-H2-GPS-GradientEstimation-Escape-Specialist-Exploiter,Exploiter,3.597269398837281
3364,0.672564713968568,HOG8-ML02-H1-GPS-GradientEstimation-Escape-Specialist-Local Explorer,Local Explorer,5.043578551833615
3374,0.5969440583334837,HOG8-ML02-H1-GPS-GradientEstimation-Escape-Specialist-Local Explorer,Local Explorer,11.243625195391733
3389,0.5695783467065011,HOG8-ML01-H2-GPS-GradientEstimation-Escape-Specialist-Exploiter,Exploiter,4.584300864536749
3389,0.5379813167767089,HOG8-ML02-H1-GPS-GradientEstimation-Escape-Specialist-Local Explorer,Local Explorer,5.547442263649441
3400,0.5209598195861089,HOG8-ML01-H2-GPS-GradientEstimation-Escape-Specialist-Exploiter,Exploiter,3.1639569367545173
3400,0.49578501903960254,HOG8-ML02-H1-GPS-GradientEstimation-Escape-Specialist-Exploiter,Exploiter,4.8323881420465815
3409,0.47186106698023517,HOG8-ML01-H2-GPS-GradientEstimation-Escape-Specialist-Exploiter,Exploiter,4.8254689312135834
3409,0.443997197068582,HOG8-ML02-H1-GPS-GradientEstimation-Escape-Specialist-Local Explorer,Local Explorer,5.905100433475754
3419,0.42920251012271216,HOG8-ML01-H2-GPS-GradientEstimation-Escape-Specialist-Exploiter,Exploiter,3.3321577351274514
3419,0.4029848824895248,HOG8-ML02-H1-GPS-GradientEstimation-Escape-Specialist-Local Explorer,Local Explorer,6.108451608470683
3431,0.3925063607844725,HOG8-ML01-H2-GPS-GradientEstimation-Escape-Specialist-Exploiter,Exploiter,2.6002269961887943
3431,0.36898489878291574,HOG8-ML02-H1-GPS-GradientEstimation-Escape-Specialist-Local Explorer,Local Explorer,5.992632056852836
3444,0.33441703574522563,HOG8-ML02-H1-GPS-GradientEstimation-Escape-Specialist-Local Explorer,Local Explorer,9.368367960778622
3453,0.3208037505050024,HOG8-ML02-H1-GPS-GradientEstimation-Escape-Specialist-Exploiter,Exploiter,4.070751123634275
3465,0.3004926760878303,HOG8-ML02-H1-GPS-GradientEstimation-Escape-Specialist-Local Explorer,Local Explorer,6.331308279656598
3479,0.2857972304118363,HOG8-ML02-H1-GPS-GradientEstimation-Escape-Specialist-Exploiter,Exploiter,4.890450531878758
3493,0.2778075580746183,HOG8-ML02-H1-GPS-GradientEstimation-Escape-Specialist-Exploiter,Exploiter,2.795573744960646
3496,0.271651370489556,HOG8-ML00-H1-GPS-GradientEstimation-Escape-Specialist-Exploiter,Exploiter,2.2159899564031216
3500,0.2707104782203938,HOG8-ML02-H1-GPS-GradientEstimation-Escape-Specialist-Refiner,Refiner,0.34636021436836184
3506,0.2583824077266976,HOG8-ML00-H1-GPS-GradientEstimation-Escape-Specialist-Exploiter,Exploiter,4.553968717701241
3517,0.25172012179468983,HOG8-ML02-H2-GPS-GradientEstimation-Escape-Specialist-Exploiter,Exploiter,2.578459574947063
3526,0.2348264783563222,HOG8-ML00-H1-GPS-GradientEstimation-Escape-Specialist-Local Explorer,Local Explorer,6.711280495941669
3534,0.2295151947971975,HOG8-ML02-H1-GPS-GradientEstimation-Escape-Specialist-Exploiter,Exploiter,2.2617907470661924
3538,0.21970100769439058,HOG8-ML00-H1-GPS-GradientEstimation-Escape-Specialist-Exploiter,Exploiter,4.276051139654989
3545,0.21680268199869723,HOG8-ML02-H1-GPS-GradientEstimation-Escape-Specialist-Exploiter,Exploiter,1.3192136559177665
3547,0.209671469307146,HOG8-ML00-H1-GPS-GradientEstimation-Escape-Specialist-Exploiter,Exploiter,3.289264056057241
3551,0.20726667763580747,HOG8-ML00-H2-GPS-GradientEstimation-Escape-Specialist-Exploiter,Exploiter,1.1469331899495445
3554,0.20326721570758294,HOG8-ML02-H2-GPS-GradientEstimation-Escape-Specialist-Exploiter,Exploiter,1.92962128492843
3560,0.1941932417823325,HOG8-ML00-H1-GPS-GradientEstimation-Escape-Specialist-Exploiter,Exploiter,4.464061700094383
3566,0.19410522500219063,HOG8-ML00-H2-GPS-GradientEstimation-Escape-Specialist-Polisher,Polisher,0.045324327115626624
3570,0.1823616803724681,HOG8-ML00-H1-GPS-GradientEstimation-Escape-Specialist-Local Explorer,Local Explorer,6.05009196923472
3576,0.18028690331377178,HOG8-ML00-H2-GPS-GradientEstimation-Escape-Specialist-Exploiter,Exploiter,1.1377264425611
3580,0.17148456542050333,HOG8-ML00-H1-GPS-GradientEstimation-Escape-Specialist-Exploiter,Exploiter,4.882405616534908
3588,0.16760140644286786,HOG8-ML00-H2-GPS-GradientEstimation-Escape-Specialist-Exploiter,Exploiter,2.264436433747515
3589,0.16589493284374052,HOG8-ML02-H2-GPS-GradientEstimation-Escape-Specialist-Exploiter,Exploiter,1.0181737942092088
3591,0.16172460425713175,HOG8-ML00-H1-GPS-GradientEstimation-Escape-Specialist-Exploiter,Exploiter,2.5138372312654487
3599,0.15983664123961494,HOG8-ML00-H2-GPS-GradientEstimation-Escape-Specialist-Exploiter,Exploiter,1.1673938088697213
3602,0.15219383407009668,HOG8-ML00-H1-GPS-GradientEstimation-Escape-Specialist-Exploiter,Exploiter,4.781636494763893
3611,0.15091611414282127,HOG8-ML00-H2-GPS-GradientEstimation-Escape-Specialist-Exploiter,Exploiter,0.8395346204938368
3611,0.14948975656773297,HOG8-ML02-H2-GPS-GradientEstimation-Escape-Specialist-Exploiter,Exploiter,0.9451327203789841
3613,0.14784524389399978,HOG8-ML02-H1-GPS-GradientEstimation-Escape-Specialist-Exploiter,Exploiter,1.10008385289468
3616,0.1434541588501862,HOG8-ML00-H1-GPS-GradientEstimation-Escape-Specialist-Exploiter,Exploiter,2.9700549900420503
3621,0.14197280818595098,HOG8-ML00-H2-GPS-GradientEstimation-Escape-Specialist-Exploiter,Exploiter,1.0326299886378596
3625,0.14087192546268829,HOG8-ML02-H2-GPS-GradientEstimation-Escape-Specialist-Exploiter,Exploiter,0.7754180094971425
3626,0.13449650261955493,HOG8-ML00-H1-GPS-GradientEstimation-Escape-Specialist-Exploiter,Exploiter,4.525687302273703
3632,0.13413997097471536,HOG8-ML00-H2-GPS-GradientEstimation-Escape-Specialist-Refiner,Refiner,0.26508618283411517
3633,0.13312202866037076,HOG8-ML02-H2-GPS-GradientEstimation-Escape-Specialist-Exploiter,Exploiter,0.7588657630889724
3637,0.12843604353367333,HOG8-ML00-H1-GPS-GradientEstimation-Escape-Specialist-Exploiter,Exploiter,3.5200673951961865
3643,0.12616451133136408,HOG8-ML02-H2-GPS-GradientEstimation-Escape-Specialist-Exploiter,Exploiter,1.7686096050706326
3645,0.1258605072352656,HOG8-ML00-H2-GPS-GradientEstimation-Escape-Specialist-Refiner,Refiner,0.2409584857821365
3648,0.12058240888607674,HOG8-ML00-H1-GPS-GradientEstimation-Escape-Specialist-Exploiter,Exploiter,4.1936096279373265
3657,0.11924391971501891,HOG8-ML00-H2-GPS-GradientEstimation-Escape-Specialist-Exploiter,Exploiter,1.1100202620121846
3662,0.1145576114767281,HOG8-ML00-H1-GPS-GradientEstimation-Escape-Specialist-Exploiter,Exploiter,3.930018611842527
3669,0.1086564958081322,HOG8-ML00-H1-GPS-GradientEstimation-Escape-Specialist-Local Explorer,Local Explorer,5.151220938116963
3674,0.10838256318530418,HOG8-ML02-H2-GPS-GradientEstimation-Escape-Specialist-Refiner,Refiner,0.2521088323258146
3682,0.10407931547457064,HOG8-ML00-H1-GPS-GradientEstimation-Escape-Specialist-Exploiter,Exploiter,3.97042437848252
3692,0.09819637723582783,HOG8-ML00-H1-GPS-GradientEstimation-Escape-Specialist-Local Explorer,Local Explorer,5.652360617398725
3704,0.09732390948976984,HOG8-ML02-H1-GPS-GradientEstimation-Escape-Specialist-Exploiter,Exploiter,0.8884928045386865
3706,0.09445311157418457,HOG8-ML00-H1-GPS-GradientEstimation-Escape-Specialist-Exploiter,Exploiter,2.9497355075805207
3713,0.09279121454934434,HOG8-ML02-H1-GPS-GradientEstimation-Escape-Specialist-Exploiter,Exploiter,1.7594942052649578
3717,0.09017408695079986,HOG8-ML00-H1-GPS-GradientEstimation-Escape-Specialist-Exploiter,Exploiter,2.8204476159246274
3724,0.08773979528280654,HOG8-ML02-H1-GPS-GradientEstimation-Escape-Specialist-Exploiter,Exploiter,2.6995467881160797
3730,0.08579427354541908,HOG8-ML00-H1-GPS-GradientEstimation-Escape-Specialist-Exploiter,Exploiter,2.217376654591655
3740,0.08560948154630274,HOG8-ML02-H1-GPS-GradientEstimation-Escape-Specialist-Refiner,Refiner,0.2153896658598163
3744,0.08505199796991857,HOG8-ML01-H2-GPS-GradientEstimation-Escape-Specialist-Exploiter,Exploiter,0.6511937303143852
3746,0.08176757434019934,HOG8-ML00-H1-GPS-GradientEstimation-Escape-Specialist-Exploiter,Exploiter,3.8616654612639127
3756,0.08061798697770348,HOG8-ML00-H1-GPS-GradientEstimation-Escape-Specialist-Exploiter,Exploiter,1.4059208332546675
3761,0.08020253552747178,HOG8-ML02-H1-GPS-GradientEstimation-Escape-Specialist-Exploiter,Exploiter,0.5153334458060803
3770,0.07886723755652056,HOG8-ML01-H2-GPS-GradientEstimation-Escape-Specialist-Exploiter,Exploiter,1.6649074273890527
3774,0.07822481141588859,HOG8-ML02-H2-GPS-GradientEstimation-Escape-Specialist-Exploiter,Exploiter,0.8145665558167526
3780,0.07704310749354257,HOG8-ML00-H1-GPS-GradientEstimation-Escape-Specialist-Exploiter,Exploiter,1.5106510338048627
3782,0.07683752476393022,HOG8-ML00-H2-GPS-GradientEstimation-Escape-Specialist-Refiner,Refiner,0.2668411702235447
3790,0.07547349839814482,HOG8-ML02-H1-GPS-GradientEstimation-Escape-Specialist-Exploiter,Exploiter,1.7752086236199351
3792,0.0748361820481764,HOG8-ML00-H1-GPS-GradientEstimation-Escape-Specialist-Exploiter,Exploiter,0.8444240210072118
3793,0.07370039025762601,HOG8-ML01-H1-GPS-GradientEstimation-Escape-Specialist-Exploiter,Exploiter,1.5177040830586614
3801,0.07251553351878409,HOG8-ML02-H1-GPS-GradientEstimation-Escape-Specialist-Exploiter,Exploiter,1.607666845046747
3803,0.0705661167074508,HOG8-ML01-H1-GPS-GradientEstimation-Escape-Specialist-Exploiter,Exploiter,2.688274796776224
3810,0.0694338514567662,HOG8-ML02-H1-GPS-GradientEstimation-Escape-Specialist-Exploiter,Exploiter,1.6045452173295713
3816,0.06761824405615276,HOG8-ML01-H1-GPS-GradientEstimation-Escape-Specialist-Exploiter,Exploiter,2.6148735271353214
3821,0.06707666277313241,HOG8-ML02-H1-GPS-GradientEstimation-Escape-Specialist-Exploiter,Exploiter,0.8009395845455449
3825,0.06526237937034401,HOG8-ML01-H1-GPS-GradientEstimation-Escape-Specialist-Exploiter,Exploiter,2.7047907987382933
3830,0.06512986925842672,HOG8-ML02-H2-GPS-GradientEstimation-Escape-Specialist-Refiner,Refiner,0.2030421097051073
3834,0.06391083955822563,HOG8-ML02-H1-GPS-GradientEstimation-Escape-Specialist-Exploiter,Exploiter,1.87169069135413
3835,0.0625305584337156,HOG8-ML01-H1-GPS-GradientEstimation-Escape-Specialist-Exploiter,Exploiter,2.1596980012326807
3843,0.06125225961769083,HOG8-ML02-H1-GPS-GradientEstimation-Escape-Specialist-Exploiter,Exploiter,2.04427858641277
3845,0.06003278547630039,HOG8-ML01-H1-GPS-GradientEstimation-Escape-Specialist-Exploiter,Exploiter,1.9909047421300872
3850,0.059583338307972855,HOG8-ML02-H2-GPS-GradientEstimation-Escape-Specialist-Exploiter,Exploiter,0.7486695224311551
3854,0.058839344589005894,HOG8-ML02-H1-GPS-GradientEstimation-Escape-Specialist-Exploiter,Exploiter,1.24866068282617
3861,0.057276351687704154,HOG8-ML01-H1-GPS-GradientEstimation-Escape-Specialist-Exploiter,Exploiter,2.6563737448458684
3863,0.056844026651471743,HOG8-ML02-H2-GPS-GradientEstimation-Escape-Specialist-Exploiter,Exploiter,0.7548054711823063
3866,0.0565061482149055,HOG8-ML02-H1-GPS-GradientEstimation-Escape-Specialist-Exploiter,Exploiter,0.5943956761505974
3869,0.05552153056642357,HOG8-ML01-H1-GPS-GradientEstimation-Escape-Specialist-Exploiter,Exploiter,1.7424964885895498
3878,0.05468343228040491,HOG8-ML02-H1-GPS-GradientEstimation-Escape-Specialist-Exploiter,Exploiter,1.5095014086760288
3880,0.05330247241602802,HOG8-ML01-H1-GPS-GradientEstimation-Escape-Specialist-Exploiter,Exploiter,2.5253715920676387
3885,0.05292355665079042,HOG8-ML02-H2-GPS-GradientEstimation-Escape-Specialist-Exploiter,Exploiter,0.710878404063792
3892,0.05218491838127709,HOG8-ML00-H2-GPS-GradientEstimation-Escape-Specialist-Exploiter,Exploiter,1.3956701254738828
3894,0.0511205148184212,HOG8-ML01-H1-GPS-GradientEstimation-Escape-Specialist-Exploiter,Exploiter,2.039676588318243
3899,0.050949447150042154,HOG8-ML02-H2-GPS-GradientEstimation-Escape-Specialist-Refiner,Refiner,0.33463604384007406
3904,0.04903599461344427,HOG8-ML01-H1-GPS-GradientEstimation-Escape-Specialist-Exploiter,Exploiter,3.7555903815068263
3911,0.048690523571774856,HOG8-ML02-H2-GPS-GradientEstimation-Escape-Specialist-Exploiter,Exploiter,0.7045254091260803
3914,0.04844826566902716,HOG8-ML01-H2-GPS-GradientEstimation-Escape-Specialist-Refiner,Refiner,0.49754630876085276
3919,0.04725842999406076,HOG8-ML01-H1-GPS-GradientEstimation-Escape-Specialist-Exploiter,Exploiter,2.4558890984761383
3924,0.047001314911084446,HOG8-ML01-H2-GPS-GradientEstimation-Escape-Specialist-Exploiter,Exploiter,0.5440618382976934
3930,0.045884721657232994,HOG8-ML01-H1-GPS-GradientEstimation-Escape-Specialist-Exploiter,Exploiter,2.375663863795699
3934,0.045583812809006266,HOG8-ML01-H2-GPS-GradientEstimation-Escape-Specialist-Exploiter,Exploiter,0.6557931210187345
3939,0.04460084491860046,HOG8-ML01-H1-GPS-GradientEstimation-Escape-Specialist-Exploiter,Exploiter,2.1563968212233333
3944,0.04446100412336666,HOG8-ML02-H2-GPS-GradientEstimation-Escape-Specialist-Refiner,Refiner,0.31353844414610643
3946,0.04417119544020448,HOG8-ML00-H2-GPS-GradientEstimation-Escape-Specialist-Exploiter,Exploiter,0.6518266712061772
3951,0.0431810093706404,HOG8-ML01-H1-GPS-GradientEstimation-Escape-Specialist-Exploiter,Exploiter,2.241700863415656
3953,0.042879186167691034,HOG8-ML02-H2-GPS-GradientEstimation-Escape-Specialist-Exploiter,Exploiter,0.698972088305515
3957,0.042785508089094565,HOG8-ML00-H2-GPS-GradientEstimation-Escape-Specialist-Refiner,Refiner,0.21846981477240526
3957,0.04266568928195338,HOG8-ML01-H2-GPS-GradientEstimation-Escape-Specialist-Refiner,Refiner,0.28004530620901535
3959,0.04167267822066704,HOG8-ML01-H1-GPS-GradientEstimation-Escape-Specialist-Exploiter,Exploiter,2.3274229902254513
3964,0.04163707817632144,HOG8-ML02-H2-GPS-GradientEstimation-Escape-Specialist-Refiner,Refiner,0.08542778114017383
3971,0.04132470499039777,HOG8-ML00-H2-GPS-GradientEstimation-Escape-Specialist-Exploiter,Exploiter,0.7502284012361687
3971,0.04026675443715237,HOG8-ML01-H1-GPS-GradientEstimation-Escape-Specialist-Exploiter,Exploiter,2.560092209953397
3979,0.04016339529302328,HOG8-ML00-H2-GPS-GradientEstimation-Escape-Specialist-Refiner,Refiner,0.2566860567081858
3979,0.040017760687366066,HOG8-ML01-H2-GPS-GradientEstimation-Escape-Specialist-Refiner,Refiner,0.3626053141042797
3985,0.03908485233193546,HOG8-ML02-H2-GPS-GradientEstimation-Escape-Specialist-Exploiter,Exploiter,2.3312357798299583
3985,0.038669563926878994,HOG8-ML01-H1-GPS-GradientEstimation-Escape-Specialist-Exploiter,Exploiter,1.062530316168403
3993,0.037362430663378104,HOG8-ML01-H1-GPS-GradientEstimation-Escape-Specialist-Exploiter,Exploiter,3.3802637805085483
4003,0.03696444354267147,HOG8-ML01-H1-GPS-GradientEstimation-Escape-Specialist-Exploiter,Exploiter,1.0652067160521586
4019,0.03556344954327345,HOG8-ML01-H1-GPS-GradientEstimation-Escape-Specialist-Exploiter,Exploiter,3.7901125111777274
4044,0.03467062212246694,HOG8-ML01-H1-GPS-GradientEstimation-Escape-Specialist-Exploiter,Exploiter,2.5105197394311394
4055,0.03383723240532166,HOG8-ML01-H1-GPS-GradientEstimation-Escape-Specialist-Exploiter,Exploiter,2.40373453410065
4064,0.03277788453396865,HOG8-ML01-H1-GPS-GradientEstimation-Escape-Specialist-Exploiter,Exploiter,3.130716657507742
4074,0.03190588935707968,HOG8-ML01-H1-GPS-GradientEstimation-Escape-Specialist-Exploiter,Exploiter,2.660315603910606
4090,0.030926026513397285,HOG8-ML01-H1-GPS-GradientEstimation-Escape-Specialist-Exploiter,Exploiter,3.07110337128079
4099,0.03015225829273851,HOG8-ML01-H1-GPS-GradientEstimation-Escape-Specialist-Exploiter,Exploiter,2.5019968870672
4110,0.029259588857051357,HOG8-ML01-H1-GPS-GradientEstimation-Escape-Specialist-Exploiter,Exploiter,2.960539230662305
4120,0.02852508707823715,HOG8-ML01-H1-GPS-GradientEstimation-Escape-Specialist-Exploiter,Exploiter,2.5102942573890483
4129,0.027697263531202252,HOG8-ML01-H1-GPS-GradientEstimation-Escape-Specialist-Exploiter,Exploiter,2.9020894651938707
4141,0.02703189564827268,HOG8-ML01-H1-GPS-GradientEstimation-Escape-Specialist-Exploiter,Exploiter,2.4022874396237937
4143,0.026916919135232073,HOG8-ML01-H2-GPS-GradientEstimation-Escape-Specialist-Refiner,Refiner,0.42533647856824547
4149,0.026414970992972464,HOG8-ML01-H1-GPS-GradientEstimation-Escape-Specialist-Exploiter,Exploiter,1.8648053283430914
4156,0.026269875961082666,HOG8-ML01-H2-GPS-GradientEstimation-Escape-Specialist-Exploiter,Exploiter,0.5492908999536638
4160,0.025783752725281106,HOG8-ML01-H1-GPS-GradientEstimation-Escape-Specialist-Exploiter,Exploiter,1.8504968829001112
4165,0.02564831660956005,HOG8-ML01-H2-GPS-GradientEstimation-Escape-Specialist-Exploiter,Exploiter,0.5252769725341846
4169,0.025071169594135394,HOG8-ML01-H1-GPS-GradientEstimation-Escape-Specialist-Exploiter,Exploiter,2.2502335112688496
4180,0.024492933871298146,HOG8-ML01-H1-GPS-GradientEstimation-Escape-Specialist-Exploiter,Exploiter,2.306377134365954
4189,0.02436563182029576,HOG8-ML01-H2-GPS-GradientEstimation-Escape-Specialist-Exploiter,Exploiter,0.519750111078214
4194,0.024266198621493824,HOG8-ML01-H1-GPS-GradientEstimation-Escape-Specialist-Refiner,Refiner,0.4080879147123599
4199,0.024139858682144414,HOG8-ML01-H2-GPS-GradientEstimation-Escape-Specialist-Exploiter,Exploiter,0.5206416601136058
4199,0.02401878086164078,HOG8-ML02-H2-GPS-GradientEstimation-Escape-Specialist-Exploiter,Exploiter,0.5015680584459775
4209,0.02371705474788087,HOG8-ML01-H1-GPS-GradientEstimation-Escape-Specialist-Exploiter,Exploiter,1.2562091119361596
4217,0.023645539141564295,HOG8-ML00-H2-GPS-GradientEstimation-Escape-Specialist-Refiner,Refiner,0.30153662449577323
4219,0.023424800155265952,HOG8-ML01-H2-GPS-GradientEstimation-Escape-Specialist-Exploiter,Exploiter,0.9335333188082255
4225,0.02318919913324454,HOG8-ML02-H2-GPS-GradientEstimation-Escape-Specialist-Exploiter,Exploiter,1.005776017126222
4230,0.022987671043131506,HOG8-ML01-H2-GPS-GradientEstimation-Escape-Specialist-Exploiter,Exploiter,0.8690601557865768
4240,0.022805266622801468,HOG8-ML00-H2-GPS-GradientEstimation-Escape-Specialist-Exploiter,Exploiter,0.7934880396878631
4243,0.02239764881814118,HOG8-ML01-H2-GPS-GradientEstimation-Escape-Specialist-Exploiter,Exploiter,1.7873845169288174
4249,0.02228752196622092,HOG8-ML00-H1-GPS-GradientEstimation-Escape-Specialist-Refiner,Refiner,0.49168934120915575
4253,0.021887925373591625,HOG8-ML01-H2-GPS-GradientEstimation-Escape-Specialist-Exploiter,Exploiter,1.7929162032231556
4261,0.02174065410080962,HOG8-ML00-H1-GPS-GradientEstimation-Escape-Specialist-Exploiter,Exploiter,0.6728425388351013
4263,0.021266084865245248,HOG8-ML01-H2-GPS-GradientEstimation-Escape-Specialist-Exploiter,Exploiter,2.1828654895286626
4269,0.02124316365144675,HOG8-ML01-H1-GPS-GradientEstimation-Escape-Specialist-Refiner,Refiner,0.10778295085221867
4271,0.02116302995328299,HOG8-ML00-H1-GPS-GradientEstimation-Escape-Specialist-Refiner,Refiner,0.37722111206492354
4273,0.020707855858165102,HOG8-ML01-H2-GPS-GradientEstimation-Escape-Specialist-Exploiter,Exploiter,2.1507983314425063
4283,0.020300045126861996,HOG8-ML01-H2-GPS-GradientEstimation-Escape-Specialist-Exploiter,Exploiter,1.9693527620451672
4291,0.02021044466378353,HOG8-ML00-H1-GPS-GradientEstimation-Escape-Specialist-Refiner,Refiner,0.44138061033126963
4294,0.019812521739756877,HOG8-ML01-H2-GPS-GradientEstimation-Escape-Specialist-Exploiter,Exploiter,1.9688974223299374
4300,0.019716790558604515,HOG8-ML02-H2-GPS-GradientEstimation-Escape-Specialist-Refiner,Refiner,0.4831852421908655
4303,0.019631595623026063,HOG8-ML01-H1-GPS-GradientEstimation-Escape-Specialist-Refiner,Refiner,0.4320933233287921
4305,0.019319318441680743,HOG8-ML01-H2-GPS-GradientEstimation-Escape-Specialist-Exploiter,Exploiter,1.5906867039327557
4314,0.01923530205934934,HOG8-ML01-H1-GPS-GradientEstimation-Escape-Specialist-Refiner,Refiner,0.43488274488058304
4319,0.018929223749548547,HOG8-ML01-H2-GPS-GradientEstimation-Escape-Specialist-Exploiter,Exploiter,1.5912321462715175
4322,0.018782325942221033,HOG8-ML01-H1-GPS-GradientEstimation-Escape-Specialist-Exploiter,Exploiter,0.7760371437894663
4330,0.01864161391675274,HOG8-ML01-H2-GPS-GradientEstimation-Escape-Specialist-Exploiter,Exploiter,0.74917252475096
4339,0.018402406312052418,HOG8-ML01-H1-GPS-GradientEstimation-Escape-Specialist-Exploiter,Exploiter,1.2831914970911023
4350,0.017938773728538478,HOG8-ML01-H1-GPS-GradientEstimation-Escape-Specialist-Exploiter,Exploiter,2.5194128183676194
4364,0.017659502337225772,HOG8-ML01-H1-GPS-GradientEstimation-Escape-Specialist-Exploiter,Exploiter,1.5568031323591403
4379,0.017320336623565667,HOG8-ML01-H1-GPS-GradientEstimation-Escape-Specialist-Exploiter,Exploiter,1.9205847774382243
4389,0.01692532096210479,HOG8-ML01-H1-GPS-GradientEstimation-Escape-Specialist-Exploiter,Exploiter,2.2806465604336355
4399,0.0166206691919676,HOG8-ML01-H1-GPS-GradientEstimation-Escape-Specialist-Exploiter,Exploiter,1.7999763243444216
4409,0.016255265242913784,HOG8-ML01-H1-GPS-GradientEstimation-Escape-Specialist-Exploiter,Exploiter,2.1984911969152634
4421,0.01590997206163147,HOG8-ML01-H1-GPS-GradientEstimation-Escape-Specialist-Exploiter,Exploiter,2.1241928453480043
4431,0.015578194934348626,HOG8-ML01-H1-GPS-GradientEstimation-Escape-Specialist-Exploiter,Exploiter,2.0853407284287884
4440,0.015211548995430084,HOG8-ML01-H1-GPS-GradientEstimation-Escape-Specialist-Exploiter,Exploiter,2.353584227593138
4449,0.015036676513950013,HOG8-ML01-H1-GPS-GradientEstimation-Escape-Specialist-Exploiter,Exploiter,1.149603380514414
4470,0.014803292414608064,HOG8-ML01-H1-GPS-GradientEstimation-Escape-Specialist-Exploiter,Exploiter,1.5520989570097572
4476,0.014707792739885643,HOG8-ML01-H1-GPS-GradientEstimation-Escape-Specialist-Exploiter,Exploiter,0.6451245577516305
4489,0.01458088400894423,HOG8-ML01-H1-GPS-GradientEstimation-Escape-Specialist-Exploiter,Exploiter,0.8628672784955241
4503,0.014394770854098758,HOG8-ML01-H2-GPS-GradientEstimation-Escape-Specialist-Exploiter,Exploiter,1.2764188696056122
4511,0.014356415703450654,HOG8-ML00-H2-GPS-GradientEstimation-Escape-Specialist-Refiner,Refiner,0.2664519709056882
4515,0.01433903449650721,HOG8-ML02-H2-GPS-GradientEstimation-Escape-Specialist-Refiner,Refiner,0.12106926479752145
4515,0.014155612960319407,HOG8-ML01-H2-GPS-GradientEstimation-Escape-Specialist-Exploiter,Exploiter,1.279176336680707
4520,0.01411469973158837,HOG8-ML00-H2-GPS-GradientEstimation-Escape-Specialist-Refiner,Refiner,0.28902477657254677
4529,0.014081024864471811,HOG8-ML02-H2-GPS-GradientEstimation-Escape-Specialist-Refiner,Refiner,0.2385801168776882
4534,0.013849990525486779,HOG8-ML01-H2-GPS-GradientEstimation-Escape-Specialist-Exploiter,Exploiter,1.6407494568663183
4541,0.013739087457875136,HOG8-ML00-H2-GPS-GradientEstimation-Escape-Specialist-Exploiter,Exploiter,0.8007447182549235
4543,0.013558735120909209,HOG8-ML01-H2-GPS-GradientEstimation-Escape-Specialist-Exploiter,Exploiter,1.312695166392225
4553,0.013292004945679739,HOG8-ML01-H2-GPS-GradientEstimation-Escape-Specialist-Exploiter,Exploiter,1.9672201931147648
4565,0.013174606179183175,HOG8-ML01-H2-GPS-GradientEstimation-Escape-Specialist-Exploiter,Exploiter,0.8832284292425077
4580,0.01295097343186593,HOG8-ML01-H2-GPS-GradientEstimation-Escape-Specialist-Exploiter,Exploiter,1.697452996132831
4589,0.012776302027199109,HOG8-ML01-H2-GPS-GradientEstimation-Escape-Specialist-Exploiter,Exploiter,1.3487125549732084
4599,0.012699825447411807,HOG8-ML01-H2-GPS-GradientEstimation-Escape-Specialist-Exploiter,Exploiter,0.5985814958388846
4611,0.012599544276456974,HOG8-ML01-H2-GPS-GradientEstimation-Escape-Specialist-Exploiter,Exploiter,0.7896263721897816
4619,0.012396687579148032,HOG8-ML01-H2-GPS-GradientEstimation-Escape-Specialist-Exploiter,Exploiter,1.6100320206659617
4631,0.01222671999572452,HOG8-ML01-H2-GPS-GradientEstimation-Escape-Specialist-Exploiter,Exploiter,1.3710725735268714
4640,0.01210943679064367,HOG8-ML00-H2-GPS-GradientEstimation-Escape-Specialist-Exploiter,Exploiter,0.9592368609231491
4640,0.011995283003948896,HOG8-ML01-H2-GPS-GradientEstimation-Escape-Specialist-Exploiter,Exploiter,0.9426845250389742
4652,0.011913260630834876,HOG8-ML00-H2-GPS-GradientEstimation-Escape-Specialist-Exploiter,Exploiter,0.683788561612242
4654,0.011798975316233465,HOG8-ML01-H2-GPS-GradientEstimation-Escape-Specialist-Exploiter,Exploiter,0.9593117966848532
4664,0.01169703540404312,HOG8-ML00-H2-GPS-GradientEstimation-Escape-Specialist-Exploiter,Exploiter,0.8639725862473154
4670,0.011579924236759175,HOG8-ML01-H2-GPS-GradientEstimation-Escape-Specialist-Exploiter,Exploiter,1.001203837029211
4678,0.011523982736762304,HOG8-ML00-H2-GPS-GradientEstimation-Escape-Specialist-Refiner,Refiner,0.48309037998098975
4679,0.011384273251880236,HOG8-ML01-H2-GPS-GradientEstimation-Escape-Specialist-Exploiter,Exploiter,1.212336811616227
4687,0.011333450560095175,HOG8-ML00-H2-GPS-GradientEstimation-Escape-Specialist-Refiner,Refiner,0.44642895212188083
4689,0.011210574601792998,HOG8-ML01-H2-GPS-GradientEstimation-Escape-Specialist-Exploiter,Exploiter,1.08418841773414
4699,0.011128436394261027,HOG8-ML01-H2-GPS-GradientEstimation-Escape-Specialist-Exploiter,Exploiter,0.7326850803779
4711,0.011093695599052645,HOG8-ML00-H2-GPS-GradientEstimation-Escape-Specialist-Refiner,Refiner,0.31218038165988754
4720,0.010984642451612629,HOG8-ML01-H2-GPS-GradientEstimation-Escape-Specialist-Exploiter,Exploiter,0.9830191072606054
4729,0.010951930093073185,HOG8-ML01-H2-GPS-GradientEstimation-Escape-Specialist-Refiner,Refiner,0.2978008495364473
4736,0.010892146958043273,HOG8-ML00-H2-GPS-GradientEstimation-Escape-Specialist-Exploiter,Exploiter,0.5458684863933063
4741,0.010823331547540713,HOG8-ML01-H2-GPS-GradientEstimation-Escape-Specialist-Exploiter,Exploiter,0.6317892217910637
4751,0.01075706318596566,HOG8-ML00-H2-GPS-GradientEstimation-Escape-Specialist-Exploiter,Exploiter,0.6122732292175784
4753,0.01070279920288154,HOG8-ML01-H2-GPS-GradientEstimation-Escape-Specialist-Exploiter,Exploiter,0.5044497940192085
4760,0.010606348805815794,HOG8-ML00-H2-GPS-GradientEstimation-Escape-Specialist-Exploiter,Exploiter,0.9011698270465421
4764,0.010556659882675479,HOG8-ML01-H2-GPS-GradientEstimation-Escape-Specialist-Refiner,Refiner,0.46848283089717974
4771,0.010468166473998864,HOG8-ML00-H2-GPS-GradientEstimation-Escape-Specialist-Exploiter,Exploiter,0.8382709082239336
4774,0.010418386112232059,HOG8-ML01-H2-GPS-GradientEstimation-Escape-Specialist-Refiner,Refiner,0.4755404099700834
4781,0.010321230547098877,HOG8-ML00-H2-GPS-GradientEstimation-Escape-Specialist-Exploiter,Exploiter,0.9325394939923815
4784,0.010298789650643876,HOG8-ML01-H2-GPS-GradientEstimation-Escape-Specialist-Refiner,Refiner,0.2174246215370954
4794,0.010195015321990162,HOG8-ML00-H2-GPS-GradientEstimation-Escape-Specialist-Exploiter,Exploiter,1.0076361608883488
4800,0.010165404813789703,HOG8-ML01-H2-GPS-GradientEstimation-Escape-Specialist-Refiner,Refiner,0.29044103677402083
4806,0.010073838310904953,HOG8-ML00-H2-GPS-GradientEstimation-Escape-Specialist-Exploiter,Exploiter,0.9007659268083232
4811,0.010049835041726587,HOG8-ML01-H2-GPS-GradientEstimation-Escape-Specialist-Refiner,Refiner,0.23827332182194788
4815,0.009969834275716974,HOG8-ML00-H2-GPS-GradientEstimation-Escape-Specialist-Exploiter,Exploiter,0.7960405885017319
4829,0.00986685615400889,HOG8-ML00-H2-GPS-GradientEstimation-Escape-Specialist-Exploiter,Exploiter,1.0328970257700605
4847,0.009733870394658131,HOG8-ML00-H2-GPS-GradientEstimation-Escape-Specialist-Exploiter,Exploiter,1.3478027577885192
4864,0.00970772463865699,HOG8-ML01-H2-GPS-GradientEstimation-Escape-Specialist-Refiner,Refiner,0.26860595981933827
4868,0.009662988399717097,HOG8-ML00-H2-GPS-GradientEstimation-Escape-Specialist-Refiner,Refiner,0.46083135446331813
4874,0.009584480133089338,HOG8-ML01-H2-GPS-GradientEstimation-Escape-Specialist-Exploiter,Exploiter,0.8124636331971379
4877,0.009543604362489012,HOG8-ML00-H2-GPS-GradientEstimation-Escape-Specialist-Refiner,Refiner,0.4264787451455698
4888,0.00946213456061256,HOG8-ML00-H2-GPS-GradientEstimation-Escape-Specialist-Exploiter,Exploiter,0.853658626049788
4897,0.009371292068740492,HOG8-ML00-H2-GPS-GradientEstimation-Escape-Specialist-Exploiter,Exploiter,0.9600634115922688
4908,0.009290196003956428,HOG8-ML00-H2-GPS-GradientEstimation-Escape-Specialist-Exploiter,Exploiter,0.8653669546227671
4918,0.00919531511411176,HOG8-ML00-H2-GPS-GradientEstimation-Escape-Specialist-Exploiter,Exploiter,1.021301270761779
4930,0.009120363719906833,HOG8-ML00-H2-GPS-GradientEstimation-Escape-Specialist-Exploiter,Exploiter,0.8151041402583585
4948,0.009051574774080818,HOG8-ML00-H2-GPS-GradientEstimation-Escape-Specialist-Exploiter,Exploiter,0.7542346768020959
4957,0.009035643319423742,HOG8-ML00-H1-GPS-GradientEstimation-Escape-Specialist-Refiner,Refiner,0.1760075462525689
4960,0.008993362503366707,HOG8-ML00-H2-GPS-GradientEstimation-Escape-Specialist-Refiner,Refiner,0.46793365521793745
4976,0.008965931361137144,HOG8-ML00-H2-GPS-GradientEstimation-Escape-Specialist-Refiner,Refiner,0.30501541797402093
4982,0.008909837439820753,HOG8-ML00-H1-GPS-GradientEstimation-Escape-Specialist-Exploiter,Exploiter,0.6256340703156686
4989,0.008881513508291897,HOG8-ML00-H2-GPS-GradientEstimation-Escape-Specialist-Refiner,Refiner,0.3178950426443004
4993,0.00881866356143522,HOG8-ML00-H1-GPS-GradientEstimation-Escape-Specialist-Exploiter,Exploiter,0.7076490600166189
4998,0.008790914431332352,HOG8-ML00-H2-GPS-GradientEstimation-Escape-Specialist-Refiner,Refiner,0.3146636665471352
5008,0.008742115174227755,HOG8-ML00-H1-GPS-GradientEstimation-Escape-Specialist-Exploiter,Exploiter,0.5551101365594874
5008,0.008728345211467183,HOG8-ML00-H2-GPS-GradientEstimation-Escape-Specialist-Refiner,Refiner,0.1575129415037628
5018,0.008679617589439942,HOG8-ML00-H1-GPS-GradientEstimation-Escape-Specialist-Exploiter,Exploiter,0.5582687307466131
5022,0.00865356079206744,HOG8-ML00-H2-GPS-GradientEstimation-Escape-Specialist-Refiner,Refiner,0.3002067441796441
5026,0.008633784351143587,HOG8-ML00-H1-GPS-GradientEstimation-Escape-Specialist-Refiner,Refiner,0.22853529776993703
5041,0.008593833560035225,HOG8-ML00-H2-GPS-GradientEstimation-Escape-Specialist-Refiner,Refiner,0.4627263026678427
5050,0.00856017634859858,HOG8-ML00-H2-GPS-GradientEstimation-Escape-Specialist-Refiner,Refiner,0.3916437431737676
5063,0.008542968278020193,HOG8-ML01-H2-GPS-GradientEstimation-Escape-Specialist-Refiner,Refiner,0.2010247204919271
5066,0.008501241381995558,HOG8-ML00-H2-GPS-GradientEstimation-Escape-Specialist-Refiner,Refiner,0.48843557258655046
5076,0.00847700226467554,HOG8-ML00-H2-GPS-GradientEstimation-Escape-Specialist-Refiner,Refiner,0.2851244451351999
5085,0.008448941279113619,HOG8-ML01-H2-GPS-GradientEstimation-Escape-Specialist-Refiner,Refiner,0.33102486805805054
5086,0.008423280608584365,HOG8-ML00-H2-GPS-GradientEstimation-Escape-Specialist-Refiner,Refiner,0.303714627449109
5097,0.008370384531520461,HOG8-ML00-H2-GPS-GradientEstimation-Escape-Specialist-Exploiter,Exploiter,0.627974770423728
5106,0.00830305568075835,HOG8-ML00-H2-GPS-GradientEstimation-Escape-Specialist-Exploiter,Exploiter,0.8043698650709641
5118,0.008262968866075453,HOG8-ML00-H1-GPS-GradientEstimation-Escape-Specialist-Refiner,Refiner,0.48279592747756284
5120,0.008254661104474401,HOG8-ML01-H2-GPS-GradientEstimation-Escape-Specialist-Refiner,Refiner,0.10054209008532719
5120,0.00824017834740582,HOG8-ML00-H2-GPS-GradientEstimation-Escape-Specialist-Refiner,Refiner,0.1754494446868426
5129,0.008195114092558624,HOG8-ML01-H2-GPS-GradientEstimation-Escape-Specialist-Exploiter,Exploiter,0.54688445986589
5131,0.008190747152612627,HOG8-ML00-H1-GPS-GradientEstimation-Escape-Specialist-Refiner,Refiner,0.0532871159165651
5131,0.008180287309399225,HOG8-ML00-H2-GPS-GradientEstimation-Escape-Specialist-Refiner,Refiner,0.1277031633196775
5142,0.00811946611794354,HOG8-ML00-H2-GPS-GradientEstimation-Escape-Specialist-Exploiter,Exploiter,0.7435092332979719
5153,0.008075483109364113,HOG8-ML01-H2-GPS-GradientEstimation-Escape-Specialist-Exploiter,Exploiter,0.5416982833665188
5158,0.008062717552288639,HOG8-ML00-H2-GPS-GradientEstimation-Escape-Specialist-Refiner,Refiner,0.15807793667070327
5165,0.008021131256257948,HOG8-ML01-H2-GPS-GradientEstimation-Escape-Specialist-Exploiter,Exploiter,0.5157851029878446
5168,0.008014957131892287,HOG8-ML00-H2-GPS-GradientEstimation-Escape-Specialist-Refiner,Refiner,0.07697323692146711
5177,0.007977319556198997,HOG8-ML00-H1-GPS-GradientEstimation-Escape-Specialist-Refiner,Refiner,0.46959172798974136
5177,0.007974873427998672,HOG8-ML00-H2-GPS-GradientEstimation-Escape-Specialist-Polisher,Polisher,0.030663535327780902
5190,0.00794625518745615,HOG8-ML00-H2-GPS-GradientEstimation-Escape-Specialist-Refiner,Refiner,0.35885510661581604
5199,0.007914392826556834,HOG8-ML00-H1-GPS-GradientEstimation-Escape-Specialist-Refiner,Refiner,0.40097329053330283
5210,0.007887210574070196,HOG8-ML00-H1-GPS-GradientEstimation-Escape-Specialist-Refiner,Refiner,0.34345341559781745
5212,0.007879314183251508,HOG8-ML00-H2-GPS-GradientEstimation-Escape-Specialist-Refiner,Refiner,0.10011639406013137
5226,0.007828072125574376,HOG8-ML00-H2-GPS-GradientEstimation-Escape-Specialist-Exploiter,Exploiter,0.6503365202272767
5234,0.007818976788333359,HOG8-ML00-H1-GPS-GradientEstimation-Escape-Specialist-Refiner,Refiner,0.11618872559058893
5235,0.007780924846540214,HOG8-ML00-H2-GPS-GradientEstimation-Escape-Specialist-Refiner,Refiner,0.48666139858506974
5246,0.007772310061512025,HOG8-ML00-H1-GPS-GradientEstimation-Escape-Specialist-Refiner,Refiner,0.11071672324427331
5250,0.0077299546575554726,HOG8-ML00-H2-GPS-GradientEstimation-Escape-Specialist-Exploiter,Exploiter,0.5449525767930109
5257,0.0077248892548253505,HOG8-ML00-H1-GPS-GradientEstimation-Escape-Specialist-Refiner,Refiner,0.06552952707388823
5260,0.0077095057325055425,HOG8-ML01-H2-GPS-GradientEstimation-Escape-Specialist-Refiner,Refiner,0.19914230239868672
5260,0.007685882963122686,HOG8-ML00-H2-GPS-GradientEstimation-Escape-Specialist-Refiner,Refiner,0.30641094516935824
5269,0.007675077941863767,HOG8-ML01-H2-GPS-GradientEstimation-Escape-Specialist-Refiner,Refiner,0.1405826931110224
5269,0.007646939963096157,HOG8-ML00-H2-GPS-GradientEstimation-Escape-Specialist-Refiner,Refiner,0.36661489278345544
5279,0.007608284931724643,HOG8-ML00-H2-GPS-GradientEstimation-Escape-Specialist-Exploiter,Exploiter,0.5054967288622887
5291,0.007594204269189785,HOG8-ML00-H2-GPS-GradientEstimation-Escape-Specialist-Refiner,Refiner,0.1850701263322108
5303,0.007568612540137631,HOG8-ML00-H2-GPS-GradientEstimation-Escape-Specialist-Refiner,Refiner,0.33699026448342057
5311,0.007531724568826555,HOG8-ML00-H2-GPS-GradientEstimation-Escape-Specialist-Refiner,Refiner,0.4873808920122797
5324,0.007512368793013969,HOG8-ML00-H2-GPS-GradientEstimation-Escape-Specialist-Refiner,Refiner,0.25698995808608144
5336,0.007488236947824004,HOG8-ML00-H2-GPS-GradientEstimation-Escape-Specialist-Refiner,Refiner,0.321228175224919
5346,0.007450780281708999,HOG8-ML00-H2-GPS-GradientEstimation-Escape-Specialist-Exploiter,Exploiter,0.5002067426016693
5358,0.007416741128504309,HOG8-ML00-H2-GPS-GradientEstimation-Escape-Specialist-Refiner,Refiner,0.4568535363772964
5366,0.007387780631615958,HOG8-ML00-H2-GPS-GradientEstimation-Escape-Specialist-Refiner,Refiner,0.39047468944343244
5380,0.007350893374974534,HOG8-ML00-H2-GPS-GradientEstimation-Escape-Specialist-Refiner,Refiner,0.49930091973177565
5392,0.0073166831549129376,HOG8-ML00-H2-GPS-GradientEstimation-Escape-Specialist-Refiner,Refiner,0.46538860403093335
5402,0.00730616651634778,HOG8-ML00-H2-GPS-GradientEstimation-Escape-Specialist-Refiner,Refiner,0.14373505511299992
5419,0.007284967273830784,HOG8-ML00-H2-GPS-GradientEstimation-Escape-Specialist-Refiner,Refiner,0.29015547988896245
5426,0.00728208765806072,HOG8-ML00-H2-GPS-GradientEstimation-Escape-Specialist-Polisher,Polisher,0.03952819088712174
5437,0.007263650086428066,HOG8-ML00-H2-GPS-GradientEstimation-Escape-Specialist-Refiner,Refiner,0.25319074005165304
5445,0.007235194527107052,HOG8-ML00-H1-GPS-GradientEstimation-Escape-Specialist-Refiner,Refiner,0.39175289258746887
5450,0.007234403149488283,HOG8-ML00-H2-GPS-GradientEstimation-Escape-Specialist-Polisher,Polisher,0.010937890001488782
5456,0.007209086543081488,HOG8-ML00-H1-GPS-GradientEstimation-Escape-Specialist-Refiner,Refiner,0.34994740939459856
5459,0.0072030776855995455,HOG8-ML00-H2-GPS-GradientEstimation-Escape-Specialist-Refiner,Refiner,0.08335116309165323
5467,0.007181142369243719,HOG8-ML00-H1-GPS-GradientEstimation-Escape-Specialist-Refiner,Refiner,0.3045269996140686
5471,0.007174941666469489,HOG8-ML00-H2-GPS-GradientEstimation-Escape-Specialist-Refiner,Refiner,0.08634702468491706
5479,0.007156308983999971,HOG8-ML00-H1-GPS-GradientEstimation-Escape-Specialist-Refiner,Refiner,0.25969106559560573
5482,0.007147355552553066,HOG8-ML00-H2-GPS-GradientEstimation-Escape-Specialist-Refiner,Refiner,0.12511242131835068
5489,0.007128180751518096,HOG8-ML00-H1-GPS-GradientEstimation-Escape-Specialist-Refiner,Refiner,0.2682782589166294
5504,0.007105567733245583,HOG8-ML00-H1-GPS-GradientEstimation-Escape-Specialist-Refiner,Refiner,0.3172340750155133
5516,0.007088327523035676,HOG8-ML00-H1-GPS-GradientEstimation-Escape-Specialist-Refiner,Refiner,0.2426295949476912
5530,0.007070455387018966,HOG8-ML00-H1-GPS-GradientEstimation-Escape-Specialist-Refiner,Refiner,0.25213473782960244
5540,0.007053206229552497,HOG8-ML00-H1-GPS-GradientEstimation-Escape-Specialist-Refiner,Refiner,0.2439610537411463
5553,0.007027624756395326,HOG8-ML00-H1-GPS-GradientEstimation-Escape-Specialist-Refiner,Refiner,0.3626928282627834
5562,0.007002103067059233,HOG8-ML00-H1-GPS-GradientEstimation-Escape-Specialist-Refiner,Refiner,0.3631623801892339
5579,0.006978524142425873,HOG8-ML00-H1-GPS-GradientEstimation-Escape-Specialist-Refiner,Refiner,0.3367406107500054
5589,0.006950818509989739,HOG8-ML00-H1-GPS-GradientEstimation-Escape-Specialist-Refiner,Refiner,0.39701277620719216
5601,0.006941274122553472,HOG8-ML00-H1-GPS-GradientEstimation-Escape-Specialist-Refiner,Refiner,0.1373131440930315
5611,0.006927751772504261,HOG8-ML00-H1-GPS-GradientEstimation-Escape-Specialist-Refiner,Refiner,0.1948107769620234
5625,0.00690908140289722,HOG8-ML00-H1-GPS-GradientEstimation-Escape-Specialist-Refiner,Refiner,0.26950113428057026
5636,0.0069021225342963104,HOG8-ML00-H1-GPS-GradientEstimation-Escape-Specialist-Refiner,Refiner,0.10072060517323574
5650,0.006883047716482902,HOG8-ML00-H1-GPS-GradientEstimation-Escape-Specialist-Refiner,Refiner,0.27636162236509565
5659,0.006862366610131267,HOG8-ML00-H1-GPS-GradientEstimation-Escape-Specialist-Refiner,Refiner,0.3004643757170302
5672,0.006838038606118179,HOG8-ML00-H1-GPS-GradientEstimation-Escape-Specialist-Refiner,Refiner,0.35451332456022666
5682,0.006817442174584323,HOG8-ML00-H1-GPS-GradientEstimation-Escape-Specialist-Refiner,Refiner,0.30120379132443814
5698,0.006797834279904712,HOG8-ML00-H1-GPS-GradientEstimation-Escape-Specialist-Refiner,Refiner,0.28761365593549654
5707,0.006778735345676831,HOG8-ML00-H1-GPS-GradientEstimation-Escape-Specialist-Refiner,Refiner,0.2809561610576496
5717,0.006758955694065764,HOG8-ML00-H1-GPS-GradientEstimation-Escape-Specialist-Refiner,Refiner,0.2917897012114789
5727,0.006752727010448614,HOG8-ML00-H1-GPS-GradientEstimation-Escape-Specialist-Refiner,Refiner,0.09215452651388366
5738,0.0067316469529324074,HOG8-ML00-H1-GPS-GradientEstimation-Escape-Specialist-Refiner,Refiner,0.3121710308085791
5749,0.0067256497942172686,HOG8-ML00-H1-GPS-GradientEstimation-Escape-Specialist-Refiner,Refiner,0.08908902616359644
5762,0.006716788702656769,HOG8-ML00-H1-GPS-GradientEstimation-Escape-Specialist-Refiner,Refiner,0.1317507130406669
5770,0.006708700430982128,HOG8-ML00-H1-GPS-GradientEstimation-Escape-Specialist-Refiner,Refiner,0.1204187303292973
5786,0.006687773923016491,HOG8-ML00-H1-GPS-GradientEstimation-Escape-Specialist-Refiner,Refiner,0.31193087515123963
5792,0.006670394132203205,HOG8-ML00-H1-GPS-GradientEstimation-Escape-Specialist-Refiner,Refiner,0.2598740778822105
5802,0.0066563556465715065,HOG8-ML00-H1-GPS-GradientEstimation-Escape-Specialist-Refiner,Refiner,0.21045961233270133
5818,0.006637286423987613,HOG8-ML00-H1-GPS-GradientEstimation-Escape-Specialist-Refiner,Refiner,0.2864814261196393
5827,0.006622093576432574,HOG8-ML00-H1-GPS-GradientEstimation-Escape-Specialist-Refiner,Refiner,0.2289014905267758
5839,0.006606468539110282,HOG8-ML00-H1-GPS-GradientEstimation-Escape-Specialist-Refiner,Refiner,0.23595313388352063
5849,0.006597190742165363,HOG8-ML00-H1-GPS-GradientEstimation-Escape-Specialist-Refiner,Refiner,0.14043504317010838
5860,0.006586710567257099,HOG8-ML00-H1-GPS-GradientEstimation-Escape-Specialist-Refiner,Refiner,0.15885814610878515
5870,0.006579718224480343,HOG8-ML00-H1-GPS-GradientEstimation-Escape-Specialist-Refiner,Refiner,0.10615834270166692
5887,0.0065669545472106326,HOG8-ML00-H1-GPS-GradientEstimation-Escape-Specialist-Refiner,Refiner,0.1939851652343166
5895,0.006553282145205366,HOG8-ML00-H1-GPS-GradientEstimation-Escape-Specialist-Refiner,Refiner,0.20820004017043756
5907,0.0065396067024050975,HOG8-ML00-H1-GPS-GradientEstimation-Escape-Specialist-Refiner,Refiner,0.20868081821066725
5918,0.006527717115358857,HOG8-ML00-H1-GPS-GradientEstimation-Escape-Specialist-Refiner,Refiner,0.18180890055464805
5927,0.0065147553109140945,HOG8-ML00-H1-GPS-GradientEstimation-Escape-Specialist-Refiner,Refiner,0.1985656580347948
5936,0.006505501782086811,HOG8-ML00-H1-GPS-GradientEstimation-Escape-Specialist-Refiner,Refiner,0.14203954539599642
5950,0.006501279893209144,HOG8-ML00-H1-GPS-GradientEstimation-Escape-Specialist-Refiner,Refiner,0.06489720576653302
5967,0.006486751905271735,HOG8-ML00-H1-GPS-GradientEstimation-Escape-Specialist-Refiner,Refiner,0.22346350527969633
5979,0.006478115498242679,HOG8-ML00-H1-GPS-GradientEstimation-Escape-Specialist-Refiner,Refiner,0.1331391604793289
5992,0.00646983078062032,HOG8-ML00-H1-GPS-GradientEstimation-Escape-Specialist-Refiner,Refiner,0.12788777268028642
6006,0.006455732427709655,HOG8-ML00-H1-GPS-GradientEstimation-Escape-Specialist-Refiner,Refiner,0.21790914459302052
6016,0.006443978234201744,HOG8-ML00-H1-GPS-GradientEstimation-Escape-Specialist-Refiner,Refiner,0.1820737405016713
6027,0.006434509725189827,HOG8-ML00-H1-GPS-GradientEstimation-Escape-Specialist-Refiner,Refiner,0.14693576960987462
6050,0.006427530126369509,HOG8-ML00-H1-GPS-GradientEstimation-Escape-Specialist-Refiner,Refiner,0.10847133842993634
6060,0.00641585657191879,HOG8-ML00-H1-GPS-GradientEstimation-Escape-Specialist-Refiner,Refiner,0.181618043341832
6071,0.0064105588086785514,HOG8-ML00-H1-GPS-GradientEstimation-Escape-Specialist-Refiner,Refiner,0.0825729687198171
6086,0.006403023484301569,HOG8-ML00-H1-GPS-GradientEstimation-Escape-Specialist-Refiner,Refiner,0.11754551517070523
6097,0.006395954358015031,HOG8-ML00-H1-GPS-GradientEstimation-Escape-Specialist-Refiner,Refiner,0.11040294173321952
6109,0.006385476618283439,HOG8-ML00-H1-GPS-GradientEstimation-Escape-Specialist-Refiner,Refiner,0.16381823798448353
6121,0.006375020873466005,HOG8-ML00-H1-GPS-GradientEstimation-Escape-Specialist-Refiner,Refiner,0.16374259029462065
6132,0.0063655227474461035,HOG8-ML00-H1-GPS-GradientEstimation-Escape-Specialist-Refiner,Refiner,0.14898972424442064
6142,0.006356220577110157,HOG8-ML00-H1-GPS-GradientEstimation-Escape-Specialist-Refiner,Refiner,0.14613364377150223
6156,0.006347856739968257,HOG8-ML00-H1-GPS-GradientEstimation-Escape-Specialist-Refiner,Refiner,0.13158506757961852
6164,0.006338333528145992,HOG8-ML00-H1-GPS-GradientEstimation-Escape-Specialist-Refiner,Refiner,0.15002247549638634
6180,0.006334195329075402,HOG8-ML00-H1-GPS-GradientEstimation-Escape-Specialist-Refiner,Refiner,0.06528843981172149
6197,0.006324797282401718,HOG8-ML00-H1-GPS-GradientEstimation-Escape-Specialist-Refiner,Refiner,0.14837001679668305
6206,0.00632011869334754,HOG8-ML00-H1-GPS-GradientEstimation-Escape-Specialist-Refiner,Refiner,0.0739721582412737
6216,0.00631432790207415,HOG8-ML00-H1-GPS-GradientEstimation-Escape-Specialist-Refiner,Refiner,0.09162472343257254
6229,0.006306986526547529,HOG8-ML00-H1-GPS-GradientEstimation-Escape-Specialist-Refiner,Refiner,0.11626535144317868
6240,0.006298672255135256,HOG8-ML00-H1-GPS-GradientEstimation-Escape-Specialist-Refiner,Refiner,0.13182637028439503
6310,0.006294831957753383,HOG8-ML00-H1-GPS-GradientEstimation-Escape-Specialist-Refiner,Refiner,0.06096995090896153
6321,0.0062878294666789195,HOG8-ML00-H1-GPS-GradientEstimation-Escape-Specialist-Refiner,Refiner,0.11124190639972437
6336,0.006278343884715858,HOG8-ML00-H1-GPS-GradientEstimation-Escape-Specialist-Refiner,Refiner,0.1508562217427818
6347,0.006274212990956492,HOG8-ML00-H1-GPS-GradientEstimation-Escape-Specialist-Refiner,Refiner,0.06579591426049411
6360,0.006270687750977708,HOG8-ML00-H1-GPS-GradientEstimation-Escape-Specialist-Refiner,Refiner,0.05618617002427752
6372,0.006269152440144593,HOG8-ML00-H1-GPS-GradientEstimation-Escape-Specialist-Polisher,Polisher,0.024483930536574706
6387,0.006264173734746517,HOG8-ML00-H1-GPS-GradientEstimation-Escape-Specialist-Refiner,Refiner,0.07941592496929552
6397,0.006258172853695132,HOG8-ML00-H1-GPS-GradientEstimation-Escape-Specialist-Refiner,Refiner,0.09579684896187486
6404,0.006251580495825188,HOG8-ML00-H1-GPS-GradientEstimation-Escape-Specialist-Refiner,Refiner,0.10533997740333864
6416,0.00624331691004134,HOG8-ML00-H1-GPS-GradientEstimation-Escape-Specialist-Refiner,Refiner,0.1321839459536131
6427,0.006237155340195337,HOG8-ML00-H1-GPS-GradientEstimation-Escape-Specialist-Refiner,Refiner,0.09869064689144921
6439,0.0062334614328706985,HOG8-ML00-H1-GPS-GradientEstimation-Escape-Specialist-Refiner,Refiner,0.05922423161136795
6451,0.006230165918751368,HOG8-ML00-H1-GPS-GradientEstimation-Escape-Specialist-Refiner,Refiner,0.05286812399211618
6460,0.00622677888149734,HOG8-ML00-H1-GPS-GradientEstimation-Escape-Specialist-Refiner,Refiner,0.054365121221466105
6477,0.006222318427031738,HOG8-ML00-H1-GPS-GradientEstimation-Escape-Specialist-Refiner,Refiner,0.07163341673904505
6486,0.006216684023069472,HOG8-ML00-H1-GPS-GradientEstimation-Escape-Specialist-Refiner,Refiner,0.09055152076095602
6494,0.006212495014006674,HOG8-ML00-H1-GPS-GradientEstimation-Escape-Specialist-Refiner,Refiner,0.06738333566983949
6508,0.006206232812873037,HOG8-ML00-H1-GPS-GradientEstimation-Escape-Specialist-Refiner,Refiner,0.1008000991472484
6518,0.006200519991197341,HOG8-ML00-H1-GPS-GradientEstimation-Escape-Specialist-Refiner,Refiner,0.0920497481797068
6529,0.006195474128037093,HOG8-ML00-H1-GPS-GradientEstimation-Escape-Specialist-Refiner,Refiner,0.0813780645399273
6548,0.006193310483894508,HOG8-ML00-H2-GPS-GradientEstimation-Escape-Specialist-Polisher,Polisher,0.03492297922436166
6548,0.006185598275985161,HOG8-ML00-H1-GPS-GradientEstimation-Escape-Specialist-Refiner,Refiner,0.12452480671528073
6557,0.006179822439276946,HOG8-ML00-H1-GPS-GradientEstimation-Escape-Specialist-Refiner,Refiner,0.09337555480509059
6566,0.0061737512750066805,HOG8-ML00-H1-GPS-GradientEstimation-Escape-Specialist-Refiner,Refiner,0.0982417266826195
6577,0.006168832431603885,HOG8-ML00-H1-GPS-GradientEstimation-Escape-Specialist-Refiner,Refiner,0.07967349482814703
6589,0.006164342501949458,HOG8-ML00-H1-GPS-GradientEstimation-Escape-Specialist-Refiner,Refiner,0.07278410792007414
6601,0.006158805026412849,HOG8-ML00-H1-GPS-GradientEstimation-Escape-Specialist-Refiner,Refiner,0.0898307570492378
6609,0.006156347463004726,HOG8-ML00-H1-GPS-GradientEstimation-Escape-Specialist-Polisher,Polisher,0.03990325067254932
6619,0.006151962093296821,HOG8-ML00-H1-GPS-GradientEstimation-Escape-Specialist-Refiner,Refiner,0.07123330406962651
6631,0.006148602709076238,HOG8-ML00-H1-GPS-GradientEstimation-Escape-Specialist-Refiner,Refiner,0.054606711966631596
6649,0.006145162261687476,HOG8-ML00-H1-GPS-GradientEstimation-Escape-Specialist-Refiner,Refiner,0.055954947026960085
6661,0.00614180617292844,HOG8-ML00-H1-GPS-GradientEstimation-Escape-Specialist-Refiner,Refiner,0.05461350923082846
6675,0.006137792625346269,HOG8-ML00-H1-GPS-GradientEstimation-Escape-Specialist-Refiner,Refiner,0.06534800137233131
6687,0.006132643643229945,HOG8-ML00-H1-GPS-GradientEstimation-Escape-Specialist-Refiner,Refiner,0.0838898025824635
6698,0.006127283230110468,HOG8-ML00-H1-GPS-GradientEstimation-Escape-Specialist-Refiner,Refiner,0.08740786896031072
6704,0.006122486612592097,HOG8-ML00-H1-GPS-GradientEstimation-Escape-Specialist-Refiner,Refiner,0.07828294103983585
6717,0.006117898360896025,HOG8-ML00-H1-GPS-GradientEstimation-Escape-Specialist-Refiner,Refiner,0.074940983727676
6726,0.006115670284865841,HOG8-ML00-H1-GPS-GradientEstimation-Escape-Specialist-Polisher,Polisher,0.0364189775434176
6737,0.006113637815380407,HOG8-ML00-H1-GPS-GradientEstimation-Escape-Specialist-Polisher,Polisher,0.03323379761763145
6749,0.006109806203768303,HOG8-ML00-H1-GPS-GradientEstimation-Escape-Specialist-Refiner,Refiner,0.06267318620780249
6761,0.006108491190806627,HOG8-ML00-H1-GPS-GradientEstimation-Escape-Specialist-Polisher,Polisher,0.021522989728625902
6772,0.006106282422516209,HOG8-ML00-H1-GPS-GradientEstimation-Escape-Specialist-Polisher,Polisher,0.036158982986544456
6787,0.006103683823536243,HOG8-ML00-H1-GPS-GradientEstimation-Escape-Specialist-Polisher,Polisher,0.04255615446779497
6796,0.006099318655471961,HOG8-ML00-H1-GPS-GradientEstimation-Escape-Specialist-Refiner,Refiner,0.07151694272645326
6810,0.0060960908791234045,HOG8-ML00-H1-GPS-GradientEstimation-Escape-Specialist-Refiner,Refiner,0.05292027734377494
6820,0.006091354946992778,HOG8-ML00-H1-GPS-GradientEstimation-Escape-Specialist-Refiner,Refiner,0.07768801719878018
6831,0.006088024750671614,HOG8-ML00-H1-GPS-GradientEstimation-Escape-Specialist-Refiner,Refiner,0.0546708630533436
6842,0.006084849324808738,HOG8-ML00-H1-GPS-GradientEstimation-Escape-Specialist-Refiner,Refiner,0.052158557051301985
6854,0.0060823342001374535,HOG8-ML00-H1-GPS-GradientEstimation-Escape-Specialist-Polisher,Polisher,0.04133421448958305
6868,0.006079133067903782,HOG8-ML00-H1-GPS-GradientEstimation-Escape-Specialist-Refiner,Refiner,0.05262999579337713
6876,0.006078114616543855,HOG8-ML00-H1-GPS-GradientEstimation-Escape-Specialist-Polisher,Polisher,0.016753233537594666
6889,0.006074877716978275,HOG8-ML00-H1-GPS-GradientEstimation-Escape-Specialist-Refiner,Refiner,0.053254993855657046
6899,0.006071790711148196,HOG8-ML00-H1-GPS-GradientEstimation-Escape-Specialist-Refiner,Refiner,0.05081593365164613
6911,0.0060683782296728755,HOG8-ML00-H1-GPS-GradientEstimation-Escape-Specialist-Refiner,Refiner,0.05620222497220459
6921,0.006064900912393263,HOG8-ML00-H1-GPS-GradientEstimation-Escape-Specialist-Refiner,Refiner,0.05730225025541542
6932,0.006062179025609569,HOG8-ML00-H1-GPS-GradientEstimation-Escape-Specialist-Polisher,Polisher,0.044879328170589004
6946,0.006058960152246317,HOG8-ML00-H1-GPS-GradientEstimation-Escape-Specialist-Refiner,Refiner,0.05309762957600639
6952,0.0060556270278689876,HOG8-ML00-H1-GPS-GradientEstimation-Escape-Specialist-Refiner,Refiner,0.05501149196522352
6962,0.006052361732649468,HOG8-ML00-H1-GPS-GradientEstimation-Escape-Specialist-Refiner,Refiner,0.05392166995246083
6972,0.00604987633697242,HOG8-ML00-H1-GPS-GradientEstimation-Escape-Specialist-Polisher,Polisher,0.041064889820463586
6986,0.006047367374068468,HOG8-ML00-H1-GPS-GradientEstimation-Escape-Specialist-Polisher,Polisher,0.04147130890294341
6996,0.0060443739102709095,HOG8-ML00-H1-GPS-GradientEstimation-Escape-Specialist-Polisher,Polisher,0.049500280244167826
7012,0.006040858177355058,HOG8-ML00-H1-GPS-GradientEstimation-Escape-Specialist-Refiner,Refiner,0.0581653777222005
7021,0.006039541642836089,HOG8-ML00-H1-GPS-GradientEstimation-Escape-Specialist-Polisher,Polisher,0.021793832603197925
7034,0.006037491092119611,HOG8-ML00-H1-GPS-GradientEstimation-Escape-Specialist-Polisher,Polisher,0.033952091694075745
7057,0.006035202008117874,HOG8-ML00-H1-GPS-GradientEstimation-Escape-Specialist-Polisher,Polisher,0.03791449075137744
7067,0.0060335135467805,HOG8-ML00-H1-GPS-GradientEstimation-Escape-Specialist-Polisher,Polisher,0.027976881885695186
7077,0.006031624746066794,HOG8-ML00-H1-GPS-GradientEstimation-Escape-Specialist-Polisher,Polisher,0.03130515410401926
7090,0.006028981369164765,HOG8-ML00-H1-GPS-GradientEstimation-Escape-Specialist-Polisher,Polisher,0.043825287767653535
7103,0.0060263625678633245,HOG8-ML00-H1-GPS-GradientEstimation-Escape-Specialist-Polisher,Polisher,0.04343687832299886
7109,0.006024554008961688,HOG8-ML00-H1-GPS-GradientEstimation-Escape-Specialist-Polisher,Polisher,0.030010788120865658
7121,0.0060221332435329705,HOG8-ML00-H1-GPS-GradientEstimation-Escape-Specialist-Polisher,Polisher,0.040181653697790004
7133,0.006019969514857375,HOG8-ML00-H1-GPS-GradientEstimation-Escape-Specialist-Polisher,Polisher,0.03592960481104389
7142,0.0060189294801658594,HOG8-ML00-H1-GPS-GradientEstimation-Escape-Specialist-Polisher,Polisher,0.01727641126667435
7152,0.006017933765788112,HOG8-ML00-H1-GPS-GradientEstimation-Escape-Specialist-Polisher,Polisher,0.016543047746752897
7167,0.006016466292093299,HOG8-ML00-H1-GPS-GradientEstimation-Escape-Specialist-Polisher,Polisher,0.024385009073309663
7180,0.006014832112548077,HOG8-ML00-H1-GPS-GradientEstimation-Escape-Specialist-Polisher,Polisher,0.02716178344370566
7189,0.0060136015628773866,HOG8-ML00-H1-GPS-GradientEstimation-Escape-Specialist-Polisher,Polisher,0.020458587166936597
7199,0.006010971666229317,HOG8-ML00-H1-GPS-GradientEstimation-Escape-Specialist-Polisher,Polisher,0.043732472472142445
7212,0.00600911682538831,HOG8-ML00-H1-GPS-GradientEstimation-Escape-Specialist-Polisher,Polisher,0.030857587491682933
7226,0.006006937260595861,HOG8-ML00-H1-GPS-GradientEstimation-Escape-Specialist-Polisher,Polisher,0.036270967195046994
7235,0.0060046798928345335,HOG8-ML00-H1-GPS-GradientEstimation-Escape-Specialist-Polisher,Polisher,0.037579346402293656
7244,0.00600258696017785,HOG8-ML00-H1-GPS-GradientEstimation-Escape-Specialist-Polisher,Polisher,0.034855024648037025
7256,0.006000919217461479,HOG8-ML00-H1-GPS-GradientEstimation-Escape-Specialist-Polisher,Polisher,0.02778373270450655
7270,0.00599895344329896,HOG8-ML00-H1-GPS-GradientEstimation-Escape-Specialist-Polisher,Polisher,0.03275788410547629
7286,0.005997321031273638,HOG8-ML00-H1-GPS-GradientEstimation-Escape-Specialist-Polisher,Polisher,0.02721161350476863
7296,0.0059960779162982905,HOG8-ML00-H1-GPS-GradientEstimation-Escape-Specialist-Polisher,Polisher,0.02072783779399502
7310,0.005995168139534664,HOG8-ML00-H1-GPS-GradientEstimation-Escape-Specialist-Polisher,Polisher,0.01517286426772272
7319,0.0059934882594174605,HOG8-ML00-H1-GPS-GradientEstimation-Escape-Specialist-Polisher,Polisher,0.028020567198529907
7334,0.005991824392291737,HOG8-ML00-H1-GPS-GradientEstimation-Escape-Specialist-Polisher,Polisher,0.027761247769345156
7343,0.005990284292515638,HOG8-ML00-H1-GPS-GradientEstimation-Escape-Specialist-Polisher,Polisher,0.025703353023505137
7352,0.00598886679410248,HOG8-ML00-H1-GPS-GradientEstimation-Escape-Specialist-Polisher,Polisher,0.02366329115513097
7369,0.005987645511650558,HOG8-ML00-H1-GPS-GradientEstimation-Escape-Specialist-Polisher,Polisher,0.020392546602051382
7379,0.005986513567831248,HOG8-ML00-H1-GPS-GradientEstimation-Escape-Specialist-Polisher,Polisher,0.01890465654834169
7397,0.005985393483311358,HOG8-ML00-H1-GPS-GradientEstimation-Escape-Specialist-Polisher,Polisher,0.01871013081651488
7412,0.005984558961210735,HOG8-ML00-H1-GPS-GradientEstimation-Escape-Specialist-Polisher,Polisher,0.013942643920569191
7425,0.005982827502956702,HOG8-ML00-H1-GPS-GradientEstimation-Escape-Specialist-Polisher,Polisher,0.02893209449945823
7436,0.00598127216139247,HOG8-ML00-H1-GPS-GradientEstimation-Escape-Specialist-Polisher,Polisher,0.02599676429687165
7446,0.005979631467522395,HOG8-ML00-H1-GPS-GradientEstimation-Escape-Specialist-Polisher,Polisher,0.02743051688343424
7458,0.005977949213567883,HOG8-ML00-H1-GPS-GradientEstimation-Escape-Specialist-Polisher,Polisher,0.02813307080292702
7468,0.005976330350698233,HOG8-ML00-H1-GPS-GradientEstimation-Escape-Specialist-Polisher,Polisher,0.02708057248087201
7476,0.005974899364966143,HOG8-ML00-H1-GPS-GradientEstimation-Escape-Specialist-Polisher,Polisher,0.02394422075283536
7489,0.005973443814977257,HOG8-ML00-H1-GPS-GradientEstimation-Escape-Specialist-Polisher,Polisher,0.024361079576012436
7501,0.005972171148283604,HOG8-ML00-H1-GPS-GradientEstimation-Escape-Specialist-Polisher,Polisher,0.02130540996236801
7511,0.005971054528329171,HOG8-ML00-H1-GPS-GradientEstimation-Escape-Specialist-Polisher,Polisher,0.018697052155881064
7526,0.005970524032423995,HOG8-ML00-H1-GPS-GradientEstimation-Escape-Specialist-Polisher,Polisher,0.008884459230088404
7538,0.0059694139674904695,HOG8-ML00-H1-GPS-GradientEstimation-Escape-Specialist-Polisher,Polisher,0.018592420489349202
7556,0.0059684371420844155,HOG8-ML00-H1-GPS-GradientEstimation-Escape-Specialist-Polisher,Polisher,0.01636384092934134
7566,0.005967014891576315,HOG8-ML00-H1-GPS-GradientEstimation-Escape-Specialist-Polisher,Polisher,0.023829529812283878
7581,0.005965420709800016,HOG8-ML00-H1-GPS-GradientEstimation-Escape-Specialist-Polisher,Polisher,0.026716571104072856
7588,0.005964215068254874,HOG8-ML00-H1-GPS-GradientEstimation-Escape-Specialist-Polisher,Polisher,0.020210503228409036
7599,0.005962745963566813,HOG8-ML00-H1-GPS-GradientEstimation-Escape-Specialist-Polisher,Polisher,0.024631987130716147
7612,0.00596149099371933,HOG8-ML00-H1-GPS-GradientEstimation-Escape-Specialist-Polisher,Polisher,0.021046844107591046
7623,0.0059605250909380725,HOG8-ML00-H1-GPS-GradientEstimation-Escape-Specialist-Polisher,Polisher,0.016202369210568744
7638,0.005959458601542869,HOG8-ML00-H1-GPS-GradientEstimation-Escape-Specialist-Polisher,Polisher,0.01789254099147538
7653,0.005958238034334581,HOG8-ML00-H1-GPS-GradientEstimation-Escape-Specialist-Polisher,Polisher,0.02048117605805188
7663,0.005957647428572417,HOG8-ML00-H1-GPS-GradientEstimation-Escape-Specialist-Polisher,Polisher,0.00991242308145625
7678,0.0059566487504228525,HOG8-ML00-H1-GPS-GradientEstimation-Escape-Specialist-Polisher,Polisher,0.016762961580690666
7687,0.005955637904235789,HOG8-ML00-H1-GPS-GradientEstimation-Escape-Specialist-Polisher,Polisher,0.016970048586320334
7698,0.005954377952058578,HOG8-ML00-H1-GPS-GradientEstimation-Escape-Specialist-Polisher,Polisher,0.02115562090024117
7706,0.005953410363826328,HOG8-ML00-H1-GPS-GradientEstimation-Escape-Specialist-Polisher,Polisher,0.016250030482459907
7719,0.005952374342514569,HOG8-ML00-H1-GPS-GradientEstimation-Escape-Specialist-Polisher,Polisher,0.01740214849045252
7730,0.005951553007181674,HOG8-ML00-H1-GPS-GradientEstimation-Escape-Specialist-Polisher,Polisher,0.013798448915226805
7743,0.0059506335128711885,HOG8-ML00-H1-GPS-GradientEstimation-Escape-Specialist-Polisher,Polisher,0.01544965338249745
7755,0.005949823984528957,HOG8-ML00-H1-GPS-GradientEstimation-Escape-Specialist-Polisher,Polisher,0.013604069894073022
7765,0.00594690627751308,HOG8-ML04-H1-GPS-Sniper-Specialist-Polisher,Polisher,0.04903854338319741
7799,0.00592697070940479,HOG8-ML04-H1-GPS-Sniper-Specialist-Refiner,Refiner,0.33522586666065324
7813,0.005926872497730228,HOG8-ML04-H1-GPS-Sniper-Specialist-Polisher,Polisher,0.0016570298619188045
7834,0.005924429608902077,HOG8-ML04-H1-GPS-Sniper-Specialist-Polisher,Polisher,0.041217165192712374
7843,0.0059080243989627825,HOG8-ML04-H1-GPS-Sniper-Specialist-Refiner,Refiner,0.2769078379232371
7854,0.005901080546303369,HOG8-ML04-H1-GPS-Sniper-Specialist-Refiner,Refiner,0.11753256571913169
7872,0.005895086507870764,HOG8-ML04-H1-GPS-Sniper-Specialist-Refiner,Refiner,0.10157526889478803
7888,0.005882698109959518,HOG8-ML04-H1-GPS-Sniper-Specialist-Refiner,Refiner,0.21014785609516856
7909,0.005874811951053863,HOG8-ML04-H1-GPS-Sniper-Specialist-Refiner,Refiner,0.13405683511624025
7929,0.005861664224762931,HOG8-ML04-H1-GPS-Sniper-Specialist-Refiner,Refiner,0.2237982492115887
7967,0.0058615536957038195,HOG8-ML04-H1-GPS-Sniper-Specialist-Polisher,Polisher,0.001885625905436587
8009,0.0058529053139010755,HOG8-ML04-H1-GPS-Sniper-Specialist-Refiner,Refiner,0.1475441879698669
8024,0.005838097830359542,HOG8-ML04-H1-GPS-Sniper-Specialist-Refiner,Refiner,0.25299373127333386
8034,0.005838092637110223,HOG8-ML04-H1-GPS-Sniper-Specialist-Polisher,Polisher,8.8954475759018E-05
8044,0.005833964773791154,HOG8-ML04-H1-GPS-Sniper-Specialist-Refiner,Refiner,0.07070568378496733
8064,0.0058028940824114625,HOG8-ML04-H1-GPS-Sniper-Specialist-Exploiter,Exploiter,0.5325827731986894
8075,0.005802559901471768,HOG8-ML04-H1-GPS-Sniper-Specialist-Polisher,Polisher,0.005758866781783172
8085,0.005788625144390065,HOG8-ML04-H1-GPS-Sniper-Specialist-Refiner,Refiner,0.24014843996989368
8094,0.005773061409457383,HOG8-ML04-H1-GPS-Sniper-Specialist-Refiner,Refiner,0.26886755567106296
8102,0.0057709161955968495,HOG8-ML04-H1-GPS-Sniper-Specialist-Polisher,Polisher,0.037159034148146225
8114,0.005764467900331803,HOG8-ML04-H1-GPS-Sniper-Specialist-Refiner,Refiner,0.11173780811384534
8124,0.005763592559078381,HOG8-ML04-H1-GPS-Sniper-Specialist-Polisher,Polisher,0.015185118011863287
8134,0.005748297941445456,HOG8-ML04-H1-GPS-Sniper-Specialist-Refiner,Refiner,0.2653660451558926
8148,0.005743601850553963,HOG8-ML04-H1-GPS-Sniper-Specialist-Refiner,Refiner,0.08169532858819759
8174,0.005733867063235411,HOG8-ML04-H1-GPS-Sniper-Specialist-Refiner,Refiner,0.1694892433676164
8184,0.005732417043353637,HOG8-ML04-H1-GPS-Sniper-Specialist-Polisher,Polisher,0.025288690264054496
8194,0.005732379769386882,HOG8-ML04-H1-GPS-Sniper-Specialist-Polisher,Polisher,0.0006502312457945701
8238,0.0057235067556655325,HOG8-ML04-H1-GPS-Sniper-Specialist-Refiner,Refiner,0.1547876113989239
8253,0.005722248597953547,HOG8-ML04-H1-GPS-Sniper-Specialist-Polisher,Polisher,0.021982287532727376
8262,0.005721918740346809,HOG8-ML04-H1-GPS-Sniper-Specialist-Polisher,Polisher,0.00576447529482781
8272,0.005714977520533728,HOG8-ML04-H1-GPS-Sniper-Specialist-Refiner,Refiner,0.12130930423980434
8282,0.005714977512688825,HOG8-ML04-H1-GPS-Sniper-Specialist-Polisher,Polisher,1.3726917823681198E-07
8292,0.00571150225208718,HOG8-ML04-H1-GPS-Sniper-Specialist-Refiner,Refiner,0.06080969861961091
8303,0.00570871017882288,HOG8-ML04-H1-GPS-Sniper-Specialist-Polisher,Polisher,0.04888509434239094
8323,0.0056966853554409475,HOG8-ML04-H1-GPS-Sniper-Specialist-Refiner,Refiner,0.21063993450814492
8334,0.005696156065073568,HOG8-ML04-H1-GPS-Sniper-Specialist-Polisher,Polisher,0.00929119890523527
8345,0.005695450688046782,HOG8-ML04-H1-GPS-Sniper-Specialist-Polisher,Polisher,0.012383386598391936
8368,0.005691612462028725,HOG8-ML04-H1-GPS-Sniper-Specialist-Refiner,Refiner,0.06739108506571576
8377,0.0056916124598868694,HOG8-ML04-H1-GPS-Sniper-Specialist-Polisher,Polisher,3.7631783327171164E-08
8387,0.005673945093322109,HOG8-ML04-H1-GPS-Sniper-Specialist-Refiner,Refiner,0.31041056799414174
8395,0.00567059568287324,HOG8-ML04-H1-GPS-Sniper-Specialist-Refiner,Refiner,0.05903142159079234
8405,0.005669882593896908,HOG8-ML04-H1-GPS-Sniper-Specialist-Polisher,Polisher,0.012575204021093927
8417,0.0056575903164160545,HOG8-ML04-H1-GPS-Sniper-Specialist-Refiner,Refiner,0.21679950646746296
8434,0.00565598237375827,HOG8-ML04-H1-GPS-Sniper-Specialist-Polisher,Polisher,0.02842098080376227
8458,0.005652502728385396,HOG8-ML04-H1-GPS-Sniper-Specialist-Refiner,Refiner,0.06152150312594763
8476,0.005635635938296941,HOG8-ML04-H1-GPS-Sniper-Specialist-Refiner,Refiner,0.29839508088610084
8483,0.005620455427709237,HOG8-ML04-H1-GPS-Sniper-Specialist-Refiner,Refiner,0.2693664167435838
8500,0.005602888111536564,HOG8-ML04-H1-GPS-Sniper-Specialist-Refiner,Refiner,0.31256036808093174
8513,0.005602827752916624,HOG8-ML04-H1-GPS-Sniper-Specialist-Polisher,Polisher,0.0010772769103764626
8528,0.005592895947742508,HOG8-ML04-H1-GPS-Sniper-Specialist-Refiner,Refiner,0.17726415324736636
8538,0.005585005318460262,HOG8-ML04-H1-GPS-Sniper-Specialist-Refiner,Refiner,0.14108306959350858
8546,0.00556896065408398,HOG8-ML04-H1-GPS-Sniper-Specialist-Refiner,Refiner,0.2872810939543643
8573,0.005562588038396665,HOG8-ML04-H1-GPS-Sniper-Specialist-Refiner,Refiner,0.11443096985506941
8603,0.005562052480892646,HOG8-ML04-H1-GPS-Sniper-Specialist-Polisher,Polisher,0.009627847691077683
8613,0.005560518218969027,HOG8-ML04-H1-GPS-Sniper-Specialist-Polisher,Polisher,0.027584456077840956
8634,0.0055514337336364785,HOG8-ML04-H1-GPS-Sniper-Specialist-Refiner,Refiner,0.16337479664320123
8668,0.005540998414593487,HOG8-ML04-H1-GPS-Sniper-Specialist-Refiner,Refiner,0.18797520683284122
8688,0.0055383486945395945,HOG8-ML04-H1-GPS-Sniper-Specialist-Polisher,Polisher,0.047820263707604324
8698,0.005522924172044255,HOG8-ML04-H1-GPS-Sniper-Specialist-Refiner,Refiner,0.27850399723923075
8744,0.005502884646776746,HOG8-ML04-H1-GPS-Sniper-Specialist-Refiner,Refiner,0.36284266528488696
8753,0.005502633199383701,HOG8-ML04-H1-GPS-Sniper-Specialist-Polisher,Polisher,0.004569374231610689
8763,0.005500292061209852,HOG8-ML04-H1-GPS-Sniper-Specialist-Polisher,Polisher,0.04254577924822664
8772,0.005495973253878092,HOG8-ML04-H1-GPS-Sniper-Specialist-Refiner,Refiner,0.0785196001175651
8784,0.005488257531512287,HOG8-ML04-H1-GPS-Sniper-Specialist-Refiner,Refiner,0.14038864472930393
8820,0.005488093864467396,HOG8-ML04-H1-GPS-Sniper-Specialist-Polisher,Polisher,0.0029821312857680666
8851,0.00547216409635524,HOG8-ML04-H1-GPS-Sniper-Specialist-Refiner,Refiner,0.2902604894441386
8863,0.005448882182691921,HOG8-ML04-H1-GPS-Sniper-Specialist-Refiner,Refiner,0.42546080953284343
8873,0.005442785653374958,HOG8-ML04-H1-GPS-Sniper-Specialist-Refiner,Refiner,0.11188587149724993
8889,0.005441472399625194,HOG8-ML04-H1-GPS-Sniper-Specialist-Polisher,Polisher,0.024128338564081607
8909,0.005438034219353158,HOG8-ML04-H1-GPS-Sniper-Specialist-Refiner,Refiner,0.06318474154667048
8929,0.0054303623274644785,HOG8-ML04-H1-GPS-Sniper-Specialist-Refiner,Refiner,0.14107840405593622
8972,0.005418452388268916,HOG8-ML04-H1-GPS-Sniper-Specialist-Refiner,Refiner,0.21932126214354203
9000,0.005386081393738774,HOG8-ML04-H1-GPS-Sniper-Specialist-Exploiter,Exploiter,0.5974214076370906
9013,0.005386081273543359,HOG8-ML04-H1-GPS-Sniper-Specialist-Polisher,Polisher,2.2315929980641544E-06
9034,0.0053801253775515884,HOG8-ML04-H1-GPS-Sniper-Specialist-Refiner,Refiner,0.11057939324135621
9083,0.0053797082527137375,HOG8-ML04-H1-GPS-Sniper-Specialist-Polisher,Polisher,0.007753069093731292
9090,0.0053791333962534245,HOG8-ML04-H1-GPS-Sniper-Specialist-Polisher,Polisher,0.010685643780459535
9102,0.005377735074597366,HOG8-ML04-H1-GPS-Sniper-Specialist-Polisher,Polisher,0.02599529613881987
9113,0.005367814459082194,HOG8-ML04-H1-GPS-Sniper-Specialist-Refiner,Refiner,0.184475720308975
9124,0.00536611297497947,HOG8-ML04-H1-GPS-Sniper-Specialist-Polisher,Polisher,0.03169789335482419
9144,0.005365005254219134,HOG8-ML04-H1-GPS-Sniper-Specialist-Polisher,Polisher,0.020642889285042033
9154,0.0053643603687505235,HOG8-ML04-H1-GPS-Sniper-Specialist-Polisher,Polisher,0.012020220634523637
9173,0.005329577651119487,HOG8-ML04-H1-GPS-Sniper-Specialist-Exploiter,Exploiter,0.6484038215191424
9193,0.005328248984442113,HOG8-ML04-H1-GPS-Sniper-Specialist-Polisher,Polisher,0.024930055707039014
9198,0.005315773313589122,HOG8-ML04-H1-GPS-Sniper-Specialist-Refiner,Refiner,0.234142039709826
9208,0.005310350250760965,HOG8-ML04-H1-GPS-Sniper-Specialist-Refiner,Refiner,0.10201832373651835
9223,0.005306903650197842,HOG8-ML04-H1-GPS-Sniper-Specialist-Refiner,Refiner,0.06490345081531064
9233,0.005306895721860477,HOG8-ML04-H1-GPS-Sniper-Specialist-Polisher,Polisher,0.00014939667059534593
9240,0.00529351315816322,HOG8-ML04-H1-GPS-Sniper-Specialist-Refiner,Refiner,0.2521731045539545
9252,0.005293338654251085,HOG8-ML04-H1-GPS-Sniper-Specialist-Polisher,Polisher,0.003296561412459291
9263,0.00529323546833725,HOG8-ML04-H1-GPS-Sniper-Specialist-Polisher,Polisher,0.0019493540952904543
9270,0.00529102856347311,HOG8-ML04-H1-GPS-Sniper-Specialist-Polisher,Polisher,0.04169292821643015
9282,0.005288141363109063,HOG8-ML04-H1-GPS-Sniper-Specialist-Refiner,Refiner,0.05456784686400109
9298,0.005273264421930446,HOG8-ML04-H1-GPS-Sniper-Specialist-Refiner,Refiner,0.2813264653324371
9317,0.005271519310361872,HOG8-ML04-H1-GPS-Sniper-Specialist-Polisher,Polisher,0.03309357219630977
9325,0.005262881641592293,HOG8-ML04-H1-GPS-Sniper-Specialist-Refiner,Refiner,0.16385539464117804
9334,0.005251334415544536,HOG8-ML04-H1-GPS-Sniper-Specialist-Refiner,Refiner,0.2194088112584467
9347,0.005236785936427773,HOG8-ML04-H1-GPS-Sniper-Specialist-Refiner,Refiner,0.27704347058336537
9363,0.005236513559077562,HOG8-ML04-H1-GPS-Sniper-Specialist-Polisher,Polisher,0.005201231318550321
9377,0.005232418555471466,HOG8-ML04-H1-GPS-Sniper-Specialist-Refiner,Refiner,0.07820095488910843
9397,0.00521720432358851,HOG8-ML04-H1-GPS-Sniper-Specialist-Refiner,Refiner,0.29076863254845337
9432,0.005213144885731953,HOG8-ML04-H1-GPS-Sniper-Specialist-Refiner,Refiner,0.07780868075652113
9459,0.0052123475651800035,HOG8-ML04-H1-GPS-Sniper-Specialist-Polisher,Polisher,0.01529442533109104
9473,0.005188780517865884,HOG8-ML04-H1-GPS-Sniper-Specialist-Refiner,Refiner,0.4521388303334542
9488,0.005188615579906193,HOG8-ML04-H1-GPS-Sniper-Specialist-Polisher,Polisher,0.0031787422713934945
9502,0.005162492707891485,HOG8-ML04-H1-GPS-Sniper-Specialist-Exploiter,Exploiter,0.5034651654648131
9508,0.005160642337034296,HOG8-ML04-H1-GPS-Sniper-Specialist-Polisher,Polisher,0.035842585392139824
9523,0.0051599518089151765,HOG8-ML04-H1-GPS-Sniper-Specialist-Polisher,Polisher,0.013380662212616858
9544,0.0051486690808452635,HOG8-ML04-H1-GPS-Sniper-Specialist-Refiner,Refiner,0.21865956287458174
9575,0.005141177164653431,HOG8-ML04-H1-GPS-Sniper-Specialist-Refiner,Refiner,0.1455117055338621
9583,0.005137304235350044,HOG8-ML04-H1-GPS-Sniper-Specialist-Refiner,Refiner,0.07533156666948226
9594,0.005129409236123936,HOG8-ML04-H1-GPS-Sniper-Specialist-Refiner,Refiner,0.15367980684853813
9617,0.005120781355305951,HOG8-ML04-H1-GPS-Sniper-Specialist-Refiner,Refiner,0.16820418143327664
9638,0.005118099889654439,HOG8-ML04-H1-GPS-Sniper-Specialist-Refiner,Refiner,0.052364384758075054
9646,0.005104490661835775,HOG8-ML04-H1-GPS-Sniper-Specialist-Refiner,Refiner,0.26590391184378515
9657,0.005099780315343171,HOG8-ML04-H1-GPS-Sniper-Specialist-Refiner,Refiner,0.09227848192223613
9693,0.0050947921114379725,HOG8-ML04-H1-GPS-Sniper-Specialist-Refiner,Refiner,0.09781213300876587
10042,0.005092761528707567,HOG8-ML04-H2-GPS-Sniper-Specialist-Polisher,Polisher,0.03985604684138063
10053,0.005080366040133462,HOG8-ML04-H2-GPS-Sniper-Specialist-Refiner,Refiner,0.2433942469961009
10000,0.005080366040133462,Final,Final,0
