TimeMs,BestQuality,Source,Role,DeltaPct
9,509418.2592210914,HOG8-ML00-H1-GPS-GradientEstimation-Escape-Specialist-Global Explorer,Global Explorer,100
9,454556.7404930859,HOG8-ML00-H2-GPS-GradientEstimation-Escape-Specialist-Local Explorer,Local Explorer,10.769444898164753
20,364.3460494692004,HOG8-ML00-H2-GPS-GradientEstimation-Escape-Specialist-Global Explorer,Global Explorer,99.91984585927072
20,304.23007021456783,HOG8-ML00-H1-GPS-GradientEstimation-Escape-Specialist-Local Explorer,Local Explorer,16.499692899706993
20,284.33061785223504,HOG8-ML01-H1-GPS-GradientEstimation-Escape-Specialist-Local Explorer,Local Explorer,6.540922252786544
21,253.01318314828595,HOG8-ML02-H2-GPS-GradientEstimation-Escape-Specialist-Local Explorer,Local Explorer,11.014443305653623
23,30.48513893245823,HOG8-ML06-H2-GPS-Spray-Specialist-Global Explorer,Global Explorer,87.9511658036445
33,29.065701173534734,HOG8-ML06-H2-GPS-Spray-Specialist-Exploiter,Exploiter,4.656162998201687
36,27.748386346368033,HOG8-ML00-H1-GPS-GradientEstimation-Escape-Specialist-Exploiter,Exploiter,4.532196967490187
36,26.461677375434032,HOG8-ML01-H2-GPS-GradientEstimation-Escape-Specialist-Exploiter,Exploiter,4.637058727930019
45,25.2781566656039,HOG8-ML00-H2-GPS-GradientEstimation-Escape-Specialist-Exploiter,Exploiter,4.472583854147007
56,24.85798605609473,HOG8-ML00-H2-GPS-GradientEstimation-Escape-Specialist-Exploiter,Exploiter,1.6621884857644518
66,24.45282929818848,HOG8-ML00-H2-GPS-GradientEstimation-Escape-Specialist-Exploiter,Exploiter,1.6298856914312019
76,24.262415085663555,HOG8-ML00-H2-GPS-GradientEstimation-Escape-Specialist-Exploiter,Exploiter,0.7787001258747213
90,23.96287726640529,HOG8-ML00-H2-GPS-GradientEstimation-Escape-Specialist-Exploiter,Exploiter,1.2345754460167482
99,23.685468850936257,HOG8-ML00-H2-GPS-GradientEstimation-Escape-Specialist-Exploiter,Exploiter,1.1576590422968323
110,23.457518350593833,HOG8-ML00-H2-GPS-GradientEstimation-Escape-Specialist-Exploiter,Exploiter,0.9624065361636815
119,23.240810340560884,HOG8-ML00-H2-GPS-GradientEstimation-Escape-Specialist-Exploiter,Exploiter,0.9238317830302933
129,22.975865373142785,HOG8-ML00-H2-GPS-GradientEstimation-Escape-Specialist-Exploiter,Exploiter,1.1399988362527345
147,22.722785257061552,HOG8-ML00-H2-GPS-GradientEstimation-Escape-Specialist-Exploiter,Exploiter,1.1015041739279414
157,22.51141160625018,HOG8-ML00-H2-GPS-GradientEstimation-Escape-Specialist-Exploiter,Exploiter,0.9302277358172125
165,22.312071367681693,HOG8-ML00-H2-GPS-GradientEstimation-Escape-Specialist-Exploiter,Exploiter,0.8855075019513348
180,22.05589238145344,HOG8-ML00-H2-GPS-GradientEstimation-Escape-Specialist-Exploiter,Exploiter,1.1481631714360685
190,21.818012267757865,HOG8-ML00-H2-GPS-GradientEstimation-Escape-Specialist-Exploiter,Exploiter,1.0785331628458852
199,21.577595416259136,HOG8-ML00-H2-GPS-GradientEstimation-Escape-Specialist-Exploiter,Exploiter,1.1019191324500779
211,21.353779840780398,HOG8-ML00-H2-GPS-GradientEstimation-Escape-Specialist-Exploiter,Exploiter,1.0372591160463096
225,21.102768342986923,HOG8-ML00-H2-GPS-GradientEstimation-Escape-Specialist-Exploiter,Exploiter,1.1754897712024954
235,20.87930683368937,HOG8-ML00-H2-GPS-GradientEstimation-Escape-Specialist-Exploiter,Exploiter,1.0589203542663004
246,20.678230131646156,HOG8-ML00-H2-GPS-GradientEstimation-Escape-Specialist-Exploiter,Exploiter,0.963042995846827
255,20.66632651340675,HOG8-ML00-H1-GPS-GradientEstimation-Escape-Specialist-Refiner,Refiner,0.057565943330843236
255,20.637777341190375,HOG8-ML01-H2-GPS-GradientEstimation-Escape-Specialist-Refiner,Refiner,0.13814342959236448
259,20.456390754418035,HOG8-ML00-H2-GPS-GradientEstimation-Escape-Specialist-Exploiter,Exploiter,0.8789056290975493
270,20.222730614874745,HOG8-ML00-H2-GPS-GradientEstimation-Escape-Specialist-Exploiter,Exploiter,1.1422354136094364
280,19.993422942084614,HOG8-ML00-H2-GPS-GradientEstimation-Escape-Specialist-Exploiter,Exploiter,1.133910534423404
290,19.98017851988658,HOG8-ML01-H2-GPS-GradientEstimation-Escape-Specialist-Refiner,Refiner,0.06624389548703301
290,19.88357645684137,HOG8-ML02-H1-GPS-GradientEstimation-Escape-Specialist-Refiner,Refiner,0.4834894890906887
295,19.81872446646542,HOG8-ML00-H2-GPS-GradientEstimation-Escape-Specialist-Refiner,Refiner,0.32615857874823656
300,19.69520014560663,HOG8-ML02-H1-GPS-GradientEstimation-Escape-Specialist-Exploiter,Exploiter,0.6232707915577484
305,19.622642577264145,HOG8-ML00-H2-GPS-GradientEstimation-Escape-Specialist-Refiner,Refiner,0.36840228992885354
315,19.40581460030293,HOG8-ML00-H2-GPS-GradientEstimation-Escape-Specialist-Exploiter,Exploiter,1.1049886686130892
327,19.169805521391357,HOG8-ML00-H2-GPS-GradientEstimation-Escape-Specialist-Exploiter,Exploiter,1.216177129239849
340,18.99779424367561,HOG8-ML00-H2-GPS-GradientEstimation-Escape-Specialist-Exploiter,Exploiter,0.8973031965493934
350,18.80746732563151,HOG8-ML00-H2-GPS-GradientEstimation-Escape-Specialist-Exploiter,Exploiter,1.0018369269761942
357,18.79355655670956,HOG8-ML01-H2-GPS-GradientEstimation-Escape-Specialist-Refiner,Refiner,0.07396407331778906
361,18.618358344726193,HOG8-ML00-H2-GPS-GradientEstimation-Escape-Specialist-Exploiter,Exploiter,0.9322248902420736
367,18.616520545521496,HOG8-ML01-H2-GPS-GradientEstimation-Escape-Specialist-Polisher,Polisher,0.00987089823210836
370,18.403825349850344,HOG8-ML00-H2-GPS-GradientEstimation-Escape-Specialist-Exploiter,Exploiter,1.142507780393579
380,18.21519949400305,HOG8-ML00-H2-GPS-GradientEstimation-Escape-Specialist-Exploiter,Exploiter,1.0249274390599952
398,18.001049739692444,HOG8-ML00-H2-GPS-GradientEstimation-Escape-Specialist-Exploiter,Exploiter,1.175665160192773
404,17.8868373078169,HOG8-ML00-H2-GPS-GradientEstimation-Escape-Specialist-Exploiter,Exploiter,0.6344765084655274
411,17.878317532307285,HOG8-ML01-H2-GPS-GradientEstimation-Escape-Specialist-Polisher,Polisher,0.04763153688378463
416,17.673766969219187,HOG8-ML00-H2-GPS-GradientEstimation-Escape-Specialist-Exploiter,Exploiter,1.1441264689390485
424,17.66450607371748,HOG8-ML01-H2-GPS-GradientEstimation-Escape-Specialist-Refiner,Refiner,0.05239910381208823
429,17.4688034882084,HOG8-ML00-H2-GPS-GradientEstimation-Escape-Specialist-Exploiter,Exploiter,1.1078859759359971
436,17.44524597723053,HOG8-ML01-H2-GPS-GradientEstimation-Escape-Specialist-Refiner,Refiner,0.13485474831617172
439,17.272096932034312,HOG8-ML00-H2-GPS-GradientEstimation-Escape-Specialist-Exploiter,Exploiter,0.9925285399942897
445,17.263783242458665,HOG8-ML01-H2-GPS-GradientEstimation-Escape-Specialist-Polisher,Polisher,0.04813364357762609
449,17.09317097878043,HOG8-ML00-H2-GPS-GradientEstimation-Escape-Specialist-Exploiter,Exploiter,0.9882669475287913
459,16.923781947470044,HOG8-ML00-H2-GPS-GradientEstimation-Escape-Specialist-Exploiter,Exploiter,0.9909748841842654
470,16.694474022014166,HOG8-ML00-H2-GPS-GradientEstimation-Escape-Specialist-Exploiter,Exploiter,1.3549449299667746
480,16.563842128607867,HOG8-ML02-H1-GPS-GradientEstimation-Escape-Specialist-Exploiter,Exploiter,0.7824858287481331
481,16.484543223030077,HOG8-ML00-H2-GPS-GradientEstimation-Escape-Specialist-Refiner,Refiner,0.47874705012329755
490,16.47084192410665,HOG8-ML01-H2-GPS-GradientEstimation-Escape-Specialist-Refiner,Refiner,0.08311603626531833
490,16.38600776297298,HOG8-ML02-H1-GPS-GradientEstimation-Escape-Specialist-Exploiter,Exploiter,0.515056616562556
495,16.30154984041036,HOG8-ML00-H2-GPS-GradientEstimation-Escape-Specialist-Exploiter,Exploiter,0.5154270874536494
501,16.288368362624375,HOG8-ML01-H2-GPS-GradientEstimation-Escape-Specialist-Refiner,Refiner,0.08086027350177781
501,16.20391808879141,HOG8-ML02-H1-GPS-GradientEstimation-Escape-Specialist-Exploiter,Exploiter,0.5184698181724887
507,16.125242173386436,HOG8-ML00-H2-GPS-GradientEstimation-Escape-Specialist-Refiner,Refiner,0.4855363682651371
519,15.985954003435381,HOG8-ML00-H2-GPS-GradientEstimation-Escape-Specialist-Exploiter,Exploiter,0.8637896315190842
521,15.977140430696227,HOG8-ML02-H1-GPS-GradientEstimation-Escape-Specialist-Refiner,Refiner,0.055133229691889545
530,15.763844198391498,HOG8-ML00-H2-GPS-GradientEstimation-Escape-Specialist-Exploiter,Exploiter,1.335008809805117
539,15.725187369002795,HOG8-ML00-H1-GPS-GradientEstimation-Escape-Specialist-Refiner,Refiner,0.24522463494435903
539,15.58415342633772,HOG8-ML02-H1-GPS-GradientEstimation-Escape-Specialist-Exploiter,Exploiter,0.8968665323700921
545,15.55433695652692,HOG8-ML00-H2-GPS-GradientEstimation-Escape-Specialist-Refiner,Refiner,0.19132556639496076
554,15.343914013223548,HOG8-ML00-H2-GPS-GradientEstimation-Escape-Specialist-Exploiter,Exploiter,1.3528248995215002
565,15.163701458224153,HOG8-ML00-H2-GPS-GradientEstimation-Escape-Specialist-Exploiter,Exploiter,1.1744888223701322
565,15.148993484469205,HOG8-ML02-H1-GPS-GradientEstimation-Escape-Specialist-Refiner,Refiner,0.0969946143787424
574,14.98229978233657,HOG8-ML00-H2-GPS-GradientEstimation-Escape-Specialist-Exploiter,Exploiter,1.1003615672785787
575,14.972396067531983,HOG8-ML02-H1-GPS-GradientEstimation-Escape-Specialist-Refiner,Refiner,0.06610276758887607
585,14.798581940112742,HOG8-ML00-H2-GPS-GradientEstimation-Escape-Specialist-Exploiter,Exploiter,1.1608972046642676
585,14.752502702045781,HOG8-ML02-H1-GPS-GradientEstimation-Escape-Specialist-Refiner,Refiner,0.3113760376057324
600,14.592553683434058,HOG8-ML00-H2-GPS-GradientEstimation-Escape-Specialist-Exploiter,Exploiter,1.084216162112902
600,14.53835954114639,HOG8-ML02-H1-GPS-GradientEstimation-Escape-Specialist-Refiner,Refiner,0.3713821683533812
607,14.41532796137099,HOG8-ML00-H2-GPS-GradientEstimation-Escape-Specialist-Exploiter,Exploiter,0.8462548984787238
607,14.369421081499375,HOG8-ML02-H1-GPS-GradientEstimation-Escape-Specialist-Refiner,Refiner,0.31845879604426425
619,14.208782322553814,HOG8-ML00-H2-GPS-GradientEstimation-Escape-Specialist-Exploiter,Exploiter,1.1179208823686255
630,14.02594907633109,HOG8-ML00-H2-GPS-GradientEstimation-Escape-Specialist-Exploiter,Exploiter,1.2867622437463235
630,13.99820946312832,HOG8-ML02-H1-GPS-GradientEstimation-Escape-Specialist-Refiner,Refiner,0.1977735200078532
640,13.812376089855645,HOG8-ML00-H2-GPS-GradientEstimation-Escape-Specialist-Exploiter,Exploiter,1.327551025451976
645,13.804273793009687,HOG8-ML01-H2-GPS-GradientEstimation-Escape-Specialist-Refiner,Refiner,0.058659688914126665
651,13.635547183160403,HOG8-ML00-H2-GPS-GradientEstimation-Escape-Specialist-Exploiter,Exploiter,1.222278059529104
655,13.60076755917528,HOG8-ML02-H1-GPS-GradientEstimation-Escape-Specialist-Refiner,Refiner,0.25506584750830924
666,13.420095962983577,HOG8-ML00-H2-GPS-GradientEstimation-Escape-Specialist-Exploiter,Exploiter,1.3283926470004168
666,13.387428341556307,HOG8-ML02-H1-GPS-GradientEstimation-Escape-Specialist-Refiner,Refiner,0.24342315820525484
675,13.215085503804241,HOG8-ML00-H2-GPS-GradientEstimation-Escape-Specialist-Exploiter,Exploiter,1.2873483491754056
675,13.208604767956775,HOG8-ML02-H1-GPS-GradientEstimation-Escape-Specialist-Polisher,Polisher,0.04904043825975033
685,13.038568794974772,HOG8-ML00-H2-GPS-GradientEstimation-Escape-Specialist-Exploiter,Exploiter,1.287312142115867
689,12.994880028632135,HOG8-ML02-H1-GPS-GradientEstimation-Escape-Specialist-Refiner,Refiner,0.335073327675926
696,12.857829270308908,HOG8-ML00-H2-GPS-GradientEstimation-Escape-Specialist-Exploiter,Exploiter,1.0546519707858586
701,12.814085411438061,HOG8-ML02-H1-GPS-GradientEstimation-Escape-Specialist-Refiner,Refiner,0.3402118503148897
709,12.65066835401095,HOG8-ML00-H2-GPS-GradientEstimation-Escape-Specialist-Exploiter,Exploiter,1.275292400355333
711,12.60131981722983,HOG8-ML02-H1-GPS-GradientEstimation-Escape-Specialist-Refiner,Refiner,0.39008640018195645
720,12.454766506965846,HOG8-ML02-H1-GPS-GradientEstimation-Escape-Specialist-Exploiter,Exploiter,1.1629996888389527
730,12.296198515259965,HOG8-ML00-H2-GPS-GradientEstimation-Escape-Specialist-Exploiter,Exploiter,1.2731510592125175
735,12.27478440195345,HOG8-ML02-H1-GPS-GradientEstimation-Escape-Specialist-Refiner,Refiner,0.17415230634036086
749,12.120348197346027,HOG8-ML00-H2-GPS-GradientEstimation-Escape-Specialist-Exploiter,Exploiter,1.258158184699729
751,12.010721801129101,HOG8-ML00-H2-GPS-GradientEstimation-Escape-Specialist-Exploiter,Exploiter,0.9044822346022293
755,11.989837018219212,HOG8-ML02-H1-GPS-GradientEstimation-Escape-Specialist-Refiner,Refiner,0.17388449466813283
764,11.802684402494693,HOG8-ML00-H2-GPS-GradientEstimation-Escape-Specialist-Exploiter,Exploiter,1.5609271038474581
765,11.787239353225255,HOG8-ML02-H1-GPS-GradientEstimation-Escape-Specialist-Refiner,Refiner,0.1308604783685773
776,11.595377529205342,HOG8-ML00-H2-GPS-GradientEstimation-Escape-Specialist-Exploiter,Exploiter,1.627707881976752
776,11.564178288390483,HOG8-ML02-H1-GPS-GradientEstimation-Escape-Specialist-Refiner,Refiner,0.2690661924226011
785,11.387132739470022,HOG8-ML00-H2-GPS-GradientEstimation-Escape-Specialist-Exploiter,Exploiter,1.5309825264299188
790,11.34492846473174,HOG8-ML02-H1-GPS-GradientEstimation-Escape-Specialist-Refiner,Refiner,0.37063127043380784
800,11.177335864633354,HOG8-ML00-H2-GPS-GradientEstimation-Escape-Specialist-Exploiter,Exploiter,1.4772468651467068
800,11.143733223959622,HOG8-ML02-H1-GPS-GradientEstimation-Escape-Specialist-Refiner,Refiner,0.3006319312641959
809,11.00262869481551,HOG8-ML00-H2-GPS-GradientEstimation-Escape-Specialist-Exploiter,Exploiter,1.2662231436116014
810,10.955616207142405,HOG8-ML02-H1-GPS-GradientEstimation-Escape-Specialist-Refiner,Refiner,0.4272841425182028
819,10.829416403478504,HOG8-ML00-H2-GPS-GradientEstimation-Escape-Specialist-Exploiter,Exploiter,1.1519188083790912
825,10.750206449491609,HOG8-ML02-H1-GPS-GradientEstimation-Escape-Specialist-Exploiter,Exploiter,0.7314332650599011
831,10.643184037469622,HOG8-ML00-H2-GPS-GradientEstimation-Escape-Specialist-Exploiter,Exploiter,0.9955382022179505
835,10.634869440406142,HOG8-ML01-H2-GPS-GradientEstimation-Escape-Specialist-Refiner,Refiner,0.07812133130657287
835,10.564507084913265,HOG8-ML02-H1-GPS-GradientEstimation-Escape-Specialist-Exploiter,Exploiter,0.6616193634267132
839,10.435697323305051,HOG8-ML00-H2-GPS-GradientEstimation-Escape-Specialist-Exploiter,Exploiter,1.2192690162720532
846,10.4276495448579,HOG8-ML01-H2-GPS-GradientEstimation-Escape-Specialist-Refiner,Refiner,0.07711778329541241
846,10.36009254438674,HOG8-ML02-H1-GPS-GradientEstimation-Escape-Specialist-Exploiter,Exploiter,0.6478641248973859
855,10.228930860852314,HOG8-ML00-H2-GPS-GradientEstimation-Escape-Specialist-Exploiter,Exploiter,1.2660281071088644
856,10.22463511977309,HOG8-ML01-H2-GPS-GradientEstimation-Escape-Specialist-Polisher,Polisher,0.04199599291128423
856,10.149822608399608,HOG8-ML02-H1-GPS-GradientEstimation-Escape-Specialist-Exploiter,Exploiter,0.7316888133132926
865,10.057621671329684,HOG8-ML00-H2-GPS-GradientEstimation-Escape-Specialist-Exploiter,Exploiter,0.9083994925548939
870,10.048832305490281,HOG8-ML00-H1-GPS-GradientEstimation-Escape-Specialist-Refiner,Refiner,0.08739010202042488
870,9.916551380909,HOG8-ML02-H1-GPS-GradientEstimation-Escape-Specialist-Exploiter,Exploiter,1.3163810536375216
876,9.875655635188647,HOG8-ML00-H2-GPS-GradientEstimation-Escape-Specialist-Refiner,Refiner,0.4123988688152706
882,9.8625217003551,HOG8-ML01-H2-GPS-GradientEstimation-Escape-Specialist-Refiner,Refiner,0.1329930418670012
882,9.753546349098853,HOG8-ML02-H1-GPS-GradientEstimation-Escape-Specialist-Exploiter,Exploiter,1.1049440961161354
885,9.696801417707574,HOG8-ML00-H2-GPS-GradientEstimation-Escape-Specialist-Exploiter,Exploiter,0.5817876837845924
891,9.657122206493185,HOG8-ML01-H2-GPS-GradientEstimation-Escape-Specialist-Refiner,Refiner,0.4091989668049749
891,9.56639042079103,HOG8-ML02-H1-GPS-GradientEstimation-Escape-Specialist-Exploiter,Exploiter,0.9395323343961448
898,9.489150870603222,HOG8-ML00-H2-GPS-GradientEstimation-Escape-Specialist-Exploiter,Exploiter,0.8074053722492949
899,9.476337248198924,HOG8-ML01-H2-GPS-GradientEstimation-Escape-Specialist-Refiner,Refiner,0.13503444701247258
901,9.390527592621915,HOG8-ML02-H1-GPS-GradientEstimation-Escape-Specialist-Exploiter,Exploiter,0.9055150036298882
909,9.31014502084898,HOG8-ML00-H2-GPS-GradientEstimation-Escape-Specialist-Exploiter,Exploiter,0.8559963322624289
911,9.306570422183494,HOG8-ML01-H2-GPS-GradientEstimation-Escape-Specialist-Polisher,Polisher,0.03839466149539776
911,9.212378399379102,HOG8-ML02-H1-GPS-GradientEstimation-Escape-Specialist-Exploiter,Exploiter,1.012102402189672
920,9.143825656724758,HOG8-ML00-H2-GPS-GradientEstimation-Escape-Specialist-Exploiter,Exploiter,0.7441372866204029
925,9.038623479492124,HOG8-ML02-H1-GPS-GradientEstimation-Escape-Specialist-Exploiter,Exploiter,1.1505269367779776
929,8.978305650187123,HOG8-ML00-H2-GPS-GradientEstimation-Escape-Specialist-Exploiter,Exploiter,0.6673342400184846
932,8.9554837361617,HOG8-ML01-H2-GPS-GradientEstimation-Escape-Specialist-Refiner,Refiner,0.2541895421542843
937,8.857745718306997,HOG8-ML02-H1-GPS-GradientEstimation-Escape-Specialist-Exploiter,Exploiter,1.0913761973576266
940,8.787501456122614,HOG8-ML00-H2-GPS-GradientEstimation-Escape-Specialist-Exploiter,Exploiter,0.7930264021827129
944,8.687602150588368,HOG8-ML02-H1-GPS-GradientEstimation-Escape-Specialist-Exploiter,Exploiter,1.1368340140033966
956,8.59442942901839,HOG8-ML00-H1-GPS-GradientEstimation-Escape-Specialist-Exploiter,Exploiter,1.0724791485032252
956,8.477066822011714,HOG8-ML02-H1-GPS-GradientEstimation-Escape-Specialist-Exploiter,Exploiter,1.3655660096574964
965,8.409965550060072,HOG8-ML00-H2-GPS-GradientEstimation-Escape-Specialist-Exploiter,Exploiter,0.7915623807211968
965,8.395504577129627,HOG8-ML01-H2-GPS-GradientEstimation-Escape-Specialist-Refiner,Refiner,0.1719504419413697
965,8.287191183239718,HOG8-ML02-H1-GPS-GradientEstimation-Escape-Specialist-Exploiter,Exploiter,1.290135606440701
974,8.226265148266322,HOG8-ML00-H2-GPS-GradientEstimation-Escape-Specialist-Exploiter,Exploiter,0.7351831715505207
975,8.21523399387638,HOG8-ML01-H2-GPS-GradientEstimation-Escape-Specialist-Refiner,Refiner,0.13409675218487868
980,8.112145794224164,HOG8-ML02-H1-GPS-GradientEstimation-Escape-Specialist-Exploiter,Exploiter,1.2548419159948203
985,8.063283555027935,HOG8-ML00-H2-GPS-GradientEstimation-Escape-Specialist-Exploiter,Exploiter,0.6023343321938152
989,7.9374304481232265,HOG8-ML02-H1-GPS-GradientEstimation-Escape-Specialist-Exploiter,Exploiter,1.560817079615556
996,7.882798233167565,HOG8-ML00-H2-GPS-GradientEstimation-Escape-Specialist-Exploiter,Exploiter,0.6882859045219037
996,7.801000672421678,HOG8-ML02-H1-GPS-GradientEstimation-Escape-Specialist-Exploiter,Exploiter,1.0376716278455098
1006,7.622704187838691,HOG8-ML02-H1-GPS-GradientEstimation-Escape-Specialist-Exploiter,Exploiter,2.2855591490115557
1019,7.537254043157741,HOG8-ML00-H2-GPS-GradientEstimation-Escape-Specialist-Exploiter,Exploiter,1.12099515572541
1019,7.4433750249731405,HOG8-ML02-H1-GPS-GradientEstimation-Escape-Specialist-Exploiter,Exploiter,1.2455334216819105
1029,7.333330176589834,HOG8-ML00-H2-GPS-GradientEstimation-Escape-Specialist-Exploiter,Exploiter,1.4784267622428868
1031,7.233573354338779,HOG8-ML02-H1-GPS-GradientEstimation-Escape-Specialist-Exploiter,Exploiter,1.3603208889940512
1041,7.064655605012856,HOG8-ML02-H1-GPS-GradientEstimation-Escape-Specialist-Exploiter,Exploiter,2.3351909360897523
1049,7.064405109863536,HOG8-ML00-H1-GPS-GradientEstimation-Escape-Specialist-Polisher,Polisher,0.0035457517439679595
1056,6.936315624073452,HOG8-ML00-H2-GPS-GradientEstimation-Escape-Specialist-Exploiter,Exploiter,1.8131673339520327
1056,6.880605951347097,HOG8-ML02-H1-GPS-GradientEstimation-Escape-Specialist-Exploiter,Exploiter,0.8031594256323438
1065,6.804704525680423,HOG8-ML00-H2-GPS-GradientEstimation-Escape-Specialist-Exploiter,Exploiter,1.1031212396607921
1065,6.739784948645287,HOG8-ML02-H1-GPS-GradientEstimation-Escape-Specialist-Exploiter,Exploiter,0.9540396175930114
1076,6.620861188259058,HOG8-ML00-H2-GPS-GradientEstimation-Escape-Specialist-Exploiter,Exploiter,1.764503783019563
1076,6.530391674579612,HOG8-ML02-H1-GPS-GradientEstimation-Escape-Specialist-Exploiter,Exploiter,1.3664312104878158
1086,6.419090921298684,HOG8-ML00-H2-GPS-GradientEstimation-Escape-Specialist-Exploiter,Exploiter,1.704350348757485
1086,6.317073375050485,HOG8-ML02-H1-GPS-GradientEstimation-Escape-Specialist-Exploiter,Exploiter,1.5892833969636282
1095,6.2866709989046745,HOG8-ML00-H1-GPS-GradientEstimation-Escape-Specialist-Refiner,Refiner,0.481273120332675
1099,6.215680060382096,HOG8-ML00-H2-GPS-GradientEstimation-Escape-Specialist-Exploiter,Exploiter,1.129229421023426
1101,6.155364937596303,HOG8-ML01-H2-GPS-GradientEstimation-Escape-Specialist-Exploiter,Exploiter,0.9703704534316808
1101,6.101139014832471,HOG8-ML02-H1-GPS-GradientEstimation-Escape-Specialist-Exploiter,Exploiter,0.8809538234301288
1109,6.027660898979805,HOG8-ML00-H2-GPS-GradientEstimation-Escape-Specialist-Exploiter,Exploiter,1.2043343984464752
1110,5.895074917615782,HOG8-ML02-H1-GPS-GradientEstimation-Escape-Specialist-Exploiter,Exploiter,2.1996257517814914
1116,5.854833019757284,HOG8-ML00-H2-GPS-GradientEstimation-Escape-Specialist-Exploiter,Exploiter,0.682635902357171
1121,5.715237778502342,HOG8-ML02-H1-GPS-GradientEstimation-Escape-Specialist-Exploiter,Exploiter,2.384273655352329
1129,5.69020888058192,HOG8-ML00-H2-GPS-GradientEstimation-Escape-Specialist-Refiner,Refiner,0.4379327490899274
1135,5.499172834885994,HOG8-ML02-H1-GPS-GradientEstimation-Escape-Specialist-Exploiter,Exploiter,3.3572765025875446
1140,5.470130085013118,HOG8-ML00-H2-GPS-GradientEstimation-Escape-Specialist-Exploiter,Exploiter,0.5281294250043034
1145,5.3221647645646275,HOG8-ML02-H1-GPS-GradientEstimation-Escape-Specialist-Exploiter,Exploiter,2.7049689522719143
1149,5.26194622611183,HOG8-ML00-H2-GPS-GradientEstimation-Escape-Specialist-Exploiter,Exploiter,1.131467008570222
1155,5.150399201482805,HOG8-ML02-H1-GPS-GradientEstimation-Escape-Specialist-Exploiter,Exploiter,2.1198815007930913
1161,5.085784259536593,HOG8-ML00-H2-GPS-GradientEstimation-Escape-Specialist-Exploiter,Exploiter,1.254561819744161
1166,4.971717052830706,HOG8-ML02-H1-GPS-GradientEstimation-Escape-Specialist-Exploiter,Exploiter,2.242863654548355
1178,4.9146827133610165,HOG8-ML00-H2-GPS-GradientEstimation-Escape-Specialist-Exploiter,Exploiter,1.1471758924256625
1178,4.792375838102141,HOG8-ML02-H1-GPS-GradientEstimation-Escape-Specialist-Exploiter,Exploiter,2.4886016532943764
1184,4.7774364271855045,HOG8-ML00-H2-GPS-GradientEstimation-Escape-Specialist-Refiner,Refiner,0.31173287365861113
1191,4.61221795220963,HOG8-ML02-H1-GPS-GradientEstimation-Escape-Specialist-Exploiter,Exploiter,3.458308184609562
1195,4.574137189531964,HOG8-ML00-H2-GPS-GradientEstimation-Escape-Specialist-Exploiter,Exploiter,0.8256496781428554
1199,4.404939303480053,HOG8-ML02-H1-GPS-GradientEstimation-Escape-Specialist-Exploiter,Exploiter,3.6990120549756242
1205,4.358227751431528,HOG8-ML00-H2-GPS-GradientEstimation-Escape-Specialist-Exploiter,Exploiter,1.06043577062734
1210,4.195942120716154,HOG8-ML02-H1-GPS-GradientEstimation-Escape-Specialist-Exploiter,Exploiter,3.723661083615208
1215,4.151549401908073,HOG8-ML00-H2-GPS-GradientEstimation-Escape-Specialist-Exploiter,Exploiter,1.0579916865131584
1220,3.989145334919236,HOG8-ML02-H1-GPS-GradientEstimation-Escape-Specialist-Exploiter,Exploiter,3.911890508016005
1227,3.9736682889634087,HOG8-ML00-H2-GPS-GradientEstimation-Escape-Specialist-Refiner,Refiner,0.38797899440634637
1230,3.8110236674409625,HOG8-ML02-H1-GPS-GradientEstimation-Escape-Specialist-Exploiter,Exploiter,4.093059855403141
1236,3.7898909718364258,HOG8-ML00-H1-GPS-GradientEstimation-Escape-Specialist-Exploiter,Exploiter,0.5545149400430524
1244,3.6405522973733793,HOG8-ML02-H1-GPS-GradientEstimation-Escape-Specialist-Exploiter,Exploiter,3.9404477746937165
1255,3.4597595318519336,HOG8-ML02-H1-GPS-GradientEstimation-Escape-Specialist-Exploiter,Exploiter,4.966080713958862
1265,3.251559566970501,HOG8-ML02-H1-GPS-GradientEstimation-Escape-Specialist-Local Explorer,Local Explorer,6.017758256452802
1270,3.2408412225079313,HOG8-ML00-H2-GPS-GradientEstimation-Escape-Specialist-Refiner,Refiner,0.329637032378163
1275,3.0354434106584343,HOG8-ML02-H1-GPS-GradientEstimation-Escape-Specialist-Local Explorer,Local Explorer,6.337793114423221
1286,3.0302227237371797,HOG8-ML00-H2-GPS-GradientEstimation-Escape-Specialist-Refiner,Refiner,0.17199091582215
1286,2.8617563033010915,HOG8-ML02-H1-GPS-GradientEstimation-Escape-Specialist-Local Explorer,Local Explorer,5.559539208666425
1296,2.857860779757622,HOG8-ML00-H2-GPS-GradientEstimation-Escape-Specialist-Refiner,Refiner,0.13612352452848223
1296,2.6826623595727503,HOG8-ML02-H1-GPS-GradientEstimation-Escape-Specialist-Local Explorer,Local Explorer,6.1304043019104135
1310,2.505468350907666,HOG8-ML02-H1-GPS-GradientEstimation-Escape-Specialist-Local Explorer,Local Explorer,6.605155062946675
1321,2.333152351115791,HOG8-ML02-H1-GPS-GradientEstimation-Escape-Specialist-Local Explorer,Local Explorer,6.877596347583065
1334,2.123760980461976,HOG8-ML02-H1-GPS-GradientEstimation-Escape-Specialist-Local Explorer,Local Explorer,8.974611990240454
1345,1.917416815967805,HOG8-ML02-H1-GPS-GradientEstimation-Escape-Specialist-Local Explorer,Local Explorer,9.715978699697427
1356,1.7224738908126778,HOG8-ML02-H1-GPS-GradientEstimation-Escape-Specialist-Local Explorer,Local Explorer,10.16695605940699
1366,1.5607535660049932,HOG8-ML02-H1-GPS-GradientEstimation-Escape-Specialist-Local Explorer,Local Explorer,9.388840415536492
1375,1.454271190007437,HOG8-ML02-H1-GPS-GradientEstimation-Escape-Specialist-Local Explorer,Local Explorer,6.822497690658199
1380,1.4437576158953047,HOG8-ML01-H2-GPS-GradientEstimation-Escape-Specialist-Exploiter,Exploiter,0.7229445363679733
1385,1.429750025553512,HOG8-ML00-H2-GPS-GradientEstimation-Escape-Specialist-Exploiter,Exploiter,0.9702175896822031
1385,1.3111160947545448,HOG8-ML02-H1-GPS-GradientEstimation-Escape-Specialist-Local Explorer,Local Explorer,8.297529545630846
1395,1.300442934098806,HOG8-ML00-H2-GPS-GradientEstimation-Escape-Specialist-Exploiter,Exploiter,0.8140515320069349
1395,1.180007982273457,HOG8-ML02-H1-GPS-GradientEstimation-Escape-Specialist-Local Explorer,Local Explorer,9.261071644701515
1405,1.143356891386396,HOG8-ML00-H2-GPS-GradientEstimation-Escape-Specialist-Exploiter,Exploiter,3.106003640453967
1410,1.0417207270384397,HOG8-ML02-H1-GPS-GradientEstimation-Escape-Specialist-Local Explorer,Local Explorer,8.88927727760628
1416,1.0288573507994963,HOG8-ML00-H2-GPS-GradientEstimation-Escape-Specialist-Exploiter,Exploiter,1.2348200343016447
1416,0.9403532181460533,HOG8-ML02-H1-GPS-GradientEstimation-Escape-Specialist-Local Explorer,Local Explorer,8.602177219676648
1425,0.9294275545061293,HOG8-ML00-H1-GPS-GradientEstimation-Escape-Specialist-Exploiter,Exploiter,1.1618680543747584
1430,0.9119682863401855,HOG8-ML00-H2-GPS-GradientEstimation-Escape-Specialist-Exploiter,Exploiter,1.8784969394652005
1430,0.8310804138269383,HOG8-ML02-H1-GPS-GradientEstimation-Escape-Specialist-Local Explorer,Local Explorer,8.869592695800616
1439,0.8109392236073667,HOG8-ML00-H2-GPS-GradientEstimation-Escape-Specialist-Exploiter,Exploiter,2.4234947526709196
1439,0.737510137072888,HOG8-ML02-H1-GPS-GradientEstimation-Escape-Specialist-Local Explorer,Local Explorer,9.054819941726102
1451,0.7318240088994266,HOG8-ML00-H2-GPS-GradientEstimation-Escape-Specialist-Exploiter,Exploiter,0.7709898329030724
1451,0.6602633553660733,HOG8-ML02-H1-GPS-GradientEstimation-Escape-Specialist-Local Explorer,Local Explorer,9.778396535660496
1461,0.6013026078342285,HOG8-ML02-H1-GPS-GradientEstimation-Escape-Specialist-Local Explorer,Local Explorer,8.929883364366761
1475,0.553496620410395,HOG8-ML02-H1-GPS-GradientEstimation-Escape-Specialist-Local Explorer,Local Explorer,7.950404139443375
1485,0.5067340105767888,HOG8-ML02-H1-GPS-GradientEstimation-Escape-Specialist-Local Explorer,Local Explorer,8.44858091435747
1490,0.5055929590843797,HOG8-ML01-H2-GPS-GradientEstimation-Escape-Specialist-Refiner,Refiner,0.22517760177775767
1495,0.46525555039878924,HOG8-ML02-H1-GPS-GradientEstimation-Escape-Specialist-Local Explorer,Local Explorer,7.978237821713509
1501,0.46378336582691515,HOG8-ML00-H1-GPS-GradientEstimation-Escape-Specialist-Refiner,Refiner,0.3164249347723466
1506,0.45707527307225276,HOG8-ML01-H2-GPS-GradientEstimation-Escape-Specialist-Exploiter,Exploiter,1.4463849393783261
1506,0.42952002700409814,HOG8-ML02-H1-GPS-GradientEstimation-Escape-Specialist-Local Explorer,Local Explorer,6.028601346763029
1521,0.41480123628509835,HOG8-ML00-H1-GPS-GradientEstimation-Escape-Specialist-Exploiter,Exploiter,3.4267996353192984
1527,0.4053954257323158,HOG8-ML01-H2-GPS-GradientEstimation-Escape-Specialist-Exploiter,Exploiter,2.2675464125950238
1527,0.387084483260947,HOG8-ML02-H1-GPS-GradientEstimation-Escape-Specialist-Exploiter,Exploiter,4.516810331120895
1535,0.3722645690683233,HOG8-ML01-H2-GPS-GradientEstimation-Escape-Specialist-Exploiter,Exploiter,3.8285993971587655
1535,0.3588809614141427,HOG8-ML02-H1-GPS-GradientEstimation-Escape-Specialist-Exploiter,Exploiter,3.5951870702269852
1540,0.35699100478543616,HOG8-ML00-H1-GPS-GradientEstimation-Escape-Specialist-Exploiter,Exploiter,0.5266249347023952
1550,0.3411068387968868,HOG8-ML01-H2-GPS-GradientEstimation-Escape-Specialist-Exploiter,Exploiter,4.449458326855122
1550,0.32995305728883595,HOG8-ML02-H1-GPS-GradientEstimation-Escape-Specialist-Exploiter,Exploiter,3.2698791813706234
1555,0.3286267682156637,HOG8-ML00-H1-GPS-GradientEstimation-Escape-Specialist-Refiner,Refiner,0.40196295923732356
1559,0.30338284747004746,HOG8-ML02-H1-GPS-GradientEstimation-Escape-Specialist-Local Explorer,Local Explorer,7.681638620822804
1570,0.2952284987209622,HOG8-ML01-H2-GPS-GradientEstimation-Escape-Specialist-Exploiter,Exploiter,2.687808100255351
1570,0.2803822061865143,HOG8-ML02-H1-GPS-GradientEstimation-Escape-Specialist-Local Explorer,Local Explorer,5.0287464112602365
1580,0.2739224176224444,HOG8-ML01-H2-GPS-GradientEstimation-Escape-Specialist-Exploiter,Exploiter,2.3039224392766133
1580,0.26326472158762004,HOG8-ML02-H1-GPS-GradientEstimation-Escape-Specialist-Exploiter,Exploiter,3.8907717474639796
1590,0.2475316071703959,HOG8-ML02-H1-GPS-GradientEstimation-Escape-Specialist-Local Explorer,Local Explorer,5.976157505018318
1599,0.24653762180139072,HOG8-ML00-H1-GPS-GradientEstimation-Escape-Specialist-Refiner,Refiner,0.40155896871826563
1605,0.2331484330096673,HOG8-ML02-H1-GPS-GradientEstimation-Escape-Specialist-Local Explorer,Local Explorer,5.430890707021446
1610,0.2324913212987162,HOG8-ML00-H1-GPS-GradientEstimation-Escape-Specialist-Refiner,Refiner,0.28184264524903446
1616,0.22687298068545592,HOG8-ML01-H2-GPS-GradientEstimation-Escape-Specialist-Exploiter,Exploiter,2.4165807918660143
1616,0.21962737421851053,HOG8-ML02-H1-GPS-GradientEstimation-Escape-Specialist-Exploiter,Exploiter,3.1936841685837116
1625,0.2147506433548903,HOG8-ML01-H2-GPS-GradientEstimation-Escape-Specialist-Exploiter,Exploiter,2.2204567536140987
1625,0.2073235015726719,HOG8-ML02-H1-GPS-GradientEstimation-Escape-Specialist-Exploiter,Exploiter,3.4584957074817853
1629,0.20492559905429067,HOG8-ML00-H1-GPS-GradientEstimation-Escape-Specialist-Exploiter,Exploiter,1.1565994690383479
1636,0.20336475451255553,HOG8-ML01-H2-GPS-GradientEstimation-Escape-Specialist-Exploiter,Exploiter,0.7616640131531942
1636,0.19400938890141076,HOG8-ML02-H1-GPS-GradientEstimation-Escape-Specialist-Exploiter,Exploiter,4.600288596501705
1639,0.19374633494640295,HOG8-ML00-H1-GPS-GradientEstimation-Escape-Specialist-Refiner,Refiner,0.1355882601854303
1646,0.1925817887822319,HOG8-ML01-H2-GPS-GradientEstimation-Escape-Specialist-Exploiter,Exploiter,0.601067454769252
1646,0.1837758702593006,HOG8-ML02-H1-GPS-GradientEstimation-Escape-Specialist-Exploiter,Exploiter,4.572560354026456
1649,0.18362503276702685,HOG8-ML00-H1-GPS-GradientEstimation-Escape-Specialist-Refiner,Refiner,0.08207687552283699
1657,0.17446572637044722,HOG8-ML02-H1-GPS-GradientEstimation-Escape-Specialist-Exploiter,Exploiter,4.988048883400582
1664,0.16570993744207507,HOG8-ML02-H1-GPS-GradientEstimation-Escape-Specialist-Local Explorer,Local Explorer,5.0186297965370965
1680,0.15912052873191232,HOG8-ML02-H1-GPS-GradientEstimation-Escape-Specialist-Exploiter,Exploiter,3.9764716660194996
1685,0.1583057593545235,HOG8-ML00-H1-GPS-GradientEstimation-Escape-Specialist-Exploiter,Exploiter,0.5120454185779751
1691,0.1507773526758427,HOG8-ML02-H1-GPS-GradientEstimation-Escape-Specialist-Exploiter,Exploiter,4.755611362073733
1695,0.1489463498921062,HOG8-ML00-H1-GPS-GradientEstimation-Escape-Specialist-Exploiter,Exploiter,1.2143752037303484
1701,0.14252199374553548,HOG8-ML02-H1-GPS-GradientEstimation-Escape-Specialist-Exploiter,Exploiter,4.3132014656447755
1710,0.14201329021638187,HOG8-ML00-H1-GPS-GradientEstimation-Escape-Specialist-Refiner,Refiner,0.3569298434470885
1710,0.13543942051093405,HOG8-ML02-H1-GPS-GradientEstimation-Escape-Specialist-Exploiter,Exploiter,4.6290524608164425
1719,0.13507175250317627,HOG8-ML00-H1-GPS-GradientEstimation-Escape-Specialist-Refiner,Refiner,0.27146306914987145
1721,0.1291958153254431,HOG8-ML02-H1-GPS-GradientEstimation-Escape-Specialist-Exploiter,Exploiter,4.350233908155581
1729,0.1277327116971967,HOG8-ML00-H1-GPS-GradientEstimation-Escape-Specialist-Exploiter,Exploiter,1.1324698285009274
1735,0.12234086773654931,HOG8-ML02-H1-GPS-GradientEstimation-Escape-Specialist-Exploiter,Exploiter,4.221192746169271
1739,0.12076963315609554,HOG8-ML00-H1-GPS-GradientEstimation-Escape-Specialist-Exploiter,Exploiter,1.2843088409649779
1746,0.11597537570216199,HOG8-ML02-H1-GPS-GradientEstimation-Escape-Specialist-Exploiter,Exploiter,3.9697540918559753
1749,0.11549992674690503,HOG8-ML00-H1-GPS-GradientEstimation-Escape-Specialist-Refiner,Refiner,0.40995681400331685
1755,0.11068698549098276,HOG8-ML02-H1-GPS-GradientEstimation-Escape-Specialist-Exploiter,Exploiter,4.167051349278228
1760,0.11038448274590226,HOG8-ML00-H1-GPS-GradientEstimation-Escape-Specialist-Refiner,Refiner,0.2732956758544456
1766,0.10597115966571169,HOG8-ML02-H1-GPS-GradientEstimation-Escape-Specialist-Exploiter,Exploiter,3.998137211323216
1776,0.10480971601883252,HOG8-ML00-H1-GPS-GradientEstimation-Escape-Specialist-Exploiter,Exploiter,1.0959997517654543
1780,0.10061776639119119,HOG8-ML02-H1-GPS-GradientEstimation-Escape-Specialist-Exploiter,Exploiter,3.99958113319199
1784,0.10042855375449103,HOG8-ML00-H1-GPS-GradientEstimation-Escape-Specialist-Refiner,Refiner,0.18805092130998052
1790,0.09656359685797641,HOG8-ML02-H1-GPS-GradientEstimation-Escape-Specialist-Exploiter,Exploiter,3.84846415887153
1796,0.0964475214382515,HOG8-ML00-H1-GPS-GradientEstimation-Escape-Specialist-Refiner,Refiner,0.1202061889799278
1800,0.09183531629336585,HOG8-ML02-H1-GPS-GradientEstimation-Escape-Specialist-Exploiter,Exploiter,4.782087788371546
1814,0.08758616527045444,HOG8-ML02-H1-GPS-GradientEstimation-Escape-Specialist-Exploiter,Exploiter,4.6269247980129835
1820,0.08493395771473365,HOG8-ML02-H1-GPS-GradientEstimation-Escape-Specialist-Exploiter,Exploiter,3.028112427951524
1826,0.0846384864205253,HOG8-ML00-H1-GPS-GradientEstimation-Escape-Specialist-Refiner,Refiner,0.3478835817362384
1835,0.08075008490416094,HOG8-ML02-H1-GPS-GradientEstimation-Escape-Specialist-Exploiter,Exploiter,4.594129314937034
1839,0.08069026316215806,HOG8-ML00-H1-GPS-GradientEstimation-Escape-Specialist-Refiner,Refiner,0.07408257474141039
1844,0.07716775158299854,HOG8-ML02-H1-GPS-GradientEstimation-Escape-Specialist-Exploiter,Exploiter,4.365472909761803
1855,0.07438165792999682,HOG8-ML02-H1-GPS-GradientEstimation-Escape-Specialist-Exploiter,Exploiter,3.61043777465139
1865,0.0717617497099102,HOG8-ML02-H1-GPS-GradientEstimation-Escape-Specialist-Exploiter,Exploiter,3.522250367896219
1874,0.06917583885799186,HOG8-ML02-H1-GPS-GradientEstimation-Escape-Specialist-Exploiter,Exploiter,3.6034668362625326
1885,0.0662674993045107,HOG8-ML02-H1-GPS-GradientEstimation-Escape-Specialist-Exploiter,Exploiter,4.204270741770933
1896,0.06389790391122821,HOG8-ML02-H1-GPS-GradientEstimation-Escape-Specialist-Exploiter,Exploiter,3.57580324918221
1910,0.062235981231135794,HOG8-ML00-H1-GPS-GradientEstimation-Escape-Specialist-Exploiter,Exploiter,2.6009032822129576
1910,0.06172257768282188,HOG8-ML02-H1-GPS-GradientEstimation-Escape-Specialist-Exploiter,Exploiter,0.8249304311716421
1919,0.059564294170545054,HOG8-ML02-H1-GPS-GradientEstimation-Escape-Specialist-Exploiter,Exploiter,3.4967488288770943
1931,0.05761775612600156,HOG8-ML02-H1-GPS-GradientEstimation-Escape-Specialist-Exploiter,Exploiter,3.2679612369285285
1941,0.05525441060804917,HOG8-ML02-H1-GPS-GradientEstimation-Escape-Specialist-Exploiter,Exploiter,4.101765977807437
1951,0.05353716174746241,HOG8-ML02-H1-GPS-GradientEstimation-Escape-Specialist-Exploiter,Exploiter,3.107894630834411
1965,0.0525642739570434,HOG8-ML00-H1-GPS-GradientEstimation-Escape-Specialist-Exploiter,Exploiter,1.8172195885321232
1965,0.05138166569683797,HOG8-ML02-H1-GPS-GradientEstimation-Escape-Specialist-Exploiter,Exploiter,2.2498327688724093
1975,0.050794091279211355,HOG8-ML00-H1-GPS-GradientEstimation-Escape-Specialist-Exploiter,Exploiter,1.1435487924689325
1975,0.04942694773559012,HOG8-ML02-H1-GPS-GradientEstimation-Escape-Specialist-Exploiter,Exploiter,2.691540510304921
1990,0.04818213434982573,HOG8-ML02-H1-GPS-GradientEstimation-Escape-Specialist-Exploiter,Exploiter,2.518491314542686
2000,0.046447667506263716,HOG8-ML02-H1-GPS-GradientEstimation-Escape-Specialist-Exploiter,Exploiter,3.599813223235283
2011,0.04469356160033422,HOG8-ML02-H1-GPS-GradientEstimation-Escape-Specialist-Exploiter,Exploiter,3.7765209753384203
2024,0.043339898434554165,HOG8-ML02-H1-GPS-GradientEstimation-Escape-Specialist-Exploiter,Exploiter,3.0287654805517485
2036,0.042052372520798784,HOG8-ML02-H1-GPS-GradientEstimation-Escape-Specialist-Exploiter,Exploiter,2.9707635695077195
2045,0.040799363808167274,HOG8-ML02-H1-GPS-GradientEstimation-Escape-Specialist-Exploiter,Exploiter,2.9796385733332422
2055,0.039521205454953225,HOG8-ML02-H1-GPS-GradientEstimation-Escape-Specialist-Exploiter,Exploiter,3.132789911195101
2070,0.038152083620829384,HOG8-ML02-H1-GPS-GradientEstimation-Escape-Specialist-Exploiter,Exploiter,3.4642714420347906
2084,0.037039911452895584,HOG8-ML02-H1-GPS-GradientEstimation-Escape-Specialist-Exploiter,Exploiter,2.915102040001303
2091,0.036406115199327356,HOG8-ML02-H1-GPS-GradientEstimation-Escape-Specialist-Exploiter,Exploiter,1.7111170861578318
2101,0.035262583568437755,HOG8-ML02-H1-GPS-GradientEstimation-Escape-Specialist-Exploiter,Exploiter,3.141042719413053
2110,0.034196532330113466,HOG8-ML02-H1-GPS-GradientEstimation-Escape-Specialist-Exploiter,Exploiter,3.023179615456403
2126,0.03303953335597139,HOG8-ML02-H1-GPS-GradientEstimation-Escape-Specialist-Exploiter,Exploiter,3.383380990133978
2136,0.03207770079380405,HOG8-ML02-H1-GPS-GradientEstimation-Escape-Specialist-Exploiter,Exploiter,2.911156618964474
2144,0.031240252636549844,HOG8-ML02-H1-GPS-GradientEstimation-Escape-Specialist-Exploiter,Exploiter,2.610686353854775
2155,0.030528719792836546,HOG8-ML02-H1-GPS-GradientEstimation-Escape-Specialist-Exploiter,Exploiter,2.2776155237644686
2166,0.029753462431087632,HOG8-ML02-H1-GPS-GradientEstimation-Escape-Specialist-Exploiter,Exploiter,2.539436199780722
2175,0.029040603431718992,HOG8-ML02-H1-GPS-GradientEstimation-Escape-Specialist-Exploiter,Exploiter,2.395885860409362
2186,0.028235501040019474,HOG8-ML02-H1-GPS-GradientEstimation-Escape-Specialist-Exploiter,Exploiter,2.772333548758709
2200,0.02757542004261794,HOG8-ML02-H1-GPS-GradientEstimation-Escape-Specialist-Exploiter,Exploiter,2.337769733449993
2211,0.026806808024942168,HOG8-ML02-H1-GPS-GradientEstimation-Escape-Specialist-Exploiter,Exploiter,2.7873084670618944
2220,0.026216213861485822,HOG8-ML02-H1-GPS-GradientEstimation-Escape-Specialist-Exploiter,Exploiter,2.2031498972456256
2230,0.025630602735056924,HOG8-ML02-H1-GPS-GradientEstimation-Escape-Specialist-Exploiter,Exploiter,2.233774600417104
2245,0.02521005714443899,HOG8-ML02-H1-GPS-GradientEstimation-Escape-Specialist-Exploiter,Exploiter,1.6407947755466639
2255,0.025151071279362544,HOG8-ML00-H1-GPS-GradientEstimation-Escape-Specialist-Refiner,Refiner,0.2339775143645678
2255,0.024598385599095395,HOG8-ML02-H1-GPS-GradientEstimation-Escape-Specialist-Exploiter,Exploiter,2.1974637745178254
2265,0.02408470675515044,HOG8-ML02-H1-GPS-GradientEstimation-Escape-Specialist-Exploiter,Exploiter,2.088262426310799
2275,0.023592003449341228,HOG8-ML02-H1-GPS-GradientEstimation-Escape-Specialist-Exploiter,Exploiter,2.0457102127840887
2286,0.023154905441074285,HOG8-ML02-H1-GPS-GradientEstimation-Escape-Specialist-Exploiter,Exploiter,1.8527379805005426
2296,0.022707543723293002,HOG8-ML02-H1-GPS-GradientEstimation-Escape-Specialist-Exploiter,Exploiter,1.932038629653445
2308,0.02218829039243643,HOG8-ML02-H1-GPS-GradientEstimation-Escape-Specialist-Exploiter,Exploiter,2.28669968528534
2320,0.021717589844208282,HOG8-ML02-H1-GPS-GradientEstimation-Escape-Specialist-Exploiter,Exploiter,2.121391688602565
2331,0.021324633862484513,HOG8-ML02-H1-GPS-GradientEstimation-Escape-Specialist-Exploiter,Exploiter,1.8093903814495487
2340,0.020951844731206187,HOG8-ML02-H1-GPS-GradientEstimation-Escape-Specialist-Exploiter,Exploiter,1.7481619317936254
2354,0.020582145744727727,HOG8-ML02-H1-GPS-GradientEstimation-Escape-Specialist-Exploiter,Exploiter,1.7645175936600033
2368,0.02023379236275829,HOG8-ML02-H1-GPS-GradientEstimation-Escape-Specialist-Exploiter,Exploiter,1.6925027462633297
2376,0.019958684379022706,HOG8-ML02-H1-GPS-GradientEstimation-Escape-Specialist-Exploiter,Exploiter,1.359646174100008
2386,0.019921804454779556,HOG8-ML00-H2-GPS-GradientEstimation-Escape-Specialist-Refiner,Refiner,0.1847813390040526
2386,0.019761287651430752,HOG8-ML02-H1-GPS-GradientEstimation-Escape-Specialist-Exploiter,Exploiter,0.8057342582252537
2391,0.019499607621319234,HOG8-ML01-H2-GPS-GradientEstimation-Escape-Specialist-Exploiter,Exploiter,1.3242053591207736
2401,0.01914810355713074,HOG8-ML01-H2-GPS-GradientEstimation-Escape-Specialist-Exploiter,Exploiter,1.8026212168709939
2409,0.019108770261447743,HOG8-ML00-H2-GPS-GradientEstimation-Escape-Specialist-Refiner,Refiner,0.20541614246884654
2411,0.018772462643321854,HOG8-ML01-H2-GPS-GradientEstimation-Escape-Specialist-Exploiter,Exploiter,1.7599647362153616
2421,0.01871586420357718,HOG8-ML00-H2-GPS-GradientEstimation-Escape-Specialist-Refiner,Refiner,0.3014971494153278
2426,0.01848722498110265,HOG8-ML01-H2-GPS-GradientEstimation-Escape-Specialist-Exploiter,Exploiter,1.221633262496268
2436,0.018401338690622902,HOG8-ML00-H2-GPS-GradientEstimation-Escape-Specialist-Refiner,Refiner,0.46457102441031467
2436,0.018136976900704885,HOG8-ML01-H2-GPS-GradientEstimation-Escape-Specialist-Exploiter,Exploiter,1.4366443352990026
2444,0.017804003869044814,HOG8-ML01-H2-GPS-GradientEstimation-Escape-Specialist-Exploiter,Exploiter,1.835879449386793
2455,0.01769317612036211,HOG8-ML00-H2-GPS-GradientEstimation-Escape-Specialist-Exploiter,Exploiter,0.6224877813882962
2455,0.01746157132120453,HOG8-ML01-H2-GPS-GradientEstimation-Escape-Specialist-Exploiter,Exploiter,1.309006351273692
2466,0.01732994031052265,HOG8-ML00-H2-GPS-GradientEstimation-Escape-Specialist-Exploiter,Exploiter,0.7538325632930437
2466,0.01710439230837487,HOG8-ML01-H2-GPS-GradientEstimation-Escape-Specialist-Exploiter,Exploiter,1.3014932429445782
2476,0.017010901300066453,HOG8-ML00-H2-GPS-GradientEstimation-Escape-Specialist-Exploiter,Exploiter,0.5465906453901979
2481,0.016765606201538948,HOG8-ML01-H2-GPS-GradientEstimation-Escape-Specialist-Exploiter,Exploiter,1.4419876654422004
2489,0.01666291128885728,HOG8-ML00-H2-GPS-GradientEstimation-Escape-Specialist-Exploiter,Exploiter,0.6125332507943565
2489,0.016392881642679307,HOG8-ML01-H2-GPS-GradientEstimation-Escape-Specialist-Exploiter,Exploiter,1.6205430221461137
2500,0.016310229754432228,HOG8-ML00-H2-GPS-GradientEstimation-Escape-Specialist-Exploiter,Exploiter,0.5041937717154817
2501,0.01609683397064189,HOG8-ML01-H2-GPS-GradientEstimation-Escape-Specialist-Exploiter,Exploiter,1.3083554738543586
2510,0.01603812559621222,HOG8-ML00-H2-GPS-GradientEstimation-Escape-Specialist-Refiner,Refiner,0.36472000976556795
2513,0.015836514084557305,HOG8-ML01-H2-GPS-GradientEstimation-Escape-Specialist-Exploiter,Exploiter,1.2570765233471488
2525,0.01555919953004933,HOG8-ML01-H2-GPS-GradientEstimation-Escape-Specialist-Exploiter,Exploiter,1.7511085648475717
2539,0.015372615287537066,HOG8-ML00-H2-GPS-GradientEstimation-Escape-Specialist-Exploiter,Exploiter,1.199189213763314
2540,0.01527379845722204,HOG8-ML01-H2-GPS-GradientEstimation-Escape-Specialist-Exploiter,Exploiter,0.6428107935228153
2549,0.01516401633054789,HOG8-ML00-H2-GPS-GradientEstimation-Escape-Specialist-Exploiter,Exploiter,0.71876113189277
2549,0.015129853484126762,HOG8-ML01-H2-GPS-GradientEstimation-Escape-Specialist-Refiner,Refiner,0.22528890550129124
2560,0.015011995820837325,HOG8-ML01-H2-GPS-GradientEstimation-Escape-Specialist-Exploiter,Exploiter,0.7789742538689135
2575,0.014824091316607012,HOG8-ML01-H2-GPS-GradientEstimation-Escape-Specialist-Exploiter,Exploiter,1.2516956870551015
2585,0.014685788710327408,HOG8-ML01-H2-GPS-GradientEstimation-Escape-Specialist-Exploiter,Exploiter,0.9329584075394085
2601,0.014592240838470332,HOG8-ML01-H2-GPS-GradientEstimation-Escape-Specialist-Exploiter,Exploiter,0.6369958992484369
2606,0.01456054478437491,HOG8-ML00-H2-GPS-GradientEstimation-Escape-Specialist-Refiner,Refiner,0.21721169795841078
2615,0.014404243663862414,HOG8-ML01-H2-GPS-GradientEstimation-Escape-Specialist-Exploiter,Exploiter,1.0734565418199558
2615,0.014338726143958893,HOG8-ML00-H2-GPS-GradientEstimation-Escape-Specialist-Refiner,Refiner,0.4548487336956951
2625,0.014130464163994782,HOG8-ML00-H2-GPS-GradientEstimation-Escape-Specialist-Exploiter,Exploiter,1.4524440865470802
2635,0.013885598087932126,HOG8-ML01-H2-GPS-GradientEstimation-Escape-Specialist-Exploiter,Exploiter,1.7328947812385989
2649,0.013651441724337408,HOG8-ML00-H2-GPS-GradientEstimation-Escape-Specialist-Exploiter,Exploiter,1.6863253718845677
2652,0.013630093596224226,HOG8-ML01-H2-GPS-GradientEstimation-Escape-Specialist-Refiner,Refiner,0.15638002596548883
2659,0.013452332243346929,HOG8-ML00-H2-GPS-GradientEstimation-Escape-Specialist-Exploiter,Exploiter,1.3041829215797907
2662,0.01343218701774573,HOG8-ML01-H2-GPS-GradientEstimation-Escape-Specialist-Refiner,Refiner,0.1497526617450407
2669,0.013238679458248616,HOG8-ML01-H2-GPS-GradientEstimation-Escape-Specialist-Exploiter,Exploiter,1.440625858182772
2681,0.012999171754722734,HOG8-ML01-H2-GPS-GradientEstimation-Escape-Specialist-Exploiter,Exploiter,1.8091510129936081
2691,0.012829132413918063,HOG8-ML01-H2-GPS-GradientEstimation-Escape-Specialist-Exploiter,Exploiter,1.308078268470406
2705,0.012719529433195513,HOG8-ML00-H2-GPS-GradientEstimation-Escape-Specialist-Exploiter,Exploiter,0.854328860177983
2705,0.01264589357787108,HOG8-ML01-H2-GPS-GradientEstimation-Escape-Specialist-Exploiter,Exploiter,0.5789196503784029
2715,0.01252120932768238,HOG8-ML00-H2-GPS-GradientEstimation-Escape-Specialist-Exploiter,Exploiter,0.9859663093075781
2715,0.01244992498054006,HOG8-ML01-H2-GPS-GradientEstimation-Escape-Specialist-Exploiter,Exploiter,0.5693088045794543
2726,0.012384008271845968,HOG8-ML00-H2-GPS-GradientEstimation-Escape-Specialist-Exploiter,Exploiter,0.5294546657680569
2726,0.012336699032725664,HOG8-ML01-H2-GPS-GradientEstimation-Escape-Specialist-Refiner,Refiner,0.38201879457604776
2739,0.012203159170168681,HOG8-ML00-H2-GPS-GradientEstimation-Escape-Specialist-Exploiter,Exploiter,1.0824602448575618
2741,0.012154737410693268,HOG8-ML01-H2-GPS-GradientEstimation-Escape-Specialist-Refiner,Refiner,0.3967969179143606
2750,0.01200746649264755,HOG8-ML00-H2-GPS-GradientEstimation-Escape-Specialist-Exploiter,Exploiter,1.2116338927746313
2750,0.01196806140678407,HOG8-ML01-H2-GPS-GradientEstimation-Escape-Specialist-Refiner,Refiner,0.32817152467266264
2760,0.011871734822502384,HOG8-ML00-H2-GPS-GradientEstimation-Escape-Specialist-Exploiter,Exploiter,0.804863720260357
2766,0.011776382035445117,HOG8-ML01-H2-GPS-GradientEstimation-Escape-Specialist-Exploiter,Exploiter,0.8031916858227767
2770,0.011719592240739879,HOG8-ML00-H2-GPS-GradientEstimation-Escape-Specialist-Refiner,Refiner,0.4822346501184343
2774,0.011635575591226865,HOG8-ML01-H2-GPS-GradientEstimation-Escape-Specialist-Exploiter,Exploiter,0.7168905520531121
2781,0.011587747964863684,HOG8-ML00-H2-GPS-GradientEstimation-Escape-Specialist-Refiner,Refiner,0.41104650120826014
2785,0.011502251328546473,HOG8-ML01-H2-GPS-GradientEstimation-Escape-Specialist-Exploiter,Exploiter,0.7378192602777874
2791,0.011440671134962492,HOG8-ML00-H2-GPS-GradientEstimation-Escape-Specialist-Exploiter,Exploiter,0.5353751350498666
2795,0.011358342437158893,HOG8-ML01-H2-GPS-GradientEstimation-Escape-Specialist-Exploiter,Exploiter,0.7196142327000741
2804,0.011231152562057933,HOG8-ML01-H2-GPS-GradientEstimation-Escape-Specialist-Exploiter,Exploiter,1.1197925736492826
2815,0.011152793075345217,HOG8-ML00-H2-GPS-GradientEstimation-Escape-Specialist-Exploiter,Exploiter,0.6976976430489978
2815,0.01110844856482171,HOG8-ML01-H2-GPS-GradientEstimation-Escape-Specialist-Refiner,Refiner,0.3976090134904122
2826,0.01105974544688549,HOG8-ML00-H2-GPS-GradientEstimation-Escape-Specialist-Refiner,Refiner,0.4384331227895651
2826,0.010986712956735685,HOG8-ML01-H2-GPS-GradientEstimation-Escape-Specialist-Exploiter,Exploiter,0.6603451272955979
2835,0.010857043467757115,HOG8-ML01-H2-GPS-GradientEstimation-Escape-Specialist-Exploiter,Exploiter,1.1802391624245805
2849,0.010798857445732214,HOG8-ML00-H2-GPS-GradientEstimation-Escape-Specialist-Exploiter,Exploiter,0.535928793116652
2851,0.010714909631801538,HOG8-ML01-H2-GPS-GradientEstimation-Escape-Specialist-Exploiter,Exploiter,0.7773768137281251
2859,0.01069453005331705,HOG8-ML00-H2-GPS-GradientEstimation-Escape-Specialist-Refiner,Refiner,0.19019832350244628
2861,0.010620066966070815,HOG8-ML01-H2-GPS-GradientEstimation-Escape-Specialist-Exploiter,Exploiter,0.6962726447539332
2869,0.010556237915530002,HOG8-ML00-H2-GPS-GradientEstimation-Escape-Specialist-Exploiter,Exploiter,0.6010230514057463
2874,0.010482507106886198,HOG8-ML01-H2-GPS-GradientEstimation-Escape-Specialist-Exploiter,Exploiter,0.6984572461684816
2880,0.010421189422360071,HOG8-ML01-H2-GPS-GradientEstimation-Escape-Specialist-Exploiter,Exploiter,0.584952472732842
2890,0.010392608597792605,HOG8-ML00-H2-GPS-GradientEstimation-Escape-Specialist-Refiner,Refiner,0.2742568377669312
2895,0.01029950260288736,HOG8-ML01-H2-GPS-GradientEstimation-Escape-Specialist-Exploiter,Exploiter,0.895886668194358
2906,0.010275605367305821,HOG8-ML00-H2-GPS-GradientEstimation-Escape-Specialist-Refiner,Refiner,0.23202320056542788
2906,0.01018535760828431,HOG8-ML01-H2-GPS-GradientEstimation-Escape-Specialist-Exploiter,Exploiter,0.8782719440418982
2916,0.010154182910342898,HOG8-ML00-H2-GPS-GradientEstimation-Escape-Specialist-Refiner,Refiner,0.30607367105163824
2916,0.010072136592577993,HOG8-ML01-H2-GPS-GradientEstimation-Escape-Specialist-Exploiter,Exploiter,0.8080051195585031
2925,0.009976493100464093,HOG8-ML01-H2-GPS-GradientEstimation-Escape-Specialist-Exploiter,Exploiter,0.9495849389530486
2936,0.00989192571349569,HOG8-ML01-H2-GPS-GradientEstimation-Escape-Specialist-Exploiter,Exploiter,0.8476664707407905
2950,0.00986354390725112,HOG8-ML00-H2-GPS-GradientEstimation-Escape-Specialist-Refiner,Refiner,0.2869189181824184
2950,0.009791809326770626,HOG8-ML01-H2-GPS-GradientEstimation-Escape-Specialist-Exploiter,Exploiter,0.7272698449464873
2960,0.009711946188372808,HOG8-ML01-H2-GPS-GradientEstimation-Escape-Specialist-Exploiter,Exploiter,0.8156116579953651
2971,0.009614921105595985,HOG8-ML01-H2-GPS-GradientEstimation-Escape-Specialist-Exploiter,Exploiter,0.9990282163319786
2985,0.009599892767139403,HOG8-ML00-H2-GPS-GradientEstimation-Escape-Specialist-Refiner,Refiner,0.1563022545014521
2985,0.00953508986077706,HOG8-ML01-H2-GPS-GradientEstimation-Escape-Specialist-Exploiter,Exploiter,0.6750378148406354
2995,0.00952391846333753,HOG8-ML00-H2-GPS-GradientEstimation-Escape-Specialist-Refiner,Refiner,0.11716090359550721
2995,0.009464077777578597,HOG8-ML01-H2-GPS-GradientEstimation-Escape-Specialist-Exploiter,Exploiter,0.6283200133358122
3001,0.00939463238824741,HOG8-ML01-H2-GPS-GradientEstimation-Escape-Specialist-Exploiter,Exploiter,0.733778725864977
3016,0.009320611230423537,HOG8-ML01-H2-GPS-GradientEstimation-Escape-Specialist-Exploiter,Exploiter,0.7879090395966132
3029,0.009237273628115184,HOG8-ML01-H2-GPS-GradientEstimation-Escape-Specialist-Exploiter,Exploiter,0.8941216433996313
3040,0.009219903473794193,HOG8-ML00-H2-GPS-GradientEstimation-Escape-Specialist-Refiner,Refiner,0.1880441677955926
3040,0.009156853829895681,HOG8-ML01-H2-GPS-GradientEstimation-Escape-Specialist-Exploiter,Exploiter,0.6838427764207966
3056,0.009154077783866173,HOG8-ML00-H2-GPS-GradientEstimation-Escape-Specialist-Polisher,Polisher,0.03031659215138339
3056,0.009090095180018085,HOG8-ML01-H2-GPS-GradientEstimation-Escape-Specialist-Exploiter,Exploiter,0.6989519355063397
3061,0.009028002970756678,HOG8-ML01-H2-GPS-GradientEstimation-Escape-Specialist-Exploiter,Exploiter,0.6830754577564608
3071,0.008964720683433264,HOG8-ML01-H2-GPS-GradientEstimation-Escape-Specialist-Exploiter,Exploiter,0.700955543860556
3086,0.008959473494041012,HOG8-ML00-H2-GPS-GradientEstimation-Escape-Specialist-Refiner,Refiner,0.058531543564413986
3086,0.008904723935482538,HOG8-ML01-H2-GPS-GradientEstimation-Escape-Specialist-Exploiter,Exploiter,0.611080088521806
3095,0.008898003445965847,HOG8-ML00-H2-GPS-GradientEstimation-Escape-Specialist-Refiner,Refiner,0.07547105969127256
3095,0.008844022358905418,HOG8-ML01-H2-GPS-GradientEstimation-Escape-Specialist-Exploiter,Exploiter,0.6066651624517371
3105,0.008788138216759365,HOG8-ML01-H2-GPS-GradientEstimation-Escape-Specialist-Exploiter,Exploiter,0.6318860341842151
3116,0.008772072584132111,HOG8-ML00-H2-GPS-GradientEstimation-Escape-Specialist-Refiner,Refiner,0.1828104227652641
3116,0.008730136451041967,HOG8-ML01-H2-GPS-GradientEstimation-Escape-Specialist-Refiner,Refiner,0.47806413692931427
3126,0.008676066353462679,HOG8-ML01-H2-GPS-GradientEstimation-Escape-Specialist-Exploiter,Exploiter,0.6193499710171745
3135,0.008620924442018101,HOG8-ML01-H2-GPS-GradientEstimation-Escape-Specialist-Exploiter,Exploiter,0.6355635053732633
3151,0.008560437441696149,HOG8-ML01-H2-GPS-GradientEstimation-Escape-Specialist-Exploiter,Exploiter,0.7016300946467016
3161,0.008511898832159493,HOG8-ML01-H2-GPS-GradientEstimation-Escape-Specialist-Exploiter,Exploiter,0.5670108550789074
3175,0.008456948996375311,HOG8-ML01-H2-GPS-GradientEstimation-Escape-Specialist-Exploiter,Exploiter,0.6455649540449347
3185,0.00843202868151366,HOG8-ML01-H2-GPS-GradientEstimation-Escape-Specialist-Refiner,Refiner,0.29467263988860287
3197,0.008401033333107405,HOG8-ML01-H2-GPS-GradientEstimation-Escape-Specialist-Refiner,Refiner,0.3675906425011129
3205,0.008391345186182389,HOG8-ML00-H2-GPS-GradientEstimation-Escape-Specialist-Refiner,Refiner,0.11532089614305602
3216,0.008361444899767808,HOG8-ML00-H2-GPS-GradientEstimation-Escape-Specialist-Refiner,Refiner,0.35632292262051113
3225,0.008332751399532375,HOG8-ML00-H2-GPS-GradientEstimation-Escape-Specialist-Refiner,Refiner,0.34316437624589874
3230,0.008320250129091645,HOG8-ML01-H2-GPS-GradientEstimation-Escape-Specialist-Refiner,Refiner,0.1500257218933948
3239,0.008280785605727464,HOG8-ML00-H2-GPS-GradientEstimation-Escape-Specialist-Refiner,Refiner,0.47431895377993677
3246,0.008274306444260434,HOG8-ML01-H2-GPS-GradientEstimation-Escape-Specialist-Refiner,Refiner,0.07824331863570809
3250,0.008239460435444655,HOG8-ML00-H2-GPS-GradientEstimation-Escape-Specialist-Refiner,Refiner,0.4211351011775841
3254,0.00823178862378449,HOG8-ML01-H2-GPS-GradientEstimation-Escape-Specialist-Refiner,Refiner,0.09311060742718605
3259,0.008185648413613458,HOG8-ML00-H2-GPS-GradientEstimation-Escape-Specialist-Exploiter,Exploiter,0.5605125724161166
3266,0.008180229499063697,HOG8-ML01-H2-GPS-GradientEstimation-Escape-Specialist-Refiner,Refiner,0.06620018691187042
3276,0.008136684997186741,HOG8-ML00-H2-GPS-GradientEstimation-Escape-Specialist-Exploiter,Exploiter,0.5323139391375298
3276,0.008135389693704921,HOG8-ML01-H2-GPS-GradientEstimation-Escape-Specialist-Polisher,Polisher,0.015919302299001403
3285,0.008096430762573048,HOG8-ML00-H2-GPS-GradientEstimation-Escape-Specialist-Refiner,Refiner,0.4788821752696051
3290,0.008094046360293494,HOG8-ML01-H2-GPS-GradientEstimation-Escape-Specialist-Polisher,Polisher,0.029450042240548504
3297,0.008061062788749303,HOG8-ML00-H2-GPS-GradientEstimation-Escape-Specialist-Refiner,Refiner,0.40750410951432664
3299,0.008056594656855709,HOG8-ML01-H2-GPS-GradientEstimation-Escape-Specialist-Refiner,Refiner,0.055428570781385016
3305,0.008024825660734442,HOG8-ML00-H2-GPS-GradientEstimation-Escape-Specialist-Refiner,Refiner,0.39432288050179076
3311,0.008022064144090053,HOG8-ML01-H2-GPS-GradientEstimation-Escape-Specialist-Polisher,Polisher,0.034412169947831875
3320,0.007988366210846738,HOG8-ML00-H2-GPS-GradientEstimation-Escape-Specialist-Refiner,Refiner,0.42006561700383327
3321,0.007983516536447936,HOG8-ML01-H2-GPS-GradientEstimation-Escape-Specialist-Refiner,Refiner,0.06070921476054687
3330,0.00795289120944944,HOG8-ML00-H2-GPS-GradientEstimation-Escape-Specialist-Refiner,Refiner,0.38360698394847137
3334,0.007943773463817715,HOG8-ML01-H2-GPS-GradientEstimation-Escape-Specialist-Refiner,Refiner,0.1146469301741795
3340,0.007917126568407018,HOG8-ML00-H2-GPS-GradientEstimation-Escape-Specialist-Refiner,Refiner,0.33544379798930785
3345,0.007911675028158224,HOG8-ML01-H2-GPS-GradientEstimation-Escape-Specialist-Refiner,Refiner,0.0688575609053396
3350,0.007883755685184356,HOG8-ML00-H2-GPS-GradientEstimation-Escape-Specialist-Refiner,Refiner,0.3528878887783005
3356,0.00787774697009677,HOG8-ML01-H2-GPS-GradientEstimation-Escape-Specialist-Refiner,Refiner,0.07621640405318968
3360,0.00785100950148419,HOG8-ML00-H2-GPS-GradientEstimation-Escape-Specialist-Refiner,Refiner,0.3394050191517067
3374,0.007817530085533122,HOG8-ML00-H2-GPS-GradientEstimation-Escape-Specialist-Refiner,Refiner,0.42643453615409693
3386,0.007793460528138862,HOG8-ML00-H2-GPS-GradientEstimation-Escape-Specialist-Refiner,Refiner,0.3078920980272566
3386,0.007792220454848425,HOG8-ML01-H2-GPS-GradientEstimation-Escape-Specialist-Polisher,Polisher,0.01591171580274624
3396,0.007758749882950616,HOG8-ML00-H2-GPS-GradientEstimation-Escape-Specialist-Refiner,Refiner,0.4295383080054351
3404,0.007740609907240232,HOG8-ML00-H2-GPS-GradientEstimation-Escape-Specialist-Refiner,Refiner,0.23380023823484586
3411,0.00773300970062081,HOG8-ML01-H2-GPS-GradientEstimation-Escape-Specialist-Refiner,Refiner,0.09818614696384957
3416,0.0077123849978047,HOG8-ML00-H2-GPS-GradientEstimation-Escape-Specialist-Refiner,Refiner,0.2667099048699573
3421,0.007705523621226373,HOG8-ML01-H2-GPS-GradientEstimation-Escape-Specialist-Refiner,Refiner,0.08896569064277927
3430,0.00768375557739058,HOG8-ML00-H2-GPS-GradientEstimation-Escape-Specialist-Refiner,Refiner,0.2824992162223529
3434,0.007666990077105303,HOG8-ML01-H2-GPS-GradientEstimation-Escape-Specialist-Refiner,Refiner,0.21819408642577526
3439,0.007656787895526894,HOG8-ML00-H2-GPS-GradientEstimation-Escape-Specialist-Refiner,Refiner,0.1330663203657262
3446,0.007637877554553571,HOG8-ML01-H2-GPS-GradientEstimation-Escape-Specialist-Refiner,Refiner,0.2469748572292357
3449,0.007628975193981084,HOG8-ML00-H2-GPS-GradientEstimation-Escape-Specialist-Refiner,Refiner,0.11655542405467384
3455,0.007610691013201949,HOG8-ML01-H2-GPS-GradientEstimation-Escape-Specialist-Refiner,Refiner,0.23966758724763534
3460,0.007602751515136072,HOG8-ML00-H2-GPS-GradientEstimation-Escape-Specialist-Refiner,Refiner,0.10432033112505329
3465,0.007584100338055756,HOG8-ML01-H2-GPS-GradientEstimation-Escape-Specialist-Refiner,Refiner,0.24532140821890955
3470,0.0075772005198246626,HOG8-ML00-H2-GPS-GradientEstimation-Escape-Specialist-Refiner,Refiner,0.09097741226433011
3475,0.007558041363469685,HOG8-ML01-H2-GPS-GradientEstimation-Escape-Specialist-Refiner,Refiner,0.25285270338102767
3479,0.007552657855570804,HOG8-ML00-H2-GPS-GradientEstimation-Escape-Specialist-Refiner,Refiner,0.0712288758420998
3486,0.007537708435904346,HOG8-ML01-H2-GPS-GradientEstimation-Escape-Specialist-Refiner,Refiner,0.19793587836673185
3489,0.007536770986540776,HOG8-ML00-H2-GPS-GradientEstimation-Escape-Specialist-Polisher,Polisher,0.01243679523480605
3496,0.007504362476333566,HOG8-ML01-H2-GPS-GradientEstimation-Escape-Specialist-Refiner,Refiner,0.4300052405079768
3510,0.007493656717611773,HOG8-ML00-H2-GPS-GradientEstimation-Escape-Specialist-Refiner,Refiner,0.14266046923446524
3510,0.0074806952347048535,HOG8-ML01-H2-GPS-GradientEstimation-Escape-Specialist-Refiner,Refiner,0.17296606176871557
3530,0.007440522676388074,HOG8-ML01-H2-GPS-GradientEstimation-Escape-Specialist-Exploiter,Exploiter,0.5370163742322905
3540,0.007416233325899274,HOG8-ML01-H2-GPS-GradientEstimation-Escape-Specialist-Refiner,Refiner,0.3264468310254612
3551,0.007393741676054098,HOG8-ML01-H2-GPS-GradientEstimation-Escape-Specialist-Refiner,Refiner,0.3032759199556198
3562,0.007372744710203857,HOG8-ML01-H2-GPS-GradientEstimation-Escape-Specialist-Refiner,Refiner,0.28398295166631127
3576,0.0073647647281103465,HOG8-ML00-H2-GPS-GradientEstimation-Escape-Specialist-Refiner,Refiner,0.10823624589179634
3576,0.007352953284627705,HOG8-ML01-H2-GPS-GradientEstimation-Escape-Specialist-Refiner,Refiner,0.16037774346760808
3584,0.007329969961944389,HOG8-ML01-H2-GPS-GradientEstimation-Escape-Specialist-Refiner,Refiner,0.3125726737767433
3596,0.0073052489850008685,HOG8-ML01-H2-GPS-GradientEstimation-Escape-Specialist-Refiner,Refiner,0.337258911999184
3606,0.00728519793641323,HOG8-ML01-H2-GPS-GradientEstimation-Escape-Specialist-Refiner,Refiner,0.2744745405503241
3617,0.007266838355250594,HOG8-ML01-H2-GPS-GradientEstimation-Escape-Specialist-Refiner,Refiner,0.2520121117213632
3627,0.007250612996032627,HOG8-ML01-H2-GPS-GradientEstimation-Escape-Specialist-Refiner,Refiner,0.2232794844850708
3637,0.007235457674022595,HOG8-ML01-H2-GPS-GradientEstimation-Escape-Specialist-Refiner,Refiner,0.2090212512835031
3642,0.007230297151644251,HOG8-ML00-H2-GPS-GradientEstimation-Escape-Specialist-Refiner,Refiner,0.07132268075967148
3647,0.0072129204059166495,HOG8-ML01-H2-GPS-GradientEstimation-Escape-Specialist-Refiner,Refiner,0.24033238694276762
3656,0.007206951335977867,HOG8-ML00-H2-GPS-GradientEstimation-Escape-Specialist-Refiner,Refiner,0.08275524479497225
3659,0.007202768512388053,HOG8-ML01-H2-GPS-GradientEstimation-Escape-Specialist-Refiner,Refiner,0.058038737807657725
3667,0.007199366929992436,HOG8-ML00-H2-GPS-GradientEstimation-Escape-Specialist-Polisher,Polisher,0.047226040789269945
3667,0.007169876026001096,HOG8-ML04-H1-GPS-Sniper-Specialist-Refiner,Refiner,0.40963190622333195
3678,0.007158440495933565,HOG8-ML04-H1-GPS-Sniper-Specialist-Refiner,Refiner,0.15949411155869633
3691,0.007126669729588466,HOG8-ML04-H1-GPS-Sniper-Specialist-Refiner,Refiner,0.44382245494877715
3696,0.007104499388503225,HOG8-ML04-H1-GPS-Sniper-Specialist-Refiner,Refiner,0.3110897786268145
3701,0.007099903904174055,HOG8-ML04-H1-GPS-Sniper-Specialist-Refiner,Refiner,0.06468413997762941
3705,0.007066580738014911,HOG8-ML04-H1-GPS-Sniper-Specialist-Refiner,Refiner,0.46934672086975493
3717,0.00705167592417437,HOG8-ML04-H1-GPS-Sniper-Specialist-Refiner,Refiner,0.21091974171270167
3719,0.0070483619399299355,HOG8-ML04-H1-GPS-Sniper-Specialist-Polisher,Polisher,0.046995696910485524
3729,0.007031747405438865,HOG8-ML04-H1-GPS-Sniper-Specialist-Refiner,Refiner,0.23572192564270256
3737,0.00695577039464268,HOG8-ML04-H1-GPS-Sniper-Specialist-Exploiter,Exploiter,1.0804854955031447
3747,0.006931344013603418,HOG8-ML04-H1-GPS-Sniper-Specialist-Refiner,Refiner,0.3511671555184608
3757,0.006898794034824765,HOG8-ML04-H1-GPS-Sniper-Specialist-Refiner,Refiner,0.46960558752775955
3767,0.006858051573094017,HOG8-ML04-H1-GPS-Sniper-Specialist-Exploiter,Exploiter,0.5905736788934736
3777,0.006828346688554988,HOG8-ML04-H1-GPS-Sniper-Specialist-Refiner,Refiner,0.4331388328365636
3792,0.006825587810866077,HOG8-ML04-H1-GPS-Sniper-Specialist-Polisher,Polisher,0.040403304265958985
3802,0.0067888095191087445,HOG8-ML04-H1-GPS-Sniper-Specialist-Exploiter,Exploiter,0.538829662388674
3807,0.006783087594723312,HOG8-ML04-H1-GPS-Sniper-Specialist-Refiner,Refiner,0.08428465063464181
3809,0.00676984224683766,HOG8-ML04-H1-GPS-Sniper-Specialist-Refiner,Refiner,0.1952701878117537
3817,0.006769535297683557,HOG8-ML04-H1-GPS-Sniper-Specialist-Polisher,Polisher,0.004534066569232846
3822,0.006755733766918779,HOG8-ML04-H1-GPS-Sniper-Specialist-Refiner,Refiner,0.20387707808393035
3831,0.006705693353397558,HOG8-ML04-H1-GPS-Sniper-Specialist-Exploiter,Exploiter,0.7407102654970962
3840,0.006661990754619633,HOG8-ML04-H1-GPS-Sniper-Specialist-Exploiter,Exploiter,0.6517237886486804
3852,0.0066334442072261916,HOG8-ML04-H1-GPS-Sniper-Specialist-Refiner,Refiner,0.4284987542747072
3857,0.006599557895902074,HOG8-ML04-H1-GPS-Sniper-Specialist-Exploiter,Exploiter,0.5108403759121628
3862,0.006585719591750077,HOG8-ML04-H1-GPS-Sniper-Specialist-Refiner,Refiner,0.20968532089989336
3872,0.006566931324167672,HOG8-ML04-H1-GPS-Sniper-Specialist-Refiner,Refiner,0.2852879980790792
3882,0.006540817335465705,HOG8-ML04-H1-GPS-Sniper-Specialist-Refiner,Refiner,0.3976589279358244
3884,0.0065378070269105516,HOG8-ML04-H1-GPS-Sniper-Specialist-Polisher,Polisher,0.04602343102949209
3891,0.006517207787556978,HOG8-ML04-H1-GPS-Sniper-Specialist-Refiner,Refiner,0.3150787300509862
3901,0.006466943609171126,HOG8-ML04-H1-GPS-Sniper-Specialist-Exploiter,Exploiter,0.771253273247154
3912,0.006449943702391993,HOG8-ML04-H1-GPS-Sniper-Specialist-Refiner,Refiner,0.2628738984985793
3925,0.006400960802316186,HOG8-ML04-H1-GPS-Sniper-Specialist-Exploiter,Exploiter,0.7594314359308476
3931,0.006378345757107161,HOG8-ML04-H1-GPS-Sniper-Specialist-Refiner,Refiner,0.3533070410436161
3942,0.006335155445718691,HOG8-ML04-H1-GPS-Sniper-Specialist-Exploiter,Exploiter,0.6771397010007576
3953,0.006285576471044898,HOG8-ML04-H1-GPS-Sniper-Specialist-Exploiter,Exploiter,0.782600760132875
3966,0.00620047899595216,HOG8-ML04-H1-GPS-Sniper-Specialist-Exploiter,Exploiter,1.3538531506974327
3977,0.00618594643857384,HOG8-ML04-H1-GPS-Sniper-Specialist-Refiner,Refiner,0.23437797931106968
3986,0.006126068223071082,HOG8-ML04-H1-GPS-Sniper-Specialist-Exploiter,Exploiter,0.9679717743654278
3993,0.00611839629587139,HOG8-ML04-H1-GPS-Sniper-Specialist-Refiner,Refiner,0.12523411297966047
4001,0.00611765536800594,HOG8-ML04-H1-GPS-Sniper-Specialist-Polisher,Polisher,0.012109837768275681
4007,0.006091086904714015,HOG8-ML04-H1-GPS-Sniper-Specialist-Refiner,Refiner,0.43429159855704996
4013,0.0060784800402467745,HOG8-ML04-H1-GPS-Sniper-Specialist-Refiner,Refiner,0.20697232964258339
4017,0.0060770825549707076,HOG8-ML04-H1-GPS-Sniper-Specialist-Polisher,Polisher,0.022990702721961968
4021,0.0060444828464974775,HOG8-ML04-H1-GPS-Sniper-Specialist-Exploiter,Exploiter,0.5364368210954346
4032,0.00601526026378884,HOG8-ML04-H1-GPS-Sniper-Specialist-Refiner,Refiner,0.48345877473323334
4041,0.006006564654506479,HOG8-ML04-H1-GPS-Sniper-Specialist-Refiner,Refiner,0.14455915290494784
4051,0.005980264299220512,HOG8-ML04-H1-GPS-Sniper-Specialist-Refiner,Refiner,0.43786018795677445
4061,0.005957201780571056,HOG8-ML04-H1-GPS-Sniper-Specialist-Refiner,Refiner,0.3856438026068815
4072,0.005926491165267158,HOG8-ML04-H1-GPS-Sniper-Specialist-Exploiter,Exploiter,0.515520817241043
4080,0.005916071698036483,HOG8-ML04-H1-GPS-Sniper-Specialist-Refiner,Refiner,0.17581173986624324
4094,0.005876412577762232,HOG8-ML04-H1-GPS-Sniper-Specialist-Exploiter,Exploiter,0.6703624009055428
4101,0.0058655893200017985,HOG8-ML04-H1-GPS-Sniper-Specialist-Refiner,Refiner,0.18418137966336073
4110,0.005846224314730734,HOG8-ML04-H1-GPS-Sniper-Specialist-Refiner,Refiner,0.3301459446713938
4121,0.0058025367001854405,HOG8-ML04-H1-GPS-Sniper-Specialist-Exploiter,Exploiter,0.7472791359581262
4132,0.005750242727408998,HOG8-ML04-H1-GPS-Sniper-Specialist-Exploiter,Exploiter,0.9012260581612801
4141,0.005736081679317756,HOG8-ML04-H1-GPS-Sniper-Specialist-Refiner,Refiner,0.24626870138440693
4152,0.005728895393488139,HOG8-ML04-H1-GPS-Sniper-Specialist-Refiner,Refiner,0.1252821391216978
4162,0.0056831603475985745,HOG8-ML04-H1-GPS-Sniper-Specialist-Exploiter,Exploiter,0.7983222375041134
4169,0.005649677670411056,HOG8-ML04-H1-GPS-Sniper-Specialist-Exploiter,Exploiter,0.5891559473887884
4181,0.005618108621215714,HOG8-ML04-H1-GPS-Sniper-Specialist-Exploiter,Exploiter,0.5587761114351305
4192,0.005598093806325504,HOG8-ML04-H1-GPS-Sniper-Specialist-Refiner,Refiner,0.35625539197708567
4201,0.005586825036878245,HOG8-ML04-H1-GPS-Sniper-Specialist-Refiner,Refiner,0.20129654552279086
4213,0.005562340956440824,HOG8-ML04-H1-GPS-Sniper-Specialist-Refiner,Refiner,0.43824677300262177
4227,0.0055387242080316545,HOG8-ML04-H1-GPS-Sniper-Specialist-Refiner,Refiner,0.42458289763454377
4237,0.005514584224501455,HOG8-ML04-H1-GPS-Sniper-Specialist-Refiner,Refiner,0.43584014338887334
4245,0.005497565608690521,HOG8-ML04-H1-GPS-Sniper-Specialist-Refiner,Refiner,0.3086110415236726
4251,0.005477514956281345,HOG8-ML04-H1-GPS-Sniper-Specialist-Refiner,Refiner,0.36471874710289875
4262,0.005466683120285832,HOG8-ML04-H1-GPS-Sniper-Specialist-Refiner,Refiner,0.19775091591657012
4271,0.005449475673620947,HOG8-ML04-H1-GPS-Sniper-Specialist-Refiner,Refiner,0.314769418425428
4281,0.005423607926482839,HOG8-ML04-H1-GPS-Sniper-Specialist-Refiner,Refiner,0.47468322986237
4290,0.005402372900595672,HOG8-ML04-H1-GPS-Sniper-Specialist-Refiner,Refiner,0.39152951642169664
4301,0.005379401583901967,HOG8-ML04-H1-GPS-Sniper-Specialist-Refiner,Refiner,0.42520790616233667
4316,0.005359402703061605,HOG8-ML04-H1-GPS-Sniper-Specialist-Refiner,Refiner,0.37176776131029127
4322,0.00533336627959656,HOG8-ML04-H1-GPS-Sniper-Specialist-Refiner,Refiner,0.4858083056563535
4333,0.005311929458932274,HOG8-ML04-H1-GPS-Sniper-Specialist-Refiner,Refiner,0.4019379045143658
4343,0.005275644564557038,HOG8-ML04-H1-GPS-Sniper-Specialist-Exploiter,Exploiter,0.683083136848165
4352,0.005231213803123467,HOG8-ML04-H1-GPS-Sniper-Specialist-Exploiter,Exploiter,0.8421864075541846
4363,0.00520560666865705,HOG8-ML04-H1-GPS-Sniper-Specialist-Refiner,Refiner,0.48950655488651595
4371,0.005166334367358871,HOG8-ML04-H1-GPS-Sniper-Specialist-Exploiter,Exploiter,0.75442314023911
4383,0.005151635193534387,HOG8-ML04-H1-GPS-Sniper-Specialist-Refiner,Refiner,0.28451843762481666
4395,0.005126374387906149,HOG8-ML04-H1-GPS-Sniper-Specialist-Refiner,Refiner,0.49034538897361374
4406,0.005096082487544381,HOG8-ML04-H1-GPS-Sniper-Specialist-Exploiter,Exploiter,0.5909030060939672
4418,0.005085174968837876,HOG8-ML04-H1-GPS-Sniper-Specialist-Refiner,Refiner,0.21403732638089373
4426,0.005063495804786097,HOG8-ML04-H1-GPS-Sniper-Specialist-Refiner,Refiner,0.4263209070411519
4436,0.0050604905172224775,HOG8-ML04-H1-GPS-Sniper-Specialist-Refiner,Refiner,0.059352030286634654
4447,0.005033519530880399,HOG8-ML04-H1-GPS-Sniper-Specialist-Exploiter,Exploiter,0.5329717791247246
4456,0.004999273755423834,HOG8-ML04-H1-GPS-Sniper-Specialist-Exploiter,Exploiter,0.6803544765540035
4466,0.004974734219316629,HOG8-ML04-H1-GPS-Sniper-Specialist-Refiner,Refiner,0.4908620193199382
4476,0.004960328182157931,HOG8-ML04-H1-GPS-Sniper-Specialist-Refiner,Refiner,0.2895840566267824
4487,0.004954797499752034,HOG8-ML04-H1-GPS-Sniper-Specialist-Refiner,Refiner,0.11149831629669729
4497,0.004948481580982906,HOG8-ML04-H1-GPS-Sniper-Specialist-Refiner,Refiner,0.12747077492963862
4507,0.004930330981892072,HOG8-ML04-H1-GPS-Sniper-Specialist-Refiner,Refiner,0.36679128322083765
4515,0.0049203610689776195,HOG8-ML04-H1-GPS-Sniper-Specialist-Refiner,Refiner,0.20221589485715608
4529,0.004897665860594937,HOG8-ML04-H1-GPS-Sniper-Specialist-Refiner,Refiner,0.4612508729445345
4537,0.004886664905515785,HOG8-ML04-H1-GPS-Sniper-Specialist-Refiner,Refiner,0.22461628441543888
4547,0.00486969349329078,HOG8-ML04-H1-GPS-Sniper-Specialist-Refiner,Refiner,0.3473005117631213
4556,0.004862969493384495,HOG8-ML04-H1-GPS-Sniper-Specialist-Refiner,Refiner,0.13807850361731208
4572,0.0048439746321921676,HOG8-ML04-H1-GPS-Sniper-Specialist-Refiner,Refiner,0.39060210470510726
4581,0.0048121634599018834,HOG8-ML04-H1-GPS-Sniper-Specialist-Exploiter,Exploiter,0.6567163271019815
4589,0.004799476213072801,HOG8-ML04-H1-GPS-Sniper-Specialist-Refiner,Refiner,0.26364954006240204
4597,0.004799464090795512,HOG8-ML03-H1-GPS-JADE-Specialist-Polisher,Polisher,0.00025257500507503815
4604,0.0047831162798844355,HOG8-ML04-H1-GPS-Sniper-Specialist-Refiner,Refiner,0.34061742314999255
4611,0.004773674084572008,HOG8-ML04-H1-GPS-Sniper-Specialist-Refiner,Refiner,0.19740676914206134
4627,0.004753494112704212,HOG8-ML04-H1-GPS-Sniper-Specialist-Refiner,Refiner,0.42273459625187404
4633,0.004745533233545654,HOG8-ML04-H1-GPS-Sniper-Specialist-Refiner,Refiner,0.16747426145499442
4641,0.004728149782805591,HOG8-ML04-H1-GPS-Sniper-Specialist-Refiner,Refiner,0.3663118533694151
4658,0.004720438661644679,HOG8-ML04-H1-GPS-Sniper-Specialist-Refiner,Refiner,0.163089612536279
4661,0.004710997727241878,HOG8-ML04-H1-GPS-Sniper-Specialist-Refiner,Refiner,0.20000120919931055
4673,0.004682927286946248,HOG8-ML04-H1-GPS-Sniper-Specialist-Exploiter,Exploiter,0.5958491580946675
4681,0.004670374573923464,HOG8-ML04-H1-GPS-Sniper-Specialist-Refiner,Refiner,0.2680526998096865
4694,0.004649981422558057,HOG8-ML04-H1-GPS-Sniper-Specialist-Refiner,Refiner,0.43664916041787716
4706,0.004632411652818538,HOG8-ML04-H1-GPS-Sniper-Specialist-Refiner,Refiner,0.3778460200783641
4716,0.004614483120189224,HOG8-ML04-H1-GPS-Sniper-Specialist-Refiner,Refiner,0.3870237356476274
4724,0.0046093007443755805,HOG8-ML04-H1-GPS-Sniper-Specialist-Refiner,Refiner,0.11230674549376164
4737,0.004604890189445853,HOG8-ML04-H1-GPS-Sniper-Specialist-Refiner,Refiner,0.09568815693160772
4747,0.0045838277850283864,HOG8-ML04-H1-GPS-Sniper-Specialist-Refiner,Refiner,0.45739211036432553
4756,0.004566452052188225,HOG8-ML04-H1-GPS-Sniper-Specialist-Refiner,Refiner,0.3790660045500432
4770,0.004542182231518904,HOG8-ML04-H1-GPS-Sniper-Specialist-Exploiter,Exploiter,0.5314809044735334
4782,0.004515088535493305,HOG8-ML04-H1-GPS-Sniper-Specialist-Exploiter,Exploiter,0.5964907316485982
4791,0.004509724058600248,HOG8-ML04-H1-GPS-Sniper-Specialist-Refiner,Refiner,0.11881221931500721
4799,0.004493774748259823,HOG8-ML04-H1-GPS-Sniper-Specialist-Refiner,Refiner,0.353664883553322
4817,0.0044681724380836365,HOG8-ML04-H1-GPS-Sniper-Specialist-Exploiter,Exploiter,0.5697283822715118
4833,0.0044320797465515985,HOG8-ML04-H1-GPS-Sniper-Specialist-Exploiter,Exploiter,0.8077730220169798
4842,0.004412655778328737,HOG8-ML04-H1-GPS-Sniper-Specialist-Refiner,Refiner,0.43825854527943364
4852,0.0044065420178644125,HOG8-ML04-H1-GPS-Sniper-Specialist-Refiner,Refiner,0.138550586573063
4862,0.004378211880972398,HOG8-ML04-H1-GPS-Sniper-Specialist-Exploiter,Exploiter,0.6429108533893922
4872,0.004364867400535676,HOG8-ML04-H1-GPS-Sniper-Specialist-Refiner,Refiner,0.3047929337252188
4881,0.004343903048226487,HOG8-ML04-H1-GPS-Sniper-Specialist-Refiner,Refiner,0.48029757574346577
4892,0.004324247287204911,HOG8-ML04-H1-GPS-Sniper-Specialist-Refiner,Refiner,0.4524907854377866
4901,0.004315142817458052,HOG8-ML04-H1-GPS-Sniper-Specialist-Refiner,Refiner,0.21054461371342476
4912,0.004295481982638106,HOG8-ML04-H1-GPS-Sniper-Specialist-Refiner,Refiner,0.45562419719697433
4920,0.004283801559534641,HOG8-ML04-H1-GPS-Sniper-Specialist-Refiner,Refiner,0.27192345703405757
4932,0.004279361835633668,HOG8-ML04-H1-GPS-Sniper-Specialist-Refiner,Refiner,0.10363981242528647
4942,0.004268825567352816,HOG8-ML04-H1-GPS-Sniper-Specialist-Refiner,Refiner,0.24621120357520765
4958,0.004251568921630932,HOG8-ML04-H2-GPS-Sniper-Specialist-Refiner,Refiner,0.40424808766747883
4965,0.004240447459767106,HOG8-ML04-H2-GPS-Sniper-Specialist-Refiner,Refiner,0.2615848894567556
4977,0.004230506530258135,HOG8-ML04-H2-GPS-Sniper-Specialist-Refiner,Refiner,0.23443114443202148
4987,0.00422237832269985,HOG8-ML04-H2-GPS-Sniper-Specialist-Refiner,Refiner,0.1921331996570469
4994,0.00418913012524759,HOG8-ML04-H1-GPS-Sniper-Specialist-Exploiter,Exploiter,0.7874281959414877
5008,0.00415578669741085,HOG8-ML04-H1-GPS-Sniper-Specialist-Exploiter,Exploiter,0.7959511125181199
5018,0.004146965852673197,HOG8-ML04-H1-GPS-Sniper-Specialist-Refiner,Refiner,0.21225451111697352
5022,0.004137244122327837,HOG8-ML04-H1-GPS-Sniper-Specialist-Refiner,Refiner,0.23442995893233118
5027,0.004134173438033122,HOG8-ML04-H1-GPS-Sniper-Specialist-Refiner,Refiner,0.07422052467592266
5038,0.004119737064845662,HOG8-ML04-H1-GPS-Sniper-Specialist-Refiner,Refiner,0.349196118736808
5048,0.004103842542079231,HOG8-ML04-H1-GPS-Sniper-Specialist-Refiner,Refiner,0.3858140098808976
5061,0.004089203614974997,HOG8-ML04-H1-GPS-Sniper-Specialist-Refiner,Refiner,0.35671268948875473
5072,0.004082104155526524,HOG8-ML04-H1-GPS-Sniper-Specialist-Refiner,Refiner,0.17361472102962833
5082,0.0040581918556083585,HOG8-ML04-H1-GPS-Sniper-Specialist-Exploiter,Exploiter,0.5857836793750696
5092,0.004034539850723082,HOG8-ML04-H2-GPS-Sniper-Specialist-Exploiter,Exploiter,0.5828212594875288
5102,0.004023201670052223,HOG8-ML04-H2-GPS-Sniper-Specialist-Refiner,Refiner,0.28102785175927597
5113,0.00400461246765066,HOG8-ML04-H2-GPS-Sniper-Specialist-Refiner,Refiner,0.46204997725906966
5122,0.004000004660033447,HOG8-ML04-H2-GPS-Sniper-Specialist-Refiner,Refiner,0.11506250990413863
5131,0.003992705177736645,HOG8-ML04-H2-GPS-Sniper-Specialist-Refiner,Refiner,0.18248684482134978
5144,0.003983150108277389,HOG8-ML04-H2-GPS-Sniper-Specialist-Refiner,Refiner,0.23931317324742207
5158,0.00397078268154142,HOG8-ML04-H2-GPS-Sniper-Specialist-Refiner,Refiner,0.31049361434480766
5168,0.0039642876076204005,HOG8-ML04-H1-GPS-Sniper-Specialist-Refiner,Refiner,0.163571629120175
5172,0.0039425010592954324,HOG8-ML04-H2-GPS-Sniper-Specialist-Exploiter,Exploiter,0.5495703259039187
5183,0.003934015294880283,HOG8-ML04-H2-GPS-Sniper-Specialist-Refiner,Refiner,0.21523810108159233
5189,0.0039177071378304566,HOG8-ML04-H1-GPS-Sniper-Specialist-Refiner,Refiner,0.41454228891916434
5194,0.003901100025816731,HOG8-ML04-H1-GPS-Sniper-Specialist-Refiner,Refiner,0.4238987609196919
5204,0.0038694522470654204,HOG8-ML04-H1-GPS-Sniper-Specialist-Exploiter,Exploiter,0.8112526862134161
5218,0.003865282305757808,HOG8-ML04-H1-GPS-Sniper-Specialist-Refiner,Refiner,0.1077656743477091
5227,0.003854020871803141,HOG8-ML04-H1-GPS-Sniper-Specialist-Refiner,Refiner,0.29134829137554724
5241,0.003843695374284114,HOG8-ML04-H1-GPS-Sniper-Specialist-Refiner,Refiner,0.26791493514139236
5247,0.0038299683644377313,HOG8-ML04-H1-GPS-Sniper-Specialist-Refiner,Refiner,0.3571305348030945
5257,0.0037943739630109143,HOG8-ML04-H1-GPS-Sniper-Specialist-Exploiter,Exploiter,0.9293654161042285
5271,0.003754867893252245,HOG8-ML04-H1-GPS-Sniper-Specialist-Exploiter,Exploiter,1.0411749116926883
5280,0.0037472796595703246,HOG8-ML04-H1-GPS-Sniper-Specialist-Refiner,Refiner,0.202090563440513
5294,0.003737959532275386,HOG8-ML04-H1-GPS-Sniper-Specialist-Refiner,Refiner,0.24871715328573357
5301,0.003735352764135751,HOG8-ML04-H1-GPS-Sniper-Specialist-Refiner,Refiner,0.06973773036135694
5318,0.0037297715026866265,HOG8-ML04-H1-GPS-Sniper-Specialist-Refiner,Refiner,0.1494172519048814
5331,0.003707670574837319,HOG8-ML04-H1-GPS-Sniper-Specialist-Exploiter,Exploiter,0.5925544723956361
5342,0.00370196146302295,HOG8-ML04-H1-GPS-Sniper-Specialist-Refiner,Refiner,0.15398109673266938
5351,0.0036926099097630907,HOG8-ML04-H1-GPS-Sniper-Specialist-Refiner,Refiner,0.25261076738013805
5362,0.003657324180710556,HOG8-ML04-H1-GPS-Sniper-Specialist-Exploiter,Exploiter,0.9555769473304233
5373,0.003636417552408278,HOG8-ML04-H1-GPS-Sniper-Specialist-Exploiter,Exploiter,0.571637275485277
5382,0.003603495880346618,HOG8-ML04-H1-GPS-Sniper-Specialist-Exploiter,Exploiter,0.9053325584092196
5393,0.0035977447381680037,HOG8-ML04-H1-GPS-Sniper-Specialist-Refiner,Refiner,0.15959896638097973
5407,0.003588832457052725,HOG8-ML04-H1-GPS-Sniper-Specialist-Refiner,Refiner,0.24771855047773794
5413,0.003586176026299562,HOG8-ML04-H1-GPS-Sniper-Specialist-Refiner,Refiner,0.0740193582440034
5427,0.003570079359663092,HOG8-ML04-H1-GPS-Sniper-Specialist-Refiner,Refiner,0.4488532218837916
5437,0.0035666413771254808,HOG8-ML04-H1-GPS-Sniper-Specialist-Refiner,Refiner,0.09629989115804533
5447,0.0035513811202111546,HOG8-ML04-H1-GPS-Sniper-Specialist-Refiner,Refiner,0.42786070425238926
5459,0.0035496692497983743,HOG8-ML04-H1-GPS-Sniper-Specialist-Polisher,Polisher,0.04820294851030869
5472,0.0035450132012375324,HOG8-ML04-H1-GPS-Sniper-Specialist-Refiner,Refiner,0.13116851833748924
5477,0.003532797602510855,HOG8-ML04-H1-GPS-Sniper-Specialist-Refiner,Refiner,0.344585422768331
5487,0.00352775625481962,HOG8-ML04-H1-GPS-Sniper-Specialist-Refiner,Refiner,0.1427012882835864
5501,0.003520678758105384,HOG8-ML04-H1-GPS-Sniper-Specialist-Refiner,Refiner,0.20062317810553768
5511,0.003513392256035954,HOG8-ML04-H1-GPS-Sniper-Specialist-Refiner,Refiner,0.2069629912315961
5523,0.0034955544757832298,HOG8-ML04-H1-GPS-Sniper-Specialist-Exploiter,Exploiter,0.507708190626284
5532,0.0034902738204144485,HOG8-ML04-H1-GPS-Sniper-Specialist-Refiner,Refiner,0.1510677463436767
5541,0.0034702222052129085,HOG8-ML04-H1-GPS-Sniper-Specialist-Exploiter,Exploiter,0.5744997737501001
5558,0.0034639481993003493,HOG8-ML04-H1-GPS-Sniper-Specialist-Refiner,Refiner,0.18079550938076788
5565,0.0034590680113082105,HOG8-ML04-H1-GPS-Sniper-Specialist-Refiner,Refiner,0.14088513197525768
5582,0.003450524225923394,HOG8-ML04-H1-GPS-Sniper-Specialist-Refiner,Refiner,0.24699674469786304
5591,0.0034404882051385453,HOG8-ML04-H1-GPS-Sniper-Specialist-Refiner,Refiner,0.2908549579060872
5603,0.0034331416951509483,HOG8-ML04-H1-GPS-Sniper-Specialist-Refiner,Refiner,0.21353103250360103
5613,0.0034244843172838006,HOG8-ML04-H1-GPS-Sniper-Specialist-Refiner,Refiner,0.25217071230632976
5622,0.0034133218025119275,HOG8-ML04-H1-GPS-Sniper-Specialist-Refiner,Refiner,0.32596191828166404
5637,0.00340571628431119,HOG8-ML04-H1-GPS-Sniper-Specialist-Refiner,Refiner,0.22281866875664708
5647,0.0033870839038379003,HOG8-ML04-H1-GPS-Sniper-Specialist-Exploiter,Exploiter,0.5470913874746971
5655,0.003384605132881756,HOG8-ML04-H1-GPS-Sniper-Specialist-Refiner,Refiner,0.07318303964467746
5668,0.0033743236754388206,HOG8-ML04-H1-GPS-Sniper-Specialist-Refiner,Refiner,0.3037712536404974
5677,0.0033662001971432646,HOG8-ML04-H1-GPS-Sniper-Specialist-Refiner,Refiner,0.24074389646392105
5687,0.003350211822792862,HOG8-ML04-H1-GPS-Sniper-Specialist-Refiner,Refiner,0.47496801776587794
5702,0.003334281943011662,HOG8-ML04-H1-GPS-Sniper-Specialist-Refiner,Refiner,0.47548873396072117
5707,0.0033305719390351153,HOG8-ML04-H1-GPS-Sniper-Specialist-Refiner,Refiner,0.11126845419663514
5711,0.0033291269001624524,HOG8-ML04-H1-GPS-Sniper-Specialist-Polisher,Polisher,0.043387108854391794
5718,0.0033220407643667488,HOG8-ML04-H1-GPS-Sniper-Specialist-Refiner,Refiner,0.21285267904199712
5729,0.0033076542856772546,HOG8-ML04-H1-GPS-Sniper-Specialist-Refiner,Refiner,0.4330614736522227
5742,0.003297056276392267,HOG8-ML04-H1-GPS-Sniper-Specialist-Refiner,Refiner,0.3204086149776506
5752,0.0032932185487718362,HOG8-ML04-H1-GPS-Sniper-Specialist-Refiner,Refiner,0.11639860829522437
5768,0.003281880251069321,HOG8-ML04-H1-GPS-Sniper-Specialist-Refiner,Refiner,0.3442922944407536
5779,0.0032668027146666133,HOG8-ML04-H1-GPS-Sniper-Specialist-Refiner,Refiner,0.4594176279830823
5782,0.003248912675242274,HOG8-ML04-H1-GPS-Sniper-Specialist-Exploiter,Exploiter,0.5476314606945882
5798,0.003243421796352632,HOG8-ML04-H1-GPS-Sniper-Specialist-Refiner,Refiner,0.16900666279780868
5805,0.0032292736084926542,HOG8-ML04-H1-GPS-Sniper-Specialist-Refiner,Refiner,0.43621177720048954
5817,0.0032212268890711576,HOG8-ML04-H1-GPS-Sniper-Specialist-Refiner,Refiner,0.24918047824546563
5827,0.003208413324873398,HOG8-ML04-H1-GPS-Sniper-Specialist-Refiner,Refiner,0.3977852116295497
5842,0.00316990163842023,HOG8-ML04-H1-GPS-Sniper-Specialist-Exploiter,Exploiter,1.2003343258365125
5878,0.0031691422343859115,HOG8-ML01-H2-GPS-GradientEstimation-Escape-Specialist-Polisher,Polisher,0.02395670657771468
5882,0.0031672418127859287,HOG8-ML04-H1-GPS-Sniper-Specialist-Refiner,Refiner,0.05996643443019933
5892,0.003157526111013392,HOG8-ML04-H1-GPS-Sniper-Specialist-Refiner,Refiner,0.30675592035048205
5902,0.0031345109311428643,HOG8-ML04-H1-GPS-Sniper-Specialist-Exploiter,Exploiter,0.7288991147294451
5919,0.003124692905421022,HOG8-ML04-H1-GPS-Sniper-Specialist-Refiner,Refiner,0.31322352792888336
5926,0.003083140616032603,HOG8-ML04-H1-GPS-Sniper-Specialist-Exploiter,Exploiter,1.3298039406154227
5938,0.0030826156954180915,HOG8-ML04-H1-GPS-Sniper-Specialist-Polisher,Polisher,0.017025516506825874
5949,0.0030688260308405807,HOG8-ML04-H1-GPS-Sniper-Specialist-Refiner,Refiner,0.4473364810932272
5953,0.0030538628568080864,HOG8-ML04-H1-GPS-Sniper-Specialist-Refiner,Refiner,0.4875862587882117
5969,0.0030453324186800355,HOG8-ML04-H1-GPS-Sniper-Specialist-Refiner,Refiner,0.2793327182009381
5984,0.0030408557439439666,HOG8-ML04-H1-GPS-Sniper-Specialist-Refiner,Refiner,0.147001184783934
5999,0.003039881697689725,HOG8-ML04-H1-GPS-Sniper-Specialist-Polisher,Polisher,0.03203197837258685
6009,0.0030195436315595715,HOG8-ML04-H1-GPS-Sniper-Specialist-Exploiter,Exploiter,0.6690413691299265
6017,0.003018614383878933,HOG8-ML04-H1-GPS-Sniper-Specialist-Polisher,Polisher,0.030774441240923874
6028,0.0029930702664221626,HOG8-ML04-H1-GPS-Sniper-Specialist-Exploiter,Exploiter,0.8462199608267388
6038,0.0029732523891341186,HOG8-ML04-H1-GPS-Sniper-Specialist-Exploiter,Exploiter,0.662125360382325
6048,0.0029605260171822996,HOG8-ML04-H1-GPS-Sniper-Specialist-Refiner,Refiner,0.42802864628405085
6057,0.002951452704812828,HOG8-ML04-H1-GPS-Sniper-Specialist-Refiner,Refiner,0.30647635983645527
6068,0.0029511229609262652,HOG8-ML04-H1-GPS-Sniper-Specialist-Polisher,Polisher,0.011172257174414193
6081,0.0029426584148033435,HOG8-ML04-H1-GPS-Sniper-Specialist-Refiner,Refiner,0.2868245828789525
6090,0.0029059584449730477,HOG8-ML04-H1-GPS-Sniper-Specialist-Exploiter,Exploiter,1.2471705735763565
6112,0.002897547123528037,HOG8-ML04-H1-GPS-Sniper-Specialist-Refiner,Refiner,0.28945085087370026
6132,0.002877596445890773,HOG8-ML04-H1-GPS-Sniper-Specialist-Exploiter,Exploiter,0.6885367791006655
6139,0.0028690762632613736,HOG8-ML04-H1-GPS-Sniper-Specialist-Refiner,Refiner,0.29608677900497377
6149,0.0028509905062567118,HOG8-ML04-H1-GPS-Sniper-Specialist-Exploiter,Exploiter,0.6303686394206587
6159,0.0028492203791866456,HOG8-ML04-H1-GPS-Sniper-Specialist-Refiner,Refiner,0.062088143267453724
6172,0.0028417320133639,HOG8-ML04-H1-GPS-Sniper-Specialist-Refiner,Refiner,0.26282157313796145
6181,0.0028281492590437798,HOG8-ML04-H1-GPS-Sniper-Specialist-Refiner,Refiner,0.47797449781485557
6191,0.00282677844636579,HOG8-ML04-H1-GPS-Sniper-Specialist-Polisher,Polisher,0.04847030875779025
6203,0.0028218318153769937,HOG8-ML04-H1-GPS-Sniper-Specialist-Refiner,Refiner,0.17499181781140186
6212,0.0028132414182827745,HOG8-ML04-H1-GPS-Sniper-Specialist-Refiner,Refiner,0.30442626124659894
6228,0.0027961690626400397,HOG8-ML04-H1-GPS-Sniper-Specialist-Exploiter,Exploiter,0.6068571126453807
6240,0.0027958622541686424,HOG8-ML04-H1-GPS-Sniper-Specialist-Polisher,Polisher,0.010972457835136088
6248,0.00279010343783728,HOG8-ML04-H1-GPS-Sniper-Specialist-Refiner,Refiner,0.2059763968262791
6257,0.0027828185900019074,HOG8-ML04-H1-GPS-Sniper-Specialist-Refiner,Refiner,0.26109597718065936
6268,0.0027804522270921087,HOG8-ML04-H1-GPS-Sniper-Specialist-Refiner,Refiner,0.08503475283299433
6278,0.002778362776927866,HOG8-ML04-H1-GPS-Sniper-Specialist-Refiner,Refiner,0.07514785342770408
6287,0.0027744980665262986,HOG8-ML04-H1-GPS-Sniper-Specialist-Refiner,Refiner,0.13910027998002852
6297,0.0027699487153517487,HOG8-ML04-H1-GPS-Sniper-Specialist-Refiner,Refiner,0.16397024130010437
6307,0.0027686012820642607,HOG8-ML04-H1-GPS-Sniper-Specialist-Polisher,Polisher,0.048644701615599396
6315,0.0027658871287489784,HOG8-ML04-H1-GPS-Sniper-Specialist-Refiner,Refiner,0.0980333763790897
6327,0.0027536021544615863,HOG8-ML04-H1-GPS-Sniper-Specialist-Refiner,Refiner,0.4441603621384441
6337,0.002752790500157886,HOG8-ML04-H1-GPS-Sniper-Specialist-Polisher,Polisher,0.029476091975921874
6347,0.0027481738436963194,HOG8-ML04-H1-GPS-Sniper-Specialist-Refiner,Refiner,0.16770823865099785
6359,0.002740446339952708,HOG8-ML04-H1-GPS-Sniper-Specialist-Refiner,Refiner,0.2811868601885038
6368,0.0027379360383826723,HOG8-ML04-H1-GPS-Sniper-Specialist-Refiner,Refiner,0.0916019238705119
6378,0.002721357386991633,HOG8-ML04-H1-GPS-Sniper-Specialist-Exploiter,Exploiter,0.6055163874767706
6391,0.00271799960659855,HOG8-ML04-H1-GPS-Sniper-Specialist-Refiner,Refiner,0.12338623398504836
6402,0.0027177360834109675,HOG8-ML04-H1-GPS-Sniper-Specialist-Polisher,Polisher,0.009695482918497055
6408,0.0026996236037118353,HOG8-ML04-H1-GPS-Sniper-Specialist-Exploiter,Exploiter,0.6664546940260541
6428,0.0026987965868346658,HOG8-ML04-H1-GPS-Sniper-Specialist-Polisher,Polisher,0.03063452534762191
6438,0.00267224830321064,HOG8-ML04-H1-GPS-Sniper-Specialist-Exploiter,Exploiter,0.9837082110424383
6452,0.0026672317766835933,HOG8-ML04-H1-GPS-Sniper-Specialist-Refiner,Refiner,0.1877268112031208
6461,0.002663498118093326,HOG8-ML04-H1-GPS-Sniper-Specialist-Refiner,Refiner,0.13998253256076115
6471,0.0026528856026244553,HOG8-ML04-H1-GPS-Sniper-Specialist-Refiner,Refiner,0.39844276204962514
6480,0.002652691233311226,HOG8-ML04-H1-GPS-Sniper-Specialist-Polisher,Polisher,0.007326712958796755
6491,0.002637746683743495,HOG8-ML04-H1-GPS-Sniper-Specialist-Exploiter,Exploiter,0.5633731276397524
6502,0.0026250886277658274,HOG8-ML04-H1-GPS-Sniper-Specialist-Refiner,Refiner,0.4798814099806987
6510,0.0026246669842510235,HOG8-ML04-H1-GPS-Sniper-Specialist-Polisher,Polisher,0.01606206778484327
6528,0.002615300597584638,HOG8-ML04-H1-GPS-Sniper-Specialist-Refiner,Refiner,0.35686000252935485
6542,0.0026070446718257333,HOG8-ML04-H1-GPS-Sniper-Specialist-Refiner,Refiner,0.31567789058472323
6557,0.0026018660281266807,HOG8-ML04-H1-GPS-Sniper-Specialist-Refiner,Refiner,0.19864038982600032
6567,0.0025692525333954894,HOG8-ML04-H1-GPS-Sniper-Specialist-Exploiter,Exploiter,1.2534655658144194
6579,0.0025638452850846563,HOG8-ML04-H1-GPS-Sniper-Specialist-Refiner,Refiner,0.2104599777775417
6587,0.002561517040343798,HOG8-ML04-H1-GPS-Sniper-Specialist-Refiner,Refiner,0.09081065672734502
6602,0.0025489566285277973,HOG8-ML04-H1-GPS-Sniper-Specialist-Refiner,Refiner,0.4903505078504088
6618,0.002539343014718586,HOG8-ML04-H1-GPS-Sniper-Specialist-Refiner,Refiner,0.3771587833867458
6631,0.002537295827653434,HOG8-ML04-H1-GPS-Sniper-Specialist-Refiner,Refiner,0.08061876844862238
6645,0.0025335105002332863,HOG8-ML04-H1-GPS-Sniper-Specialist-Refiner,Refiner,0.1491874687567777
6653,0.002528060757649353,HOG8-ML04-H1-GPS-Sniper-Specialist-Refiner,Refiner,0.21510637447255831
6662,0.00252805794728315,HOG8-ML04-H1-GPS-Sniper-Specialist-Polisher,Polisher,0.00011116687738899525
6673,0.0025244975100963576,HOG8-ML04-H1-GPS-Sniper-Specialist-Refiner,Refiner,0.14083685030316825
6690,0.0025207672929593705,HOG8-ML04-H1-GPS-Sniper-Specialist-Refiner,Refiner,0.1477607770286451
6701,0.0025004894819827574,HOG8-ML04-H1-GPS-Sniper-Specialist-Exploiter,Exploiter,0.8044301048038044
6712,0.0025000198036104803,HOG8-ML04-H1-GPS-Sniper-Specialist-Polisher,Polisher,0.018783457225529376
6721,0.002486893096529767,HOG8-ML04-H1-GPS-Sniper-Specialist-Exploiter,Exploiter,0.5250641239623827
6731,0.0024855674343496137,HOG8-ML04-H1-GPS-Sniper-Specialist-Refiner,Refiner,0.05330595762250242
6741,0.0024806017260150855,HOG8-ML04-H1-GPS-Sniper-Specialist-Refiner,Refiner,0.19978167825599716
6750,0.0024777567255810855,HOG8-ML04-H1-GPS-Sniper-Specialist-Refiner,Refiner,0.11468993205009058
6762,0.002474492593610895,HOG8-ML04-H1-GPS-Sniper-Specialist-Refiner,Refiner,0.1317373871490604
6774,0.0024669295779824914,HOG8-ML04-H1-GPS-Sniper-Specialist-Refiner,Refiner,0.305639048907685
6779,0.002465332105373333,HOG8-ML04-H1-GPS-Sniper-Specialist-Refiner,Refiner,0.06475550106560954
6798,0.0024522918093315767,HOG8-ML04-H1-GPS-Sniper-Specialist-Exploiter,Exploiter,0.5289468308685198
6808,0.002452152369079942,HOG8-ML04-H1-GPS-Sniper-Specialist-Polisher,Polisher,0.005686119861598491
6822,0.002446278140282284,HOG8-ML04-H1-GPS-Sniper-Specialist-Refiner,Refiner,0.23955398823205407
6832,0.002440039605456108,HOG8-ML04-H1-GPS-Sniper-Specialist-Refiner,Refiner,0.2550214844112564
6842,0.002434301291794262,HOG8-ML04-H1-GPS-Sniper-Specialist-Refiner,Refiner,0.23517297215236566
6857,0.002424699333143811,HOG8-ML04-H1-GPS-Sniper-Specialist-Refiner,Refiner,0.3944441340444716
6867,0.002423893321907367,HOG8-ML04-H1-GPS-Sniper-Specialist-Polisher,Polisher,0.03324169827682955
6877,0.0024173151154504224,HOG8-ML04-H1-GPS-Sniper-Specialist-Refiner,Refiner,0.2713900978021655
6883,0.002415323915088043,HOG8-ML04-H1-GPS-Sniper-Specialist-Refiner,Refiner,0.08237239529312422
6898,0.002409498817007213,HOG8-ML04-H1-GPS-Sniper-Specialist-Refiner,Refiner,0.24117254188731374
6907,0.002399619581500445,HOG8-ML04-H1-GPS-Sniper-Specialist-Refiner,Refiner,0.41001205051592093
6922,0.002396084636729738,HOG8-ML04-H1-GPS-Sniper-Specialist-Refiner,Refiner,0.14731271564705892
6938,0.0023935458608815765,HOG8-ML04-H1-GPS-Sniper-Specialist-Refiner,Refiner,0.10595518243573464
6948,0.002390562544378803,HOG8-ML04-H1-GPS-Sniper-Specialist-Refiner,Refiner,0.1246400393462547
6957,0.0023891286239668278,HOG8-ML04-H1-GPS-Sniper-Specialist-Refiner,Refiner,0.05998255161100089
6967,0.0023761445676487355,HOG8-ML04-H1-GPS-Sniper-Specialist-Exploiter,Exploiter,0.5434640976564085
6983,0.0023652775699993735,HOG8-ML04-H1-GPS-Sniper-Specialist-Refiner,Refiner,0.4573373942527077
6988,0.002321119028691125,HOG8-ML04-H1-GPS-Sniper-Specialist-Exploiter,Exploiter,1.8669496497301257
6997,0.0023160784832199632,HOG8-ML04-H1-GPS-Sniper-Specialist-Refiner,Refiner,0.21716014598372732
7008,0.0023016152540819143,HOG8-ML04-H1-GPS-Sniper-Specialist-Exploiter,Exploiter,0.6244705972977754
7019,0.002297452905077854,HOG8-ML04-H1-GPS-Sniper-Specialist-Refiner,Refiner,0.18084469142609147
7022,0.002292184092409438,HOG8-ML04-H1-GPS-Sniper-Specialist-Refiner,Refiner,0.2293327822638278
7051,0.0022809773719450668,HOG8-ML04-H1-GPS-Sniper-Specialist-Refiner,Refiner,0.4889101403976263
7064,0.002279792154577344,HOG8-ML04-H1-GPS-Sniper-Specialist-Refiner,Refiner,0.05196094368582035
7072,0.002274279708025014,HOG8-ML04-H1-GPS-Sniper-Specialist-Refiner,Refiner,0.24179601378406587
7083,0.002268682818531885,HOG8-ML04-H1-GPS-Sniper-Specialist-Refiner,Refiner,0.24609503718387135
7092,0.002240046134961297,HOG8-ML04-H1-GPS-Sniper-Specialist-Exploiter,Exploiter,1.2622603449308722
7103,0.0022331672087156796,HOG8-ML04-H1-GPS-Sniper-Specialist-Refiner,Refiner,0.3070885968933869
7117,0.0022286367168255434,HOG8-ML04-H1-GPS-Sniper-Specialist-Refiner,Refiner,0.20287293635937748
7124,0.0022260061028305848,HOG8-ML04-H1-GPS-Sniper-Specialist-Refiner,Refiner,0.11803691355788272
7138,0.0022222728554771145,HOG8-ML04-H1-GPS-Sniper-Specialist-Refiner,Refiner,0.16771056237101523
7142,0.0022173921353340975,HOG8-ML04-H1-GPS-Sniper-Specialist-Refiner,Refiner,0.21962740223315352
7155,0.00221084078915951,HOG8-ML04-H1-GPS-Sniper-Specialist-Refiner,Refiner,0.2954527559736579
7169,0.0022053377554895116,HOG8-ML04-H1-GPS-Sniper-Specialist-Refiner,Refiner,0.24891135069433504
7178,0.002197923486219669,HOG8-ML04-H1-GPS-Sniper-Specialist-Refiner,Refiner,0.33619654183976333
7184,0.0021939411333802617,HOG8-ML04-H1-GPS-Sniper-Specialist-Refiner,Refiner,0.18118705516254943
7200,0.00219236799026666,HOG8-ML04-H1-GPS-Sniper-Specialist-Refiner,Refiner,0.07170398009621412
7208,0.002185833452622728,HOG8-ML04-H1-GPS-Sniper-Specialist-Refiner,Refiner,0.2980584314742476
7218,0.002185820045554845,HOG8-ML04-H1-GPS-Sniper-Specialist-Polisher,Polisher,0.0006133618216375667
7241,0.0021789973982763292,HOG8-ML04-H1-GPS-Sniper-Specialist-Refiner,Refiner,0.3121321580150363
7248,0.0021768192030343484,HOG8-ML04-H1-GPS-Sniper-Specialist-Refiner,Refiner,0.09996318690898183
7257,0.0021757818369361626,HOG8-ML04-H1-GPS-Sniper-Specialist-Polisher,Polisher,0.04765513354254553
7268,0.002167746282435295,HOG8-ML04-H1-GPS-Sniper-Specialist-Refiner,Refiner,0.36931802465006425
7288,0.002160075055641957,HOG8-ML04-H1-GPS-Sniper-Specialist-Refiner,Refiner,0.35388028827432144
7301,0.0021499006430701897,HOG8-ML04-H1-GPS-Sniper-Specialist-Refiner,Refiner,0.47102125202514045
7317,0.0021476691007393965,HOG8-ML04-H1-GPS-Sniper-Specialist-Refiner,Refiner,0.10379746329144077
7332,0.002139411396540912,HOG8-ML04-H1-GPS-Sniper-Specialist-Refiner,Refiner,0.384496112349967
7337,0.0021383782538216584,HOG8-ML04-H1-GPS-Sniper-Specialist-Polisher,Polisher,0.04829097951539633
7351,0.002137832364569728,HOG8-ML04-H1-GPS-Sniper-Specialist-Polisher,Polisher,0.025528189456424315
7373,0.0021328435880067355,HOG8-ML04-H1-GPS-Sniper-Specialist-Refiner,Refiner,0.23335677042181957
7381,0.0021326212910745567,HOG8-ML04-H1-GPS-Sniper-Specialist-Polisher,Polisher,0.010422561383720124
7392,0.0021314987908232284,HOG8-ML04-H1-GPS-Sniper-Specialist-Refiner,Refiner,0.052634767177191615
7402,0.0021286236473947928,HOG8-ML04-H1-GPS-Sniper-Specialist-Refiner,Refiner,0.13488834433376315
7411,0.002121757074698467,HOG8-ML04-H1-GPS-Sniper-Specialist-Refiner,Refiner,0.32258274987828617
7432,0.0021185254504170405,HOG8-ML04-H1-GPS-Sniper-Specialist-Refiner,Refiner,0.15230887267742318
7448,0.0021168324933450305,HOG8-ML04-H1-GPS-Sniper-Specialist-Refiner,Refiner,0.0799120478669101
7452,0.002116830375181359,HOG8-ML04-H1-GPS-Sniper-Specialist-Polisher,Polisher,0.00010006288537376575
7478,0.002110933336232591,HOG8-ML04-H1-GPS-Sniper-Specialist-Refiner,Refiner,0.2785787192921852
7484,0.002109042085770379,HOG8-ML04-H1-GPS-Sniper-Specialist-Refiner,Refiner,0.08959309276850329
7497,0.0021071274534070414,HOG8-ML04-H1-GPS-Sniper-Specialist-Refiner,Refiner,0.0907820842578447
7501,0.0021059417269137536,HOG8-ML04-H1-GPS-Sniper-Specialist-Refiner,Refiner,0.05627217714668954
7513,0.0020986274732192746,HOG8-ML04-H1-GPS-Sniper-Specialist-Refiner,Refiner,0.34731510378485503
7527,0.002080485929794695,HOG8-ML04-H1-GPS-Sniper-Specialist-Exploiter,Exploiter,0.8644480097628006
7545,0.0020716158526169768,HOG8-ML04-H1-GPS-Sniper-Specialist-Refiner,Refiner,0.42634641507014426
7558,0.0020593305864434427,HOG8-ML04-H1-GPS-Sniper-Specialist-Exploiter,Exploiter,0.593028198640914
7572,0.002058695486412967,HOG8-ML04-H1-GPS-Sniper-Specialist-Polisher,Polisher,0.03084012031174823
7590,0.0020586052801797117,HOG8-ML04-H1-GPS-Sniper-Specialist-Polisher,Polisher,0.0043817181244406615
7597,0.0020461025071235243,HOG8-ML04-H1-GPS-Sniper-Specialist-Exploiter,Exploiter,0.6073419307996681
7611,0.0020390072625622695,HOG8-ML04-H1-GPS-Sniper-Specialist-Refiner,Refiner,0.3467687731456612
7623,0.0020347563019240227,HOG8-ML04-H1-GPS-Sniper-Specialist-Refiner,Refiner,0.20848187823053393
7639,0.0020313090189193815,HOG8-ML04-H1-GPS-Sniper-Specialist-Refiner,Refiner,0.16941994485440262
7649,0.002010006403653353,HOG8-ML04-H1-GPS-Sniper-Specialist-Exploiter,Exploiter,1.0487136653073696
7661,0.0020095826564301986,HOG8-ML04-H1-GPS-Sniper-Specialist-Polisher,Polisher,0.021081884235994438
7672,0.0020051553897829388,HOG8-ML04-H1-GPS-Sniper-Specialist-Refiner,Refiner,0.22030776554990616
7680,0.0019992436559992427,HOG8-ML04-H1-GPS-Sniper-Specialist-Refiner,Refiner,0.2948267158654484
7697,0.00199611349349768,HOG8-ML04-H1-GPS-Sniper-Specialist-Refiner,Refiner,0.1565673344601974
7719,0.0019944573941497925,HOG8-ML04-H1-GPS-Sniper-Specialist-Refiner,Refiner,0.08296619171616924
7727,0.0019882848449323497,HOG8-ML04-H1-GPS-Sniper-Specialist-Refiner,Refiner,0.3094851379401911
7748,0.0019882831552366113,HOG8-ML04-H1-GPS-Sniper-Specialist-Polisher,Polisher,8.498257896339844E-05
7758,0.00198489114615071,HOG8-ML04-H1-GPS-Sniper-Specialist-Refiner,Refiner,0.1705999005708877
7767,0.0019830413263916486,HOG8-ML04-H1-GPS-Sniper-Specialist-Refiner,Refiner,0.09319502294363638
7770,0.0019779588330796384,HOG8-ML04-H1-GPS-Sniper-Specialist-Refiner,Refiner,0.25629790183234846
7798,0.0019759611268319955,HOG8-ML04-H1-GPS-Sniper-Specialist-Refiner,Refiner,0.10099837338538326
7813,0.0019730419681362505,HOG8-ML04-H1-GPS-Sniper-Specialist-Refiner,Refiner,0.14773360953842343
7847,0.0019714563996380673,HOG8-ML04-H1-GPS-Sniper-Specialist-Refiner,Refiner,0.0803616204718067
7868,0.0019671003179740215,HOG8-ML04-H1-GPS-Sniper-Specialist-Refiner,Refiner,0.22095754513493343
7878,0.001962221147968914,HOG8-ML04-H1-GPS-Sniper-Specialist-Refiner,Refiner,0.2480386973925454
7883,0.0019592918950569436,HOG8-ML04-H1-GPS-Sniper-Specialist-Refiner,Refiner,0.14928250645970978
7898,0.0019587285952386365,HOG8-ML04-H1-GPS-Sniper-Specialist-Polisher,Polisher,0.02875017345441671
7905,0.0019555949378623327,HOG8-ML04-H1-GPS-Sniper-Specialist-Refiner,Refiner,0.15998425631408114
7918,0.0019510442783270707,HOG8-ML04-H1-GPS-Sniper-Specialist-Refiner,Refiner,0.23269949451987906
7937,0.0019505284234673066,HOG8-ML04-H1-GPS-Sniper-Specialist-Polisher,Polisher,0.026439936063698086
7951,0.0019468992519236655,HOG8-ML04-H1-GPS-Sniper-Specialist-Refiner,Refiner,0.18606094122892877
7958,0.0019460585941126745,HOG8-ML04-H1-GPS-Sniper-Specialist-Polisher,Polisher,0.043179317582067035
7963,0.0019460274471546166,HOG8-ML04-H1-GPS-Sniper-Specialist-Polisher,Polisher,0.0016005149152287842
7972,0.001940749324156438,HOG8-ML04-H1-GPS-Sniper-Specialist-Refiner,Refiner,0.2712255166748003
7988,0.0019293141044755254,HOG8-ML04-H1-GPS-Sniper-Specialist-Exploiter,Exploiter,0.5892167287438398
8001,0.0019284478443226914,HOG8-ML04-H1-GPS-Sniper-Specialist-Polisher,Polisher,0.044899902552125746
8007,0.0019277141872602252,HOG8-ML04-H1-GPS-Sniper-Specialist-Polisher,Polisher,0.03804391519460045
8022,0.001920339901375778,HOG8-ML04-H1-GPS-Sniper-Specialist-Refiner,Refiner,0.3825404166853196
8031,0.0019178629913836301,HOG8-ML04-H1-GPS-Sniper-Specialist-Refiner,Refiner,0.1289828946622033
8048,0.0019157739452893483,HOG8-ML04-H1-GPS-Sniper-Specialist-Refiner,Refiner,0.10892572116294563
8074,0.0019021981464571076,HOG8-ML04-H1-GPS-Sniper-Specialist-Exploiter,Exploiter,0.708632605930457
8082,0.0018980009506030554,HOG8-ML04-H1-GPS-Sniper-Specialist-Refiner,Refiner,0.22064977099623398
8097,0.0018874661453075268,HOG8-ML04-H1-GPS-Sniper-Specialist-Exploiter,Exploiter,0.5550474193483067
8108,0.0018832898738433406,HOG8-ML04-H1-GPS-Sniper-Specialist-Refiner,Refiner,0.22126338395891096
8113,0.00188230665198196,HOG8-ML04-H1-GPS-Sniper-Specialist-Refiner,Refiner,0.05220767525150376
8127,0.0018687691131536212,HOG8-ML04-H1-GPS-Sniper-Specialist-Exploiter,Exploiter,0.7191994361856274
8140,0.00186246635412744,HOG8-ML04-H1-GPS-Sniper-Specialist-Refiner,Refiner,0.33726793651598175
8152,0.001848440722771897,HOG8-ML04-H1-GPS-Sniper-Specialist-Exploiter,Exploiter,0.7530676366024274
8173,0.0018403641731462846,HOG8-ML04-H1-GPS-Sniper-Specialist-Refiner,Refiner,0.43693852478541956
8181,0.0018374240634457324,HOG8-ML04-H1-GPS-Sniper-Specialist-Refiner,Refiner,0.15975695155626307
8193,0.0018309963376004989,HOG8-ML04-H1-GPS-Sniper-Specialist-Refiner,Refiner,0.34982266604148055
8202,0.0018285028524068435,HOG8-ML04-H1-GPS-Sniper-Specialist-Refiner,Refiner,0.1361818777269111
8212,0.0018221517579560323,HOG8-ML04-H1-GPS-Sniper-Specialist-Refiner,Refiner,0.34733850387224463
8221,0.0018218733875840255,HOG8-ML04-H1-GPS-Sniper-Specialist-Polisher,Polisher,0.015277013607198995
8233,0.001807311508677588,HOG8-ML04-H1-GPS-Sniper-Specialist-Exploiter,Exploiter,0.799280510142805
8244,0.0018067467040655118,HOG8-ML04-H1-GPS-Sniper-Specialist-Polisher,Polisher,0.031251093647350424
8253,0.001796011547769313,HOG8-ML04-H1-GPS-Sniper-Specialist-Exploiter,Exploiter,0.5941705205296781
8268,0.001794603250162018,HOG8-ML04-H1-GPS-Sniper-Specialist-Refiner,Refiner,0.07841250291759631
8287,0.0017909921543821398,HOG8-ML04-H1-GPS-Sniper-Specialist-Refiner,Refiner,0.201219728068145
8298,0.0017884234048015386,HOG8-ML04-H1-GPS-Sniper-Specialist-Refiner,Refiner,0.14342606550878068
8308,0.0017882543980093102,HOG8-ML04-H1-GPS-Sniper-Specialist-Polisher,Polisher,0.00945004364037386
8318,0.0017870517110577485,HOG8-ML04-H1-GPS-Sniper-Specialist-Refiner,Refiner,0.06725480182800066
8327,0.001784139844518883,HOG8-ML04-H1-GPS-Sniper-Specialist-Refiner,Refiner,0.16294248906440822
8337,0.0017837714086512183,HOG8-ML04-H1-GPS-Sniper-Specialist-Polisher,Polisher,0.020650615970294293
8347,0.0017814181896235641,HOG8-ML04-H1-GPS-Sniper-Specialist-Refiner,Refiner,0.13192380011481
8357,0.0017744795897320182,HOG8-ML04-H1-GPS-Sniper-Specialist-Refiner,Refiner,0.38949865517046894
8369,0.0017737039950106034,HOG8-ML04-H1-GPS-Sniper-Specialist-Polisher,Polisher,0.04370829204814869
8400,0.0017701150068460832,HOG8-ML04-H1-GPS-Sniper-Specialist-Refiner,Refiner,0.20234425668634215
8412,0.0017699506804341437,HOG8-ML04-H1-GPS-Sniper-Specialist-Polisher,Polisher,0.00928337488264947
8421,0.0017683001019112852,HOG8-ML04-H1-GPS-Sniper-Specialist-Refiner,Refiner,0.09325562238003267
8432,0.0017675836411445533,HOG8-ML04-H1-GPS-Sniper-Specialist-Polisher,Polisher,0.04051692164454708
8442,0.001765319805940001,HOG8-ML04-H1-GPS-Sniper-Specialist-Refiner,Refiner,0.12807513895560324
8453,0.0017647815047569459,HOG8-ML04-H1-GPS-Sniper-Specialist-Polisher,Polisher,0.030493125452044474
8474,0.0017601950500443849,HOG8-ML04-H1-GPS-Sniper-Specialist-Refiner,Refiner,0.25988796347866727
8487,0.0017596713282331245,HOG8-ML04-H1-GPS-Sniper-Specialist-Polisher,Polisher,0.029753623682056266
8505,0.0017525624311841824,HOG8-ML04-H1-GPS-Sniper-Specialist-Refiner,Refiner,0.4039900483052196
8518,0.001752466608717355,HOG8-ML04-H1-GPS-Sniper-Specialist-Polisher,Polisher,0.005467563672617535
8537,0.0017360899998201307,HOG8-ML04-H1-GPS-Sniper-Specialist-Exploiter,Exploiter,0.9344890690505372
8549,0.0017327632547879325,HOG8-ML04-H1-GPS-Sniper-Specialist-Refiner,Refiner,0.19162284400824986
8562,0.0017317623780412836,HOG8-ML04-H1-GPS-Sniper-Specialist-Refiner,Refiner,0.057761886621460735
8571,0.0017250992773185463,HOG8-ML04-H1-GPS-Sniper-Specialist-Refiner,Refiner,0.3847583714270094
8587,0.001722463710537762,HOG8-ML04-H1-GPS-Sniper-Specialist-Refiner,Refiner,0.15277768737350825
8618,0.001714226291963538,HOG8-ML04-H1-GPS-Sniper-Specialist-Refiner,Refiner,0.478234666067481
8627,0.0017141735278254021,HOG8-ML04-H1-GPS-Sniper-Specialist-Polisher,Polisher,0.0030780147512220668
8642,0.0017114479327068198,HOG8-ML04-H1-GPS-Sniper-Specialist-Refiner,Refiner,0.15900345410420616
8661,0.0017095510503061467,HOG8-ML04-H1-GPS-Sniper-Specialist-Refiner,Refiner,0.11083494650479801
8669,0.0016940352292853361,HOG8-ML04-H1-GPS-Sniper-Specialist-Exploiter,Exploiter,0.9075962380902297
8677,0.001687385771526145,HOG8-ML04-H1-GPS-Sniper-Specialist-Refiner,Refiner,0.3925218108950596
8692,0.0016861322763030411,HOG8-ML04-H1-GPS-Sniper-Specialist-Refiner,Refiner,0.0742862269112435
8707,0.0016825885184805589,HOG8-ML04-H1-GPS-Sniper-Specialist-Refiner,Refiner,0.21017080761019305
8721,0.0016780900438712562,HOG8-ML04-H1-GPS-Sniper-Specialist-Refiner,Refiner,0.267354410177779
8738,0.0016763862013077619,HOG8-ML04-H1-GPS-Sniper-Specialist-Refiner,Refiner,0.10153463276402043
8757,0.0016758205166187343,HOG8-ML04-H1-GPS-Sniper-Specialist-Polisher,Polisher,0.03374429404073471
8768,0.0016750319065886748,HOG8-ML04-H1-GPS-Sniper-Specialist-Polisher,Polisher,0.04705814389065133
8779,0.0016725522795273218,HOG8-ML04-H1-GPS-Sniper-Specialist-Refiner,Refiner,0.14803461663025758
8797,0.0016723883702819372,HOG8-ML04-H1-GPS-Sniper-Specialist-Polisher,Polisher,0.009799947504833215
8801,0.0016722183741207344,HOG8-ML04-H1-GPS-Sniper-Specialist-Polisher,Polisher,0.010164873436310758
8818,0.0016707700134610658,HOG8-ML04-H1-GPS-Sniper-Specialist-Refiner,Refiner,0.08661312912735875
8829,0.0016695433809994454,HOG8-ML04-H1-GPS-Sniper-Specialist-Refiner,Refiner,0.07341719397269941
8841,0.00166722895501888,HOG8-ML04-H1-GPS-Sniper-Specialist-Refiner,Refiner,0.1386262858998011
8862,0.0016666269769933316,HOG8-ML04-H1-GPS-Sniper-Specialist-Polisher,Polisher,0.03610650017421065
8867,0.001666367981612942,HOG8-ML04-H1-GPS-Sniper-Specialist-Polisher,Polisher,0.015540092892102274
8877,0.0016663166014730983,HOG8-ML04-H1-GPS-Sniper-Specialist-Polisher,Polisher,0.003083360962922459
8892,0.0016610880214453917,HOG8-ML04-H1-GPS-Sniper-Specialist-Refiner,Refiner,0.3137807078849395
8903,0.0016604157623100755,HOG8-ML04-H1-GPS-Sniper-Specialist-Polisher,Polisher,0.04047101217016048
8919,0.001656722251091034,HOG8-ML04-H1-GPS-Sniper-Specialist-Refiner,Refiner,0.22244496245342615
8931,0.0016544796032672588,HOG8-ML04-H1-GPS-Sniper-Specialist-Refiner,Refiner,0.13536655418845073
8944,0.001648976122412548,HOG8-ML04-H1-GPS-Sniper-Specialist-Refiner,Refiner,0.3326412029403467
8972,0.0016462219235210639,HOG8-ML04-H1-GPS-Sniper-Specialist-Refiner,Refiner,0.1670247891433657
8982,0.0016442232061555917,HOG8-ML04-H1-GPS-Sniper-Specialist-Refiner,Refiner,0.1214123889929224
8993,0.001639654847808091,HOG8-ML04-H1-GPS-Sniper-Specialist-Refiner,Refiner,0.27784295528720293
9021,0.0016394496193623189,HOG8-ML04-H1-GPS-Sniper-Specialist-Polisher,Polisher,0.012516563839426332
9033,0.0016377586570917113,HOG8-ML04-H1-GPS-Sniper-Specialist-Refiner,Refiner,0.10314206979201061
9053,0.0016339270756651563,HOG8-ML04-H1-GPS-Sniper-Specialist-Refiner,Refiner,0.23395275060606752
9063,0.0016339076331113576,HOG8-ML04-H1-GPS-Sniper-Specialist-Polisher,Polisher,0.0011899278791734275
9072,0.0016316063990271966,HOG8-ML04-H1-GPS-Sniper-Specialist-Refiner,Refiner,0.14084236082421167
9087,0.0016309527205197467,HOG8-ML04-H1-GPS-Sniper-Specialist-Polisher,Polisher,0.040063492508953046
9117,0.001628477901692002,HOG8-ML04-H1-GPS-Sniper-Specialist-Refiner,Refiner,0.15174068485296208
9136,0.001627611062558758,HOG8-ML04-H1-GPS-Sniper-Specialist-Refiner,Refiner,0.05323002125747803
9147,0.0016257734230638826,HOG8-ML04-H1-GPS-Sniper-Specialist-Refiner,Refiner,0.11290409220901275
9158,0.0016239483049784258,HOG8-ML04-H1-GPS-Sniper-Specialist-Refiner,Refiner,0.11226152793279273
9169,0.001623803912259404,HOG8-ML04-H1-GPS-Sniper-Specialist-Polisher,Polisher,0.008891460311836463
9177,0.0016212131483092573,HOG8-ML04-H1-GPS-Sniper-Specialist-Refiner,Refiner,0.15954906442747688
9187,0.0016211566765051855,HOG8-ML04-H1-GPS-Sniper-Specialist-Polisher,Polisher,0.003483305334072244
9201,0.001620775291417158,HOG8-ML04-H1-GPS-Sniper-Specialist-Polisher,Polisher,0.023525492233708478
9209,0.001614846874622957,HOG8-ML04-H1-GPS-Sniper-Specialist-Refiner,Refiner,0.36577660244421645
9222,0.0016111315315424336,HOG8-ML04-H1-GPS-Sniper-Specialist-Refiner,Refiner,0.23007401747555428
9241,0.0016106294649924002,HOG8-ML04-H1-GPS-Sniper-Specialist-Polisher,Polisher,0.031162356406290333
9253,0.0016092257131269598,HOG8-ML04-H1-GPS-Sniper-Specialist-Refiner,Refiner,0.08715548150282068
9277,0.0016088225469246915,HOG8-ML04-H1-GPS-Sniper-Specialist-Polisher,Polisher,0.025053427805652492
9288,0.001608091374160502,HOG8-ML04-H1-GPS-Sniper-Specialist-Polisher,Polisher,0.0454476949982606
9297,0.0016072103323700464,HOG8-ML04-H1-GPS-Sniper-Specialist-Refiner,Refiner,0.054788042807298466
9308,0.0016057538210318893,HOG8-ML04-H1-GPS-Sniper-Specialist-Refiner,Refiner,0.09062356735905658
9331,0.001599620223188423,HOG8-ML04-H1-GPS-Sniper-Specialist-Refiner,Refiner,0.38197622594008507
9353,0.0015983723823713193,HOG8-ML04-H1-GPS-Sniper-Specialist-Refiner,Refiner,0.0780085672220639
9363,0.0015979995243986227,HOG8-ML04-H1-GPS-Sniper-Specialist-Polisher,Polisher,0.023327353300700442
9381,0.0015966247608662607,HOG8-ML04-H1-GPS-Sniper-Specialist-Refiner,Refiner,0.08603028420045589
9394,0.0015943056384366949,HOG8-ML04-H1-GPS-Sniper-Specialist-Refiner,Refiner,0.1452515635738702
9408,0.0015937701129823075,HOG8-ML04-H1-GPS-Sniper-Specialist-Polisher,Polisher,0.03358988649832772
9433,0.0015913300893297348,HOG8-ML04-H1-GPS-Sniper-Specialist-Refiner,Refiner,0.15309759122079003
9448,0.0015873154586753054,HOG8-ML04-H1-GPS-Sniper-Specialist-Refiner,Refiner,0.252281451934359
9477,0.0015864385144128887,HOG8-ML04-H1-GPS-Sniper-Specialist-Refiner,Refiner,0.0552470057305753
9492,0.0015862258484836008,HOG8-ML04-H1-GPS-Sniper-Specialist-Polisher,Polisher,0.013405242456977955
9502,0.0015853769284218404,HOG8-ML04-H1-GPS-Sniper-Specialist-Refiner,Refiner,0.05351823402524683
9513,0.0015845809380407398,HOG8-ML04-H1-GPS-Sniper-Specialist-Refiner,Refiner,0.05020827330273415
9532,0.0015819848949395821,HOG8-ML04-H1-GPS-Sniper-Specialist-Refiner,Refiner,0.1638315240853282
9549,0.0015770945761101212,HOG8-ML04-H1-GPS-Sniper-Specialist-Refiner,Refiner,0.30912550714636644
9559,0.0015755204281312808,HOG8-ML04-H1-GPS-Sniper-Specialist-Refiner,Refiner,0.09981316293173807
9579,0.0015748760575730293,HOG8-ML04-H1-GPS-Sniper-Specialist-Polisher,Polisher,0.04089890214980279
9593,0.0015744758402084936,HOG8-ML04-H1-GPS-Sniper-Specialist-Polisher,Polisher,0.025412626130873157
9608,0.0015720056778968667,HOG8-ML04-H1-GPS-Sniper-Specialist-Refiner,Refiner,0.15688791460272822
9618,0.0015714255614998189,HOG8-ML04-H1-GPS-Sniper-Specialist-Polisher,Polisher,0.036902945403095445
9630,0.0015700818079879089,HOG8-ML04-H1-GPS-Sniper-Specialist-Refiner,Refiner,0.08551175091153974
9638,0.0015686319239959722,HOG8-ML04-H1-GPS-Sniper-Specialist-Refiner,Refiner,0.09234448705540503
9652,0.00156623388142296,HOG8-ML04-H1-GPS-Sniper-Specialist-Refiner,Refiner,0.1528747780998468
9661,0.0015638451862617217,HOG8-ML04-H1-GPS-Sniper-Specialist-Refiner,Refiner,0.15251203473316213
9677,0.0015625443029085835,HOG8-ML04-H1-GPS-Sniper-Specialist-Refiner,Refiner,0.08318491910620658
9697,0.0015617594190574426,HOG8-ML04-H1-GPS-Sniper-Specialist-Refiner,Refiner,0.05023114222616921
9709,0.0015615819185786097,HOG8-ML04-H1-GPS-Sniper-Specialist-Polisher,Polisher,0.011365417532750197
9718,0.0015613293547202633,HOG8-ML04-H1-GPS-Sniper-Specialist-Polisher,Polisher,0.016173590084614543
9729,0.0015596754297090667,HOG8-ML04-H1-GPS-Sniper-Specialist-Refiner,Refiner,0.10593056527096341
9750,0.001557992623090723,HOG8-ML04-H1-GPS-Sniper-Specialist-Refiner,Refiner,0.1078946674602461
9762,0.00155375890137149,HOG8-ML04-H1-GPS-Sniper-Specialist-Refiner,Refiner,0.27174209020541856
9779,0.0015421077324123096,HOG8-ML04-H1-GPS-Sniper-Specialist-Exploiter,Exploiter,0.7498698124204417
9792,0.001542104119354815,HOG8-ML04-H1-GPS-Sniper-Specialist-Polisher,Polisher,0.0002342934555571079
9813,0.0015412343875612217,HOG8-ML04-H1-GPS-Sniper-Specialist-Refiner,Refiner,0.05639903186025979
9848,0.0015410451405876322,HOG8-ML04-H1-GPS-Sniper-Specialist-Polisher,Polisher,0.012278922344113421
9859,0.0015365496915909918,HOG8-ML04-H1-GPS-Sniper-Specialist-Refiner,Refiner,0.2917142968911476
9879,0.0015359995125972226,HOG8-ML04-H1-GPS-Sniper-Specialist-Polisher,Polisher,0.035806130890538
9891,0.0015359892789726648,HOG8-ML04-H1-GPS-Sniper-Specialist-Polisher,Polisher,0.0006662518102292217
9898,0.0015353090200027624,HOG8-ML04-H1-GPS-Sniper-Specialist-Polisher,Polisher,0.044288002475996964
9911,0.0015292512262680886,HOG8-ML04-H1-GPS-Sniper-Specialist-Refiner,Refiner,0.39456511072037204
9921,0.0015244766232448818,HOG8-ML04-H1-GPS-Sniper-Specialist-Refiner,Refiner,0.3122183550480797
9954,0.001522737681568818,HOG8-ML04-H1-GPS-Sniper-Specialist-Refiner,Refiner,0.11406811029757871
9967,0.0015226566066496696,HOG8-ML04-H1-GPS-Sniper-Specialist-Polisher,Polisher,0.005324286653556339
9978,0.0015186677223745974,HOG8-ML04-H1-GPS-Sniper-Specialist-Refiner,Refiner,0.26196873659182723
10000,0.0014851849791805562,HOG8-ML04-H2-GPS-Sniper-Specialist-Exploiter,Exploiter,2.2047445073559264
10018,0.001474450790580744,HOG8-ML04-H2-GPS-Sniper-Specialist-Exploiter,Exploiter,0.7227509536040831
10031,0.001474010619318488,HOG8-ML04-H2-GPS-Sniper-Specialist-Polisher,Polisher,0.029853235188861814
10041,0.0014670984696796238,HOG8-ML04-H2-GPS-Sniper-Specialist-Refiner,Refiner,0.46893486032414466
10049,0.0014407634656423654,HOG8-ML04-H2-GPS-Sniper-Specialist-Exploiter,Exploiter,1.7950399773103982
10064,0.0014385269516368326,HOG8-ML04-H2-GPS-Sniper-Specialist-Refiner,Refiner,0.15523117144948737
10000,0.0014385269516368326,Final,Final,0
