TimeMs,BestQuality,Source,Role,DeltaPct
10,533843.9352431702,HOG8-ML00-H2-GPS-GradientEstimation-Escape-Specialist-Global Explorer,Global Explorer,100
10,318048.87671161204,HOG8-ML00-H1-GPS-GradientEstimation-Escape-Specialist-Local Explorer,Local Explorer,40.42287348141584
21,66.10986126879348,HOG8-ML00-H1-GPS-GradientEstimation-Escape-Specialist-Global Explorer,Global Explorer,99.97921393027627
21,38.40944537368241,HOG8-ML00-H1-GPS-GradientEstimation-Escape-Specialist-Local Explorer,Local Explorer,41.900580886843855
21,32.513967258368496,HOG8-ML01-H1-GPS-GradientEstimation-Escape-Specialist-Local Explorer,Local Explorer,15.349032140290703
21,28.265058926509923,HOG8-ML02-H2-GPS-GradientEstimation-Escape-Specialist-Local Explorer,Local Explorer,13.067947993227378
27,27.06223588496636,HOG8-ML00-H1-GPS-GradientEstimation-Escape-Specialist-Exploiter,Exploiter,4.255512237462313
31,26.99105507299734,HOG8-ML01-H1-GPS-GradientEstimation-Escape-Specialist-Refiner,Refiner,0.26302635255855084
36,25.764233957928337,HOG8-ML00-H1-GPS-GradientEstimation-Escape-Specialist-Exploiter,Exploiter,4.545287732365648
45,25.645072197515432,HOG8-ML02-H2-GPS-GradientEstimation-Escape-Specialist-Refiner,Refiner,0.4625084549670263
47,25.053037015214286,HOG8-ML00-H1-GPS-GradientEstimation-Escape-Specialist-Exploiter,Exploiter,2.3085728819219464
57,24.804024159180024,HOG8-ML02-H2-GPS-GradientEstimation-Escape-Specialist-Exploiter,Exploiter,0.9939427937740294
59,24.503582947568802,HOG8-ML00-H1-GPS-GradientEstimation-Escape-Specialist-Exploiter,Exploiter,1.2112599539620594
66,24.44059102617609,HOG8-ML01-H1-GPS-GradientEstimation-Escape-Specialist-Refiner,Refiner,0.2570722882751383
70,24.173523158838115,HOG8-ML00-H1-GPS-GradientEstimation-Escape-Specialist-Exploiter,Exploiter,1.0927226230001668
81,23.93170698184319,HOG8-ML00-H1-GPS-GradientEstimation-Escape-Specialist-Exploiter,Exploiter,1.0003348515068085
90,23.904816699791038,HOG8-ML02-H2-GPS-GradientEstimation-Escape-Specialist-Refiner,Refiner,0.11236257435607014
91,23.65527731299228,HOG8-ML00-H1-GPS-GradientEstimation-Escape-Specialist-Exploiter,Exploiter,1.0438874722722309
102,23.631242551223536,HOG8-ML02-H2-GPS-GradientEstimation-Escape-Specialist-Refiner,Refiner,0.10160422746573314
105,23.39283267570911,HOG8-ML00-H1-GPS-GradientEstimation-Escape-Specialist-Exploiter,Exploiter,1.008875749963829
116,23.165696117069526,HOG8-ML00-H1-GPS-GradientEstimation-Escape-Specialist-Exploiter,Exploiter,0.970966457069728
127,22.947077035129062,HOG8-ML00-H1-GPS-GradientEstimation-Escape-Specialist-Exploiter,Exploiter,0.9437190267698249
135,22.707162811848615,HOG8-ML00-H1-GPS-GradientEstimation-Escape-Specialist-Exploiter,Exploiter,1.0455110379120136
147,22.482609184825716,HOG8-ML00-H1-GPS-GradientEstimation-Escape-Specialist-Exploiter,Exploiter,0.9889109832150732
158,22.281780298917358,HOG8-ML00-H1-GPS-GradientEstimation-Escape-Specialist-Exploiter,Exploiter,0.8932632518644859
171,22.08662867409261,HOG8-ML00-H1-GPS-GradientEstimation-Escape-Specialist-Exploiter,Exploiter,0.8758349746148044
172,22.07840785434491,HOG8-ML01-H1-GPS-GradientEstimation-Escape-Specialist-Polisher,Polisher,0.037220799375966625
178,21.874661743294876,HOG8-ML00-H1-GPS-GradientEstimation-Escape-Specialist-Exploiter,Exploiter,0.9228297275518339
191,21.675158924719693,HOG8-ML00-H1-GPS-GradientEstimation-Escape-Specialist-Exploiter,Exploiter,0.9120269877377009
200,21.512434610587984,HOG8-ML00-H1-GPS-GradientEstimation-Escape-Specialist-Exploiter,Exploiter,0.7507410427617542
207,21.477412028740517,HOG8-ML01-H1-GPS-GradientEstimation-Escape-Specialist-Refiner,Refiner,0.1628015725855141
211,21.277450361365027,HOG8-ML00-H1-GPS-GradientEstimation-Escape-Specialist-Exploiter,Exploiter,0.931032412601232
217,21.243885211549987,HOG8-ML01-H1-GPS-GradientEstimation-Escape-Specialist-Refiner,Refiner,0.1577498677942466
222,21.042038270751558,HOG8-ML00-H1-GPS-GradientEstimation-Escape-Specialist-Exploiter,Exploiter,0.9501413643898242
231,20.84972552217293,HOG8-ML00-H1-GPS-GradientEstimation-Escape-Specialist-Exploiter,Exploiter,0.9139454367685681
240,20.816179770785244,HOG8-ML01-H1-GPS-GradientEstimation-Escape-Specialist-Refiner,Refiner,0.16089301200636902
242,20.650882047502282,HOG8-ML00-H1-GPS-GradientEstimation-Escape-Specialist-Exploiter,Exploiter,0.7940828965886946
251,20.579589323356355,HOG8-ML01-H1-GPS-GradientEstimation-Escape-Specialist-Refiner,Refiner,0.34522847005728624
254,20.42639264278004,HOG8-ML00-H1-GPS-GradientEstimation-Escape-Specialist-Exploiter,Exploiter,0.7444107759839869
261,20.393813160949264,HOG8-ML01-H1-GPS-GradientEstimation-Escape-Specialist-Refiner,Refiner,0.15949699195805833
267,20.24582819901991,HOG8-ML00-H1-GPS-GradientEstimation-Escape-Specialist-Exploiter,Exploiter,0.7256365485034431
276,20.051200772782906,HOG8-ML00-H1-GPS-GradientEstimation-Escape-Specialist-Exploiter,Exploiter,0.9613211389713716
284,19.87202223081452,HOG8-ML00-H1-GPS-GradientEstimation-Escape-Specialist-Exploiter,Exploiter,0.893605046395028
297,19.746302644313374,HOG8-ML00-H1-GPS-GradientEstimation-Escape-Specialist-Exploiter,Exploiter,0.6326461647481342
307,19.51971726792575,HOG8-ML00-H1-GPS-GradientEstimation-Escape-Specialist-Exploiter,Exploiter,1.1474825463230613
319,19.411739171397954,HOG8-ML01-H1-GPS-GradientEstimation-Escape-Specialist-Exploiter,Exploiter,0.55317449041755
319,19.29998309703443,HOG8-ML00-H1-GPS-GradientEstimation-Escape-Specialist-Exploiter,Exploiter,0.5757138676589526
329,19.18947078941815,HOG8-ML01-H1-GPS-GradientEstimation-Escape-Specialist-Exploiter,Exploiter,0.5726031316227607
332,19.07526280583077,HOG8-ML00-H1-GPS-GradientEstimation-Escape-Specialist-Exploiter,Exploiter,0.5951596312408791
343,18.851813939120575,HOG8-ML00-H1-GPS-GradientEstimation-Escape-Specialist-Exploiter,Exploiter,1.171406491143568
358,18.668743803229727,HOG8-ML00-H1-GPS-GradientEstimation-Escape-Specialist-Exploiter,Exploiter,0.9711009056319376
368,18.485868736089962,HOG8-ML00-H1-GPS-GradientEstimation-Escape-Specialist-Exploiter,Exploiter,0.9795788568705264
375,18.26431939766328,HOG8-ML00-H1-GPS-GradientEstimation-Escape-Specialist-Exploiter,Exploiter,1.1984794525461104
389,18.09170136679046,HOG8-ML00-H1-GPS-GradientEstimation-Escape-Specialist-Exploiter,Exploiter,0.9451106669482768
398,17.905317416510734,HOG8-ML00-H1-GPS-GradientEstimation-Escape-Specialist-Exploiter,Exploiter,1.0302179242349028
408,17.721144017994217,HOG8-ML00-H1-GPS-GradientEstimation-Escape-Specialist-Exploiter,Exploiter,1.028596110486644
419,17.506206339381013,HOG8-ML00-H1-GPS-GradientEstimation-Escape-Specialist-Exploiter,Exploiter,1.212888278516071
430,17.322291102839735,HOG8-ML00-H1-GPS-GradientEstimation-Escape-Specialist-Exploiter,Exploiter,1.0505716257185442
440,17.148439831913414,HOG8-ML00-H1-GPS-GradientEstimation-Escape-Specialist-Exploiter,Exploiter,1.0036274641396605
450,17.00043410111281,HOG8-ML00-H1-GPS-GradientEstimation-Escape-Specialist-Exploiter,Exploiter,0.8630856932253697
461,16.78846920815726,HOG8-ML00-H1-GPS-GradientEstimation-Escape-Specialist-Exploiter,Exploiter,1.246820473494114
472,16.602914249060028,HOG8-ML00-H1-GPS-GradientEstimation-Escape-Specialist-Exploiter,Exploiter,1.105252401493957
481,16.533983715659858,HOG8-ML01-H1-GPS-GradientEstimation-Escape-Specialist-Refiner,Refiner,0.41517129081162774
487,16.427734393634438,HOG8-ML00-H1-GPS-GradientEstimation-Escape-Specialist-Exploiter,Exploiter,0.6426117495494302
496,16.24902623708795,HOG8-ML00-H1-GPS-GradientEstimation-Escape-Specialist-Exploiter,Exploiter,1.0878442045893773
512,16.18038896797907,HOG8-ML01-H1-GPS-GradientEstimation-Escape-Specialist-Refiner,Refiner,0.4224085068692747
518,16.039429266849865,HOG8-ML00-H1-GPS-GradientEstimation-Escape-Specialist-Exploiter,Exploiter,0.8711762208446515
525,15.817178298667411,HOG8-ML00-H1-GPS-GradientEstimation-Escape-Specialist-Exploiter,Exploiter,1.3856538439419424
538,15.644755485772095,HOG8-ML00-H1-GPS-GradientEstimation-Escape-Specialist-Exploiter,Exploiter,1.0900984337379758
548,15.423708223715675,HOG8-ML00-H1-GPS-GradientEstimation-Escape-Specialist-Exploiter,Exploiter,1.4129160552074338
559,15.213006332777589,HOG8-ML00-H1-GPS-GradientEstimation-Escape-Specialist-Exploiter,Exploiter,1.366091006662772
569,15.031787920972263,HOG8-ML00-H1-GPS-GradientEstimation-Escape-Specialist-Exploiter,Exploiter,1.1912071016159134
580,14.86146353100128,HOG8-ML00-H1-GPS-GradientEstimation-Escape-Specialist-Exploiter,Exploiter,1.1330946848534693
591,14.840281578533244,HOG8-ML02-H2-GPS-GradientEstimation-Escape-Specialist-Refiner,Refiner,0.14252938429550555
593,14.638658679106385,HOG8-ML00-H1-GPS-GradientEstimation-Escape-Specialist-Exploiter,Exploiter,1.3586190960049584
602,14.631768357389515,HOG8-ML02-H2-GPS-GradientEstimation-Escape-Specialist-Polisher,Polisher,0.04706935155681174
604,14.430039643612137,HOG8-ML00-H1-GPS-GradientEstimation-Escape-Specialist-Exploiter,Exploiter,1.3787035773806402
614,14.261290000344161,HOG8-ML00-H1-GPS-GradientEstimation-Escape-Specialist-Exploiter,Exploiter,1.1694329844941043
630,14.191158264902365,HOG8-ML01-H1-GPS-GradientEstimation-Escape-Specialist-Refiner,Refiner,0.4917629151367361
630,14.042222510839412,HOG8-ML00-H1-GPS-GradientEstimation-Escape-Specialist-Exploiter,Exploiter,1.0494968154312034
640,13.832551922955549,HOG8-ML00-H1-GPS-GradientEstimation-Escape-Specialist-Exploiter,Exploiter,1.4931438931551995
653,13.62041982536552,HOG8-ML00-H1-GPS-GradientEstimation-Escape-Specialist-Exploiter,Exploiter,1.53357167044491
668,13.404044336421897,HOG8-ML00-H1-GPS-GradientEstimation-Escape-Specialist-Exploiter,Exploiter,1.5886110099239619
679,13.196147884047932,HOG8-ML00-H1-GPS-GradientEstimation-Escape-Specialist-Exploiter,Exploiter,1.5509979462621055
688,12.982938567994712,HOG8-ML00-H1-GPS-GradientEstimation-Escape-Specialist-Exploiter,Exploiter,1.6156935942719812
698,12.946045491398783,HOG8-ML01-H1-GPS-GradientEstimation-Escape-Specialist-Refiner,Refiner,0.28416584121315086
700,12.768082613103882,HOG8-ML00-H1-GPS-GradientEstimation-Escape-Specialist-Exploiter,Exploiter,1.3746504939530564
714,12.56093716197931,HOG8-ML00-H1-GPS-GradientEstimation-Escape-Specialist-Exploiter,Exploiter,1.62236928912081
724,12.381647791108236,HOG8-ML00-H1-GPS-GradientEstimation-Escape-Specialist-Exploiter,Exploiter,1.427356641937242
732,12.380053812229804,HOG8-ML01-H1-GPS-GradientEstimation-Escape-Specialist-Polisher,Polisher,0.012873721699441072
734,12.24127288209353,HOG8-ML00-H1-GPS-GradientEstimation-Escape-Specialist-Exploiter,Exploiter,1.121004256049176
744,12.071000161953387,HOG8-ML00-H1-GPS-GradientEstimation-Escape-Specialist-Exploiter,Exploiter,1.39097234233881
754,11.891152325750783,HOG8-ML00-H1-GPS-GradientEstimation-Escape-Specialist-Exploiter,Exploiter,1.4899166083144244
765,11.761107595064678,HOG8-ML00-H1-GPS-GradientEstimation-Escape-Specialist-Exploiter,Exploiter,1.0936259760501763
779,11.539595800290648,HOG8-ML00-H1-GPS-GradientEstimation-Escape-Specialist-Exploiter,Exploiter,1.8834263098399207
789,11.366245374908692,HOG8-ML00-H1-GPS-GradientEstimation-Escape-Specialist-Exploiter,Exploiter,1.5022226807770014
799,11.191850349033666,HOG8-ML00-H1-GPS-GradientEstimation-Escape-Specialist-Exploiter,Exploiter,1.5343239576721373
809,11.013048189284282,HOG8-ML00-H1-GPS-GradientEstimation-Escape-Specialist-Exploiter,Exploiter,1.5976103519363336
819,10.873040250437873,HOG8-ML00-H1-GPS-GradientEstimation-Escape-Specialist-Exploiter,Exploiter,1.2712914393912966
830,10.664636533488443,HOG8-ML00-H1-GPS-GradientEstimation-Escape-Specialist-Exploiter,Exploiter,1.9167014206632544
844,10.448847134130931,HOG8-ML00-H1-GPS-GradientEstimation-Escape-Specialist-Exploiter,Exploiter,2.023410724593405
854,10.239083306418108,HOG8-ML00-H1-GPS-GradientEstimation-Escape-Specialist-Exploiter,Exploiter,2.007530831106088
863,10.069759084675297,HOG8-ML00-H1-GPS-GradientEstimation-Escape-Specialist-Exploiter,Exploiter,1.653704894037475
868,10.052072082597283,HOG8-ML02-H2-GPS-GradientEstimation-Escape-Specialist-Refiner,Refiner,0.1756447391569843
878,9.865198470395335,HOG8-ML00-H1-GPS-GradientEstimation-Escape-Specialist-Exploiter,Exploiter,1.859055632176318
889,9.67598198391864,HOG8-ML00-H1-GPS-GradientEstimation-Escape-Specialist-Exploiter,Exploiter,1.9180200686739233
898,9.476437961526196,HOG8-ML00-H1-GPS-GradientEstimation-Escape-Specialist-Exploiter,Exploiter,2.0622612022643554
908,9.470816023435212,HOG8-ML01-H1-GPS-GradientEstimation-Escape-Specialist-Refiner,Refiner,0.05932543550444644
910,9.274566591911883,HOG8-ML00-H1-GPS-GradientEstimation-Escape-Specialist-Exploiter,Exploiter,2.07214912672484
913,9.262592532330277,HOG8-ML02-H2-GPS-GradientEstimation-Escape-Specialist-Refiner,Refiner,0.12910640581359434
920,9.084869762855686,HOG8-ML00-H1-GPS-GradientEstimation-Escape-Specialist-Exploiter,Exploiter,1.9187151853464979
933,8.909022305979901,HOG8-ML00-H1-GPS-GradientEstimation-Escape-Specialist-Exploiter,Exploiter,1.9356079004539248
944,8.706502034000547,HOG8-ML00-H1-GPS-GradientEstimation-Escape-Specialist-Exploiter,Exploiter,2.273204230765244
948,8.692361209746963,HOG8-ML02-H2-GPS-GradientEstimation-Escape-Specialist-Refiner,Refiner,0.16241682593493076
954,8.525362027371015,HOG8-ML00-H1-GPS-GradientEstimation-Escape-Specialist-Exploiter,Exploiter,1.9212177030642423
960,8.480565180415395,HOG8-ML02-H2-GPS-GradientEstimation-Escape-Specialist-Exploiter,Exploiter,0.5254538964069569
964,8.313526366180811,HOG8-ML00-H1-GPS-GradientEstimation-Escape-Specialist-Exploiter,Exploiter,1.9696660621197144
969,8.297293582921679,HOG8-ML02-H2-GPS-GradientEstimation-Escape-Specialist-Refiner,Refiner,0.1952574941623712
976,8.140118957514424,HOG8-ML00-H1-GPS-GradientEstimation-Escape-Specialist-Exploiter,Exploiter,1.894287864307549
980,8.132733262706557,HOG8-ML02-H2-GPS-GradientEstimation-Escape-Specialist-Refiner,Refiner,0.09073202549514892
988,7.928324864515253,HOG8-ML00-H1-GPS-GradientEstimation-Escape-Specialist-Exploiter,Exploiter,2.513403447382672
1000,7.723442395725076,HOG8-ML00-H1-GPS-GradientEstimation-Escape-Specialist-Exploiter,Exploiter,2.5841835733443252
1024,7.47686143777645,HOG8-ML00-H1-GPS-GradientEstimation-Escape-Specialist-Exploiter,Exploiter,3.19263024587467
1038,7.3059904446473505,HOG8-ML02-H2-GPS-GradientEstimation-Escape-Specialist-Exploiter,Exploiter,2.2853304765791562
1039,7.2689887426868,HOG8-ML00-H1-GPS-GradientEstimation-Escape-Specialist-Exploiter,Exploiter,0.5064570264755693
1049,7.064437651570079,HOG8-ML00-H1-GPS-GradientEstimation-Escape-Specialist-Exploiter,Exploiter,2.814024045951603
1058,6.8796026926330445,HOG8-ML02-H2-GPS-GradientEstimation-Escape-Specialist-Exploiter,Exploiter,2.6164143284066554
1061,6.8578706747241265,HOG8-ML00-H1-GPS-GradientEstimation-Escape-Specialist-Refiner,Refiner,0.3158905954291446
1069,6.6658322392429765,HOG8-ML02-H2-GPS-GradientEstimation-Escape-Specialist-Exploiter,Exploiter,2.8002632973080255
1073,6.641051541767216,HOG8-ML00-H1-GPS-GradientEstimation-Escape-Specialist-Refiner,Refiner,0.3717569927708651
1079,6.492315863014879,HOG8-ML02-H2-GPS-GradientEstimation-Escape-Specialist-Exploiter,Exploiter,2.239640481886066
1088,6.431770094299868,HOG8-ML00-H1-GPS-GradientEstimation-Escape-Specialist-Exploiter,Exploiter,0.9325758326073652
1094,6.268820853660092,HOG8-ML00-H1-GPS-GradientEstimation-Escape-Specialist-Exploiter,Exploiter,2.5335053686727553
1104,6.079584054041647,HOG8-ML00-H1-GPS-GradientEstimation-Escape-Specialist-Exploiter,Exploiter,3.0186984767311924
1114,5.929704430088726,HOG8-ML02-H2-GPS-GradientEstimation-Escape-Specialist-Exploiter,Exploiter,2.4652940500638882
1118,5.909048848658349,HOG8-ML00-H1-GPS-GradientEstimation-Escape-Specialist-Refiner,Refiner,0.3483408266618664
1128,5.70214357971664,HOG8-ML00-H1-GPS-GradientEstimation-Escape-Specialist-Exploiter,Exploiter,3.501498705475868
1140,5.498474403986887,HOG8-ML00-H1-GPS-GradientEstimation-Escape-Specialist-Exploiter,Exploiter,3.5718001990380275
1149,5.32533241880592,HOG8-ML02-H2-GPS-GradientEstimation-Escape-Specialist-Exploiter,Exploiter,3.1489095421708932
1149,5.310051651751449,HOG8-ML00-H1-GPS-GradientEstimation-Escape-Specialist-Refiner,Refiner,0.2869448487480071
1160,5.111394752216552,HOG8-ML02-H2-GPS-GradientEstimation-Escape-Specialist-Exploiter,Exploiter,3.7411481575583667
1164,5.11132735537005,HOG8-ML00-H1-GPS-GradientEstimation-Escape-Specialist-Polisher,Polisher,0.0013185607797694529
1170,4.9254173833144606,HOG8-ML02-H2-GPS-GradientEstimation-Escape-Specialist-Exploiter,Exploiter,3.637215132782861
1181,4.716261573138717,HOG8-ML02-H2-GPS-GradientEstimation-Escape-Specialist-Exploiter,Exploiter,4.246458602356988
1194,4.586007244929335,HOG8-ML00-H1-GPS-GradientEstimation-Escape-Specialist-Exploiter,Exploiter,2.761813062940373
1194,4.509468662854345,HOG8-ML02-H2-GPS-GradientEstimation-Escape-Specialist-Exploiter,Exploiter,1.668959030965717
1203,4.4079503174128645,HOG8-ML00-H1-GPS-GradientEstimation-Escape-Specialist-Exploiter,Exploiter,2.2512263202472846
1209,4.329670417239853,HOG8-ML02-H2-GPS-GradientEstimation-Escape-Specialist-Exploiter,Exploiter,1.7758798202370918
1214,4.229373410222882,HOG8-ML00-H1-GPS-GradientEstimation-Escape-Specialist-Exploiter,Exploiter,2.316504429935555
1219,4.156904618900575,HOG8-ML02-H2-GPS-GradientEstimation-Escape-Specialist-Exploiter,Exploiter,1.7134640121191849
1229,4.023586766115357,HOG8-ML00-H1-GPS-GradientEstimation-Escape-Specialist-Exploiter,Exploiter,3.207142453522989
1230,3.9534502533809426,HOG8-ML02-H2-GPS-GradientEstimation-Escape-Specialist-Exploiter,Exploiter,1.7431340943127909
1240,3.818528933838942,HOG8-ML00-H1-GPS-GradientEstimation-Escape-Specialist-Exploiter,Exploiter,3.4127486346038536
1240,3.7274770535611417,HOG8-ML02-H2-GPS-GradientEstimation-Escape-Specialist-Exploiter,Exploiter,2.3844753268966743
1249,3.607080805832227,HOG8-ML00-H1-GPS-GradientEstimation-Escape-Specialist-Exploiter,Exploiter,3.2299661674346454
1251,3.5416669458132914,HOG8-ML02-H2-GPS-GradientEstimation-Escape-Specialist-Exploiter,Exploiter,1.8134847412669277
1261,3.3328835855623855,HOG8-ML02-H2-GPS-GradientEstimation-Escape-Specialist-Local Explorer,Local Explorer,5.895059118918985
1272,3.1265144367470863,HOG8-ML02-H2-GPS-GradientEstimation-Escape-Specialist-Local Explorer,Local Explorer,6.191909903762115
1284,3.0135340839548386,HOG8-ML00-H1-GPS-GradientEstimation-Escape-Specialist-Exploiter,Exploiter,3.613620057670217
1284,2.9473545371342293,HOG8-ML02-H2-GPS-GradientEstimation-Escape-Specialist-Exploiter,Exploiter,2.1960775945085014
1294,2.8425525491745027,HOG8-ML00-H1-GPS-GradientEstimation-Escape-Specialist-Exploiter,Exploiter,3.555798484346157
1300,2.7783256567814014,HOG8-ML02-H2-GPS-GradientEstimation-Escape-Specialist-Exploiter,Exploiter,2.2594795094202658
1306,2.564781726112205,HOG8-ML02-H2-GPS-GradientEstimation-Escape-Specialist-Local Explorer,Local Explorer,7.686065531877929
1319,2.4262213446971086,HOG8-ML00-H1-GPS-GradientEstimation-Escape-Specialist-Local Explorer,Local Explorer,5.402423917965588
1319,2.3927452520122503,HOG8-ML02-H2-GPS-GradientEstimation-Escape-Specialist-Exploiter,Exploiter,1.3797625166403553
1330,2.2484136564643125,HOG8-ML00-H1-GPS-GradientEstimation-Escape-Specialist-Local Explorer,Local Explorer,6.032050232951372
1330,2.2094183668572533,HOG8-ML02-H2-GPS-GradientEstimation-Escape-Specialist-Exploiter,Exploiter,1.7343467691074335
1340,2.161883132294853,HOG8-ML00-H1-GPS-GradientEstimation-Escape-Specialist-Exploiter,Exploiter,2.151481823246365
1340,2.0769435684712074,HOG8-ML02-H2-GPS-GradientEstimation-Escape-Specialist-Exploiter,Exploiter,3.9289618645334237
1351,1.8728578108418552,HOG8-ML02-H2-GPS-GradientEstimation-Escape-Specialist-Local Explorer,Local Explorer,9.826254344482516
1363,1.7551986245746227,HOG8-ML00-H1-GPS-GradientEstimation-Escape-Specialist-Local Explorer,Local Explorer,6.282334173267769
1363,1.6868712356311026,HOG8-ML02-H2-GPS-GradientEstimation-Escape-Specialist-Exploiter,Exploiter,3.8928579356697828
1373,1.5653640707730831,HOG8-ML00-H1-GPS-GradientEstimation-Escape-Specialist-Local Explorer,Local Explorer,7.203108470372397
1379,1.4908192474906103,HOG8-ML02-H2-GPS-GradientEstimation-Escape-Specialist-Exploiter,Exploiter,4.7621396628617845
1388,1.3903657676488113,HOG8-ML00-H1-GPS-GradientEstimation-Escape-Specialist-Local Explorer,Local Explorer,6.738139449895436
1388,1.3264667510283943,HOG8-ML02-H2-GPS-GradientEstimation-Escape-Specialist-Exploiter,Exploiter,4.5958421954299045
1398,1.2549382189395903,HOG8-ML00-H1-GPS-GradientEstimation-Escape-Specialist-Local Explorer,Local Explorer,5.392410479444638
1398,1.189799826992533,HOG8-ML02-H2-GPS-GradientEstimation-Escape-Specialist-Local Explorer,Local Explorer,5.190565636139335
1408,1.130315042890628,HOG8-ML00-H1-GPS-GradientEstimation-Escape-Specialist-Exploiter,Exploiter,4.999562342538344
1408,1.0764664119884986,HOG8-ML02-H2-GPS-GradientEstimation-Escape-Specialist-Exploiter,Exploiter,4.764037357621883
1418,1.0225093085557762,HOG8-ML00-H1-GPS-GradientEstimation-Escape-Specialist-Local Explorer,Local Explorer,5.012427961690914
1418,0.9514786551903629,HOG8-ML02-H2-GPS-GradientEstimation-Escape-Specialist-Local Explorer,Local Explorer,6.946699924496448
1430,0.9093985523826165,HOG8-ML00-H1-GPS-GradientEstimation-Escape-Specialist-Exploiter,Exploiter,4.422600820123226
1430,0.8665278897272073,HOG8-ML02-H2-GPS-GradientEstimation-Escape-Specialist-Exploiter,Exploiter,4.71417757847628
1442,0.781012113039796,HOG8-ML02-H2-GPS-GradientEstimation-Escape-Specialist-Local Explorer,Local Explorer,9.868785263718703
1452,0.704717984464202,HOG8-ML02-H2-GPS-GradientEstimation-Escape-Specialist-Local Explorer,Local Explorer,9.768622957542593
1464,0.6864429762913697,HOG8-ML00-H1-GPS-GradientEstimation-Escape-Specialist-Exploiter,Exploiter,2.593237092810501
1464,0.6478323168277266,HOG8-ML02-H2-GPS-GradientEstimation-Escape-Specialist-Local Explorer,Local Explorer,5.624743904037612
1475,0.6289047465876706,HOG8-ML00-H1-GPS-GradientEstimation-Escape-Specialist-Exploiter,Exploiter,2.921677376753845
1479,0.5775879394656441,HOG8-ML02-H2-GPS-GradientEstimation-Escape-Specialist-Local Explorer,Local Explorer,8.159710576277675
1485,0.5661711645962242,HOG8-ML00-H1-GPS-GradientEstimation-Escape-Specialist-Exploiter,Exploiter,1.9766297197933496
1490,0.5296914627918766,HOG8-ML02-H2-GPS-GradientEstimation-Escape-Specialist-Local Explorer,Local Explorer,6.443228494401293
1499,0.5238830858955639,HOG8-ML00-H1-GPS-GradientEstimation-Escape-Specialist-Exploiter,Exploiter,1.0965585259196342
1499,0.48685140174272146,HOG8-ML02-H2-GPS-GradientEstimation-Escape-Specialist-Local Explorer,Local Explorer,7.068692452541726
1509,0.45053291247038624,HOG8-ML02-H2-GPS-GradientEstimation-Escape-Specialist-Local Explorer,Local Explorer,7.459871562930791
1525,0.41572866314590406,HOG8-ML02-H2-GPS-GradientEstimation-Escape-Specialist-Local Explorer,Local Explorer,7.725129143982322
1533,0.38146202641127414,HOG8-ML02-H2-GPS-GradientEstimation-Escape-Specialist-Local Explorer,Local Explorer,8.242548511167659
1544,0.3541438780634752,HOG8-ML02-H2-GPS-GradientEstimation-Escape-Specialist-Local Explorer,Local Explorer,7.161433237484514
1563,0.33691440060242134,HOG8-ML00-H1-GPS-GradientEstimation-Escape-Specialist-Exploiter,Exploiter,4.865106677903866
1563,0.3263195397340113,HOG8-ML02-H2-GPS-GradientEstimation-Escape-Specialist-Exploiter,Exploiter,3.14467438894445
1568,0.308920048994067,HOG8-ML02-H2-GPS-GradientEstimation-Escape-Specialist-Local Explorer,Local Explorer,5.332040721228927
1579,0.28475127859823846,HOG8-ML02-H2-GPS-GradientEstimation-Escape-Specialist-Local Explorer,Local Explorer,7.823632837858549
1591,0.26327810947879304,HOG8-ML02-H2-GPS-GradientEstimation-Escape-Specialist-Local Explorer,Local Explorer,7.541026409135938
1604,0.26066958299685716,HOG8-ML00-H1-GPS-GradientEstimation-Escape-Specialist-Exploiter,Exploiter,0.9907874555541032
1604,0.24480827637154967,HOG8-ML02-H2-GPS-GradientEstimation-Escape-Specialist-Local Explorer,Local Explorer,6.084832162983407
1614,0.2308810618049545,HOG8-ML02-H2-GPS-GradientEstimation-Escape-Specialist-Local Explorer,Local Explorer,5.689029297954621
1624,0.21741539866802959,HOG8-ML02-H2-GPS-GradientEstimation-Escape-Specialist-Local Explorer,Local Explorer,5.832294356087349
1634,0.20584764987518453,HOG8-ML02-H2-GPS-GradientEstimation-Escape-Specialist-Local Explorer,Local Explorer,5.320574744803514
1647,0.19206509408070285,HOG8-ML02-H2-GPS-GradientEstimation-Escape-Specialist-Local Explorer,Local Explorer,6.695512823604599
1659,0.1821250545923518,HOG8-ML02-H2-GPS-GradientEstimation-Escape-Specialist-Local Explorer,Local Explorer,5.175349292867558
1670,0.17245541417844112,HOG8-ML02-H2-GPS-GradientEstimation-Escape-Specialist-Local Explorer,Local Explorer,5.309341120338494
1679,0.16590198496215217,HOG8-ML02-H2-GPS-GradientEstimation-Escape-Specialist-Exploiter,Exploiter,3.800071599670433
1691,0.15726298980490105,HOG8-ML02-H2-GPS-GradientEstimation-Escape-Specialist-Local Explorer,Local Explorer,5.207288604305703
1701,0.14844876626588102,HOG8-ML02-H2-GPS-GradientEstimation-Escape-Specialist-Local Explorer,Local Explorer,5.604766607804464
1715,0.1398635977342819,HOG8-ML02-H2-GPS-GradientEstimation-Escape-Specialist-Local Explorer,Local Explorer,5.7832535409708665
1725,0.13349624353701373,HOG8-ML02-H2-GPS-GradientEstimation-Escape-Specialist-Exploiter,Exploiter,4.552545694816963
1733,0.1271716034352019,HOG8-ML02-H2-GPS-GradientEstimation-Escape-Specialist-Exploiter,Exploiter,4.7376914392787635
1748,0.12183153889005673,HOG8-ML02-H2-GPS-GradientEstimation-Escape-Specialist-Exploiter,Exploiter,4.199101372395693
1759,0.11505264464612303,HOG8-ML02-H2-GPS-GradientEstimation-Escape-Specialist-Local Explorer,Local Explorer,5.564153835445773
1769,0.1100081446915692,HOG8-ML02-H2-GPS-GradientEstimation-Escape-Specialist-Exploiter,Exploiter,4.384514558591509
1778,0.10553439660297273,HOG8-ML02-H2-GPS-GradientEstimation-Escape-Specialist-Exploiter,Exploiter,4.066742604504024
1789,0.10107859019335796,HOG8-ML02-H2-GPS-GradientEstimation-Escape-Specialist-Exploiter,Exploiter,4.222136623737756
1804,0.09614810881699123,HOG8-ML02-H2-GPS-GradientEstimation-Escape-Specialist-Exploiter,Exploiter,4.877869157983882
1813,0.09152980244296245,HOG8-ML02-H2-GPS-GradientEstimation-Escape-Specialist-Exploiter,Exploiter,4.803325235256877
1824,0.08789104684670906,HOG8-ML02-H2-GPS-GradientEstimation-Escape-Specialist-Exploiter,Exploiter,3.9754872174239733
1837,0.0843509667908702,HOG8-ML02-H2-GPS-GradientEstimation-Escape-Specialist-Exploiter,Exploiter,4.027805086919857
1844,0.08243232315915142,HOG8-ML02-H2-GPS-GradientEstimation-Escape-Specialist-Exploiter,Exploiter,2.2745958993874296
1859,0.0785322945159612,HOG8-ML02-H2-GPS-GradientEstimation-Escape-Specialist-Exploiter,Exploiter,4.731188560172513
1869,0.0750078218259489,HOG8-ML02-H2-GPS-GradientEstimation-Escape-Specialist-Exploiter,Exploiter,4.487927815856678
1881,0.07223140295901248,HOG8-ML02-H2-GPS-GradientEstimation-Escape-Specialist-Exploiter,Exploiter,3.7015057887948353
1890,0.06964493623740167,HOG8-ML02-H2-GPS-GradientEstimation-Escape-Specialist-Exploiter,Exploiter,3.580806429965776
1900,0.06717280922435362,HOG8-ML02-H2-GPS-GradientEstimation-Escape-Specialist-Exploiter,Exploiter,3.5496148702343673
1910,0.06424678198519473,HOG8-ML02-H2-GPS-GradientEstimation-Escape-Specialist-Exploiter,Exploiter,4.3559697338042085
1922,0.06179148724605623,HOG8-ML02-H2-GPS-GradientEstimation-Escape-Specialist-Exploiter,Exploiter,3.821661822228405
1932,0.05953525352720887,HOG8-ML02-H2-GPS-GradientEstimation-Escape-Specialist-Exploiter,Exploiter,3.651366586893992
1948,0.05710225766370394,HOG8-ML02-H2-GPS-GradientEstimation-Escape-Specialist-Exploiter,Exploiter,4.086647354903758
1958,0.05519739794537158,HOG8-ML02-H2-GPS-GradientEstimation-Escape-Specialist-Exploiter,Exploiter,3.335874615590115
1969,0.05306268785132283,HOG8-ML02-H2-GPS-GradientEstimation-Escape-Specialist-Exploiter,Exploiter,3.8674107358492846
1978,0.051391402653943485,HOG8-ML02-H2-GPS-GradientEstimation-Escape-Specialist-Exploiter,Exploiter,3.1496429318886814
1988,0.04975631257900284,HOG8-ML02-H2-GPS-GradientEstimation-Escape-Specialist-Exploiter,Exploiter,3.1816412678029424
1999,0.04819474645940611,HOG8-ML02-H2-GPS-GradientEstimation-Escape-Specialist-Exploiter,Exploiter,3.1384281484229524
2010,0.04701866073856453,HOG8-ML02-H2-GPS-GradientEstimation-Escape-Specialist-Exploiter,Exploiter,2.440277846117892
2023,0.04645527966296244,HOG8-ML02-H2-GPS-GradientEstimation-Escape-Specialist-Exploiter,Exploiter,1.198207406915809
2034,0.04471981381046682,HOG8-ML02-H2-GPS-GradientEstimation-Escape-Specialist-Exploiter,Exploiter,3.7357774295765465
2051,0.04305945022261099,HOG8-ML02-H2-GPS-GradientEstimation-Escape-Specialist-Exploiter,Exploiter,3.7128141787281272
2059,0.041836804586058755,HOG8-ML02-H2-GPS-GradientEstimation-Escape-Specialist-Exploiter,Exploiter,2.839436245078232
2069,0.040303767132252574,HOG8-ML02-H2-GPS-GradientEstimation-Escape-Specialist-Exploiter,Exploiter,3.66432730456913
2081,0.03892325945002642,HOG8-ML02-H2-GPS-GradientEstimation-Escape-Specialist-Exploiter,Exploiter,3.425257191706579
2092,0.03776486251394137,HOG8-ML02-H2-GPS-GradientEstimation-Escape-Specialist-Exploiter,Exploiter,2.9761046542680085
2104,0.03675102864101622,HOG8-ML02-H2-GPS-GradientEstimation-Escape-Specialist-Exploiter,Exploiter,2.6845956940817275
2115,0.03554667706031042,HOG8-ML02-H2-GPS-GradientEstimation-Escape-Specialist-Exploiter,Exploiter,3.2770554328421464
2129,0.034370277508047435,HOG8-ML02-H2-GPS-GradientEstimation-Escape-Specialist-Exploiter,Exploiter,3.3094501358510766
2138,0.033494634297590406,HOG8-ML02-H2-GPS-GradientEstimation-Escape-Specialist-Exploiter,Exploiter,2.5476757068720395
2149,0.0325889606270227,HOG8-ML02-H2-GPS-GradientEstimation-Escape-Specialist-Exploiter,Exploiter,2.7039365843527423
2159,0.03175588150077545,HOG8-ML02-H2-GPS-GradientEstimation-Escape-Specialist-Exploiter,Exploiter,2.556323092907915
2171,0.03108646284786834,HOG8-ML02-H2-GPS-GradientEstimation-Escape-Specialist-Exploiter,Exploiter,2.108014708679278
2183,0.03018278390922053,HOG8-ML02-H2-GPS-GradientEstimation-Escape-Specialist-Exploiter,Exploiter,2.906985407346778
2194,0.02947892639207886,HOG8-ML02-H2-GPS-GradientEstimation-Escape-Specialist-Exploiter,Exploiter,2.3319834222669145
2204,0.028796243117361342,HOG8-ML02-H2-GPS-GradientEstimation-Escape-Specialist-Exploiter,Exploiter,2.315834931155973
2220,0.0281034708667335,HOG8-ML02-H2-GPS-GradientEstimation-Escape-Specialist-Exploiter,Exploiter,2.4057730301984015
2230,0.027709619824439945,HOG8-ML02-H2-GPS-GradientEstimation-Escape-Specialist-Exploiter,Exploiter,1.4014320300904972
2240,0.02688288129455614,HOG8-ML02-H2-GPS-GradientEstimation-Escape-Specialist-Exploiter,Exploiter,2.9835794757264003
2249,0.02619645625499359,HOG8-ML02-H2-GPS-GradientEstimation-Escape-Specialist-Exploiter,Exploiter,2.553390881138753
2259,0.025623718752351185,HOG8-ML02-H2-GPS-GradientEstimation-Escape-Specialist-Exploiter,Exploiter,2.1863167180607794
2271,0.025046057156491337,HOG8-ML02-H2-GPS-GradientEstimation-Escape-Specialist-Exploiter,Exploiter,2.254401874461889
2284,0.024404933552323767,HOG8-ML02-H2-GPS-GradientEstimation-Escape-Specialist-Exploiter,Exploiter,2.559778571779737
2292,0.023916714603523043,HOG8-ML02-H2-GPS-GradientEstimation-Escape-Specialist-Exploiter,Exploiter,2.0004928419657073
2309,0.023331069449924316,HOG8-ML02-H2-GPS-GradientEstimation-Escape-Specialist-Exploiter,Exploiter,2.448685629724655
2319,0.022900573655234263,HOG8-ML02-H2-GPS-GradientEstimation-Escape-Specialist-Exploiter,Exploiter,1.8451610013592812
2330,0.022445533435181,HOG8-ML02-H2-GPS-GradientEstimation-Escape-Specialist-Exploiter,Exploiter,1.9870254208643283
2338,0.021917934658140466,HOG8-ML02-H2-GPS-GradientEstimation-Escape-Specialist-Exploiter,Exploiter,2.3505735720835133
2351,0.021379051976160805,HOG8-ML02-H2-GPS-GradientEstimation-Escape-Specialist-Exploiter,Exploiter,2.4586380531959318
2365,0.021001553288775725,HOG8-ML02-H2-GPS-GradientEstimation-Escape-Specialist-Exploiter,Exploiter,1.7657410057565615
2373,0.020684620115025074,HOG8-ML02-H2-GPS-GradientEstimation-Escape-Specialist-Exploiter,Exploiter,1.509093967444951
2385,0.020244381604278484,HOG8-ML02-H2-GPS-GradientEstimation-Escape-Specialist-Exploiter,Exploiter,2.128337423160146
2393,0.01987960990232344,HOG8-ML02-H2-GPS-GradientEstimation-Escape-Specialist-Exploiter,Exploiter,1.8018416619747526
2409,0.01955917907958654,HOG8-ML02-H2-GPS-GradientEstimation-Escape-Specialist-Exploiter,Exploiter,1.6118566929195572
2415,0.019275678550733342,HOG8-ML02-H2-GPS-GradientEstimation-Escape-Specialist-Exploiter,Exploiter,1.449450039286581
2428,0.01909714469341845,HOG8-ML02-H2-GPS-GradientEstimation-Escape-Specialist-Exploiter,Exploiter,0.9262130868440864
2441,0.018946085175980273,HOG8-ML02-H2-GPS-GradientEstimation-Escape-Specialist-Exploiter,Exploiter,0.7910057752782177
2450,0.018745590598097016,HOG8-ML00-H1-GPS-GradientEstimation-Escape-Specialist-Exploiter,Exploiter,1.0582374987812435
2460,0.01842240615576578,HOG8-ML00-H1-GPS-GradientEstimation-Escape-Specialist-Exploiter,Exploiter,1.7240558020297492
2470,0.018072285146153118,HOG8-ML00-H1-GPS-GradientEstimation-Escape-Specialist-Exploiter,Exploiter,1.900517264966952
2485,0.01769102580484331,HOG8-ML00-H1-GPS-GradientEstimation-Escape-Specialist-Exploiter,Exploiter,2.1096354900695213
2494,0.01734764240133304,HOG8-ML00-H1-GPS-GradientEstimation-Escape-Specialist-Exploiter,Exploiter,1.9410033499372363
2505,0.01703008110241595,HOG8-ML00-H1-GPS-GradientEstimation-Escape-Specialist-Exploiter,Exploiter,1.8305732362380704
2519,0.016841014298720293,HOG8-ML00-H1-GPS-GradientEstimation-Escape-Specialist-Exploiter,Exploiter,1.110193207881054
2530,0.016549930464389413,HOG8-ML00-H1-GPS-GradientEstimation-Escape-Specialist-Exploiter,Exploiter,1.728422226641055
2540,0.016207104469980072,HOG8-ML00-H1-GPS-GradientEstimation-Escape-Specialist-Exploiter,Exploiter,2.0714648629310064
2553,0.01589626325701706,HOG8-ML00-H1-GPS-GradientEstimation-Escape-Specialist-Exploiter,Exploiter,1.917931815265168
2565,0.015581366886875404,HOG8-ML00-H1-GPS-GradientEstimation-Escape-Specialist-Exploiter,Exploiter,1.9809458679080003
2578,0.015296136029657691,HOG8-ML00-H1-GPS-GradientEstimation-Escape-Specialist-Exploiter,Exploiter,1.8305894424318454
2588,0.015044726160054414,HOG8-ML00-H1-GPS-GradientEstimation-Escape-Specialist-Exploiter,Exploiter,1.6436168527516934
2599,0.014799949211114792,HOG8-ML00-H1-GPS-GradientEstimation-Escape-Specialist-Exploiter,Exploiter,1.6269950435491103
2609,0.01453890697680768,HOG8-ML00-H1-GPS-GradientEstimation-Escape-Specialist-Exploiter,Exploiter,1.7638049332700962
2620,0.014309379818902367,HOG8-ML00-H1-GPS-GradientEstimation-Escape-Specialist-Exploiter,Exploiter,1.5787098594925566
2629,0.014099500877526538,HOG8-ML00-H1-GPS-GradientEstimation-Escape-Specialist-Exploiter,Exploiter,1.4667228351754478
2644,0.01389953633886606,HOG8-ML00-H1-GPS-GradientEstimation-Escape-Specialist-Exploiter,Exploiter,1.4182384213274173
2654,0.013746476962387245,HOG8-ML00-H1-GPS-GradientEstimation-Escape-Specialist-Exploiter,Exploiter,1.1011833254525842
2670,0.013543901586016566,HOG8-ML00-H1-GPS-GradientEstimation-Escape-Specialist-Exploiter,Exploiter,1.4736530452490548
2684,0.013423227373976651,HOG8-ML00-H1-GPS-GradientEstimation-Escape-Specialist-Exploiter,Exploiter,0.8909855943172605
2704,0.013276105614726526,HOG8-ML00-H1-GPS-GradientEstimation-Escape-Specialist-Exploiter,Exploiter,1.0960237441507303
2711,0.013105544374704773,HOG8-ML00-H1-GPS-GradientEstimation-Escape-Specialist-Exploiter,Exploiter,1.2847234345029517
2722,0.01295776375307894,HOG8-ML00-H1-GPS-GradientEstimation-Escape-Specialist-Exploiter,Exploiter,1.1276191007453789
2734,0.012806492959304916,HOG8-ML00-H1-GPS-GradientEstimation-Escape-Specialist-Exploiter,Exploiter,1.1674143521723044
2744,0.012631272819604984,HOG8-ML00-H1-GPS-GradientEstimation-Escape-Specialist-Exploiter,Exploiter,1.3682132981818518
2754,0.0124370017911047,HOG8-ML00-H1-GPS-GradientEstimation-Escape-Specialist-Exploiter,Exploiter,1.5380162496273158
2770,0.012280447534132865,HOG8-ML00-H1-GPS-GradientEstimation-Escape-Specialist-Exploiter,Exploiter,1.258778117116683
2778,0.012095993170913788,HOG8-ML00-H1-GPS-GradientEstimation-Escape-Specialist-Exploiter,Exploiter,1.5020166220033562
2788,0.011965145756563126,HOG8-ML00-H1-GPS-GradientEstimation-Escape-Specialist-Exploiter,Exploiter,1.0817418007915138
2799,0.011834220174864822,HOG8-ML00-H1-GPS-GradientEstimation-Escape-Specialist-Exploiter,Exploiter,1.0942247120265063
2808,0.011682222699913019,HOG8-ML00-H1-GPS-GradientEstimation-Escape-Specialist-Exploiter,Exploiter,1.2843894460797372
2819,0.01151619780583054,HOG8-ML00-H1-GPS-GradientEstimation-Escape-Specialist-Exploiter,Exploiter,1.4211755617680109
2829,0.01138613991570061,HOG8-ML00-H1-GPS-GradientEstimation-Escape-Specialist-Exploiter,Exploiter,1.1293474836293813
2840,0.011252556384120073,HOG8-ML00-H1-GPS-GradientEstimation-Escape-Specialist-Exploiter,Exploiter,1.173211751915471
2854,0.01115421703830759,HOG8-ML00-H1-GPS-GradientEstimation-Escape-Specialist-Exploiter,Exploiter,0.8739289318404256
2864,0.01103144612393251,HOG8-ML00-H1-GPS-GradientEstimation-Escape-Specialist-Exploiter,Exploiter,1.1006681504711706
2875,0.010883609954530995,HOG8-ML00-H1-GPS-GradientEstimation-Escape-Specialist-Exploiter,Exploiter,1.340134083425271
2889,0.01078368712153581,HOG8-ML00-H1-GPS-GradientEstimation-Escape-Specialist-Exploiter,Exploiter,0.9181037671566528
2899,0.010645879861604519,HOG8-ML00-H1-GPS-GradientEstimation-Escape-Specialist-Exploiter,Exploiter,1.2779233890797805
2910,0.010508084487608309,HOG8-ML00-H1-GPS-GradientEstimation-Escape-Specialist-Exploiter,Exploiter,1.2943540204054318
2921,0.010392042122939652,HOG8-ML00-H1-GPS-GradientEstimation-Escape-Specialist-Exploiter,Exploiter,1.1043151090524628
2933,0.010292594591309143,HOG8-ML00-H1-GPS-GradientEstimation-Escape-Specialist-Exploiter,Exploiter,0.956958511657555
2944,0.010198547155929587,HOG8-ML00-H1-GPS-GradientEstimation-Escape-Specialist-Exploiter,Exploiter,0.9137388492787517
2954,0.0101007527108855,HOG8-ML00-H1-GPS-GradientEstimation-Escape-Specialist-Exploiter,Exploiter,0.9589056514508296
2968,0.009997446260004095,HOG8-ML00-H1-GPS-GradientEstimation-Escape-Specialist-Exploiter,Exploiter,1.0227599253080766
2978,0.009908018781306089,HOG8-ML00-H1-GPS-GradientEstimation-Escape-Specialist-Exploiter,Exploiter,0.89450321984496
2989,0.009820284040658746,HOG8-ML00-H1-GPS-GradientEstimation-Escape-Specialist-Exploiter,Exploiter,0.8854922723085263
2999,0.009753991178971484,HOG8-ML00-H1-GPS-GradientEstimation-Escape-Specialist-Exploiter,Exploiter,0.6750605319845242
3019,0.009612240209118715,HOG8-ML00-H1-GPS-GradientEstimation-Escape-Specialist-Exploiter,Exploiter,1.4532612061241972
3029,0.00952935923186424,HOG8-ML00-H1-GPS-GradientEstimation-Escape-Specialist-Exploiter,Exploiter,0.8622441330154067
3040,0.009443284267608678,HOG8-ML00-H1-GPS-GradientEstimation-Escape-Specialist-Exploiter,Exploiter,0.9032607771543083
3054,0.009353844817360162,HOG8-ML00-H1-GPS-GradientEstimation-Escape-Specialist-Exploiter,Exploiter,0.9471222904440267
3064,0.009290063745434507,HOG8-ML00-H1-GPS-GradientEstimation-Escape-Specialist-Exploiter,Exploiter,0.6818701097893083
3074,0.009216853841927192,HOG8-ML00-H1-GPS-GradientEstimation-Escape-Specialist-Exploiter,Exploiter,0.7880452224377191
3087,0.00915470987363021,HOG8-ML00-H1-GPS-GradientEstimation-Escape-Specialist-Exploiter,Exploiter,0.6742427444633043
3094,0.009112425557404925,HOG8-ML00-H1-GPS-GradientEstimation-Escape-Specialist-Refiner,Refiner,0.4618859233003545
3105,0.009038729978970695,HOG8-ML00-H1-GPS-GradientEstimation-Escape-Specialist-Exploiter,Exploiter,0.8087372343398
3119,0.008977228769051696,HOG8-ML00-H1-GPS-GradientEstimation-Escape-Specialist-Exploiter,Exploiter,0.680418709952465
3129,0.008916276756815444,HOG8-ML00-H1-GPS-GradientEstimation-Escape-Specialist-Exploiter,Exploiter,0.6789624482599668
3138,0.008857416621333464,HOG8-ML00-H1-GPS-GradientEstimation-Escape-Specialist-Exploiter,Exploiter,0.6601425358066528
3153,0.008825143206534694,HOG8-ML00-H1-GPS-GradientEstimation-Escape-Specialist-Refiner,Refiner,0.3643660017192533
3163,0.008789699927362659,HOG8-ML00-H1-GPS-GradientEstimation-Escape-Specialist-Refiner,Refiner,0.4016170428349687
3179,0.008767847265122483,HOG8-ML00-H1-GPS-GradientEstimation-Escape-Specialist-Refiner,Refiner,0.24861670387799065
3191,0.00874817473324406,HOG8-ML00-H1-GPS-GradientEstimation-Escape-Specialist-Refiner,Refiner,0.2243712884538771
3199,0.00870204445607637,HOG8-ML00-H1-GPS-GradientEstimation-Escape-Specialist-Exploiter,Exploiter,0.527313166166991
3208,0.008638150336127151,HOG8-ML00-H1-GPS-GradientEstimation-Escape-Specialist-Exploiter,Exploiter,0.7342426285193677
3219,0.008585766991520808,HOG8-ML00-H1-GPS-GradientEstimation-Escape-Specialist-Exploiter,Exploiter,0.6064185336907291
3230,0.008534583229477297,HOG8-ML00-H1-GPS-GradientEstimation-Escape-Specialist-Exploiter,Exploiter,0.5961466470504013
3240,0.008483123686687362,HOG8-ML00-H1-GPS-GradientEstimation-Escape-Specialist-Exploiter,Exploiter,0.602953201185038
3255,0.008434992762860295,HOG8-ML00-H1-GPS-GradientEstimation-Escape-Specialist-Exploiter,Exploiter,0.5673726519230127
3264,0.008395999903056514,HOG8-ML00-H1-GPS-GradientEstimation-Escape-Specialist-Refiner,Refiner,0.46227496454374756
3275,0.00834271254430911,HOG8-ML00-H1-GPS-GradientEstimation-Escape-Specialist-Exploiter,Exploiter,0.6346755521996276
3285,0.008297812337128677,HOG8-ML00-H1-GPS-GradientEstimation-Escape-Specialist-Exploiter,Exploiter,0.5381967428694545
3299,0.00825283626497721,HOG8-ML00-H1-GPS-GradientEstimation-Escape-Specialist-Exploiter,Exploiter,0.5420232505165418
3310,0.008211765796339567,HOG8-ML00-H1-GPS-GradientEstimation-Escape-Specialist-Refiner,Refiner,0.4976527743793386
3321,0.008168234462014392,HOG8-ML00-H1-GPS-GradientEstimation-Escape-Specialist-Exploiter,Exploiter,0.530109301760395
3330,0.008130743272164134,HOG8-ML00-H1-GPS-GradientEstimation-Escape-Specialist-Refiner,Refiner,0.4589876799522211
3343,0.008090887848935288,HOG8-ML00-H1-GPS-GradientEstimation-Escape-Specialist-Refiner,Refiner,0.490181793899366
3354,0.008053653055097542,HOG8-ML00-H1-GPS-GradientEstimation-Escape-Specialist-Refiner,Refiner,0.46020652532769923
3364,0.008019230483091219,HOG8-ML00-H1-GPS-GradientEstimation-Escape-Specialist-Refiner,Refiner,0.427415630780566
3374,0.007979934669397209,HOG8-ML00-H1-GPS-GradientEstimation-Escape-Specialist-Refiner,Refiner,0.49001975659467656
3389,0.007946551941207703,HOG8-ML00-H1-GPS-GradientEstimation-Escape-Specialist-Refiner,Refiner,0.41833335199506216
3399,0.007907539722586177,HOG8-ML00-H1-GPS-GradientEstimation-Escape-Specialist-Refiner,Refiner,0.4909326574614681
3410,0.007876385510933434,HOG8-ML00-H1-GPS-GradientEstimation-Escape-Specialist-Refiner,Refiner,0.393981095836385
3419,0.007843864753288939,HOG8-ML00-H1-GPS-GradientEstimation-Escape-Specialist-Refiner,Refiner,0.41288935894963735
3429,0.007811668709254283,HOG8-ML00-H1-GPS-GradientEstimation-Escape-Specialist-Refiner,Refiner,0.4104614886578235
3445,0.0077764824040134975,HOG8-ML00-H1-GPS-GradientEstimation-Escape-Specialist-Refiner,Refiner,0.4504326354636752
3453,0.007747078425716685,HOG8-ML00-H1-GPS-GradientEstimation-Escape-Specialist-Refiner,Refiner,0.3781141237024696
3465,0.007723740816947582,HOG8-ML00-H1-GPS-GradientEstimation-Escape-Specialist-Refiner,Refiner,0.30124399788742134
3477,0.0076945385593082906,HOG8-ML00-H1-GPS-GradientEstimation-Escape-Specialist-Refiner,Refiner,0.37808438076036366
3489,0.007672590729592344,HOG8-ML00-H1-GPS-GradientEstimation-Escape-Specialist-Refiner,Refiner,0.28523906335352234
3496,0.007644355028359323,HOG8-ML00-H1-GPS-GradientEstimation-Escape-Specialist-Refiner,Refiner,0.3680073944791426
3510,0.007625425244824716,HOG8-ML00-H1-GPS-GradientEstimation-Escape-Specialist-Refiner,Refiner,0.2476308787906964
3525,0.007584107129491251,HOG8-ML00-H1-GPS-GradientEstimation-Escape-Specialist-Exploiter,Exploiter,0.5418467037167188
3538,0.007566984510735929,HOG8-ML00-H1-GPS-GradientEstimation-Escape-Specialist-Refiner,Refiner,0.22576973746506637
3549,0.0075413150146148855,HOG8-ML00-H1-GPS-GradientEstimation-Escape-Specialist-Refiner,Refiner,0.3392301924845215
3559,0.007516164152131169,HOG8-ML00-H1-GPS-GradientEstimation-Escape-Specialist-Refiner,Refiner,0.33350764999173826
3568,0.007491471094707332,HOG8-ML00-H1-GPS-GradientEstimation-Escape-Specialist-Refiner,Refiner,0.32853270530069395
3579,0.007461884369020431,HOG8-ML00-H1-GPS-GradientEstimation-Escape-Specialist-Refiner,Refiner,0.3949387952361432
3593,0.007434852175802389,HOG8-ML00-H1-GPS-GradientEstimation-Escape-Specialist-Refiner,Refiner,0.36227033120845187
3604,0.007412525399116107,HOG8-ML00-H1-GPS-GradientEstimation-Escape-Specialist-Refiner,Refiner,0.3002988648375132
3615,0.007390052461028505,HOG8-ML00-H1-GPS-GradientEstimation-Escape-Specialist-Refiner,Refiner,0.3031751916867911
3623,0.0073741379001718175,HOG8-ML00-H1-GPS-GradientEstimation-Escape-Specialist-Refiner,Refiner,0.21535112153279992
3628,0.007354361331524983,HOG8-ML04-H1-GPS-Sniper-Specialist-Refiner,Refiner,0.26818821284008915
3634,0.007352140601983524,HOG8-ML00-H1-GPS-GradientEstimation-Escape-Specialist-Polisher,Polisher,0.0301960896582532
3638,0.007337843157708194,HOG8-ML04-H1-GPS-Sniper-Specialist-Refiner,Refiner,0.1944664152841786
3648,0.0073263929698956405,HOG8-ML00-H1-GPS-GradientEstimation-Escape-Specialist-Refiner,Refiner,0.15604296203204157
3648,0.007302564550349908,HOG8-ML04-H1-GPS-Sniper-Specialist-Refiner,Refiner,0.32524080599613014
3659,0.007259716402399591,HOG8-ML04-H1-GPS-Sniper-Specialist-Exploiter,Exploiter,0.5867547990145964
3671,0.00724222912871255,HOG8-ML04-H1-GPS-Sniper-Specialist-Refiner,Refiner,0.240880947928776
3679,0.007186027241446045,HOG8-ML04-H1-GPS-Sniper-Specialist-Exploiter,Exploiter,0.776030228644486
3691,0.007164088707607247,HOG8-ML04-H1-GPS-Sniper-Specialist-Refiner,Refiner,0.3052943316477481
3699,0.00714542085587261,HOG8-ML04-H2-GPS-Sniper-Specialist-Refiner,Refiner,0.26057538504254124
3702,0.00713567035774298,HOG8-ML04-H1-GPS-Sniper-Specialist-Refiner,Refiner,0.13645799633503913
3718,0.007078626912028242,HOG8-ML04-H1-GPS-Sniper-Specialist-Exploiter,Exploiter,0.7994125688953648
3721,0.0070260504264137175,HOG8-ML04-H2-GPS-Sniper-Specialist-Exploiter,Exploiter,0.7427497771521889
3733,0.00700658015150851,HOG8-ML04-H2-GPS-Sniper-Specialist-Refiner,Refiner,0.27711550193279566
3743,0.00697150928856953,HOG8-ML04-H1-GPS-Sniper-Specialist-Exploiter,Exploiter,0.5005418075668341
3749,0.006934758347671979,HOG8-ML04-H2-GPS-Sniper-Specialist-Exploiter,Exploiter,0.5271590322314843
3759,0.006871583549949219,HOG8-ML04-H2-GPS-Sniper-Specialist-Exploiter,Exploiter,0.9109877310139909
3768,0.006836107392935888,HOG8-ML04-H2-GPS-Sniper-Specialist-Exploiter,Exploiter,0.5162733852460091
3778,0.006803610681896688,HOG8-ML04-H2-GPS-Sniper-Specialist-Refiner,Refiner,0.4753686443366912
3780,0.006741099575269597,HOG8-ML04-H2-GPS-Sniper-Specialist-Exploiter,Exploiter,0.9187931166229596
3782,0.0067370672208653575,HOG8-ML04-H2-GPS-Sniper-Specialist-Refiner,Refiner,0.05981745795645458
3796,0.006675675114545957,HOG8-ML04-H2-GPS-Sniper-Specialist-Exploiter,Exploiter,0.9112586279273474
3809,0.006649290206213436,HOG8-ML04-H2-GPS-Sniper-Specialist-Refiner,Refiner,0.39523955075389694
3820,0.0066306230576913434,HOG8-ML04-H2-GPS-Sniper-Specialist-Refiner,Refiner,0.28073896526051234
3828,0.006595642112800917,HOG8-ML04-H2-GPS-Sniper-Specialist-Exploiter,Exploiter,0.527566483361617
3840,0.0065789413646959,HOG8-ML04-H2-GPS-Sniper-Specialist-Refiner,Refiner,0.25320882818374607
3850,0.006545528095510535,HOG8-ML04-H1-GPS-Sniper-Specialist-Exploiter,Exploiter,0.5078821550936401
3859,0.006491638029934279,HOG8-ML04-H2-GPS-Sniper-Specialist-Exploiter,Exploiter,0.8233111949090633
3871,0.006465210071731672,HOG8-ML04-H2-GPS-Sniper-Specialist-Refiner,Refiner,0.4071076988695712
3879,0.006403209251761826,HOG8-ML04-H2-GPS-Sniper-Specialist-Exploiter,Exploiter,0.9589915761737859
3890,0.006366232649333215,HOG8-ML04-H2-GPS-Sniper-Specialist-Exploiter,Exploiter,0.5774698432420688
3902,0.006338688181391337,HOG8-ML04-H2-GPS-Sniper-Specialist-Refiner,Refiner,0.43266511701803584
3912,0.006255626699059766,HOG8-ML04-H2-GPS-Sniper-Specialist-Exploiter,Exploiter,1.3103891523709434
3919,0.0062459932119258476,HOG8-ML04-H2-GPS-Sniper-Specialist-Refiner,Refiner,0.1539971548392812
3923,0.006219992899937833,HOG8-ML04-H2-GPS-Sniper-Specialist-Refiner,Refiner,0.41627185790676896
3934,0.006198787175685089,HOG8-ML04-H2-GPS-Sniper-Specialist-Refiner,Refiner,0.34092843181471094
3943,0.006163342187422501,HOG8-ML04-H2-GPS-Sniper-Specialist-Exploiter,Exploiter,0.5718052137944329
3954,0.006119223978039898,HOG8-ML04-H2-GPS-Sniper-Specialist-Exploiter,Exploiter,0.7158163223945979
3969,0.0061109459329788795,HOG8-ML04-H2-GPS-Sniper-Specialist-Refiner,Refiner,0.13527932775015614
3979,0.006089048094409183,HOG8-ML04-H2-GPS-Sniper-Specialist-Refiner,Refiner,0.3583379530740137
3988,0.006072348652581953,HOG8-ML04-H2-GPS-Sniper-Specialist-Refiner,Refiner,0.2742537350388714
3999,0.005995753909464754,HOG8-ML04-H2-GPS-Sniper-Specialist-Exploiter,Exploiter,1.2613693234598944
4004,0.005986247812859075,HOG8-ML05-H1-GPS-JADE-Specialist-Refiner,Refiner,0.1585471443494786
4008,0.0059611572869657705,HOG8-ML04-H2-GPS-Sniper-Specialist-Refiner,Refiner,0.419136104579696
4023,0.005935565158589785,HOG8-ML04-H2-GPS-Sniper-Specialist-Refiner,Refiner,0.42931476463376594
4034,0.005905555267079251,HOG8-ML04-H2-GPS-Sniper-Specialist-Exploiter,Exploiter,0.5055945088414106
4043,0.0058777619345205725,HOG8-ML04-H2-GPS-Sniper-Specialist-Refiner,Refiner,0.4706303014995634
4052,0.005856634826079094,HOG8-ML04-H2-GPS-Sniper-Specialist-Refiner,Refiner,0.3594413771234409
4067,0.0057850543680169845,HOG8-ML04-H2-GPS-Sniper-Specialist-Exploiter,Exploiter,1.2222113925110747
4072,0.005780072049186335,HOG8-ML04-H2-GPS-Sniper-Specialist-Refiner,Refiner,0.08612397591618423
4082,0.005745366502366024,HOG8-ML04-H2-GPS-Sniper-Specialist-Exploiter,Exploiter,0.6004345019401116
4093,0.005719305642399645,HOG8-ML04-H2-GPS-Sniper-Specialist-Refiner,Refiner,0.4535978680497884
4102,0.005705817966202434,HOG8-ML04-H2-GPS-Sniper-Specialist-Refiner,Refiner,0.2358271622558641
4112,0.005687752922635871,HOG8-ML04-H2-GPS-Sniper-Specialist-Refiner,Refiner,0.3166074290061225
4124,0.005657318582728816,HOG8-ML04-H2-GPS-Sniper-Specialist-Exploiter,Exploiter,0.5350854778858921
4132,0.005626598940054637,HOG8-ML04-H2-GPS-Sniper-Specialist-Exploiter,Exploiter,0.5430071194499014
4143,0.005603206206796443,HOG8-ML04-H2-GPS-Sniper-Specialist-Refiner,Refiner,0.4157526332944263
4152,0.005569695831548312,HOG8-ML04-H2-GPS-Sniper-Specialist-Exploiter,Exploiter,0.5980571481999749
4162,0.005538861516027374,HOG8-ML04-H2-GPS-Sniper-Specialist-Exploiter,Exploiter,0.5536086072471789
4174,0.005500312473346665,HOG8-ML04-H2-GPS-Sniper-Specialist-Exploiter,Exploiter,0.6959741197565984
4183,0.005491861403441763,HOG8-ML04-H2-GPS-Sniper-Specialist-Refiner,Refiner,0.15364708724920356
4194,0.005474011698406033,HOG8-ML04-H2-GPS-Sniper-Specialist-Refiner,Refiner,0.3250210397615679
4208,0.005456444635008712,HOG8-ML04-H2-GPS-Sniper-Specialist-Refiner,Refiner,0.32091753480242197
4216,0.005423961253443485,HOG8-ML04-H2-GPS-Sniper-Specialist-Exploiter,Exploiter,0.5953213811941351
4224,0.0054045054801118075,HOG8-ML04-H2-GPS-Sniper-Specialist-Refiner,Refiner,0.3587004482992087
4230,0.005396062567132676,HOG8-ML02-H1-GPS-GradientEstimation-Escape-Specialist-Refiner,Refiner,0.15621989856797897
4232,0.005379864122285257,HOG8-ML04-H2-GPS-Sniper-Specialist-Refiner,Refiner,0.3001900857503609
4245,0.005351715174529862,HOG8-ML04-H2-GPS-Sniper-Specialist-Exploiter,Exploiter,0.5232278569786314
4255,0.005331503847141907,HOG8-ML04-H2-GPS-Sniper-Specialist-Refiner,Refiner,0.3776607448046777
4263,0.005312084792366546,HOG8-ML04-H2-GPS-Sniper-Specialist-Refiner,Refiner,0.36423221912840054
4272,0.005296032350063417,HOG8-ML04-H2-GPS-Sniper-Specialist-Refiner,Refiner,0.3021872377902761
4282,0.005235199880693192,HOG8-ML04-H2-GPS-Sniper-Specialist-Exploiter,Exploiter,1.148642329752686
4295,0.005189170652234598,HOG8-ML04-H2-GPS-Sniper-Specialist-Exploiter,Exploiter,0.8792258081366651
4304,0.005166606534210343,HOG8-ML04-H2-GPS-Sniper-Specialist-Refiner,Refiner,0.4348309110731943
4314,0.005150785137239871,HOG8-ML04-H2-GPS-Sniper-Specialist-Refiner,Refiner,0.3062241505272726
4324,0.005126742032856366,HOG8-ML04-H2-GPS-Sniper-Specialist-Refiner,Refiner,0.46678523259832233
4334,0.0051169919777092465,HOG8-ML04-H2-GPS-Sniper-Specialist-Refiner,Refiner,0.19018033450158742
4348,0.005099871796037197,HOG8-ML04-H1-GPS-Sniper-Specialist-Refiner,Refiner,0.33457511261750894
4359,0.005080470378653004,HOG8-ML04-H2-GPS-Sniper-Specialist-Refiner,Refiner,0.38042951195887853
4369,0.0050149481229170186,HOG8-ML04-H2-GPS-Sniper-Specialist-Exploiter,Exploiter,1.289688766049996
4378,0.005006362745792563,HOG8-ML04-H2-GPS-Sniper-Specialist-Refiner,Refiner,0.17119573152158898
4389,0.004991683403176548,HOG8-ML04-H2-GPS-Sniper-Specialist-Refiner,Refiner,0.29321372344326063
4398,0.004964177431314864,HOG8-ML04-H2-GPS-Sniper-Specialist-Exploiter,Exploiter,0.5510359860599293
4408,0.00494363512661997,HOG8-ML04-H2-GPS-Sniper-Specialist-Refiner,Refiner,0.4138108473986071
4421,0.004903529827846743,HOG8-ML04-H2-GPS-Sniper-Specialist-Exploiter,Exploiter,0.8112511895805613
4429,0.0048850080257907234,HOG8-ML04-H2-GPS-Sniper-Specialist-Refiner,Refiner,0.37772385824667654
4441,0.004875220978319737,HOG8-ML04-H2-GPS-Sniper-Specialist-Refiner,Refiner,0.20034864670262145
4454,0.0048511720226783375,HOG8-ML04-H2-GPS-Sniper-Specialist-Refiner,Refiner,0.4932895503269757
4462,0.004846239680697737,HOG8-ML04-H2-GPS-Sniper-Specialist-Refiner,Refiner,0.1016732030433537
4470,0.004842899924759822,HOG8-ML04-H2-GPS-Sniper-Specialist-Refiner,Refiner,0.06891437811500264
4482,0.004837235694041427,HOG8-ML04-H2-GPS-Sniper-Specialist-Refiner,Refiner,0.11695948308648281
4492,0.004815567895092812,HOG8-ML04-H2-GPS-Sniper-Specialist-Refiner,Refiner,0.44793763047985874
4500,0.004795390169355375,HOG8-ML04-H2-GPS-Sniper-Specialist-Refiner,Refiner,0.41901030526427585
4513,0.004758207941313256,HOG8-ML04-H2-GPS-Sniper-Specialist-Exploiter,Exploiter,0.7753744060228885
4523,0.004650452738662502,HOG8-ML04-H2-GPS-Sniper-Specialist-Exploiter,Exploiter,2.264617351317643
4533,0.00464053321670064,HOG8-ML04-H2-GPS-Sniper-Specialist-Refiner,Refiner,0.21330228516020272
4541,0.004629594758258134,HOG8-ML04-H2-GPS-Sniper-Specialist-Refiner,Refiner,0.23571555103063532
4554,0.004616868707990409,HOG8-ML04-H2-GPS-Sniper-Specialist-Refiner,Refiner,0.27488475627428854
4562,0.004597968183048674,HOG8-ML04-H2-GPS-Sniper-Specialist-Refiner,Refiner,0.40937973629233976
4572,0.004577028780320433,HOG8-ML04-H2-GPS-Sniper-Specialist-Refiner,Refiner,0.4554055594694818
4581,0.004541271973268402,HOG8-ML04-H2-GPS-Sniper-Specialist-Exploiter,Exploiter,0.7812231202428106
4592,0.00453073718484956,HOG8-ML04-H2-GPS-Sniper-Specialist-Refiner,Refiner,0.2319788041952464
4601,0.00452360912712688,HOG8-ML04-H2-GPS-Sniper-Specialist-Refiner,Refiner,0.15732666521721805
4618,0.004512645258909941,HOG8-ML04-H2-GPS-Sniper-Specialist-Refiner,Refiner,0.24236992871888877
4622,0.004512418726040115,HOG8-ML04-H2-GPS-Sniper-Specialist-Polisher,Polisher,0.0050199574047835
4631,0.004502597741948995,HOG8-ML04-H2-GPS-Sniper-Specialist-Refiner,Refiner,0.21764345658893341
4643,0.004464533431751603,HOG8-ML04-H2-GPS-Sniper-Specialist-Exploiter,Exploiter,0.8453855391691183
4652,0.0044562373778235746,HOG8-ML04-H2-GPS-Sniper-Specialist-Refiner,Refiner,0.18582129700333566
4664,0.0044450037377456765,HOG8-ML04-H2-GPS-Sniper-Specialist-Refiner,Refiner,0.25208800890639627
4673,0.004433130678869961,HOG8-ML04-H2-GPS-Sniper-Specialist-Refiner,Refiner,0.26711021128943707
4682,0.004404082076920674,HOG8-ML04-H2-GPS-Sniper-Specialist-Exploiter,Exploiter,0.6552615759274528
4692,0.004381805922693019,HOG8-ML04-H2-GPS-Sniper-Specialist-Exploiter,Exploiter,0.5058069726809064
4702,0.004375367523603415,HOG8-ML04-H2-GPS-Sniper-Specialist-Refiner,Refiner,0.1469348301407052
4713,0.004365614523347553,HOG8-ML04-H2-GPS-Sniper-Specialist-Refiner,Refiner,0.22290699474382453
4722,0.004328018606214456,HOG8-ML04-H2-GPS-Sniper-Specialist-Exploiter,Exploiter,0.8611827025045917
4731,0.004324990313189857,HOG8-ML04-H2-GPS-Sniper-Specialist-Refiner,Refiner,0.06996950106107887
4741,0.004311836829797724,HOG8-ML04-H2-GPS-Sniper-Specialist-Refiner,Refiner,0.3041274647949821
4753,0.004291878332029603,HOG8-ML04-H2-GPS-Sniper-Specialist-Refiner,Refiner,0.46287692591226576
4762,0.0042894642977849605,HOG8-ML04-H2-GPS-Sniper-Specialist-Refiner,Refiner,0.05624656753727666
4772,0.004261380074706076,HOG8-ML04-H2-GPS-Sniper-Specialist-Exploiter,Exploiter,0.6547256517180259
4785,0.0042507235029677045,HOG8-ML04-H2-GPS-Sniper-Specialist-Refiner,Refiner,0.2500732521284542
4794,0.004223003712206391,HOG8-ML04-H2-GPS-Sniper-Specialist-Exploiter,Exploiter,0.652119356668578
4803,0.004207278978165846,HOG8-ML04-H2-GPS-Sniper-Specialist-Refiner,Refiner,0.37235899166021835
4816,0.004186121566471824,HOG8-ML04-H2-GPS-Sniper-Specialist-Exploiter,Exploiter,0.5028763674531805
4829,0.004162316067400302,HOG8-ML04-H2-GPS-Sniper-Specialist-Exploiter,Exploiter,0.5686767260222388
4846,0.004151926838651706,HOG8-ML04-H2-GPS-Sniper-Specialist-Refiner,Refiner,0.24960211046838868
4855,0.0041151543861753705,HOG8-ML01-H1-GPS-GradientEstimation-Escape-Specialist-Exploiter,Exploiter,0.8856719760571825
4863,0.004110259086797942,HOG8-ML01-H1-GPS-GradientEstimation-Escape-Specialist-Refiner,Refiner,0.11895785474960872
4870,0.004102204906216509,HOG8-ML04-H2-GPS-Sniper-Specialist-Refiner,Refiner,0.19595311174672317
4880,0.0040888266394385,HOG8-ML04-H2-GPS-Sniper-Specialist-Refiner,Refiner,0.3261238061934825
4889,0.004072060586313422,HOG8-ML04-H2-GPS-Sniper-Specialist-Refiner,Refiner,0.4100455852875236
4900,0.00405515434000112,HOG8-ML04-H2-GPS-Sniper-Specialist-Refiner,Refiner,0.4151766889010769
4912,0.004047742627485341,HOG8-ML04-H2-GPS-Sniper-Specialist-Refiner,Refiner,0.18277263685548253
4922,0.004026879144857786,HOG8-ML04-H2-GPS-Sniper-Specialist-Exploiter,Exploiter,0.5154350102668455
4928,0.004024813577548898,HOG8-ML04-H2-GPS-Sniper-Specialist-Refiner,Refiner,0.051294494683948644
4938,0.004011257432464748,HOG8-ML04-H2-GPS-Sniper-Specialist-Refiner,Refiner,0.3368142355653084
4953,0.00398003964030092,HOG8-ML04-H2-GPS-Sniper-Specialist-Exploiter,Exploiter,0.7782545171788097
4959,0.003977891305243542,HOG8-ML04-H2-GPS-Sniper-Specialist-Refiner,Refiner,0.053977730161895415
4968,0.003954778632370268,HOG8-ML04-H2-GPS-Sniper-Specialist-Exploiter,Exploiter,0.5810282659761872
4978,0.003948348523900533,HOG8-ML04-H2-GPS-Sniper-Specialist-Refiner,Refiner,0.162590856972469
4994,0.003895967310116635,HOG8-ML04-H2-GPS-Sniper-Specialist-Exploiter,Exploiter,1.3266613488353223
5002,0.003864578006088089,HOG8-ML04-H2-GPS-Sniper-Specialist-Exploiter,Exploiter,0.8056870484266531
5013,0.0038247404636128648,HOG8-ML04-H2-GPS-Sniper-Specialist-Exploiter,Exploiter,1.0308380995923931
5019,0.0038247403723769132,HOG8-ML04-H2-GPS-Sniper-Specialist-Polisher,Polisher,2.3854154912574654E-06
5024,0.0038183025340009576,HOG8-ML04-H2-GPS-Sniper-Specialist-Refiner,Refiner,0.16832092506072033
5035,0.0037826040073912466,HOG8-ML04-H2-GPS-Sniper-Specialist-Exploiter,Exploiter,0.9349318523565159
5039,0.003774105247214319,HOG8-ML04-H2-GPS-Sniper-Specialist-Refiner,Refiner,0.22468014522061602
5050,0.0037633998258123414,HOG8-ML04-H2-GPS-Sniper-Specialist-Refiner,Refiner,0.28365455388080224
5054,0.003752928297444589,HOG8-ML04-H2-GPS-Sniper-Specialist-Refiner,Refiner,0.278246501897847
5069,0.003729193775496539,HOG8-ML04-H2-GPS-Sniper-Specialist-Exploiter,Exploiter,0.6324267363224357
5081,0.003720658375641111,HOG8-ML04-H2-GPS-Sniper-Specialist-Refiner,Refiner,0.22888056693410683
5086,0.0037070233443398442,HOG8-ML04-H2-GPS-Sniper-Specialist-Refiner,Refiner,0.3664682409579556
5099,0.003695629473265594,HOG8-ML04-H2-GPS-Sniper-Specialist-Refiner,Refiner,0.3073590321908068
5109,0.0036870826669858697,HOG8-ML04-H2-GPS-Sniper-Specialist-Refiner,Refiner,0.2312679434329773
5115,0.003656947582931727,HOG8-ML04-H2-GPS-Sniper-Specialist-Exploiter,Exploiter,0.8173151181006104
5123,0.003638765818553689,HOG8-ML04-H2-GPS-Sniper-Specialist-Refiner,Refiner,0.4971841670057985
5139,0.00362559551058746,HOG8-ML04-H2-GPS-Sniper-Specialist-Refiner,Refiner,0.36194436858440177
5145,0.003589472487095506,HOG8-ML04-H2-GPS-Sniper-Specialist-Exploiter,Exploiter,0.9963335233196178
5155,0.003577079393404615,HOG8-ML04-H2-GPS-Sniper-Specialist-Refiner,Refiner,0.3452622560960038
5169,0.0035742044924300144,HOG8-ML04-H2-GPS-Sniper-Specialist-Refiner,Refiner,0.08037006335115539
5178,0.0035493388680295918,HOG8-ML04-H2-GPS-Sniper-Specialist-Exploiter,Exploiter,0.6956967474325206
5191,0.003547174548171554,HOG8-ML04-H2-GPS-Sniper-Specialist-Refiner,Refiner,0.06097811278412504
5199,0.003544842980631451,HOG8-ML04-H2-GPS-Sniper-Specialist-Refiner,Refiner,0.0657302737274322
5211,0.003542750570480086,HOG8-ML04-H2-GPS-Sniper-Specialist-Refiner,Refiner,0.05902687827917223
5218,0.0035368492512225166,HOG8-ML04-H2-GPS-Sniper-Specialist-Refiner,Refiner,0.1665745058865226
5230,0.003523739952799632,HOG8-ML04-H2-GPS-Sniper-Specialist-Refiner,Refiner,0.3706490577271153
5235,0.003516734464629071,HOG8-ML04-H2-GPS-Sniper-Specialist-Refiner,Refiner,0.19880831912681193
5252,0.0035107441699907677,HOG8-ML04-H2-GPS-Sniper-Specialist-Refiner,Refiner,0.17033684796373033
5260,0.003506040954390961,HOG8-ML04-H2-GPS-Sniper-Specialist-Refiner,Refiner,0.13396634366038235
5270,0.003494605264615175,HOG8-ML04-H2-GPS-Sniper-Specialist-Refiner,Refiner,0.32617102665227293
5280,0.003484645407641992,HOG8-ML04-H2-GPS-Sniper-Specialist-Refiner,Refiner,0.28500663791793535
5289,0.0034616383122689637,HOG8-ML04-H2-GPS-Sniper-Specialist-Exploiter,Exploiter,0.660242081520623
5300,0.003460158473292524,HOG8-ML04-H2-GPS-Sniper-Specialist-Polisher,Polisher,0.04274967061678777
5312,0.003454244246752936,HOG8-ML04-H2-GPS-Sniper-Specialist-Refiner,Refiner,0.17092357431711105
5319,0.003454130042919338,HOG8-ML04-H2-GPS-Sniper-Specialist-Polisher,Polisher,0.0033061887185781656
5329,0.0034486271230062633,HOG8-ML04-H2-GPS-Sniper-Specialist-Refiner,Refiner,0.15931420776571936
5339,0.0034305402157910865,HOG8-ML04-H2-GPS-Sniper-Specialist-Exploiter,Exploiter,0.5244668840686343
5349,0.003429547365661165,HOG8-ML04-H2-GPS-Sniper-Specialist-Polisher,Polisher,0.028941509717657538
5360,0.003420562104319321,HOG8-ML04-H2-GPS-Sniper-Specialist-Refiner,Refiner,0.2619955458790461
5368,0.003407022006720232,HOG8-ML04-H2-GPS-Sniper-Specialist-Refiner,Refiner,0.39584422636241584
5381,0.00339773508519039,HOG8-ML04-H2-GPS-Sniper-Specialist-Refiner,Refiner,0.2725817887740007
5394,0.0033943484067556237,HOG8-ML04-H2-GPS-Sniper-Specialist-Refiner,Refiner,0.09967458762538228
5401,0.0033934916995577036,HOG8-ML04-H2-GPS-Sniper-Specialist-Polisher,Polisher,0.025239224005849933
5403,0.0033934056007594473,HOG8-ML04-H2-GPS-Sniper-Specialist-Polisher,Polisher,0.0025371742700159355
5412,0.003377162924871596,HOG8-ML04-H2-GPS-Sniper-Specialist-Refiner,Refiner,0.47865412505408383
5422,0.003376802255815216,HOG8-ML04-H2-GPS-Sniper-Specialist-Polisher,Polisher,0.010679646330462023
5431,0.0033428701967966263,HOG8-ML04-H2-GPS-Sniper-Specialist-Exploiter,Exploiter,1.0048577455240457
5444,0.0033273933003502014,HOG8-ML04-H2-GPS-Sniper-Specialist-Refiner,Refiner,0.4629822737734747
5452,0.0033157425366223178,HOG8-ML04-H2-GPS-Sniper-Specialist-Refiner,Refiner,0.35014687703607006
5461,0.0032972477548387914,HOG8-ML04-H2-GPS-Sniper-Specialist-Exploiter,Exploiter,0.557787028976219
5474,0.003286787149660947,HOG8-ML04-H2-GPS-Sniper-Specialist-Refiner,Refiner,0.31725262872628157
5484,0.003278338688732043,HOG8-ML04-H2-GPS-Sniper-Specialist-Refiner,Refiner,0.2570431410435377
5500,0.0032674610612925354,HOG8-ML04-H2-GPS-Sniper-Specialist-Refiner,Refiner,0.3318030402683888
5506,0.00324773232823531,HOG8-ML04-H2-GPS-Sniper-Specialist-Exploiter,Exploiter,0.6037939760304603
5520,0.003242557435832108,HOG8-ML04-H2-GPS-Sniper-Specialist-Refiner,Refiner,0.15933863632210415
5532,0.003239568850451611,HOG8-ML04-H2-GPS-Sniper-Specialist-Refiner,Refiner,0.09216753872950152
5541,0.003233331405021092,HOG8-ML04-H2-GPS-Sniper-Specialist-Refiner,Refiner,0.1925393692327117
5550,0.0032304474827693688,HOG8-ML04-H2-GPS-Sniper-Specialist-Refiner,Refiner,0.08919352489648345
5561,0.003219607881362805,HOG8-ML04-H2-GPS-Sniper-Specialist-Refiner,Refiner,0.3355448885759721
5570,0.0032077744888757897,HOG8-ML04-H2-GPS-Sniper-Specialist-Refiner,Refiner,0.36754141880179503
5581,0.0031977290221119944,HOG8-ML04-H2-GPS-Sniper-Specialist-Refiner,Refiner,0.31316000543778627
5591,0.0031968086591024165,HOG8-ML04-H2-GPS-Sniper-Specialist-Polisher,Polisher,0.028781769912761317
5603,0.0031911304501174385,HOG8-ML04-H2-GPS-Sniper-Specialist-Refiner,Refiner,0.17762117131440514
5609,0.003180410849308025,HOG8-ML04-H2-GPS-Sniper-Specialist-Refiner,Refiner,0.3359186024193773
5620,0.0031776295949520407,HOG8-ML04-H2-GPS-Sniper-Specialist-Refiner,Refiner,0.08744953050921701
5631,0.0031657981318008515,HOG8-ML04-H2-GPS-Sniper-Specialist-Refiner,Refiner,0.37233613288296913
5640,0.0031580773931324515,HOG8-ML04-H2-GPS-Sniper-Specialist-Refiner,Refiner,0.24387968995382833
5652,0.0031557015128829847,HOG8-ML04-H2-GPS-Sniper-Specialist-Refiner,Refiner,0.0752318564020446
5670,0.0031495121429359466,HOG8-ML04-H2-GPS-Sniper-Specialist-Refiner,Refiner,0.1961329334149718
5682,0.0031425446271803985,HOG8-ML04-H2-GPS-Sniper-Specialist-Refiner,Refiner,0.22122523868262048
5692,0.0031425059872642793,HOG8-ML04-H2-GPS-Sniper-Specialist-Polisher,Polisher,0.0012295741414448172
5699,0.003124805720230764,HOG8-ML04-H2-GPS-Sniper-Specialist-Exploiter,Exploiter,0.5632532477344425
5701,0.0031232899320675603,HOG8-ML04-H2-GPS-Sniper-Specialist-Polisher,Polisher,0.048508236956623006
5710,0.0031105763129290103,HOG8-ML04-H2-GPS-Sniper-Specialist-Refiner,Refiner,0.407058563728467
5720,0.0030957140892272864,HOG8-ML04-H2-GPS-Sniper-Specialist-Refiner,Refiner,0.47779646620304705
5734,0.0030840696261366335,HOG8-ML04-H2-GPS-Sniper-Specialist-Refiner,Refiner,0.3761478855936434
5743,0.0030796084114575566,HOG8-ML04-H2-GPS-Sniper-Specialist-Refiner,Refiner,0.14465350072739447
5759,0.003069678148553665,HOG8-ML04-H2-GPS-Sniper-Specialist-Refiner,Refiner,0.32245212952874913
5763,0.0030621235729168857,HOG8-ML04-H2-GPS-Sniper-Specialist-Refiner,Refiner,0.24610318317374516
5775,0.0030594931228382725,HOG8-ML04-H2-GPS-Sniper-Specialist-Refiner,Refiner,0.08590280620541954
5782,0.0030550462738745104,HOG8-ML04-H2-GPS-Sniper-Specialist-Refiner,Refiner,0.14534593755310643
5799,0.0030400901946813375,HOG8-ML04-H2-GPS-Sniper-Specialist-Refiner,Refiner,0.48955327849109986
5805,0.0030389731590304376,HOG8-ML04-H2-GPS-Sniper-Specialist-Polisher,Polisher,0.03674350362545696
5815,0.0030307209423706414,HOG8-ML04-H2-GPS-Sniper-Specialist-Refiner,Refiner,0.2715462173555056
5823,0.0030154541333702422,HOG8-ML04-H2-GPS-Sniper-Specialist-Exploiter,Exploiter,0.5037352263932738
5840,0.003011588513494749,HOG8-ML04-H2-GPS-Sniper-Specialist-Refiner,Refiner,0.12819362207220772
5849,0.0029936114993418896,HOG8-ML04-H2-GPS-Sniper-Specialist-Exploiter,Exploiter,0.5969279691533309
5860,0.0029903883943479355,HOG8-ML04-H2-GPS-Sniper-Specialist-Refiner,Refiner,0.10766610813269341
5869,0.0029808983153761922,HOG8-ML04-H2-GPS-Sniper-Specialist-Refiner,Refiner,0.317352722130684
5881,0.0029773974045566006,HOG8-ML04-H2-GPS-Sniper-Specialist-Refiner,Refiner,0.11744482532440347
5899,0.0029659486477638265,HOG8-ML04-H2-GPS-Sniper-Specialist-Refiner,Refiner,0.38452229370701324
5910,0.0029606754170706097,HOG8-ML04-H2-GPS-Sniper-Specialist-Refiner,Refiner,0.17779238009371906
5919,0.002942568784670284,HOG8-ML04-H2-GPS-Sniper-Specialist-Exploiter,Exploiter,0.6115710049107957
5929,0.002936929035148934,HOG8-ML04-H2-GPS-Sniper-Specialist-Refiner,Refiner,0.19166075405716848
5938,0.0029289583506077995,HOG8-ML04-H2-GPS-Sniper-Specialist-Refiner,Refiner,0.27139520382488413
5953,0.0029128726722541546,HOG8-ML04-H2-GPS-Sniper-Specialist-Exploiter,Exploiter,0.5491945063099597
5959,0.0028909184580169526,HOG8-ML04-H2-GPS-Sniper-Specialist-Exploiter,Exploiter,0.7536963234377329
5970,0.0028800654927781597,HOG8-ML04-H2-GPS-Sniper-Specialist-Refiner,Refiner,0.3754158201417291
5989,0.0028746146399106485,HOG8-ML04-H2-GPS-Sniper-Specialist-Refiner,Refiner,0.1892614206579436
5993,0.002874122861788606,HOG8-ML04-H2-GPS-Sniper-Specialist-Polisher,Polisher,0.017107619060126023
6003,0.002871167800795828,HOG8-ML04-H2-GPS-Sniper-Specialist-Refiner,Refiner,0.10281609850662146
6014,0.0028548008708740584,HOG8-ML04-H2-GPS-Sniper-Specialist-Exploiter,Exploiter,0.570044353284858
6018,0.0028513410069420063,HOG8-ML04-H2-GPS-Sniper-Specialist-Refiner,Refiner,0.12119458023679304
6028,0.002832855052913889,HOG8-ML04-H2-GPS-Sniper-Specialist-Exploiter,Exploiter,0.6483249103881487
6034,0.002831833346879019,HOG8-ML04-H2-GPS-Sniper-Specialist-Polisher,Polisher,0.03606630116210431
6051,0.0028143634423313966,HOG8-ML04-H2-GPS-Sniper-Specialist-Exploiter,Exploiter,0.616911463623954
6060,0.0028099437483248614,HOG8-ML04-H2-GPS-Sniper-Specialist-Refiner,Refiner,0.15704062737803415
6069,0.0028089598628632338,HOG8-ML04-H2-GPS-Sniper-Specialist-Polisher,Polisher,0.03501441842791852
6081,0.0028075441437806705,HOG8-ML04-H2-GPS-Sniper-Specialist-Refiner,Refiner,0.05040011789702906
6090,0.0027924999161039843,HOG8-ML04-H2-GPS-Sniper-Specialist-Exploiter,Exploiter,0.5358500848512913
6101,0.002788374030497492,HOG8-ML04-H2-GPS-Sniper-Specialist-Refiner,Refiner,0.14774881756303718
6109,0.0027716083592060937,HOG8-ML04-H2-GPS-Sniper-Specialist-Exploiter,Exploiter,0.6012705292771219
6122,0.002771587517272955,HOG8-ML04-H2-GPS-Sniper-Specialist-Polisher,Polisher,0.0007519797329702557
6133,0.0027664774579685297,HOG8-ML04-H2-GPS-Sniper-Specialist-Refiner,Refiner,0.18437300906353715
6141,0.002763301768613843,HOG8-ML04-H2-GPS-Sniper-Specialist-Refiner,Refiner,0.11479180303962436
6154,0.002759052886274203,HOG8-ML04-H2-GPS-Sniper-Specialist-Refiner,Refiner,0.15376106901893632
6164,0.002749914987890195,HOG8-ML04-H2-GPS-Sniper-Specialist-Refiner,Refiner,0.33119692737560186
6179,0.0027470559181644654,HOG8-ML04-H2-GPS-Sniper-Specialist-Refiner,Refiner,0.10396938590174756
6189,0.0027410445974651505,HOG8-ML04-H2-GPS-Sniper-Specialist-Refiner,Refiner,0.21882775154178988
6199,0.002739887369645921,HOG8-ML04-H2-GPS-Sniper-Specialist-Polisher,Polisher,0.04221849656513056
6210,0.002734116476516465,HOG8-ML04-H2-GPS-Sniper-Specialist-Refiner,Refiner,0.2106251955240621
6218,0.0027240266264743664,HOG8-ML04-H2-GPS-Sniper-Specialist-Refiner,Refiner,0.36903512080634765
6229,0.0027182252847227405,HOG8-ML04-H2-GPS-Sniper-Specialist-Refiner,Refiner,0.21296934821574678
6241,0.0027151246176676906,HOG8-ML04-H2-GPS-Sniper-Specialist-Refiner,Refiner,0.11406953913925344
6250,0.002704274365304087,HOG8-ML04-H2-GPS-Sniper-Specialist-Refiner,Refiner,0.39962262847898883
6262,0.0027015468400957447,HOG8-ML04-H2-GPS-Sniper-Specialist-Refiner,Refiner,0.10085978121659651
6272,0.002694127269415133,HOG8-ML04-H2-GPS-Sniper-Specialist-Refiner,Refiner,0.27464157091381697
6282,0.0026862972903769363,HOG8-ML04-H2-GPS-Sniper-Specialist-Refiner,Refiner,0.29063137169079134
6294,0.0026747238981139603,HOG8-ML04-H2-GPS-Sniper-Specialist-Refiner,Refiner,0.4308306569207765
6306,0.0026739847499386597,HOG8-ML04-H2-GPS-Sniper-Specialist-Polisher,Polisher,0.02763455980715699
6314,0.002671809961595907,HOG8-ML04-H2-GPS-Sniper-Specialist-Refiner,Refiner,0.08133136671040095
6330,0.002670675459274505,HOG8-ML04-H2-GPS-Sniper-Specialist-Polisher,Polisher,0.04246193919885403
6345,0.002667007054384359,HOG8-ML04-H2-GPS-Sniper-Specialist-Refiner,Refiner,0.1373586924389066
6353,0.002665767888095358,HOG8-ML04-H2-GPS-Sniper-Specialist-Polisher,Polisher,0.0464628050744674
6364,0.002655468891624161,HOG8-ML04-H2-GPS-Sniper-Specialist-Refiner,Refiner,0.3863425813323679
6375,0.0026498125388484013,HOG8-ML04-H2-GPS-Sniper-Specialist-Refiner,Refiner,0.21300768363737532
6390,0.0026444834614670816,HOG8-ML04-H2-GPS-Sniper-Specialist-Refiner,Refiner,0.20111148631049058
6399,0.002642315620358206,HOG8-ML04-H2-GPS-Sniper-Specialist-Refiner,Refiner,0.08197597528830845
6410,0.0026326231481207164,HOG8-ML04-H2-GPS-Sniper-Specialist-Refiner,Refiner,0.36681735379422803
6420,0.002630569327138572,HOG8-ML04-H2-GPS-Sniper-Specialist-Refiner,Refiner,0.07801424156018986
6434,0.0026162502722181778,HOG8-ML04-H2-GPS-Sniper-Specialist-Exploiter,Exploiter,0.5443329233968501
6451,0.0026134855638887374,HOG8-ML04-H2-GPS-Sniper-Specialist-Refiner,Refiner,0.10567445931295959
6459,0.0026119010074755027,HOG8-ML01-H1-GPS-GradientEstimation-Escape-Specialist-Refiner,Refiner,0.06063000443273834
6459,0.0025992091571391445,HOG8-ML04-H2-GPS-Sniper-Specialist-Refiner,Refiner,0.48592386541576177
6473,0.0025964499288084093,HOG8-ML04-H2-GPS-Sniper-Specialist-Refiner,Refiner,0.10615645621117026
6479,0.0025914968685369355,HOG8-ML04-H1-GPS-Sniper-Specialist-Refiner,Refiner,0.19076278793278853
6479,0.0025906039423164587,HOG8-ML04-H2-GPS-Sniper-Specialist-Polisher,Polisher,0.034456002294183684
6481,0.002590453133889654,HOG8-ML04-H2-GPS-Sniper-Specialist-Polisher,Polisher,0.005821361742767714
6491,0.0025775819076999332,HOG8-ML04-H1-GPS-Sniper-Specialist-Refiner,Refiner,0.49687160988680956
6501,0.0025689634738554554,HOG8-ML04-H1-GPS-Sniper-Specialist-Refiner,Refiner,0.33436120181990264
6509,0.002540292566180047,HOG8-ML04-H1-GPS-Sniper-Specialist-Exploiter,Exploiter,1.1160496428693762
6531,0.002529684477783221,HOG8-ML04-H1-GPS-Sniper-Specialist-Refiner,Refiner,0.4175931756072414
6539,0.0025224480838629544,HOG8-ML00-H1-GPS-GradientEstimation-Escape-Specialist-Refiner,Refiner,0.286059150214963
6542,0.0025175224372565187,HOG8-ML04-H1-GPS-Sniper-Specialist-Refiner,Refiner,0.19527246716976832
6555,0.0025086331256998088,HOG8-ML04-H1-GPS-Sniper-Specialist-Refiner,Refiner,0.35309760998186207
6570,0.0024963525875438134,HOG8-ML04-H1-GPS-Sniper-Specialist-Refiner,Refiner,0.48953105299403277
6582,0.002492464552899274,HOG8-ML04-H1-GPS-Sniper-Specialist-Refiner,Refiner,0.1557486175606689
6599,0.0024915035990813244,HOG8-ML04-H1-GPS-Sniper-Specialist-Polisher,Polisher,0.03855436246151128
6603,0.002486209242073517,HOG8-ML04-H1-GPS-Sniper-Specialist-Refiner,Refiner,0.212496462367522
6620,0.002480059303706393,HOG8-ML04-H1-GPS-Sniper-Specialist-Refiner,Refiner,0.2473620587941715
6632,0.002479603741976642,HOG8-ML04-H1-GPS-Sniper-Specialist-Polisher,Polisher,0.018368985333146213
6635,0.0024757844373569015,HOG8-ML04-H1-GPS-Sniper-Specialist-Refiner,Refiner,0.1540288294893367
6651,0.0024693681627195076,HOG8-ML04-H1-GPS-Sniper-Specialist-Refiner,Refiner,0.2591612799797648
6663,0.0024674999606447254,HOG8-ML04-H1-GPS-Sniper-Specialist-Refiner,Refiner,0.07565506444064343
6674,0.0024670658479523846,HOG8-ML04-H1-GPS-Sniper-Specialist-Polisher,Polisher,0.01759321982835556
6683,0.0024661963416600747,HOG8-ML04-H1-GPS-Sniper-Specialist-Polisher,Polisher,0.03524455145903498
6695,0.002464416002976009,HOG8-ML04-H1-GPS-Sniper-Specialist-Refiner,Refiner,0.07218965716523082
6704,0.002464331476494278,HOG8-ML04-H1-GPS-Sniper-Specialist-Polisher,Polisher,0.003429878787874662
6715,0.0024614665412941777,HOG8-ML04-H1-GPS-Sniper-Specialist-Refiner,Refiner,0.11625608110868646
6723,0.0024589940666864016,HOG8-ML04-H1-GPS-Sniper-Specialist-Refiner,Refiner,0.1004472157674011
6734,0.0024475169171329896,HOG8-ML04-H2-GPS-Sniper-Specialist-Refiner,Refiner,0.4667416529751081
6740,0.002413571380903676,HOG8-ML04-H1-GPS-Sniper-Specialist-Exploiter,Exploiter,1.3869377568624643
6759,0.002412570004313274,HOG8-ML04-H1-GPS-Sniper-Specialist-Polisher,Polisher,0.041489412673894145
6764,0.0024038494281625644,HOG8-ML04-H1-GPS-Sniper-Specialist-Refiner,Refiner,0.3614641703709525
6780,0.002400189149698759,HOG8-ML04-H1-GPS-Sniper-Specialist-Refiner,Refiner,0.15226737668852922
6790,0.0023929321611042076,HOG8-ML04-H1-GPS-Sniper-Specialist-Refiner,Refiner,0.3023506957967153
6799,0.002370860375083067,HOG8-ML04-H1-GPS-Sniper-Specialist-Exploiter,Exploiter,0.9223740806323509
6809,0.0023669959115024154,HOG8-ML04-H1-GPS-Sniper-Specialist-Refiner,Refiner,0.16299836216698435
6819,0.002366978503360936,HOG8-ML04-H1-GPS-Sniper-Specialist-Polisher,Polisher,0.0007354529593796526
6829,0.0023669761381673367,HOG8-ML04-H1-GPS-Sniper-Specialist-Polisher,Polisher,9.992459144751634E-05
6844,0.0023597783076449155,HOG8-ML04-H1-GPS-Sniper-Specialist-Refiner,Refiner,0.3040939199325546
6860,0.0023550629221116685,HOG8-ML04-H1-GPS-Sniper-Specialist-Refiner,Refiner,0.19982324263133913
6882,0.0023460606392596136,HOG8-ML04-H2-GPS-Sniper-Specialist-Refiner,Refiner,0.3822523282725267
6898,0.0023394212793001034,HOG8-ML04-H2-GPS-Sniper-Specialist-Refiner,Refiner,0.2830003559330647
6910,0.002336315954231131,HOG8-ML04-H2-GPS-Sniper-Specialist-Refiner,Refiner,0.1327390280856733
6922,0.0023304927064879436,HOG8-ML04-H2-GPS-Sniper-Specialist-Refiner,Refiner,0.2492491536789493
6944,0.002325545921561272,HOG8-ML04-H2-GPS-Sniper-Specialist-Refiner,Refiner,0.21226348028894915
6953,0.002316560217761069,HOG8-ML04-H2-GPS-Sniper-Specialist-Refiner,Refiner,0.38639115731461504
6959,0.00230578162124772,HOG8-ML04-H2-GPS-Sniper-Specialist-Refiner,Refiner,0.4652845382869441
6971,0.0023055463304571177,HOG8-ML04-H2-GPS-Sniper-Specialist-Polisher,Polisher,0.010204383122592421
6979,0.0022910668709532345,HOG8-ML04-H2-GPS-Sniper-Specialist-Exploiter,Exploiter,0.6280272624585445
6990,0.002280290047785029,HOG8-ML04-H2-GPS-Sniper-Specialist-Refiner,Refiner,0.47038448789239
7003,0.002265930348831986,HOG8-ML04-H2-GPS-Sniper-Specialist-Exploiter,Exploiter,0.629731246996021
7010,0.002248867467798236,HOG8-ML04-H2-GPS-Sniper-Specialist-Exploiter,Exploiter,0.7530187784697636
7020,0.0022413491457071344,HOG8-ML04-H2-GPS-Sniper-Specialist-Refiner,Refiner,0.3343159256273216
7032,0.0022390368727413647,HOG8-ML04-H2-GPS-Sniper-Specialist-Refiner,Refiner,0.10316433609633999
7043,0.002238499259421044,HOG8-ML04-H2-GPS-Sniper-Specialist-Polisher,Polisher,0.02401091857244073
7054,0.0022384365403331475,HOG8-ML04-H2-GPS-Sniper-Specialist-Polisher,Polisher,0.0028018364371738195
7065,0.0022292218326499065,HOG8-ML04-H2-GPS-Sniper-Specialist-Refiner,Refiner,0.41165820505546175
7074,0.002228023516818589,HOG8-ML04-H2-GPS-Sniper-Specialist-Refiner,Refiner,0.05375489391707623
7173,0.0022207920511242117,HOG8-ML04-H2-GPS-Sniper-Specialist-Refiner,Refiner,0.3245686430053197
7195,0.0022177732713839176,HOG8-ML04-H2-GPS-Sniper-Specialist-Refiner,Refiner,0.13593257138892834
7205,0.0022147281151896035,HOG8-ML04-H2-GPS-Sniper-Specialist-Refiner,Refiner,0.13730692102777078
7215,0.00221251539237938,HOG8-ML04-H2-GPS-Sniper-Specialist-Refiner,Refiner,0.09990945593040747
7224,0.002207428840639297,HOG8-ML04-H2-GPS-Sniper-Specialist-Refiner,Refiner,0.22989904421016344
7234,0.002196060615390747,HOG8-ML04-H2-GPS-Sniper-Specialist-Exploiter,Exploiter,0.5149984923299887
7244,0.0021875631334490313,HOG8-ML04-H2-GPS-Sniper-Specialist-Refiner,Refiner,0.38694204896543083
7254,0.002185528470126316,HOG8-ML04-H2-GPS-Sniper-Specialist-Refiner,Refiner,0.09301049609057549
7268,0.002171455774959858,HOG8-ML04-H2-GPS-Sniper-Specialist-Exploiter,Exploiter,0.6439035390668886
7279,0.0021701669484264323,HOG8-ML04-H2-GPS-Sniper-Specialist-Refiner,Refiner,0.05935310994070903
7288,0.0021692325548212767,HOG8-ML00-H1-GPS-GradientEstimation-Escape-Specialist-Polisher,Polisher,0.04305630061471128
7288,0.002169173481799258,HOG8-ML04-H2-GPS-Sniper-Specialist-Polisher,Polisher,0.0027232221776973308
7299,0.002161999560898595,HOG8-ML04-H2-GPS-Sniper-Specialist-Refiner,Refiner,0.33072139968780007
7309,0.0021598658880204484,HOG8-ML04-H2-GPS-Sniper-Specialist-Refiner,Refiner,0.09868979239106283
7314,0.0021578289709518065,HOG8-ML04-H2-GPS-Sniper-Specialist-Refiner,Refiner,0.09430757159227039
7323,0.0021569679548381015,HOG8-ML04-H1-GPS-Sniper-Specialist-Polisher,Polisher,0.03990196281984309
7328,0.0021473768240949428,HOG8-ML04-H1-GPS-Sniper-Specialist-Refiner,Refiner,0.44465800809166783
7339,0.0021472562021918793,HOG8-ML04-H1-GPS-Sniper-Specialist-Polisher,Polisher,0.00561717448516883
7350,0.0021384902599174568,HOG8-ML04-H2-GPS-Sniper-Specialist-Refiner,Refiner,0.4082392341200099
7365,0.002131589936620355,HOG8-ML04-H1-GPS-Sniper-Specialist-Refiner,Refiner,0.322672654930301
7375,0.002105085679628582,HOG8-ML04-H1-GPS-Sniper-Specialist-Exploiter,Exploiter,1.2434031769635596
7400,0.0020985384183951116,HOG8-ML04-H1-GPS-Sniper-Specialist-Refiner,Refiner,0.3110211283478867
7415,0.002090110315481742,HOG8-ML04-H1-GPS-Sniper-Specialist-Refiner,Refiner,0.40161775641044384
7424,0.002089528441144352,HOG8-ML04-H2-GPS-Sniper-Specialist-Polisher,Polisher,0.027839407952763184
7430,0.002065586750562018,HOG8-ML04-H1-GPS-Sniper-Specialist-Exploiter,Exploiter,1.1457939557512045
7434,0.00206238238983322,HOG8-ML04-H1-GPS-Sniper-Specialist-Refiner,Refiner,0.15513077472663908
7451,0.0020604058805937593,HOG8-ML04-H1-GPS-Sniper-Specialist-Refiner,Refiner,0.09583621588335287
7454,0.002053625254127307,HOG8-ML04-H1-GPS-Sniper-Specialist-Refiner,Refiner,0.32909178382358906
7468,0.0020458431084791973,HOG8-ML04-H1-GPS-Sniper-Specialist-Refiner,Refiner,0.3789467251860879
7474,0.0020405790702706264,HOG8-ML04-H1-GPS-Sniper-Specialist-Refiner,Refiner,0.257304100532127
7490,0.0020356827449480117,HOG8-ML04-H1-GPS-Sniper-Specialist-Refiner,Refiner,0.23994783607994657
7498,0.002023445117617174,HOG8-ML04-H1-GPS-Sniper-Specialist-Exploiter,Exploiter,0.6011559198607064
7504,0.002022707340890085,HOG8-ML04-H1-GPS-Sniper-Specialist-Polisher,Polisher,0.036461415269690906
7518,0.0020061204207739523,HOG8-ML04-H1-GPS-Sniper-Specialist-Exploiter,Exploiter,0.8200355919425233
7529,0.002004165052448421,HOG8-ML04-H1-GPS-Sniper-Specialist-Refiner,Refiner,0.09747013715043217
7542,0.0019836480969101363,HOG8-ML04-H1-GPS-Sniper-Specialist-Exploiter,Exploiter,1.0237158617859266
7550,0.001971110900887742,HOG8-ML04-H1-GPS-Sniper-Specialist-Exploiter,Exploiter,0.6320272250871131
7565,0.0019580339532462533,HOG8-ML04-H1-GPS-Sniper-Specialist-Exploiter,Exploiter,0.6634303344169552
7575,0.0019519793859742668,HOG8-ML04-H1-GPS-Sniper-Specialist-Refiner,Refiner,0.3092166640904516
7587,0.0019368065726238996,HOG8-ML04-H1-GPS-Sniper-Specialist-Exploiter,Exploiter,0.7773039745906037
7599,0.0019344023104443642,HOG8-ML04-H1-GPS-Sniper-Specialist-Refiner,Refiner,0.1241353790057712
7606,0.0019313240741113751,HOG8-ML04-H1-GPS-Sniper-Specialist-Refiner,Refiner,0.15913113401327425
7620,0.0019294926563102107,HOG8-ML04-H1-GPS-Sniper-Specialist-Refiner,Refiner,0.09482705806414596
7638,0.0019233209433804702,HOG8-ML04-H1-GPS-Sniper-Specialist-Refiner,Refiner,0.31986195488003444
7659,0.0019202756187646237,HOG8-ML04-H1-GPS-Sniper-Specialist-Refiner,Refiner,0.15833678858058703
7674,0.0019045815136254716,HOG8-ML04-H1-GPS-Sniper-Specialist-Exploiter,Exploiter,0.8172839870376836
7696,0.001901742745966108,HOG8-ML04-H1-GPS-Sniper-Specialist-Refiner,Refiner,0.14904941789337572
7704,0.0019007000048510464,HOG8-ML04-H1-GPS-Sniper-Specialist-Refiner,Refiner,0.054830818588551135
7713,0.001899166988182801,HOG8-ML04-H1-GPS-Sniper-Specialist-Refiner,Refiner,0.08065537245923467
7723,0.0018967980054931824,HOG8-ML04-H1-GPS-Sniper-Specialist-Refiner,Refiner,0.12473798798943019
7734,0.001890880237513543,HOG8-ML04-H1-GPS-Sniper-Specialist-Refiner,Refiner,0.311987252332684
7744,0.0018883657256431525,HOG8-ML04-H1-GPS-Sniper-Specialist-Refiner,Refiner,0.13298102230404127
7753,0.0018858563542483251,HOG8-ML04-H1-GPS-Sniper-Specialist-Refiner,Refiner,0.13288587908323257
7763,0.0018843307000710973,HOG8-ML04-H1-GPS-Sniper-Specialist-Refiner,Refiner,0.08089980839690995
7774,0.00188156709205142,HOG8-ML04-H1-GPS-Sniper-Specialist-Refiner,Refiner,0.14666257995865034
7794,0.0018797065319539038,HOG8-ML04-H1-GPS-Sniper-Specialist-Refiner,Refiner,0.0988835373118597
7803,0.0018708211659365479,HOG8-ML04-H1-GPS-Sniper-Specialist-Refiner,Refiner,0.47269964041247403
7826,0.0018648379651071206,HOG8-ML04-H1-GPS-Sniper-Specialist-Refiner,Refiner,0.31981682366908953
7834,0.0018637293483095793,HOG8-ML04-H1-GPS-Sniper-Specialist-Refiner,Refiner,0.05944842491865653
7845,0.0018596305842654272,HOG8-ML04-H1-GPS-Sniper-Specialist-Refiner,Refiner,0.21992270754708507
7855,0.0018579757713881567,HOG8-ML04-H1-GPS-Sniper-Specialist-Refiner,Refiner,0.088986107847015
7869,0.00185362764322157,HOG8-ML04-H1-GPS-Sniper-Specialist-Refiner,Refiner,0.23402501978473184
7885,0.001849404322653052,HOG8-ML04-H1-GPS-Sniper-Specialist-Refiner,Refiner,0.2278408279010066
7899,0.0018449776941524912,HOG8-ML04-H1-GPS-Sniper-Specialist-Refiner,Refiner,0.2393542853955661
7920,0.0018417773922038685,HOG8-ML04-H1-GPS-Sniper-Specialist-Refiner,Refiner,0.1734601973110976
7930,0.0018399821825803154,HOG8-ML04-H1-GPS-Sniper-Specialist-Refiner,Refiner,0.09747158539094278
7950,0.0018365107262337313,HOG8-ML04-H1-GPS-Sniper-Specialist-Refiner,Refiner,0.18866793273595134
7959,0.0018352236057982562,HOG8-ML04-H1-GPS-Sniper-Specialist-Refiner,Refiner,0.07008510307558946
7969,0.0018308861414273602,HOG8-ML04-H1-GPS-Sniper-Specialist-Refiner,Refiner,0.2363452800624452
7979,0.001828902721215132,HOG8-ML04-H1-GPS-Sniper-Specialist-Refiner,Refiner,0.10833116092527242
7988,0.0018280806494309415,HOG8-ML04-H1-GPS-Sniper-Specialist-Polisher,Polisher,0.044948907049813705
8000,0.0018230531501221008,HOG8-ML04-H1-GPS-Sniper-Specialist-Refiner,Refiner,0.27501518110843165
8015,0.0018206177931755264,HOG8-ML04-H1-GPS-Sniper-Specialist-Refiner,Refiner,0.13358672216502582
8018,0.0018197727829970195,HOG8-ML04-H1-GPS-Sniper-Specialist-Polisher,Polisher,0.04641337581530547
8029,0.0018143366434669509,HOG8-ML04-H1-GPS-Sniper-Specialist-Refiner,Refiner,0.2987262795037389
8040,0.0018090908661642353,HOG8-ML04-H1-GPS-Sniper-Specialist-Refiner,Refiner,0.28912921544105363
8050,0.001803925100205497,HOG8-ML04-H1-GPS-Sniper-Specialist-Refiner,Refiner,0.285544858766062
8064,0.0017915586887528342,HOG8-ML04-H1-GPS-Sniper-Specialist-Exploiter,Exploiter,0.6855279884543978
8081,0.0017851319899268477,HOG8-ML04-H1-GPS-Sniper-Specialist-Refiner,Refiner,0.35872108830888605
8094,0.0017849043731826845,HOG8-ML04-H1-GPS-Sniper-Specialist-Polisher,Polisher,0.012750695491846637
8105,0.0017819767041224932,HOG8-ML04-H1-GPS-Sniper-Specialist-Refiner,Refiner,0.16402386055960017
8116,0.0017716781932419752,HOG8-ML04-H1-GPS-Sniper-Specialist-Exploiter,Exploiter,0.5779262353258036
8119,0.001770692690471703,HOG8-ML04-H1-GPS-Sniper-Specialist-Refiner,Refiner,0.0556253824216739
8134,0.0017693248394160688,HOG8-ML04-H1-GPS-Sniper-Specialist-Refiner,Refiner,0.0772494890273551
8145,0.0017664953928347895,HOG8-ML04-H1-GPS-Sniper-Specialist-Refiner,Refiner,0.15991673876082138
8158,0.0017615993530801864,HOG8-ML04-H1-GPS-Sniper-Specialist-Refiner,Refiner,0.27716119580398185
8173,0.0017575332310855805,HOG8-ML04-H1-GPS-Sniper-Specialist-Refiner,Refiner,0.23081990734704758
8183,0.0017506259216677929,HOG8-ML04-H1-GPS-Sniper-Specialist-Refiner,Refiner,0.3930115969142254
8194,0.0017496768231320672,HOG8-ML04-H1-GPS-Sniper-Specialist-Refiner,Refiner,0.05421481105577848
8213,0.0017493571146912415,HOG8-ML04-H1-GPS-Sniper-Specialist-Polisher,Polisher,0.018272428176385937
8223,0.001742735983225104,HOG8-ML04-H1-GPS-Sniper-Specialist-Refiner,Refiner,0.3784894125123292
8235,0.0017425260634510444,HOG8-ML04-H1-GPS-Sniper-Specialist-Polisher,Polisher,0.012045414571121816
8244,0.0017404296319232981,HOG8-ML04-H1-GPS-Sniper-Specialist-Refiner,Refiner,0.12030990937342745
8255,0.0017340782903577053,HOG8-ML04-H1-GPS-Sniper-Specialist-Refiner,Refiner,0.3649295236702049
8265,0.0017334481340856066,HOG8-ML04-H1-GPS-Sniper-Specialist-Polisher,Polisher,0.03633955142640839
8274,0.0017221123270343636,HOG8-ML04-H1-GPS-Sniper-Specialist-Exploiter,Exploiter,0.6539455567398703
8290,0.001718790014677549,HOG8-ML04-H1-GPS-Sniper-Specialist-Refiner,Refiner,0.19292076972329875
8300,0.0017148734526993127,HOG8-ML04-H1-GPS-Sniper-Specialist-Refiner,Refiner,0.22786739187399427
8315,0.0017140225821400876,HOG8-ML04-H1-GPS-Sniper-Specialist-Polisher,Polisher,0.04961710485900892
8319,0.0017131116319764755,HOG8-ML04-H1-GPS-Sniper-Specialist-Refiner,Refiner,0.053146917263755984
8335,0.0017093200245606537,HOG8-ML04-H1-GPS-Sniper-Specialist-Refiner,Refiner,0.2213286831429248
8343,0.001709214496779252,HOG8-ML04-H1-GPS-Sniper-Specialist-Polisher,Polisher,0.00617367022473451
8359,0.0017055484528272521,HOG8-ML04-H1-GPS-Sniper-Specialist-Refiner,Refiner,0.21448706168289228
8374,0.001698499214740316,HOG8-ML04-H1-GPS-Sniper-Specialist-Refiner,Refiner,0.413312097656957
8384,0.001682901849732842,HOG8-ML04-H1-GPS-Sniper-Specialist-Exploiter,Exploiter,0.91830275057612
8390,0.001681128817855063,HOG8-ML04-H1-GPS-Sniper-Specialist-Refiner,Refiner,0.1053556318843172
8404,0.0016712809250927388,HOG8-ML04-H1-GPS-Sniper-Specialist-Exploiter,Exploiter,0.5857904913490856
8423,0.0016698029313674603,HOG8-ML04-H1-GPS-Sniper-Specialist-Refiner,Refiner,0.08843478694022841
8436,0.0016596152247157607,HOG8-ML04-H1-GPS-Sniper-Specialist-Exploiter,Exploiter,0.6101143111155389
8444,0.0016583926642093898,HOG8-ML04-H1-GPS-Sniper-Specialist-Refiner,Refiner,0.07366529832722192
8460,0.001657341347995564,HOG8-ML04-H1-GPS-Sniper-Specialist-Refiner,Refiner,0.06339368453050376
8475,0.0016564809352762964,HOG8-ML04-H1-GPS-Sniper-Specialist-Refiner,Refiner,0.05191523884371217
8499,0.001655103225221955,HOG8-ML04-H1-GPS-Sniper-Specialist-Refiner,Refiner,0.08317089711096412
8520,0.0016550779937159789,HOG8-ML04-H1-GPS-Sniper-Specialist-Polisher,Polisher,0.0015244672109650107
8529,0.0016489467255801102,HOG8-ML04-H1-GPS-Sniper-Specialist-Refiner,Refiner,0.3704519158098874
8539,0.001648587365704353,HOG8-ML04-H1-GPS-Sniper-Specialist-Polisher,Polisher,0.02179329812069663
8549,0.0016474580805328726,HOG8-ML04-H1-GPS-Sniper-Specialist-Refiner,Refiner,0.06850017141785007
8559,0.0016409537402458125,HOG8-ML04-H1-GPS-Sniper-Specialist-Refiner,Refiner,0.3948106700812838
8570,0.001640460654832941,HOG8-ML04-H1-GPS-Sniper-Specialist-Polisher,Polisher,0.03004870891714706
8579,0.001636653220478455,HOG8-ML04-H1-GPS-Sniper-Specialist-Refiner,Refiner,0.23209543875794417
8588,0.001635637553085016,HOG8-ML04-H1-GPS-Sniper-Specialist-Refiner,Refiner,0.06205758072208073
8603,0.0016338672884376468,HOG8-ML04-H1-GPS-Sniper-Specialist-Refiner,Refiner,0.10823086349602926
8615,0.0016285540942941705,HOG8-ML04-H1-GPS-Sniper-Specialist-Refiner,Refiner,0.32519129191679647
8618,0.0016264464874546193,HOG8-ML04-H1-GPS-Sniper-Specialist-Refiner,Refiner,0.12941583254344466
8629,0.0016231505945774305,HOG8-ML04-H1-GPS-Sniper-Specialist-Refiner,Refiner,0.20264379446918385
8644,0.0016230578859483219,HOG8-ML04-H1-GPS-Sniper-Specialist-Polisher,Polisher,0.005711646807041987
8654,0.0016214688536819156,HOG8-ML04-H1-GPS-Sniper-Specialist-Refiner,Refiner,0.09790361022631527
8665,0.0016203564855129895,HOG8-ML04-H1-GPS-Sniper-Specialist-Refiner,Refiner,0.06860249991235891
8675,0.0016187830142366222,HOG8-ML04-H1-GPS-Sniper-Specialist-Refiner,Refiner,0.09710648801267434
8694,0.0016171792606086061,HOG8-ML04-H1-GPS-Sniper-Specialist-Refiner,Refiner,0.09907156264376671
8705,0.0016154329976657035,HOG8-ML04-H1-GPS-Sniper-Specialist-Refiner,Refiner,0.10798202681905911
8715,0.001607252008156555,HOG8-ML04-H1-GPS-Sniper-Specialist-Exploiter,Exploiter,0.5064270397453777
8724,0.001601677870017664,HOG8-ML04-H1-GPS-Sniper-Specialist-Refiner,Refiner,0.3468117078468855
8739,0.0015998172627460531,HOG8-ML04-H1-GPS-Sniper-Specialist-Refiner,Refiner,0.11616613467914816
8748,0.0015976774527807496,HOG8-ML04-H1-GPS-Sniper-Specialist-Refiner,Refiner,0.13375339891198673
8769,0.001594992009544629,HOG8-ML04-H1-GPS-Sniper-Specialist-Refiner,Refiner,0.16808419192789192
8780,0.0015917454245007651,HOG8-ML04-H1-GPS-Sniper-Specialist-Refiner,Refiner,0.20354867136862134
8799,0.001585518048592432,HOG8-ML04-H1-GPS-Sniper-Specialist-Refiner,Refiner,0.3912293896045847
8829,0.0015833328028276457,HOG8-ML04-H1-GPS-Sniper-Specialist-Refiner,Refiner,0.13782534779254932
8839,0.0015827812974957432,HOG8-ML04-H1-GPS-Sniper-Specialist-Polisher,Polisher,0.03483192736976047
8850,0.0015820618094726465,HOG8-ML04-H1-GPS-Sniper-Specialist-Polisher,Polisher,0.04545719767064863
8859,0.0015773489968257865,HOG8-ML04-H1-GPS-Sniper-Specialist-Refiner,Refiner,0.297890551345205
8870,0.0015660723721676415,HOG8-ML04-H1-GPS-Sniper-Specialist-Exploiter,Exploiter,0.7149099331116834
8880,0.0015651049886487274,HOG8-ML04-H1-GPS-Sniper-Specialist-Refiner,Refiner,0.06177131632652883
8900,0.001563901018095208,HOG8-ML04-H1-GPS-Sniper-Specialist-Refiner,Refiner,0.07692586518166702
8924,0.0015570350752173415,HOG8-ML04-H1-GPS-Sniper-Specialist-Refiner,Refiner,0.4390266902076089
8940,0.0015570318928852492,HOG8-ML04-H1-GPS-Sniper-Specialist-Polisher,Polisher,0.000204384097888377
8948,0.001548477003665596,HOG8-ML04-H1-GPS-Sniper-Specialist-Exploiter,Exploiter,0.54943570897579
8960,0.0015457955465087258,HOG8-ML04-H1-GPS-Sniper-Specialist-Refiner,Refiner,0.17316738643987
8969,0.0015434435657615292,HOG8-ML04-H1-GPS-Sniper-Specialist-Refiner,Refiner,0.15215341721670123
8979,0.001539301816931157,HOG8-ML04-H1-GPS-Sniper-Specialist-Refiner,Refiner,0.26834468860730865
8989,0.0015384539113864754,HOG8-ML04-H1-GPS-Sniper-Specialist-Refiner,Refiner,0.055083774692866454
9003,0.0015356459607488708,HOG8-ML04-H1-GPS-Sniper-Specialist-Refiner,Refiner,0.18251769629380382
9014,0.0015237938291743356,HOG8-ML04-H1-GPS-Sniper-Specialist-Exploiter,Exploiter,0.7718010451286218
9023,0.0015237937447567505,HOG8-ML04-H1-GPS-Sniper-Specialist-Polisher,Polisher,5.5399610828032316E-06
9033,0.0015124183284979126,HOG8-ML04-H1-GPS-Sniper-Specialist-Exploiter,Exploiter,0.7465194221973744
9054,0.0015110439410376529,HOG8-ML04-H1-GPS-Sniper-Specialist-Refiner,Refiner,0.09087349937267616
9064,0.0015048154173231555,HOG8-ML04-H1-GPS-Sniper-Specialist-Refiner,Refiner,0.41220003901542246
9091,0.0014957245544128463,HOG8-ML04-H1-GPS-Sniper-Specialist-Exploiter,Exploiter,0.604118140049395
9115,0.0014948516229029512,HOG8-ML04-H1-GPS-Sniper-Specialist-Refiner,Refiner,0.05836178240971553
9124,0.001492821362354873,HOG8-ML04-H1-GPS-Sniper-Specialist-Refiner,Refiner,0.13581686081562472
9139,0.0014925564183879097,HOG8-ML04-H1-GPS-Sniper-Specialist-Polisher,Polisher,0.01774786814045097
9149,0.001482483650508625,HOG8-ML04-H1-GPS-Sniper-Specialist-Exploiter,Exploiter,0.6748668094010287
9154,0.0014772119423363667,HOG8-ML04-H1-GPS-Sniper-Specialist-Refiner,Refiner,0.35559975116417847
9164,0.0014739351502557562,HOG8-ML04-H1-GPS-Sniper-Specialist-Refiner,Refiner,0.22182274504414715
9179,0.0014557798421945976,HOG8-ML04-H1-GPS-Sniper-Specialist-Exploiter,Exploiter,1.2317575883856402
9184,0.0014557016654080494,HOG8-ML04-H1-GPS-Sniper-Specialist-Polisher,Polisher,0.005370096788149378
9199,0.0014451548016913326,HOG8-ML04-H1-GPS-Sniper-Specialist-Exploiter,Exploiter,0.724520962456988
9219,0.0014188500238793815,HOG8-ML04-H1-GPS-Sniper-Specialist-Exploiter,Exploiter,1.8202048514917162
9228,0.0014157406373784573,HOG8-ML04-H1-GPS-Sniper-Specialist-Refiner,Refiner,0.219148355963839
9239,0.001414564929708905,HOG8-ML04-H1-GPS-Sniper-Specialist-Refiner,Refiner,0.08304541372276564
9251,0.0014100733703563699,HOG8-ML04-H1-GPS-Sniper-Specialist-Refiner,Refiner,0.3175223178662725
9260,0.001406623514854907,HOG8-ML04-H1-GPS-Sniper-Specialist-Refiner,Refiner,0.24465787199363648
9275,0.0014044565478053676,HOG8-ML04-H1-GPS-Sniper-Specialist-Refiner,Refiner,0.1540545161270809
9280,0.001403839338235076,HOG8-ML04-H1-GPS-Sniper-Specialist-Polisher,Polisher,0.04394650523406999
9290,0.001400732436710228,HOG8-ML04-H1-GPS-Sniper-Specialist-Refiner,Refiner,0.2213146077495019
9306,0.0013987328353182093,HOG8-ML04-H1-GPS-Sniper-Specialist-Refiner,Refiner,0.14275398638692588
9317,0.0013975383175075058,HOG8-ML04-H1-GPS-Sniper-Specialist-Refiner,Refiner,0.08539999780814378
9324,0.0013904664385781555,HOG8-ML04-H1-GPS-Sniper-Specialist-Exploiter,Exploiter,0.5060239737800473
9354,0.0013902481178006817,HOG8-ML04-H1-GPS-Sniper-Specialist-Polisher,Polisher,0.01570126192308686
9365,0.001387502071249121,HOG8-ML04-H1-GPS-Sniper-Specialist-Refiner,Refiner,0.19752204778416027
9374,0.0013847021398269255,HOG8-ML04-H1-GPS-Sniper-Specialist-Refiner,Refiner,0.20179655801702157
9383,0.001367568140752977,HOG8-ML04-H1-GPS-Sniper-Specialist-Exploiter,Exploiter,1.2373779588504183
9393,0.0013617387448455448,HOG8-ML04-H1-GPS-Sniper-Specialist-Refiner,Refiner,0.426259996392032
9413,0.001359192058629173,HOG8-ML04-H1-GPS-Sniper-Specialist-Refiner,Refiner,0.18701723998170686
9445,0.001348626234014425,HOG8-ML04-H1-GPS-Sniper-Specialist-Exploiter,Exploiter,0.7773606789171814
9455,0.001348525958890104,HOG8-ML04-H1-GPS-Sniper-Specialist-Polisher,Polisher,0.007435353235155807
9464,0.001346999752061842,HOG8-ML04-H1-GPS-Sniper-Specialist-Refiner,Refiner,0.1131759324468678
9484,0.0013430089195205822,HOG8-ML04-H1-GPS-Sniper-Specialist-Refiner,Refiner,0.2962756700698047
9495,0.0013426713905119675,HOG8-ML04-H1-GPS-Sniper-Specialist-Polisher,Polisher,0.025132298356973955
9505,0.0013420782292636285,HOG8-ML04-H1-GPS-Sniper-Specialist-Polisher,Polisher,0.04417769325619173
9514,0.001339286548014848,HOG8-ML04-H1-GPS-Sniper-Specialist-Refiner,Refiner,0.20801181241962716
9526,0.0013332681728624035,HOG8-ML04-H1-GPS-Sniper-Specialist-Refiner,Refiner,0.4493717316406403
9539,0.0013324223903004148,HOG8-ML04-H1-GPS-Sniper-Specialist-Refiner,Refiner,0.06343679232759954
9549,0.0013289725012326878,HOG8-ML04-H1-GPS-Sniper-Specialist-Refiner,Refiner,0.2589185751336067
9558,0.0013284421016672556,HOG8-ML04-H1-GPS-Sniper-Specialist-Polisher,Polisher,0.03991049964843564
9578,0.0013207266792073413,HOG8-ML04-H1-GPS-Sniper-Specialist-Exploiter,Exploiter,0.5807872582652267
9592,0.0013205881692102768,HOG8-ML04-H1-GPS-Sniper-Specialist-Polisher,Polisher,0.01048740812502391
9599,0.0013173463701278332,HOG8-ML04-H1-GPS-Sniper-Specialist-Refiner,Refiner,0.24548145727992166
9603,0.0013162849641189733,HOG8-ML04-H1-GPS-Sniper-Specialist-Refiner,Refiner,0.0805715211221859
9623,0.0013149233944630971,HOG8-ML04-H1-GPS-Sniper-Specialist-Refiner,Refiner,0.10344034103492782
9634,0.0013136157690141913,HOG8-ML04-H1-GPS-Sniper-Specialist-Refiner,Refiner,0.0994449908193918
9655,0.0013127469802516369,HOG8-ML04-H1-GPS-Sniper-Specialist-Refiner,Refiner,0.0661372056462443
9665,0.0013108242335547662,HOG8-ML04-H1-GPS-Sniper-Specialist-Refiner,Refiner,0.146467424857616
9675,0.0013079295421840767,HOG8-ML04-H1-GPS-Sniper-Specialist-Refiner,Refiner,0.2208298638818628
9701,0.0013072920138954974,HOG8-ML04-H1-GPS-Sniper-Specialist-Polisher,Polisher,0.04874332049375436
9729,0.0013041804556038765,HOG8-ML04-H1-GPS-Sniper-Specialist-Refiner,Refiner,0.23801555111998499
9744,0.0013023994751650073,HOG8-ML04-H1-GPS-Sniper-Specialist-Refiner,Refiner,0.13655935658417773
9774,0.0012981884689974564,HOG8-ML04-H1-GPS-Sniper-Specialist-Refiner,Refiner,0.3233267709216015
9779,0.001297348769478386,HOG8-ML04-H1-GPS-Sniper-Specialist-Refiner,Refiner,0.06468240468341499
9794,0.0012938910942255034,HOG8-ML04-H1-GPS-Sniper-Specialist-Refiner,Refiner,0.2665185595599542
9804,0.0012936888507228926,HOG8-ML04-H1-GPS-Sniper-Specialist-Polisher,Polisher,0.015630643375890672
9813,0.0012929394580855165,HOG8-ML04-H1-GPS-Sniper-Specialist-Refiner,Refiner,0.057926806508179905
9824,0.0012900816904229202,HOG8-ML04-H1-GPS-Sniper-Specialist-Refiner,Refiner,0.22102872990107358
9844,0.0012895913915458041,HOG8-ML04-H1-GPS-Sniper-Specialist-Polisher,Polisher,0.03800525817519163
9855,0.0012895320211376885,HOG8-ML04-H1-GPS-Sniper-Specialist-Polisher,Polisher,0.004603815480221627
9866,0.0012870791656134513,HOG8-ML04-H1-GPS-Sniper-Specialist-Refiner,Refiner,0.19021284342153472
9880,0.0012839158829619757,HOG8-ML04-H1-GPS-Sniper-Specialist-Refiner,Refiner,0.24577218993113917
9895,0.0012838578285568666,HOG8-ML04-H1-GPS-Sniper-Specialist-Polisher,Polisher,0.004521667336587676
9909,0.0012837927765308064,HOG8-ML04-H1-GPS-Sniper-Specialist-Polisher,Polisher,0.0050669182064558786
9931,0.0012815342451002495,HOG8-ML04-H1-GPS-Sniper-Specialist-Refiner,Refiner,0.17592647908957057
9936,0.0012806056888330967,HOG8-ML04-H1-GPS-Sniper-Specialist-Refiner,Refiner,0.07245660977871324
9948,0.0012805695223166067,HOG8-ML04-H1-GPS-Sniper-Specialist-Polisher,Polisher,0.0028241727180613584
9958,0.0012791917609377367,HOG8-ML04-H1-GPS-Sniper-Specialist-Refiner,Refiner,0.10758973682097048
9964,0.0012782508930907737,HOG8-ML04-H1-GPS-Sniper-Specialist-Refiner,Refiner,0.07355174381933531
9978,0.0012759077804985492,HOG8-ML04-H1-GPS-Sniper-Specialist-Refiner,Refiner,0.18330615725672975
9988,0.0012692810099128266,HOG8-ML04-H1-GPS-Sniper-Specialist-Exploiter,Exploiter,0.5193769241796845
10004,0.0012486074249954252,HOG8-ML04-H1-GPS-Sniper-Specialist-Exploiter,Exploiter,1.6287634303156533
10008,0.0012485871126265745,HOG8-ML04-H1-GPS-Sniper-Specialist-Polisher,Polisher,0.0016268018629468943
10023,0.0012465773710297317,HOG8-ML04-H1-GPS-Sniper-Specialist-Refiner,Refiner,0.16096126385727785
10038,0.0012381362713339839,HOG8-ML04-H1-GPS-Sniper-Specialist-Exploiter,Exploiter,0.6771420604863937
10060,0.0012364383088811894,HOG8-ML04-H1-GPS-Sniper-Specialist-Refiner,Refiner,0.13713857610883803
10000,0.0012364383088811894,Final,Final,0
