TimeMs,BestQuality,Source,Role,DeltaPct
8,150884.28875830892,HOG8-ML01-H1-GPS-GradientEstimation-Escape-Specialist-Global Explorer,Global Explorer,100
8,105329.15044788079,HOG8-ML00-H1-GPS-GradientEstimation-Escape-Specialist-Local Explorer,Local Explorer,30.192101964572167
8,85114.63088291712,HOG8-ML00-H2-GPS-GradientEstimation-Escape-Specialist-Local Explorer,Local Explorer,19.191761709847142
18,171.2407400357174,HOG8-ML06-H2-GPS-Spray-Specialist-Global Explorer,Global Explorer,99.7988116282014
19,111.51862686666126,HOG8-ML06-H1-GPS-Spray-Specialist-Local Explorer,Local Explorer,34.87611251656545
23,81.05542529857843,HOG8-ML06-H2-GPS-Spray-Specialist-Local Explorer,Local Explorer,27.316693564122314
32,39.51416266781823,HOG8-ML06-H2-GPS-Spray-Specialist-Global Explorer,Global Explorer,51.25044064322337
42,29.798282754699734,HOG8-ML06-H2-GPS-Spray-Specialist-Local Explorer,Local Explorer,24.58834822034952
53,22.204269822517624,HOG8-ML06-H2-GPS-Spray-Specialist-Local Explorer,Local Explorer,25.484733448219917
62,20.420630627314438,HOG8-ML06-H2-GPS-Spray-Specialist-Local Explorer,Local Explorer,8.03286579320152
72,19.94453720468653,HOG8-ML06-H2-GPS-Spray-Specialist-Exploiter,Exploiter,2.3314334964322327
85,19.534532328359866,HOG8-ML06-H2-GPS-Spray-Specialist-Exploiter,Exploiter,2.0557251949186433
98,19.270321963143964,HOG8-ML06-H2-GPS-Spray-Specialist-Exploiter,Exploiter,1.3525297702281134
103,19.207718468081584,HOG8-ML06-H2-GPS-Spray-Specialist-Refiner,Refiner,0.3248700005226375
112,19.118421608420444,HOG8-ML06-H2-GPS-Spray-Specialist-Refiner,Refiner,0.4649009189171981
123,19.038683057346255,HOG8-ML06-H2-GPS-Spray-Specialist-Refiner,Refiner,0.41707706162871705
134,18.932348854299423,HOG8-ML06-H2-GPS-Spray-Specialist-Exploiter,Exploiter,0.5585165881828219
143,18.904696264407804,HOG8-ML06-H2-GPS-Spray-Specialist-Refiner,Refiner,0.14606000610082803
152,18.855579909797328,HOG8-ML06-H2-GPS-Spray-Specialist-Refiner,Refiner,0.25981033455135705
162,18.81063699255793,HOG8-ML06-H2-GPS-Spray-Specialist-Refiner,Refiner,0.2383534076087683
173,18.710200526134695,HOG8-ML06-H2-GPS-Spray-Specialist-Exploiter,Exploiter,0.5339344247777043
185,18.67875801065316,HOG8-ML06-H2-GPS-Spray-Specialist-Refiner,Refiner,0.1680501255858662
194,18.613669403370544,HOG8-ML06-H2-GPS-Spray-Specialist-Refiner,Refiner,0.34846325031617376
204,18.56724863482968,HOG8-ML06-H2-GPS-Spray-Specialist-Refiner,Refiner,0.24939074362444938
214,18.50492586641368,HOG8-ML06-H2-GPS-Spray-Specialist-Refiner,Refiner,0.3356596857279846
226,18.472097682937672,HOG8-ML06-H2-GPS-Spray-Specialist-Refiner,Refiner,0.17740240470559887
235,18.38358027307538,HOG8-ML06-H2-GPS-Spray-Specialist-Refiner,Refiner,0.4791952239623172
250,18.341682949503685,HOG8-ML06-H2-GPS-Spray-Specialist-Refiner,Refiner,0.22790622364817076
259,18.313987645755773,HOG8-ML06-H2-GPS-Spray-Specialist-Refiner,Refiner,0.150996524278385
268,18.293463674030093,HOG8-ML06-H2-GPS-Spray-Specialist-Refiner,Refiner,0.11206719215209582
278,18.16192807126246,HOG8-ML06-H2-GPS-Spray-Specialist-Exploiter,Exploiter,0.7190306062944548
289,18.00868027079632,HOG8-ML06-H2-GPS-Spray-Specialist-Exploiter,Exploiter,0.8437859673534511
300,17.887131038597705,HOG8-ML06-H2-GPS-Spray-Specialist-Exploiter,Exploiter,0.6749480271229186
309,17.86532003554835,HOG8-ML06-H2-GPS-Spray-Specialist-Refiner,Refiner,0.12193684388116409
320,17.84464621788927,HOG8-ML06-H2-GPS-Spray-Specialist-Refiner,Refiner,0.1157203879804207
331,17.82187086922324,HOG8-ML06-H2-GPS-Spray-Specialist-Refiner,Refiner,0.12763127039861502
340,17.771107899299306,HOG8-ML06-H2-GPS-Spray-Specialist-Refiner,Refiner,0.2848352470760905
349,17.757387353177727,HOG8-ML06-H2-GPS-Spray-Specialist-Refiner,Refiner,0.07720703852189335
360,17.75374046041862,HOG8-ML06-H2-GPS-Spray-Specialist-Polisher,Polisher,0.02053732729130744
374,17.72435263282619,HOG8-ML06-H2-GPS-Spray-Specialist-Refiner,Refiner,0.1655303436363124
383,17.68571618656209,HOG8-ML06-H2-GPS-Spray-Specialist-Refiner,Refiner,0.21798509127235252
394,17.641905722339352,HOG8-ML06-H2-GPS-Spray-Specialist-Refiner,Refiner,0.2477166531487439
403,17.627721376464763,HOG8-ML06-H2-GPS-Spray-Specialist-Refiner,Refiner,0.08040143790491097
412,17.61312603722786,HOG8-ML06-H2-GPS-Spray-Specialist-Refiner,Refiner,0.08279765107013898
422,17.609243469324223,HOG8-ML06-H2-GPS-Spray-Specialist-Polisher,Polisher,0.02204360484011454
432,17.585686089614597,HOG8-ML06-H2-GPS-Spray-Specialist-Refiner,Refiner,0.13377848827329453
442,17.58329231044533,HOG8-ML06-H2-GPS-Spray-Specialist-Polisher,Polisher,0.013612088587667263
452,17.533935797199476,HOG8-ML06-H2-GPS-Spray-Specialist-Refiner,Refiner,0.28070120415693733
463,17.533687241208142,HOG8-ML06-H2-GPS-Spray-Specialist-Polisher,Polisher,0.0014175710131982286
473,17.424855080633748,HOG8-ML06-H2-GPS-Spray-Specialist-Exploiter,Exploiter,0.6207032159135016
482,17.38214507907577,HOG8-ML06-H2-GPS-Spray-Specialist-Refiner,Refiner,0.24510965147392688
495,17.30697583738147,HOG8-ML06-H2-GPS-Spray-Specialist-Refiner,Refiner,0.43245089344460635
504,17.251323439460414,HOG8-ML06-H2-GPS-Spray-Specialist-Refiner,Refiner,0.3215604993268122
514,17.177994862177783,HOG8-ML06-H2-GPS-Spray-Specialist-Refiner,Refiner,0.42506059051040673
525,17.165333268382426,HOG8-ML06-H2-GPS-Spray-Specialist-Refiner,Refiner,0.07370821738476266
540,17.145100924854134,HOG8-ML06-H2-GPS-Spray-Specialist-Refiner,Refiner,0.11786746701597048
545,17.129583872371526,HOG8-ML06-H2-GPS-Spray-Specialist-Refiner,Refiner,0.0905042936207715
555,17.09963533651861,HOG8-ML06-H2-GPS-Spray-Specialist-Refiner,Refiner,0.1748351628157242
570,17.06561566743273,HOG8-ML06-H2-GPS-Spray-Specialist-Refiner,Refiner,0.1989496759221835
579,17.04599922390525,HOG8-ML06-H2-GPS-Spray-Specialist-Refiner,Refiner,0.11494717746935747
586,17.037605026669866,HOG8-ML06-H2-GPS-Spray-Specialist-Polisher,Polisher,0.04924438353611277
598,17.019410496852977,HOG8-ML06-H2-GPS-Spray-Specialist-Refiner,Refiner,0.10679041912526757
608,17.003259294962355,HOG8-ML06-H2-GPS-Spray-Specialist-Refiner,Refiner,0.09489871516765361
618,17.001564223058637,HOG8-ML06-H2-GPS-Spray-Specialist-Polisher,Polisher,0.009969099890281169
633,16.998964696623233,HOG8-ML06-H2-GPS-Spray-Specialist-Polisher,Polisher,0.01528992509923342
643,16.99700675310678,HOG8-ML06-H2-GPS-Spray-Specialist-Polisher,Polisher,0.011518016252134214
652,16.996045013353005,HOG8-ML06-H2-GPS-Spray-Specialist-Polisher,Polisher,0.005658288943145113
660,16.994086359591467,HOG8-ML06-H2-GPS-Spray-Specialist-Polisher,Polisher,0.011524173771007628
668,16.973641130376073,HOG8-ML06-H2-GPS-Spray-Specialist-Refiner,Refiner,0.12030790466034398
680,16.971398016149834,HOG8-ML06-H2-GPS-Spray-Specialist-Polisher,Polisher,0.013215280145312168
693,16.971394691906983,HOG8-ML06-H2-GPS-Spray-Specialist-Polisher,Polisher,1.958732478964283E-05
703,16.967465510319748,HOG8-ML06-H2-GPS-Spray-Specialist-Polisher,Polisher,0.023151789576309822
713,16.965365231637573,HOG8-ML06-H2-GPS-Spray-Specialist-Polisher,Polisher,0.012378269936056478
732,16.96479032444983,HOG8-ML06-H2-GPS-Spray-Specialist-Polisher,Polisher,0.0033887109407570166
743,16.948066892694445,HOG8-ML06-H2-GPS-Spray-Specialist-Refiner,Refiner,0.0985772970696972
750,16.948001947741037,HOG8-ML06-H2-GPS-Spray-Specialist-Polisher,Polisher,0.00038319977032911807
763,16.946987347406406,HOG8-ML06-H2-GPS-Spray-Specialist-Polisher,Polisher,0.005986548371660083
773,16.94689803826481,HOG8-ML06-H2-GPS-Spray-Specialist-Polisher,Polisher,0.0005269912567111212
782,16.944690035750433,HOG8-ML06-H2-GPS-Spray-Specialist-Polisher,Polisher,0.013028947889993227
794,16.938105854587363,HOG8-ML06-H2-GPS-Spray-Specialist-Polisher,Polisher,0.038856899413202355
804,16.938060983046142,HOG8-ML06-H2-GPS-Spray-Specialist-Polisher,Polisher,0.0002649147526038552
815,16.930118808578378,HOG8-ML06-H2-GPS-Spray-Specialist-Polisher,Polisher,0.046889513951532916
823,16.92988092040597,HOG8-ML06-H2-GPS-Spray-Specialist-Polisher,Polisher,0.001405118151246881
833,16.924279106872614,HOG8-ML06-H2-GPS-Spray-Specialist-Polisher,Polisher,0.03308832211929296
843,16.863061500923873,HOG8-ML06-H2-GPS-Spray-Specialist-Refiner,Refiner,0.36171470325067956
856,16.853933177514616,HOG8-ML06-H2-GPS-Spray-Specialist-Refiner,Refiner,0.05413206497976103
864,16.852553509311257,HOG8-ML06-H2-GPS-Spray-Specialist-Polisher,Polisher,0.008186031051790275
874,16.847583630947014,HOG8-ML06-H2-GPS-Spray-Specialist-Polisher,Polisher,0.029490358013085385
894,16.8370801119071,HOG8-ML06-H2-GPS-Spray-Specialist-Refiner,Refiner,0.062344365043668686
914,16.833630354652094,HOG8-ML06-H2-GPS-Spray-Specialist-Polisher,Polisher,0.020489046984848224
924,16.82022877683287,HOG8-ML06-H2-GPS-Spray-Specialist-Refiner,Refiner,0.07961192884053055
938,16.81313680587008,HOG8-ML06-H2-GPS-Spray-Specialist-Polisher,Polisher,0.042163344249860416
948,16.804378477882942,HOG8-ML06-H2-GPS-Spray-Specialist-Refiner,Refiner,0.05209217106994757
959,16.803259251894033,HOG8-ML06-H2-GPS-Spray-Specialist-Polisher,Polisher,0.006660323619713964
968,16.79801839130293,HOG8-ML06-H2-GPS-Spray-Specialist-Polisher,Polisher,0.03118954788794319
978,16.79638969643511,HOG8-ML06-H2-GPS-Spray-Specialist-Polisher,Polisher,0.009695755950962809
989,16.790608278464262,HOG8-ML06-H2-GPS-Spray-Specialist-Polisher,Polisher,0.03442059916051498
1020,16.77760396206842,HOG8-ML06-H2-GPS-Spray-Specialist-Refiner,Refiner,0.07744994213534678
1032,16.775620895622545,HOG8-ML06-H2-GPS-Spray-Specialist-Polisher,Polisher,0.011819723783903639
1043,16.774375490694112,HOG8-ML06-H2-GPS-Spray-Specialist-Polisher,Polisher,0.007423897667822983
1053,16.771955168133637,HOG8-ML06-H2-GPS-Spray-Specialist-Polisher,Polisher,0.014428689531945933
1073,16.771954737612113,HOG8-ML06-H2-GPS-Spray-Specialist-Polisher,Polisher,2.566913158856982E-06
1085,16.768054746776272,HOG8-ML06-H2-GPS-Spray-Specialist-Polisher,Polisher,0.023253048895336095
1093,16.757095400024326,HOG8-ML06-H2-GPS-Spray-Specialist-Refiner,Refiner,0.06535848622543988
1108,16.756655767597238,HOG8-ML06-H2-GPS-Spray-Specialist-Polisher,Polisher,0.002623559850879145
1114,16.75511488707616,HOG8-ML06-H2-GPS-Spray-Specialist-Polisher,Polisher,0.009195632723186055
1128,16.754703928419218,HOG8-ML06-H2-GPS-Spray-Specialist-Polisher,Polisher,0.0024527355360584656
1148,16.754387669539724,HOG8-ML06-H2-GPS-Spray-Specialist-Polisher,Polisher,0.0018875826206464115
1159,16.752557247737272,HOG8-ML06-H2-GPS-Spray-Specialist-Polisher,Polisher,0.010925029541845412
1168,16.7523591955943,HOG8-ML06-H2-GPS-Spray-Specialist-Polisher,Polisher,0.0011822203622099993
1179,16.75017549309458,HOG8-ML06-H2-GPS-Spray-Specialist-Polisher,Polisher,0.013035193874614666
1209,16.748942970015708,HOG8-ML06-H2-GPS-Spray-Specialist-Polisher,Polisher,0.007358269645477326
1223,16.748882455503924,HOG8-ML06-H2-GPS-Spray-Specialist-Polisher,Polisher,0.0003613034678793032
1228,16.74700847181008,HOG8-ML06-H2-GPS-Spray-Specialist-Polisher,Polisher,0.011188708851608045
1243,16.729093558234293,HOG8-ML06-H2-GPS-Spray-Specialist-Refiner,Refiner,0.10697381329891018
1304,16.713689969345133,HOG8-ML06-H2-GPS-Spray-Specialist-Refiner,Refiner,0.0920766497930113
1319,16.711068731544003,HOG8-ML06-H2-GPS-Spray-Specialist-Polisher,Polisher,0.01568317831632091
1324,16.700910718614427,HOG8-ML06-H2-GPS-Spray-Specialist-Refiner,Refiner,0.06078613578078228
1336,16.700525015104734,HOG8-ML06-H2-GPS-Spray-Specialist-Polisher,Polisher,0.0023094759093760515
1345,16.69822506074257,HOG8-ML06-H2-GPS-Spray-Specialist-Polisher,Polisher,0.013771748852715336
1355,16.682622394743923,HOG8-ML06-H2-GPS-Spray-Specialist-Refiner,Refiner,0.09343906877460696
1399,16.672132185914947,HOG8-ML06-H2-GPS-Spray-Specialist-Refiner,Refiner,0.06288105419374174
1408,16.66795191234739,HOG8-ML06-H2-GPS-Spray-Specialist-Polisher,Polisher,0.025073419050069785
1418,16.66779758627205,HOG8-ML06-H2-GPS-Spray-Specialist-Polisher,Polisher,0.0009258850526504169
1439,16.65686699763267,HOG8-ML06-H2-GPS-Spray-Specialist-Refiner,Refiner,0.06557908195612681
1458,16.622536390519837,HOG8-ML06-H2-GPS-Spray-Specialist-Refiner,Refiner,0.20610482822316428
1470,16.62175041322184,HOG8-ML06-H2-GPS-Spray-Specialist-Polisher,Polisher,0.004728383680639338
1478,16.620629462403862,HOG8-ML06-H2-GPS-Spray-Specialist-Polisher,Polisher,0.006743879495903199
1481,15.805078458004202,HOG8-ML05-H2-GPS-JADE-Specialist-Exploiter,Exploiter,4.906859913124531
1492,15.32116461983645,HOG8-ML05-H2-GPS-JADE-Specialist-Exploiter,Exploiter,3.0617616954801123
1501,15.20972902732615,HOG8-ML05-H2-GPS-JADE-Specialist-Exploiter,Exploiter,0.7273310826908281
1522,14.964679060967471,HOG8-ML05-H2-GPS-JADE-Specialist-Exploiter,Exploiter,1.6111395930750367
1532,13.502480373769565,HOG8-ML05-H2-GPS-JADE-Specialist-Local Explorer,Local Explorer,9.770999306037739
1542,12.72840360967372,HOG8-ML05-H2-GPS-JADE-Specialist-Local Explorer,Local Explorer,5.7328486520120885
1553,12.613342997963592,HOG8-ML05-H2-GPS-JADE-Specialist-Exploiter,Exploiter,0.903967341377204
1569,11.8184450756315,HOG8-ML05-H2-GPS-JADE-Specialist-Local Explorer,Local Explorer,6.302040010015009
1578,11.809795078755068,HOG8-ML05-H2-GPS-JADE-Specialist-Refiner,Refiner,0.07319065089423364
1588,11.798688082277417,HOG8-ML05-H2-GPS-JADE-Specialist-Refiner,Refiner,0.0940490195095011
1598,11.473128404663024,HOG8-ML05-H2-GPS-JADE-Specialist-Exploiter,Exploiter,2.75928709483735
1607,11.332270840706512,HOG8-ML05-H2-GPS-JADE-Specialist-Exploiter,Exploiter,1.227717140333437
1617,11.30024533811209,HOG8-ML05-H2-GPS-JADE-Specialist-Refiner,Refiner,0.28260445805251705
1629,11.250154575463974,HOG8-ML05-H2-GPS-JADE-Specialist-Refiner,Refiner,0.44327146136532247
1641,11.060427782339781,HOG8-ML05-H2-GPS-JADE-Specialist-Exploiter,Exploiter,1.6864372116093147
1648,10.93144288921349,HOG8-ML03-H1-GPS-JADE-Specialist-Exploiter,Exploiter,1.1661835840765815
1661,10.656046447433827,HOG8-ML03-H1-GPS-JADE-Specialist-Exploiter,Exploiter,2.519305498557812
1671,10.654394257110459,HOG8-ML03-H1-GPS-JADE-Specialist-Polisher,Polisher,0.01550472148857419
1679,10.606507109592247,HOG8-ML03-H1-GPS-JADE-Specialist-Refiner,Refiner,0.44945912796735016
1692,10.202375612907165,HOG8-ML03-H1-GPS-JADE-Specialist-Exploiter,Exploiter,3.8102222768473517
1702,10.197174587883145,HOG8-ML03-H1-GPS-JADE-Specialist-Refiner,Refiner,0.05097856833892558
1710,10.157042753080285,HOG8-ML03-H1-GPS-JADE-Specialist-Refiner,Refiner,0.39355837695028983
1721,10.112179069994406,HOG8-ML03-H1-GPS-JADE-Specialist-Refiner,Refiner,0.44170024855190476
1732,10.106769074137116,HOG8-ML03-H1-GPS-JADE-Specialist-Refiner,Refiner,0.05349980276104008
1743,10.088574864086535,HOG8-ML03-H1-GPS-JADE-Specialist-Refiner,Refiner,0.18002004317224507
1774,9.844494725648017,HOG8-ML03-H1-GPS-JADE-Specialist-Exploiter,Exploiter,2.4193718312722057
1785,9.821295342890437,HOG8-ML03-H1-GPS-JADE-Specialist-Refiner,Refiner,0.23565844062203162
1793,9.760181169443513,HOG8-ML03-H1-GPS-JADE-Specialist-Exploiter,Exploiter,0.6222618434050491
1807,9.72682003364018,HOG8-ML03-H1-GPS-JADE-Specialist-Refiner,Refiner,0.341808571215635
1815,9.681317718945783,HOG8-ML03-H1-GPS-JADE-Specialist-Refiner,Refiner,0.46780257614542015
1838,9.649245829412113,HOG8-ML03-H1-GPS-JADE-Specialist-Refiner,Refiner,0.3312760769219171
1844,9.628007071349263,HOG8-ML03-H1-GPS-JADE-Specialist-Refiner,Refiner,0.22010795909159797
1858,9.619066763873622,HOG8-ML03-H1-GPS-JADE-Specialist-Refiner,Refiner,0.09285730067902373
1867,9.614012252028164,HOG8-ML03-H1-GPS-JADE-Specialist-Refiner,Refiner,0.05254680073997579
1877,9.607453068267485,HOG8-ML03-H1-GPS-JADE-Specialist-Refiner,Refiner,0.06822524861350325
1888,9.60705290943494,HOG8-ML03-H1-GPS-JADE-Specialist-Polisher,Polisher,0.004165087559655841
1919,9.589171461586451,HOG8-ML03-H1-GPS-JADE-Specialist-Refiner,Refiner,0.18612833734814777
1959,9.576913146480612,HOG8-ML03-H1-GPS-JADE-Specialist-Refiner,Refiner,0.12783497672291347
1979,9.570275980540051,HOG8-ML03-H1-GPS-JADE-Specialist-Refiner,Refiner,0.0693038126068782
2002,9.5597277748484,HOG8-ML03-H1-GPS-JADE-Specialist-Refiner,Refiner,0.11021840658619042
2018,9.556373239840186,HOG8-ML03-H1-GPS-JADE-Specialist-Polisher,Polisher,0.035090277539485536
2028,9.545849100815873,HOG8-ML03-H1-GPS-JADE-Specialist-Refiner,Refiner,0.1101269148889821
2039,9.534764055783855,HOG8-ML03-H1-GPS-JADE-Specialist-Refiner,Refiner,0.11612424327000039
2048,9.533048526930175,HOG8-ML03-H1-GPS-JADE-Specialist-Polisher,Polisher,0.017992357688591348
2067,9.532651584047928,HOG8-ML03-H1-GPS-JADE-Specialist-Polisher,Polisher,0.004163860921570848
2078,9.532384317764526,HOG8-ML03-H1-GPS-JADE-Specialist-Polisher,Polisher,0.002803692981382172
2088,9.494273430395388,HOG8-ML03-H1-GPS-JADE-Specialist-Refiner,Refiner,0.39980435218200827
2122,9.494268262737313,HOG8-ML03-H1-GPS-JADE-Specialist-Polisher,Polisher,5.442921055057968E-05
2130,9.490837298925609,HOG8-ML03-H1-GPS-JADE-Specialist-Polisher,Polisher,0.03613721159712479
2141,9.46860387756475,HOG8-ML03-H1-GPS-JADE-Specialist-Refiner,Refiner,0.23426195877760894
2171,9.463422262115802,HOG8-ML03-H1-GPS-JADE-Specialist-Refiner,Refiner,0.05472417598147439
2192,9.461228129510122,HOG8-ML03-H1-GPS-JADE-Specialist-Polisher,Polisher,0.023185403175593988
2204,9.460908819692515,HOG8-ML03-H1-GPS-JADE-Specialist-Polisher,Polisher,0.0033749299058899035
2213,9.46077503218277,HOG8-ML03-H1-GPS-JADE-Specialist-Polisher,Polisher,0.0014141084360309198
2233,9.42236813033556,HOG8-ML03-H1-GPS-JADE-Specialist-Refiner,Refiner,0.40595936079825845
2265,9.419335138821129,HOG8-ML03-H1-GPS-JADE-Specialist-Polisher,Polisher,0.03218926996352339
2288,9.410864771362146,HOG8-ML03-H1-GPS-JADE-Specialist-Refiner,Refiner,0.0899253220545598
2339,9.407785540255071,HOG8-ML03-H1-GPS-JADE-Specialist-Polisher,Polisher,0.032719959131117415
2378,9.406306602122328,HOG8-ML03-H1-GPS-JADE-Specialist-Polisher,Polisher,0.01572036401569036
2422,9.370609010643133,HOG8-ML03-H1-GPS-JADE-Specialist-Refiner,Refiner,0.37950699450027375
2428,9.362359271607115,HOG8-ML03-H1-GPS-JADE-Specialist-Refiner,Refiner,0.08803845114706414
2438,9.358241970688075,HOG8-ML03-H1-GPS-JADE-Specialist-Polisher,Polisher,0.04397717284281349
2460,9.35030118274536,HOG8-ML03-H1-GPS-JADE-Specialist-Refiner,Refiner,0.08485341549820256
2472,9.350267030368453,HOG8-ML03-H1-GPS-JADE-Specialist-Polisher,Polisher,0.0003652542975833005
2492,9.344388627485554,HOG8-ML03-H1-GPS-JADE-Specialist-Refiner,Refiner,0.06286882357270916
2626,9.339608286032545,HOG8-ML03-H1-GPS-JADE-Specialist-Refiner,Refiner,0.051157348474863716
2700,9.338819121253383,HOG8-ML03-H1-GPS-JADE-Specialist-Polisher,Polisher,0.008449656077570443
2722,9.33839668192169,HOG8-ML03-H1-GPS-JADE-Specialist-Polisher,Polisher,0.004523476964360276
2771,9.325927794292074,HOG8-ML03-H1-GPS-JADE-Specialist-Refiner,Refiner,0.13352278827215425
2802,9.32111034057898,HOG8-ML03-H1-GPS-JADE-Specialist-Refiner,Refiner,0.0516565624284936
2887,9.308575248873034,HOG8-ML03-H1-GPS-JADE-Specialist-Refiner,Refiner,0.1344806707348459
2907,9.30108963952555,HOG8-ML03-H1-GPS-JADE-Specialist-Refiner,Refiner,0.08041627367614405
2927,9.300871590002796,HOG8-ML03-H1-GPS-JADE-Specialist-Polisher,Polisher,0.0023443438479246177
2957,9.288292286105367,HOG8-ML03-H1-GPS-JADE-Specialist-Refiner,Refiner,0.13524865681351583
3010,9.043977478483097,HOG8-ML02-H2-GPS-GradientEstimation-Escape-Specialist-Exploiter,Exploiter,2.6303522767877183
3023,8.900760744059854,HOG8-ML02-H1-GPS-GradientEstimation-Escape-Specialist-Exploiter,Exploiter,1.5835591670144669
3023,8.84958311213199,HOG8-ML01-H1-GPS-GradientEstimation-Escape-Specialist-Exploiter,Exploiter,0.5749804247015461
3030,8.779093428485604,HOG8-ML00-H2-GPS-GradientEstimation-Escape-Specialist-Exploiter,Exploiter,0.7965311218982835
3030,8.632705079621257,HOG8-ML02-H2-GPS-GradientEstimation-Escape-Specialist-Exploiter,Exploiter,1.667465439989049
3033,8.584770869042606,HOG8-ML01-H1-GPS-GradientEstimation-Escape-Specialist-Exploiter,Exploiter,0.555262923226773
3039,8.486602506124402,HOG8-ML00-H1-GPS-GradientEstimation-Escape-Specialist-Exploiter,Exploiter,1.1435175663477115
3042,8.322771479538352,HOG8-ML02-H2-GPS-GradientEstimation-Escape-Specialist-Exploiter,Exploiter,1.930466596825069
3045,8.29019818094368,HOG8-ML01-H1-GPS-GradientEstimation-Escape-Specialist-Refiner,Refiner,0.39137562138710336
3049,8.239184817365913,HOG8-ML00-H2-GPS-GradientEstimation-Escape-Specialist-Exploiter,Exploiter,0.6153455256959783
3056,8.15064680355138,HOG8-ML00-H2-GPS-GradientEstimation-Escape-Specialist-Exploiter,Exploiter,1.0745967686987645
3056,8.062109863250264,HOG8-ML02-H2-GPS-GradientEstimation-Escape-Specialist-Exploiter,Exploiter,1.0862566178495106
3056,7.970383296807655,HOG8-ML01-H1-GPS-GradientEstimation-Escape-Specialist-Exploiter,Exploiter,1.1377489019435039
3065,7.885149454108303,HOG8-ML00-H2-GPS-GradientEstimation-Escape-Specialist-Exploiter,Exploiter,1.0693819798288762
3067,7.799305867013489,HOG8-ML02-H1-GPS-GradientEstimation-Escape-Specialist-Exploiter,Exploiter,1.0886741918390421
3067,7.721031034049442,HOG8-ML01-H1-GPS-GradientEstimation-Escape-Specialist-Exploiter,Exploiter,1.003612812456855
3076,7.552571494283166,HOG8-ML02-H1-GPS-GradientEstimation-Escape-Specialist-Exploiter,Exploiter,2.1818269998317135
3081,7.507201894412445,HOG8-ML01-H1-GPS-GradientEstimation-Escape-Specialist-Exploiter,Exploiter,0.6007172511384116
3087,7.476620981333895,HOG8-ML00-H1-GPS-GradientEstimation-Escape-Specialist-Refiner,Refiner,0.4073543446501859
3087,7.3440574912365575,HOG8-ML01-H1-GPS-GradientEstimation-Escape-Specialist-Exploiter,Exploiter,1.7730401263925868
3090,7.3079002771539505,HOG8-ML02-H1-GPS-GradientEstimation-Escape-Specialist-Refiner,Refiner,0.49233293892037594
3097,7.218199087490935,HOG8-ML01-H1-GPS-GradientEstimation-Escape-Specialist-Exploiter,Exploiter,1.2274550316927662
3103,7.102959348701552,HOG8-ML02-H1-GPS-GradientEstimation-Escape-Specialist-Exploiter,Exploiter,1.5965164910606542
3108,7.059455534339328,HOG8-ML01-H1-GPS-GradientEstimation-Escape-Specialist-Exploiter,Exploiter,0.6124744944538763
3118,6.955504759827413,HOG8-ML02-H1-GPS-GradientEstimation-Escape-Specialist-Exploiter,Exploiter,1.472504133020843
3123,6.820119643448301,HOG8-ML01-H1-GPS-GradientEstimation-Escape-Specialist-Exploiter,Exploiter,1.9464456003401729
3128,6.744793453797362,HOG8-ML02-H1-GPS-GradientEstimation-Escape-Specialist-Exploiter,Exploiter,1.1044702085732545
3135,6.659818102751033,HOG8-ML02-H2-GPS-GradientEstimation-Escape-Specialist-Exploiter,Exploiter,1.2598658747435365
3139,6.5383453613511495,HOG8-ML02-H1-GPS-GradientEstimation-Escape-Specialist-Exploiter,Exploiter,1.8239648519785494
3149,6.356942383498889,HOG8-ML02-H1-GPS-GradientEstimation-Escape-Specialist-Exploiter,Exploiter,2.774447781919765
3156,6.34114621100894,HOG8-ML00-H1-GPS-GradientEstimation-Escape-Specialist-Refiner,Refiner,0.2484869539002206
3158,6.112459405245231,HOG8-ML02-H1-GPS-GradientEstimation-Escape-Specialist-Exploiter,Exploiter,3.6063954079261538
3167,6.042453267340662,HOG8-ML02-H2-GPS-GradientEstimation-Escape-Specialist-Exploiter,Exploiter,1.1453022959055588
3171,5.885564881810476,HOG8-ML02-H1-GPS-GradientEstimation-Escape-Specialist-Exploiter,Exploiter,2.5964352323279765
3180,5.884978281301684,HOG8-ML00-H1-GPS-GradientEstimation-Escape-Specialist-Polisher,Polisher,0.009966766496861542
3180,5.8031040413347466,HOG8-ML02-H2-GPS-GradientEstimation-Escape-Specialist-Exploiter,Exploiter,1.391241157627999
3182,5.687313419293997,HOG8-ML02-H1-GPS-GradientEstimation-Escape-Specialist-Exploiter,Exploiter,1.9953221795781677
3190,5.5786563207042015,HOG8-ML02-H2-GPS-GradientEstimation-Escape-Specialist-Exploiter,Exploiter,1.9105171559770342
3193,5.459144775366004,HOG8-ML02-H1-GPS-GradientEstimation-Escape-Specialist-Exploiter,Exploiter,2.1422998383078697
3203,5.341351826753375,HOG8-ML02-H2-GPS-GradientEstimation-Escape-Specialist-Exploiter,Exploiter,2.157717984402267
3208,5.242584546142906,HOG8-ML02-H1-GPS-GradientEstimation-Escape-Specialist-Exploiter,Exploiter,1.8491064399796757
3215,5.227093425279675,HOG8-ML00-H1-GPS-GradientEstimation-Escape-Specialist-Refiner,Refiner,0.2954863336372616
3218,5.008980726575529,HOG8-ML02-H1-GPS-GradientEstimation-Escape-Specialist-Exploiter,Exploiter,4.172733887810235
3224,4.827735985512609,HOG8-ML02-H1-GPS-GradientEstimation-Escape-Specialist-Exploiter,Exploiter,3.6183956568511455
3235,4.742304902175464,HOG8-ML00-H1-GPS-GradientEstimation-Escape-Specialist-Exploiter,Exploiter,1.7695889666193898
3236,4.672220416666169,HOG8-ML02-H2-GPS-GradientEstimation-Escape-Specialist-Exploiter,Exploiter,1.477857011622014
3240,4.567787017239064,HOG8-ML02-H1-GPS-GradientEstimation-Escape-Specialist-Exploiter,Exploiter,2.235198473397851
3247,4.4448742010281155,HOG8-ML01-H1-GPS-GradientEstimation-Escape-Specialist-Exploiter,Exploiter,2.690861367814866
3251,4.3407511613769465,HOG8-ML02-H1-GPS-GradientEstimation-Escape-Specialist-Exploiter,Exploiter,2.342541879522371
3257,4.225475595068984,HOG8-ML02-H2-GPS-GradientEstimation-Escape-Specialist-Exploiter,Exploiter,2.6556594013879327
3261,4.1194810351167215,HOG8-ML02-H1-GPS-GradientEstimation-Escape-Specialist-Exploiter,Exploiter,2.508464611083189
3269,4.072879174484929,HOG8-ML00-H1-GPS-GradientEstimation-Escape-Specialist-Exploiter,Exploiter,1.1312556177472965
3269,3.902074769810209,HOG8-ML02-H1-GPS-GradientEstimation-Escape-Specialist-Exploiter,Exploiter,4.1937017367160285
3282,3.820419678497073,HOG8-ML01-H1-GPS-GradientEstimation-Escape-Specialist-Exploiter,Exploiter,2.092607039334302
3282,3.713105870189586,HOG8-ML02-H1-GPS-GradientEstimation-Escape-Specialist-Exploiter,Exploiter,2.8089533961803816
3287,3.7098061182442814,HOG8-ML00-H2-GPS-GradientEstimation-Escape-Specialist-Refiner,Refiner,0.08886770430642009
3290,3.667023896395044,HOG8-ML00-H1-GPS-GradientEstimation-Escape-Specialist-Exploiter,Exploiter,1.1532198849649
3291,3.5621179423146865,HOG8-ML01-H1-GPS-GradientEstimation-Escape-Specialist-Exploiter,Exploiter,2.8607927584951858
3291,3.456313894321383,HOG8-ML02-H1-GPS-GradientEstimation-Escape-Specialist-Exploiter,Exploiter,2.970256732278534
3300,3.454071198671546,HOG8-ML00-H2-GPS-GradientEstimation-Escape-Specialist-Refiner,Refiner,0.06488692052887271
3300,3.3753142143311456,HOG8-ML01-H1-GPS-GradientEstimation-Escape-Specialist-Exploiter,Exploiter,2.28012046684767
3302,3.342078071899767,HOG8-ML02-H2-GPS-GradientEstimation-Escape-Specialist-Exploiter,Exploiter,0.984682916045635
3308,3.2279657778008173,HOG8-ML02-H1-GPS-GradientEstimation-Escape-Specialist-Exploiter,Exploiter,3.414411382499026
3311,3.195751467470743,HOG8-ML01-H1-GPS-GradientEstimation-Escape-Specialist-Exploiter,Exploiter,0.9979755842399783
3316,3.014385847968765,HOG8-ML02-H1-GPS-GradientEstimation-Escape-Specialist-Local Explorer,Local Explorer,5.675210395679449
3322,2.973524645846492,HOG8-ML01-H1-GPS-GradientEstimation-Escape-Specialist-Exploiter,Exploiter,1.3555398738952724
3327,2.940862614461016,HOG8-ML02-H2-GPS-GradientEstimation-Escape-Specialist-Exploiter,Exploiter,1.0984281375000369
3331,2.9118904671279555,HOG8-ML00-H2-GPS-GradientEstimation-Escape-Specialist-Exploiter,Exploiter,0.9851581366159896
3331,2.761911360902415,HOG8-ML02-H1-GPS-GradientEstimation-Escape-Specialist-Local Explorer,Local Explorer,5.150575130439822
3336,2.7302099733246883,HOG8-ML02-H2-GPS-GradientEstimation-Escape-Specialist-Exploiter,Exploiter,1.1478061181285995
3341,2.54974246771559,HOG8-ML02-H1-GPS-GradientEstimation-Escape-Specialist-Local Explorer,Local Explorer,6.610022942277061
3351,2.364577613742902,HOG8-ML02-H1-GPS-GradientEstimation-Escape-Specialist-Local Explorer,Local Explorer,7.2621002441310925
3361,2.1551100036389315,HOG8-ML02-H1-GPS-GradientEstimation-Escape-Specialist-Local Explorer,Local Explorer,8.85856352891725
3371,1.9780620661843185,HOG8-ML02-H1-GPS-GradientEstimation-Escape-Specialist-Local Explorer,Local Explorer,8.215262198016122
3388,1.9041644889192275,HOG8-ML02-H1-GPS-GradientEstimation-Escape-Specialist-Exploiter,Exploiter,3.7358573589978072
3397,1.8132040739045627,HOG8-ML02-H1-GPS-GradientEstimation-Escape-Specialist-Exploiter,Exploiter,4.776920037317386
3404,1.6112921504741378,HOG8-ML02-H1-GPS-GradientEstimation-Escape-Specialist-Local Explorer,Local Explorer,11.13564249806845
3417,1.5772236623326332,HOG8-ML01-H1-GPS-GradientEstimation-Escape-Specialist-Exploiter,Exploiter,2.114358226810673
3417,1.4624318889727048,HOG8-ML02-H1-GPS-GradientEstimation-Escape-Specialist-Local Explorer,Local Explorer,7.2780909963116605
3427,1.3963147048836175,HOG8-ML01-H1-GPS-GradientEstimation-Escape-Specialist-Exploiter,Exploiter,4.521043652537675
3427,1.2857000215027243,HOG8-ML02-H1-GPS-GradientEstimation-Escape-Specialist-Local Explorer,Local Explorer,7.921902060761646
3436,1.2668957019675708,HOG8-ML02-H2-GPS-GradientEstimation-Escape-Specialist-Exploiter,Exploiter,1.462574412433705
3441,1.2565778598845871,HOG8-ML01-H1-GPS-GradientEstimation-Escape-Specialist-Exploiter,Exploiter,0.8144192191164137
3442,1.1328495197730284,HOG8-ML02-H1-GPS-GradientEstimation-Escape-Specialist-Local Explorer,Local Explorer,9.846452341832828
3447,1.0041472615033809,HOG8-ML02-H1-GPS-GradientEstimation-Escape-Specialist-Local Explorer,Local Explorer,11.36093152914375
3461,0.9944636101671018,HOG8-ML01-H1-GPS-GradientEstimation-Escape-Specialist-Exploiter,Exploiter,0.9643656570631813
3461,0.8975883823932883,HOG8-ML02-H1-GPS-GradientEstimation-Escape-Specialist-Local Explorer,Local Explorer,9.741455271303026
3471,0.8633729936547143,HOG8-ML01-H1-GPS-GradientEstimation-Escape-Specialist-Exploiter,Exploiter,3.8119241970739037
3471,0.7796319819413479,HOG8-ML02-H1-GPS-GradientEstimation-Escape-Specialist-Local Explorer,Local Explorer,9.69928551492968
3480,0.7673756122930069,HOG8-ML02-H2-GPS-GradientEstimation-Escape-Specialist-Exploiter,Exploiter,1.5720711736095807
3481,0.7636302948846998,HOG8-ML01-H1-GPS-GradientEstimation-Escape-Specialist-Refiner,Refiner,0.48806833945577704
3481,0.6944431792020604,HOG8-ML02-H1-GPS-GradientEstimation-Escape-Specialist-Local Explorer,Local Explorer,9.060289533574082
3492,0.635919622823436,HOG8-ML02-H1-GPS-GradientEstimation-Escape-Specialist-Local Explorer,Local Explorer,8.427407472828822
3503,0.622511497673123,HOG8-ML02-H2-GPS-GradientEstimation-Escape-Specialist-Exploiter,Exploiter,2.1084622441405245
3508,0.6097373961869146,HOG8-ML01-H1-GPS-GradientEstimation-Escape-Specialist-Exploiter,Exploiter,2.052026594521792
3508,0.5567495847457797,HOG8-ML02-H1-GPS-GradientEstimation-Escape-Specialist-Local Explorer,Local Explorer,8.69026760905632
3522,0.5395152661117895,HOG8-ML01-H1-GPS-GradientEstimation-Escape-Specialist-Exploiter,Exploiter,3.095524290666463
3522,0.496131565102213,HOG8-ML02-H1-GPS-GradientEstimation-Escape-Specialist-Local Explorer,Local Explorer,8.041236964847478
3533,0.44278688197467664,HOG8-ML02-H1-GPS-GradientEstimation-Escape-Specialist-Local Explorer,Local Explorer,10.752124412109579
3546,0.4037984389943103,HOG8-ML02-H1-GPS-GradientEstimation-Escape-Specialist-Local Explorer,Local Explorer,8.805238946215246
3555,0.36922788838231335,HOG8-ML02-H1-GPS-GradientEstimation-Escape-Specialist-Local Explorer,Local Explorer,8.561338349424389
3567,0.3544142629888942,HOG8-ML02-H1-GPS-GradientEstimation-Escape-Specialist-Exploiter,Exploiter,4.012054847298129
3576,0.32990964773891246,HOG8-ML02-H1-GPS-GradientEstimation-Escape-Specialist-Local Explorer,Local Explorer,6.914116560469699
3590,0.3050342439072087,HOG8-ML02-H1-GPS-GradientEstimation-Escape-Specialist-Local Explorer,Local Explorer,7.540065591349408
3604,0.29705880546299884,HOG8-ML02-H1-GPS-GradientEstimation-Escape-Specialist-Exploiter,Exploiter,2.614604295587207
3612,0.27909145526998735,HOG8-ML02-H1-GPS-GradientEstimation-Escape-Specialist-Local Explorer,Local Explorer,6.0484152843095815
3624,0.2596372385889638,HOG8-ML02-H1-GPS-GradientEstimation-Escape-Specialist-Local Explorer,Local Explorer,6.970552596174587
3639,0.2581241552120805,HOG8-ML01-H1-GPS-GradientEstimation-Escape-Specialist-Exploiter,Exploiter,0.5827682443036288
3639,0.24009729660089205,HOG8-ML02-H1-GPS-GradientEstimation-Escape-Specialist-Local Explorer,Local Explorer,6.983793746996354
3644,0.22412037609385155,HOG8-ML02-H1-GPS-GradientEstimation-Escape-Specialist-Local Explorer,Local Explorer,6.654352520094614
3659,0.20955121299463295,HOG8-ML02-H1-GPS-GradientEstimation-Escape-Specialist-Local Explorer,Local Explorer,6.5005972920185044
3668,0.19629870690662088,HOG8-ML02-H1-GPS-GradientEstimation-Escape-Specialist-Local Explorer,Local Explorer,6.324232581918528
3679,0.18377764749249656,HOG8-ML02-H1-GPS-GradientEstimation-Escape-Specialist-Local Explorer,Local Explorer,6.378574577203189
3689,0.1742304616545887,HOG8-ML02-H1-GPS-GradientEstimation-Escape-Specialist-Local Explorer,Local Explorer,5.19496574701647
3701,0.1640023989916966,HOG8-ML02-H1-GPS-GradientEstimation-Escape-Specialist-Local Explorer,Local Explorer,5.870421604672773
3711,0.15298376402893032,HOG8-ML02-H1-GPS-GradientEstimation-Escape-Specialist-Local Explorer,Local Explorer,6.7185815759464305
3723,0.14464889346505766,HOG8-ML02-H1-GPS-GradientEstimation-Escape-Specialist-Local Explorer,Local Explorer,5.4482059692925855
3734,0.13690924342050378,HOG8-ML02-H1-GPS-GradientEstimation-Escape-Specialist-Local Explorer,Local Explorer,5.350645870252381
3743,0.13027881945960507,HOG8-ML02-H1-GPS-GradientEstimation-Escape-Specialist-Exploiter,Exploiter,4.842933753226579
3753,0.12454448838589297,HOG8-ML02-H1-GPS-GradientEstimation-Escape-Specialist-Exploiter,Exploiter,4.401583540208636
3765,0.12405169258720503,HOG8-ML00-H1-GPS-GradientEstimation-Escape-Specialist-Refiner,Refiner,0.39567852827099326
3765,0.11725227493133052,HOG8-ML02-H1-GPS-GradientEstimation-Escape-Specialist-Local Explorer,Local Explorer,5.481116391132431
3779,0.11132332164338123,HOG8-ML02-H1-GPS-GradientEstimation-Escape-Specialist-Local Explorer,Local Explorer,5.05657846845327
3790,0.10494519884768531,HOG8-ML02-H1-GPS-GradientEstimation-Escape-Specialist-Local Explorer,Local Explorer,5.729368025981038
3799,0.10050280361790397,HOG8-ML02-H1-GPS-GradientEstimation-Escape-Specialist-Exploiter,Exploiter,4.233061901410967
3812,0.09477018499259901,HOG8-ML02-H1-GPS-GradientEstimation-Escape-Specialist-Local Explorer,Local Explorer,5.703939013581631
3824,0.09187722855744296,HOG8-ML02-H1-GPS-GradientEstimation-Escape-Specialist-Exploiter,Exploiter,3.052601865641578
3839,0.0896639074514741,HOG8-ML02-H1-GPS-GradientEstimation-Escape-Specialist-Exploiter,Exploiter,2.408998552437901
3848,0.08700970896144428,HOG8-ML02-H1-GPS-GradientEstimation-Escape-Specialist-Exploiter,Exploiter,2.960163755373103
3858,0.08425327448907706,HOG8-ML02-H1-GPS-GradientEstimation-Escape-Specialist-Exploiter,Exploiter,3.1679619496125975
3864,0.08413490650738566,HOG8-ML01-H1-GPS-GradientEstimation-Escape-Specialist-Refiner,Refiner,0.14049066034430346
3871,0.08245846949156611,HOG8-ML02-H1-GPS-GradientEstimation-Escape-Specialist-Exploiter,Exploiter,1.9925582441484968
3880,0.08108587423765204,HOG8-ML01-H1-GPS-GradientEstimation-Escape-Specialist-Exploiter,Exploiter,1.664589777590359
3883,0.07984072505149498,HOG8-ML02-H1-GPS-GradientEstimation-Escape-Specialist-Exploiter,Exploiter,1.5355932187494141
3890,0.07819765310539112,HOG8-ML01-H1-GPS-GradientEstimation-Escape-Specialist-Exploiter,Exploiter,2.0579371555608037
3890,0.07773496020963536,HOG8-ML00-H1-GPS-GradientEstimation-Escape-Specialist-Exploiter,Exploiter,0.5916966524969313
3894,0.07636176710309985,HOG8-ML02-H1-GPS-GradientEstimation-Escape-Specialist-Exploiter,Exploiter,1.7665064764068692
3898,0.07465808935259684,HOG8-ML01-H1-GPS-GradientEstimation-Escape-Specialist-Exploiter,Exploiter,2.231061190874207
3901,0.07447444863318775,HOG8-ML00-H1-GPS-GradientEstimation-Escape-Specialist-Refiner,Refiner,0.24597564845489725
3904,0.07366295913962903,HOG8-ML02-H1-GPS-GradientEstimation-Escape-Specialist-Exploiter,Exploiter,1.0896213512846329
3909,0.07191919678299345,HOG8-ML01-H1-GPS-GradientEstimation-Escape-Specialist-Exploiter,Exploiter,2.3672173599899176
3909,0.07169831450960437,HOG8-ML00-H1-GPS-GradientEstimation-Escape-Specialist-Refiner,Refiner,0.30712561217217643
3919,0.06835301774133666,HOG8-ML01-H1-GPS-GradientEstimation-Escape-Specialist-Exploiter,Exploiter,4.665795550632631
3928,0.06717670831364439,HOG8-ML02-H1-GPS-GradientEstimation-Escape-Specialist-Exploiter,Exploiter,1.7209326911412934
3930,0.0655468385573767,HOG8-ML01-H1-GPS-GradientEstimation-Escape-Specialist-Exploiter,Exploiter,2.426242364627216
3939,0.06465548002019084,HOG8-ML02-H1-GPS-GradientEstimation-Escape-Specialist-Exploiter,Exploiter,1.3598802883614374
3941,0.06326320459830038,HOG8-ML01-H1-GPS-GradientEstimation-Escape-Specialist-Exploiter,Exploiter,2.1533757408585736
3949,0.06267246861066908,HOG8-ML00-H1-GPS-GradientEstimation-Escape-Specialist-Exploiter,Exploiter,0.9337749982509986
3949,0.06243008139323538,HOG8-ML02-H1-GPS-GradientEstimation-Escape-Specialist-Refiner,Refiner,0.38675230576833663
3951,0.06108097642535389,HOG8-ML01-H1-GPS-GradientEstimation-Escape-Specialist-Exploiter,Exploiter,2.1609854380674722
3955,0.0601936437620256,HOG8-ML00-H1-GPS-GradientEstimation-Escape-Specialist-Exploiter,Exploiter,1.452715256463996
3960,0.059571415866648575,HOG8-ML02-H1-GPS-GradientEstimation-Escape-Specialist-Exploiter,Exploiter,1.0337102997734966
3960,0.058335594834832125,HOG8-ML01-H1-GPS-GradientEstimation-Escape-Specialist-Exploiter,Exploiter,2.074520160109762
3969,0.05785261700276733,HOG8-ML00-H1-GPS-GradientEstimation-Escape-Specialist-Exploiter,Exploiter,0.8279299001446181
3971,0.05726300637427619,HOG8-ML02-H1-GPS-GradientEstimation-Escape-Specialist-Exploiter,Exploiter,1.0191598220404359
3973,0.05599785089150738,HOG8-ML01-H1-GPS-GradientEstimation-Escape-Specialist-Exploiter,Exploiter,2.209376634016811
3979,0.055517370496744434,HOG8-ML00-H1-GPS-GradientEstimation-Escape-Specialist-Exploiter,Exploiter,0.8580336336368446
3981,0.05493854799342161,HOG8-ML02-H1-GPS-GradientEstimation-Escape-Specialist-Exploiter,Exploiter,1.042597115360071
3989,0.053391165454977664,HOG8-ML00-H1-GPS-GradientEstimation-Escape-Specialist-Exploiter,Exploiter,2.8165697765241884
4000,0.051879777440816933,HOG8-ML01-H1-GPS-GradientEstimation-Escape-Specialist-Exploiter,Exploiter,2.8307829605915145
4004,0.0515305018695547,HOG8-ML02-H1-GPS-GradientEstimation-Escape-Specialist-Exploiter,Exploiter,0.6732403038171844
4011,0.05052018551993977,HOG8-ML01-H1-GPS-GradientEstimation-Escape-Specialist-Exploiter,Exploiter,1.9606181057045897
4014,0.05013904528626448,HOG8-ML00-H1-GPS-GradientEstimation-Escape-Specialist-Exploiter,Exploiter,0.7544315796798838
4030,0.049097393570713195,HOG8-ML00-H1-GPS-GradientEstimation-Escape-Specialist-Exploiter,Exploiter,2.0775260270794216
4041,0.04868442440521609,HOG8-ML02-H1-GPS-GradientEstimation-Escape-Specialist-Exploiter,Exploiter,0.8411223803608305
4049,0.04776442632179431,HOG8-ML01-H1-GPS-GradientEstimation-Escape-Specialist-Exploiter,Exploiter,1.8897174910898307
4058,0.04627737554769312,HOG8-ML01-H1-GPS-GradientEstimation-Escape-Specialist-Exploiter,Exploiter,3.1133018621070865
4065,0.04575861865196794,HOG8-ML02-H1-GPS-GradientEstimation-Escape-Specialist-Exploiter,Exploiter,1.1209730231796673
4068,0.04466305855855396,HOG8-ML01-H1-GPS-GradientEstimation-Escape-Specialist-Exploiter,Exploiter,2.394215834500204
4081,0.0441109142835622,HOG8-ML00-H1-GPS-GradientEstimation-Escape-Specialist-Exploiter,Exploiter,1.2362437612011867
4083,0.04281101377900146,HOG8-ML01-H1-GPS-GradientEstimation-Escape-Specialist-Exploiter,Exploiter,2.9468908674267587
4093,0.04108038614607548,HOG8-ML01-H1-GPS-GradientEstimation-Escape-Specialist-Exploiter,Exploiter,4.042482249684176
4105,0.04046150620985109,HOG8-ML00-H2-GPS-GradientEstimation-Escape-Specialist-Exploiter,Exploiter,1.506509539671198
4105,0.039720438933711605,HOG8-ML01-H1-GPS-GradientEstimation-Escape-Specialist-Exploiter,Exploiter,1.8315365530289083
4115,0.03959808101864888,HOG8-ML00-H1-GPS-GradientEstimation-Escape-Specialist-Refiner,Refiner,0.3080477415340838
4119,0.038154028946540644,HOG8-ML01-H1-GPS-GradientEstimation-Escape-Specialist-Exploiter,Exploiter,3.6467728611094943
4129,0.036841135678460035,HOG8-ML01-H1-GPS-GradientEstimation-Escape-Specialist-Exploiter,Exploiter,3.4410344184625
4139,0.035603026071976185,HOG8-ML01-H1-GPS-GradientEstimation-Escape-Specialist-Exploiter,Exploiter,3.360671661399781
4143,0.0354548173946048,HOG8-ML02-H1-GPS-GradientEstimation-Escape-Specialist-Refiner,Refiner,0.416281124732942
4149,0.03501887483509547,HOG8-ML00-H2-GPS-GradientEstimation-Escape-Specialist-Exploiter,Exploiter,1.2295721471567
4149,0.034295051020349104,HOG8-ML01-H1-GPS-GradientEstimation-Escape-Specialist-Exploiter,Exploiter,2.066953373444652
4161,0.0338422035063749,HOG8-ML00-H2-GPS-GradientEstimation-Escape-Specialist-Exploiter,Exploiter,1.3204456634442792
4161,0.03303961696686737,HOG8-ML01-H1-GPS-GradientEstimation-Escape-Specialist-Exploiter,Exploiter,2.3715552072616832
4173,0.031980514441915735,HOG8-ML01-H1-GPS-GradientEstimation-Escape-Specialist-Exploiter,Exploiter,3.2055532787009033
4184,0.03086930847505375,HOG8-ML01-H1-GPS-GradientEstimation-Escape-Specialist-Exploiter,Exploiter,3.4746344336649098
4194,0.03011551593723681,HOG8-ML01-H1-GPS-GradientEstimation-Escape-Specialist-Exploiter,Exploiter,2.441883459832274
4205,0.029886751343977905,HOG8-ML00-H2-GPS-GradientEstimation-Escape-Specialist-Exploiter,Exploiter,0.7596236894485576
4208,0.029192060793795688,HOG8-ML02-H1-GPS-GradientEstimation-Escape-Specialist-Exploiter,Exploiter,2.3244097097966963
4215,0.028852563902644998,HOG8-ML00-H2-GPS-GradientEstimation-Escape-Specialist-Exploiter,Exploiter,1.1629767886165965
4215,0.028304871591416703,HOG8-ML01-H1-GPS-GradientEstimation-Escape-Specialist-Exploiter,Exploiter,1.8982448598895123
4218,0.02817322950039735,HOG8-ML02-H1-GPS-GradientEstimation-Escape-Specialist-Refiner,Refiner,0.4650863389158521
4224,0.028168273219972575,HOG8-ML00-H1-GPS-GradientEstimation-Escape-Specialist-Polisher,Polisher,0.017592162888901967
4229,0.0279478572946514,HOG8-ML00-H2-GPS-GradientEstimation-Escape-Specialist-Exploiter,Exploiter,0.7824971151049848
4229,0.027348979616559566,HOG8-ML01-H1-GPS-GradientEstimation-Escape-Specialist-Exploiter,Exploiter,2.142839330321204
4240,0.026454986103956076,HOG8-ML01-H1-GPS-GradientEstimation-Escape-Specialist-Exploiter,Exploiter,3.26883680904199
4249,0.02624790565508041,HOG8-ML00-H2-GPS-GradientEstimation-Escape-Specialist-Exploiter,Exploiter,0.782765290678799
4250,0.025682471779602346,HOG8-ML01-H1-GPS-GradientEstimation-Escape-Specialist-Exploiter,Exploiter,2.1542056837156442
4260,0.02552136100027544,HOG8-ML00-H2-GPS-GradientEstimation-Escape-Specialist-Exploiter,Exploiter,0.6273180428640274
4260,0.02499336079895304,HOG8-ML01-H1-GPS-GradientEstimation-Escape-Specialist-Exploiter,Exploiter,2.0688559725192635
4270,0.024846807251689196,HOG8-ML00-H1-GPS-GradientEstimation-Escape-Specialist-Exploiter,Exploiter,0.5863699101642289
4274,0.024201902909146814,HOG8-ML01-H1-GPS-GradientEstimation-Escape-Specialist-Exploiter,Exploiter,2.5955219759614714
4283,0.02357232737832509,HOG8-ML01-H1-GPS-GradientEstimation-Escape-Specialist-Exploiter,Exploiter,2.601347229534514
4289,0.023511405017322226,HOG8-ML00-H1-GPS-GradientEstimation-Escape-Specialist-Refiner,Refiner,0.25844864626682124
4293,0.02301199639379278,HOG8-ML01-H1-GPS-GradientEstimation-Escape-Specialist-Exploiter,Exploiter,2.1241122049554377
4300,0.022914666202539638,HOG8-ML00-H1-GPS-GradientEstimation-Escape-Specialist-Refiner,Refiner,0.42295413916975555
4304,0.022322818227147392,HOG8-ML01-H1-GPS-GradientEstimation-Escape-Specialist-Exploiter,Exploiter,2.582834810513849
4314,0.021731037590137857,HOG8-ML01-H1-GPS-GradientEstimation-Escape-Specialist-Exploiter,Exploiter,2.651012210858998
4324,0.021185540793901073,HOG8-ML01-H1-GPS-GradientEstimation-Escape-Specialist-Exploiter,Exploiter,2.5102197443363026
4335,0.021093624268230707,HOG8-ML00-H1-GPS-GradientEstimation-Escape-Specialist-Refiner,Refiner,0.43386442935092256
4341,0.020572396567882203,HOG8-ML01-H1-GPS-GradientEstimation-Escape-Specialist-Exploiter,Exploiter,2.4710201230498336
4349,0.020446112575603827,HOG8-ML00-H2-GPS-GradientEstimation-Escape-Specialist-Exploiter,Exploiter,0.6138516329960847
4349,0.020076014665342562,HOG8-ML01-H1-GPS-GradientEstimation-Escape-Specialist-Exploiter,Exploiter,1.8101138242917825
4363,0.01973888587819099,HOG8-ML01-H1-GPS-GradientEstimation-Escape-Specialist-Exploiter,Exploiter,1.6792615106700493
4373,0.01952260621156618,HOG8-ML01-H1-GPS-GradientEstimation-Escape-Specialist-Exploiter,Exploiter,1.0957035161937523
4381,0.019432144819481443,HOG8-ML02-H1-GPS-GradientEstimation-Escape-Specialist-Refiner,Refiner,0.46336739626055823
4387,0.019104243877898906,HOG8-ML01-H1-GPS-GradientEstimation-Escape-Specialist-Exploiter,Exploiter,1.687415077587338
4395,0.019076285103110623,HOG8-ML00-H2-GPS-GradientEstimation-Escape-Specialist-Refiner,Refiner,0.14634850228554871
4399,0.01873037507011485,HOG8-ML01-H1-GPS-GradientEstimation-Escape-Specialist-Exploiter,Exploiter,1.8132987168417256
4405,0.018548053848437662,HOG8-ML00-H2-GPS-GradientEstimation-Escape-Specialist-Exploiter,Exploiter,0.9733986692454861
4410,0.018505357262822614,HOG8-ML01-H1-GPS-GradientEstimation-Escape-Specialist-Refiner,Refiner,0.23019442343620455
4420,0.01825089664812866,HOG8-ML00-H2-GPS-GradientEstimation-Escape-Specialist-Exploiter,Exploiter,1.3750645884863113
4420,0.017994451232570093,HOG8-ML01-H1-GPS-GradientEstimation-Escape-Specialist-Exploiter,Exploiter,1.4051113241324618
4429,0.017916006936081745,HOG8-ML00-H2-GPS-GradientEstimation-Escape-Specialist-Refiner,Refiner,0.43593603091581595
4434,0.0175952953066594,HOG8-ML01-H1-GPS-GradientEstimation-Escape-Specialist-Exploiter,Exploiter,1.7900843115686218
4440,0.017500492877670165,HOG8-ML00-H2-GPS-GradientEstimation-Escape-Specialist-Exploiter,Exploiter,0.5387941909298563
4444,0.017198548483839195,HOG8-ML01-H1-GPS-GradientEstimation-Escape-Specialist-Exploiter,Exploiter,1.7253479427212997
4449,0.01716264372081113,HOG8-ML00-H2-GPS-GradientEstimation-Escape-Specialist-Refiner,Refiner,0.20876624013824446
4453,0.016887500519120406,HOG8-ML01-H1-GPS-GradientEstimation-Escape-Specialist-Exploiter,Exploiter,1.6031516249276394
4459,0.01678352023253908,HOG8-ML00-H2-GPS-GradientEstimation-Escape-Specialist-Exploiter,Exploiter,0.6157233657141616
4461,0.016508842020757922,HOG8-ML01-H1-GPS-GradientEstimation-Escape-Specialist-Exploiter,Exploiter,1.6365947547084079
4469,0.016411275769519604,HOG8-ML00-H2-GPS-GradientEstimation-Escape-Specialist-Exploiter,Exploiter,0.5909939117210075
4478,0.016158029671937437,HOG8-ML01-H1-GPS-GradientEstimation-Escape-Specialist-Exploiter,Exploiter,1.5431225526812276
4480,0.01606343125912569,HOG8-ML00-H2-GPS-GradientEstimation-Escape-Specialist-Exploiter,Exploiter,0.5854576005392681
4484,0.015891280390622563,HOG8-ML01-H1-GPS-GradientEstimation-Escape-Specialist-Exploiter,Exploiter,1.071694245930968
4494,0.01571809943067116,HOG8-ML00-H2-GPS-GradientEstimation-Escape-Specialist-Exploiter,Exploiter,1.0897860694321118
4498,0.015510687383024892,HOG8-ML01-H1-GPS-GradientEstimation-Escape-Specialist-Exploiter,Exploiter,1.3195745997225377
4504,0.015376444615085399,HOG8-ML00-H2-GPS-GradientEstimation-Escape-Specialist-Exploiter,Exploiter,0.8654856140444818
4508,0.015181110408995332,HOG8-ML01-H1-GPS-GradientEstimation-Escape-Specialist-Exploiter,Exploiter,1.2703470209129497
4518,0.014912237905688496,HOG8-ML01-H1-GPS-GradientEstimation-Escape-Specialist-Exploiter,Exploiter,1.7710990570723937
4524,0.014902085657031213,HOG8-ML00-H2-GPS-GradientEstimation-Escape-Specialist-Refiner,Refiner,0.06807998049314018
4531,0.014673827412797668,HOG8-ML01-H1-GPS-GradientEstimation-Escape-Specialist-Exploiter,Exploiter,1.5317201194978143
4534,0.014601158478048874,HOG8-ML00-H2-GPS-GradientEstimation-Escape-Specialist-Refiner,Refiner,0.4952282230429944
4543,0.014416994427343247,HOG8-ML01-H1-GPS-GradientEstimation-Escape-Specialist-Exploiter,Exploiter,1.2612975263743404
4545,0.014365980619331056,HOG8-ML00-H2-GPS-GradientEstimation-Escape-Specialist-Refiner,Refiner,0.353844958942609
4556,0.01414178027587223,HOG8-ML01-H1-GPS-GradientEstimation-Escape-Specialist-Exploiter,Exploiter,1.5606337597110456
4558,0.014093898393317424,HOG8-ML02-H2-GPS-GradientEstimation-Escape-Specialist-Refiner,Refiner,0.3385845460807915
4561,0.014077362652960916,HOG8-ML00-H2-GPS-GradientEstimation-Escape-Specialist-Refiner,Refiner,0.11732552552208636
4563,0.013915971030398669,HOG8-ML01-H1-GPS-GradientEstimation-Escape-Specialist-Exploiter,Exploiter,1.1464620649543404
4571,0.013837583184033091,HOG8-ML02-H2-GPS-GradientEstimation-Escape-Specialist-Exploiter,Exploiter,0.5632941186378128
4571,0.013810210119124765,HOG8-ML00-H2-GPS-GradientEstimation-Escape-Specialist-Refiner,Refiner,0.19781680474312266
4576,0.013654562542880382,HOG8-ML01-H1-GPS-GradientEstimation-Escape-Specialist-Exploiter,Exploiter,1.1270471260161259
4580,0.013565155145371835,HOG8-ML00-H2-GPS-GradientEstimation-Escape-Specialist-Exploiter,Exploiter,0.6547803873450669
4581,0.013563622100649519,HOG8-ML02-H2-GPS-GradientEstimation-Escape-Specialist-Polisher,Polisher,0.011301343080023054
4589,0.013360498596954493,HOG8-ML01-H1-GPS-GradientEstimation-Escape-Specialist-Exploiter,Exploiter,1.4975609183722336
4600,0.013064828024327521,HOG8-ML01-H1-GPS-GradientEstimation-Escape-Specialist-Exploiter,Exploiter,2.2130204983096156
4613,0.012845889577080643,HOG8-ML01-H1-GPS-GradientEstimation-Escape-Specialist-Exploiter,Exploiter,1.6757851449647982
4624,0.012633171447798918,HOG8-ML01-H1-GPS-GradientEstimation-Escape-Specialist-Exploiter,Exploiter,1.6559236945431315
4629,0.01262291797722322,HOG8-ML00-H2-GPS-GradientEstimation-Escape-Specialist-Refiner,Refiner,0.08116307625576208
4634,0.012465787665858808,HOG8-ML01-H1-GPS-GradientEstimation-Escape-Specialist-Exploiter,Exploiter,1.244801809280054
4639,0.012439175581028035,HOG8-ML00-H2-GPS-GradientEstimation-Escape-Specialist-Refiner,Refiner,0.21348097323731957
4643,0.012245941623141085,HOG8-ML01-H1-GPS-GradientEstimation-Escape-Specialist-Exploiter,Exploiter,1.5534305841109428
4649,0.012243242001206663,HOG8-ML00-H2-GPS-GradientEstimation-Escape-Specialist-Polisher,Polisher,0.022045033509885504
4658,0.012066518452612987,HOG8-ML01-H1-GPS-GradientEstimation-Escape-Specialist-Exploiter,Exploiter,1.4434375190513953
4659,0.012045111018957586,HOG8-ML00-H2-GPS-GradientEstimation-Escape-Specialist-Refiner,Refiner,0.17741185031515946
4669,0.011902794531152065,HOG8-ML01-H1-GPS-GradientEstimation-Escape-Specialist-Exploiter,Exploiter,1.1815290667021023
4669,0.011875655915467874,HOG8-ML00-H2-GPS-GradientEstimation-Escape-Specialist-Refiner,Refiner,0.22800205122556097
4680,0.01171639347479019,HOG8-ML00-H2-GPS-GradientEstimation-Escape-Specialist-Exploiter,Exploiter,1.3410833204610348
4688,0.011588514840464241,HOG8-ML01-H1-GPS-GradientEstimation-Escape-Specialist-Exploiter,Exploiter,1.0914504928594424
4689,0.011576711341310497,HOG8-ML00-H2-GPS-GradientEstimation-Escape-Specialist-Refiner,Refiner,0.10185514982928556
4694,0.01156440732990298,HOG8-ML02-H2-GPS-GradientEstimation-Escape-Specialist-Refiner,Refiner,0.10628244105569885
4699,0.011388115079315678,HOG8-ML00-H2-GPS-GradientEstimation-Escape-Specialist-Exploiter,Exploiter,1.52443826612238
4708,0.011219645502379683,HOG8-ML01-H1-GPS-GradientEstimation-Escape-Specialist-Exploiter,Exploiter,1.4793455788130148
4724,0.011145661183928735,HOG8-ML01-H1-GPS-GradientEstimation-Escape-Specialist-Exploiter,Exploiter,0.659417612038248
4730,0.011100401141608755,HOG8-ML02-H2-GPS-GradientEstimation-Escape-Specialist-Refiner,Refiner,0.4060776796736028
4739,0.011020825238957161,HOG8-ML01-H1-GPS-GradientEstimation-Escape-Specialist-Exploiter,Exploiter,0.7168741168579199
4739,0.010998143419293546,HOG8-ML02-H2-GPS-GradientEstimation-Escape-Specialist-Refiner,Refiner,0.20580872277547432
4748,0.010916668815858744,HOG8-ML02-H2-GPS-GradientEstimation-Escape-Specialist-Exploiter,Exploiter,0.7408032458630672
4760,0.01080970566368711,HOG8-ML02-H2-GPS-GradientEstimation-Escape-Specialist-Exploiter,Exploiter,0.9798149414979794
4771,0.010690377007129392,HOG8-ML02-H2-GPS-GradientEstimation-Escape-Specialist-Exploiter,Exploiter,1.1039029208591415
4774,0.010662245680468243,HOG8-ML01-H1-GPS-GradientEstimation-Escape-Specialist-Refiner,Refiner,0.26314625426575455
4781,0.010576068259315431,HOG8-ML02-H2-GPS-GradientEstimation-Escape-Specialist-Exploiter,Exploiter,0.8082483159310159
4784,0.010523883540172214,HOG8-ML01-H1-GPS-GradientEstimation-Escape-Specialist-Refiner,Refiner,0.49342267715843274
4794,0.010409587141046117,HOG8-ML01-H1-GPS-GradientEstimation-Escape-Specialist-Exploiter,Exploiter,1.0860667422800676
4803,0.010300594656549561,HOG8-ML02-H2-GPS-GradientEstimation-Escape-Specialist-Exploiter,Exploiter,1.0470394552612672
4808,0.010254732383686207,HOG8-ML01-H1-GPS-GradientEstimation-Escape-Specialist-Refiner,Refiner,0.4452390798058723
4813,0.010173445218997088,HOG8-ML02-H2-GPS-GradientEstimation-Escape-Specialist-Exploiter,Exploiter,0.7926795322171002
4818,0.010126411920778091,HOG8-ML01-H1-GPS-GradientEstimation-Escape-Specialist-Refiner,Refiner,0.46231436063734094
4830,0.010002963459275049,HOG8-ML01-H1-GPS-GradientEstimation-Escape-Specialist-Exploiter,Exploiter,1.219074065609972
4840,0.009896875483690844,HOG8-ML01-H1-GPS-GradientEstimation-Escape-Specialist-Exploiter,Exploiter,1.0605654615866558
4848,0.009804672725113355,HOG8-ML02-H2-GPS-GradientEstimation-Escape-Specialist-Exploiter,Exploiter,0.931635026927745
4853,0.009788749857519392,HOG8-ML01-H1-GPS-GradientEstimation-Escape-Specialist-Refiner,Refiner,0.16240080663966686
4858,0.009711782309323633,HOG8-ML02-H2-GPS-GradientEstimation-Escape-Specialist-Exploiter,Exploiter,0.7862857802688121
4865,0.009694048572288585,HOG8-ML01-H1-GPS-GradientEstimation-Escape-Specialist-Refiner,Refiner,0.1826002320709277
4870,0.009617831505375119,HOG8-ML02-H2-GPS-GradientEstimation-Escape-Specialist-Exploiter,Exploiter,0.7862253458409544
4873,0.009587479196161635,HOG8-ML01-H1-GPS-GradientEstimation-Escape-Specialist-Refiner,Refiner,0.3155837071643519
4883,0.009520163081054906,HOG8-ML02-H2-GPS-GradientEstimation-Escape-Specialist-Exploiter,Exploiter,0.7021252795383315
4898,0.009492128065568284,HOG8-ML01-H1-GPS-GradientEstimation-Escape-Specialist-Refiner,Refiner,0.29448041223591187
4898,0.00945539347501394,HOG8-ML02-H2-GPS-GradientEstimation-Escape-Specialist-Refiner,Refiner,0.3870005788016524
4910,0.009371921854586338,HOG8-ML02-H2-GPS-GradientEstimation-Escape-Specialist-Exploiter,Exploiter,0.8827937266511293
4927,0.00932060248024244,HOG8-ML02-H2-GPS-GradientEstimation-Escape-Specialist-Exploiter,Exploiter,0.5475864517455729
4938,0.00927445069701625,HOG8-ML02-H2-GPS-GradientEstimation-Escape-Specialist-Refiner,Refiner,0.4951587982002374
4949,0.009197168267456465,HOG8-ML02-H2-GPS-GradientEstimation-Escape-Specialist-Exploiter,Exploiter,0.8332830922768084
4961,0.009126295850548416,HOG8-ML02-H2-GPS-GradientEstimation-Escape-Specialist-Exploiter,Exploiter,0.7705895428577341
4970,0.009036502184322578,HOG8-ML02-H2-GPS-GradientEstimation-Escape-Specialist-Exploiter,Exploiter,0.9839004531114559
4979,0.008952995186268981,HOG8-ML02-H2-GPS-GradientEstimation-Escape-Specialist-Exploiter,Exploiter,0.9241075401771403
4990,0.008871857818583035,HOG8-ML02-H2-GPS-GradientEstimation-Escape-Specialist-Exploiter,Exploiter,0.9062594807420964
5004,0.008793078795132211,HOG8-ML02-H2-GPS-GradientEstimation-Escape-Specialist-Exploiter,Exploiter,0.8879653513586862
5014,0.008717322723357004,HOG8-ML02-H2-GPS-GradientEstimation-Escape-Specialist-Exploiter,Exploiter,0.8615420552940466
5026,0.008669064996948037,HOG8-ML02-H2-GPS-GradientEstimation-Escape-Specialist-Exploiter,Exploiter,0.5535842590714977
5039,0.008612504866072828,HOG8-ML02-H2-GPS-GradientEstimation-Escape-Specialist-Exploiter,Exploiter,0.6524363457318754
5046,0.008611043860880897,HOG8-ML00-H2-GPS-GradientEstimation-Escape-Specialist-Polisher,Polisher,0.016963766228879084
5051,0.008524467029972553,HOG8-ML02-H2-GPS-GradientEstimation-Escape-Specialist-Exploiter,Exploiter,1.0054162109387614
5065,0.008458704855361413,HOG8-ML02-H2-GPS-GradientEstimation-Escape-Specialist-Exploiter,Exploiter,0.7714520377627877
5073,0.008391205422091368,HOG8-ML02-H2-GPS-GradientEstimation-Escape-Specialist-Exploiter,Exploiter,0.7979878057485573
5083,0.008380602859623748,HOG8-ML02-H1-GPS-GradientEstimation-Escape-Specialist-Refiner,Refiner,0.12635327029065896
5084,0.008317361464611414,HOG8-ML02-H2-GPS-GradientEstimation-Escape-Specialist-Exploiter,Exploiter,0.7546162975580161
5099,0.008275133737269147,HOG8-ML02-H2-GPS-GradientEstimation-Escape-Specialist-Exploiter,Exploiter,0.5077058093715989
5104,0.008273701915617836,HOG8-ML00-H2-GPS-GradientEstimation-Escape-Specialist-Polisher,Polisher,0.017302701041099926
5113,0.00824128305855648,HOG8-ML02-H2-GPS-GradientEstimation-Escape-Specialist-Refiner,Refiner,0.391830131082697
5124,0.00820393764012731,HOG8-ML00-H2-GPS-GradientEstimation-Escape-Specialist-Refiner,Refiner,0.45315053692271184
5124,0.008202750309792301,HOG8-ML02-H2-GPS-GradientEstimation-Escape-Specialist-Polisher,Polisher,0.014472688446601078
5133,0.008171751772878866,HOG8-ML02-H2-GPS-GradientEstimation-Escape-Specialist-Refiner,Refiner,0.37790418753121335
5140,0.008151728109878267,HOG8-ML00-H2-GPS-GradientEstimation-Escape-Specialist-Refiner,Refiner,0.24503513514759623
5148,0.008149767152989111,HOG8-ML02-H1-GPS-GradientEstimation-Escape-Specialist-Polisher,Polisher,0.02405571999854771
5149,0.008124167652209524,HOG8-ML00-H2-GPS-GradientEstimation-Escape-Specialist-Refiner,Refiner,0.3141132783186101
5160,0.00811047543314082,HOG8-ML00-H1-GPS-GradientEstimation-Escape-Specialist-Refiner,Refiner,0.16853688469832923
5160,0.008083958142280037,HOG8-ML02-H2-GPS-GradientEstimation-Escape-Specialist-Refiner,Refiner,0.32695112733378484
5164,0.008057937665604647,HOG8-ML00-H2-GPS-GradientEstimation-Escape-Specialist-Refiner,Refiner,0.3218779243709822
5169,0.008045628723640244,HOG8-ML02-H1-GPS-GradientEstimation-Escape-Specialist-Refiner,Refiner,0.1527554875107052
5171,0.008030901632056123,HOG8-ML02-H2-GPS-GradientEstimation-Escape-Specialist-Refiner,Refiner,0.18304463317887307
5174,0.008002468915644361,HOG8-ML00-H2-GPS-GradientEstimation-Escape-Specialist-Refiner,Refiner,0.3540413980202382
5178,0.007991034673483971,HOG8-ML02-H1-GPS-GradientEstimation-Escape-Specialist-Refiner,Refiner,0.14288393095831742
5183,0.007972644612518738,HOG8-ML02-H2-GPS-GradientEstimation-Escape-Specialist-Refiner,Refiner,0.23013366499653973
5184,0.007942903846535879,HOG8-ML00-H2-GPS-GradientEstimation-Escape-Specialist-Refiner,Refiner,0.37303513988519904
5189,0.007941192684786977,HOG8-ML02-H1-GPS-GradientEstimation-Escape-Specialist-Polisher,Polisher,0.021543276639921533
5193,0.00792141705098555,HOG8-ML02-H2-GPS-GradientEstimation-Escape-Specialist-Refiner,Refiner,0.24902599126340358
5197,0.00789008867471064,HOG8-ML00-H2-GPS-GradientEstimation-Escape-Specialist-Refiner,Refiner,0.39548954528295743
5201,0.007879301063090368,HOG8-ML02-H1-GPS-GradientEstimation-Escape-Specialist-Refiner,Refiner,0.13672357897381127
5203,0.007870048956869186,HOG8-ML02-H2-GPS-GradientEstimation-Escape-Specialist-Refiner,Refiner,0.1174229306267124
5210,0.007832338699520266,HOG8-ML00-H2-GPS-GradientEstimation-Escape-Specialist-Refiner,Refiner,0.47916166158032947
5215,0.007828913773009495,HOG8-ML00-H1-GPS-GradientEstimation-Escape-Specialist-Polisher,Polisher,0.04372801843950896
5215,0.007821011814112887,HOG8-ML02-H2-GPS-GradientEstimation-Escape-Specialist-Refiner,Refiner,0.1009330173471788
5220,0.00778716648646786,HOG8-ML00-H2-GPS-GradientEstimation-Escape-Specialist-Refiner,Refiner,0.4327487088557304
5224,0.007786403552430701,HOG8-ML00-H1-GPS-GradientEstimation-Escape-Specialist-Polisher,Polisher,0.009797325361987248
5224,0.007774187519122068,HOG8-ML02-H2-GPS-GradientEstimation-Escape-Specialist-Refiner,Refiner,0.1568892907537401
5230,0.007744226687650579,HOG8-ML00-H2-GPS-GradientEstimation-Escape-Specialist-Refiner,Refiner,0.38538858752500327
5233,0.007736879226712283,HOG8-ML02-H2-GPS-GradientEstimation-Escape-Specialist-Refiner,Refiner,0.09487662531899393
5240,0.007716087231078285,HOG8-ML00-H2-GPS-GradientEstimation-Escape-Specialist-Refiner,Refiner,0.2687387902115851
5250,0.007697805315789652,HOG8-ML02-H2-GPS-GradientEstimation-Escape-Specialist-Refiner,Refiner,0.23693245995196546
5255,0.00769329529269166,HOG8-ML00-H2-GPS-GradientEstimation-Escape-Specialist-Refiner,Refiner,0.058588427648859825
5258,0.007669500515169985,HOG8-ML02-H2-GPS-GradientEstimation-Escape-Specialist-Refiner,Refiner,0.30929239833390226
5264,0.007669371271248095,HOG8-ML00-H2-GPS-GradientEstimation-Escape-Specialist-Polisher,Polisher,0.001685167393034437
5268,0.007633089592027445,HOG8-ML02-H2-GPS-GradientEstimation-Escape-Specialist-Refiner,Refiner,0.47307240629576325
5280,0.007614611555054452,HOG8-ML02-H2-GPS-GradientEstimation-Escape-Specialist-Refiner,Refiner,0.24207808319573212
5293,0.007592993925547285,HOG8-ML02-H2-GPS-GradientEstimation-Escape-Specialist-Refiner,Refiner,0.2838966814113865
5299,0.007587713740908447,HOG8-ML00-H2-GPS-GradientEstimation-Escape-Specialist-Refiner,Refiner,0.06954021945246529
5304,0.007555250757238825,HOG8-ML02-H2-GPS-GradientEstimation-Escape-Specialist-Refiner,Refiner,0.42783616749536535
5313,0.0075430990664775805,HOG8-ML02-H1-GPS-GradientEstimation-Escape-Specialist-Refiner,Refiner,0.1608376895975508
5318,0.007517413834667201,HOG8-ML02-H2-GPS-GradientEstimation-Escape-Specialist-Refiner,Refiner,0.34051298523344814
5320,0.007504560793604018,HOG8-ML00-H2-GPS-GradientEstimation-Escape-Specialist-Refiner,Refiner,0.1709768990488524
5324,0.007486894988990174,HOG8-ML02-H2-GPS-GradientEstimation-Escape-Specialist-Refiner,Refiner,0.23540091285422787
5334,0.007468153043952903,HOG8-ML00-H2-GPS-GradientEstimation-Escape-Specialist-Refiner,Refiner,0.2503300108366904
5338,0.007451982482569631,HOG8-ML02-H2-GPS-GradientEstimation-Escape-Specialist-Refiner,Refiner,0.21652691486237427
5345,0.007427741371007417,HOG8-ML00-H2-GPS-GradientEstimation-Escape-Specialist-Refiner,Refiner,0.32529748451387774
5350,0.007416993366010694,HOG8-ML02-H2-GPS-GradientEstimation-Escape-Specialist-Refiner,Refiner,0.14470085130690866
5355,0.007398421298484389,HOG8-ML00-H2-GPS-GradientEstimation-Escape-Specialist-Refiner,Refiner,0.25039886932371075
5359,0.007375381571848332,HOG8-ML02-H2-GPS-GradientEstimation-Escape-Specialist-Refiner,Refiner,0.31141409371721746
5369,0.007363826731702457,HOG8-ML00-H2-GPS-GradientEstimation-Escape-Specialist-Refiner,Refiner,0.15666769282798518
5369,0.007360893014719812,HOG8-ML02-H1-GPS-GradientEstimation-Escape-Specialist-Polisher,Polisher,0.03983957104823107
5370,0.007343085912460108,HOG8-ML02-H2-GPS-GradientEstimation-Escape-Specialist-Refiner,Refiner,0.24191497178526808
5380,0.00733227197849848,HOG8-ML00-H2-GPS-GradientEstimation-Escape-Specialist-Refiner,Refiner,0.1472668860278354
5384,0.007311349902991602,HOG8-ML02-H2-GPS-GradientEstimation-Escape-Specialist-Refiner,Refiner,0.285342327292701
5389,0.007304241412304533,HOG8-ML00-H2-GPS-GradientEstimation-Escape-Specialist-Refiner,Refiner,0.09722542049533286
5389,0.007300007610950485,HOG8-ML02-H1-GPS-GradientEstimation-Escape-Specialist-Refiner,Refiner,0.05796360107861979
5399,0.00727346040772964,HOG8-ML00-H2-GPS-GradientEstimation-Escape-Specialist-Refiner,Refiner,0.3636599389433928
5399,0.007269266382726552,HOG8-ML02-H1-GPS-GradientEstimation-Escape-Specialist-Refiner,Refiner,0.057662031110129824
5408,0.007244555614368301,HOG8-ML02-H2-GPS-GradientEstimation-Escape-Specialist-Refiner,Refiner,0.33993483052113016
5414,0.007242031110749822,HOG8-ML00-H2-GPS-GradientEstimation-Escape-Specialist-Polisher,Polisher,0.03484690784168852
5418,0.007218292222085617,HOG8-ML02-H2-GPS-GradientEstimation-Escape-Specialist-Refiner,Refiner,0.3277932433757169
5420,0.007216411097281496,HOG8-ML00-H2-GPS-GradientEstimation-Escape-Specialist-Polisher,Polisher,0.02606052437673537
5420,0.007215547754094388,HOG8-ML02-H1-GPS-GradientEstimation-Escape-Specialist-Polisher,Polisher,0.011963608717268832
5430,0.007198098081231831,HOG8-ML02-H2-GPS-GradientEstimation-Escape-Specialist-Refiner,Refiner,0.24183434795584224
5439,0.007184917302700417,HOG8-ML02-H2-GPS-GradientEstimation-Escape-Specialist-Refiner,Refiner,0.18311473923621235
5449,0.007173594466933395,HOG8-ML00-H2-GPS-GradientEstimation-Escape-Specialist-Refiner,Refiner,0.15759173404495788
5453,0.007165097730011835,HOG8-ML02-H2-GPS-GradientEstimation-Escape-Specialist-Refiner,Refiner,0.11844462299514112
5459,0.007135797767843616,HOG8-ML00-H2-GPS-GradientEstimation-Escape-Specialist-Refiner,Refiner,0.4089262041115359
5475,0.007126474252509096,HOG8-ML00-H2-GPS-GradientEstimation-Escape-Specialist-Refiner,Refiner,0.13065834596007142
5488,0.0071184611580140545,HOG8-ML02-H2-GPS-GradientEstimation-Escape-Specialist-Refiner,Refiner,0.11244121863234353
5490,0.00709919718717827,HOG8-ML00-H2-GPS-GradientEstimation-Escape-Specialist-Refiner,Refiner,0.27061987707970847
5499,0.007068873404523007,HOG8-ML00-H2-GPS-GradientEstimation-Escape-Specialist-Refiner,Refiner,0.42714382846035576
5509,0.0070423286730012385,HOG8-ML00-H2-GPS-GradientEstimation-Escape-Specialist-Refiner,Refiner,0.37551572934923094
5524,0.007035132423047783,HOG8-ML02-H2-GPS-GradientEstimation-Escape-Specialist-Refiner,Refiner,0.10218565885804899
5529,0.007014229443147033,HOG8-ML00-H2-GPS-GradientEstimation-Escape-Specialist-Refiner,Refiner,0.2971227639194035
5539,0.006988918311449035,HOG8-ML00-H2-GPS-GradientEstimation-Escape-Specialist-Refiner,Refiner,0.3608540596391138
5549,0.006965612039487841,HOG8-ML00-H2-GPS-GradientEstimation-Escape-Specialist-Refiner,Refiner,0.3334746655002997
5559,0.006946118122172086,HOG8-ML00-H2-GPS-GradientEstimation-Escape-Specialist-Refiner,Refiner,0.27985936060241107
5568,0.0069426962678387555,HOG8-ML02-H1-GPS-GradientEstimation-Escape-Specialist-Polisher,Polisher,0.04926282958546335
5569,0.006923022941697624,HOG8-ML00-H2-GPS-GradientEstimation-Escape-Specialist-Refiner,Refiner,0.2833672305710025
5578,0.006920452932552189,HOG8-ML02-H1-GPS-GradientEstimation-Escape-Specialist-Polisher,Polisher,0.037122643779733365
5584,0.006901187141054994,HOG8-ML00-H2-GPS-GradientEstimation-Escape-Specialist-Refiner,Refiner,0.27838917026042265
5588,0.006898496440373266,HOG8-ML02-H1-GPS-GradientEstimation-Escape-Specialist-Polisher,Polisher,0.038988954026773756
5595,0.006879605816397293,HOG8-ML00-H2-GPS-GradientEstimation-Escape-Specialist-Refiner,Refiner,0.27383683008686
5599,0.006877376228133541,HOG8-ML02-H1-GPS-GradientEstimation-Escape-Specialist-Polisher,Polisher,0.03240866298528466
5605,0.006854309166800354,HOG8-ML00-H2-GPS-GradientEstimation-Escape-Specialist-Refiner,Refiner,0.3354049650334001
5619,0.006833318335841181,HOG8-ML00-H2-GPS-GradientEstimation-Escape-Specialist-Refiner,Refiner,0.3062428386050163
5629,0.00681008590838284,HOG8-ML00-H2-GPS-GradientEstimation-Escape-Specialist-Refiner,Refiner,0.3399874894820212
5639,0.006789688948969649,HOG8-ML00-H2-GPS-GradientEstimation-Escape-Specialist-Refiner,Refiner,0.29951104417175567
5653,0.006788453391754844,HOG8-ML02-H1-GPS-GradientEstimation-Escape-Specialist-Polisher,Polisher,0.01819755255493184
5660,0.006773940585419649,HOG8-ML00-H2-GPS-GradientEstimation-Escape-Specialist-Refiner,Refiner,0.21378663883619425
5669,0.006755029349473829,HOG8-ML00-H2-GPS-GradientEstimation-Escape-Specialist-Refiner,Refiner,0.2791762890056193
5684,0.006739805091129215,HOG8-ML00-H2-GPS-GradientEstimation-Escape-Specialist-Refiner,Refiner,0.22537664245382014
5691,0.006733375624768382,HOG8-ML00-H2-GPS-GradientEstimation-Escape-Specialist-Refiner,Refiner,0.09539543464388298
5704,0.006728385933454225,HOG8-ML00-H2-GPS-GradientEstimation-Escape-Specialist-Refiner,Refiner,0.07410386100846875
5711,0.006721657981091748,HOG8-ML02-H1-GPS-GradientEstimation-Escape-Specialist-Refiner,Refiner,0.09999355609234077
5719,0.006709935409729454,HOG8-ML00-H2-GPS-GradientEstimation-Escape-Specialist-Refiner,Refiner,0.17439999766828176
5721,0.0067044613404775395,HOG8-ML02-H1-GPS-GradientEstimation-Escape-Specialist-Refiner,Refiner,0.08158154911561091
5729,0.00668955693316089,HOG8-ML00-H2-GPS-GradientEstimation-Escape-Specialist-Refiner,Refiner,0.2223058133942203
5739,0.006673089522885672,HOG8-ML00-H2-GPS-GradientEstimation-Escape-Specialist-Refiner,Refiner,0.24616593355513092
5744,0.006667149036655092,HOG8-ML02-H1-GPS-GradientEstimation-Escape-Specialist-Refiner,Refiner,0.08902152758789185
5751,0.0066561380693017065,HOG8-ML00-H2-GPS-GradientEstimation-Escape-Specialist-Refiner,Refiner,0.1651525606049693
5758,0.006651915541285176,HOG8-ML02-H1-GPS-GradientEstimation-Escape-Specialist-Refiner,Refiner,0.06343810739150672
5760,0.006642364547435513,HOG8-ML00-H2-GPS-GradientEstimation-Escape-Specialist-Refiner,Refiner,0.143582608504039
5764,0.006637967269623872,HOG8-ML02-H1-GPS-GradientEstimation-Escape-Specialist-Refiner,Refiner,0.06620048900115222
5774,0.006626895456287183,HOG8-ML00-H2-GPS-GradientEstimation-Escape-Specialist-Refiner,Refiner,0.1667952384663658
5779,0.0066190126833374045,HOG8-ML02-H1-GPS-GradientEstimation-Escape-Specialist-Refiner,Refiner,0.11895121934208286
5784,0.006610429996507043,HOG8-ML00-H2-GPS-GradientEstimation-Escape-Specialist-Refiner,Refiner,0.1296671760724622
5789,0.006604295097879282,HOG8-ML02-H1-GPS-GradientEstimation-Escape-Specialist-Refiner,Refiner,0.0928063474085965
5794,0.0065953829757792485,HOG8-ML00-H2-GPS-GradientEstimation-Escape-Specialist-Refiner,Refiner,0.1349443349812711
5800,0.006588749116280336,HOG8-ML02-H1-GPS-GradientEstimation-Escape-Specialist-Refiner,Refiner,0.10058338573021275
5809,0.006580426508964731,HOG8-ML00-H2-GPS-GradientEstimation-Escape-Specialist-Refiner,Refiner,0.12631543816170188
5811,0.00657360954912104,HOG8-ML02-H1-GPS-GradientEstimation-Escape-Specialist-Refiner,Refiner,0.10359449853902791
5819,0.0065661635989269765,HOG8-ML00-H2-GPS-GradientEstimation-Escape-Specialist-Refiner,Refiner,0.11327034467781573
5823,0.00655728444251728,HOG8-ML02-H1-GPS-GradientEstimation-Escape-Specialist-Refiner,Refiner,0.13522593940771846
5829,0.006552187909738983,HOG8-ML00-H2-GPS-GradientEstimation-Escape-Specialist-Refiner,Refiner,0.07772322251648787
5834,0.0065431981210371665,HOG8-ML02-H1-GPS-GradientEstimation-Escape-Specialist-Refiner,Refiner,0.13720285232440316
5842,0.006538651161688137,HOG8-ML00-H2-GPS-GradientEstimation-Escape-Specialist-Refiner,Refiner,0.06949139037086856
5849,0.006529486825233166,HOG8-ML02-H1-GPS-GradientEstimation-Escape-Specialist-Refiner,Refiner,0.14015637519658358
5849,0.006524634089159046,HOG8-ML00-H2-GPS-GradientEstimation-Escape-Specialist-Refiner,Refiner,0.0743203287487513
5859,0.006518584096932362,HOG8-ML02-H1-GPS-GradientEstimation-Escape-Specialist-Refiner,Refiner,0.09272538726326589
5866,0.006511327317251266,HOG8-ML00-H2-GPS-GradientEstimation-Escape-Specialist-Refiner,Refiner,0.11132447742004867
5868,0.0065033895324464455,HOG8-ML02-H1-GPS-GradientEstimation-Escape-Specialist-Refiner,Refiner,0.12190732270193096
5876,0.00649805053121918,HOG8-ML00-H2-GPS-GradientEstimation-Escape-Specialist-Refiner,Refiner,0.082095670275148
5883,0.006490407765038125,HOG8-ML02-H1-GPS-GradientEstimation-Escape-Specialist-Refiner,Refiner,0.11761629344579477
5885,0.0064856797442386606,HOG8-ML00-H2-GPS-GradientEstimation-Escape-Specialist-Refiner,Refiner,0.07284628286273256
5898,0.006477819159809507,HOG8-ML02-H1-GPS-GradientEstimation-Escape-Specialist-Refiner,Refiner,0.12119908381440446
5901,0.006475617580361152,HOG8-ML02-H2-GPS-GradientEstimation-Escape-Specialist-Polisher,Polisher,0.03398642959986208
5909,0.006471674700379001,HOG8-ML02-H1-GPS-GradientEstimation-Escape-Specialist-Refiner,Refiner,0.06088809188036269
5914,0.00646990117759165,HOG8-ML02-H2-GPS-GradientEstimation-Escape-Specialist-Polisher,Polisher,0.027404387109366386
5921,0.006465851061066533,HOG8-ML02-H1-GPS-GradientEstimation-Escape-Specialist-Refiner,Refiner,0.06259935683630732
5924,0.006463824318677597,HOG8-ML02-H2-GPS-GradientEstimation-Escape-Specialist-Polisher,Polisher,0.031345330565056326
5934,0.006458076989205311,HOG8-ML02-H1-GPS-GradientEstimation-Escape-Specialist-Refiner,Refiner,0.08891531064171107
5939,0.006457780203215681,HOG8-ML02-H2-GPS-GradientEstimation-Escape-Specialist-Polisher,Polisher,0.0045955783761278575
5943,0.006453759801623678,HOG8-ML02-H1-GPS-GradientEstimation-Escape-Specialist-Refiner,Refiner,0.06225671152451337
5950,0.00645003144720693,HOG8-ML02-H2-GPS-GradientEstimation-Escape-Specialist-Refiner,Refiner,0.05777026929031768
5953,0.006444540146469072,HOG8-ML02-H1-GPS-GradientEstimation-Escape-Specialist-Refiner,Refiner,0.08513603046440907
5960,0.006438833367386682,HOG8-ML02-H2-GPS-GradientEstimation-Escape-Specialist-Refiner,Refiner,0.08855215349253244
5965,0.006438025069656102,HOG8-ML00-H2-GPS-GradientEstimation-Escape-Specialist-Polisher,Polisher,0.01255348111156998
5968,0.006432624917730042,HOG8-ML02-H1-GPS-GradientEstimation-Escape-Specialist-Refiner,Refiner,0.08387901363591234
5972,0.006429466337124497,HOG8-ML02-H2-GPS-GradientEstimation-Escape-Specialist-Polisher,Polisher,0.04910251485111699
5975,0.006427981839816642,HOG8-ML00-H2-GPS-GradientEstimation-Escape-Specialist-Polisher,Polisher,0.023088966175673666
5978,0.006421549503412768,HOG8-ML02-H1-GPS-GradientEstimation-Escape-Specialist-Refiner,Refiner,0.10006774387615229
5984,0.0064169307403711615,HOG8-ML00-H2-GPS-GradientEstimation-Escape-Specialist-Refiner,Refiner,0.07192598981215201
5988,0.006408618602790296,HOG8-ML02-H1-GPS-GradientEstimation-Escape-Specialist-Refiner,Refiner,0.12953447554874328
5995,0.0064070945742165765,HOG8-ML02-H2-GPS-GradientEstimation-Escape-Specialist-Polisher,Polisher,0.02378092172711756
5998,0.006406667597033776,HOG8-ML01-H1-GPS-GradientEstimation-Escape-Specialist-Polisher,Polisher,0.006664131110513261
5998,0.0063978226067990945,HOG8-ML02-H1-GPS-GradientEstimation-Escape-Specialist-Refiner,Refiner,0.13805914074232228
6005,0.006396041149472545,HOG8-ML02-H2-GPS-GradientEstimation-Escape-Specialist-Polisher,Polisher,0.027844744001748564
6009,0.006387837892160207,HOG8-ML02-H1-GPS-GradientEstimation-Escape-Specialist-Refiner,Refiner,0.1282552303937979
6019,0.006384318057850463,HOG8-ML02-H2-GPS-GradientEstimation-Escape-Specialist-Refiner,Refiner,0.055102123271851
6031,0.006380016297357883,HOG8-ML00-H2-GPS-GradientEstimation-Escape-Specialist-Refiner,Refiner,0.06738010941185292
6033,0.006379900519997923,HOG8-ML01-H1-GPS-GradientEstimation-Escape-Specialist-Polisher,Polisher,0.0018146875268566268
6033,0.006369403623575224,HOG8-ML02-H1-GPS-GradientEstimation-Escape-Specialist-Refiner,Refiner,0.16453072253708073
6043,0.006367717595634742,HOG8-ML01-H1-GPS-GradientEstimation-Escape-Specialist-Polisher,Polisher,0.026470734783408383
6050,0.006358146398164956,HOG8-ML02-H1-GPS-GradientEstimation-Escape-Specialist-Refiner,Refiner,0.1503081335822337
6058,0.0063496456816893015,HOG8-ML02-H1-GPS-GradientEstimation-Escape-Specialist-Refiner,Refiner,0.13369802994954774
6071,0.006343712214892617,HOG8-ML00-H2-GPS-GradientEstimation-Escape-Specialist-Refiner,Refiner,0.09344563608950372
6071,0.006340280877991361,HOG8-ML02-H1-GPS-GradientEstimation-Escape-Specialist-Refiner,Refiner,0.05409036199972115
6081,0.006330969117442422,HOG8-ML02-H1-GPS-GradientEstimation-Escape-Specialist-Refiner,Refiner,0.14686668821349622
6093,0.006320610871391377,HOG8-ML02-H1-GPS-GradientEstimation-Escape-Specialist-Refiner,Refiner,0.16361232946953433
6105,0.00631494418792059,HOG8-ML00-H2-GPS-GradientEstimation-Escape-Specialist-Refiner,Refiner,0.08965404746614325
6106,0.006310531677289486,HOG8-ML02-H1-GPS-GradientEstimation-Escape-Specialist-Refiner,Refiner,0.06987410339341185
6115,0.006307876499507628,HOG8-ML00-H2-GPS-GradientEstimation-Escape-Specialist-Polisher,Polisher,0.042075341946435085
6120,0.006301872425762594,HOG8-ML02-H1-GPS-GradientEstimation-Escape-Specialist-Refiner,Refiner,0.09518375550795055
6129,0.0062947560604919035,HOG8-ML02-H1-GPS-GradientEstimation-Escape-Specialist-Refiner,Refiner,0.11292461652504801
6139,0.006288203916272512,HOG8-ML02-H1-GPS-GradientEstimation-Escape-Specialist-Refiner,Refiner,0.10408892983979377
6150,0.006280300172320959,HOG8-ML02-H1-GPS-GradientEstimation-Escape-Specialist-Refiner,Refiner,0.12569159742259686
6163,0.006273128526726934,HOG8-ML02-H1-GPS-GradientEstimation-Escape-Specialist-Refiner,Refiner,0.11419272004914878
6173,0.00627052824535867,HOG8-ML02-H1-GPS-GradientEstimation-Escape-Specialist-Polisher,Polisher,0.041451109397572815
6184,0.006264555062053139,HOG8-ML02-H1-GPS-GradientEstimation-Escape-Specialist-Refiner,Refiner,0.0952580559692396
6198,0.0062592296146524624,HOG8-ML02-H1-GPS-GradientEstimation-Escape-Specialist-Refiner,Refiner,0.08500918816940709
6210,0.006253670241773225,HOG8-ML02-H1-GPS-GradientEstimation-Escape-Specialist-Refiner,Refiner,0.088818803934327
6218,0.006247274442127956,HOG8-ML02-H1-GPS-GradientEstimation-Escape-Specialist-Refiner,Refiner,0.10227273581753592
6228,0.00624227416334374,HOG8-ML02-H1-GPS-GradientEstimation-Escape-Specialist-Refiner,Refiner,0.08003936485480845
6240,0.006233984124094288,HOG8-ML02-H1-GPS-GradientEstimation-Escape-Specialist-Refiner,Refiner,0.13280479249266647
6251,0.006227189967900004,HOG8-ML02-H1-GPS-GradientEstimation-Escape-Specialist-Refiner,Refiner,0.1089857795438521
6261,0.006220189660876766,HOG8-ML02-H1-GPS-GradientEstimation-Escape-Specialist-Refiner,Refiner,0.11241518340252604
6273,0.0062139722251801765,HOG8-ML02-H1-GPS-GradientEstimation-Escape-Specialist-Refiner,Refiner,0.09995572539685026
6285,0.006208198526426661,HOG8-ML02-H1-GPS-GradientEstimation-Escape-Specialist-Refiner,Refiner,0.09291478211182849
6299,0.00620203928560626,HOG8-ML02-H1-GPS-GradientEstimation-Escape-Specialist-Refiner,Refiner,0.09921140237674732
6308,0.0061958560848205165,HOG8-ML02-H1-GPS-GradientEstimation-Escape-Specialist-Refiner,Refiner,0.09969625313554263
6321,0.006188511199526086,HOG8-ML02-H1-GPS-GradientEstimation-Escape-Specialist-Refiner,Refiner,0.11854512425531409
6332,0.006182053913629112,HOG8-ML02-H1-GPS-GradientEstimation-Escape-Specialist-Refiner,Refiner,0.10434312371395192
6343,0.006175921999626372,HOG8-ML02-H1-GPS-GradientEstimation-Escape-Specialist-Refiner,Refiner,0.09918894413427236
6356,0.006170955093924577,HOG8-ML02-H1-GPS-GradientEstimation-Escape-Specialist-Refiner,Refiner,0.08042371166759624
6366,0.006165506573851022,HOG8-ML02-H1-GPS-GradientEstimation-Escape-Specialist-Refiner,Refiner,0.08829297881165081
6375,0.00616026209817607,HOG8-ML02-H1-GPS-GradientEstimation-Escape-Specialist-Refiner,Refiner,0.08506155353388394
6388,0.006154904702988208,HOG8-ML02-H1-GPS-GradientEstimation-Escape-Specialist-Refiner,Refiner,0.08696700079447578
6398,0.0061496015894069115,HOG8-ML02-H1-GPS-GradientEstimation-Escape-Specialist-Refiner,Refiner,0.08616077481624565
6410,0.0061444682428024085,HOG8-ML02-H1-GPS-GradientEstimation-Escape-Specialist-Refiner,Refiner,0.0834744581396213
6419,0.006140314454550668,HOG8-ML02-H1-GPS-GradientEstimation-Escape-Specialist-Refiner,Refiner,0.0676020786112176
6429,0.006135368471776407,HOG8-ML02-H1-GPS-GradientEstimation-Escape-Specialist-Refiner,Refiner,0.08054934011718241
6440,0.0061306923499576515,HOG8-ML02-H1-GPS-GradientEstimation-Escape-Specialist-Refiner,Refiner,0.07621582697545845
6450,0.006128072092790478,HOG8-ML02-H1-GPS-GradientEstimation-Escape-Specialist-Polisher,Polisher,0.04273998787742127
6463,0.006125717773856363,HOG8-ML02-H1-GPS-GradientEstimation-Escape-Specialist-Polisher,Polisher,0.03841859068343169
6475,0.006124869518144507,HOG8-ML00-H2-GPS-GradientEstimation-Escape-Specialist-Polisher,Polisher,0.013847450097618027
6478,0.006123597551671457,HOG8-ML02-H1-GPS-GradientEstimation-Escape-Specialist-Polisher,Polisher,0.020767241967876243
6489,0.006122852220611235,HOG8-ML00-H2-GPS-GradientEstimation-Escape-Specialist-Polisher,Polisher,0.01217145728362097
6489,0.006120221538476067,HOG8-ML02-H1-GPS-GradientEstimation-Escape-Specialist-Polisher,Polisher,0.04296497841826357
6499,0.0061181167434265354,HOG8-ML02-H1-GPS-GradientEstimation-Escape-Specialist-Polisher,Polisher,0.03439083105569541
6509,0.006115141407358365,HOG8-ML02-H1-GPS-GradientEstimation-Escape-Specialist-Polisher,Polisher,0.04863156740784893
6520,0.00611286970415143,HOG8-ML02-H1-GPS-GradientEstimation-Escape-Specialist-Polisher,Polisher,0.03714882544174227
6531,0.006110072836510643,HOG8-ML02-H1-GPS-GradientEstimation-Escape-Specialist-Polisher,Polisher,0.04575375848248918
6539,0.006108905145682372,HOG8-ML00-H2-GPS-GradientEstimation-Escape-Specialist-Polisher,Polisher,0.019110915033510582
6539,0.006105856961077532,HOG8-ML02-H1-GPS-GradientEstimation-Escape-Specialist-Polisher,Polisher,0.04989739621337492
6549,0.00610391041879466,HOG8-ML00-H2-GPS-GradientEstimation-Escape-Specialist-Polisher,Polisher,0.031879919481899145
6550,0.006101660016098025,HOG8-ML02-H1-GPS-GradientEstimation-Escape-Specialist-Polisher,Polisher,0.03686821303448325
6559,0.006099720025224822,HOG8-ML00-H2-GPS-GradientEstimation-Escape-Specialist-Polisher,Polisher,0.03179447671756425
6563,0.006097598414662263,HOG8-ML02-H1-GPS-GradientEstimation-Escape-Specialist-Polisher,Polisher,0.03478209743701377
6569,0.0060957845862628654,HOG8-ML00-H2-GPS-GradientEstimation-Escape-Specialist-Polisher,Polisher,0.02974660310583884
6572,0.0060934391302694384,HOG8-ML02-H1-GPS-GradientEstimation-Escape-Specialist-Polisher,Polisher,0.03847668762299428
6584,0.00609230534122952,HOG8-ML00-H2-GPS-GradientEstimation-Escape-Specialist-Polisher,Polisher,0.018606718072996038
6588,0.006090290548607563,HOG8-ML02-H1-GPS-GradientEstimation-Escape-Specialist-Polisher,Polisher,0.03307110377941109
6594,0.006089147861173429,HOG8-ML00-H2-GPS-GradientEstimation-Escape-Specialist-Polisher,Polisher,0.018762445322007847
6598,0.006086269755784041,HOG8-ML02-H1-GPS-GradientEstimation-Escape-Specialist-Polisher,Polisher,0.0472661438842629
6605,0.006085123631003081,HOG8-ML00-H2-GPS-GradientEstimation-Escape-Specialist-Polisher,Polisher,0.018831317489191784
6609,0.006083126142033346,HOG8-ML02-H1-GPS-GradientEstimation-Escape-Specialist-Polisher,Polisher,0.03282577464092269
6615,0.006081985795321501,HOG8-ML00-H2-GPS-GradientEstimation-Escape-Specialist-Polisher,Polisher,0.01874606386945634
6619,0.0060795131281279734,HOG8-ML02-H1-GPS-GradientEstimation-Escape-Specialist-Polisher,Polisher,0.04065558974882544
6624,0.006078455096754818,HOG8-ML00-H2-GPS-GradientEstimation-Escape-Specialist-Polisher,Polisher,0.017403225404031063
6631,0.00607561692680115,HOG8-ML02-H1-GPS-GradientEstimation-Escape-Specialist-Polisher,Polisher,0.04669229119061039
6635,0.006075291159112294,HOG8-ML00-H2-GPS-GradientEstimation-Escape-Specialist-Polisher,Polisher,0.005361886583396756
6643,0.0060716705652460404,HOG8-ML02-H1-GPS-GradientEstimation-Escape-Specialist-Refiner,Refiner,0.05959539668848177
6654,0.006068039834560787,HOG8-ML02-H1-GPS-GradientEstimation-Escape-Specialist-Refiner,Refiner,0.059797886697540575
6668,0.006064526564431398,HOG8-ML02-H1-GPS-GradientEstimation-Escape-Specialist-Refiner,Refiner,0.057897941100824996
6678,0.006060598791893202,HOG8-ML02-H1-GPS-GradientEstimation-Escape-Specialist-Refiner,Refiner,0.06476635062054391
6691,0.006057455196962931,HOG8-ML02-H1-GPS-GradientEstimation-Escape-Specialist-Refiner,Refiner,0.051869378558375805
6698,0.006054656871221158,HOG8-ML02-H1-GPS-GradientEstimation-Escape-Specialist-Polisher,Polisher,0.046196391896980396
6709,0.006053021534916113,HOG8-ML02-H2-GPS-GradientEstimation-Escape-Specialist-Polisher,Polisher,0.027009562058228503
6710,0.00605096690321834,HOG8-ML02-H1-GPS-GradientEstimation-Escape-Specialist-Polisher,Polisher,0.03394390199870907
6720,0.006049798635233465,HOG8-ML00-H2-GPS-GradientEstimation-Escape-Specialist-Polisher,Polisher,0.01930712898551055
6723,0.006047986595814886,HOG8-ML02-H1-GPS-GradientEstimation-Escape-Specialist-Polisher,Polisher,0.02995206167732321
6733,0.006044867467698771,HOG8-ML02-H1-GPS-GradientEstimation-Escape-Specialist-Refiner,Refiner,0.0515729998190396
6744,0.006042478379121977,HOG8-ML02-H1-GPS-GradientEstimation-Escape-Specialist-Polisher,Polisher,0.039522596476431686
6758,0.006041005878390665,HOG8-ML02-H1-GPS-GradientEstimation-Escape-Specialist-Polisher,Polisher,0.024369151843387178
6769,0.0060391230252849004,HOG8-ML02-H1-GPS-GradientEstimation-Escape-Specialist-Polisher,Polisher,0.031167874086995114
6778,0.006038675288830525,HOG8-ML02-H2-GPS-GradientEstimation-Escape-Specialist-Polisher,Polisher,0.007413931666915046
6780,0.006036872437723944,HOG8-ML02-H1-GPS-GradientEstimation-Escape-Specialist-Polisher,Polisher,0.02985507616074728
6793,0.006034837036015204,HOG8-ML02-H1-GPS-GradientEstimation-Escape-Specialist-Polisher,Polisher,0.03371616229657344
6810,0.0060326613033192394,HOG8-ML02-H1-GPS-GradientEstimation-Escape-Specialist-Polisher,Polisher,0.03605288233932811
6817,0.0060303060897739,HOG8-ML02-H1-GPS-GradientEstimation-Escape-Specialist-Polisher,Polisher,0.03904103722918149
6825,0.006029843287458267,HOG8-ML02-H2-GPS-GradientEstimation-Escape-Specialist-Polisher,Polisher,0.007674607370556184
6830,0.0060277580565702505,HOG8-ML02-H1-GPS-GradientEstimation-Escape-Specialist-Polisher,Polisher,0.03458184215755593
6839,0.006025040354704873,HOG8-ML02-H1-GPS-GradientEstimation-Escape-Specialist-Polisher,Polisher,0.045086445737737055
6849,0.006024703681821196,HOG8-ML02-H2-GPS-GradientEstimation-Escape-Specialist-Polisher,Polisher,0.005587894252258611
6851,0.0060225327288554505,HOG8-ML02-H1-GPS-GradientEstimation-Escape-Specialist-Polisher,Polisher,0.036034186582422065
6859,0.00602176809200709,HOG8-ML02-H2-GPS-GradientEstimation-Escape-Specialist-Polisher,Polisher,0.012696267214908772
6862,0.006020035790363135,HOG8-ML02-H1-GPS-GradientEstimation-Escape-Specialist-Polisher,Polisher,0.02876732576689397
6868,0.006019292503771219,HOG8-ML02-H2-GPS-GradientEstimation-Escape-Specialist-Polisher,Polisher,0.01234687994888581
6872,0.006018024688259478,HOG8-ML02-H1-GPS-GradientEstimation-Escape-Specialist-Polisher,Polisher,0.021062533693891706
6879,0.006017998025007934,HOG8-ML00-H2-GPS-GradientEstimation-Escape-Specialist-Polisher,Polisher,0.00044305653308757386
6882,0.006016789580073654,HOG8-ML02-H2-GPS-GradientEstimation-Escape-Specialist-Polisher,Polisher,0.020080513972563767
6883,0.006015658368591949,HOG8-ML02-H1-GPS-GradientEstimation-Escape-Specialist-Polisher,Polisher,0.018800914784380174
6890,0.0060156374668871295,HOG8-ML00-H2-GPS-GradientEstimation-Escape-Specialist-Polisher,Polisher,0.0003474549839520247
6893,0.0060143609489920905,HOG8-ML02-H2-GPS-GradientEstimation-Escape-Specialist-Polisher,Polisher,0.021219993759025717
6898,0.006013615226718019,HOG8-ML02-H1-GPS-GradientEstimation-Escape-Specialist-Polisher,Polisher,0.012399027600699034
6899,0.006013587934361699,HOG8-ML00-H2-GPS-GradientEstimation-Escape-Specialist-Polisher,Polisher,0.0004538427433631696
6903,0.006012486475564735,HOG8-ML02-H2-GPS-GradientEstimation-Escape-Specialist-Polisher,Polisher,0.018316166804015547
6909,0.006010948483010967,HOG8-ML02-H1-GPS-GradientEstimation-Escape-Specialist-Polisher,Polisher,0.025579975273443297
6909,0.006010895305799138,HOG8-ML00-H2-GPS-GradientEstimation-Escape-Specialist-Polisher,Polisher,0.0008846725600577152
6915,0.0060102532525150975,HOG8-ML02-H2-GPS-GradientEstimation-Escape-Specialist-Polisher,Polisher,0.010681491714242479
6917,0.00600838530837878,HOG8-ML02-H1-GPS-GradientEstimation-Escape-Specialist-Polisher,Polisher,0.03107929163444282
6924,0.006008076020726606,HOG8-ML02-H2-GPS-GradientEstimation-Escape-Specialist-Polisher,Polisher,0.005147600167086962
6929,0.006006171065850236,HOG8-ML02-H1-GPS-GradientEstimation-Escape-Specialist-Polisher,Polisher,0.03170657078569923
6939,0.006004107843696312,HOG8-ML02-H1-GPS-GradientEstimation-Escape-Specialist-Polisher,Polisher,0.034351704793338635
6949,0.006002099780554418,HOG8-ML02-H1-GPS-GradientEstimation-Escape-Specialist-Polisher,Polisher,0.033444821348475144
6959,0.0060004623221795615,HOG8-ML02-H1-GPS-GradientEstimation-Escape-Specialist-Polisher,Polisher,0.02728142541318366
6968,0.006000101852459803,HOG8-ML02-H2-GPS-GradientEstimation-Escape-Specialist-Polisher,Polisher,0.006007365772899498
6970,0.005998696173782079,HOG8-ML02-H1-GPS-GradientEstimation-Escape-Specialist-Polisher,Polisher,0.02342758026928247
6978,0.005998484654874795,HOG8-ML02-H2-GPS-GradientEstimation-Escape-Specialist-Polisher,Polisher,0.003526081354290877
6980,0.005996714961960648,HOG8-ML02-H1-GPS-GradientEstimation-Escape-Specialist-Polisher,Polisher,0.029502332938524927
6990,0.00599472779363311,HOG8-ML02-H1-GPS-GradientEstimation-Escape-Specialist-Polisher,Polisher,0.03313761518003066
7000,0.005994587635764524,HOG8-ML00-H2-GPS-GradientEstimation-Escape-Specialist-Polisher,Polisher,0.0023380188961087903
7004,0.005992792685587283,HOG8-ML02-H1-GPS-GradientEstimation-Escape-Specialist-Polisher,Polisher,0.029942846552648016
7010,0.005992623795998588,HOG8-ML00-H2-GPS-GradientEstimation-Escape-Specialist-Polisher,Polisher,0.0028182117679703203
7014,0.00599132581026911,HOG8-ML02-H1-GPS-GradientEstimation-Escape-Specialist-Polisher,Polisher,0.021659723247514754
7024,0.0059906619316382435,HOG8-ML02-H2-GPS-GradientEstimation-Escape-Specialist-Polisher,Polisher,0.011080663143517711
7029,0.005989251605936227,HOG8-ML02-H1-GPS-GradientEstimation-Escape-Specialist-Polisher,Polisher,0.023542067940248393
7030,0.005978212105605302,HOG8-ML04-H1-GPS-Sniper-Specialist-Refiner,Refiner,0.18432186619080274
7048,0.005977474431321697,HOG8-ML04-H1-GPS-Sniper-Specialist-Polisher,Polisher,0.012339379576606862
7060,0.005973970118901365,HOG8-ML04-H1-GPS-Sniper-Specialist-Refiner,Refiner,0.05862530171555198
7072,0.005973354089872825,HOG8-ML04-H1-GPS-Sniper-Specialist-Polisher,Polisher,0.010311886673002585
7098,0.005949316372305755,HOG8-ML04-H1-GPS-Sniper-Specialist-Refiner,Refiner,0.40241574842888805
7119,0.005926042123210066,HOG8-ML04-H1-GPS-Sniper-Specialist-Refiner,Refiner,0.39120879844332906
7125,0.005919262635963795,HOG8-ML04-H1-GPS-Sniper-Specialist-Refiner,Refiner,0.1144016040607898
7133,0.005918499784800137,HOG8-ML04-H1-GPS-Sniper-Specialist-Polisher,Polisher,0.012887604598306188
7148,0.005912048631628228,HOG8-ML04-H1-GPS-Sniper-Specialist-Refiner,Refiner,0.10899980411382636
7159,0.005908788211999607,HOG8-ML04-H1-GPS-Sniper-Specialist-Refiner,Refiner,0.05514872816130215
7178,0.005901854850008107,HOG8-ML04-H1-GPS-Sniper-Specialist-Refiner,Refiner,0.11733982912807046
7189,0.00590069340544976,HOG8-ML04-H1-GPS-Sniper-Specialist-Polisher,Polisher,0.019679314179431702
7198,0.005885942498492263,HOG8-ML04-H1-GPS-Sniper-Specialist-Refiner,Refiner,0.2499859922203943
7209,0.00588266003855514,HOG8-ML04-H1-GPS-Sniper-Specialist-Refiner,Refiner,0.0557677880469309
7218,0.005881360295005356,HOG8-ML04-H1-GPS-Sniper-Specialist-Polisher,Polisher,0.022094486869297696
7239,0.005857032317866611,HOG8-ML04-H1-GPS-Sniper-Specialist-Refiner,Refiner,0.4136454139598346
7250,0.005806902235168717,HOG8-ML04-H1-GPS-Sniper-Specialist-Exploiter,Exploiter,0.8558956136365304
7260,0.005782056257979217,HOG8-ML04-H1-GPS-Sniper-Specialist-Refiner,Refiner,0.42786973472747536
7269,0.00578076260197581,HOG8-ML04-H1-GPS-Sniper-Specialist-Polisher,Polisher,0.022373632245815157
7278,0.005774106133056895,HOG8-ML04-H1-GPS-Sniper-Specialist-Refiner,Refiner,0.11514862963998176
7288,0.005773328888853917,HOG8-ML04-H1-GPS-Sniper-Specialist-Polisher,Polisher,0.013460857578075313
7299,0.005760934952815698,HOG8-ML04-H1-GPS-Sniper-Specialist-Refiner,Refiner,0.21467573174544977
7308,0.0057601053721945805,HOG8-ML04-H1-GPS-Sniper-Specialist-Polisher,Polisher,0.014400103939942864
7319,0.005749491182517344,HOG8-ML04-H1-GPS-Sniper-Specialist-Refiner,Refiner,0.18427075533155665
7329,0.005743849106092008,HOG8-ML04-H1-GPS-Sniper-Specialist-Refiner,Refiner,0.09813175194514363
7340,0.005729076451535274,HOG8-ML04-H1-GPS-Sniper-Specialist-Refiner,Refiner,0.2571908537963845
7350,0.005723973038727367,HOG8-ML04-H1-GPS-Sniper-Specialist-Refiner,Refiner,0.08907915352638378
7358,0.005721997624923139,HOG8-ML04-H1-GPS-Sniper-Specialist-Polisher,Polisher,0.034511235305669394
7369,0.005717007143233949,HOG8-ML04-H1-GPS-Sniper-Specialist-Refiner,Refiner,0.08721572458284901
7379,0.005714711637415892,HOG8-ML04-H1-GPS-Sniper-Specialist-Polisher,Polisher,0.04015222931413824
7389,0.00571381615768082,HOG8-ML04-H1-GPS-Sniper-Specialist-Polisher,Polisher,0.015669727396372915
7399,0.00571164169005837,HOG8-ML04-H1-GPS-Sniper-Specialist-Polisher,Polisher,0.03805631057147379
7409,0.005698166411648116,HOG8-ML04-H1-GPS-Sniper-Specialist-Refiner,Refiner,0.23592653638810657
7418,0.005697784469634906,HOG8-ML04-H1-GPS-Sniper-Specialist-Polisher,Polisher,0.00670289327509899
7431,0.005676235706992178,HOG8-ML04-H1-GPS-Sniper-Specialist-Refiner,Refiner,0.37819546803791426
7459,0.005652344626195713,HOG8-ML04-H1-GPS-Sniper-Specialist-Refiner,Refiner,0.420896559440544
7479,0.005642614984965522,HOG8-ML04-H1-GPS-Sniper-Specialist-Refiner,Refiner,0.17213460738219277
7498,0.005632759700587782,HOG8-ML04-H1-GPS-Sniper-Specialist-Refiner,Refiner,0.17465810451358976
7509,0.00563010198770421,HOG8-ML04-H1-GPS-Sniper-Specialist-Polisher,Polisher,0.047183139790144865
7519,0.005609223900158012,HOG8-ML04-H1-GPS-Sniper-Specialist-Refiner,Refiner,0.3708296508978767
7539,0.005609074824003549,HOG8-ML04-H1-GPS-Sniper-Specialist-Polisher,Polisher,0.00265769662821353
7558,0.005600569107842216,HOG8-ML04-H1-GPS-Sniper-Specialist-Refiner,Refiner,0.1516420519999784
7569,0.0055898128850406445,HOG8-ML04-H1-GPS-Sniper-Specialist-Refiner,Refiner,0.19205588922221872
7578,0.005572592617393677,HOG8-ML04-H1-GPS-Sniper-Specialist-Refiner,Refiner,0.30806518932058957
7589,0.005563578491934179,HOG8-ML04-H1-GPS-Sniper-Specialist-Refiner,Refiner,0.16175819907170122
7601,0.005544149878814021,HOG8-ML04-H1-GPS-Sniper-Specialist-Refiner,Refiner,0.3492107309769209
7612,0.005539504079779087,HOG8-ML04-H1-GPS-Sniper-Specialist-Refiner,Refiner,0.08379641850388941
7629,0.005533930045322371,HOG8-ML04-H1-GPS-Sniper-Specialist-Refiner,Refiner,0.10062334780224455
7641,0.005532025838150796,HOG8-ML04-H1-GPS-Sniper-Specialist-Polisher,Polisher,0.034409671896468576
7663,0.005520220820904448,HOG8-ML04-H1-GPS-Sniper-Specialist-Refiner,Refiner,0.21339410898872122
7686,0.005519343797159631,HOG8-ML04-H1-GPS-Sniper-Specialist-Polisher,Polisher,0.015887475759946233
7700,0.005517175862315593,HOG8-ML04-H1-GPS-Sniper-Specialist-Polisher,Polisher,0.03927885132203125
7719,0.005514641987325367,HOG8-ML04-H1-GPS-Sniper-Specialist-Polisher,Polisher,0.0459270295792692
7729,0.00550831523923178,HOG8-ML04-H1-GPS-Sniper-Specialist-Refiner,Refiner,0.11472636135089634
7739,0.0055028950421727495,HOG8-ML04-H1-GPS-Sniper-Specialist-Refiner,Refiner,0.09840026983979201
7759,0.005502684756838839,HOG8-ML04-H1-GPS-Sniper-Specialist-Polisher,Polisher,0.0038213582541382486
7768,0.0054997674275264075,HOG8-ML04-H1-GPS-Sniper-Specialist-Refiner,Refiner,0.05301647180143529
7778,0.005486363680337794,HOG8-ML04-H1-GPS-Sniper-Specialist-Refiner,Refiner,0.24371480003913454
7789,0.00547940734271706,HOG8-ML04-H1-GPS-Sniper-Specialist-Refiner,Refiner,0.12679322819346572
7796,0.005464439301959523,HOG8-ML04-H1-GPS-Sniper-Specialist-Refiner,Refiner,0.2731689728713378
7812,0.0054620700851185896,HOG8-ML04-H1-GPS-Sniper-Specialist-Polisher,Polisher,0.0433569980379134
7839,0.005440765639828598,HOG8-ML04-H1-GPS-Sniper-Specialist-Refiner,Refiner,0.39004342599036296
7850,0.005439562580937039,HOG8-ML04-H1-GPS-Sniper-Specialist-Polisher,Polisher,0.02211194106124064
7861,0.00543806818412193,HOG8-ML04-H1-GPS-Sniper-Specialist-Polisher,Polisher,0.02747273871516781
7871,0.005429947954022671,HOG8-ML04-H1-GPS-Sniper-Specialist-Refiner,Refiner,0.14932196184977756
7883,0.0054262359208797194,HOG8-ML04-H1-GPS-Sniper-Specialist-Refiner,Refiner,0.06836222325485464
7904,0.005406543365982629,HOG8-ML04-H1-GPS-Sniper-Specialist-Refiner,Refiner,0.36291372480349937
7911,0.005406511520352589,HOG8-ML04-H1-GPS-Sniper-Specialist-Polisher,Polisher,0.0005890201536249963
7923,0.00540356059346197,HOG8-ML04-H1-GPS-Sniper-Specialist-Refiner,Refiner,0.05458097850177508
7939,0.005393668370080638,HOG8-ML04-H1-GPS-Sniper-Specialist-Refiner,Refiner,0.1830686120796129
7958,0.005380676351147969,HOG8-ML04-H1-GPS-Sniper-Specialist-Refiner,Refiner,0.2408753753704444
7972,0.0053535957787859976,HOG8-ML04-H1-GPS-Sniper-Specialist-Exploiter,Exploiter,0.5032930916982963
8009,0.005351852939397053,HOG8-ML04-H1-GPS-Sniper-Specialist-Polisher,Polisher,0.032554556992342415
8022,0.005350261184261559,HOG8-ML04-H1-GPS-Sniper-Specialist-Polisher,Polisher,0.029742131435939023
8039,0.0053436622951863666,HOG8-ML04-H1-GPS-Sniper-Specialist-Refiner,Refiner,0.12333769974827131
8065,0.005343651924630057,HOG8-ML04-H1-GPS-Sniper-Specialist-Polisher,Polisher,0.0001940720752297105
8078,0.005334337348285108,HOG8-ML04-H1-GPS-Sniper-Specialist-Refiner,Refiner,0.1743110606066262
8083,0.005328534600276576,HOG8-ML04-H1-GPS-Sniper-Specialist-Refiner,Refiner,0.10878104682294591
8094,0.0053277984468459525,HOG8-ML04-H1-GPS-Sniper-Specialist-Polisher,Polisher,0.013815307318926748
8108,0.0053266563101485274,HOG8-ML04-H1-GPS-Sniper-Specialist-Polisher,Polisher,0.02143731052929014
8118,0.005324819894410209,HOG8-ML04-H1-GPS-Sniper-Specialist-Polisher,Polisher,0.034475956986746464
8129,0.0053212496297765175,HOG8-ML04-H1-GPS-Sniper-Specialist-Refiner,Refiner,0.06704949095910714
8140,0.005314770208689643,HOG8-ML04-H1-GPS-Sniper-Specialist-Refiner,Refiner,0.12176502772238672
8150,0.005311818285387708,HOG8-ML04-H1-GPS-Sniper-Specialist-Refiner,Refiner,0.055541880194720096
8158,0.005302057486548889,HOG8-ML04-H1-GPS-Sniper-Specialist-Refiner,Refiner,0.1837562641340731
8170,0.005299264523858347,HOG8-ML04-H1-GPS-Sniper-Specialist-Refiner,Refiner,0.052676959795838287
8188,0.005286790319529923,HOG8-ML04-H1-GPS-Sniper-Specialist-Refiner,Refiner,0.2353950113692717
8198,0.005286744363592681,HOG8-ML04-H1-GPS-Sniper-Specialist-Polisher,Polisher,0.0008692596918876332
8213,0.005264242791505245,HOG8-ML04-H1-GPS-Sniper-Specialist-Refiner,Refiner,0.42562247273376047
8229,0.00526392370354985,HOG8-ML04-H1-GPS-Sniper-Specialist-Polisher,Polisher,0.006061421709309594
8239,0.0052629951057053155,HOG8-ML04-H1-GPS-Sniper-Specialist-Polisher,Polisher,0.017640792246056674
8249,0.005262588195193754,HOG8-ML04-H1-GPS-Sniper-Specialist-Polisher,Polisher,0.007731538855518636
8260,0.005257952295195097,HOG8-ML04-H1-GPS-Sniper-Specialist-Refiner,Refiner,0.0880916352697036
8268,0.005248265297160825,HOG8-ML04-H1-GPS-Sniper-Specialist-Refiner,Refiner,0.18423518302219677
8280,0.005211040236143541,HOG8-ML04-H1-GPS-Sniper-Specialist-Exploiter,Exploiter,0.7092831423255606
8313,0.005201408371799081,HOG8-ML04-H1-GPS-Sniper-Specialist-Refiner,Refiner,0.18483573160024885
8343,0.005200237352288571,HOG8-ML04-H1-GPS-Sniper-Specialist-Polisher,Polisher,0.022513508396297868
8352,0.00519441365421648,HOG8-ML04-H1-GPS-Sniper-Specialist-Refiner,Refiner,0.11198908198926576
8361,0.005190332444908135,HOG8-ML04-H1-GPS-Sniper-Specialist-Refiner,Refiner,0.07856920106914544
8372,0.005186489939021226,HOG8-ML04-H1-GPS-Sniper-Specialist-Refiner,Refiner,0.07403198018035992
8385,0.0051819958961533095,HOG8-ML04-H1-GPS-Sniper-Specialist-Refiner,Refiner,0.08664902314964544
8404,0.005179703758293465,HOG8-ML04-H1-GPS-Sniper-Specialist-Polisher,Polisher,0.04423272240616378
8415,0.005166280578082353,HOG8-ML04-H1-GPS-Sniper-Specialist-Refiner,Refiner,0.2591495737496461
8429,0.005165168222873945,HOG8-ML04-H1-GPS-Sniper-Specialist-Polisher,Polisher,0.021531064594654235
8468,0.005165035795629432,HOG8-ML04-H1-GPS-Sniper-Specialist-Polisher,Polisher,0.002563851530075275
8480,0.005147424020961221,HOG8-ML04-H1-GPS-Sniper-Specialist-Refiner,Refiner,0.34098068948746024
8490,0.005147419967822992,HOG8-ML04-H1-GPS-Sniper-Specialist-Polisher,Polisher,7.874109869682789E-05
8501,0.005138967929988679,HOG8-ML04-H1-GPS-Sniper-Specialist-Refiner,Refiner,0.16419949969397027
8511,0.005137049473366802,HOG8-ML04-H1-GPS-Sniper-Specialist-Polisher,Polisher,0.03733155466260609
8531,0.005135315831825988,HOG8-ML04-H1-GPS-Sniper-Specialist-Polisher,Polisher,0.03374780698145772
8562,0.005130566539072522,HOG8-ML04-H1-GPS-Sniper-Specialist-Refiner,Refiner,0.09248297298545922
8569,0.005129484059481774,HOG8-ML04-H1-GPS-Sniper-Specialist-Polisher,Polisher,0.021098636622383926
8581,0.00512329580032694,HOG8-ML04-H1-GPS-Sniper-Specialist-Refiner,Refiner,0.12064096667568014
8592,0.005117377533053852,HOG8-ML04-H1-GPS-Sniper-Specialist-Refiner,Refiner,0.1155167982436279
8605,0.005113274902705481,HOG8-ML04-H1-GPS-Sniper-Specialist-Refiner,Refiner,0.08017056239982066
8624,0.005107128346926852,HOG8-ML04-H1-GPS-Sniper-Specialist-Refiner,Refiner,0.12020780997667316
8699,0.00509230501335599,HOG8-ML04-H1-GPS-Sniper-Specialist-Refiner,Refiner,0.2902479155390994
8713,0.0050865463452772946,HOG8-ML04-H1-GPS-Sniper-Specialist-Refiner,Refiner,0.1130856864149291
8729,0.005081178273596888,HOG8-ML04-H1-GPS-Sniper-Specialist-Refiner,Refiner,0.10553470500452397
8741,0.0050721680716042375,HOG8-ML04-H1-GPS-Sniper-Specialist-Refiner,Refiner,0.17732505154305717
8749,0.005059182294376604,HOG8-ML04-H1-GPS-Sniper-Specialist-Refiner,Refiner,0.25602024704843535
8760,0.0050591641147025804,HOG8-ML04-H1-GPS-Sniper-Specialist-Polisher,Polisher,0.00035934016538990163
8769,0.005044186506650516,HOG8-ML04-H1-GPS-Sniper-Specialist-Refiner,Refiner,0.2960490648749226
8778,0.005043937233375334,HOG8-ML04-H1-GPS-Sniper-Specialist-Polisher,Polisher,0.004941793386371648
8788,0.005038246642999927,HOG8-ML04-H1-GPS-Sniper-Specialist-Refiner,Refiner,0.11282040422216986
8802,0.004985721132416731,HOG8-ML04-H1-GPS-Sniper-Specialist-Exploiter,Exploiter,1.042535514933056
8821,0.004985477173789884,HOG8-ML04-H1-GPS-Sniper-Specialist-Polisher,Polisher,0.004893146254421919
8831,0.004980162201321069,HOG8-ML04-H1-GPS-Sniper-Specialist-Refiner,Refiner,0.10660910246981438
8843,0.004980026589109095,HOG8-ML04-H1-GPS-Sniper-Specialist-Polisher,Polisher,0.0027230480954599573
8861,0.004971636633005404,HOG8-ML04-H1-GPS-Sniper-Specialist-Refiner,Refiner,0.16847211462764652
8889,0.004948725578146558,HOG8-ML04-H1-GPS-Sniper-Specialist-Refiner,Refiner,0.46083526512669254
8914,0.004947455695611202,HOG8-ML04-H1-GPS-Sniper-Specialist-Polisher,Polisher,0.025660799236135668
8924,0.004944248231928565,HOG8-ML04-H1-GPS-Sniper-Specialist-Refiner,Refiner,0.06483056908387416
8939,0.004937937558366848,HOG8-ML04-H1-GPS-Sniper-Specialist-Refiner,Refiner,0.12763666518529726
8963,0.004934634592438982,HOG8-ML04-H1-GPS-Sniper-Specialist-Refiner,Refiner,0.06688958474717757
8968,0.004934528750161136,HOG8-ML04-H1-GPS-Sniper-Specialist-Polisher,Polisher,0.0021448858241292874
8978,0.004928893640575039,HOG8-ML04-H1-GPS-Sniper-Specialist-Refiner,Refiner,0.1141975226289364
8989,0.004926563999538237,HOG8-ML04-H1-GPS-Sniper-Specialist-Polisher,Polisher,0.047264988995188384
8999,0.004925503361096302,HOG8-ML04-H1-GPS-Sniper-Specialist-Polisher,Polisher,0.021528969115894823
9011,0.004924707964805857,HOG8-ML04-H1-GPS-Sniper-Specialist-Polisher,Polisher,0.01614852802105251
9024,0.004912306389854002,HOG8-ML04-H1-GPS-Sniper-Specialist-Refiner,Refiner,0.2518235607163293
9042,0.004908805698066022,HOG8-ML04-H1-GPS-Sniper-Specialist-Refiner,Refiner,0.07126371016292152
9052,0.004908439587766107,HOG8-ML04-H1-GPS-Sniper-Specialist-Polisher,Polisher,0.007458235718296684
9071,0.004894881751300079,HOG8-ML04-H1-GPS-Sniper-Specialist-Refiner,Refiner,0.2762147974647623
9084,0.004893438276249736,HOG8-ML04-H1-GPS-Sniper-Specialist-Polisher,Polisher,0.029489477451824123
9099,0.004863715440175045,HOG8-ML04-H1-GPS-Sniper-Specialist-Exploiter,Exploiter,0.6074018797570246
9108,0.004834019601667137,HOG8-ML04-H1-GPS-Sniper-Specialist-Exploiter,Exploiter,0.6105587153108415
9114,0.00482563840723869,HOG8-ML04-H1-GPS-Sniper-Specialist-Refiner,Refiner,0.1733794051136417
9123,0.004818015050564579,HOG8-ML04-H1-GPS-Sniper-Specialist-Refiner,Refiner,0.15797612731770072
9140,0.004809981832142886,HOG8-ML04-H1-GPS-Sniper-Specialist-Refiner,Refiner,0.16673294577506612
9159,0.004809097975290415,HOG8-ML04-H1-GPS-Sniper-Specialist-Polisher,Polisher,0.01837547174429324
9169,0.004807546438478592,HOG8-ML04-H1-GPS-Sniper-Specialist-Polisher,Polisher,0.03226253280334564
9179,0.004793340548990933,HOG8-ML04-H1-GPS-Sniper-Specialist-Refiner,Refiner,0.2954914667897654
9188,0.004793251925542185,HOG8-ML04-H1-GPS-Sniper-Specialist-Polisher,Polisher,0.001848886968122127
9208,0.004781021502516173,HOG8-ML04-H1-GPS-Sniper-Specialist-Refiner,Refiner,0.2551591949682174
9229,0.004778881771793935,HOG8-ML04-H1-GPS-Sniper-Specialist-Polisher,Polisher,0.044754676821925646
9248,0.004774547967129075,HOG8-ML04-H1-GPS-Sniper-Specialist-Refiner,Refiner,0.09068658468260564
9264,0.004772107016411228,HOG8-ML04-H1-GPS-Sniper-Specialist-Refiner,Refiner,0.05112422651636533
9285,0.004769729763440259,HOG8-ML04-H1-GPS-Sniper-Specialist-Polisher,Polisher,0.04981558382477728
9298,0.0047626159228206216,HOG8-ML04-H1-GPS-Sniper-Specialist-Refiner,Refiner,0.1491455695072063
9309,0.004729166179511767,HOG8-ML04-H1-GPS-Sniper-Specialist-Exploiter,Exploiter,0.7023397194087374
9319,0.004727892051181562,HOG8-ML04-H1-GPS-Sniper-Specialist-Polisher,Polisher,0.02694192341401861
9338,0.004727804241190624,HOG8-ML04-H1-GPS-Sniper-Specialist-Polisher,Polisher,0.0018572757158320144
9349,0.004726355290795514,HOG8-ML04-H1-GPS-Sniper-Specialist-Polisher,Polisher,0.03064742787965318
9359,0.004724738544184326,HOG8-ML04-H1-GPS-Sniper-Specialist-Polisher,Polisher,0.034207047750656375
9374,0.004724598000612551,HOG8-ML01-H2-GPS-GradientEstimation-Escape-Specialist-Polisher,Polisher,0.0029746317274697777
9391,0.0047118725952004226,HOG8-ML04-H1-GPS-Sniper-Specialist-Refiner,Refiner,0.26934366501612134
9403,0.004701990921062483,HOG8-ML04-H1-GPS-Sniper-Specialist-Refiner,Refiner,0.20971861904766487
9433,0.004700488372133204,HOG8-ML04-H1-GPS-Sniper-Specialist-Polisher,Polisher,0.031955589759830774
9453,0.0046989512750870675,HOG8-ML04-H1-GPS-Sniper-Specialist-Polisher,Polisher,0.03270079456527938
9474,0.004690936910263958,HOG8-ML04-H1-GPS-Sniper-Specialist-Refiner,Refiner,0.17055645725888816
9494,0.004686393565702201,HOG8-ML04-H1-GPS-Sniper-Specialist-Refiner,Refiner,0.09685367014456735
9518,0.004679637713128715,HOG8-ML04-H1-GPS-Sniper-Specialist-Refiner,Refiner,0.14415888206506755
9544,0.004679629526106769,HOG8-ML04-H1-GPS-Sniper-Specialist-Polisher,Polisher,0.00017494990955598569
9553,0.004669846739529434,HOG8-ML04-H1-GPS-Sniper-Specialist-Refiner,Refiner,0.20905044988621524
9563,0.00465396532931989,HOG8-ML04-H1-GPS-Sniper-Specialist-Refiner,Refiner,0.34008418467164325
9589,0.004653315340123928,HOG8-ML04-H1-GPS-Sniper-Specialist-Polisher,Polisher,0.013966352346188267
9629,0.004652102835635874,HOG8-ML04-H1-GPS-Sniper-Specialist-Polisher,Polisher,0.02605678746074204
9640,0.004651729770371518,HOG8-ML04-H1-GPS-Sniper-Specialist-Polisher,Polisher,0.008019282409201509
9658,0.0046411364713914716,HOG8-ML04-H1-GPS-Sniper-Specialist-Refiner,Refiner,0.22772816786388933
9690,0.004633103244665123,HOG8-ML04-H1-GPS-Sniper-Specialist-Refiner,Refiner,0.17308749216633876
9699,0.004629618064264027,HOG8-ML04-H1-GPS-Sniper-Specialist-Refiner,Refiner,0.07522345644054382
9719,0.004616724897217675,HOG8-ML04-H1-GPS-Sniper-Specialist-Refiner,Refiner,0.27849310391009857
9749,0.004616698489482455,HOG8-ML04-H1-GPS-Sniper-Specialist-Polisher,Polisher,0.0005720014904034415
9768,0.00460632573001969,HOG8-ML04-H1-GPS-Sniper-Specialist-Refiner,Refiner,0.22467916166489513
9789,0.004604948235944029,HOG8-ML04-H1-GPS-Sniper-Specialist-Polisher,Polisher,0.029904400087985672
9822,0.004603137395885513,HOG8-ML04-H1-GPS-Sniper-Specialist-Polisher,Polisher,0.03932378749410858
9854,0.004600871145032465,HOG8-ML04-H1-GPS-Sniper-Specialist-Polisher,Polisher,0.04923274406438482
9862,0.004598833940400861,HOG8-ML04-H1-GPS-Sniper-Specialist-Polisher,Polisher,0.044278671742494405
9889,0.0045964884969985345,HOG8-ML04-H1-GPS-Sniper-Specialist-Refiner,Refiner,0.0510008283126146
9909,0.004596464681879287,HOG8-ML04-H1-GPS-Sniper-Specialist-Polisher,Polisher,0.000518115497577356
9915,0.0045959627097282105,HOG8-ML04-H1-GPS-Sniper-Specialist-Polisher,Polisher,0.010920831243532866
9945,0.0045959291633028325,HOG8-ML04-H1-GPS-Sniper-Specialist-Polisher,Polisher,0.0007299107389841455
9949,0.004593693842124651,HOG8-ML04-H1-GPS-Sniper-Specialist-Polisher,Polisher,0.048636980657366775
9958,0.004592966824903415,HOG8-ML04-H1-GPS-Sniper-Specialist-Polisher,Polisher,0.015826418699669196
9979,0.00459296564854304,HOG8-ML04-H1-GPS-Sniper-Specialist-Polisher,Polisher,2.5612211458857868E-05
9994,0.0045912222822819156,HOG8-ML04-H1-GPS-Sniper-Specialist-Polisher,Polisher,0.03795731112591956
10033,0.004570219822019827,HOG8-ML04-H1-GPS-Sniper-Specialist-Refiner,Refiner,0.4574481253748028
10000,0.004570219822019827,Final,Final,0
