TimeMs,BestQuality,Source,Role,DeltaPct
8,872671.4273682403,HOG8-ML00-H1-GPS-GradientEstimation-Escape-Specialist-Global Explorer,Global Explorer,100
8,748780.7290474977,HOG8-ML03-H2-GPS-JADE-Specialist-Local Explorer,Local Explorer,14.196717623076772
8,382017.1218859837,HOG8-ML04-H1-GPS-Sniper-Specialist-Local Explorer,Local Explorer,48.98144315600422
12,229.76434964284695,HOG8-ML06-H2-GPS-Spray-Specialist-Global Explorer,Global Explorer,99.93985496029379
21,32.196723916169304,HOG8-ML00-H2-GPS-GradientEstimation-Escape-Specialist-Global Explorer,Global Explorer,85.98706719897281
21,28.80299431379251,HOG8-ML02-H1-GPS-GradientEstimation-Escape-Specialist-Local Explorer,Local Explorer,10.540605346099985
30,28.53786344645552,HOG8-ML06-H2-GPS-Spray-Specialist-Exploiter,Exploiter,0.9204975859403245
32,26.79343270247809,HOG8-ML02-H1-GPS-GradientEstimation-Escape-Specialist-Local Explorer,Local Explorer,6.112688664484079
36,26.16292638343339,HOG8-ML00-H2-GPS-GradientEstimation-Escape-Specialist-Exploiter,Exploiter,2.3532121697358472
45,25.23003377282468,HOG8-ML00-H2-GPS-GradientEstimation-Escape-Specialist-Exploiter,Exploiter,3.56570437471944
57,24.68645196903902,HOG8-ML00-H2-GPS-GradientEstimation-Escape-Specialist-Exploiter,Exploiter,2.1545028781180346
66,24.465336916187077,HOG8-ML00-H2-GPS-GradientEstimation-Escape-Specialist-Exploiter,Exploiter,0.8956939341840544
76,24.076795656779012,HOG8-ML02-H1-GPS-GradientEstimation-Escape-Specialist-Exploiter,Exploiter,1.5881296085932626
87,23.790417141460342,HOG8-ML02-H1-GPS-GradientEstimation-Escape-Specialist-Exploiter,Exploiter,1.1894378280277438
100,23.61490256052159,HOG8-ML00-H2-GPS-GradientEstimation-Escape-Specialist-Exploiter,Exploiter,0.7377532722319433
101,23.52379410199217,HOG8-ML02-H1-GPS-GradientEstimation-Escape-Specialist-Refiner,Refiner,0.3858091656144726
110,23.38194323506354,HOG8-ML00-H2-GPS-GradientEstimation-Escape-Specialist-Exploiter,Exploiter,0.6030101535220258
112,23.293916609086295,HOG8-ML02-H1-GPS-GradientEstimation-Escape-Specialist-Refiner,Refiner,0.376472669924378
120,23.219506068907624,HOG8-ML00-H2-GPS-GradientEstimation-Escape-Specialist-Refiner,Refiner,0.3194419445532249
120,23.126827795073993,HOG8-ML02-H1-GPS-GradientEstimation-Escape-Specialist-Refiner,Refiner,0.3991397300123138
132,22.904298242066943,HOG8-ML02-H1-GPS-GradientEstimation-Escape-Specialist-Exploiter,Exploiter,0.9622139057672596
141,22.82334258998149,HOG8-ML00-H2-GPS-GradientEstimation-Escape-Specialist-Refiner,Refiner,0.35345178983378395
141,22.703434368993186,HOG8-ML02-H1-GPS-GradientEstimation-Escape-Specialist-Exploiter,Exploiter,0.525375371795622
155,22.57523560565573,HOG8-ML00-H2-GPS-GradientEstimation-Escape-Specialist-Exploiter,Exploiter,0.5646668308145486
157,22.445685150585263,HOG8-ML02-H1-GPS-GradientEstimation-Escape-Specialist-Exploiter,Exploiter,0.5738609214692423
166,22.31347278546626,HOG8-ML00-H2-GPS-GradientEstimation-Escape-Specialist-Exploiter,Exploiter,0.5890324319886274
166,22.204891750917874,HOG8-ML02-H1-GPS-GradientEstimation-Escape-Specialist-Refiner,Refiner,0.48661647423663246
176,22.102229728596047,HOG8-ML00-H2-GPS-GradientEstimation-Escape-Specialist-Refiner,Refiner,0.4623396658422482
176,21.996665977140374,HOG8-ML02-H1-GPS-GradientEstimation-Escape-Specialist-Refiner,Refiner,0.4776158457854305
187,21.8634010362849,HOG8-ML00-H2-GPS-GradientEstimation-Escape-Specialist-Exploiter,Exploiter,0.6058415443229848
187,21.80434989809811,HOG8-ML02-H1-GPS-GradientEstimation-Escape-Specialist-Refiner,Refiner,0.2700912730310626
196,21.661165812726853,HOG8-ML00-H2-GPS-GradientEstimation-Escape-Specialist-Exploiter,Exploiter,0.6566767000182187
196,21.595360004179433,HOG8-ML02-H1-GPS-GradientEstimation-Escape-Specialist-Refiner,Refiner,0.30379624585467385
206,21.39858497685736,HOG8-ML02-H1-GPS-GradientEstimation-Escape-Specialist-Exploiter,Exploiter,0.9111912340613432
216,21.196692160767707,HOG8-ML02-H1-GPS-GradientEstimation-Escape-Specialist-Exploiter,Exploiter,0.9434867600264286
225,21.005634638858517,HOG8-ML02-H1-GPS-GradientEstimation-Escape-Specialist-Exploiter,Exploiter,0.9013553646017124
230,20.995767149318166,HOG8-ML00-H2-GPS-GradientEstimation-Escape-Specialist-Polisher,Polisher,0.04697544116137894
236,20.824002158032602,HOG8-ML02-H1-GPS-GradientEstimation-Escape-Specialist-Exploiter,Exploiter,0.8180934283753546
240,20.80760040186921,HOG8-ML00-H2-GPS-GradientEstimation-Escape-Specialist-Refiner,Refiner,0.0787637075664947
246,20.6225500032585,HOG8-ML02-H1-GPS-GradientEstimation-Escape-Specialist-Exploiter,Exploiter,0.8893404094500278
251,20.614672435468698,HOG8-ML00-H2-GPS-GradientEstimation-Escape-Specialist-Polisher,Polisher,0.03819880562082198
256,20.43122909068705,HOG8-ML02-H1-GPS-GradientEstimation-Escape-Specialist-Exploiter,Exploiter,0.889867861620846
261,20.420492644909142,HOG8-ML00-H2-GPS-GradientEstimation-Escape-Specialist-Refiner,Refiner,0.05254919187804674
266,20.244518143333302,HOG8-ML02-H1-GPS-GradientEstimation-Escape-Specialist-Exploiter,Exploiter,0.8617544377398318
271,20.224381604576006,HOG8-ML00-H2-GPS-GradientEstimation-Escape-Specialist-Refiner,Refiner,0.09946662407436324
282,20.026870386069895,HOG8-ML02-H1-GPS-GradientEstimation-Escape-Specialist-Exploiter,Exploiter,0.9765995438961761
286,20.005577135705906,HOG8-ML00-H2-GPS-GradientEstimation-Escape-Specialist-Refiner,Refiner,0.10632340427389027
292,19.78990410818371,HOG8-ML02-H1-GPS-GradientEstimation-Escape-Specialist-Exploiter,Exploiter,1.0780645120068246
301,19.611969796778833,HOG8-ML02-H1-GPS-GradientEstimation-Escape-Specialist-Exploiter,Exploiter,0.8991165921379811
311,19.41178010797647,HOG8-ML02-H1-GPS-GradientEstimation-Escape-Specialist-Exploiter,Exploiter,1.0207525856747166
321,19.192624799670046,HOG8-ML02-H1-GPS-GradientEstimation-Escape-Specialist-Exploiter,Exploiter,1.128980995495462
332,18.972557189202888,HOG8-ML02-H1-GPS-GradientEstimation-Escape-Specialist-Exploiter,Exploiter,1.1466259188839105
346,18.78777562699523,HOG8-ML02-H1-GPS-GradientEstimation-Escape-Specialist-Exploiter,Exploiter,0.9739412582338396
356,18.604000156443693,HOG8-ML02-H1-GPS-GradientEstimation-Escape-Specialist-Exploiter,Exploiter,0.9781651335428982
367,18.49557763449843,HOG8-ML02-H1-GPS-GradientEstimation-Escape-Specialist-Exploiter,Exploiter,0.5827914482558632
380,18.37620708187498,HOG8-ML00-H2-GPS-GradientEstimation-Escape-Specialist-Exploiter,Exploiter,0.645400511313569
381,18.284487834376588,HOG8-ML02-H1-GPS-GradientEstimation-Escape-Specialist-Refiner,Refiner,0.4991195794090626
390,18.055451806968144,HOG8-ML02-H1-GPS-GradientEstimation-Escape-Specialist-Exploiter,Exploiter,1.2526247903856214
401,17.83682445918096,HOG8-ML02-H1-GPS-GradientEstimation-Escape-Specialist-Exploiter,Exploiter,1.21086611470342
411,17.653904929677697,HOG8-ML02-H1-GPS-GradientEstimation-Escape-Specialist-Exploiter,Exploiter,1.0255162286418666
425,17.53585215473927,HOG8-ML00-H2-GPS-GradientEstimation-Escape-Specialist-Exploiter,Exploiter,0.6687063027056986
426,17.47057436514894,HOG8-ML02-H1-GPS-GradientEstimation-Escape-Specialist-Refiner,Refiner,0.372253307192072
436,17.356315046090682,HOG8-ML00-H2-GPS-GradientEstimation-Escape-Specialist-Exploiter,Exploiter,0.6540100895949301
436,17.297518657673287,HOG8-ML02-H1-GPS-GradientEstimation-Escape-Specialist-Refiner,Refiner,0.3387607810831853
445,17.13676482590652,HOG8-ML00-H2-GPS-GradientEstimation-Escape-Specialist-Exploiter,Exploiter,0.9293461966896275
447,17.083034427303446,HOG8-ML02-H1-GPS-GradientEstimation-Escape-Specialist-Refiner,Refiner,0.3135387522028005
461,16.923689160440745,HOG8-ML00-H2-GPS-GradientEstimation-Escape-Specialist-Exploiter,Exploiter,0.932769102238785
461,16.87596143262559,HOG8-ML02-H1-GPS-GradientEstimation-Escape-Specialist-Refiner,Refiner,0.2820172798181494
470,16.780822183541652,HOG8-ML00-H2-GPS-GradientEstimation-Escape-Specialist-Exploiter,Exploiter,0.5637560234050438
471,16.680357316757803,HOG8-ML02-H1-GPS-GradientEstimation-Escape-Specialist-Exploiter,Exploiter,0.5986885844150297
480,16.608873961465,HOG8-ML00-H2-GPS-GradientEstimation-Escape-Specialist-Refiner,Refiner,0.4285481056271306
482,16.47715561139323,HOG8-ML02-H1-GPS-GradientEstimation-Escape-Specialist-Exploiter,Exploiter,0.7930600856950175
495,16.384019757906533,HOG8-ML00-H2-GPS-GradientEstimation-Escape-Specialist-Exploiter,Exploiter,0.5652423008149372
495,16.252447329796492,HOG8-ML02-H1-GPS-GradientEstimation-Escape-Specialist-Exploiter,Exploiter,0.803053402365109
507,16.202514361034087,HOG8-ML00-H2-GPS-GradientEstimation-Escape-Specialist-Refiner,Refiner,0.307233536889307
507,16.071050190690045,HOG8-ML02-H1-GPS-GradientEstimation-Escape-Specialist-Exploiter,Exploiter,0.8113812919074114
520,16.0678483463142,HOG8-ML00-H2-GPS-GradientEstimation-Escape-Specialist-Polisher,Polisher,0.019923056289746482
525,15.896423119536905,HOG8-ML02-H1-GPS-GradientEstimation-Escape-Specialist-Exploiter,Exploiter,1.066883524679383
536,15.73899729857179,HOG8-ML00-H2-GPS-GradientEstimation-Escape-Specialist-Exploiter,Exploiter,0.9903222868522928
536,15.676419245749788,HOG8-ML02-H1-GPS-GradientEstimation-Escape-Specialist-Refiner,Refiner,0.39759872649372374
546,15.524907309951988,HOG8-ML00-H2-GPS-GradientEstimation-Escape-Specialist-Exploiter,Exploiter,0.9664958140161858
546,15.464676954927889,HOG8-ML02-H1-GPS-GradientEstimation-Escape-Specialist-Refiner,Refiner,0.38795951448605426
556,15.25646178041889,HOG8-ML02-H1-GPS-GradientEstimation-Escape-Specialist-Exploiter,Exploiter,1.3463920075139346
570,15.098366848387313,HOG8-ML00-H2-GPS-GradientEstimation-Escape-Specialist-Exploiter,Exploiter,1.0362489960449839
570,15.046342047224865,HOG8-ML02-H1-GPS-GradientEstimation-Escape-Specialist-Refiner,Refiner,0.34457237451482814
581,14.888985636194237,HOG8-ML00-H2-GPS-GradientEstimation-Escape-Specialist-Exploiter,Exploiter,1.045811736412379
581,14.826046244249982,HOG8-ML02-H1-GPS-GradientEstimation-Escape-Specialist-Refiner,Refiner,0.42272451248292564
592,14.70545499720405,HOG8-ML00-H2-GPS-GradientEstimation-Escape-Specialist-Exploiter,Exploiter,0.8133742810407093
592,14.652390709758603,HOG8-ML02-H1-GPS-GradientEstimation-Escape-Specialist-Refiner,Refiner,0.3608476409300971
607,14.49613183226625,HOG8-ML00-H2-GPS-GradientEstimation-Escape-Specialist-Exploiter,Exploiter,1.066439467712817
607,14.447964722026637,HOG8-ML02-H1-GPS-GradientEstimation-Escape-Specialist-Refiner,Refiner,0.33227560839645026
612,14.316902489131243,HOG8-ML00-H2-GPS-GradientEstimation-Escape-Specialist-Exploiter,Exploiter,0.9071328413169697
612,14.255936280195321,HOG8-ML02-H1-GPS-GradientEstimation-Escape-Specialist-Refiner,Refiner,0.4258337931839961
626,14.108046419325056,HOG8-ML00-H2-GPS-GradientEstimation-Escape-Specialist-Exploiter,Exploiter,1.0373914274274432
626,14.044091604062126,HOG8-ML02-H1-GPS-GradientEstimation-Escape-Specialist-Refiner,Refiner,0.4533215539702595
638,13.925763068975842,HOG8-ML00-H2-GPS-GradientEstimation-Escape-Specialist-Exploiter,Exploiter,0.8425502939047986
638,13.8731726739284,HOG8-ML02-H1-GPS-GradientEstimation-Escape-Specialist-Refiner,Refiner,0.37764821063633064
646,13.797108728042415,HOG8-ML00-H2-GPS-GradientEstimation-Escape-Specialist-Exploiter,Exploiter,0.5482808271314159
646,13.708491725677993,HOG8-ML02-H1-GPS-GradientEstimation-Escape-Specialist-Exploiter,Exploiter,0.6422867581257071
657,13.577684413589502,HOG8-ML00-H2-GPS-GradientEstimation-Escape-Specialist-Exploiter,Exploiter,0.9542064488646106
658,13.475793055040974,HOG8-ML02-H1-GPS-GradientEstimation-Escape-Specialist-Exploiter,Exploiter,0.7504325144466304
670,13.365952278235044,HOG8-ML00-H2-GPS-GradientEstimation-Escape-Specialist-Exploiter,Exploiter,0.8150969398037851
671,13.306485221440093,HOG8-ML02-H1-GPS-GradientEstimation-Escape-Specialist-Refiner,Refiner,0.44491447789908783
680,13.2011928974345,HOG8-ML00-H2-GPS-GradientEstimation-Escape-Specialist-Exploiter,Exploiter,0.7912857697082932
681,13.086561182461645,HOG8-ML02-H1-GPS-GradientEstimation-Escape-Specialist-Exploiter,Exploiter,0.8683436100318831
691,12.917124966639744,HOG8-ML02-H1-GPS-GradientEstimation-Escape-Specialist-Exploiter,Exploiter,1.2947344490237584
705,12.760715176362659,HOG8-ML00-H2-GPS-GradientEstimation-Escape-Specialist-Exploiter,Exploiter,1.210871542088774
705,12.702423982698027,HOG8-ML02-H1-GPS-GradientEstimation-Escape-Specialist-Refiner,Refiner,0.45680193358290266
712,12.538269097092423,HOG8-ML02-H1-GPS-GradientEstimation-Escape-Specialist-Exploiter,Exploiter,1.2923114976259662
726,12.422706814676253,HOG8-ML00-H2-GPS-GradientEstimation-Escape-Specialist-Exploiter,Exploiter,0.921676521067551
726,12.350578315010438,HOG8-ML02-H1-GPS-GradientEstimation-Escape-Specialist-Exploiter,Exploiter,0.5806182238850117
737,12.238177220635292,HOG8-ML00-H2-GPS-GradientEstimation-Escape-Specialist-Exploiter,Exploiter,0.9100877020352801
737,12.172912208328722,HOG8-ML02-H1-GPS-GradientEstimation-Escape-Specialist-Exploiter,Exploiter,0.5332903023868956
747,12.096288766236741,HOG8-ML00-H2-GPS-GradientEstimation-Escape-Specialist-Exploiter,Exploiter,0.6294585944648037
747,11.994634548713767,HOG8-ML02-H1-GPS-GradientEstimation-Escape-Specialist-Exploiter,Exploiter,0.840375254654236
757,11.916473885759238,HOG8-ML00-H2-GPS-GradientEstimation-Escape-Specialist-Exploiter,Exploiter,0.6516302154692203
757,11.7865815037951,HOG8-ML02-H1-GPS-GradientEstimation-Escape-Specialist-Exploiter,Exploiter,1.090023636265138
766,11.708921310181298,HOG8-ML00-H2-GPS-GradientEstimation-Escape-Specialist-Exploiter,Exploiter,0.6588864938387501
766,11.617025458781656,HOG8-ML02-H1-GPS-GradientEstimation-Escape-Specialist-Exploiter,Exploiter,0.7848361857187904
777,11.50300412563009,HOG8-ML00-H2-GPS-GradientEstimation-Escape-Specialist-Exploiter,Exploiter,0.9815019649920274
781,11.414958308659635,HOG8-ML02-H1-GPS-GradientEstimation-Escape-Specialist-Exploiter,Exploiter,0.7654158514494332
790,11.323319471455845,HOG8-ML00-H2-GPS-GradientEstimation-Escape-Specialist-Exploiter,Exploiter,0.8027960744654774
792,11.224097972736292,HOG8-ML02-H1-GPS-GradientEstimation-Escape-Specialist-Exploiter,Exploiter,0.876258052858733
801,11.143188013867698,HOG8-ML00-H2-GPS-GradientEstimation-Escape-Specialist-Exploiter,Exploiter,0.720859342685056
801,11.052088266551769,HOG8-ML02-H1-GPS-GradientEstimation-Escape-Specialist-Exploiter,Exploiter,0.8175375592923336
816,10.934548214276141,HOG8-ML00-H2-GPS-GradientEstimation-Escape-Specialist-Exploiter,Exploiter,1.0635098946083574
816,10.84373183905433,HOG8-ML02-H1-GPS-GradientEstimation-Escape-Specialist-Exploiter,Exploiter,0.8305452904148464
825,10.6270261176152,HOG8-ML02-H1-GPS-GradientEstimation-Escape-Specialist-Exploiter,Exploiter,1.9984422766584071
836,10.549155758474518,HOG8-ML00-H2-GPS-GradientEstimation-Escape-Specialist-Exploiter,Exploiter,0.7327577657083731
836,10.45579151426106,HOG8-ML02-H1-GPS-GradientEstimation-Escape-Specialist-Exploiter,Exploiter,0.885039962922671
848,10.38000984429625,HOG8-ML00-H2-GPS-GradientEstimation-Escape-Specialist-Exploiter,Exploiter,0.7247817619684592
848,10.291600092996713,HOG8-ML02-H1-GPS-GradientEstimation-Escape-Specialist-Exploiter,Exploiter,0.8517309003142937
855,10.20387739988851,HOG8-ML00-H2-GPS-GradientEstimation-Escape-Specialist-Exploiter,Exploiter,0.8523717625590326
855,10.143290008128583,HOG8-ML02-H1-GPS-GradientEstimation-Escape-Specialist-Exploiter,Exploiter,0.5937683234080169
866,9.987947341694882,HOG8-ML00-H2-GPS-GradientEstimation-Escape-Specialist-Exploiter,Exploiter,1.5314820567016474
866,9.927681924870253,HOG8-ML02-H1-GPS-GradientEstimation-Escape-Specialist-Exploiter,Exploiter,0.6033814032343774
879,9.816298805597292,HOG8-ML00-H2-GPS-GradientEstimation-Escape-Specialist-Exploiter,Exploiter,1.1219448821575435
880,9.763976211037566,HOG8-ML02-H1-GPS-GradientEstimation-Escape-Specialist-Exploiter,Exploiter,0.5330175414983451
889,9.64807712800331,HOG8-ML00-H2-GPS-GradientEstimation-Escape-Specialist-Exploiter,Exploiter,1.187007019775806
891,9.582294745448477,HOG8-ML02-H1-GPS-GradientEstimation-Escape-Specialist-Exploiter,Exploiter,0.6818185808641697
899,9.464339539150274,HOG8-ML00-H2-GPS-GradientEstimation-Escape-Specialist-Exploiter,Exploiter,1.230970340942931
899,9.401703228951304,HOG8-ML02-H1-GPS-GradientEstimation-Escape-Specialist-Exploiter,Exploiter,0.6618138533583675
910,9.285292247124598,HOG8-ML00-H2-GPS-GradientEstimation-Escape-Specialist-Exploiter,Exploiter,1.2381903469174942
912,9.225874649348558,HOG8-ML02-H1-GPS-GradientEstimation-Escape-Specialist-Exploiter,Exploiter,0.6399109063523559
921,9.114620576537769,HOG8-ML00-H2-GPS-GradientEstimation-Escape-Specialist-Exploiter,Exploiter,1.2058918751800385
921,9.055607470215097,HOG8-ML02-H1-GPS-GradientEstimation-Escape-Specialist-Exploiter,Exploiter,0.6474554352221665
931,8.900792955486803,HOG8-ML00-H2-GPS-GradientEstimation-Escape-Specialist-Exploiter,Exploiter,1.709598337135261
931,8.846819274825684,HOG8-ML02-H1-GPS-GradientEstimation-Escape-Specialist-Exploiter,Exploiter,0.6063918229650314
946,8.694092626942734,HOG8-ML00-H2-GPS-GradientEstimation-Escape-Specialist-Exploiter,Exploiter,1.7263452901942502
946,8.685598389664406,HOG8-ML02-H1-GPS-GradientEstimation-Escape-Specialist-Refiner,Refiner,0.0977012512151532
952,8.495551770366042,HOG8-ML02-H1-GPS-GradientEstimation-Escape-Specialist-Exploiter,Exploiter,2.188065931352685
956,8.488977826652786,HOG8-ML00-H2-GPS-GradientEstimation-Escape-Specialist-Refiner,Refiner,0.07738100939114308
966,8.309917146559597,HOG8-ML00-H2-GPS-GradientEstimation-Escape-Specialist-Exploiter,Exploiter,2.109331461922224
976,8.142490488077337,HOG8-ML00-H2-GPS-GradientEstimation-Escape-Specialist-Exploiter,Exploiter,2.0147813212743797
976,8.141989879594068,HOG8-ML02-H1-GPS-GradientEstimation-Escape-Specialist-Polisher,Polisher,0.006148100314059105
987,7.92361287093351,HOG8-ML00-H2-GPS-GradientEstimation-Escape-Specialist-Exploiter,Exploiter,2.68210857407066
996,7.730331901403044,HOG8-ML02-H1-GPS-GradientEstimation-Escape-Specialist-Exploiter,Exploiter,2.439303543456613
1017,7.469420571868891,HOG8-ML00-H2-GPS-GradientEstimation-Escape-Specialist-Exploiter,Exploiter,3.3751633547169937
1027,7.333434477660493,HOG8-ML00-H2-GPS-GradientEstimation-Escape-Specialist-Exploiter,Exploiter,1.8205708582074642
1038,7.135133026662092,HOG8-ML02-H1-GPS-GradientEstimation-Escape-Specialist-Exploiter,Exploiter,2.704073399748478
1041,7.128659565205181,HOG8-ML00-H2-GPS-GradientEstimation-Escape-Specialist-Refiner,Refiner,0.09072656995631381
1050,6.911347699158975,HOG8-ML00-H2-GPS-GradientEstimation-Escape-Specialist-Exploiter,Exploiter,3.0484253604548597
1062,6.715228015699277,HOG8-ML02-H1-GPS-GradientEstimation-Escape-Specialist-Exploiter,Exploiter,2.8376474747980542
1062,6.704901931952817,HOG8-ML00-H2-GPS-GradientEstimation-Escape-Specialist-Refiner,Refiner,0.15377115598040053
1071,6.512189877913361,HOG8-ML02-H1-GPS-GradientEstimation-Escape-Specialist-Exploiter,Exploiter,2.8741964609664024
1087,6.3580220898667275,HOG8-ML00-H2-GPS-GradientEstimation-Escape-Specialist-Exploiter,Exploiter,2.367372434417283
1087,6.328930711149671,HOG8-ML02-H1-GPS-GradientEstimation-Escape-Specialist-Refiner,Refiner,0.45755391072675455
1096,6.1795275559207266,HOG8-ML00-H2-GPS-GradientEstimation-Escape-Specialist-Exploiter,Exploiter,2.3606381875178593
1096,6.1503375871083374,HOG8-ML02-H1-GPS-GradientEstimation-Escape-Specialist-Refiner,Refiner,0.4723657034981846
1107,5.9734666059070225,HOG8-ML00-H2-GPS-GradientEstimation-Escape-Specialist-Exploiter,Exploiter,2.8757930551983435
1107,5.94546354697942,HOG8-ML02-H1-GPS-GradientEstimation-Escape-Specialist-Refiner,Refiner,0.4687907504146885
1116,5.810438169887499,HOG8-ML00-H2-GPS-GradientEstimation-Escape-Specialist-Exploiter,Exploiter,2.271065595222097
1116,5.766820386101589,HOG8-ML02-H1-GPS-GradientEstimation-Escape-Specialist-Exploiter,Exploiter,0.7506797682136718
1126,5.620792312365053,HOG8-ML00-H2-GPS-GradientEstimation-Escape-Specialist-Exploiter,Exploiter,2.532211235301751
1131,5.560651939533301,HOG8-ML02-H1-GPS-GradientEstimation-Escape-Specialist-Exploiter,Exploiter,1.069962551355088
1134,5.445060531801028,HOG8-ML00-H2-GPS-GradientEstimation-Escape-Specialist-Exploiter,Exploiter,2.0787384103378086
1141,5.356047356955374,HOG8-ML02-H1-GPS-GradientEstimation-Escape-Specialist-Exploiter,Exploiter,1.6347508778972497
1147,5.242836716097908,HOG8-ML00-H2-GPS-GradientEstimation-Escape-Specialist-Exploiter,Exploiter,2.1136975331342183
1152,5.153282764450586,HOG8-ML02-H1-GPS-GradientEstimation-Escape-Specialist-Exploiter,Exploiter,1.708120174186424
1161,5.027445687795577,HOG8-ML00-H2-GPS-GradientEstimation-Escape-Specialist-Exploiter,Exploiter,2.441881852924584
1167,5.0162155895657605,HOG8-ML00-H2-GPS-GradientEstimation-Escape-Specialist-Refiner,Refiner,0.22337582397117303
1167,4.9308655641090615,HOG8-ML02-H1-GPS-GradientEstimation-Escape-Specialist-Exploiter,Exploiter,1.7014824010801244
1171,4.857190246665142,HOG8-ML00-H2-GPS-GradientEstimation-Escape-Specialist-Exploiter,Exploiter,1.4941660137763633
1177,4.836494488671315,HOG8-ML00-H2-GPS-GradientEstimation-Escape-Specialist-Refiner,Refiner,0.4260849779980526
1177,4.76710477722661,HOG8-ML02-H1-GPS-GradientEstimation-Escape-Specialist-Exploiter,Exploiter,1.4347108552948618
1181,4.676657698652434,HOG8-ML00-H2-GPS-GradientEstimation-Escape-Specialist-Exploiter,Exploiter,1.8973167740356605
1186,4.587300217464157,HOG8-ML02-H1-GPS-GradientEstimation-Escape-Specialist-Exploiter,Exploiter,1.910712456334477
1196,4.467760623302583,HOG8-ML00-H2-GPS-GradientEstimation-Escape-Specialist-Exploiter,Exploiter,2.6058812045149913
1196,4.4089127290643795,HOG8-ML02-H1-GPS-GradientEstimation-Escape-Specialist-Exploiter,Exploiter,1.317167574539905
1208,4.29389740980521,HOG8-ML00-H2-GPS-GradientEstimation-Escape-Specialist-Exploiter,Exploiter,2.6087002924999467
1208,4.240702508472427,HOG8-ML02-H1-GPS-GradientEstimation-Escape-Specialist-Exploiter,Exploiter,1.238848911744172
1215,4.065382357251965,HOG8-ML02-H1-GPS-GradientEstimation-Escape-Specialist-Exploiter,Exploiter,4.134224243982974
1226,3.910758650560291,HOG8-ML00-H2-GPS-GradientEstimation-Escape-Specialist-Exploiter,Exploiter,3.8034234692796245
1226,3.850545734162966,HOG8-ML02-H1-GPS-GradientEstimation-Escape-Specialist-Exploiter,Exploiter,1.539673546172388
1241,3.7029898153291945,HOG8-ML00-H2-GPS-GradientEstimation-Escape-Specialist-Exploiter,Exploiter,3.832078074664063
1241,3.641300736885937,HOG8-ML02-H1-GPS-GradientEstimation-Escape-Specialist-Exploiter,Exploiter,1.6659262250164577
1250,3.526316227000125,HOG8-ML00-H2-GPS-GradientEstimation-Escape-Specialist-Exploiter,Exploiter,3.1577866865275035
1252,3.5123178679279454,HOG8-ML02-H1-GPS-GradientEstimation-Escape-Specialist-Refiner,Refiner,0.3969683423454071
1261,3.3878747420205473,HOG8-ML00-H2-GPS-GradientEstimation-Escape-Specialist-Exploiter,Exploiter,3.5430485106068157
1266,3.3700841974639553,HOG8-ML02-H1-GPS-GradientEstimation-Escape-Specialist-Exploiter,Exploiter,0.525124035311342
1275,3.189859927152999,HOG8-ML02-H1-GPS-GradientEstimation-Escape-Specialist-Local Explorer,Local Explorer,5.347767585349292
1290,3.1429055953288376,HOG8-ML00-H2-GPS-GradientEstimation-Escape-Specialist-Exploiter,Exploiter,1.4719872626529062
1290,3.0874433112690998,HOG8-ML02-H1-GPS-GradientEstimation-Escape-Specialist-Exploiter,Exploiter,1.764681832701848
1297,2.946758348967927,HOG8-ML02-H1-GPS-GradientEstimation-Escape-Specialist-Exploiter,Exploiter,4.5566816332360105
1311,2.8458929142397564,HOG8-ML02-H1-GPS-GradientEstimation-Escape-Specialist-Exploiter,Exploiter,3.4229286145400306
1320,2.698631907025355,HOG8-ML02-H1-GPS-GradientEstimation-Escape-Specialist-Local Explorer,Local Explorer,5.174509781361196
1331,2.531593157517312,HOG8-ML02-H1-GPS-GradientEstimation-Escape-Specialist-Local Explorer,Local Explorer,6.189756708693416
1340,2.531269069797913,HOG8-ML00-H2-GPS-GradientEstimation-Escape-Specialist-Polisher,Polisher,0.012801729947661643
1341,2.3527150673121717,HOG8-ML02-H1-GPS-GradientEstimation-Escape-Specialist-Local Explorer,Local Explorer,7.05393214084493
1351,2.312125416520139,HOG8-ML00-H2-GPS-GradientEstimation-Escape-Specialist-Exploiter,Exploiter,1.7252259466508209
1356,2.153690121473069,HOG8-ML02-H1-GPS-GradientEstimation-Escape-Specialist-Local Explorer,Local Explorer,6.852365962289476
1360,2.150863008463406,HOG8-ML00-H2-GPS-GradientEstimation-Escape-Specialist-Refiner,Refiner,0.13126832785624706
1366,1.984443487263059,HOG8-ML02-H1-GPS-GradientEstimation-Escape-Specialist-Local Explorer,Local Explorer,7.737337084951712
1370,1.9736413004732298,HOG8-ML00-H2-GPS-GradientEstimation-Escape-Specialist-Exploiter,Exploiter,0.5443433818681073
1376,1.8132745412651543,HOG8-ML02-H1-GPS-GradientEstimation-Escape-Specialist-Local Explorer,Local Explorer,8.125425788851478
1386,1.7736082810627896,HOG8-ML00-H2-GPS-GradientEstimation-Escape-Specialist-Exploiter,Exploiter,2.1875485095979386
1386,1.6273506089119847,HOG8-ML02-H1-GPS-GradientEstimation-Escape-Specialist-Local Explorer,Local Explorer,8.246334532401017
1396,1.4719404200747932,HOG8-ML02-H1-GPS-GradientEstimation-Escape-Specialist-Local Explorer,Local Explorer,9.549889740176873
1407,1.4675106822201618,HOG8-ML00-H2-GPS-GradientEstimation-Escape-Specialist-Refiner,Refiner,0.30094545908361725
1407,1.3396289345132826,HOG8-ML02-H1-GPS-GradientEstimation-Escape-Specialist-Local Explorer,Local Explorer,8.71419535518542
1418,1.3305592753934783,HOG8-ML00-H2-GPS-GradientEstimation-Escape-Specialist-Exploiter,Exploiter,0.6770277116401264
1418,1.3290979225851207,HOG8-ML00-H2-GPS-GradientEstimation-Escape-Specialist-Refiner,Refiner,0.10982996664507241
1422,1.178100584677754,HOG8-ML02-H1-GPS-GradientEstimation-Escape-Specialist-Local Explorer,Local Explorer,11.360888866162254
1431,1.0405546121920368,HOG8-ML02-H1-GPS-GradientEstimation-Escape-Specialist-Local Explorer,Local Explorer,11.675231663121538
1441,0.9270876517777246,HOG8-ML02-H1-GPS-GradientEstimation-Escape-Specialist-Local Explorer,Local Explorer,10.90446950932083
1455,0.8164274540559174,HOG8-ML02-H1-GPS-GradientEstimation-Escape-Specialist-Local Explorer,Local Explorer,11.936325277293053
1467,0.7412240327285705,HOG8-ML02-H1-GPS-GradientEstimation-Escape-Specialist-Local Explorer,Local Explorer,9.21128031079124
1476,0.6611576073403833,HOG8-ML02-H1-GPS-GradientEstimation-Escape-Specialist-Local Explorer,Local Explorer,10.801919777674936
1491,0.5934935977160187,HOG8-ML02-H1-GPS-GradientEstimation-Escape-Specialist-Local Explorer,Local Explorer,10.234172438331965
1500,0.5470571438689751,HOG8-ML02-H1-GPS-GradientEstimation-Escape-Specialist-Local Explorer,Local Explorer,7.824255227983616
1516,0.5373403377400895,HOG8-ML00-H2-GPS-GradientEstimation-Escape-Specialist-Exploiter,Exploiter,1.776195821183326
1522,0.48813409693464227,HOG8-ML02-H1-GPS-GradientEstimation-Escape-Specialist-Local Explorer,Local Explorer,9.157369612784997
1531,0.4412408547830301,HOG8-ML02-H1-GPS-GradientEstimation-Escape-Specialist-Local Explorer,Local Explorer,9.606631138060171
1541,0.40416498964345726,HOG8-ML02-H1-GPS-GradientEstimation-Escape-Specialist-Local Explorer,Local Explorer,8.40263650513596
1552,0.375895603374405,HOG8-ML02-H1-GPS-GradientEstimation-Escape-Specialist-Local Explorer,Local Explorer,6.994516346898511
1566,0.37411023520689113,HOG8-ML00-H2-GPS-GradientEstimation-Escape-Specialist-Refiner,Refiner,0.47496383343849796
1566,0.35216254903137045,HOG8-ML02-H1-GPS-GradientEstimation-Escape-Specialist-Local Explorer,Local Explorer,5.866636116860883
1576,0.3313890381846355,HOG8-ML02-H1-GPS-GradientEstimation-Escape-Specialist-Local Explorer,Local Explorer,5.898841572981817
1591,0.33003243065726773,HOG8-ML00-H2-GPS-GradientEstimation-Escape-Specialist-Refiner,Refiner,0.40937006691571
1591,0.3067896480667043,HOG8-ML02-H1-GPS-GradientEstimation-Escape-Specialist-Local Explorer,Local Explorer,7.042575344572918
1600,0.3055554041345582,HOG8-ML00-H2-GPS-GradientEstimation-Escape-Specialist-Refiner,Refiner,0.40230951074260124
1602,0.28499389709700584,HOG8-ML02-H1-GPS-GradientEstimation-Escape-Specialist-Local Explorer,Local Explorer,6.729223819748777
1612,0.26427030010813995,HOG8-ML02-H1-GPS-GradientEstimation-Escape-Specialist-Local Explorer,Local Explorer,7.271593251630935
1622,0.2456145779301813,HOG8-ML02-H1-GPS-GradientEstimation-Escape-Specialist-Local Explorer,Local Explorer,7.059333633149355
1631,0.23207631953304406,HOG8-ML02-H1-GPS-GradientEstimation-Escape-Specialist-Local Explorer,Local Explorer,5.51199302224872
1642,0.21989847119390488,HOG8-ML02-H1-GPS-GradientEstimation-Escape-Specialist-Local Explorer,Local Explorer,5.247346374521095
1651,0.20717318846255056,HOG8-ML02-H1-GPS-GradientEstimation-Escape-Specialist-Local Explorer,Local Explorer,5.786890041692583
1661,0.1963294638873065,HOG8-ML02-H1-GPS-GradientEstimation-Escape-Specialist-Local Explorer,Local Explorer,5.234135100065918
1672,0.19443935980269475,HOG8-ML00-H2-GPS-GradientEstimation-Escape-Specialist-Exploiter,Exploiter,0.9627205449390223
1676,0.18469589131972863,HOG8-ML02-H1-GPS-GradientEstimation-Escape-Specialist-Local Explorer,Local Explorer,5.011057685467179
1686,0.18254473261058002,HOG8-ML00-H2-GPS-GradientEstimation-Escape-Specialist-Exploiter,Exploiter,1.1647030660929678
1686,0.174113061829789,HOG8-ML02-H1-GPS-GradientEstimation-Escape-Specialist-Exploiter,Exploiter,4.618961423980486
1700,0.17212951266910115,HOG8-ML00-H2-GPS-GradientEstimation-Escape-Specialist-Exploiter,Exploiter,1.1392305320705627
1701,0.16493802445920935,HOG8-ML02-H1-GPS-GradientEstimation-Escape-Specialist-Exploiter,Exploiter,4.17795187959231
1710,0.16355446847665145,HOG8-ML00-H2-GPS-GradientEstimation-Escape-Specialist-Exploiter,Exploiter,0.838833851135443
1712,0.15549329726807518,HOG8-ML02-H1-GPS-GradientEstimation-Escape-Specialist-Exploiter,Exploiter,4.9287379817
1721,0.15366057103907035,HOG8-ML00-H2-GPS-GradientEstimation-Escape-Specialist-Exploiter,Exploiter,1.178652881638458
1726,0.1485156843310591,HOG8-ML02-H1-GPS-GradientEstimation-Escape-Specialist-Exploiter,Exploiter,3.348215272936275
1738,0.14484201983879427,HOG8-ML00-H2-GPS-GradientEstimation-Escape-Specialist-Exploiter,Exploiter,2.473586886672386
1738,0.14127349775270295,HOG8-ML02-H1-GPS-GradientEstimation-Escape-Specialist-Exploiter,Exploiter,2.4637339979537702
1746,0.1377983614843995,HOG8-ML00-H2-GPS-GradientEstimation-Escape-Specialist-Exploiter,Exploiter,2.4598642516706315
1746,0.13515864813203388,HOG8-ML02-H1-GPS-GradientEstimation-Escape-Specialist-Exploiter,Exploiter,1.9156347897971728
1755,0.13173735901785727,HOG8-ML00-H2-GPS-GradientEstimation-Escape-Specialist-Exploiter,Exploiter,2.5313135056177947
1757,0.12811645777676428,HOG8-ML02-H1-GPS-GradientEstimation-Escape-Specialist-Exploiter,Exploiter,2.7485758543270693
1766,0.12478293021201262,HOG8-ML00-H2-GPS-GradientEstimation-Escape-Specialist-Exploiter,Exploiter,2.6019510862219977
1770,0.12172364220371135,HOG8-ML02-H1-GPS-GradientEstimation-Escape-Specialist-Exploiter,Exploiter,2.4516879056321104
1781,0.11800520739150919,HOG8-ML00-H2-GPS-GradientEstimation-Escape-Specialist-Exploiter,Exploiter,3.054817244113637
1781,0.1162358742651339,HOG8-ML02-H1-GPS-GradientEstimation-Escape-Specialist-Exploiter,Exploiter,1.4993686850658354
1787,0.112829768997668,HOG8-ML00-H2-GPS-GradientEstimation-Escape-Specialist-Exploiter,Exploiter,2.930339096255757
1791,0.11151251748559111,HOG8-ML02-H1-GPS-GradientEstimation-Escape-Specialist-Exploiter,Exploiter,1.1674680572146803
1800,0.10690002103946429,HOG8-ML00-H2-GPS-GradientEstimation-Escape-Specialist-Exploiter,Exploiter,4.136303753273993
1800,0.10607582257208308,HOG8-ML02-H1-GPS-GradientEstimation-Escape-Specialist-Exploiter,Exploiter,0.7709993500159797
1810,0.10233777518688644,HOG8-ML00-H2-GPS-GradientEstimation-Escape-Specialist-Exploiter,Exploiter,3.5239390980508016
1810,0.1020957905727512,HOG8-ML02-H1-GPS-GradientEstimation-Escape-Specialist-Refiner,Refiner,0.2364567860629544
1820,0.09826705669957561,HOG8-ML00-H2-GPS-GradientEstimation-Escape-Specialist-Exploiter,Exploiter,3.75013881737594
1820,0.09773360941311421,HOG8-ML02-H1-GPS-GradientEstimation-Escape-Specialist-Exploiter,Exploiter,0.5428546497452045
1831,0.09391172435452078,HOG8-ML02-H1-GPS-GradientEstimation-Escape-Specialist-Exploiter,Exploiter,3.910512546854327
1844,0.08963260890443088,HOG8-ML00-H2-GPS-GradientEstimation-Escape-Specialist-Exploiter,Exploiter,4.5565295275976965
1855,0.08609769109991186,HOG8-ML00-H2-GPS-GradientEstimation-Escape-Specialist-Exploiter,Exploiter,3.943785467951803
1855,0.08589766250054569,HOG8-ML02-H1-GPS-GradientEstimation-Escape-Specialist-Refiner,Refiner,0.23232748382770213
1866,0.0827101533058346,HOG8-ML00-H2-GPS-GradientEstimation-Escape-Specialist-Exploiter,Exploiter,3.7108218104198545
1866,0.08243256781144875,HOG8-ML02-H1-GPS-GradientEstimation-Escape-Specialist-Refiner,Refiner,0.3356123562719438
1875,0.07938673721525465,HOG8-ML02-H1-GPS-GradientEstimation-Escape-Specialist-Exploiter,Exploiter,3.694935966523517
1885,0.07588255970538985,HOG8-ML00-H2-GPS-GradientEstimation-Escape-Specialist-Exploiter,Exploiter,4.41405911463943
1900,0.07309288272686307,HOG8-ML00-H2-GPS-GradientEstimation-Escape-Specialist-Exploiter,Exploiter,3.67630848162945
1910,0.07038477497019958,HOG8-ML00-H2-GPS-GradientEstimation-Escape-Specialist-Exploiter,Exploiter,3.7050225078456243
1920,0.06788381187769726,HOG8-ML00-H2-GPS-GradientEstimation-Escape-Specialist-Exploiter,Exploiter,3.553272839987356
1920,0.06779780071903824,HOG8-ML02-H1-GPS-GradientEstimation-Escape-Specialist-Refiner,Refiner,0.12670348980105764
1930,0.06529884337582273,HOG8-ML00-H2-GPS-GradientEstimation-Escape-Specialist-Exploiter,Exploiter,3.685897354652358
1941,0.06416638257748755,HOG8-ML02-H1-GPS-GradientEstimation-Escape-Specialist-Exploiter,Exploiter,1.7342739010205463
1941,0.06348483314019485,HOG8-ML00-H2-GPS-GradientEstimation-Escape-Specialist-Exploiter,Exploiter,1.0621596697767153
1950,0.06328434401943667,HOG8-ML02-H1-GPS-GradientEstimation-Escape-Specialist-Refiner,Refiner,0.31580632860046304
1953,0.06091920650282429,HOG8-ML00-H2-GPS-GradientEstimation-Escape-Specialist-Exploiter,Exploiter,3.7373185315565003
1965,0.05882146976657153,HOG8-ML00-H2-GPS-GradientEstimation-Escape-Specialist-Exploiter,Exploiter,3.4434735064310287
1976,0.05727195035655973,HOG8-ML00-H2-GPS-GradientEstimation-Escape-Specialist-Exploiter,Exploiter,2.634275233449538
1986,0.05609946614425123,HOG8-ML00-H2-GPS-GradientEstimation-Escape-Specialist-Exploiter,Exploiter,2.0472224273993254
1995,0.05428288440592462,HOG8-ML00-H2-GPS-GradientEstimation-Escape-Specialist-Exploiter,Exploiter,3.238144430208212
2007,0.05259835250237803,HOG8-ML00-H2-GPS-GradientEstimation-Escape-Specialist-Exploiter,Exploiter,3.1032468557671784
2016,0.05145644402122645,HOG8-ML00-H2-GPS-GradientEstimation-Escape-Specialist-Exploiter,Exploiter,2.170996669714995
2030,0.04982965866987031,HOG8-ML00-H2-GPS-GradientEstimation-Escape-Specialist-Exploiter,Exploiter,3.161480320492157
2040,0.04792574090310614,HOG8-ML00-H2-GPS-GradientEstimation-Escape-Specialist-Exploiter,Exploiter,3.8208525155228124
2055,0.04625458717753751,HOG8-ML00-H2-GPS-GradientEstimation-Escape-Specialist-Exploiter,Exploiter,3.486964821153798
2065,0.045165257036295814,HOG8-ML00-H2-GPS-GradientEstimation-Escape-Specialist-Exploiter,Exploiter,2.3550748319524657
2076,0.043592664799123784,HOG8-ML00-H2-GPS-GradientEstimation-Escape-Specialist-Exploiter,Exploiter,3.4818626979323053
2090,0.042074989912994375,HOG8-ML00-H2-GPS-GradientEstimation-Escape-Specialist-Exploiter,Exploiter,3.4814914232082343
2100,0.040700098491710815,HOG8-ML00-H2-GPS-GradientEstimation-Escape-Specialist-Exploiter,Exploiter,3.2677165796751395
2110,0.03917032071919801,HOG8-ML00-H2-GPS-GradientEstimation-Escape-Specialist-Exploiter,Exploiter,3.758658649989186
2122,0.0380676259251561,HOG8-ML00-H2-GPS-GradientEstimation-Escape-Specialist-Exploiter,Exploiter,2.8151283262316036
2131,0.0369711699814925,HOG8-ML00-H2-GPS-GradientEstimation-Escape-Specialist-Exploiter,Exploiter,2.8802845384141347
2146,0.035982266293707786,HOG8-ML00-H2-GPS-GradientEstimation-Escape-Specialist-Exploiter,Exploiter,2.674796843810322
2158,0.03504184526015844,HOG8-ML00-H2-GPS-GradientEstimation-Escape-Specialist-Exploiter,Exploiter,2.613568100111023
2166,0.034106255115873174,HOG8-ML00-H2-GPS-GradientEstimation-Escape-Specialist-Exploiter,Exploiter,2.669922594941092
2175,0.03320329289864173,HOG8-ML00-H2-GPS-GradientEstimation-Escape-Specialist-Exploiter,Exploiter,2.647497399417503
2187,0.032406478373035466,HOG8-ML00-H2-GPS-GradientEstimation-Escape-Specialist-Exploiter,Exploiter,2.3998057302288305
2200,0.031356846243242587,HOG8-ML00-H2-GPS-GradientEstimation-Escape-Specialist-Exploiter,Exploiter,3.2389577099690334
2210,0.03046540216342331,HOG8-ML00-H2-GPS-GradientEstimation-Escape-Specialist-Exploiter,Exploiter,2.842900950255431
2225,0.02973674402860543,HOG8-ML00-H2-GPS-GradientEstimation-Escape-Specialist-Exploiter,Exploiter,2.3917561662544027
2235,0.028872712040723718,HOG8-ML00-H2-GPS-GradientEstimation-Escape-Specialist-Exploiter,Exploiter,2.9056038786578355
2245,0.028238124029269403,HOG8-ML00-H2-GPS-GradientEstimation-Escape-Specialist-Exploiter,Exploiter,2.1978815518239365
2260,0.027462956439310307,HOG8-ML00-H2-GPS-GradientEstimation-Escape-Specialist-Exploiter,Exploiter,2.745110082934753
2270,0.02679253026278653,HOG8-ML00-H2-GPS-GradientEstimation-Escape-Specialist-Exploiter,Exploiter,2.4412017621093867
2280,0.02607433435023629,HOG8-ML00-H2-GPS-GradientEstimation-Escape-Specialist-Exploiter,Exploiter,2.680582630703526
2289,0.025541623703322643,HOG8-ML00-H2-GPS-GradientEstimation-Escape-Specialist-Exploiter,Exploiter,2.0430460074575936
2305,0.024887240809392728,HOG8-ML00-H2-GPS-GradientEstimation-Escape-Specialist-Exploiter,Exploiter,2.5620254277130696
2317,0.024465667179012225,HOG8-ML00-H2-GPS-GradientEstimation-Escape-Specialist-Exploiter,Exploiter,1.693934790157196
2326,0.02391764215134879,HOG8-ML00-H2-GPS-GradientEstimation-Escape-Specialist-Exploiter,Exploiter,2.239975814489767
2336,0.023321337529912074,HOG8-ML00-H2-GPS-GradientEstimation-Escape-Specialist-Exploiter,Exploiter,2.4931580532200974
2347,0.022855596937796152,HOG8-ML00-H2-GPS-GradientEstimation-Escape-Specialist-Exploiter,Exploiter,1.9970578081920047
2357,0.022321801639116637,HOG8-ML00-H2-GPS-GradientEstimation-Escape-Specialist-Exploiter,Exploiter,2.3355123917012266
2371,0.02189115079314962,HOG8-ML00-H2-GPS-GradientEstimation-Escape-Specialist-Exploiter,Exploiter,1.9292835449820749
2381,0.021416567268407218,HOG8-ML00-H2-GPS-GradientEstimation-Escape-Specialist-Exploiter,Exploiter,2.1679240585694286
2391,0.02102462311751707,HOG8-ML00-H2-GPS-GradientEstimation-Escape-Specialist-Exploiter,Exploiter,1.8300979142830451
2401,0.020637327268470156,HOG8-ML00-H2-GPS-GradientEstimation-Escape-Specialist-Exploiter,Exploiter,1.8421060243607048
2411,0.020193966702684443,HOG8-ML00-H2-GPS-GradientEstimation-Escape-Specialist-Exploiter,Exploiter,2.1483429516722494
2421,0.019879030199807565,HOG8-ML00-H2-GPS-GradientEstimation-Escape-Specialist-Exploiter,Exploiter,1.5595574040191513
2431,0.01956655165944239,HOG8-ML00-H2-GPS-GradientEstimation-Escape-Specialist-Exploiter,Exploiter,1.5719003252392016
2446,0.019190900883669756,HOG8-ML00-H2-GPS-GradientEstimation-Escape-Specialist-Exploiter,Exploiter,1.919861927185082
2459,0.01900895661694733,HOG8-ML00-H2-GPS-GradientEstimation-Escape-Specialist-Exploiter,Exploiter,0.9480756939203847
2461,0.018923439960980563,HOG8-ML02-H1-GPS-GradientEstimation-Escape-Specialist-Refiner,Refiner,0.44987559122801024
2465,0.018879709519044552,HOG8-ML00-H2-GPS-GradientEstimation-Escape-Specialist-Refiner,Refiner,0.23109139789690153
2471,0.01851054212281072,HOG8-ML02-H1-GPS-GradientEstimation-Escape-Specialist-Exploiter,Exploiter,1.9553658696996365
2486,0.01808510906297282,HOG8-ML02-H1-GPS-GradientEstimation-Escape-Specialist-Exploiter,Exploiter,2.298328471501848
2496,0.017732440718922632,HOG8-ML02-H1-GPS-GradientEstimation-Escape-Specialist-Exploiter,Exploiter,1.9500482016568863
2504,0.01741902420296406,HOG8-ML02-H1-GPS-GradientEstimation-Escape-Specialist-Exploiter,Exploiter,1.7674753347638068
2526,0.017169536339415342,HOG8-ML00-H2-GPS-GradientEstimation-Escape-Specialist-Exploiter,Exploiter,1.4322723284709877
2526,0.016931622838517443,HOG8-ML02-H1-GPS-GradientEstimation-Escape-Specialist-Exploiter,Exploiter,1.3856722522653766
2535,0.01675455629326787,HOG8-ML02-H1-GPS-GradientEstimation-Escape-Specialist-Exploiter,Exploiter,1.0457742115939956
2547,0.016620646247251934,HOG8-ML00-H2-GPS-GradientEstimation-Escape-Specialist-Exploiter,Exploiter,0.799245552505269
2547,0.016457128771989557,HOG8-ML02-H1-GPS-GradientEstimation-Escape-Specialist-Exploiter,Exploiter,0.9838214039927151
2557,0.01619475427064141,HOG8-ML02-H1-GPS-GradientEstimation-Escape-Specialist-Exploiter,Exploiter,1.5942908692232767
2567,0.015906501690632853,HOG8-ML02-H1-GPS-GradientEstimation-Escape-Specialist-Exploiter,Exploiter,1.7799132681569316
2580,0.015696489025107268,HOG8-ML00-H2-GPS-GradientEstimation-Escape-Specialist-Exploiter,Exploiter,1.3202944909581154
2580,0.01560278423007663,HOG8-ML02-H1-GPS-GradientEstimation-Escape-Specialist-Exploiter,Exploiter,0.5969793300957517
2590,0.015415941596975952,HOG8-ML00-H2-GPS-GradientEstimation-Escape-Specialist-Exploiter,Exploiter,1.1974954619990903
2592,0.015334063991347149,HOG8-ML02-H1-GPS-GradientEstimation-Escape-Specialist-Exploiter,Exploiter,0.5311229619919211
2601,0.015174960803418737,HOG8-ML00-H2-GPS-GradientEstimation-Escape-Specialist-Exploiter,Exploiter,1.0375800441304512
2601,0.015100882475246857,HOG8-ML02-H1-GPS-GradientEstimation-Escape-Specialist-Refiner,Refiner,0.48816157834945656
2611,0.014855429126318702,HOG8-ML02-H1-GPS-GradientEstimation-Escape-Specialist-Exploiter,Exploiter,1.6254238739391462
2624,0.014591706134411265,HOG8-ML02-H1-GPS-GradientEstimation-Escape-Specialist-Exploiter,Exploiter,1.7752633711550687
2636,0.014406776741148401,HOG8-ML00-H2-GPS-GradientEstimation-Escape-Specialist-Exploiter,Exploiter,1.2673596326528884
2636,0.014362497442954621,HOG8-ML02-H1-GPS-GradientEstimation-Escape-Specialist-Refiner,Refiner,0.30735048504854057
2650,0.014198096816757001,HOG8-ML00-H2-GPS-GradientEstimation-Escape-Specialist-Exploiter,Exploiter,1.144652083320406
2651,0.014107324010386408,HOG8-ML02-H1-GPS-GradientEstimation-Escape-Specialist-Exploiter,Exploiter,0.6393308028683131
2660,0.013945595094968687,HOG8-ML00-H2-GPS-GradientEstimation-Escape-Specialist-Exploiter,Exploiter,1.1464180967180522
2660,0.013865206972780616,HOG8-ML02-H1-GPS-GradientEstimation-Escape-Specialist-Exploiter,Exploiter,0.5764409596050415
2676,0.013704311658925704,HOG8-ML00-H2-GPS-GradientEstimation-Escape-Specialist-Exploiter,Exploiter,1.1604248978812397
2676,0.013639624636379955,HOG8-ML02-H1-GPS-GradientEstimation-Escape-Specialist-Refiner,Refiner,0.47201949397887466
2686,0.013505646317464513,HOG8-ML00-H2-GPS-GradientEstimation-Escape-Specialist-Exploiter,Exploiter,0.9822727713348661
2686,0.013445511184798342,HOG8-ML02-H1-GPS-GradientEstimation-Escape-Specialist-Refiner,Refiner,0.44525919939431896
2696,0.013316612494829601,HOG8-ML00-H2-GPS-GradientEstimation-Escape-Specialist-Exploiter,Exploiter,0.9586745211626844
2696,0.01325319951494951,HOG8-ML02-H1-GPS-GradientEstimation-Escape-Specialist-Refiner,Refiner,0.47619452698433595
2707,0.01309189603436545,HOG8-ML00-H2-GPS-GradientEstimation-Escape-Specialist-Exploiter,Exploiter,1.2170908647539114
2707,0.013070333734665134,HOG8-ML02-H1-GPS-GradientEstimation-Escape-Specialist-Refiner,Refiner,0.16469959464783532
2715,0.012892384778585264,HOG8-ML02-H1-GPS-GradientEstimation-Escape-Specialist-Exploiter,Exploiter,1.3614721681353426
2727,0.012730678897283432,HOG8-ML00-H2-GPS-GradientEstimation-Escape-Specialist-Exploiter,Exploiter,1.254274395924261
2727,0.0127130406274521,HOG8-ML02-H1-GPS-GradientEstimation-Escape-Specialist-Refiner,Refiner,0.13854932618789917
2737,0.012574959907455222,HOG8-ML00-H2-GPS-GradientEstimation-Escape-Specialist-Exploiter,Exploiter,1.0861344979792784
2737,0.012515408516471226,HOG8-ML02-H1-GPS-GradientEstimation-Escape-Specialist-Refiner,Refiner,0.4735712194890644
2747,0.012446603249857009,HOG8-ML00-H2-GPS-GradientEstimation-Escape-Specialist-Exploiter,Exploiter,0.5497644485488731
2747,0.012402057694975,HOG8-ML02-H1-GPS-GradientEstimation-Escape-Specialist-Refiner,Refiner,0.3578932660404368
2761,0.01233178753180362,HOG8-ML00-H2-GPS-GradientEstimation-Escape-Specialist-Exploiter,Exploiter,0.5666008407608975
2761,0.012205187651786648,HOG8-ML02-H1-GPS-GradientEstimation-Escape-Specialist-Exploiter,Exploiter,1.0266141846060177
2777,0.012083612755808928,HOG8-ML02-H1-GPS-GradientEstimation-Escape-Specialist-Exploiter,Exploiter,0.9960919851971589
2791,0.011988304195702383,HOG8-ML02-H1-GPS-GradientEstimation-Escape-Specialist-Exploiter,Exploiter,0.7887422580695294
2801,0.011849447772707309,HOG8-ML02-H1-GPS-GradientEstimation-Escape-Specialist-Exploiter,Exploiter,1.1582657624324568
2811,0.011701425431588749,HOG8-ML02-H1-GPS-GradientEstimation-Escape-Specialist-Exploiter,Exploiter,1.2491918944906273
2825,0.011562984772324918,HOG8-ML02-H1-GPS-GradientEstimation-Escape-Specialist-Exploiter,Exploiter,1.1831093576864717
2831,0.01147823465163534,HOG8-ML02-H1-GPS-GradientEstimation-Escape-Specialist-Exploiter,Exploiter,0.7329432872074737
2845,0.011364281782476827,HOG8-ML02-H1-GPS-GradientEstimation-Escape-Specialist-Exploiter,Exploiter,0.9927734762094083
2850,0.011345278764401787,HOG8-ML00-H2-GPS-GradientEstimation-Escape-Specialist-Refiner,Refiner,0.16721706165665073
2855,0.011206138922636458,HOG8-ML02-H1-GPS-GradientEstimation-Escape-Specialist-Exploiter,Exploiter,1.2264118375117405
2864,0.011077661719160725,HOG8-ML02-H1-GPS-GradientEstimation-Escape-Specialist-Exploiter,Exploiter,1.1464894765511813
2876,0.011070309395294357,HOG8-ML00-H2-GPS-GradientEstimation-Escape-Specialist-Refiner,Refiner,0.06637072021842878
2876,0.010953177860072608,HOG8-ML02-H1-GPS-GradientEstimation-Escape-Specialist-Exploiter,Exploiter,1.0580692105275515
2885,0.010920859992831895,HOG8-ML00-H2-GPS-GradientEstimation-Escape-Specialist-Refiner,Refiner,0.29505471063810057
2885,0.010832509582935952,HOG8-ML02-H1-GPS-GradientEstimation-Escape-Specialist-Exploiter,Exploiter,0.8090059752980368
2895,0.010808320442401327,HOG8-ML00-H2-GPS-GradientEstimation-Escape-Specialist-Refiner,Refiner,0.22330135366534978
2895,0.010726547409739402,HOG8-ML02-H1-GPS-GradientEstimation-Escape-Specialist-Exploiter,Exploiter,0.7565748360043781
2907,0.010666063478559758,HOG8-ML00-H2-GPS-GradientEstimation-Escape-Specialist-Exploiter,Exploiter,0.563871382554336
2907,0.010587725317808187,HOG8-ML02-H1-GPS-GradientEstimation-Escape-Specialist-Exploiter,Exploiter,0.7344617900412944
2921,0.010537769266663142,HOG8-ML00-H2-GPS-GradientEstimation-Escape-Specialist-Refiner,Refiner,0.47182987511983104
2921,0.010471140206019454,HOG8-ML02-H1-GPS-GradientEstimation-Escape-Specialist-Exploiter,Exploiter,0.6322880958731305
2930,0.010436309149802338,HOG8-ML00-H2-GPS-GradientEstimation-Escape-Specialist-Refiner,Refiner,0.3326386194035685
2932,0.01036816992156931,HOG8-ML02-H1-GPS-GradientEstimation-Escape-Specialist-Exploiter,Exploiter,0.6529054213990829
2942,0.01024888260490616,HOG8-ML02-H1-GPS-GradientEstimation-Escape-Specialist-Exploiter,Exploiter,1.150514676799342
2952,0.01014700328390365,HOG8-ML02-H1-GPS-GradientEstimation-Escape-Specialist-Exploiter,Exploiter,0.9940529609905021
2967,0.010127268639467066,HOG8-ML00-H2-GPS-GradientEstimation-Escape-Specialist-Refiner,Refiner,0.19448741549034235
2967,0.010060690161538762,HOG8-ML02-H1-GPS-GradientEstimation-Escape-Specialist-Exploiter,Exploiter,0.6574179109739465
2977,0.01001454940027139,HOG8-ML00-H2-GPS-GradientEstimation-Escape-Specialist-Refiner,Refiner,0.4586242149049046
2977,0.009955742385462674,HOG8-ML02-H1-GPS-GradientEstimation-Escape-Specialist-Exploiter,Exploiter,0.5872157843379591
2985,0.009885455361729849,HOG8-ML02-H1-GPS-GradientEstimation-Escape-Specialist-Exploiter,Exploiter,0.7059948019090769
2996,0.00984845074823783,HOG8-ML00-H2-GPS-GradientEstimation-Escape-Specialist-Refiner,Refiner,0.3743339293734278
2997,0.00977962373652692,HOG8-ML02-H1-GPS-GradientEstimation-Escape-Specialist-Exploiter,Exploiter,0.6988613079394633
3007,0.009698845867168477,HOG8-ML02-H1-GPS-GradientEstimation-Escape-Specialist-Exploiter,Exploiter,0.8259813622147644
3026,0.009649163187040507,HOG8-ML00-H2-GPS-GradientEstimation-Escape-Specialist-Exploiter,Exploiter,0.5122535279805894
3026,0.009585242175867585,HOG8-ML02-H1-GPS-GradientEstimation-Escape-Specialist-Exploiter,Exploiter,0.6624513435400499
3036,0.009571660725111389,HOG8-ML00-H2-GPS-GradientEstimation-Escape-Specialist-Refiner,Refiner,0.1416912635800704
3036,0.009516855807884753,HOG8-ML02-H1-GPS-GradientEstimation-Escape-Specialist-Exploiter,Exploiter,0.572574799719486
3050,0.009494226626707885,HOG8-ML00-H2-GPS-GradientEstimation-Escape-Specialist-Refiner,Refiner,0.2377800150982637
3050,0.009437363034905121,HOG8-ML02-H1-GPS-GradientEstimation-Escape-Specialist-Exploiter,Exploiter,0.5989281069276644
3066,0.009403857904168297,HOG8-ML00-H2-GPS-GradientEstimation-Escape-Specialist-Refiner,Refiner,0.35502640528822926
3066,0.009355337506149785,HOG8-ML02-H1-GPS-GradientEstimation-Escape-Specialist-Exploiter,Exploiter,0.5159626880049432
3075,0.009318520223739189,HOG8-ML00-H2-GPS-GradientEstimation-Escape-Specialist-Refiner,Refiner,0.39354306978657205
3075,0.009269286771125224,HOG8-ML02-H1-GPS-GradientEstimation-Escape-Specialist-Exploiter,Exploiter,0.52833981610665
3086,0.009249358529449359,HOG8-ML00-H2-GPS-GradientEstimation-Escape-Specialist-Refiner,Refiner,0.21499217974293608
3086,0.00920682506126746,HOG8-ML02-H1-GPS-GradientEstimation-Escape-Specialist-Refiner,Refiner,0.4598531676167034
3096,0.009183117854376857,HOG8-ML00-H2-GPS-GradientEstimation-Escape-Specialist-Refiner,Refiner,0.25749600685189405
3096,0.009135118909270191,HOG8-ML02-H1-GPS-GradientEstimation-Escape-Specialist-Exploiter,Exploiter,0.5226868027593486
3110,0.009102914802882256,HOG8-ML00-H2-GPS-GradientEstimation-Escape-Specialist-Refiner,Refiner,0.3525307848511484
3111,0.009074718774492318,HOG8-ML02-H1-GPS-GradientEstimation-Escape-Specialist-Refiner,Refiner,0.30974725129811925
3121,0.009026208577612558,HOG8-ML00-H2-GPS-GradientEstimation-Escape-Specialist-Exploiter,Exploiter,0.5345641896486706
3121,0.008996648046081974,HOG8-ML02-H1-GPS-GradientEstimation-Escape-Specialist-Refiner,Refiner,0.3274966590501932
3131,0.008929551138927967,HOG8-ML02-H1-GPS-GradientEstimation-Escape-Specialist-Exploiter,Exploiter,0.7457989554590599
3141,0.008865726688262568,HOG8-ML02-H1-GPS-GradientEstimation-Escape-Specialist-Exploiter,Exploiter,0.7147554190843911
3157,0.00882189460612419,HOG8-ML00-H2-GPS-GradientEstimation-Escape-Specialist-Refiner,Refiner,0.49439920358032313
3157,0.008801422526000312,HOG8-ML02-H1-GPS-GradientEstimation-Escape-Specialist-Refiner,Refiner,0.23205990365907386
3162,0.008743940307592681,HOG8-ML02-H1-GPS-GradientEstimation-Escape-Specialist-Exploiter,Exploiter,0.6531014530642423
3176,0.008680022394757004,HOG8-ML02-H1-GPS-GradientEstimation-Escape-Specialist-Exploiter,Exploiter,0.7309966741215598
3187,0.0086250989772804,HOG8-ML02-H1-GPS-GradientEstimation-Escape-Specialist-Exploiter,Exploiter,0.6327566333213513
3190,0.008620878420639005,HOG8-ML00-H2-GPS-GradientEstimation-Escape-Specialist-Polisher,Polisher,0.04893342850340471
3195,0.008573166485316195,HOG8-ML02-H1-GPS-GradientEstimation-Escape-Specialist-Exploiter,Exploiter,0.5534463310442194
3206,0.008560185715330477,HOG8-ML00-H2-GPS-GradientEstimation-Escape-Specialist-Refiner,Refiner,0.15141161679236614
3206,0.008521429130815229,HOG8-ML02-H1-GPS-GradientEstimation-Escape-Specialist-Refiner,Refiner,0.4527540149723448
3216,0.00850761924612017,HOG8-ML00-H2-GPS-GradientEstimation-Escape-Specialist-Refiner,Refiner,0.16206066474365444
3216,0.00847156138975954,HOG8-ML02-H1-GPS-GradientEstimation-Escape-Specialist-Refiner,Refiner,0.42383016114731115
3225,0.008460468943241739,HOG8-ML00-H2-GPS-GradientEstimation-Escape-Specialist-Refiner,Refiner,0.1309374506948566
3225,0.008434160724501117,HOG8-ML02-H1-GPS-GradientEstimation-Escape-Specialist-Refiner,Refiner,0.3109546163116308
3235,0.008410211314659449,HOG8-ML00-H2-GPS-GradientEstimation-Escape-Specialist-Refiner,Refiner,0.28395723799874234
3235,0.008385836801787873,HOG8-ML02-H1-GPS-GradientEstimation-Escape-Specialist-Refiner,Refiner,0.289820457056645
3246,0.00836419125635822,HOG8-ML00-H2-GPS-GradientEstimation-Escape-Specialist-Refiner,Refiner,0.25812027995868775
3246,0.008345791930266543,HOG8-ML02-H1-GPS-GradientEstimation-Escape-Specialist-Refiner,Refiner,0.21997734781220038
3260,0.008312020823454913,HOG8-ML00-H2-GPS-GradientEstimation-Escape-Specialist-Refiner,Refiner,0.40464831970176585
3260,0.008296083436427442,HOG8-ML02-H1-GPS-GradientEstimation-Escape-Specialist-Refiner,Refiner,0.1917390170931623
3270,0.008273997403272847,HOG8-ML00-H2-GPS-GradientEstimation-Escape-Specialist-Refiner,Refiner,0.26622240872863767
3270,0.008261654472259041,HOG8-ML02-H1-GPS-GradientEstimation-Escape-Specialist-Refiner,Refiner,0.14917736146404745
3285,0.008235888739694906,HOG8-ML00-H2-GPS-GradientEstimation-Escape-Specialist-Refiner,Refiner,0.3118713406697286
3285,0.008228685342850026,HOG8-ML02-H1-GPS-GradientEstimation-Escape-Specialist-Refiner,Refiner,0.08746350360662454
3295,0.00817860145650425,HOG8-ML00-H2-GPS-GradientEstimation-Escape-Specialist-Exploiter,Exploiter,0.6086499150109559
3307,0.008142747589482469,HOG8-ML00-H2-GPS-GradientEstimation-Escape-Specialist-Refiner,Refiner,0.4383862841643621
3321,0.008102585500220992,HOG8-ML00-H2-GPS-GradientEstimation-Escape-Specialist-Refiner,Refiner,0.493225275868205
3330,0.008064029267138303,HOG8-ML00-H2-GPS-GradientEstimation-Escape-Specialist-Refiner,Refiner,0.4758509870909394
3346,0.008030706329909158,HOG8-ML00-H2-GPS-GradientEstimation-Escape-Specialist-Refiner,Refiner,0.4132293686599046
3357,0.00799090538894871,HOG8-ML00-H2-GPS-GradientEstimation-Escape-Specialist-Refiner,Refiner,0.49560946852477206
3367,0.007958555251257543,HOG8-ML00-H2-GPS-GradientEstimation-Escape-Specialist-Refiner,Refiner,0.4048369504650362
3376,0.007923864153193887,HOG8-ML00-H2-GPS-GradientEstimation-Escape-Specialist-Refiner,Refiner,0.4358969306417072
3386,0.007890259629374112,HOG8-ML00-H2-GPS-GradientEstimation-Escape-Specialist-Refiner,Refiner,0.4240926291780291
3396,0.007865090358121456,HOG8-ML00-H2-GPS-GradientEstimation-Escape-Specialist-Refiner,Refiner,0.31899167372078624
3407,0.007835372032456503,HOG8-ML00-H2-GPS-GradientEstimation-Escape-Specialist-Refiner,Refiner,0.3778510393623907
3420,0.007796499832449884,HOG8-ML00-H2-GPS-GradientEstimation-Escape-Specialist-Refiner,Refiner,0.49611173337523834
3430,0.007760882737550122,HOG8-ML00-H2-GPS-GradientEstimation-Escape-Specialist-Refiner,Refiner,0.4568344214094667
3445,0.0077305911958981685,HOG8-ML00-H2-GPS-GradientEstimation-Escape-Specialist-Refiner,Refiner,0.39031051848511056
3455,0.007704375573985688,HOG8-ML00-H2-GPS-GradientEstimation-Escape-Specialist-Refiner,Refiner,0.33911535674516363
3465,0.007676011641750086,HOG8-ML00-H2-GPS-GradientEstimation-Escape-Specialist-Refiner,Refiner,0.36815355070921896
3476,0.007646485491574835,HOG8-ML00-H2-GPS-GradientEstimation-Escape-Specialist-Refiner,Refiner,0.38465483838843056
3486,0.007621599928522148,HOG8-ML00-H2-GPS-GradientEstimation-Escape-Specialist-Refiner,Refiner,0.3254509941869013
3495,0.007592654253041665,HOG8-ML00-H2-GPS-GradientEstimation-Escape-Specialist-Refiner,Refiner,0.37978476634755187
3505,0.007571012823758865,HOG8-ML00-H2-GPS-GradientEstimation-Escape-Specialist-Refiner,Refiner,0.28503114407099356
3530,0.007533577738584331,HOG8-ML00-H2-GPS-GradientEstimation-Escape-Specialist-Refiner,Refiner,0.4944528036864162
3541,0.007508356345317939,HOG8-ML00-H2-GPS-GradientEstimation-Escape-Specialist-Refiner,Refiner,0.3347863942150248
3548,0.007495294633356107,HOG8-ML04-H1-GPS-Sniper-Specialist-Refiner,Refiner,0.1739623342461279
3550,0.007483305407069084,HOG8-ML00-H2-GPS-GradientEstimation-Escape-Specialist-Refiner,Refiner,0.159956704485868
3557,0.007456236856851051,HOG8-ML04-H1-GPS-Sniper-Specialist-Refiner,Refiner,0.36171917014723354
3570,0.007436889248818559,HOG8-ML00-H2-GPS-GradientEstimation-Escape-Specialist-Refiner,Refiner,0.2594822080352044
3570,0.0073924673706736235,HOG8-ML04-H1-GPS-Sniper-Specialist-Exploiter,Exploiter,0.5973180002914851
3583,0.0073193631351472065,HOG8-ML04-H1-GPS-Sniper-Specialist-Exploiter,Exploiter,0.9889017003500892
3593,0.007289216789340346,HOG8-ML04-H1-GPS-Sniper-Specialist-Refiner,Refiner,0.41187115941958613
3600,0.007253321528108865,HOG8-ML04-H1-GPS-Sniper-Specialist-Refiner,Refiner,0.49244332098852983
3615,0.007179984805022505,HOG8-ML04-H1-GPS-Sniper-Specialist-Exploiter,Exploiter,1.011077791080371
3625,0.007165322939809168,HOG8-ML04-H1-GPS-Sniper-Specialist-Refiner,Refiner,0.20420468303889117
3631,0.007156191776667417,HOG8-ML04-H1-GPS-Sniper-Specialist-Refiner,Refiner,0.1274354724616789
3641,0.0071191121276675574,HOG8-ML04-H1-GPS-Sniper-Specialist-Exploiter,Exploiter,0.518147782466604
3651,0.0070716366124005305,HOG8-ML04-H1-GPS-Sniper-Specialist-Exploiter,Exploiter,0.6668741047429093
3661,0.007030286440950044,HOG8-ML04-H1-GPS-Sniper-Specialist-Exploiter,Exploiter,0.5847326965016353
3672,0.00700032000117258,HOG8-ML04-H1-GPS-Sniper-Specialist-Refiner,Refiner,0.426247778510348
3686,0.0069688848931098585,HOG8-ML04-H1-GPS-Sniper-Specialist-Refiner,Refiner,0.4490524441376431
3689,0.006961593516572077,HOG8-ML04-H1-GPS-Sniper-Specialist-Refiner,Refiner,0.10462759321782447
3697,0.0069350782675896335,HOG8-ML04-H1-GPS-Sniper-Specialist-Refiner,Refiner,0.3808790174164004
3709,0.006900628489868445,HOG8-ML04-H1-GPS-Sniper-Specialist-Refiner,Refiner,0.4967467761998575
3718,0.006885472625901922,HOG8-ML04-H1-GPS-Sniper-Specialist-Refiner,Refiner,0.2196301972896326
3728,0.006871546443605461,HOG8-ML04-H1-GPS-Sniper-Specialist-Refiner,Refiner,0.20225455902727726
3738,0.006848825120046982,HOG8-ML04-H1-GPS-Sniper-Specialist-Refiner,Refiner,0.3306580803164408
3742,0.006793206703302655,HOG8-ML04-H1-GPS-Sniper-Specialist-Exploiter,Exploiter,0.8120869750569035
3747,0.006757850626701994,HOG8-ML04-H1-GPS-Sniper-Specialist-Exploiter,Exploiter,0.5204622521418627
3758,0.006727964195853574,HOG8-ML04-H1-GPS-Sniper-Specialist-Refiner,Refiner,0.44224757987889207
3767,0.006705650794097479,HOG8-ML04-H1-GPS-Sniper-Specialist-Refiner,Refiner,0.33165161268020116
3777,0.006679503893929181,HOG8-ML04-H1-GPS-Sniper-Specialist-Refiner,Refiner,0.38992337911949093
3787,0.006660680537302169,HOG8-ML04-H1-GPS-Sniper-Specialist-Refiner,Refiner,0.28180770497222235
3802,0.006629758126311669,HOG8-ML04-H1-GPS-Sniper-Specialist-Refiner,Refiner,0.46425302665882157
3808,0.006626638656228896,HOG8-ML04-H1-GPS-Sniper-Specialist-Polisher,Polisher,0.04705254736810015
3810,0.006555628180252095,HOG8-ML04-H1-GPS-Sniper-Specialist-Exploiter,Exploiter,1.0715911891476386
3822,0.006468633282243526,HOG8-ML04-H2-GPS-Sniper-Specialist-Exploiter,Exploiter,1.3270261158286742
3837,0.006447144489814378,HOG8-ML04-H2-GPS-Sniper-Specialist-Refiner,Refiner,0.3321998866149133
3841,0.006429014268158452,HOG8-ML04-H2-GPS-Sniper-Specialist-Refiner,Refiner,0.28121320507969766
3852,0.006406977149420346,HOG8-ML04-H2-GPS-Sniper-Specialist-Refiner,Refiner,0.3427760122924484
3863,0.006382466335380826,HOG8-ML04-H2-GPS-Sniper-Specialist-Refiner,Refiner,0.38256440545815784
3870,0.00637685913707773,HOG8-ML04-H2-GPS-Sniper-Specialist-Refiner,Refiner,0.0878531590838693
3882,0.006315759142101661,HOG8-ML04-H2-GPS-Sniper-Specialist-Exploiter,Exploiter,0.9581518685399183
3893,0.00630705360275088,HOG8-ML04-H2-GPS-Sniper-Specialist-Refiner,Refiner,0.137838368356201
3902,0.006242128052443258,HOG8-ML04-H2-GPS-Sniper-Specialist-Exploiter,Exploiter,1.0294117411544577
3918,0.006218136161512409,HOG8-ML04-H2-GPS-Sniper-Specialist-Refiner,Refiner,0.3843543536640127
3923,0.006205057041916823,HOG8-ML04-H2-GPS-Sniper-Specialist-Refiner,Refiner,0.21033826303997988
3932,0.006192735053877069,HOG8-ML04-H2-GPS-Sniper-Specialist-Refiner,Refiner,0.19857977060510293
3941,0.006175107807274204,HOG8-ML04-H2-GPS-Sniper-Specialist-Refiner,Refiner,0.28464396505755746
3952,0.006164155665553512,HOG8-ML04-H2-GPS-Sniper-Specialist-Refiner,Refiner,0.17735952249758
3963,0.006150165354495007,HOG8-ML04-H2-GPS-Sniper-Specialist-Refiner,Refiner,0.22696232570318117
3976,0.006123547255554173,HOG8-ML04-H2-GPS-Sniper-Specialist-Refiner,Refiner,0.4328029801894555
3987,0.006121695697314801,HOG8-ML04-H2-GPS-Sniper-Specialist-Polisher,Polisher,0.030236693898175224
3998,0.0061019609568555904,HOG8-ML04-H2-GPS-Sniper-Specialist-Refiner,Refiner,0.3223737577787023
4006,0.006075233884922593,HOG8-ML04-H2-GPS-Sniper-Specialist-Refiner,Refiner,0.43800791453720384
4017,0.006060387007960306,HOG8-ML04-H2-GPS-Sniper-Specialist-Refiner,Refiner,0.24438362775026667
4027,0.006048259040758934,HOG8-ML04-H2-GPS-Sniper-Specialist-Refiner,Refiner,0.20011869184990466
4037,0.0060206955291315905,HOG8-ML04-H2-GPS-Sniper-Specialist-Refiner,Refiner,0.4557263741779928
4048,0.005986519590367322,HOG8-ML04-H2-GPS-Sniper-Specialist-Exploiter,Exploiter,0.567641040788489
4062,0.005969020905415368,HOG8-ML04-H2-GPS-Sniper-Specialist-Refiner,Refiner,0.29230147313157484
4068,0.005943760642394406,HOG8-ML04-H2-GPS-Sniper-Specialist-Refiner,Refiner,0.4231893876941285
4080,0.005917173012518518,HOG8-ML04-H2-GPS-Sniper-Specialist-Refiner,Refiner,0.4473199961359407
4096,0.005886206628638618,HOG8-ML04-H2-GPS-Sniper-Specialist-Exploiter,Exploiter,0.5233307157723173
4103,0.005811061413970205,HOG8-ML04-H2-GPS-Sniper-Specialist-Exploiter,Exploiter,1.2766322932464487
4110,0.005780527629110561,HOG8-ML04-H2-GPS-Sniper-Specialist-Exploiter,Exploiter,0.5254424740072124
4124,0.005778302372161531,HOG8-ML04-H2-GPS-Sniper-Specialist-Polisher,Polisher,0.03849574107775386
4136,0.005772067151649275,HOG8-ML04-H2-GPS-Sniper-Specialist-Refiner,Refiner,0.1079074806174079
4149,0.005747771641443148,HOG8-ML04-H2-GPS-Sniper-Specialist-Refiner,Refiner,0.42091523829872624
4156,0.005694330064917072,HOG8-ML04-H2-GPS-Sniper-Specialist-Exploiter,Exploiter,0.9297790493405607
4166,0.005675445978038863,HOG8-ML04-H2-GPS-Sniper-Specialist-Refiner,Refiner,0.3316296502472569
4176,0.0056711113099208125,HOG8-ML04-H2-GPS-Sniper-Specialist-Refiner,Refiner,0.07637581495486698
4185,0.005642198951742993,HOG8-ML04-H2-GPS-Sniper-Specialist-Exploiter,Exploiter,0.5098182101846884
4197,0.005618809198618645,HOG8-ML04-H2-GPS-Sniper-Specialist-Refiner,Refiner,0.4145503078568759
4208,0.005602656436665507,HOG8-ML04-H2-GPS-Sniper-Specialist-Refiner,Refiner,0.2874766054898072
4217,0.0055736730144008385,HOG8-ML04-H2-GPS-Sniper-Specialist-Exploiter,Exploiter,0.5173157160769649
4227,0.005560614131263129,HOG8-ML04-H2-GPS-Sniper-Specialist-Refiner,Refiner,0.23429582438670013
4237,0.005528402814379952,HOG8-ML04-H2-GPS-Sniper-Specialist-Exploiter,Exploiter,0.579276247601444
4252,0.005509049853319888,HOG8-ML04-H2-GPS-Sniper-Specialist-Refiner,Refiner,0.35006423572691164
4260,0.005495479143118026,HOG8-ML04-H2-GPS-Sniper-Specialist-Refiner,Refiner,0.24633485924408113
4272,0.005491254015748929,HOG8-ML04-H1-GPS-Sniper-Specialist-Refiner,Refiner,0.07688369401580239
4272,0.005471156241108376,HOG8-ML04-H2-GPS-Sniper-Specialist-Refiner,Refiner,0.3659960836434228
4282,0.00545564249391209,HOG8-ML04-H2-GPS-Sniper-Specialist-Refiner,Refiner,0.2835551849117523
4297,0.005424611823851924,HOG8-ML04-H2-GPS-Sniper-Specialist-Exploiter,Exploiter,0.5687812222812014
4303,0.00541863299177863,HOG8-ML04-H2-GPS-Sniper-Specialist-Refiner,Refiner,0.11021677250721162
4312,0.0054083098419004825,HOG8-ML04-H1-GPS-Sniper-Specialist-Refiner,Refiner,0.19051206999644324
4316,0.005396084105967794,HOG8-ML04-H2-GPS-Sniper-Specialist-Refiner,Refiner,0.22605465089981203
4322,0.005363718614302917,HOG8-ML04-H1-GPS-Sniper-Specialist-Exploiter,Exploiter,0.5997959080934816
4334,0.005360577882714443,HOG8-ML04-H2-GPS-Sniper-Specialist-Refiner,Refiner,0.05855511473137884
4336,0.005316827564318395,HOG8-ML04-H1-GPS-Sniper-Specialist-Exploiter,Exploiter,0.8161492912382557
4348,0.005301406806288246,HOG8-ML04-H1-GPS-Sniper-Specialist-Refiner,Refiner,0.29003682823265436
4356,0.0052843756781488956,HOG8-ML04-H1-GPS-Sniper-Specialist-Refiner,Refiner,0.32125676752723625
4366,0.00528428420385921,HOG8-ML04-H2-GPS-Sniper-Specialist-Polisher,Polisher,0.0017310330539841658
4367,0.00527437202899383,HOG8-ML04-H1-GPS-Sniper-Specialist-Refiner,Refiner,0.18757838305026983
4376,0.005239711324677707,HOG8-ML04-H2-GPS-Sniper-Specialist-Exploiter,Exploiter,0.6571531952162172
4387,0.005217296209452932,HOG8-ML04-H2-GPS-Sniper-Specialist-Refiner,Refiner,0.4277929419356585
4394,0.005198131811242049,HOG8-ML04-H2-GPS-Sniper-Specialist-Refiner,Refiner,0.36732432742001664
4409,0.005190680444086096,HOG8-ML04-H2-GPS-Sniper-Specialist-Refiner,Refiner,0.1433470220943301
4417,0.005162295344565108,HOG8-ML04-H1-GPS-Sniper-Specialist-Exploiter,Exploiter,0.5468473705278376
4422,0.005158690727917813,HOG8-ML04-H1-GPS-Sniper-Specialist-Refiner,Refiner,0.06982585084152056
4437,0.0051525949586743855,HOG8-ML04-H1-GPS-Sniper-Specialist-Refiner,Refiner,0.11816504545307926
4452,0.00514695356937735,HOG8-ML04-H1-GPS-Sniper-Specialist-Refiner,Refiner,0.10948637225090081
4457,0.005136180294621089,HOG8-ML04-H2-GPS-Sniper-Specialist-Refiner,Refiner,0.20931361845496402
4462,0.0051260119524317044,HOG8-ML04-H1-GPS-Sniper-Specialist-Refiner,Refiner,0.19797479072208307
4468,0.005112966589452754,HOG8-ML04-H1-GPS-Sniper-Specialist-Refiner,Refiner,0.2544934171049272
4477,0.00509417053461826,HOG8-ML04-H1-GPS-Sniper-Specialist-Refiner,Refiner,0.36761544409986235
4485,0.005088099502774524,HOG8-ML04-H2-GPS-Sniper-Specialist-Refiner,Refiner,0.11917606217693649
4488,0.005082222100118151,HOG8-ML04-H1-GPS-Sniper-Specialist-Refiner,Refiner,0.11551273030663436
4497,0.005057291449416391,HOG8-ML04-H2-GPS-Sniper-Specialist-Refiner,Refiner,0.4905462652090808
4511,0.005017518541518225,HOG8-ML04-H2-GPS-Sniper-Specialist-Exploiter,Exploiter,0.7864468222956716
4523,0.005000053475694018,HOG8-ML04-H2-GPS-Sniper-Specialist-Refiner,Refiner,0.3480817396027405
4529,0.0049905076702687744,HOG8-ML04-H2-GPS-Sniper-Specialist-Refiner,Refiner,0.19091406665242866
4542,0.004940411876383705,HOG8-ML04-H2-GPS-Sniper-Specialist-Exploiter,Exploiter,1.0038215988228638
4551,0.004928762636534031,HOG8-ML04-H2-GPS-Sniper-Specialist-Refiner,Refiner,0.23579491226955912
4561,0.00492314124560579,HOG8-ML04-H2-GPS-Sniper-Specialist-Refiner,Refiner,0.11405278246862637
4572,0.00491390063391319,HOG8-ML04-H2-GPS-Sniper-Specialist-Refiner,Refiner,0.18769747264204148
4581,0.004902306678761197,HOG8-ML04-H1-GPS-Sniper-Specialist-Refiner,Refiner,0.23594199426780182
4589,0.004872932366975372,HOG8-ML04-H2-GPS-Sniper-Specialist-Exploiter,Exploiter,0.599193679846399
4603,0.004854943750543021,HOG8-ML04-H2-GPS-Sniper-Specialist-Refiner,Refiner,0.3691538293094767
4612,0.004853623052570518,HOG8-ML04-H1-GPS-Sniper-Specialist-Polisher,Polisher,0.027203157036697418
4617,0.004837825013912214,HOG8-ML04-H2-GPS-Sniper-Specialist-Refiner,Refiner,0.3254896082203427
4622,0.004822727540300088,HOG8-ML04-H2-GPS-Sniper-Specialist-Refiner,Refiner,0.3120715108278933
4633,0.00482163240627112,HOG8-ML04-H2-GPS-Sniper-Specialist-Polisher,Polisher,0.022707773139095982
4642,0.004801779672942078,HOG8-ML04-H2-GPS-Sniper-Specialist-Refiner,Refiner,0.4117429877736314
4655,0.004777227150844136,HOG8-ML04-H2-GPS-Sniper-Specialist-Exploiter,Exploiter,0.5113212968994556
4664,0.004763867487678457,HOG8-ML04-H2-GPS-Sniper-Specialist-Refiner,Refiner,0.2796530862744947
4677,0.004747051749625323,HOG8-ML04-H1-GPS-Sniper-Specialist-Refiner,Refiner,0.3529850084333227
4687,0.004742424112485983,HOG8-ML04-H1-GPS-Sniper-Specialist-Refiner,Refiner,0.09748444684020505
4693,0.004735004933433496,HOG8-ML04-H2-GPS-Sniper-Specialist-Refiner,Refiner,0.15644275746980943
4708,0.00470653823379729,HOG8-ML04-H2-GPS-Sniper-Specialist-Exploiter,Exploiter,0.6011968316063422
4718,0.004692227393781229,HOG8-ML04-H2-GPS-Sniper-Specialist-Refiner,Refiner,0.30406297166133744
4722,0.0046716473431241195,HOG8-ML04-H2-GPS-Sniper-Specialist-Refiner,Refiner,0.4385987491651643
4736,0.004666395510294132,HOG8-ML04-H2-GPS-Sniper-Specialist-Refiner,Refiner,0.1124192911889522
4747,0.0046501915462429,HOG8-ML04-H2-GPS-Sniper-Specialist-Refiner,Refiner,0.3472479779197056
4754,0.004630573647277208,HOG8-ML04-H2-GPS-Sniper-Specialist-Refiner,Refiner,0.4218729222356778
4766,0.004576008171513854,HOG8-ML04-H2-GPS-Sniper-Specialist-Exploiter,Exploiter,1.1783739968251896
4772,0.004562949261821776,HOG8-ML04-H2-GPS-Sniper-Specialist-Refiner,Refiner,0.2853777616344894
4784,0.004557901702300962,HOG8-ML04-H2-GPS-Sniper-Specialist-Refiner,Refiner,0.11062054892977664
4797,0.004534080032552054,HOG8-ML04-H2-GPS-Sniper-Specialist-Exploiter,Exploiter,0.5226455352664091
4806,0.004475043100169976,HOG8-ML04-H2-GPS-Sniper-Specialist-Exploiter,Exploiter,1.3020708050635887
4817,0.004461878565552477,HOG8-ML04-H2-GPS-Sniper-Specialist-Refiner,Refiner,0.29417671121422456
4827,0.004415178223732375,HOG8-ML04-H2-GPS-Sniper-Specialist-Exploiter,Exploiter,1.0466520129132972
4837,0.004393310645061049,HOG8-ML04-H2-GPS-Sniper-Specialist-Refiner,Refiner,0.4952819017312607
4852,0.004367901702044541,HOG8-ML04-H2-GPS-Sniper-Specialist-Exploiter,Exploiter,0.578355255735732
4858,0.00435685127437842,HOG8-ML04-H2-GPS-Sniper-Specialist-Refiner,Refiner,0.25299167471988154
4873,0.004348312596820399,HOG8-ML04-H2-GPS-Sniper-Specialist-Refiner,Refiner,0.1959827641635485
4877,0.004338578709745199,HOG8-ML04-H2-GPS-Sniper-Specialist-Refiner,Refiner,0.22385435403878387
4887,0.004309112722299432,HOG8-ML04-H2-GPS-Sniper-Specialist-Exploiter,Exploiter,0.6791622191751681
4897,0.0043073932148574145,HOG8-ML04-H2-GPS-Sniper-Specialist-Polisher,Polisher,0.039903979144467125
4907,0.004301380775113093,HOG8-ML04-H2-GPS-Sniper-Specialist-Refiner,Refiner,0.13958418571080922
4918,0.004281355458597234,HOG8-ML04-H2-GPS-Sniper-Specialist-Refiner,Refiner,0.46555554048415815
4931,0.004273222556427619,HOG8-ML04-H2-GPS-Sniper-Specialist-Refiner,Refiner,0.18996091887869082
4942,0.004252554864572331,HOG8-ML04-H2-GPS-Sniper-Specialist-Refiner,Refiner,0.48365587287750866
4950,0.004242597284208033,HOG8-ML04-H2-GPS-Sniper-Specialist-Refiner,Refiner,0.23415524740794544
4961,0.0041832798027107276,HOG8-ML04-H2-GPS-Sniper-Specialist-Exploiter,Exploiter,1.3981407501979788
4967,0.004169155690394354,HOG8-ML04-H2-GPS-Sniper-Specialist-Refiner,Refiner,0.33763250326267186
4980,0.004162387952731993,HOG8-ML04-H2-GPS-Sniper-Specialist-Refiner,Refiner,0.16232873427953634
4992,0.0041399165218952375,HOG8-ML04-H2-GPS-Sniper-Specialist-Exploiter,Exploiter,0.5398687266045553
5002,0.004129726450827875,HOG8-ML04-H2-GPS-Sniper-Specialist-Refiner,Refiner,0.24614194545877674
5010,0.004115289976936203,HOG8-ML04-H2-GPS-Sniper-Specialist-Refiner,Refiner,0.34957457990414853
5026,0.004102889378029515,HOG8-ML04-H2-GPS-Sniper-Specialist-Refiner,Refiner,0.30132989354787465
5033,0.004070146670361423,HOG8-ML04-H2-GPS-Sniper-Specialist-Exploiter,Exploiter,0.7980402260764208
5041,0.004052366763189112,HOG8-ML04-H2-GPS-Sniper-Specialist-Refiner,Refiner,0.4368370138055071
5053,0.004027956055613513,HOG8-ML04-H2-GPS-Sniper-Specialist-Exploiter,Exploiter,0.6023814970880886
5063,0.004001227325520494,HOG8-ML04-H2-GPS-Sniper-Specialist-Exploiter,Exploiter,0.6635804791308242
5071,0.004000311998246282,HOG8-ML04-H2-GPS-Sniper-Specialist-Polisher,Polisher,0.022876162730713436
5073,0.0039930551413306006,HOG8-ML04-H2-GPS-Sniper-Specialist-Refiner,Refiner,0.1814072732042593
5083,0.003983857561912016,HOG8-ML04-H2-GPS-Sniper-Specialist-Refiner,Refiner,0.23033940411649928
5098,0.003968921679246789,HOG8-ML04-H2-GPS-Sniper-Specialist-Refiner,Refiner,0.37491005722751797
5102,0.003961613753468119,HOG8-ML04-H2-GPS-Sniper-Specialist-Refiner,Refiner,0.1841287475357139
5117,0.003950850897599369,HOG8-ML04-H2-GPS-Sniper-Specialist-Refiner,Refiner,0.27167857692658615
5124,0.003935326409979587,HOG8-ML04-H2-GPS-Sniper-Specialist-Refiner,Refiner,0.3929403569548695
5132,0.003925275116840452,HOG8-ML04-H2-GPS-Sniper-Specialist-Refiner,Refiner,0.25541193009164226
5198,0.003909483735435567,HOG8-ML04-H2-GPS-Sniper-Specialist-Refiner,Refiner,0.402299990060218
5213,0.0039053816781011597,HOG8-ML04-H2-GPS-Sniper-Specialist-Refiner,Refiner,0.10492580637248557
5220,0.0038998228744957595,HOG8-ML04-H2-GPS-Sniper-Specialist-Refiner,Refiner,0.14233701245054706
5232,0.0038969469656505726,HOG8-ML04-H2-GPS-Sniper-Specialist-Refiner,Refiner,0.07374460168421706
5242,0.003879388940869308,HOG8-ML04-H2-GPS-Sniper-Specialist-Refiner,Refiner,0.4505584740061631
5251,0.0038511240316059974,HOG8-ML04-H2-GPS-Sniper-Specialist-Exploiter,Exploiter,0.7285917884010062
5263,0.00383894044055346,HOG8-ML04-H2-GPS-Sniper-Specialist-Refiner,Refiner,0.316364545845506
5273,0.0038229536040333342,HOG8-ML04-H2-GPS-Sniper-Specialist-Refiner,Refiner,0.4164387743879889
5287,0.0038193777916462413,HOG8-ML04-H2-GPS-Sniper-Specialist-Refiner,Refiner,0.09353533308173954
5293,0.0037971626947702407,HOG8-ML04-H2-GPS-Sniper-Specialist-Exploiter,Exploiter,0.581641777479818
5309,0.003755730401531694,HOG8-ML04-H2-GPS-Sniper-Specialist-Exploiter,Exploiter,1.0911382147415156
5316,0.00375390985590933,HOG8-ML04-H2-GPS-Sniper-Specialist-Polisher,Polisher,0.04847381009087499
5325,0.0037493118254261744,HOG8-ML04-H2-GPS-Sniper-Specialist-Refiner,Refiner,0.12248643839748993
5336,0.0037385596633457987,HOG8-ML04-H2-GPS-Sniper-Specialist-Refiner,Refiner,0.286776949504689
5346,0.0037374229502182992,HOG8-ML04-H2-GPS-Sniper-Specialist-Polisher,Polisher,0.030405108647701462
5356,0.0037287614196323524,HOG8-ML04-H2-GPS-Sniper-Specialist-Refiner,Refiner,0.2317514153821119
5367,0.0037173451862442287,HOG8-ML04-H2-GPS-Sniper-Specialist-Refiner,Refiner,0.3061669037878352
5381,0.003715566360138486,HOG8-ML04-H2-GPS-Sniper-Specialist-Polisher,Polisher,0.04785205614816947
5392,0.0037074790196996816,HOG8-ML04-H2-GPS-Sniper-Specialist-Refiner,Refiner,0.21766104154583918
5400,0.0037039613815773196,HOG8-ML04-H2-GPS-Sniper-Specialist-Refiner,Refiner,0.09487951526282513
5413,0.0036974255534720476,HOG8-ML04-H2-GPS-Sniper-Specialist-Refiner,Refiner,0.17645508232833723
5423,0.0036869816491158286,HOG8-ML04-H2-GPS-Sniper-Specialist-Refiner,Refiner,0.28246422288101775
5430,0.0036805782890816127,HOG8-ML04-H2-GPS-Sniper-Specialist-Refiner,Refiner,0.1736748550335596
5443,0.0036681669082544235,HOG8-ML04-H2-GPS-Sniper-Specialist-Refiner,Refiner,0.3372127924572983
5452,0.0036673833524215774,HOG8-ML04-H2-GPS-Sniper-Specialist-Polisher,Polisher,0.02136096454834062
5460,0.0036458158932939615,HOG8-ML04-H2-GPS-Sniper-Specialist-Exploiter,Exploiter,0.5880884831244816
5472,0.0036365482653306293,HOG8-ML04-H2-GPS-Sniper-Specialist-Refiner,Refiner,0.2541990115402955
5482,0.00363001833594387,HOG8-ML04-H2-GPS-Sniper-Specialist-Refiner,Refiner,0.1795639411420162
5493,0.003610324833681066,HOG8-ML04-H2-GPS-Sniper-Specialist-Exploiter,Exploiter,0.5425179831132584
5503,0.0036039629038531226,HOG8-ML04-H2-GPS-Sniper-Specialist-Refiner,Refiner,0.17621488705371297
5516,0.0035996699699583808,HOG8-ML04-H2-GPS-Sniper-Specialist-Refiner,Refiner,0.11911703891713535
5526,0.0035968258255867315,HOG8-ML04-H2-GPS-Sniper-Specialist-Refiner,Refiner,0.07901125368118618
5535,0.003583575645784534,HOG8-ML04-H2-GPS-Sniper-Specialist-Refiner,Refiner,0.3683853610019118
5542,0.0035794521590160047,HOG8-ML04-H2-GPS-Sniper-Specialist-Refiner,Refiner,0.11506626833396648
5546,0.0035732812278186374,HOG8-ML04-H2-GPS-Sniper-Specialist-Refiner,Refiner,0.17239876168825963
5557,0.0035713674853886583,HOG8-ML04-H2-GPS-Sniper-Specialist-Refiner,Refiner,0.05355700567535236
5562,0.0035647328200144766,HOG8-ML04-H2-GPS-Sniper-Specialist-Refiner,Refiner,0.1857738079692368
5576,0.0035615962758154215,HOG8-ML04-H2-GPS-Sniper-Specialist-Refiner,Refiner,0.08798819876330524
5587,0.003547061811785225,HOG8-ML04-H1-GPS-Sniper-Specialist-Refiner,Refiner,0.40808847787972957
5595,0.003539057788344465,HOG8-ML04-H1-GPS-Sniper-Specialist-Refiner,Refiner,0.22565221204114308
5607,0.0035247825190342277,HOG8-ML04-H2-GPS-Sniper-Specialist-Refiner,Refiner,0.40336355504710064
5617,0.0035005618430884776,HOG8-ML04-H2-GPS-Sniper-Specialist-Exploiter,Exploiter,0.6871537694866456
5630,0.003498838186813886,HOG8-ML04-H2-GPS-Sniper-Specialist-Polisher,Polisher,0.04923941789500555
5633,0.003496569022243156,HOG8-ML04-H2-GPS-Sniper-Specialist-Refiner,Refiner,0.06485480178197983
5640,0.003492426753155191,HOG8-ML04-H2-GPS-Sniper-Specialist-Refiner,Refiner,0.11846667580746263
5647,0.0034854479806788055,HOG8-ML04-H1-GPS-Sniper-Specialist-Refiner,Refiner,0.19982587952862346
5662,0.0034675662294275313,HOG8-ML04-H1-GPS-Sniper-Specialist-Exploiter,Exploiter,0.5130402562425196
5677,0.0034406966306912367,HOG8-ML04-H2-GPS-Sniper-Specialist-Exploiter,Exploiter,0.7748835049858748
5689,0.003423419067629145,HOG8-ML04-H2-GPS-Sniper-Specialist-Exploiter,Exploiter,0.5021530497043758
5698,0.003403409291500437,HOG8-ML04-H2-GPS-Sniper-Specialist-Exploiter,Exploiter,0.5844968358654788
5707,0.003397666993556063,HOG8-ML04-H2-GPS-Sniper-Specialist-Refiner,Refiner,0.16872193299567723
5716,0.003381584002868181,HOG8-ML04-H2-GPS-Sniper-Specialist-Refiner,Refiner,0.47335394311404805
5732,0.003375671852648033,HOG8-ML04-H2-GPS-Sniper-Specialist-Refiner,Refiner,0.17483375291381936
5737,0.0033718198170541473,HOG8-ML04-H2-GPS-Sniper-Specialist-Refiner,Refiner,0.11411167204727354
5742,0.0033656093008812013,HOG8-ML04-H2-GPS-Sniper-Specialist-Refiner,Refiner,0.1841888508257206
5748,0.0033562102545141967,HOG8-ML04-H1-GPS-Sniper-Specialist-Refiner,Refiner,0.2792673042751494
5760,0.0033439275811963484,HOG8-ML04-H1-GPS-Sniper-Specialist-Refiner,Refiner,0.36596852957372766
5772,0.0033306835724959873,HOG8-ML04-H1-GPS-Sniper-Specialist-Refiner,Refiner,0.3960614689993625
5782,0.0032895378528989857,HOG8-ML04-H1-GPS-Sniper-Specialist-Exploiter,Exploiter,1.2353536053911995
5790,0.0032715727592424735,HOG8-ML04-H1-GPS-Sniper-Specialist-Exploiter,Exploiter,0.5461281936816762
5807,0.003261449292066368,HOG8-ML04-H1-GPS-Sniper-Specialist-Refiner,Refiner,0.30943732330285995
5812,0.003251917094015281,HOG8-ML04-H1-GPS-Sniper-Specialist-Refiner,Refiner,0.2922687798419803
5823,0.003243293220857127,HOG8-ML04-H1-GPS-Sniper-Specialist-Refiner,Refiner,0.2651935122831107
5836,0.0032400509822338008,HOG8-ML04-H1-GPS-Sniper-Specialist-Refiner,Refiner,0.0999674837438596
5847,0.003224896223106515,HOG8-ML04-H1-GPS-Sniper-Specialist-Refiner,Refiner,0.467732119351944
5853,0.0032209252864332065,HOG8-ML04-H1-GPS-Sniper-Specialist-Refiner,Refiner,0.12313378163479215
5867,0.0031862263549673705,HOG8-ML04-H1-GPS-Sniper-Specialist-Exploiter,Exploiter,1.0772969994675337
5877,0.0031733766134907034,HOG8-ML04-H1-GPS-Sniper-Specialist-Refiner,Refiner,0.4032902890478619
5893,0.003171314840597529,HOG8-ML04-H1-GPS-Sniper-Specialist-Refiner,Refiner,0.0649709487493412
5902,0.003145459224000228,HOG8-ML04-H1-GPS-Sniper-Specialist-Exploiter,Exploiter,0.8152964274095642
5910,0.0031400897898769885,HOG8-ML04-H1-GPS-Sniper-Specialist-Refiner,Refiner,0.17070429914557358
5922,0.0031300022377208207,HOG8-ML04-H1-GPS-Sniper-Specialist-Refiner,Refiner,0.3212504364903194
5931,0.003121951082156224,HOG8-ML04-H1-GPS-Sniper-Specialist-Refiner,Refiner,0.2572252335020445
5939,0.003105626139229874,HOG8-ML04-H1-GPS-Sniper-Specialist-Exploiter,Exploiter,0.5229083511159649
5954,0.0030947951206626344,HOG8-ML04-H1-GPS-Sniper-Specialist-Refiner,Refiner,0.34875474643980764
5961,0.0030927369266584223,HOG8-ML04-H1-GPS-Sniper-Specialist-Refiner,Refiner,0.0665050164539296
5973,0.0030865002034657146,HOG8-ML04-H1-GPS-Sniper-Specialist-Refiner,Refiner,0.2016570869299978
5986,0.003072055036828773,HOG8-ML04-H1-GPS-Sniper-Specialist-Refiner,Refiner,0.4680111998930636
5997,0.0030537669587422153,HOG8-ML04-H1-GPS-Sniper-Specialist-Exploiter,Exploiter,0.5953043766245822
6006,0.003045371446078397,HOG8-ML04-H1-GPS-Sniper-Specialist-Refiner,Refiner,0.27492316136906664
6015,0.0030302403525739687,HOG8-ML04-H1-GPS-Sniper-Specialist-Refiner,Refiner,0.4968554336421955
6028,0.0030274750443412615,HOG8-ML04-H1-GPS-Sniper-Specialist-Refiner,Refiner,0.09125705920846457
6042,0.0030208113262848377,HOG8-ML04-H1-GPS-Sniper-Specialist-Refiner,Refiner,0.22010810853351848
6045,0.00301850054113382,HOG8-ML04-H1-GPS-Sniper-Specialist-Refiner,Refiner,0.07649551400019557
6058,0.0030148154426518216,HOG8-ML04-H1-GPS-Sniper-Specialist-Refiner,Refiner,0.12208374428895041
6067,0.0030093699126864755,HOG8-ML04-H1-GPS-Sniper-Specialist-Refiner,Refiner,0.1806256491958338
6082,0.003002398334572202,HOG8-ML04-H1-GPS-Sniper-Specialist-Refiner,Refiner,0.23166238503561234
6091,0.0029783217547714766,HOG8-ML04-H1-GPS-Sniper-Specialist-Exploiter,Exploiter,0.8019115759387015
6102,0.002970981363191038,HOG8-ML04-H1-GPS-Sniper-Specialist-Refiner,Refiner,0.24646066425424357
6112,0.002956340330636827,HOG8-ML04-H1-GPS-Sniper-Specialist-Refiner,Refiner,0.4928012250634155
6131,0.002944824723812511,HOG8-ML04-H1-GPS-Sniper-Specialist-Refiner,Refiner,0.3895223667241037
6142,0.002944127825874955,HOG8-ML04-H1-GPS-Sniper-Specialist-Polisher,Polisher,0.02366517544900896
6151,0.00293222546959958,HOG8-ML04-H1-GPS-Sniper-Specialist-Refiner,Refiner,0.40427443981098665
6162,0.002925667203297363,HOG8-ML04-H1-GPS-Sniper-Specialist-Refiner,Refiner,0.22366173304920628
6171,0.0029242411607641626,HOG8-ML04-H1-GPS-Sniper-Specialist-Polisher,Polisher,0.048742472540738324
6187,0.0029177448172837094,HOG8-ML04-H1-GPS-Sniper-Specialist-Refiner,Refiner,0.22215484713154057
6192,0.0029105119421737593,HOG8-ML04-H1-GPS-Sniper-Specialist-Refiner,Refiner,0.24789265555729828
6202,0.0029090399329155412,HOG8-ML04-H1-GPS-Sniper-Specialist-Refiner,Refiner,0.05057561306959249
6214,0.00289238850341666,HOG8-ML04-H1-GPS-Sniper-Specialist-Exploiter,Exploiter,0.5724029192749033
6222,0.0028920760819514746,HOG8-ML04-H1-GPS-Sniper-Specialist-Polisher,Polisher,0.01080150418300743
6233,0.0028858311829553706,HOG8-ML04-H1-GPS-Sniper-Specialist-Refiner,Refiner,0.2159313523968617
6243,0.0028812985147272994,HOG8-ML04-H1-GPS-Sniper-Specialist-Refiner,Refiner,0.15706629877875633
6253,0.0028752885495105475,HOG8-ML04-H1-GPS-Sniper-Specialist-Refiner,Refiner,0.20858530228759675
6267,0.0028701836276021943,HOG8-ML04-H1-GPS-Sniper-Specialist-Refiner,Refiner,0.17754468187974293
6286,0.002866849281339921,HOG8-ML04-H1-GPS-Sniper-Specialist-Refiner,Refiner,0.11617187939501301
6299,0.0028604965287262057,HOG8-ML04-H1-GPS-Sniper-Specialist-Refiner,Refiner,0.22159353318866934
6308,0.002854594742535574,HOG8-ML04-H1-GPS-Sniper-Specialist-Refiner,Refiner,0.20632034093954263
6316,0.002852593100805918,HOG8-ML04-H1-GPS-Sniper-Specialist-Refiner,Refiner,0.07011999636341333
6327,0.0028483128447469586,HOG8-ML04-H1-GPS-Sniper-Specialist-Refiner,Refiner,0.15004790054880587
6339,0.0028444453474864694,HOG8-ML04-H1-GPS-Sniper-Specialist-Refiner,Refiner,0.13578203909805162
6345,0.002843786584005993,HOG8-ML04-H1-GPS-Sniper-Specialist-Polisher,Polisher,0.023159646257876476
6356,0.0028420409994940367,HOG8-ML04-H1-GPS-Sniper-Specialist-Refiner,Refiner,0.06138240196271226
6363,0.002837304555755852,HOG8-ML04-H1-GPS-Sniper-Specialist-Refiner,Refiner,0.16665641836369877
6374,0.0028292123638133755,HOG8-ML04-H1-GPS-Sniper-Specialist-Refiner,Refiner,0.2852070260156064
6386,0.0028047515418463754,HOG8-ML04-H1-GPS-Sniper-Specialist-Exploiter,Exploiter,0.8645806260379274
6397,0.002790378479550658,HOG8-ML04-H1-GPS-Sniper-Specialist-Exploiter,Exploiter,0.5124540295735294
6407,0.002786160207063614,HOG8-ML04-H1-GPS-Sniper-Specialist-Refiner,Refiner,0.151172054900715
6413,0.0027727906683209544,HOG8-ML04-H1-GPS-Sniper-Specialist-Refiner,Refiner,0.4798553474694079
6427,0.0027236196742305594,HOG8-ML04-H1-GPS-Sniper-Specialist-Exploiter,Exploiter,1.773339569126944
6436,0.0027037464862755224,HOG8-ML04-H1-GPS-Sniper-Specialist-Exploiter,Exploiter,0.729660904680143
6447,0.002692920740130846,HOG8-ML04-H1-GPS-Sniper-Specialist-Refiner,Refiner,0.4003979736868398
6459,0.002689613245469364,HOG8-ML04-H1-GPS-Sniper-Specialist-Refiner,Refiner,0.12282183475334454
6468,0.002677686910063412,HOG8-ML04-H1-GPS-Sniper-Specialist-Refiner,Refiner,0.4434219464840068
6477,0.0026775021530391677,HOG8-ML04-H1-GPS-Sniper-Specialist-Polisher,Polisher,0.006899874049875093
6487,0.0026625434230356133,HOG8-ML04-H1-GPS-Sniper-Specialist-Exploiter,Exploiter,0.5586822773074183
6497,0.00266152688025046,HOG8-ML04-H1-GPS-Sniper-Specialist-Polisher,Polisher,0.03817938803770447
6507,0.0026495274549918828,HOG8-ML04-H1-GPS-Sniper-Specialist-Refiner,Refiner,0.4508474194875778
6522,0.002645516753709868,HOG8-ML04-H1-GPS-Sniper-Specialist-Refiner,Refiner,0.15137421106764826
6531,0.0026446130950661707,HOG8-ML04-H1-GPS-Sniper-Specialist-Polisher,Polisher,0.034158114569870016
6550,0.002637406318520137,HOG8-ML04-H1-GPS-Sniper-Specialist-Refiner,Refiner,0.2725077842002205
6555,0.002637383903544508,HOG8-ML04-H1-GPS-Sniper-Specialist-Polisher,Polisher,0.0008498870830662554
6563,0.0026369600408153787,HOG8-ML04-H1-GPS-Sniper-Specialist-Polisher,Polisher,0.01607133222279986
6577,0.002632976790370949,HOG8-ML04-H1-GPS-Sniper-Specialist-Refiner,Refiner,0.1510546380216752
6587,0.0026126876008013907,HOG8-ML04-H1-GPS-Sniper-Specialist-Exploiter,Exploiter,0.7705798867562242
6596,0.002596016979632197,HOG8-ML04-H1-GPS-Sniper-Specialist-Exploiter,Exploiter,0.6380640825210127
6617,0.0025918246019022055,HOG8-ML04-H1-GPS-Sniper-Specialist-Refiner,Refiner,0.16149269295555388
6627,0.002591311632958202,HOG8-ML04-H1-GPS-Sniper-Specialist-Polisher,Polisher,0.01979180781087315
6639,0.0025859729348705622,HOG8-ML04-H1-GPS-Sniper-Specialist-Refiner,Refiner,0.20602300471075843
6646,0.002585505962481481,HOG8-ML04-H1-GPS-Sniper-Specialist-Polisher,Polisher,0.018057899322318424
6657,0.0025792978039616424,HOG8-ML04-H1-GPS-Sniper-Specialist-Refiner,Refiner,0.24011387364506806
6673,0.0025736268229850905,HOG8-ML04-H1-GPS-Sniper-Specialist-Refiner,Refiner,0.21986530472912444
6683,0.002569278829340468,HOG8-ML04-H1-GPS-Sniper-Specialist-Refiner,Refiner,0.16894421544686905
6692,0.002539469018115915,HOG8-ML04-H1-GPS-Sniper-Specialist-Exploiter,Exploiter,1.1602404100377612
6702,0.0025390177088762123,HOG8-ML04-H1-GPS-Sniper-Specialist-Polisher,Polisher,0.0177717954613019
6711,0.0025371782764544958,HOG8-ML04-H1-GPS-Sniper-Specialist-Refiner,Refiner,0.07244661647242481
6720,0.0025344377649070384,HOG8-ML04-H1-GPS-Sniper-Specialist-Refiner,Refiner,0.10801414992749447
6731,0.002521334431283932,HOG8-ML04-H1-GPS-Sniper-Specialist-Exploiter,Exploiter,0.5170114573157483
6742,0.0025113489493959655,HOG8-ML04-H1-GPS-Sniper-Specialist-Refiner,Refiner,0.39603956397332823
6751,0.0025108953895278487,HOG8-ML04-H1-GPS-Sniper-Specialist-Polisher,Polisher,0.018060408061806286
6762,0.0025012457954186745,HOG8-ML04-H1-GPS-Sniper-Specialist-Refiner,Refiner,0.3843088863606035
6771,0.00249991587816551,HOG8-ML04-H1-GPS-Sniper-Specialist-Refiner,Refiner,0.053170194452715605
6782,0.002498593073569949,HOG8-ML04-H1-GPS-Sniper-Specialist-Refiner,Refiner,0.052913964310337784
6792,0.002497927198854912,HOG8-ML04-H1-GPS-Sniper-Specialist-Polisher,Polisher,0.026649986429583376
6808,0.002488540287055622,HOG8-ML04-H1-GPS-Sniper-Specialist-Refiner,Refiner,0.37578804552804307
6817,0.00248464121591195,HOG8-ML04-H1-GPS-Sniper-Specialist-Refiner,Refiner,0.15668105370660146
6826,0.0024777468523394437,HOG8-ML04-H1-GPS-Sniper-Specialist-Refiner,Refiner,0.2774792403971187
6837,0.0024688867644368983,HOG8-ML04-H1-GPS-Sniper-Specialist-Refiner,Refiner,0.3575864860520278
6853,0.0024637277693674913,HOG8-ML04-H1-GPS-Sniper-Specialist-Refiner,Refiner,0.20896037613874283
6863,0.0024489425331294928,HOG8-ML04-H1-GPS-Sniper-Specialist-Exploiter,Exploiter,0.6001164747919518
6871,0.002445753759640938,HOG8-ML04-H1-GPS-Sniper-Specialist-Refiner,Refiner,0.13021022116349376
6882,0.002419957343789641,HOG8-ML04-H1-GPS-Sniper-Specialist-Exploiter,Exploiter,1.0547429703260054
6890,0.002395390739448742,HOG8-ML04-H1-GPS-Sniper-Specialist-Exploiter,Exploiter,1.0151668335784765
6903,0.002395061829721293,HOG8-ML04-H1-GPS-Sniper-Specialist-Polisher,Polisher,0.013730942598736156
6922,0.002383344454231483,HOG8-ML04-H1-GPS-Sniper-Specialist-Refiner,Refiner,0.4892306054233849
6937,0.002382084539807646,HOG8-ML04-H1-GPS-Sniper-Specialist-Refiner,Refiner,0.05286329559288331
6946,0.0023776495159949836,HOG8-ML04-H1-GPS-Sniper-Specialist-Refiner,Refiner,0.186182469116759
6956,0.002372677437164749,HOG8-ML04-H1-GPS-Sniper-Specialist-Refiner,Refiner,0.20911739921238895
6966,0.002371336702701019,HOG8-ML04-H1-GPS-Sniper-Specialist-Refiner,Refiner,0.056507237044924906
6972,0.0023707335689366164,HOG8-ML04-H1-GPS-Sniper-Specialist-Polisher,Polisher,0.02543433683269896
6987,0.0023673414227076022,HOG8-ML04-H1-GPS-Sniper-Specialist-Refiner,Refiner,0.14308424503963724
6996,0.0023246079638992697,HOG8-ML04-H1-GPS-Sniper-Specialist-Exploiter,Exploiter,1.805124448819764
7008,0.0023157098224639637,HOG8-ML04-H1-GPS-Sniper-Specialist-Refiner,Refiner,0.38278030418429543
7033,0.00230736098017895,HOG8-ML04-H1-GPS-Sniper-Specialist-Refiner,Refiner,0.36053058997392556
7047,0.002305271010917595,HOG8-ML04-H1-GPS-Sniper-Specialist-Refiner,Refiner,0.09057833946697574
7057,0.002302782984508634,HOG8-ML04-H1-GPS-Sniper-Specialist-Refiner,Refiner,0.10792771857096137
7066,0.002285835642592874,HOG8-ML04-H1-GPS-Sniper-Specialist-Exploiter,Exploiter,0.7359504577621528
7081,0.002274198695958707,HOG8-ML04-H1-GPS-Sniper-Specialist-Exploiter,Exploiter,0.5090893858390714
7103,0.0022616285460176225,HOG8-ML04-H1-GPS-Sniper-Specialist-Exploiter,Exploiter,0.5527287463237953
7111,0.002251594418048997,HOG8-ML04-H1-GPS-Sniper-Specialist-Refiner,Refiner,0.44366825782660774
7121,0.0022454314021347083,HOG8-ML04-H1-GPS-Sniper-Specialist-Refiner,Refiner,0.2737178536633963
7127,0.0022354611338300428,HOG8-ML04-H1-GPS-Sniper-Specialist-Refiner,Refiner,0.4440246224038263
7140,0.002228216621432163,HOG8-ML04-H1-GPS-Sniper-Specialist-Refiner,Refiner,0.32407239330829507
7152,0.0022273400455802097,HOG8-ML04-H1-GPS-Sniper-Specialist-Polisher,Polisher,0.03933979504155508
7163,0.002220028363263374,HOG8-ML04-H1-GPS-Sniper-Specialist-Refiner,Refiner,0.32826969242278653
7174,0.00220602700047127,HOG8-ML04-H1-GPS-Sniper-Specialist-Exploiter,Exploiter,0.6306839598897078
7182,0.0021985181077071444,HOG8-ML04-H1-GPS-Sniper-Specialist-Refiner,Refiner,0.3403808186627523
7199,0.0021758536306895463,HOG8-ML04-H1-GPS-Sniper-Specialist-Exploiter,Exploiter,1.0308979006424965
7213,0.0021713581231767682,HOG8-ML04-H1-GPS-Sniper-Specialist-Refiner,Refiner,0.20660891198611672
7222,0.0021655241168563556,HOG8-ML04-H1-GPS-Sniper-Specialist-Refiner,Refiner,0.26868006056399857
7235,0.002163288798447561,HOG8-ML04-H1-GPS-Sniper-Specialist-Refiner,Refiner,0.10322297458592566
7243,0.0021503747195123573,HOG8-ML04-H1-GPS-Sniper-Specialist-Exploiter,Exploiter,0.5969650905820388
7260,0.002144510671722253,HOG8-ML04-H1-GPS-Sniper-Specialist-Refiner,Refiner,0.2726988806599294
7277,0.0021418548690501195,HOG8-ML04-H1-GPS-Sniper-Specialist-Refiner,Refiner,0.1238418958298116
7289,0.0021399888199874328,HOG8-ML04-H1-GPS-Sniper-Specialist-Refiner,Refiner,0.08712303945758525
7297,0.002138829542538392,HOG8-ML04-H1-GPS-Sniper-Specialist-Refiner,Refiner,0.054172126424832864
7306,0.00213469826437372,HOG8-ML04-H1-GPS-Sniper-Specialist-Refiner,Refiner,0.1931560268130996
7317,0.0021329178018588846,HOG8-ML04-H1-GPS-Sniper-Specialist-Refiner,Refiner,0.08340581638865248
7331,0.002128129240756878,HOG8-ML04-H1-GPS-Sniper-Specialist-Refiner,Refiner,0.2245075313185282
7342,0.002123535505881509,HOG8-ML04-H1-GPS-Sniper-Specialist-Refiner,Refiner,0.21585788999050146
7363,0.002123193977954581,HOG8-ML04-H1-GPS-Sniper-Specialist-Polisher,Polisher,0.01608298641498745
7372,0.0021216087954615444,HOG8-ML04-H1-GPS-Sniper-Specialist-Refiner,Refiner,0.07466027642766541
7383,0.002117003812177571,HOG8-ML04-H1-GPS-Sniper-Specialist-Refiner,Refiner,0.21705147969899977
7395,0.0021138583968343767,HOG8-ML04-H1-GPS-Sniper-Specialist-Refiner,Refiner,0.1485786338740158
7410,0.0021057009103211833,HOG8-ML04-H1-GPS-Sniper-Specialist-Refiner,Refiner,0.3859050599325718
7422,0.0021013703962803115,HOG8-ML04-H1-GPS-Sniper-Specialist-Refiner,Refiner,0.20565665425918783
7443,0.0020975939842096634,HOG8-ML04-H1-GPS-Sniper-Specialist-Refiner,Refiner,0.1797118717068045
7453,0.002094782956503677,HOG8-ML04-H1-GPS-Sniper-Specialist-Refiner,Refiner,0.13401200266340654
7462,0.002093337412499786,HOG8-ML04-H1-GPS-Sniper-Specialist-Refiner,Refiner,0.0690068629498387
7473,0.0020930078717935124,HOG8-ML04-H1-GPS-Sniper-Specialist-Polisher,Polisher,0.015742359750783523
7482,0.002090514188783812,HOG8-ML04-H1-GPS-Sniper-Specialist-Refiner,Refiner,0.1191435084075296
7493,0.002081299033674809,HOG8-ML04-H1-GPS-Sniper-Specialist-Refiner,Refiner,0.44080806331976496
7503,0.0020711885781476897,HOG8-ML04-H1-GPS-Sniper-Specialist-Refiner,Refiner,0.4857762082014691
7513,0.002063639179565822,HOG8-ML04-H1-GPS-Sniper-Specialist-Refiner,Refiner,0.3644959547150032
7528,0.0020632631307918956,HOG8-ML04-H1-GPS-Sniper-Specialist-Polisher,Polisher,0.01822260294581657
7533,0.0020628052268433245,HOG8-ML04-H1-GPS-Sniper-Specialist-Polisher,Polisher,0.02219319202371175
7542,0.0020625859399235886,HOG8-ML04-H1-GPS-Sniper-Specialist-Polisher,Polisher,0.010630519880515247
7557,0.0020468162966203094,HOG8-ML04-H1-GPS-Sniper-Specialist-Exploiter,Exploiter,0.7645569087833236
7587,0.002045451373250272,HOG8-ML04-H1-GPS-Sniper-Specialist-Refiner,Refiner,0.06668519164573268
7605,0.0020445197021829705,HOG8-ML04-H1-GPS-Sniper-Specialist-Polisher,Polisher,0.04554843392933502
7618,0.0020418030054198157,HOG8-ML04-H1-GPS-Sniper-Specialist-Refiner,Refiner,0.1328770155775045
7627,0.0020390523150894684,HOG8-ML04-H1-GPS-Sniper-Specialist-Refiner,Refiner,0.1347186933825537
7648,0.0020359837727090785,HOG8-ML04-H1-GPS-Sniper-Specialist-Refiner,Refiner,0.15048865385561533
7658,0.002034446158958634,HOG8-ML04-H1-GPS-Sniper-Specialist-Refiner,Refiner,0.07552190597267985
7665,0.0020337778790721346,HOG8-ML04-H1-GPS-Sniper-Specialist-Polisher,Polisher,0.032848246367039445
7677,0.002029886713123847,HOG8-ML04-H1-GPS-Sniper-Specialist-Refiner,Refiner,0.19132698749101898
7687,0.002004075943577612,HOG8-ML04-H1-GPS-Sniper-Specialist-Exploiter,Exploiter,1.2715374399645314
7703,0.002002967415069121,HOG8-ML04-H1-GPS-Sniper-Specialist-Refiner,Refiner,0.0553136976691645
7709,0.001998425266103706,HOG8-ML04-H1-GPS-Sniper-Specialist-Refiner,Refiner,0.22677098644952667
7723,0.0019978118986355145,HOG8-ML04-H1-GPS-Sniper-Specialist-Polisher,Polisher,0.030692539700901605
7733,0.0019937448339894044,HOG8-ML04-H1-GPS-Sniper-Specialist-Refiner,Refiner,0.20357595471764903
7741,0.001991120857374908,HOG8-ML04-H1-GPS-Sniper-Specialist-Refiner,Refiner,0.13161045334201768
7753,0.0019772716183670404,HOG8-ML04-H1-GPS-Sniper-Specialist-Exploiter,Exploiter,0.6955498937481064
7763,0.0019768806187907065,HOG8-ML04-H1-GPS-Sniper-Specialist-Polisher,Polisher,0.01977470230705055
7770,0.0019690881085644807,HOG8-ML04-H1-GPS-Sniper-Specialist-Refiner,Refiner,0.3941821348318254
7782,0.0019675064840360365,HOG8-ML04-H1-GPS-Sniper-Specialist-Refiner,Refiner,0.0803226895518283
7792,0.001967458722715584,HOG8-ML04-H1-GPS-Sniper-Specialist-Polisher,Polisher,0.002427505110653206
7801,0.0019646467964889425,HOG8-ML04-H1-GPS-Sniper-Specialist-Refiner,Refiner,0.14292173930644728
7815,0.0019634839236822165,HOG8-ML04-H1-GPS-Sniper-Specialist-Refiner,Refiner,0.05918991692574234
7828,0.0019601328364871272,HOG8-ML04-H1-GPS-Sniper-Specialist-Refiner,Refiner,0.17067046766569713
7837,0.0019597847219732173,HOG8-ML04-H1-GPS-Sniper-Specialist-Polisher,Polisher,0.017759740943567467
7846,0.001958367004346541,HOG8-ML04-H1-GPS-Sniper-Specialist-Refiner,Refiner,0.07234047754230112
7858,0.0019583138023633335,HOG8-ML04-H1-GPS-Sniper-Specialist-Polisher,Polisher,0.0027166503055495567
7868,0.0019557853149779433,HOG8-ML04-H1-GPS-Sniper-Specialist-Refiner,Refiner,0.12911553716972057
7875,0.001954976294640932,HOG8-ML04-H1-GPS-Sniper-Specialist-Polisher,Polisher,0.041365498084861715
7888,0.0019493925550542726,HOG8-ML04-H1-GPS-Sniper-Specialist-Refiner,Refiner,0.2856167413367551
7913,0.0019426053689828617,HOG8-ML04-H1-GPS-Sniper-Specialist-Refiner,Refiner,0.348169282467686
7918,0.0019387521106871497,HOG8-ML04-H1-GPS-Sniper-Specialist-Refiner,Refiner,0.19835517584971285
7935,0.0019356493845888146,HOG8-ML04-H1-GPS-Sniper-Specialist-Refiner,Refiner,0.16003727765049142
7947,0.0019328653455903348,HOG8-ML04-H1-GPS-Sniper-Specialist-Refiner,Refiner,0.1438297152700117
7965,0.0019320812724346102,HOG8-ML04-H1-GPS-Sniper-Specialist-Polisher,Polisher,0.04056532740437988
7982,0.0019307485870873726,HOG8-ML04-H1-GPS-Sniper-Specialist-Refiner,Refiner,0.06897667123279728
7992,0.0019241956785980812,HOG8-ML04-H1-GPS-Sniper-Specialist-Refiner,Refiner,0.3393972955938669
8007,0.0019221074131812459,HOG8-ML04-H1-GPS-Sniper-Specialist-Refiner,Refiner,0.10852666597592613
8018,0.0019209736160012997,HOG8-ML04-H1-GPS-Sniper-Specialist-Refiner,Refiner,0.05898719146343695
8026,0.00191919626111349,HOG8-ML04-H1-GPS-Sniper-Specialist-Refiner,Refiner,0.09252364910193489
8040,0.001918775169719171,HOG8-ML04-H1-GPS-Sniper-Specialist-Polisher,Polisher,0.021941028275799326
8052,0.0019179356980608196,HOG8-ML04-H1-GPS-Sniper-Specialist-Polisher,Polisher,0.04375039200002882
8063,0.0019147750236940928,HOG8-ML04-H1-GPS-Sniper-Specialist-Refiner,Refiner,0.16479563782678028
8083,0.0019116003020232006,HOG8-ML04-H1-GPS-Sniper-Specialist-Refiner,Refiner,0.16580128900821717
8093,0.0019114986763299692,HOG8-ML04-H1-GPS-Sniper-Specialist-Polisher,Polisher,0.0053162626687069305
8098,0.0019102833994077218,HOG8-ML04-H1-GPS-Sniper-Specialist-Refiner,Refiner,0.06357717833112733
8115,0.0019051447556105664,HOG8-ML04-H1-GPS-Sniper-Specialist-Refiner,Refiner,0.26899902908377804
8127,0.00190497048360103,HOG8-ML04-H1-GPS-Sniper-Specialist-Polisher,Polisher,0.009147441895064418
8137,0.0019012769570328884,HOG8-ML04-H1-GPS-Sniper-Specialist-Refiner,Refiner,0.19388891323710514
8145,0.0018959008668577228,HOG8-ML04-H1-GPS-Sniper-Specialist-Refiner,Refiner,0.2827620749980296
8157,0.0018955357112430099,HOG8-ML04-H1-GPS-Sniper-Specialist-Polisher,Polisher,0.019260269410508134
8168,0.0018936843244752907,HOG8-ML04-H1-GPS-Sniper-Specialist-Refiner,Refiner,0.09767089887771714
8178,0.0018887214786486991,HOG8-ML04-H1-GPS-Sniper-Specialist-Refiner,Refiner,0.2620735548395418
8190,0.001887383991726532,HOG8-ML04-H1-GPS-Sniper-Specialist-Refiner,Refiner,0.0708144073801779
8213,0.0018872404776196137,HOG8-ML04-H1-GPS-Sniper-Specialist-Polisher,Polisher,0.007603863736651158
8222,0.0018870889868685804,HOG8-ML04-H1-GPS-Sniper-Specialist-Polisher,Polisher,0.008027103743784876
8233,0.0018775289391979272,HOG8-ML04-H1-GPS-Sniper-Specialist-Exploiter,Exploiter,0.5066029072914644
8243,0.0018681737383745294,HOG8-ML04-H1-GPS-Sniper-Specialist-Refiner,Refiner,0.49827199081119355
8251,0.0018678373889968133,HOG8-ML04-H1-GPS-Sniper-Specialist-Polisher,Polisher,0.018004180810759763
8262,0.001861959797875556,HOG8-ML04-H1-GPS-Sniper-Specialist-Refiner,Refiner,0.3146735982415477
8272,0.0018470498011935765,HOG8-ML04-H1-GPS-Sniper-Specialist-Exploiter,Exploiter,0.800768990769375
8288,0.0018469984476627635,HOG8-ML04-H1-GPS-Sniper-Specialist-Polisher,Polisher,0.002780300281008846
8307,0.0018137394468698302,HOG8-ML04-H1-GPS-Sniper-Specialist-Exploiter,Exploiter,1.8007054004306318
8318,0.0018120392635142392,HOG8-ML04-H1-GPS-Sniper-Specialist-Refiner,Refiner,0.09373911773960693
8333,0.001810964416735909,HOG8-ML04-H1-GPS-Sniper-Specialist-Refiner,Refiner,0.059316969558685886
8337,0.0018107778181571449,HOG8-ML04-H1-GPS-Sniper-Specialist-Polisher,Polisher,0.010303823589226829
8348,0.0017941015751089305,HOG8-ML04-H1-GPS-Sniper-Specialist-Exploiter,Exploiter,0.9209436343320131
8357,0.0017937893728357651,HOG8-ML04-H1-GPS-Sniper-Specialist-Polisher,Polisher,0.01740159406227697
8377,0.0017899325602864257,HOG8-ML04-H1-GPS-Sniper-Specialist-Refiner,Refiner,0.21500922057768054
8392,0.0017877215212063076,HOG8-ML04-H1-GPS-Sniper-Specialist-Refiner,Refiner,0.12352639027719829
8417,0.0017825238453757343,HOG8-ML04-H1-GPS-Sniper-Specialist-Refiner,Refiner,0.2907430362569041
8427,0.0017824385254356808,HOG8-ML04-H1-GPS-Sniper-Specialist-Polisher,Polisher,0.004786468370388694
8438,0.001776899181401863,HOG8-ML04-H1-GPS-Sniper-Specialist-Refiner,Refiner,0.3107733565433277
8453,0.0017730732326280319,HOG8-ML04-H1-GPS-Sniper-Specialist-Refiner,Refiner,0.21531602996252164
8459,0.0017701635603103126,HOG8-ML04-H1-GPS-Sniper-Specialist-Refiner,Refiner,0.16410333561950768
8461,0.0017700270914476944,HOG8-ML04-H1-GPS-Sniper-Specialist-Polisher,Polisher,0.007709392831149903
8472,0.0017692960482299895,HOG8-ML04-H1-GPS-Sniper-Specialist-Polisher,Polisher,0.04130124455366473
8478,0.0017692287264424807,HOG8-ML04-H1-GPS-Sniper-Specialist-Polisher,Polisher,0.0038050041187949646
8491,0.0017633672317370376,HOG8-ML04-H1-GPS-Sniper-Specialist-Refiner,Refiner,0.331302257183514
8497,0.001757175254583051,HOG8-ML04-H1-GPS-Sniper-Specialist-Refiner,Refiner,0.35114507304795034
8512,0.001754010437021762,HOG8-ML04-H1-GPS-Sniper-Specialist-Refiner,Refiner,0.18010824777065118
8522,0.0017521760231836289,HOG8-ML04-H1-GPS-Sniper-Specialist-Refiner,Refiner,0.10458397506732225
8534,0.0017503720478686847,HOG8-ML04-H1-GPS-Sniper-Specialist-Refiner,Refiner,0.1029562835625605
8542,0.0017463107621660616,HOG8-ML04-H1-GPS-Sniper-Specialist-Refiner,Refiner,0.2320241406715941
8550,0.001746005670309174,HOG8-ML04-H1-GPS-Sniper-Specialist-Polisher,Polisher,0.01747065090003012
8562,0.0017431373667979792,HOG8-ML04-H1-GPS-Sniper-Specialist-Refiner,Refiner,0.1642780181055679
8578,0.0017397958622177292,HOG8-ML04-H1-GPS-Sniper-Specialist-Refiner,Refiner,0.19169485112857793
8593,0.0017346759205365738,HOG8-ML04-H1-GPS-Sniper-Specialist-Refiner,Refiner,0.29428404747606324
8602,0.0017329690804836154,HOG8-ML04-H1-GPS-Sniper-Specialist-Refiner,Refiner,0.09839532749324215
8618,0.0017251148159570073,HOG8-ML04-H1-GPS-Sniper-Specialist-Refiner,Refiner,0.45322588931686403
8625,0.0017247581904475525,HOG8-ML04-H1-GPS-Sniper-Specialist-Polisher,Polisher,0.020672566611568334
8634,0.0017182824579887518,HOG8-ML04-H1-GPS-Sniper-Specialist-Refiner,Refiner,0.3754574116340574
8647,0.0017044957812026454,HOG8-ML04-H1-GPS-Sniper-Specialist-Exploiter,Exploiter,0.8023521815059222
8669,0.0016999860218748206,HOG8-ML04-H1-GPS-Sniper-Specialist-Refiner,Refiner,0.26458025754940917
8673,0.0016957401761276414,HOG8-ML04-H1-GPS-Sniper-Specialist-Refiner,Refiner,0.24975768580124888
8692,0.0016946420624602669,HOG8-ML04-H1-GPS-Sniper-Specialist-Refiner,Refiner,0.0647571887977632
8707,0.0016908799206100753,HOG8-ML04-H1-GPS-Sniper-Specialist-Refiner,Refiner,0.22200215216714986
8723,0.0016862596453310903,HOG8-ML04-H1-GPS-Sniper-Specialist-Refiner,Refiner,0.2732468002410264
8730,0.0016812185274408544,HOG8-ML04-H1-GPS-Sniper-Specialist-Refiner,Refiner,0.29895264968201746
8743,0.0016761722827110166,HOG8-ML04-H1-GPS-Sniper-Specialist-Refiner,Refiner,0.3001540042221165
8753,0.001675056634955745,HOG8-ML04-H1-GPS-Sniper-Specialist-Refiner,Refiner,0.0665592532926974
8767,0.001666139081797244,HOG8-ML04-H1-GPS-Sniper-Specialist-Exploiter,Exploiter,0.5323732327854449
8775,0.0016660015906699089,HOG8-ML04-H1-GPS-Sniper-Specialist-Polisher,Polisher,0.008252079843584741
8789,0.0016651899364046653,HOG8-ML04-H1-GPS-Sniper-Specialist-Polisher,Polisher,0.04871869689615713
8812,0.0016647155118399734,HOG8-ML04-H1-GPS-Sniper-Specialist-Polisher,Polisher,0.028490717744559965
8820,0.0016626086403266258,HOG8-ML04-H1-GPS-Sniper-Specialist-Refiner,Refiner,0.12656045422553336
8832,0.0016592441609923844,HOG8-ML04-H1-GPS-Sniper-Specialist-Refiner,Refiner,0.20236147296699034
8847,0.00165582443946195,HOG8-ML04-H1-GPS-Sniper-Specialist-Refiner,Refiner,0.20610116406189374
8857,0.0016516485585472984,HOG8-ML04-H1-GPS-Sniper-Specialist-Refiner,Refiner,0.2521934581427378
8865,0.0016462101169346618,HOG8-ML04-H1-GPS-Sniper-Specialist-Refiner,Refiner,0.3292735360977751
8876,0.0016461618901124203,HOG8-ML04-H1-GPS-Sniper-Specialist-Polisher,Polisher,0.002929566629758917
8886,0.0016425925493201302,HOG8-ML04-H1-GPS-Sniper-Specialist-Refiner,Refiner,0.21682805401638758
8896,0.0016390455460743494,HOG8-ML04-H1-GPS-Sniper-Specialist-Refiner,Refiner,0.21593932392113507
8907,0.001635314692289793,HOG8-ML04-H1-GPS-Sniper-Specialist-Refiner,Refiner,0.22762355771576717
8910,0.0016318565105964897,HOG8-ML04-H1-GPS-Sniper-Specialist-Refiner,Refiner,0.21146888177597398
8933,0.0016315135607306186,HOG8-ML04-H1-GPS-Sniper-Specialist-Polisher,Polisher,0.021015932690410206
8943,0.0016268924408814527,HOG8-ML04-H1-GPS-Sniper-Specialist-Refiner,Refiner,0.2832412773263472
8952,0.0016203746115611725,HOG8-ML04-H1-GPS-Sniper-Specialist-Refiner,Refiner,0.40063062292850593
8970,0.0016174115421657314,HOG8-ML04-H1-GPS-Sniper-Specialist-Refiner,Refiner,0.1828632326315166
8983,0.0016136856216577079,HOG8-ML04-H1-GPS-Sniper-Specialist-Refiner,Refiner,0.23036317046646557
9026,0.0016106926069471652,HOG8-ML04-H1-GPS-Sniper-Specialist-Refiner,Refiner,0.18547693989291275
9036,0.001609620710952938,HOG8-ML04-H1-GPS-Sniper-Specialist-Refiner,Refiner,0.06654876229045621
9046,0.0016067420035044248,HOG8-ML04-H1-GPS-Sniper-Specialist-Refiner,Refiner,0.178843837490691
9056,0.0016002254244195974,HOG8-ML04-H1-GPS-Sniper-Specialist-Refiner,Refiner,0.40557719102471224
9068,0.0015950143927463902,HOG8-ML04-H1-GPS-Sniper-Specialist-Refiner,Refiner,0.32564359956330907
9102,0.0015877977641341654,HOG8-ML04-H1-GPS-Sniper-Specialist-Refiner,Refiner,0.45244912177869123
9112,0.0015842736433166614,HOG8-ML04-H1-GPS-Sniper-Specialist-Refiner,Refiner,0.22195023176806786
9123,0.0015821114126469916,HOG8-ML04-H1-GPS-Sniper-Specialist-Refiner,Refiner,0.1364808837659616
9136,0.0015809659085703643,HOG8-ML04-H1-GPS-Sniper-Specialist-Refiner,Refiner,0.07240350252646566
9147,0.001578913027729823,HOG8-ML04-H1-GPS-Sniper-Specialist-Refiner,Refiner,0.1298497854642373
9154,0.001577854943254421,HOG8-ML04-H1-GPS-Sniper-Specialist-Refiner,Refiner,0.0670134742585043
9165,0.00157698543040908,HOG8-ML04-H1-GPS-Sniper-Specialist-Refiner,Refiner,0.05510727390108208
9172,0.0015757550830901262,HOG8-ML04-H1-GPS-Sniper-Specialist-Refiner,Refiner,0.07801894013914067
9183,0.0015713984011438001,HOG8-ML04-H1-GPS-Sniper-Specialist-Refiner,Refiner,0.27648217626450117
9198,0.0015686928456501248,HOG8-ML04-H1-GPS-Sniper-Specialist-Refiner,Refiner,0.1721750188689264
9208,0.0015667752774563696,HOG8-ML04-H1-GPS-Sniper-Specialist-Refiner,Refiner,0.12223987628122997
9237,0.0015631894311508487,HOG8-ML04-H1-GPS-Sniper-Specialist-Refiner,Refiner,0.22886794022831422
9246,0.0015613798253978728,HOG8-ML04-H1-GPS-Sniper-Specialist-Refiner,Refiner,0.11576368909068781
9261,0.001557594825612815,HOG8-ML04-H1-GPS-Sniper-Specialist-Refiner,Refiner,0.24241377552661544
9271,0.0015565164445875612,HOG8-ML04-H1-GPS-Sniper-Specialist-Refiner,Refiner,0.06923373187436285
9286,0.0015533711626412536,HOG8-ML04-H1-GPS-Sniper-Specialist-Refiner,Refiner,0.20207187384654052
9296,0.0015519851822314973,HOG8-ML04-H1-GPS-Sniper-Specialist-Refiner,Refiner,0.08922403370740978
9307,0.0015519725620535478,HOG8-ML04-H1-GPS-Sniper-Specialist-Polisher,Polisher,0.0008131635594228494
9313,0.0015486538154296523,HOG8-ML04-H1-GPS-Sniper-Specialist-Refiner,Refiner,0.2138405475096923
9323,0.001547711112168156,HOG8-ML04-H1-GPS-Sniper-Specialist-Refiner,Refiner,0.060872433342029825
9337,0.0015475089532643372,HOG8-ML04-H1-GPS-Sniper-Specialist-Polisher,Polisher,0.013061798305217979
9345,0.0015412973297121678,HOG8-ML04-H1-GPS-Sniper-Specialist-Refiner,Refiner,0.4013949993030113
9357,0.0015410493639098873,HOG8-ML04-H1-GPS-Sniper-Specialist-Polisher,Polisher,0.016088122486190418
9367,0.0015380549490745053,HOG8-ML04-H1-GPS-Sniper-Specialist-Refiner,Refiner,0.19431011786570904
9376,0.0015363632216423215,HOG8-ML04-H1-GPS-Sniper-Specialist-Refiner,Refiner,0.1099913519475844
9389,0.001533875790666285,HOG8-ML04-H1-GPS-Sniper-Specialist-Refiner,Refiner,0.16190383504348535
9402,0.0015335891203703315,HOG8-ML04-H1-GPS-Sniper-Specialist-Polisher,Polisher,0.018689277039109758
9417,0.0015308796776173051,HOG8-ML04-H1-GPS-Sniper-Specialist-Refiner,Refiner,0.17667331601648734
9437,0.0015216593158725873,HOG8-ML04-H1-GPS-Sniper-Specialist-Exploiter,Exploiter,0.6022917332777328
9449,0.0015206742469326823,HOG8-ML04-H1-GPS-Sniper-Specialist-Refiner,Refiner,0.06473649716658965
9465,0.0015206633429831595,HOG8-ML04-H1-GPS-Sniper-Specialist-Polisher,Polisher,0.0007170470299479497
9477,0.0015164345718597409,HOG8-ML04-H1-GPS-Sniper-Specialist-Refiner,Refiner,0.27808726651638793
9502,0.0015162921181202749,HOG8-ML04-H1-GPS-Sniper-Specialist-Polisher,Polisher,0.009393991808778486
9548,0.0015161436438831668,HOG8-ML04-H1-GPS-Sniper-Specialist-Polisher,Polisher,0.009791928305486424
9555,0.001512365493414143,HOG8-ML04-H1-GPS-Sniper-Specialist-Refiner,Refiner,0.2491947569919672
9567,0.001508686133945746,HOG8-ML04-H1-GPS-Sniper-Specialist-Refiner,Refiner,0.24328507126216742
9577,0.001503339384701886,HOG8-ML04-H1-GPS-Sniper-Specialist-Refiner,Refiner,0.3543977188864516
9592,0.0014973705747644934,HOG8-ML04-H1-GPS-Sniper-Specialist-Refiner,Refiner,0.39703675684491185
9602,0.0014972884984277872,HOG8-ML04-H1-GPS-Sniper-Specialist-Polisher,Polisher,0.00548136433889583
9627,0.0014888956442100257,HOG8-ML04-H1-GPS-Sniper-Specialist-Exploiter,Exploiter,0.5605368789364457
9642,0.0014881325200972921,HOG8-ML04-H1-GPS-Sniper-Specialist-Refiner,Refiner,0.05125437203749902
9653,0.001487885058165723,HOG8-ML04-H1-GPS-Sniper-Specialist-Polisher,Polisher,0.016629025186067858
9661,0.0014878074779652091,HOG8-ML04-H1-GPS-Sniper-Specialist-Polisher,Polisher,0.005214125922441658
9672,0.0014841212781785556,HOG8-ML04-H1-GPS-Sniper-Specialist-Refiner,Refiner,0.2477605363091007
9683,0.0014840535532497207,HOG8-ML04-H1-GPS-Sniper-Specialist-Polisher,Polisher,0.004563301519269374
9691,0.0014824742480177907,HOG8-ML04-H1-GPS-Sniper-Specialist-Refiner,Refiner,0.10641834511104693
9702,0.001475380814976543,HOG8-ML04-H1-GPS-Sniper-Specialist-Refiner,Refiner,0.478486088424964
9713,0.001470770010339274,HOG8-ML04-H1-GPS-Sniper-Specialist-Refiner,Refiner,0.3125162392288648
9736,0.0014654703430432205,HOG8-ML04-H1-GPS-Sniper-Specialist-Refiner,Refiner,0.3603328364596601
9753,0.0014548583217615495,HOG8-ML04-H1-GPS-Sniper-Specialist-Exploiter,Exploiter,0.724137566621368
9763,0.0014425986410297144,HOG8-ML04-H1-GPS-Sniper-Specialist-Exploiter,Exploiter,0.8426717948034356
9777,0.0014370875249622489,HOG8-ML04-H1-GPS-Sniper-Specialist-Refiner,Refiner,0.3820269831622519
9783,0.0014343422953363334,HOG8-ML04-H1-GPS-Sniper-Specialist-Refiner,Refiner,0.19102730893078904
9803,0.0014291977493989545,HOG8-ML04-H1-GPS-Sniper-Specialist-Refiner,Refiner,0.358669332564905
9817,0.0014269783598157826,HOG8-ML04-H1-GPS-Sniper-Specialist-Refiner,Refiner,0.15528918822501692
9823,0.0014262659070065804,HOG8-ML04-H1-GPS-Sniper-Specialist-Polisher,Polisher,0.04992737306080472
9838,0.001425998525867088,HOG8-ML04-H1-GPS-Sniper-Specialist-Polisher,Polisher,0.018746934788163926
9848,0.001423269580417961,HOG8-ML04-H1-GPS-Sniper-Specialist-Refiner,Refiner,0.19137084643671975
9857,0.0014187585228354128,HOG8-ML04-H1-GPS-Sniper-Specialist-Refiner,Refiner,0.31695032653080407
9869,0.001416460810978764,HOG8-ML04-H1-GPS-Sniper-Specialist-Refiner,Refiner,0.16195228572489992
9877,0.0014084028722624485,HOG8-ML04-H1-GPS-Sniper-Specialist-Exploiter,Exploiter,0.5688783377457185
9908,0.0014066914353417256,HOG8-ML04-H1-GPS-Sniper-Specialist-Refiner,Refiner,0.12151614814400458
10000,0.0014066914353417256,Final,Final,0
