TimeMs,BestQuality,Source,Role,DeltaPct
8,1035400.8422663806,HOG8-ML00-H1-GPS-GradientEstimation-Escape-Specialist-Global Explorer,Global Explorer,100
8,1029884.6011754245,HOG8-ML01-H1-GPS-GradientEstimation-Escape-Specialist-Exploiter,Exploiter,0.532763821099621
8,707047.0745246654,HOG8-ML02-H2-GPS-GradientEstimation-Escape-Specialist-Local Explorer,Local Explorer,31.34696123063684
8,655691.8922423985,HOG8-ML04-H2-GPS-Sniper-Specialist-Local Explorer,Local Explorer,7.263332829259217
15,989.6959617248606,HOG8-ML01-H1-GPS-GradientEstimation-Escape-Specialist-Global Explorer,Global Explorer,99.84906082057226
16,319.2286220481286,HOG8-ML02-H2-GPS-GradientEstimation-Escape-Specialist-Global Explorer,Global Explorer,67.74477876096705
19,197.61994265630696,HOG8-ML00-H1-GPS-GradientEstimation-Escape-Specialist-Local Explorer,Local Explorer,38.09454133893021
29,140.79964946385797,HOG8-ML00-H1-GPS-GradientEstimation-Escape-Specialist-Local Explorer,Local Explorer,28.752307296874726
29,73.63911784190118,HOG8-ML00-H1-GPS-GradientEstimation-Escape-Specialist-Local Explorer,Local Explorer,47.69935996125921
29,26.6064136943808,HOG8-ML01-H2-GPS-GradientEstimation-Escape-Specialist-Global Explorer,Global Explorer,63.86918464788891
39,25.16455889906081,HOG8-ML00-H2-GPS-GradientEstimation-Escape-Specialist-Local Explorer,Local Explorer,5.41920009168506
48,25.135439940662728,HOG8-ML02-H2-GPS-GradientEstimation-Escape-Specialist-Refiner,Refiner,0.11571416178953912
51,24.5291981147997,HOG8-ML00-H2-GPS-GradientEstimation-Escape-Specialist-Exploiter,Exploiter,2.4119005965051046
61,24.24591916739907,HOG8-ML00-H2-GPS-GradientEstimation-Escape-Specialist-Exploiter,Exploiter,1.1548642808250442
70,24.098883282643904,HOG8-ML01-H2-GPS-GradientEstimation-Escape-Specialist-Exploiter,Exploiter,0.6064355974298119
75,23.909922661113598,HOG8-ML00-H2-GPS-GradientEstimation-Escape-Specialist-Exploiter,Exploiter,0.7841053019514651
82,23.77331898352203,HOG8-ML01-H2-GPS-GradientEstimation-Escape-Specialist-Exploiter,Exploiter,0.5713263046799154
85,23.540784948749106,HOG8-ML00-H2-GPS-GradientEstimation-Escape-Specialist-Exploiter,Exploiter,0.9781302936039399
96,23.23105724470644,HOG8-ML00-H2-GPS-GradientEstimation-Escape-Specialist-Exploiter,Exploiter,1.3157067817278658
102,23.226531709902638,HOG8-ML01-H2-GPS-GradientEstimation-Escape-Specialist-Polisher,Polisher,0.019480537438024845
111,22.974321921404123,HOG8-ML00-H2-GPS-GradientEstimation-Escape-Specialist-Exploiter,Exploiter,1.0858693482461927
122,22.723819730285605,HOG8-ML00-H2-GPS-GradientEstimation-Escape-Specialist-Exploiter,Exploiter,1.0903572779013602
125,22.71402233483086,HOG8-ML01-H2-GPS-GradientEstimation-Escape-Specialist-Polisher,Polisher,0.04311509055709409
130,22.458435121387772,HOG8-ML00-H2-GPS-GradientEstimation-Escape-Specialist-Exploiter,Exploiter,1.1252397733674784
136,22.453857683344296,HOG8-ML01-H2-GPS-GradientEstimation-Escape-Specialist-Polisher,Polisher,0.020381820989465185
142,22.265672086033934,HOG8-ML00-H2-GPS-GradientEstimation-Escape-Specialist-Exploiter,Exploiter,0.8380991808367664
150,22.055685318223418,HOG8-ML00-H2-GPS-GradientEstimation-Escape-Specialist-Exploiter,Exploiter,0.9430964715510642
160,21.77155165546028,HOG8-ML00-H2-GPS-GradientEstimation-Escape-Specialist-Exploiter,Exploiter,1.288255878988149
169,21.685005085765777,HOG8-ML01-H2-GPS-GradientEstimation-Escape-Specialist-Refiner,Refiner,0.39752136670881616
176,21.48601671761437,HOG8-ML00-H2-GPS-GradientEstimation-Escape-Specialist-Exploiter,Exploiter,0.9176311804603894
179,21.407083545602077,HOG8-ML01-H2-GPS-GradientEstimation-Escape-Specialist-Refiner,Refiner,0.3673699646132257
184,21.221284652967086,HOG8-ML00-H2-GPS-GradientEstimation-Escape-Specialist-Exploiter,Exploiter,0.8679318331205504
191,21.20874820528532,HOG8-ML01-H2-GPS-GradientEstimation-Escape-Specialist-Refiner,Refiner,0.059074876411931196
196,20.99411085517279,HOG8-ML00-H2-GPS-GradientEstimation-Escape-Specialist-Exploiter,Exploiter,1.0120227183377275
200,20.980912014084883,HOG8-ML01-H2-GPS-GradientEstimation-Escape-Specialist-Refiner,Refiner,0.06286925499706952
206,20.755112240263212,HOG8-ML00-H2-GPS-GradientEstimation-Escape-Specialist-Exploiter,Exploiter,1.0762152458867684
210,20.709805478941046,HOG8-ML01-H2-GPS-GradientEstimation-Escape-Specialist-Refiner,Refiner,0.2182920564229707
215,20.52706383539598,HOG8-ML00-H2-GPS-GradientEstimation-Escape-Specialist-Exploiter,Exploiter,0.8823918878952796
221,20.505376288145182,HOG8-ML02-H2-GPS-GradientEstimation-Escape-Specialist-Refiner,Refiner,0.10565343112247129
224,20.261498543124492,HOG8-ML00-H2-GPS-GradientEstimation-Escape-Specialist-Exploiter,Exploiter,1.1893356239538189
235,19.989484309779037,HOG8-ML00-H2-GPS-GradientEstimation-Escape-Specialist-Exploiter,Exploiter,1.3425178437147745
246,19.95648552955286,HOG8-ML01-H2-GPS-GradientEstimation-Escape-Specialist-Refiner,Refiner,0.165080698004965
250,19.76769222338146,HOG8-ML00-H2-GPS-GradientEstimation-Escape-Specialist-Exploiter,Exploiter,0.9460248193091121
257,19.687693655792096,HOG8-ML01-H2-GPS-GradientEstimation-Escape-Specialist-Refiner,Refiner,0.4046935104277903
260,19.545145342017644,HOG8-ML00-H2-GPS-GradientEstimation-Escape-Specialist-Exploiter,Exploiter,0.7240478050231846
267,19.46153959811239,HOG8-ML01-H2-GPS-GradientEstimation-Escape-Specialist-Refiner,Refiner,0.42775708464811973
271,19.31472008367991,HOG8-ML00-H2-GPS-GradientEstimation-Escape-Specialist-Exploiter,Exploiter,0.7544085281244829
275,19.285574126512355,HOG8-ML01-H2-GPS-GradientEstimation-Escape-Specialist-Refiner,Refiner,0.15090023071150235
280,19.13638540873854,HOG8-ML00-H2-GPS-GradientEstimation-Escape-Specialist-Exploiter,Exploiter,0.7735767511775594
290,19.132203633862105,HOG8-ML01-H2-GPS-GradientEstimation-Escape-Specialist-Polisher,Polisher,0.021852480429905573
295,18.98194367562625,HOG8-ML00-H2-GPS-GradientEstimation-Escape-Specialist-Exploiter,Exploiter,0.785377163610721
301,18.876823684080247,HOG8-ML01-H2-GPS-GradientEstimation-Escape-Specialist-Exploiter,Exploiter,0.5537893976631267
306,18.689862934909247,HOG8-ML00-H2-GPS-GradientEstimation-Escape-Specialist-Exploiter,Exploiter,0.9904248315285855
310,18.6123812030873,HOG8-ML01-H2-GPS-GradientEstimation-Escape-Specialist-Refiner,Refiner,0.41456554332041623
316,18.444033217683163,HOG8-ML00-H2-GPS-GradientEstimation-Escape-Specialist-Exploiter,Exploiter,0.9044946133824694
321,18.357165272194454,HOG8-ML01-H2-GPS-GradientEstimation-Escape-Specialist-Refiner,Refiner,0.4709812895230798
326,18.215451110721723,HOG8-ML00-H2-GPS-GradientEstimation-Escape-Specialist-Exploiter,Exploiter,0.7719828163631816
330,18.142360845779997,HOG8-ML01-H2-GPS-GradientEstimation-Escape-Specialist-Refiner,Refiner,0.4012542126870776
335,18.001759680208927,HOG8-ML00-H2-GPS-GradientEstimation-Escape-Specialist-Exploiter,Exploiter,0.7749882540991045
341,17.92207484767187,HOG8-ML01-H2-GPS-GradientEstimation-Escape-Specialist-Refiner,Refiner,0.44265024060210906
349,17.74255656942818,HOG8-ML00-H2-GPS-GradientEstimation-Escape-Specialist-Exploiter,Exploiter,1.0016601301439574
355,17.672582988433625,HOG8-ML01-H2-GPS-GradientEstimation-Escape-Specialist-Refiner,Refiner,0.39438274140901713
360,17.535257213878474,HOG8-ML00-H2-GPS-GradientEstimation-Escape-Specialist-Exploiter,Exploiter,0.7770554799206681
366,17.446067077257986,HOG8-ML01-H2-GPS-GradientEstimation-Escape-Specialist-Exploiter,Exploiter,0.5086331813250916
370,17.307802607558262,HOG8-ML00-H2-GPS-GradientEstimation-Escape-Specialist-Exploiter,Exploiter,0.7925251524451613
376,17.231310565468497,HOG8-ML01-H2-GPS-GradientEstimation-Escape-Specialist-Refiner,Refiner,0.4419512044605867
380,17.089682485699427,HOG8-ML00-H2-GPS-GradientEstimation-Escape-Specialist-Exploiter,Exploiter,0.8219228550896913
385,17.02031172813651,HOG8-ML01-H2-GPS-GradientEstimation-Escape-Specialist-Refiner,Refiner,0.40592186321172136
390,16.91132270889947,HOG8-ML00-H2-GPS-GradientEstimation-Escape-Specialist-Exploiter,Exploiter,0.6403467866976167
399,16.80754565756409,HOG8-ML01-H2-GPS-GradientEstimation-Escape-Specialist-Exploiter,Exploiter,0.6136542547364776
399,16.733156169446886,HOG8-ML00-H2-GPS-GradientEstimation-Escape-Specialist-Refiner,Refiner,0.44259578187566606
405,16.710658093620022,HOG8-ML02-H2-GPS-GradientEstimation-Escape-Specialist-Refiner,Refiner,0.13445207586087604
411,16.515128156037886,HOG8-ML00-H2-GPS-GradientEstimation-Escape-Specialist-Exploiter,Exploiter,1.1700911866348844
416,16.495755092042796,HOG8-ML02-H2-GPS-GradientEstimation-Escape-Specialist-Refiner,Refiner,0.11730495707965329
419,16.37052688731662,HOG8-ML01-H2-GPS-GradientEstimation-Escape-Specialist-Exploiter,Exploiter,0.7591541219388295
424,16.263403925323942,HOG8-ML00-H2-GPS-GradientEstimation-Escape-Specialist-Exploiter,Exploiter,0.6543647784218338
429,16.203361317835927,HOG8-ML01-H2-GPS-GradientEstimation-Escape-Specialist-Refiner,Refiner,0.3691884415077562
435,16.053792993198687,HOG8-ML00-H2-GPS-GradientEstimation-Escape-Specialist-Exploiter,Exploiter,0.9230697366021338
439,15.938453395486336,HOG8-ML01-H2-GPS-GradientEstimation-Escape-Specialist-Exploiter,Exploiter,0.7184569887080005
445,15.80579722511129,HOG8-ML00-H2-GPS-GradientEstimation-Escape-Specialist-Exploiter,Exploiter,0.8323026524807842
451,15.77808349834396,HOG8-ML02-H2-GPS-GradientEstimation-Escape-Specialist-Refiner,Refiner,0.17533899981520337
461,15.58357966498041,HOG8-ML01-H2-GPS-GradientEstimation-Escape-Specialist-Exploiter,Exploiter,1.2327468883274992
471,15.374827869472623,HOG8-ML00-H2-GPS-GradientEstimation-Escape-Specialist-Exploiter,Exploiter,1.3395625395164912
471,15.374533307701293,HOG8-ML01-H2-GPS-GradientEstimation-Escape-Specialist-Polisher,Polisher,0.001915870368311585
481,15.125860055090824,HOG8-ML00-H2-GPS-GradientEstimation-Escape-Specialist-Exploiter,Exploiter,1.6174361044566217
485,15.085415238772272,HOG8-ML01-H2-GPS-GradientEstimation-Escape-Specialist-Refiner,Refiner,0.26738853970117926
491,14.875762582410848,HOG8-ML00-H2-GPS-GradientEstimation-Escape-Specialist-Exploiter,Exploiter,1.389770536926146
497,14.831626548226469,HOG8-ML01-H2-GPS-GradientEstimation-Escape-Specialist-Refiner,Refiner,0.29669762433938224
505,14.65948353909977,HOG8-ML00-H2-GPS-GradientEstimation-Escape-Specialist-Exploiter,Exploiter,1.160648217287282
519,14.478769960773937,HOG8-ML01-H2-GPS-GradientEstimation-Escape-Specialist-Exploiter,Exploiter,1.2327417800486287
520,14.453576932465987,HOG8-ML00-H2-GPS-GradientEstimation-Escape-Specialist-Refiner,Refiner,0.17399978296639027
531,14.20324068307535,HOG8-ML00-H2-GPS-GradientEstimation-Escape-Specialist-Exploiter,Exploiter,1.7320020543034256
540,14.066293514748146,HOG8-ML02-H2-GPS-GradientEstimation-Escape-Specialist-Exploiter,Exploiter,0.9641966321840254
545,13.954105386532072,HOG8-ML00-H2-GPS-GradientEstimation-Escape-Specialist-Exploiter,Exploiter,0.7975670925567391
555,13.782410936569688,HOG8-ML00-H2-GPS-GradientEstimation-Escape-Specialist-Exploiter,Exploiter,1.2304224828923584
562,13.646303408365709,HOG8-ML02-H2-GPS-GradientEstimation-Escape-Specialist-Exploiter,Exploiter,0.987545131475053
566,13.562828588077297,HOG8-ML00-H2-GPS-GradientEstimation-Escape-Specialist-Exploiter,Exploiter,0.6117028017802891
576,13.315352379760704,HOG8-ML00-H2-GPS-GradientEstimation-Escape-Specialist-Exploiter,Exploiter,1.8246651626500872
576,13.314973445672079,HOG8-ML01-H2-GPS-GradientEstimation-Escape-Specialist-Polisher,Polisher,0.0028458434881576196
586,13.146181738687885,HOG8-ML00-H2-GPS-GradientEstimation-Escape-Specialist-Exploiter,Exploiter,1.2676833917311248
586,13.101717874918206,HOG8-ML01-H2-GPS-GradientEstimation-Escape-Specialist-Refiner,Refiner,0.3382264497289408
595,12.90155799908657,HOG8-ML00-H2-GPS-GradientEstimation-Escape-Specialist-Exploiter,Exploiter,1.5277376428233114
595,12.886816046140876,HOG8-ML01-H2-GPS-GradientEstimation-Escape-Specialist-Refiner,Refiner,0.11426490464747298
605,12.682426323853743,HOG8-ML00-H2-GPS-GradientEstimation-Escape-Specialist-Exploiter,Exploiter,1.586037400978804
611,12.679612178651574,HOG8-ML01-H2-GPS-GradientEstimation-Escape-Specialist-Polisher,Polisher,0.02218932821140294
617,12.51472079697362,HOG8-ML02-H2-GPS-GradientEstimation-Escape-Specialist-Exploiter,Exploiter,1.3004449927544202
620,12.474328852031956,HOG8-ML01-H2-GPS-GradientEstimation-Escape-Specialist-Refiner,Refiner,0.3227554621229097
622,12.473542495410957,HOG8-ML00-H2-GPS-GradientEstimation-Escape-Specialist-Polisher,Polisher,0.006303799028602958
628,12.300194137453513,HOG8-ML02-H2-GPS-GradientEstimation-Escape-Specialist-Exploiter,Exploiter,1.3897283632233521
631,12.257304824636435,HOG8-ML01-H2-GPS-GradientEstimation-Escape-Specialist-Refiner,Refiner,0.34868809660883165
637,12.020938308842155,HOG8-ML00-H2-GPS-GradientEstimation-Escape-Specialist-Exploiter,Exploiter,1.9283726657364202
650,11.816051254272264,HOG8-ML00-H2-GPS-GradientEstimation-Escape-Specialist-Exploiter,Exploiter,1.7044181519439612
659,11.588455601117793,HOG8-ML00-H2-GPS-GradientEstimation-Escape-Specialist-Exploiter,Exploiter,1.926156617441716
669,11.417209820104027,HOG8-ML01-H2-GPS-GradientEstimation-Escape-Specialist-Exploiter,Exploiter,1.4777273772119253
669,11.38043151368235,HOG8-ML00-H2-GPS-GradientEstimation-Escape-Specialist-Refiner,Refiner,0.322130424168225
684,11.17305504708318,HOG8-ML00-H2-GPS-GradientEstimation-Escape-Specialist-Exploiter,Exploiter,1.8222197141632768
691,10.991403663184942,HOG8-ML01-H2-GPS-GradientEstimation-Escape-Specialist-Exploiter,Exploiter,1.6257987017226745
698,10.964746060470722,HOG8-ML00-H2-GPS-GradientEstimation-Escape-Specialist-Refiner,Refiner,0.2425313775301337
700,10.882781176370422,HOG8-ML01-H2-GPS-GradientEstimation-Escape-Specialist-Exploiter,Exploiter,0.7475310750313993
705,10.816896595218035,HOG8-ML00-H2-GPS-GradientEstimation-Escape-Specialist-Exploiter,Exploiter,0.6054020574762736
714,10.576478356598015,HOG8-ML00-H2-GPS-GradientEstimation-Escape-Specialist-Exploiter,Exploiter,2.222617517914561
725,10.331312208999181,HOG8-ML00-H2-GPS-GradientEstimation-Escape-Specialist-Exploiter,Exploiter,2.3180319510216716
735,10.125358848554182,HOG8-ML00-H2-GPS-GradientEstimation-Escape-Specialist-Exploiter,Exploiter,1.9934869480142294
745,9.983415214061363,HOG8-ML01-H2-GPS-GradientEstimation-Escape-Specialist-Exploiter,Exploiter,1.401862754850284
751,9.920731208453047,HOG8-ML00-H2-GPS-GradientEstimation-Escape-Specialist-Exploiter,Exploiter,0.6278813839178777
751,9.901730235541947,HOG8-ML02-H2-GPS-GradientEstimation-Escape-Specialist-Refiner,Refiner,0.19152794800961265
755,9.739740256988732,HOG8-ML01-H2-GPS-GradientEstimation-Escape-Specialist-Exploiter,Exploiter,1.6359764879450827
760,9.70023569877061,HOG8-ML00-H2-GPS-GradientEstimation-Escape-Specialist-Refiner,Refiner,0.40560176324799907
766,9.486991911722232,HOG8-ML01-H2-GPS-GradientEstimation-Escape-Specialist-Exploiter,Exploiter,2.1983361401765205
770,9.452132928738019,HOG8-ML00-H2-GPS-GradientEstimation-Escape-Specialist-Refiner,Refiner,0.3674397881707987
780,9.247363556883682,HOG8-ML00-H2-GPS-GradientEstimation-Escape-Specialist-Exploiter,Exploiter,2.166382692648777
780,9.24018091773603,HOG8-ML01-H2-GPS-GradientEstimation-Escape-Specialist-Refiner,Refiner,0.07767229117217596
790,9.02712996465224,HOG8-ML01-H2-GPS-GradientEstimation-Escape-Specialist-Exploiter,Exploiter,2.305701100233337
796,9.00487434404785,HOG8-ML00-H2-GPS-GradientEstimation-Escape-Specialist-Refiner,Refiner,0.24654148872936998
806,8.760229178965298,HOG8-ML00-H2-GPS-GradientEstimation-Escape-Specialist-Exploiter,Exploiter,2.716808205594349
816,8.516497989807151,HOG8-ML00-H2-GPS-GradientEstimation-Escape-Specialist-Exploiter,Exploiter,2.7822467218481517
826,8.296923900213367,HOG8-ML01-H2-GPS-GradientEstimation-Escape-Specialist-Exploiter,Exploiter,2.578220412387564
836,8.0519796745186,HOG8-ML00-H2-GPS-GradientEstimation-Escape-Specialist-Exploiter,Exploiter,2.952229388152725
849,7.845677105937318,HOG8-ML00-H2-GPS-GradientEstimation-Escape-Specialist-Exploiter,Exploiter,2.5621347410271076
851,7.826162857119788,HOG8-ML02-H2-GPS-GradientEstimation-Escape-Specialist-Refiner,Refiner,0.24872612719127207
861,7.602073149749607,HOG8-ML00-H2-GPS-GradientEstimation-Escape-Specialist-Exploiter,Exploiter,2.8633407132119237
865,7.584198253528079,HOG8-ML02-H2-GPS-GradientEstimation-Escape-Specialist-Refiner,Refiner,0.23513186297236302
869,7.463693765528882,HOG8-ML01-H2-GPS-GradientEstimation-Escape-Specialist-Exploiter,Exploiter,1.5888889500368708
869,7.439900475984988,HOG8-ML00-H2-GPS-GradientEstimation-Escape-Specialist-Refiner,Refiner,0.31878705492692655
877,7.403133116684654,HOG8-ML02-H2-GPS-GradientEstimation-Escape-Specialist-Refiner,Refiner,0.49419154757531847
880,7.2598660530012715,HOG8-ML01-H2-GPS-GradientEstimation-Escape-Specialist-Exploiter,Exploiter,1.9352220394429722
880,7.251603605518295,HOG8-ML00-H2-GPS-GradientEstimation-Escape-Specialist-Refiner,Refiner,0.11380991636285737
889,7.017054204480625,HOG8-ML01-H2-GPS-GradientEstimation-Escape-Specialist-Exploiter,Exploiter,3.2344487343348947
889,7.006622189769523,HOG8-ML00-H2-GPS-GradientEstimation-Escape-Specialist-Refiner,Refiner,0.148666582972113
899,6.797105835768167,HOG8-ML01-H2-GPS-GradientEstimation-Escape-Specialist-Exploiter,Exploiter,2.9902619026222665
910,6.5880765017207175,HOG8-ML01-H2-GPS-GradientEstimation-Escape-Specialist-Exploiter,Exploiter,3.0752696676794677
920,6.506492973290023,HOG8-ML02-H2-GPS-GradientEstimation-Escape-Specialist-Exploiter,Exploiter,1.2383512609391456
924,6.386688813346657,HOG8-ML01-H2-GPS-GradientEstimation-Escape-Specialist-Exploiter,Exploiter,1.8413016111010583
924,6.376954136697998,HOG8-ML00-H2-GPS-GradientEstimation-Escape-Specialist-Refiner,Refiner,0.15242133965123894
931,6.277657473181035,HOG8-ML02-H2-GPS-GradientEstimation-Escape-Specialist-Exploiter,Exploiter,1.5571174166916468
935,6.167270004733466,HOG8-ML01-H2-GPS-GradientEstimation-Escape-Specialist-Exploiter,Exploiter,1.758418150706032
939,6.13076400150715,HOG8-ML00-H2-GPS-GradientEstimation-Escape-Specialist-Exploiter,Exploiter,0.5919313277722134
941,6.074283232140965,HOG8-ML02-H2-GPS-GradientEstimation-Escape-Specialist-Exploiter,Exploiter,0.9212680402034679
945,5.988579391788886,HOG8-ML01-H2-GPS-GradientEstimation-Escape-Specialist-Exploiter,Exploiter,1.4109292747264868
951,5.89168851649,HOG8-ML00-H2-GPS-GradientEstimation-Escape-Specialist-Exploiter,Exploiter,1.6179275410748637
955,5.7432200666836035,HOG8-ML01-H2-GPS-GradientEstimation-Escape-Specialist-Exploiter,Exploiter,2.519964342834057
961,5.647037873084416,HOG8-ML00-H2-GPS-GradientEstimation-Escape-Specialist-Exploiter,Exploiter,1.6747084820437168
961,5.5388164199044505,HOG8-ML01-H2-GPS-GradientEstimation-Escape-Specialist-Exploiter,Exploiter,1.9164286766303422
971,5.404488228679527,HOG8-ML00-H2-GPS-GradientEstimation-Escape-Specialist-Exploiter,Exploiter,2.425214721726437
977,5.293537032577223,HOG8-ML01-H2-GPS-GradientEstimation-Escape-Specialist-Exploiter,Exploiter,2.052945466945941
981,5.19502173623722,HOG8-ML00-H2-GPS-GradientEstimation-Escape-Specialist-Exploiter,Exploiter,1.8610485906441223
986,5.081794654524595,HOG8-ML01-H2-GPS-GradientEstimation-Escape-Specialist-Exploiter,Exploiter,2.1795304709280434
995,4.949876898866621,HOG8-ML00-H2-GPS-GradientEstimation-Escape-Specialist-Exploiter,Exploiter,2.59588914204789
995,4.876073346024869,HOG8-ML01-H2-GPS-GradientEstimation-Escape-Specialist-Exploiter,Exploiter,1.4910179454897283
1006,4.663828095806971,HOG8-ML01-H2-GPS-GradientEstimation-Escape-Specialist-Exploiter,Exploiter,4.3527903531419865
1025,4.462060361808407,HOG8-ML01-H2-GPS-GradientEstimation-Escape-Specialist-Exploiter,Exploiter,4.326225792497872
1026,4.461269260520004,HOG8-ML00-H2-GPS-GradientEstimation-Escape-Specialist-Polisher,Polisher,0.017729506646171025
1035,4.338106456860585,HOG8-ML02-H2-GPS-GradientEstimation-Escape-Specialist-Exploiter,Exploiter,2.7607121755539104
1036,4.212325977156447,HOG8-ML00-H2-GPS-GradientEstimation-Escape-Specialist-Exploiter,Exploiter,2.899432758392074
1048,4.094530503308033,HOG8-ML02-H2-GPS-GradientEstimation-Escape-Specialist-Exploiter,Exploiter,2.7964472476067104
1051,4.016295440642707,HOG8-ML01-H2-GPS-GradientEstimation-Escape-Specialist-Exploiter,Exploiter,1.9107212072817445
1051,3.9768627053814325,HOG8-ML00-H2-GPS-GradientEstimation-Escape-Specialist-Exploiter,Exploiter,0.9818185898934767
1058,3.9088897464904018,HOG8-ML02-H2-GPS-GradientEstimation-Escape-Specialist-Exploiter,Exploiter,1.7092105995776696
1061,3.7682715349835094,HOG8-ML00-H2-GPS-GradientEstimation-Escape-Specialist-Exploiter,Exploiter,3.597395184480362
1066,3.704033645347141,HOG8-ML02-H2-GPS-GradientEstimation-Escape-Specialist-Exploiter,Exploiter,1.7047043728139821
1071,3.567437572104486,HOG8-ML00-H2-GPS-GradientEstimation-Escape-Specialist-Exploiter,Exploiter,3.6877654557550126
1080,3.310391563582354,HOG8-ML00-H2-GPS-GradientEstimation-Escape-Specialist-Local Explorer,Local Explorer,7.20534006066703
1091,3.131174699846681,HOG8-ML01-H2-GPS-GradientEstimation-Escape-Specialist-Local Explorer,Local Explorer,5.4137663262328015
1091,3.0659526421530687,HOG8-ML00-H2-GPS-GradientEstimation-Escape-Specialist-Exploiter,Exploiter,2.0829900579104086
1102,3.0054528240125116,HOG8-ML02-H2-GPS-GradientEstimation-Escape-Specialist-Exploiter,Exploiter,1.9732796034993905
1105,2.8566333173459584,HOG8-ML00-H2-GPS-GradientEstimation-Escape-Specialist-Exploiter,Exploiter,4.951650063429299
1112,2.7613234652755243,HOG8-ML02-H2-GPS-GradientEstimation-Escape-Specialist-Exploiter,Exploiter,3.33643983957257
1116,2.611957250372605,HOG8-ML00-H2-GPS-GradientEstimation-Escape-Specialist-Local Explorer,Local Explorer,5.409225568146736
1126,2.4147991507016267,HOG8-ML00-H2-GPS-GradientEstimation-Escape-Specialist-Local Explorer,Local Explorer,7.548289683640618
1137,2.2776283265911608,HOG8-ML01-H2-GPS-GradientEstimation-Escape-Specialist-Local Explorer,Local Explorer,5.680423735059311
1137,2.2165650326214346,HOG8-ML00-H2-GPS-GradientEstimation-Escape-Specialist-Exploiter,Exploiter,2.6810034480523566
1148,2.1392494735068928,HOG8-ML02-H2-GPS-GradientEstimation-Escape-Specialist-Exploiter,Exploiter,3.488079888326311
1150,2.032222798998288,HOG8-ML00-H2-GPS-GradientEstimation-Escape-Specialist-Local Explorer,Local Explorer,5.003001091460125
1157,1.9064502727632906,HOG8-ML02-H2-GPS-GradientEstimation-Escape-Specialist-Local Explorer,Local Explorer,6.188914241932157
1160,1.8058539727339893,HOG8-ML00-H2-GPS-GradientEstimation-Escape-Specialist-Local Explorer,Local Explorer,5.27662858383884
1168,1.678542719014037,HOG8-ML02-H2-GPS-GradientEstimation-Escape-Specialist-Local Explorer,Local Explorer,7.049919630390063
1171,1.577860027739078,HOG8-ML00-H2-GPS-GradientEstimation-Escape-Specialist-Local Explorer,Local Explorer,5.998220369041261
1181,1.4538983359378754,HOG8-ML01-H2-GPS-GradientEstimation-Escape-Specialist-Local Explorer,Local Explorer,7.856317393300579
1181,1.4020355656157055,HOG8-ML00-H2-GPS-GradientEstimation-Escape-Specialist-Exploiter,Exploiter,3.5671524645300905
1190,1.288267156464515,HOG8-ML01-H2-GPS-GradientEstimation-Escape-Specialist-Local Explorer,Local Explorer,8.114516631482815
1196,1.2469409575186159,HOG8-ML00-H2-GPS-GradientEstimation-Escape-Specialist-Exploiter,Exploiter,3.207890439380101
1203,1.1699178989980399,HOG8-ML02-H2-GPS-GradientEstimation-Escape-Specialist-Local Explorer,Local Explorer,6.176961150899248
1206,1.1216238122362037,HOG8-ML00-H2-GPS-GradientEstimation-Escape-Specialist-Exploiter,Exploiter,4.127989391665605
1215,0.9681536980275082,HOG8-ML00-H2-GPS-GradientEstimation-Escape-Specialist-Local Explorer,Local Explorer,13.682850928665562
1226,0.86361449102497,HOG8-ML00-H2-GPS-GradientEstimation-Escape-Specialist-Local Explorer,Local Explorer,10.79779039376947
1228,0.8622987795927232,HOG8-ML02-H2-GPS-GradientEstimation-Escape-Specialist-Refiner,Refiner,0.15234939268854913
1234,0.7646801319473147,HOG8-ML00-H2-GPS-GradientEstimation-Escape-Specialist-Local Explorer,Local Explorer,11.320745193622479
1245,0.6800159733346625,HOG8-ML00-H2-GPS-GradientEstimation-Escape-Specialist-Local Explorer,Local Explorer,11.071839724284276
1257,0.6317292328744966,HOG8-ML01-H2-GPS-GradientEstimation-Escape-Specialist-Local Explorer,Local Explorer,7.100824444369648
1257,0.6109785068730761,HOG8-ML00-H2-GPS-GradientEstimation-Escape-Specialist-Exploiter,Exploiter,3.284750003890187
1266,0.5526638890967388,HOG8-ML00-H2-GPS-GradientEstimation-Escape-Specialist-Local Explorer,Local Explorer,9.544463040898997
1276,0.507602207294655,HOG8-ML01-H2-GPS-GradientEstimation-Escape-Specialist-Local Explorer,Local Explorer,8.153541906950277
1281,0.4895706357005404,HOG8-ML00-H2-GPS-GradientEstimation-Escape-Specialist-Exploiter,Exploiter,3.5523036218098194
1291,0.4547999022636947,HOG8-ML01-H2-GPS-GradientEstimation-Escape-Specialist-Local Explorer,Local Explorer,7.102291457307534
1291,0.4379243967542306,HOG8-ML00-H2-GPS-GradientEstimation-Escape-Specialist-Exploiter,Exploiter,3.7105341108186107
1301,0.4136201353300323,HOG8-ML01-H2-GPS-GradientEstimation-Escape-Specialist-Local Explorer,Local Explorer,5.549876098325308
1301,0.40114152556047,HOG8-ML00-H2-GPS-GradientEstimation-Escape-Specialist-Exploiter,Exploiter,3.016925121308577
1311,0.36904620356431517,HOG8-ML00-H2-GPS-GradientEstimation-Escape-Specialist-Local Explorer,Local Explorer,8.00099714217112
1327,0.3352490350083863,HOG8-ML00-H2-GPS-GradientEstimation-Escape-Specialist-Local Explorer,Local Explorer,9.15797757286477
1331,0.3087728932210344,HOG8-ML00-H2-GPS-GradientEstimation-Escape-Specialist-Local Explorer,Local Explorer,7.89745503270117
1344,0.28532769393413565,HOG8-ML00-H2-GPS-GradientEstimation-Escape-Specialist-Local Explorer,Local Explorer,7.5930238054010655
1355,0.26265297827663403,HOG8-ML00-H2-GPS-GradientEstimation-Escape-Specialist-Local Explorer,Local Explorer,7.946903206225679
1365,0.24417404798275683,HOG8-ML00-H2-GPS-GradientEstimation-Escape-Specialist-Local Explorer,Local Explorer,7.035492388140613
1375,0.22839718761808087,HOG8-ML00-H2-GPS-GradientEstimation-Escape-Specialist-Local Explorer,Local Explorer,6.461317447540574
1385,0.2141586976907514,HOG8-ML00-H2-GPS-GradientEstimation-Escape-Specialist-Local Explorer,Local Explorer,6.234091617248215
1399,0.20418362330873147,HOG8-ML00-H2-GPS-GradientEstimation-Escape-Specialist-Exploiter,Exploiter,4.657795592511546
1400,0.20395280114564301,HOG8-ML01-H2-GPS-GradientEstimation-Escape-Specialist-Refiner,Refiner,0.11304636451643399
1405,0.1914047902370723,HOG8-ML00-H2-GPS-GradientEstimation-Escape-Specialist-Local Explorer,Local Explorer,6.152409203544188
1419,0.18018759655400415,HOG8-ML00-H2-GPS-GradientEstimation-Escape-Specialist-Local Explorer,Local Explorer,5.860456088468124
1419,0.17975875096041002,HOG8-ML01-H2-GPS-GradientEstimation-Escape-Specialist-Refiner,Refiner,0.23799950817680157
1429,0.16931866469036969,HOG8-ML00-H2-GPS-GradientEstimation-Escape-Specialist-Local Explorer,Local Explorer,5.807832004985203
1439,0.15936674273398793,HOG8-ML00-H2-GPS-GradientEstimation-Escape-Specialist-Local Explorer,Local Explorer,5.877628420103993
1444,0.15775684651189822,HOG8-ML01-H2-GPS-GradientEstimation-Escape-Specialist-Exploiter,Exploiter,1.0101833007761958
1450,0.1491256426386374,HOG8-ML00-H2-GPS-GradientEstimation-Escape-Specialist-Local Explorer,Local Explorer,5.471207154619342
1454,0.14882084095375236,HOG8-ML01-H2-GPS-GradientEstimation-Escape-Specialist-Refiner,Refiner,0.20439253738783825
1459,0.1437533792262801,HOG8-ML00-H2-GPS-GradientEstimation-Escape-Specialist-Exploiter,Exploiter,3.4050753207657514
1466,0.14239246106636644,HOG8-ML01-H2-GPS-GradientEstimation-Escape-Specialist-Exploiter,Exploiter,0.9467034216784936
1475,0.13587137505147306,HOG8-ML00-H2-GPS-GradientEstimation-Escape-Specialist-Exploiter,Exploiter,4.579656792260946
1475,0.13578780478681934,HOG8-ML01-H2-GPS-GradientEstimation-Escape-Specialist-Refiner,Refiner,0.06150689548998908
1485,0.1275734442038124,HOG8-ML00-H2-GPS-GradientEstimation-Escape-Specialist-Local Explorer,Local Explorer,6.049409662305922
1491,0.12732143220935443,HOG8-ML01-H2-GPS-GradientEstimation-Escape-Specialist-Refiner,Refiner,0.197542675147455
1494,0.12103083354288868,HOG8-ML00-H2-GPS-GradientEstimation-Escape-Specialist-Exploiter,Exploiter,4.9407225141185425
1497,0.12048387627443699,HOG8-ML02-H2-GPS-GradientEstimation-Escape-Specialist-Refiner,Refiner,0.45191564202346124
1500,0.11982309485107337,HOG8-ML01-H2-GPS-GradientEstimation-Escape-Specialist-Exploiter,Exploiter,0.5484397114336691
1504,0.11387435923355119,HOG8-ML00-H2-GPS-GradientEstimation-Escape-Specialist-Exploiter,Exploiter,4.964598539969104
1519,0.10822550424783862,HOG8-ML01-H2-GPS-GradientEstimation-Escape-Specialist-Exploiter,Exploiter,4.960603092507431
1529,0.10559047815932839,HOG8-ML00-H2-GPS-GradientEstimation-Escape-Specialist-Exploiter,Exploiter,2.434755196405438
1532,0.10406450242207456,HOG8-ML01-H2-GPS-GradientEstimation-Escape-Specialist-Exploiter,Exploiter,1.4451830921262043
1539,0.10050900577068278,HOG8-ML00-H2-GPS-GradientEstimation-Escape-Specialist-Exploiter,Exploiter,3.416627734374843
1545,0.09885328940586556,HOG8-ML01-H2-GPS-GradientEstimation-Escape-Specialist-Exploiter,Exploiter,1.6473313531673313
1551,0.09586823079643894,HOG8-ML00-H2-GPS-GradientEstimation-Escape-Specialist-Exploiter,Exploiter,3.019685664855071
1556,0.09421845269209662,HOG8-ML01-H2-GPS-GradientEstimation-Escape-Specialist-Exploiter,Exploiter,1.7208809327517065
1560,0.09226535645948224,HOG8-ML00-H2-GPS-GradientEstimation-Escape-Specialist-Exploiter,Exploiter,2.072944499520761
1566,0.09062335234874477,HOG8-ML01-H2-GPS-GradientEstimation-Escape-Specialist-Exploiter,Exploiter,1.7796540042182996
1571,0.08814074535184067,HOG8-ML00-H2-GPS-GradientEstimation-Escape-Specialist-Exploiter,Exploiter,2.7394782167738754
1576,0.08661397376695149,HOG8-ML01-H2-GPS-GradientEstimation-Escape-Specialist-Exploiter,Exploiter,1.732197270166725
1580,0.08360505799325944,HOG8-ML00-H2-GPS-GradientEstimation-Escape-Specialist-Exploiter,Exploiter,3.4739380296625146
1588,0.08284922732553263,HOG8-ML02-H2-GPS-GradientEstimation-Escape-Specialist-Exploiter,Exploiter,0.9040489724769465
1591,0.08213575972684152,HOG8-ML01-H2-GPS-GradientEstimation-Escape-Specialist-Exploiter,Exploiter,0.8611638535719067
1591,0.07909748900482516,HOG8-ML00-H2-GPS-GradientEstimation-Escape-Specialist-Exploiter,Exploiter,3.6990839703933105
1600,0.07838370223238075,HOG8-ML01-H2-GPS-GradientEstimation-Escape-Specialist-Exploiter,Exploiter,0.9024139469217096
1605,0.07619445654033895,HOG8-ML00-H2-GPS-GradientEstimation-Escape-Specialist-Exploiter,Exploiter,2.792985824465708
1610,0.07455300153356341,HOG8-ML01-H2-GPS-GradientEstimation-Escape-Specialist-Exploiter,Exploiter,2.154297151403026
1615,0.07254476399982625,HOG8-ML00-H2-GPS-GradientEstimation-Escape-Specialist-Exploiter,Exploiter,2.6937044685358007
1620,0.07089513111686188,HOG8-ML01-H2-GPS-GradientEstimation-Escape-Specialist-Exploiter,Exploiter,2.27395168446384
1626,0.06944100135333267,HOG8-ML00-H2-GPS-GradientEstimation-Escape-Specialist-Exploiter,Exploiter,2.0510996180150327
1633,0.06914776715773588,HOG8-ML02-H2-GPS-GradientEstimation-Escape-Specialist-Refiner,Refiner,0.42227817842767745
1633,0.06793254040746881,HOG8-ML01-H2-GPS-GradientEstimation-Escape-Specialist-Exploiter,Exploiter,1.7574345495422372
1635,0.06668315901889302,HOG8-ML00-H2-GPS-GradientEstimation-Escape-Specialist-Exploiter,Exploiter,1.8391501055044126
1649,0.0640665801133148,HOG8-ML00-H2-GPS-GradientEstimation-Escape-Specialist-Exploiter,Exploiter,3.923897643836692
1660,0.06386092555911263,HOG8-ML01-H2-GPS-GradientEstimation-Escape-Specialist-Refiner,Refiner,0.3210012987089803
1670,0.06228837300365367,HOG8-ML00-H2-GPS-GradientEstimation-Escape-Specialist-Exploiter,Exploiter,2.4624643969548075
1675,0.062096144581338955,HOG8-ML01-H2-GPS-GradientEstimation-Escape-Specialist-Refiner,Refiner,0.3086104405126106
1679,0.06146293730527788,HOG8-ML00-H2-GPS-GradientEstimation-Escape-Specialist-Exploiter,Exploiter,1.0197207577543614
1684,0.06125802232250739,HOG8-ML01-H2-GPS-GradientEstimation-Escape-Specialist-Refiner,Refiner,0.3333960135239001
1687,0.06113842124402828,HOG8-ML02-H2-GPS-GradientEstimation-Escape-Specialist-Refiner,Refiner,0.19524149481914518
1689,0.06020818254558591,HOG8-ML00-H2-GPS-GradientEstimation-Escape-Specialist-Exploiter,Exploiter,1.5215288185630647
1700,0.05820484613256431,HOG8-ML00-H2-GPS-GradientEstimation-Escape-Specialist-Exploiter,Exploiter,3.3273490883150227
1711,0.056293412908854736,HOG8-ML00-H2-GPS-GradientEstimation-Escape-Specialist-Exploiter,Exploiter,3.283976078823738
1721,0.055933011047835754,HOG8-ML01-H2-GPS-GradientEstimation-Escape-Specialist-Exploiter,Exploiter,0.6402203071299161
1721,0.054219833867661486,HOG8-ML00-H2-GPS-GradientEstimation-Escape-Specialist-Exploiter,Exploiter,3.062908912071803
1730,0.0537641729297573,HOG8-ML01-H2-GPS-GradientEstimation-Escape-Specialist-Exploiter,Exploiter,0.8403953044495767
1730,0.05221810442392268,HOG8-ML00-H2-GPS-GradientEstimation-Escape-Specialist-Exploiter,Exploiter,2.8756482646065216
1743,0.05092796553179921,HOG8-ML00-H2-GPS-GradientEstimation-Escape-Specialist-Exploiter,Exploiter,2.470673545806508
1755,0.048736189524273194,HOG8-ML00-H2-GPS-GradientEstimation-Escape-Specialist-Exploiter,Exploiter,4.303678705086851
1766,0.04704998591799049,HOG8-ML00-H2-GPS-GradientEstimation-Escape-Specialist-Exploiter,Exploiter,3.4598593421894086
1775,0.045334813553583334,HOG8-ML00-H2-GPS-GradientEstimation-Escape-Specialist-Exploiter,Exploiter,3.645425882585287
1785,0.043807908713848626,HOG8-ML00-H2-GPS-GradientEstimation-Escape-Specialist-Exploiter,Exploiter,3.368062466894207
1799,0.043520642918458384,HOG8-ML02-H2-GPS-GradientEstimation-Escape-Specialist-Exploiter,Exploiter,0.6557395772225728
1800,0.04272916011244514,HOG8-ML01-H2-GPS-GradientEstimation-Escape-Specialist-Exploiter,Exploiter,1.8186376692462745
1800,0.04206713757114936,HOG8-ML00-H2-GPS-GradientEstimation-Escape-Specialist-Exploiter,Exploiter,1.5493460193310915
1811,0.041242955701668374,HOG8-ML01-H2-GPS-GradientEstimation-Escape-Specialist-Exploiter,Exploiter,1.9592059670972974
1811,0.040693073460786426,HOG8-ML00-H2-GPS-GradientEstimation-Escape-Specialist-Exploiter,Exploiter,1.3332755413058426
1820,0.03926838586436419,HOG8-ML00-H2-GPS-GradientEstimation-Escape-Specialist-Exploiter,Exploiter,3.501056753049455
1830,0.03775360335000598,HOG8-ML00-H2-GPS-GradientEstimation-Escape-Specialist-Exploiter,Exploiter,3.8575115350816183
1843,0.03762578633894563,HOG8-ML02-H2-GPS-GradientEstimation-Escape-Specialist-Refiner,Refiner,0.3385557926097381
1845,0.03709678670597184,HOG8-ML01-H2-GPS-GradientEstimation-Escape-Specialist-Exploiter,Exploiter,1.4059497074915102
1845,0.036332230434481735,HOG8-ML00-H2-GPS-GradientEstimation-Escape-Specialist-Exploiter,Exploiter,2.0609770801712846
1854,0.035366369511551296,HOG8-ML00-H2-GPS-GradientEstimation-Escape-Specialist-Exploiter,Exploiter,2.658413511584943
1864,0.03430001608673321,HOG8-ML00-H2-GPS-GradientEstimation-Escape-Specialist-Exploiter,Exploiter,3.015162255966927
1875,0.03337944398267637,HOG8-ML00-H2-GPS-GradientEstimation-Escape-Specialist-Exploiter,Exploiter,2.683882426553436
1896,0.03268954547453287,HOG8-ML00-H2-GPS-GradientEstimation-Escape-Specialist-Exploiter,Exploiter,2.0668364293352273
1905,0.032091660765098305,HOG8-ML00-H2-GPS-GradientEstimation-Escape-Specialist-Exploiter,Exploiter,1.8289783499753915
1915,0.031391365182745684,HOG8-ML00-H2-GPS-GradientEstimation-Escape-Specialist-Exploiter,Exploiter,2.182173080659747
1926,0.03046227753634094,HOG8-ML00-H2-GPS-GradientEstimation-Escape-Specialist-Exploiter,Exploiter,2.9596917527990114
1934,0.02973612435342827,HOG8-ML00-H2-GPS-GradientEstimation-Escape-Specialist-Exploiter,Exploiter,2.3837783699737614
1949,0.028753808898898954,HOG8-ML00-H2-GPS-GradientEstimation-Escape-Specialist-Exploiter,Exploiter,3.3034414399604284
1961,0.027745526183504315,HOG8-ML00-H2-GPS-GradientEstimation-Escape-Specialist-Exploiter,Exploiter,3.506605747224146
1971,0.026981718527137398,HOG8-ML00-H2-GPS-GradientEstimation-Escape-Specialist-Exploiter,Exploiter,2.752903842281527
1980,0.026233386148202732,HOG8-ML00-H2-GPS-GradientEstimation-Escape-Specialist-Exploiter,Exploiter,2.773479302965879
1990,0.02551342803491044,HOG8-ML00-H2-GPS-GradientEstimation-Escape-Specialist-Exploiter,Exploiter,2.7444345507856474
2000,0.024836632537128284,HOG8-ML00-H2-GPS-GradientEstimation-Escape-Specialist-Exploiter,Exploiter,2.6527031054238823
2010,0.02428012805780112,HOG8-ML00-H2-GPS-GradientEstimation-Escape-Specialist-Exploiter,Exploiter,2.2406599545862167
2026,0.02374957475422109,HOG8-ML00-H2-GPS-GradientEstimation-Escape-Specialist-Exploiter,Exploiter,2.185133877041327
2040,0.023040496588344735,HOG8-ML00-H2-GPS-GradientEstimation-Escape-Specialist-Exploiter,Exploiter,2.985645735616085
2049,0.022349050093049966,HOG8-ML00-H2-GPS-GradientEstimation-Escape-Specialist-Exploiter,Exploiter,3.0010051764446084
2062,0.02179121522705983,HOG8-ML00-H2-GPS-GradientEstimation-Escape-Specialist-Exploiter,Exploiter,2.496011524729684
2070,0.02125390695812721,HOG8-ML00-H2-GPS-GradientEstimation-Escape-Specialist-Exploiter,Exploiter,2.465710440349387
2086,0.02070589783687541,HOG8-ML00-H2-GPS-GradientEstimation-Escape-Specialist-Exploiter,Exploiter,2.57839239783746
2094,0.020222203478880367,HOG8-ML00-H2-GPS-GradientEstimation-Escape-Specialist-Exploiter,Exploiter,2.3360221411583773
2102,0.01985136839504954,HOG8-ML00-H2-GPS-GradientEstimation-Escape-Specialist-Exploiter,Exploiter,1.8338015647905024
2114,0.019365542471430283,HOG8-ML00-H2-GPS-GradientEstimation-Escape-Specialist-Exploiter,Exploiter,2.4473170511530564
2125,0.018850469333393606,HOG8-ML00-H2-GPS-GradientEstimation-Escape-Specialist-Exploiter,Exploiter,2.659740303152145
2140,0.018338508498832774,HOG8-ML00-H2-GPS-GradientEstimation-Escape-Specialist-Exploiter,Exploiter,2.715904975659645
2151,0.017946454537971793,HOG8-ML00-H2-GPS-GradientEstimation-Escape-Specialist-Exploiter,Exploiter,2.137872667703236
2161,0.017544848438217537,HOG8-ML00-H2-GPS-GradientEstimation-Escape-Specialist-Exploiter,Exploiter,2.2378018951014655
2175,0.017111934290179976,HOG8-ML00-H2-GPS-GradientEstimation-Escape-Specialist-Exploiter,Exploiter,2.4674715747019738
2181,0.01674938290421951,HOG8-ML00-H2-GPS-GradientEstimation-Escape-Specialist-Exploiter,Exploiter,2.118704874693943
2195,0.016394272809923418,HOG8-ML00-H2-GPS-GradientEstimation-Escape-Specialist-Exploiter,Exploiter,2.1201383736151325
2206,0.016016344379428123,HOG8-ML00-H2-GPS-GradientEstimation-Escape-Specialist-Exploiter,Exploiter,2.3052466850895392
2221,0.015730517524826772,HOG8-ML00-H2-GPS-GradientEstimation-Escape-Specialist-Exploiter,Exploiter,1.7845948353138286
2230,0.015477224993689816,HOG8-ML00-H2-GPS-GradientEstimation-Escape-Specialist-Exploiter,Exploiter,1.6101983341437798
2240,0.015112026378580109,HOG8-ML00-H2-GPS-GradientEstimation-Escape-Specialist-Exploiter,Exploiter,2.3595871692671078
2249,0.014763930517222353,HOG8-ML00-H2-GPS-GradientEstimation-Escape-Specialist-Exploiter,Exploiter,2.303436035892242
2260,0.01449755871541573,HOG8-ML00-H2-GPS-GradientEstimation-Escape-Specialist-Exploiter,Exploiter,1.8042065525565543
2274,0.014232834908462489,HOG8-ML00-H2-GPS-GradientEstimation-Escape-Specialist-Exploiter,Exploiter,1.8259888588811317
2286,0.013927943864381183,HOG8-ML00-H2-GPS-GradientEstimation-Escape-Specialist-Exploiter,Exploiter,2.1421666592930517
2296,0.013684899131476191,HOG8-ML00-H2-GPS-GradientEstimation-Escape-Specialist-Exploiter,Exploiter,1.7450151671457064
2307,0.01345873647269205,HOG8-ML00-H2-GPS-GradientEstimation-Escape-Specialist-Exploiter,Exploiter,1.6526439589456137
2320,0.013214784294101308,HOG8-ML00-H2-GPS-GradientEstimation-Escape-Specialist-Exploiter,Exploiter,1.81259347105669
2329,0.012964020773531796,HOG8-ML00-H2-GPS-GradientEstimation-Escape-Specialist-Exploiter,Exploiter,1.897598288315956
2341,0.012729187079693902,HOG8-ML00-H2-GPS-GradientEstimation-Escape-Specialist-Exploiter,Exploiter,1.8114263926307932
2351,0.01252249509650462,HOG8-ML00-H2-GPS-GradientEstimation-Escape-Specialist-Exploiter,Exploiter,1.6237642034423787
2361,0.012299205216426048,HOG8-ML00-H2-GPS-GradientEstimation-Escape-Specialist-Exploiter,Exploiter,1.783110141851034
2375,0.012106575117404797,HOG8-ML00-H2-GPS-GradientEstimation-Escape-Specialist-Exploiter,Exploiter,1.5661995684402903
2386,0.011893956318246874,HOG8-ML00-H2-GPS-GradientEstimation-Escape-Specialist-Exploiter,Exploiter,1.7562258284942684
2395,0.011727232808482882,HOG8-ML00-H2-GPS-GradientEstimation-Escape-Specialist-Exploiter,Exploiter,1.401749807237954
2407,0.011563807429952364,HOG8-ML00-H2-GPS-GradientEstimation-Escape-Specialist-Exploiter,Exploiter,1.3935544829663835
2415,0.011416344342190977,HOG8-ML00-H2-GPS-GradientEstimation-Escape-Specialist-Exploiter,Exploiter,1.275212240039824
2427,0.011253450491206969,HOG8-ML00-H2-GPS-GradientEstimation-Escape-Specialist-Exploiter,Exploiter,1.4268477377824613
2440,0.01109285965779458,HOG8-ML00-H2-GPS-GradientEstimation-Escape-Specialist-Exploiter,Exploiter,1.427036387976022
2449,0.010923595606481727,HOG8-ML00-H2-GPS-GradientEstimation-Escape-Specialist-Exploiter,Exploiter,1.5258829241016851
2464,0.010783650234525136,HOG8-ML00-H2-GPS-GradientEstimation-Escape-Specialist-Exploiter,Exploiter,1.2811291904064255
2475,0.010671445786784754,HOG8-ML00-H2-GPS-GradientEstimation-Escape-Specialist-Exploiter,Exploiter,1.0405052584248933
2490,0.0106230771363003,HOG8-ML00-H2-GPS-GradientEstimation-Escape-Specialist-Refiner,Refiner,0.45325302166976555
2500,0.010577685185885099,HOG8-ML00-H2-GPS-GradientEstimation-Escape-Specialist-Refiner,Refiner,0.4272956868598111
2510,0.010508821860211945,HOG8-ML00-H2-GPS-GradientEstimation-Escape-Specialist-Exploiter,Exploiter,0.6510245338464549
2523,0.010501164837248118,HOG8-ML02-H2-GPS-GradientEstimation-Escape-Specialist-Refiner,Refiner,0.07286281055745336
2524,0.010492253009239677,HOG8-ML01-H2-GPS-GradientEstimation-Escape-Specialist-Refiner,Refiner,0.0848651377876766
2533,0.010367625627049048,HOG8-ML02-H2-GPS-GradientEstimation-Escape-Specialist-Exploiter,Exploiter,1.1878038213611442
2536,0.01032815512943775,HOG8-ML00-H2-GPS-GradientEstimation-Escape-Specialist-Refiner,Refiner,0.3807091327479962
2543,0.010248798766375258,HOG8-ML02-H2-GPS-GradientEstimation-Escape-Specialist-Exploiter,Exploiter,0.7683498366161012
2545,0.010205153314443395,HOG8-ML00-H2-GPS-GradientEstimation-Escape-Specialist-Refiner,Refiner,0.42585919508008735
2554,0.010128162481326919,HOG8-ML02-H2-GPS-GradientEstimation-Escape-Specialist-Exploiter,Exploiter,0.7544309305722082
2556,0.01009364846868575,HOG8-ML00-H2-GPS-GradientEstimation-Escape-Specialist-Refiner,Refiner,0.3407726989451591
2567,0.010023632033194375,HOG8-ML00-H2-GPS-GradientEstimation-Escape-Specialist-Exploiter,Exploiter,0.693668257900914
2578,0.009933204301421139,HOG8-ML02-H2-GPS-GradientEstimation-Escape-Specialist-Exploiter,Exploiter,0.9021453648116252
2581,0.009900774840482438,HOG8-ML00-H2-GPS-GradientEstimation-Escape-Specialist-Refiner,Refiner,0.3264753241213535
2589,0.009820732726436632,HOG8-ML02-H2-GPS-GradientEstimation-Escape-Specialist-Exploiter,Exploiter,0.808442928310308
2591,0.00980276856990137,HOG8-ML00-H2-GPS-GradientEstimation-Escape-Specialist-Refiner,Refiner,0.18292073550584356
2599,0.009715291714158934,HOG8-ML02-H2-GPS-GradientEstimation-Escape-Specialist-Exploiter,Exploiter,0.8923688763909748
2601,0.009703732036025422,HOG8-ML00-H2-GPS-GradientEstimation-Escape-Specialist-Refiner,Refiner,0.11898436478922701
2605,0.009698437552831568,HOG8-ML01-H2-GPS-GradientEstimation-Escape-Specialist-Refiner,Refiner,0.05456130872326457
2612,0.00959216729445174,HOG8-ML00-H2-GPS-GradientEstimation-Escape-Specialist-Exploiter,Exploiter,1.0957461735555691
2621,0.009531725534579344,HOG8-ML02-H2-GPS-GradientEstimation-Escape-Specialist-Exploiter,Exploiter,0.6301157811056527
2625,0.009497857746455294,HOG8-ML00-H2-GPS-GradientEstimation-Escape-Specialist-Refiner,Refiner,0.35531644297964965
2632,0.00943707553690196,HOG8-ML02-H2-GPS-GradientEstimation-Escape-Specialist-Exploiter,Exploiter,0.6399570426922656
2635,0.009431681594115789,HOG8-ML01-H2-GPS-GradientEstimation-Escape-Specialist-Refiner,Refiner,0.05715693135102491
2635,0.009411190680694074,HOG8-ML00-H2-GPS-GradientEstimation-Escape-Specialist-Refiner,Refiner,0.21725620417994773
2644,0.009350701590487003,HOG8-ML02-H2-GPS-GradientEstimation-Escape-Specialist-Exploiter,Exploiter,0.6427357840188856
2646,0.009340788879678529,HOG8-ML00-H2-GPS-GradientEstimation-Escape-Specialist-Refiner,Refiner,0.10601034278067878
2652,0.009266238401203775,HOG8-ML02-H2-GPS-GradientEstimation-Escape-Specialist-Exploiter,Exploiter,0.7981175833761049
2655,0.009264736876636405,HOG8-ML00-H2-GPS-GradientEstimation-Escape-Specialist-Polisher,Polisher,0.01620425141635273
2664,0.009184817127861462,HOG8-ML02-H2-GPS-GradientEstimation-Escape-Specialist-Exploiter,Exploiter,0.8626229739614333
2671,0.009177163903266294,HOG8-ML01-H2-GPS-GradientEstimation-Escape-Specialist-Refiner,Refiner,0.08332473568747698
2676,0.009107825009143106,HOG8-ML00-H2-GPS-GradientEstimation-Escape-Specialist-Exploiter,Exploiter,0.7555590687282872
2679,0.009104631808363996,HOG8-ML02-H2-GPS-GradientEstimation-Escape-Specialist-Polisher,Polisher,0.03505997069448605
2680,0.009085081650484706,HOG8-ML01-H2-GPS-GradientEstimation-Escape-Specialist-Refiner,Refiner,0.21472760558345497
2686,0.009026978938241705,HOG8-ML00-H2-GPS-GradientEstimation-Escape-Specialist-Exploiter,Exploiter,0.6395397914767408
2690,0.00900937428371614,HOG8-ML01-H2-GPS-GradientEstimation-Escape-Specialist-Refiner,Refiner,0.19502266091465983
2695,0.008960762408375938,HOG8-ML00-H2-GPS-GradientEstimation-Escape-Specialist-Exploiter,Exploiter,0.5395699391473242
2700,0.008956390569716565,HOG8-ML02-H2-GPS-GradientEstimation-Escape-Specialist-Polisher,Polisher,0.04878869074004108
2707,0.008885153045699862,HOG8-ML00-H2-GPS-GradientEstimation-Escape-Specialist-Exploiter,Exploiter,0.79538206225142
2708,0.008883249161871831,HOG8-ML02-H2-GPS-GradientEstimation-Escape-Specialist-Polisher,Polisher,0.021427698749120542
2715,0.008877132546831795,HOG8-ML01-H2-GPS-GradientEstimation-Escape-Specialist-Refiner,Refiner,0.06885560596780396
2718,0.008812757439020508,HOG8-ML02-H2-GPS-GradientEstimation-Escape-Specialist-Exploiter,Exploiter,0.7251790763703455
2727,0.008808835612861969,HOG8-ML01-H2-GPS-GradientEstimation-Escape-Specialist-Polisher,Polisher,0.04450169184476635
2730,0.008744229612357874,HOG8-ML02-H2-GPS-GradientEstimation-Escape-Specialist-Exploiter,Exploiter,0.7334227058314321
2730,0.008738257797654872,HOG8-ML00-H2-GPS-GradientEstimation-Escape-Specialist-Refiner,Refiner,0.06829434916212586
2736,0.008731633467882104,HOG8-ML01-H2-GPS-GradientEstimation-Escape-Specialist-Refiner,Refiner,0.0758083582123903
2740,0.00867111379754126,HOG8-ML00-H2-GPS-GradientEstimation-Escape-Specialist-Exploiter,Exploiter,0.6931082318498089
2741,0.008664733011251854,HOG8-ML02-H2-GPS-GradientEstimation-Escape-Specialist-Refiner,Refiner,0.07358669760757486
2750,0.00861895195054839,HOG8-ML00-H2-GPS-GradientEstimation-Escape-Specialist-Exploiter,Exploiter,0.5283608928747645
2751,0.008612158474354226,HOG8-ML02-H2-GPS-GradientEstimation-Escape-Specialist-Refiner,Refiner,0.07882021193692175
2761,0.008549662751364246,HOG8-ML02-H2-GPS-GradientEstimation-Escape-Specialist-Exploiter,Exploiter,0.7256685205698771
2771,0.008491215892796283,HOG8-ML02-H2-GPS-GradientEstimation-Escape-Specialist-Exploiter,Exploiter,0.6836159538414218
2782,0.008431508865746808,HOG8-ML02-H2-GPS-GradientEstimation-Escape-Specialist-Exploiter,Exploiter,0.7031622773851322
2791,0.008381709249656605,HOG8-ML00-H2-GPS-GradientEstimation-Escape-Specialist-Exploiter,Exploiter,0.5906370601413334
2793,0.008373720968864693,HOG8-ML02-H2-GPS-GradientEstimation-Escape-Specialist-Refiner,Refiner,0.09530610707165733
2801,0.00832782014819489,HOG8-ML02-H2-GPS-GradientEstimation-Escape-Specialist-Exploiter,Exploiter,0.5481532145681937
2814,0.008277865307692011,HOG8-ML02-H2-GPS-GradientEstimation-Escape-Specialist-Exploiter,Exploiter,0.599854939394996
2823,0.008236476739110007,HOG8-ML00-H2-GPS-GradientEstimation-Escape-Specialist-Refiner,Refiner,0.499990843575878
2828,0.008229816425658986,HOG8-ML02-H2-GPS-GradientEstimation-Escape-Specialist-Refiner,Refiner,0.08086362241994717
2830,0.00822674442670102,HOG8-ML01-H2-GPS-GradientEstimation-Escape-Specialist-Polisher,Polisher,0.037327672928269884
2835,0.008175555172046775,HOG8-ML00-H2-GPS-GradientEstimation-Escape-Specialist-Exploiter,Exploiter,0.6222297910228287
2840,0.008174901760645493,HOG8-ML01-H2-GPS-GradientEstimation-Escape-Specialist-Polisher,Polisher,0.007992257253876662
2845,0.008129385768761863,HOG8-ML00-H2-GPS-GradientEstimation-Escape-Specialist-Exploiter,Exploiter,0.5567772337368893
2849,0.008126849830226358,HOG8-ML02-H2-GPS-GradientEstimation-Escape-Specialist-Polisher,Polisher,0.03119471270817113
2856,0.00807939079278391,HOG8-ML00-H2-GPS-GradientEstimation-Escape-Specialist-Exploiter,Exploiter,0.5839782749021986
2868,0.008044726662273429,HOG8-ML02-H2-GPS-GradientEstimation-Escape-Specialist-Refiner,Refiner,0.4290438648102195
2870,0.008034159701655242,HOG8-ML00-H2-GPS-GradientEstimation-Escape-Specialist-Refiner,Refiner,0.13135263709757
2878,0.008008072831023472,HOG8-ML02-H2-GPS-GradientEstimation-Escape-Specialist-Refiner,Refiner,0.3246994284466994
2880,0.007985341317046288,HOG8-ML00-H2-GPS-GradientEstimation-Escape-Specialist-Refiner,Refiner,0.28385748302789005
2888,0.00795994816813434,HOG8-ML02-H2-GPS-GradientEstimation-Escape-Specialist-Refiner,Refiner,0.31799703862053263
2891,0.007936924111633603,HOG8-ML00-H2-GPS-GradientEstimation-Escape-Specialist-Refiner,Refiner,0.2892488244195784
2900,0.007921536596702666,HOG8-ML02-H2-GPS-GradientEstimation-Escape-Specialist-Refiner,Refiner,0.1938725218297408
2901,0.007896513546780524,HOG8-ML00-H2-GPS-GradientEstimation-Escape-Specialist-Refiner,Refiner,0.31588631342759504
2910,0.007880383432753681,HOG8-ML02-H2-GPS-GradientEstimation-Escape-Specialist-Refiner,Refiner,0.20426880712969236
2915,0.007859727952965856,HOG8-ML00-H2-GPS-GradientEstimation-Escape-Specialist-Refiner,Refiner,0.2621126238854557
2921,0.007842691331043813,HOG8-ML02-H2-GPS-GradientEstimation-Escape-Specialist-Refiner,Refiner,0.21675841739044444
2925,0.007827066729500808,HOG8-ML00-H2-GPS-GradientEstimation-Escape-Specialist-Refiner,Refiner,0.19922499666865826
2932,0.007810585575142305,HOG8-ML02-H2-GPS-GradientEstimation-Escape-Specialist-Refiner,Refiner,0.21056616645905724
2936,0.007790077249674643,HOG8-ML00-H2-GPS-GradientEstimation-Escape-Specialist-Refiner,Refiner,0.26257090803705235
2941,0.007775828260180643,HOG8-ML02-H2-GPS-GradientEstimation-Escape-Specialist-Refiner,Refiner,0.1829120435820509
2945,0.007755246237218884,HOG8-ML00-H2-GPS-GradientEstimation-Escape-Specialist-Refiner,Refiner,0.26469235524603746
2952,0.007733733135125384,HOG8-ML02-H2-GPS-GradientEstimation-Escape-Specialist-Refiner,Refiner,0.2774006322359431
2955,0.0077199737589806845,HOG8-ML00-H2-GPS-GradientEstimation-Escape-Specialist-Refiner,Refiner,0.17791376951199717
2963,0.007700145970785895,HOG8-ML02-H2-GPS-GradientEstimation-Escape-Specialist-Refiner,Refiner,0.25683750766282193
2966,0.007685926040622487,HOG8-ML00-H2-GPS-GradientEstimation-Escape-Specialist-Refiner,Refiner,0.18467091685478954
2973,0.007668547038296742,HOG8-ML02-H2-GPS-GradientEstimation-Escape-Specialist-Refiner,Refiner,0.2261146182501858
2980,0.007653502206428865,HOG8-ML00-H2-GPS-GradientEstimation-Escape-Specialist-Refiner,Refiner,0.19618881898674229
2985,0.007650289329552237,HOG8-ML01-H2-GPS-GradientEstimation-Escape-Specialist-Polisher,Polisher,0.04197917227917935
2985,0.007632083474765822,HOG8-ML02-H2-GPS-GradientEstimation-Escape-Specialist-Refiner,Refiner,0.23797602943052523
2990,0.00761502901275447,HOG8-ML00-H2-GPS-GradientEstimation-Escape-Specialist-Refiner,Refiner,0.22345748795514925
2999,0.007592033439717661,HOG8-ML02-H2-GPS-GradientEstimation-Escape-Specialist-Refiner,Refiner,0.30197617104666485
3002,0.0075845386710408315,HOG8-ML00-H2-GPS-GradientEstimation-Escape-Specialist-Refiner,Refiner,0.09871885755430268
3008,0.0075596566374900205,HOG8-ML02-H2-GPS-GradientEstimation-Escape-Specialist-Refiner,Refiner,0.32806258402788746
3013,0.007547137109734681,HOG8-ML04-H2-GPS-Sniper-Specialist-Refiner,Refiner,0.16560974070240442
3019,0.007331376947897214,HOG8-ML04-H2-GPS-Sniper-Specialist-Exploiter,Exploiter,2.858834531562549
3022,0.007251323089731275,HOG8-ML04-H2-GPS-Sniper-Specialist-Exploiter,Exploiter,1.0919348266344493
3032,0.007155318064750089,HOG8-ML04-H2-GPS-Sniper-Specialist-Exploiter,Exploiter,1.3239656238340902
3043,0.00708510891114398,HOG8-ML04-H2-GPS-Sniper-Specialist-Exploiter,Exploiter,0.9812163899741443
3053,0.0070091566902054665,HOG8-ML04-H2-GPS-Sniper-Specialist-Exploiter,Exploiter,1.071997931027575
3063,0.006967025903574862,HOG8-ML04-H2-GPS-Sniper-Specialist-Exploiter,Exploiter,0.6010821057756928
3073,0.006931526788460988,HOG8-ML04-H2-GPS-Sniper-Specialist-Exploiter,Exploiter,0.5095304022862719
3082,0.006862900667678943,HOG8-ML04-H2-GPS-Sniper-Specialist-Exploiter,Exploiter,0.9900577877919685
3091,0.006833495619432757,HOG8-ML04-H2-GPS-Sniper-Specialist-Refiner,Refiner,0.42846384743218435
3103,0.00677141334350977,HOG8-ML04-H2-GPS-Sniper-Specialist-Exploiter,Exploiter,0.908499534944324
3112,0.006727927746670675,HOG8-ML04-H2-GPS-Sniper-Specialist-Exploiter,Exploiter,0.6421938025799994
3125,0.006700685239536892,HOG8-ML04-H2-GPS-Sniper-Specialist-Refiner,Refiner,0.4049167612904897
3134,0.006648969196746703,HOG8-ML04-H2-GPS-Sniper-Specialist-Exploiter,Exploiter,0.77180229993556
3145,0.006623872448659642,HOG8-ML04-H2-GPS-Sniper-Specialist-Refiner,Refiner,0.37745321634729806
3159,0.006594642414140156,HOG8-ML04-H2-GPS-Sniper-Specialist-Refiner,Refiner,0.44128317303876957
3166,0.006489785872039336,HOG8-ML04-H2-GPS-Sniper-Specialist-Exploiter,Exploiter,1.590026198782019
3174,0.006474687642350113,HOG8-ML04-H2-GPS-Sniper-Specialist-Refiner,Refiner,0.2326460377417473
3190,0.006406021167736265,HOG8-ML04-H2-GPS-Sniper-Specialist-Exploiter,Exploiter,1.0605372553373804
3196,0.006397902708246507,HOG8-ML04-H2-GPS-Sniper-Specialist-Refiner,Refiner,0.12673169939940132
3209,0.0063732442352509334,HOG8-ML04-H2-GPS-Sniper-Specialist-Refiner,Refiner,0.38541494174005353
3219,0.006357599535798327,HOG8-ML04-H2-GPS-Sniper-Specialist-Refiner,Refiner,0.24547465741347857
3228,0.006320652697460213,HOG8-ML04-H2-GPS-Sniper-Specialist-Exploiter,Exploiter,0.5811444733200591
3239,0.006242787711040092,HOG8-ML04-H2-GPS-Sniper-Specialist-Exploiter,Exploiter,1.2319136985870038
3242,0.0062268738467725435,HOG8-ML04-H2-GPS-Sniper-Specialist-Refiner,Refiner,0.25491599272878374
3247,0.006212294013840792,HOG8-ML04-H2-GPS-Sniper-Specialist-Refiner,Refiner,0.23414370180805966
3257,0.006197959339278334,HOG8-ML04-H2-GPS-Sniper-Specialist-Refiner,Refiner,0.23074687918055994
3267,0.006126728808722609,HOG8-ML04-H2-GPS-Sniper-Specialist-Exploiter,Exploiter,1.1492577904523396
3278,0.006116734126602585,HOG8-ML04-H2-GPS-Sniper-Specialist-Refiner,Refiner,0.1631324387297063
3288,0.006081919883023082,HOG8-ML04-H2-GPS-Sniper-Specialist-Exploiter,Exploiter,0.5691639175240724
3300,0.006068685495344875,HOG8-ML04-H2-GPS-Sniper-Specialist-Refiner,Refiner,0.2176021376925484
3312,0.006048760266433288,HOG8-ML04-H2-GPS-Sniper-Specialist-Refiner,Refiner,0.3283285800009135
3315,0.0060379546935342854,HOG8-ML04-H2-GPS-Sniper-Specialist-Refiner,Refiner,0.17864111690731915
3321,0.006028441440135484,HOG8-ML04-H2-GPS-Sniper-Specialist-Refiner,Refiner,0.15755754856836457
3330,0.005969909932958864,HOG8-ML04-H2-GPS-Sniper-Specialist-Exploiter,Exploiter,0.9709227129077869
3341,0.005892957156705342,HOG8-ML04-H2-GPS-Sniper-Specialist-Exploiter,Exploiter,1.2890106738240419
3352,0.0058314029454860725,HOG8-ML04-H2-GPS-Sniper-Specialist-Exploiter,Exploiter,1.0445385836418264
3360,0.005769049235339439,HOG8-ML04-H2-GPS-Sniper-Specialist-Exploiter,Exploiter,1.0692745936018682
3362,0.005758629926972801,HOG8-ML04-H2-GPS-Sniper-Specialist-Refiner,Refiner,0.1806070279798012
3373,0.005724805635397292,HOG8-ML04-H2-GPS-Sniper-Specialist-Exploiter,Exploiter,0.5873669953521272
3376,0.005712384837603784,HOG8-ML04-H2-GPS-Sniper-Specialist-Refiner,Refiner,0.21696453267703508
3378,0.005705152579920464,HOG8-ML04-H2-GPS-Sniper-Specialist-Refiner,Refiner,0.12660662558501587
3384,0.005700237595161717,HOG8-ML04-H2-GPS-Sniper-Specialist-Refiner,Refiner,0.0861499265776911
3393,0.005665856144567756,HOG8-ML04-H2-GPS-Sniper-Specialist-Exploiter,Exploiter,0.6031582020922065
3403,0.00557365541408028,HOG8-ML04-H2-GPS-Sniper-Specialist-Exploiter,Exploiter,1.6273044732326107
3413,0.005545506489704609,HOG8-ML04-H2-GPS-Sniper-Specialist-Exploiter,Exploiter,0.5050352467890401
3420,0.0055364619508052725,HOG8-ML00-H1-GPS-GradientEstimation-Escape-Specialist-Refiner,Refiner,0.1630967147207884
3424,0.005523725721477942,HOG8-ML04-H2-GPS-Sniper-Specialist-Refiner,Refiner,0.23004275005408936
3432,0.005491315156897113,HOG8-ML04-H2-GPS-Sniper-Specialist-Exploiter,Exploiter,0.5867518811588885
3442,0.005468443671726984,HOG8-ML04-H2-GPS-Sniper-Specialist-Refiner,Refiner,0.4165028689238871
3452,0.005435591583658645,HOG8-ML04-H2-GPS-Sniper-Specialist-Exploiter,Exploiter,0.6007575471279194
3458,0.005418092558498504,HOG8-ML04-H2-GPS-Sniper-Specialist-Refiner,Refiner,0.32193414260095526
3463,0.005393727959484734,HOG8-ML04-H2-GPS-Sniper-Specialist-Refiner,Refiner,0.44968960479556463
3478,0.005369893514916976,HOG8-ML04-H2-GPS-Sniper-Specialist-Refiner,Refiner,0.44189185562919786
3487,0.005331604458037089,HOG8-ML04-H2-GPS-Sniper-Specialist-Exploiter,Exploiter,0.7130319581482163
3493,0.005331584378428319,HOG8-ML04-H2-GPS-Sniper-Specialist-Polisher,Polisher,0.00037661474942517995
3497,0.0053040989896052295,HOG8-ML04-H2-GPS-Sniper-Specialist-Exploiter,Exploiter,0.5155200944450252
3508,0.005286676399921151,HOG8-ML04-H2-GPS-Sniper-Specialist-Refiner,Refiner,0.32847406728688594
3521,0.005240578742099316,HOG8-ML04-H2-GPS-Sniper-Specialist-Exploiter,Exploiter,0.8719591352805709
3531,0.005211149871599874,HOG8-ML04-H2-GPS-Sniper-Specialist-Exploiter,Exploiter,0.5615576436821818
3542,0.005200628869666459,HOG8-ML04-H2-GPS-Sniper-Specialist-Refiner,Refiner,0.2018940577923665
3548,0.00518028871181282,HOG8-ML04-H2-GPS-Sniper-Specialist-Refiner,Refiner,0.39110958238677956
3562,0.005160749298322293,HOG8-ML04-H2-GPS-Sniper-Specialist-Refiner,Refiner,0.37718773175654746
3571,0.005114029923645902,HOG8-ML04-H2-GPS-Sniper-Specialist-Exploiter,Exploiter,0.9052827792192738
3579,0.005089582798737086,HOG8-ML04-H2-GPS-Sniper-Specialist-Refiner,Refiner,0.4780403179844401
3592,0.005063027207649751,HOG8-ML04-H2-GPS-Sniper-Specialist-Exploiter,Exploiter,0.5217636128038636
3600,0.005050655311490332,HOG8-ML04-H2-GPS-Sniper-Specialist-Refiner,Refiner,0.24435768665683294
3613,0.005024958680359412,HOG8-ML04-H2-GPS-Sniper-Specialist-Exploiter,Exploiter,0.5087781593897197
3623,0.00500719675997192,HOG8-ML04-H2-GPS-Sniper-Specialist-Refiner,Refiner,0.3534739590380507
3632,0.004994581832330218,HOG8-ML04-H2-GPS-Sniper-Specialist-Refiner,Refiner,0.251935928353098
3642,0.004978283303996748,HOG8-ML04-H2-GPS-Sniper-Specialist-Refiner,Refiner,0.32632418249650175
3652,0.004957828809534137,HOG8-ML04-H2-GPS-Sniper-Specialist-Refiner,Refiner,0.4108744563851855
3660,0.004939567862942832,HOG8-ML04-H2-GPS-Sniper-Specialist-Refiner,Refiner,0.3683254765914425
3674,0.004904109776867675,HOG8-ML04-H2-GPS-Sniper-Specialist-Exploiter,Exploiter,0.7178378161613721
3682,0.004895314194753264,HOG8-ML04-H2-GPS-Sniper-Specialist-Refiner,Refiner,0.17935124853645035
3688,0.004884040720879791,HOG8-ML04-H2-GPS-Sniper-Specialist-Refiner,Refiner,0.23029111973152258
3692,0.004859801173976926,HOG8-ML04-H2-GPS-Sniper-Specialist-Refiner,Refiner,0.4963010811772733
3698,0.004857785859515451,HOG8-ML04-H2-GPS-Sniper-Specialist-Polisher,Polisher,0.04146907227947498
3702,0.004827124456035344,HOG8-ML04-H2-GPS-Sniper-Specialist-Exploiter,Exploiter,0.6311806318108242
3712,0.004793252068891327,HOG8-ML04-H2-GPS-Sniper-Specialist-Exploiter,Exploiter,0.7017094225044618
3721,0.004759652961660269,HOG8-ML04-H2-GPS-Sniper-Specialist-Exploiter,Exploiter,0.7009668331260799
3731,0.004745578094376446,HOG8-ML04-H2-GPS-Sniper-Specialist-Refiner,Refiner,0.29571204869763174
3743,0.004721711788858577,HOG8-ML04-H2-GPS-Sniper-Specialist-Exploiter,Exploiter,0.502916716219476
3753,0.004681635014422246,HOG8-ML04-H2-GPS-Sniper-Specialist-Exploiter,Exploiter,0.8487763808646008
3764,0.004664188940004021,HOG8-ML04-H2-GPS-Sniper-Specialist-Refiner,Refiner,0.37264917842763534
3773,0.004657455066125138,HOG8-ML04-H2-GPS-Sniper-Specialist-Refiner,Refiner,0.14437395151658672
3778,0.004635148862789061,HOG8-ML04-H2-GPS-Sniper-Specialist-Refiner,Refiner,0.4789354490677877
3789,0.004630880920763568,HOG8-ML04-H2-GPS-Sniper-Specialist-Refiner,Refiner,0.09207777682731716
3798,0.004583010169758215,HOG8-ML04-H2-GPS-Sniper-Specialist-Exploiter,Exploiter,1.0337288266410525
3809,0.004576403008353655,HOG8-ML04-H2-GPS-Sniper-Specialist-Refiner,Refiner,0.14416641377228387
3819,0.004549035831343693,HOG8-ML04-H2-GPS-Sniper-Specialist-Exploiter,Exploiter,0.5980062717380082
3826,0.004534233692030254,HOG8-ML04-H2-GPS-Sniper-Specialist-Refiner,Refiner,0.32539069513258584
3838,0.004491725248793108,HOG8-ML04-H2-GPS-Sniper-Specialist-Exploiter,Exploiter,0.9375000523652381
3848,0.004473161296617629,HOG8-ML04-H2-GPS-Sniper-Specialist-Refiner,Refiner,0.41329224623583477
3855,0.004471921264605299,HOG8-ML04-H2-GPS-Sniper-Specialist-Polisher,Polisher,0.027721602913525805
3868,0.004456475897179695,HOG8-ML04-H2-GPS-Sniper-Specialist-Refiner,Refiner,0.3453854956672026
3879,0.004434421747109724,HOG8-ML04-H2-GPS-Sniper-Specialist-Refiner,Refiner,0.4948787018892652
3888,0.004413694661373874,HOG8-ML04-H2-GPS-Sniper-Specialist-Refiner,Refiner,0.46741349645778013
3900,0.004408217350928494,HOG8-ML04-H2-GPS-Sniper-Specialist-Refiner,Refiner,0.12409808257274527
3908,0.004374410551487641,HOG8-ML04-H2-GPS-Sniper-Specialist-Exploiter,Exploiter,0.7669040963629484
3923,0.004357828197103972,HOG8-ML04-H2-GPS-Sniper-Specialist-Refiner,Refiner,0.3790763164200301
3938,0.004308433613141657,HOG8-ML04-H2-GPS-Sniper-Specialist-Exploiter,Exploiter,1.1334679048417058
3942,0.004303649084496388,HOG8-ML04-H2-GPS-Sniper-Specialist-Refiner,Refiner,0.11105030446970492
3953,0.004275812891514645,HOG8-ML04-H2-GPS-Sniper-Specialist-Exploiter,Exploiter,0.6468044311981969
3969,0.004263660198920015,HOG8-ML04-H2-GPS-Sniper-Specialist-Refiner,Refiner,0.2842194666363153
3973,0.004252845820601559,HOG8-ML04-H2-GPS-Sniper-Specialist-Refiner,Refiner,0.2536407174566894
3988,0.004226534058261909,HOG8-ML04-H2-GPS-Sniper-Specialist-Exploiter,Exploiter,0.6186860151898992
3999,0.004206865524331823,HOG8-ML04-H2-GPS-Sniper-Specialist-Refiner,Refiner,0.4653584629618212
4003,0.004198162697514606,HOG8-ML04-H2-GPS-Sniper-Specialist-Refiner,Refiner,0.2068719992802618
4019,0.00418101210165046,HOG8-ML04-H2-GPS-Sniper-Specialist-Refiner,Refiner,0.40852623158934115
4025,0.004177517022568005,HOG8-ML04-H2-GPS-Sniper-Specialist-Refiner,Refiner,0.08359409151375972
4035,0.004170291674210118,HOG8-ML04-H2-GPS-Sniper-Specialist-Refiner,Refiner,0.1729579632794817
4047,0.0041663760604337225,HOG8-ML04-H2-GPS-Sniper-Specialist-Refiner,Refiner,0.09389304351564265
4052,0.004146591465053172,HOG8-ML04-H2-GPS-Sniper-Specialist-Refiner,Refiner,0.4748634087171417
4068,0.004138868838054371,HOG8-ML04-H2-GPS-Sniper-Specialist-Refiner,Refiner,0.18624036305206348
4078,0.0041109892372103995,HOG8-ML04-H2-GPS-Sniper-Specialist-Exploiter,Exploiter,0.6736043574910044
4087,0.00409521382877676,HOG8-ML04-H2-GPS-Sniper-Specialist-Refiner,Refiner,0.3837375269886154
4099,0.004080485485834492,HOG8-ML04-H2-GPS-Sniper-Specialist-Refiner,Refiner,0.3596477145777757
4109,0.004052108291797909,HOG8-ML04-H2-GPS-Sniper-Specialist-Exploiter,Exploiter,0.6954367105359037
4118,0.004027787063332684,HOG8-ML04-H2-GPS-Sniper-Specialist-Exploiter,Exploiter,0.6002117099006173
4132,0.004014100641492267,HOG8-ML04-H2-GPS-Sniper-Specialist-Refiner,Refiner,0.3398000347389989
4149,0.00400872796211597,HOG8-ML04-H2-GPS-Sniper-Specialist-Refiner,Refiner,0.13384515875763464
4162,0.003982626218410286,HOG8-ML04-H2-GPS-Sniper-Specialist-Exploiter,Exploiter,0.6511228487529214
4172,0.00394002684850186,HOG8-ML04-H2-GPS-Sniper-Specialist-Exploiter,Exploiter,1.0696301277660432
4182,0.003930871328714958,HOG8-ML04-H2-GPS-Sniper-Specialist-Refiner,Refiner,0.23237201519028788
4193,0.003922886150677672,HOG8-ML04-H2-GPS-Sniper-Specialist-Refiner,Refiner,0.20314015315011988
4202,0.0039005522562057665,HOG8-ML04-H2-GPS-Sniper-Specialist-Exploiter,Exploiter,0.5693230344716352
4213,0.0038925379417593794,HOG8-ML04-H2-GPS-Sniper-Specialist-Refiner,Refiner,0.20546614735480973
4229,0.003864578698786445,HOG8-ML04-H2-GPS-Sniper-Specialist-Exploiter,Exploiter,0.7182779819044542
4239,0.0038537889596081927,HOG8-ML04-H2-GPS-Sniper-Specialist-Refiner,Refiner,0.2791957421294181
4247,0.003841046782751068,HOG8-ML04-H2-GPS-Sniper-Specialist-Refiner,Refiner,0.33064023460227016
4258,0.0038287180923095195,HOG8-ML04-H2-GPS-Sniper-Specialist-Refiner,Refiner,0.3209721500116228
4268,0.003818151230462287,HOG8-ML04-H2-GPS-Sniper-Specialist-Refiner,Refiner,0.27598955035256945
4277,0.0038046862526497304,HOG8-ML04-H2-GPS-Sniper-Specialist-Refiner,Refiner,0.3526570059648018
4287,0.003796126464620863,HOG8-ML04-H2-GPS-Sniper-Specialist-Refiner,Refiner,0.22498012872693646
4299,0.0037832273329454933,HOG8-ML04-H2-GPS-Sniper-Specialist-Refiner,Refiner,0.33979720632563104
4308,0.0037736722441988274,HOG8-ML04-H2-GPS-Sniper-Specialist-Refiner,Refiner,0.2525644880881803
4318,0.0037476431206946072,HOG8-ML04-H2-GPS-Sniper-Specialist-Exploiter,Exploiter,0.6897558086618181
4327,0.0037285545769934533,HOG8-ML04-H2-GPS-Sniper-Specialist-Exploiter,Exploiter,0.5093479578070393
4340,0.003710475503462555,HOG8-ML04-H2-GPS-Sniper-Specialist-Refiner,Refiner,0.4848815581902093
4351,0.003703866217929874,HOG8-ML04-H2-GPS-Sniper-Specialist-Refiner,Refiner,0.17812502808638564
4360,0.0036963047342615323,HOG8-ML04-H2-GPS-Sniper-Specialist-Refiner,Refiner,0.20415110113150325
4373,0.003676704983868472,HOG8-ML04-H2-GPS-Sniper-Specialist-Exploiter,Exploiter,0.5302525576797674
4389,0.0036346683884960255,HOG8-ML04-H2-GPS-Sniper-Specialist-Exploiter,Exploiter,1.1433225009045358
4395,0.003634648884471229,HOG8-ML04-H2-GPS-Sniper-Specialist-Polisher,Polisher,0.0005366108462053199
4404,0.003633992650894561,HOG8-ML04-H2-GPS-Sniper-Specialist-Polisher,Polisher,0.01805493728629618
4414,0.0036046970598769823,HOG8-ML04-H2-GPS-Sniper-Specialist-Exploiter,Exploiter,0.8061543825733113
4426,0.003586975586350465,HOG8-ML04-H2-GPS-Sniper-Specialist-Refiner,Refiner,0.4916217155602496
4439,0.003575971947246471,HOG8-ML04-H2-GPS-Sniper-Specialist-Refiner,Refiner,0.3067664900164417
4447,0.00356447685794338,HOG8-ML04-H2-GPS-Sniper-Specialist-Refiner,Refiner,0.32145356486765886
4451,0.00355885551502216,HOG8-ML04-H2-GPS-Sniper-Specialist-Refiner,Refiner,0.1577045705512975
4457,0.003556913481799454,HOG8-ML04-H2-GPS-Sniper-Specialist-Refiner,Refiner,0.05456903812218256
4468,0.0035449543086716402,HOG8-ML04-H2-GPS-Sniper-Specialist-Refiner,Refiner,0.3362233348943798
4482,0.0035345900996903747,HOG8-ML04-H2-GPS-Sniper-Specialist-Refiner,Refiner,0.29236509356164964
4491,0.0035306914544416266,HOG8-ML04-H2-GPS-Sniper-Specialist-Refiner,Refiner,0.11029978409914125
4499,0.003520473985202388,HOG8-ML04-H2-GPS-Sniper-Specialist-Refiner,Refiner,0.2893900350987864
4514,0.003497234309438122,HOG8-ML04-H2-GPS-Sniper-Specialist-Exploiter,Exploiter,0.6601291718657629
4533,0.003493169629338819,HOG8-ML04-H2-GPS-Sniper-Specialist-Refiner,Refiner,0.11622555824565592
4552,0.003479673875346283,HOG8-ML04-H2-GPS-Sniper-Specialist-Refiner,Refiner,0.3863469405890398
4563,0.003467118557696925,HOG8-ML04-H2-GPS-Sniper-Specialist-Refiner,Refiner,0.3608188036905714
4573,0.0034598713955643874,HOG8-ML04-H2-GPS-Sniper-Specialist-Refiner,Refiner,0.20902550668332498
4584,0.0034525653820269833,HOG8-ML04-H2-GPS-Sniper-Specialist-Refiner,Refiner,0.21116430936625546
4598,0.0034448009837856493,HOG8-ML04-H2-GPS-Sniper-Specialist-Refiner,Refiner,0.2248877973970624
4609,0.0034301739380888665,HOG8-ML04-H2-GPS-Sniper-Specialist-Refiner,Refiner,0.4246122131766384
4619,0.0034173768353761916,HOG8-ML04-H2-GPS-Sniper-Specialist-Refiner,Refiner,0.37307445463843864
4628,0.003387128762461236,HOG8-ML04-H2-GPS-Sniper-Specialist-Exploiter,Exploiter,0.8851254740721515
4638,0.0033829122042066378,HOG8-ML04-H2-GPS-Sniper-Specialist-Refiner,Refiner,0.12448768707376974
4648,0.0033664844342901723,HOG8-ML04-H2-GPS-Sniper-Specialist-Refiner,Refiner,0.48561029446870163
4661,0.003360642057533,HOG8-ML04-H2-GPS-Sniper-Specialist-Refiner,Refiner,0.17354533701873584
4672,0.003343218135842889,HOG8-ML04-H2-GPS-Sniper-Specialist-Exploiter,Exploiter,0.5184700242340584
4679,0.0033388351867284193,HOG8-ML04-H2-GPS-Sniper-Specialist-Refiner,Refiner,0.13109970502611376
4693,0.003315758207546158,HOG8-ML04-H2-GPS-Sniper-Specialist-Exploiter,Exploiter,0.6911685630363015
4701,0.003315636433915973,HOG8-ML04-H2-GPS-Sniper-Specialist-Polisher,Polisher,0.0036725726836176137
4718,0.003313614823376951,HOG8-ML04-H2-GPS-Sniper-Specialist-Refiner,Refiner,0.06097202088692484
4725,0.0033119418558695676,HOG8-ML04-H2-GPS-Sniper-Specialist-Refiner,Refiner,0.05048768781395653
4740,0.0032974898699467234,HOG8-ML04-H2-GPS-Sniper-Specialist-Refiner,Refiner,0.4363598925274535
4744,0.0032932555690951618,HOG8-ML04-H2-GPS-Sniper-Specialist-Refiner,Refiner,0.12840982136603357
4756,0.003287392280669983,HOG8-ML04-H2-GPS-Sniper-Specialist-Refiner,Refiner,0.17803927761335941
4763,0.0032708434875812465,HOG8-ML04-H2-GPS-Sniper-Specialist-Exploiter,Exploiter,0.5034018357360082
4774,0.0032609960125420806,HOG8-ML04-H2-GPS-Sniper-Specialist-Refiner,Refiner,0.3010683658987298
4785,0.0032511218302437926,HOG8-ML04-H2-GPS-Sniper-Specialist-Refiner,Refiner,0.3027965155526416
4794,0.0032441378981536853,HOG8-ML04-H2-GPS-Sniper-Specialist-Refiner,Refiner,0.21481606826107622
4808,0.0032363191033249316,HOG8-ML04-H2-GPS-Sniper-Specialist-Refiner,Refiner,0.24101302331209787
4816,0.0032295924504379065,HOG8-ML04-H2-GPS-Sniper-Specialist-Refiner,Refiner,0.20784887621601633
4829,0.0032153881006243344,HOG8-ML04-H2-GPS-Sniper-Specialist-Refiner,Refiner,0.4398186468279017
4833,0.0032115226332305137,HOG8-ML04-H2-GPS-Sniper-Specialist-Refiner,Refiner,0.12021775514657673
4847,0.0031919202831407305,HOG8-ML04-H2-GPS-Sniper-Specialist-Exploiter,Exploiter,0.6103755859277543
4862,0.0031798473033096556,HOG8-ML04-H2-GPS-Sniper-Specialist-Refiner,Refiner,0.37823563122308135
4869,0.003169905965073209,HOG8-ML04-H2-GPS-Sniper-Specialist-Refiner,Refiner,0.3126357113468736
4877,0.0031667772425611226,HOG8-ML04-H2-GPS-Sniper-Specialist-Refiner,Refiner,0.09870079890569156
4884,0.0031639208967291555,HOG8-ML04-H2-GPS-Sniper-Specialist-Refiner,Refiner,0.09019724512283767
4892,0.0031470709354560326,HOG8-ML04-H2-GPS-Sniper-Specialist-Exploiter,Exploiter,0.5325658201677019
4899,0.0031431795070436886,HOG8-ML04-H2-GPS-Sniper-Specialist-Refiner,Refiner,0.12365238954425167
4911,0.0031321909289814326,HOG8-ML04-H2-GPS-Sniper-Specialist-Refiner,Refiner,0.3496007160148262
4922,0.003124988923222622,HOG8-ML04-H2-GPS-Sniper-Specialist-Refiner,Refiner,0.2299350812931625
4937,0.0031248051869317227,HOG8-ML04-H2-GPS-Sniper-Specialist-Polisher,Polisher,0.005879582149360751
4941,0.003123849338861653,HOG8-ML04-H2-GPS-Sniper-Specialist-Polisher,Polisher,0.030589045168874094
4952,0.0031167053254450103,HOG8-ML04-H2-GPS-Sniper-Specialist-Refiner,Refiner,0.22869263660602276
4965,0.0031076650260269075,HOG8-ML04-H2-GPS-Sniper-Specialist-Refiner,Refiner,0.2900594850689653
4979,0.0030864969163015765,HOG8-ML04-H2-GPS-Sniper-Specialist-Exploiter,Exploiter,0.6811580253356355
4985,0.0030746374484867875,HOG8-ML04-H2-GPS-Sniper-Specialist-Refiner,Refiner,0.384237150931604
4998,0.0030697719413117154,HOG8-ML04-H2-GPS-Sniper-Specialist-Refiner,Refiner,0.1582465333422214
5004,0.003067549363206587,HOG8-ML04-H2-GPS-Sniper-Specialist-Refiner,Refiner,0.07240205942395851
5011,0.003057156360910436,HOG8-ML04-H2-GPS-Sniper-Specialist-Refiner,Refiner,0.3388047286478431
5027,0.003050201280505146,HOG8-ML04-H2-GPS-Sniper-Specialist-Refiner,Refiner,0.22750162517755998
5035,0.0030485134956283956,HOG8-ML04-H2-GPS-Sniper-Specialist-Refiner,Refiner,0.05533355741266574
5047,0.0030240355005908457,HOG8-ML04-H2-GPS-Sniper-Specialist-Exploiter,Exploiter,0.8029485541937624
5054,0.003023018514161663,HOG8-ML04-H2-GPS-Sniper-Specialist-Polisher,Polisher,0.03363010880606207
5064,0.0030154282955935354,HOG8-ML04-H2-GPS-Sniper-Specialist-Refiner,Refiner,0.25108078341466933
5073,0.003009220241628001,HOG8-ML04-H2-GPS-Sniper-Specialist-Refiner,Refiner,0.20587635841337482
5085,0.0030034415994043768,HOG8-ML04-H2-GPS-Sniper-Specialist-Refiner,Refiner,0.19203121605010728
5099,0.0029709175984144963,HOG8-ML04-H2-GPS-Sniper-Specialist-Exploiter,Exploiter,1.0828910739043622
5107,0.0029634348754332485,HOG8-ML04-H2-GPS-Sniper-Specialist-Refiner,Refiner,0.2518657193737446
5119,0.002957508479911489,HOG8-ML04-H2-GPS-Sniper-Specialist-Refiner,Refiner,0.19998399731638652
5129,0.0029444503982194044,HOG8-ML04-H2-GPS-Sniper-Specialist-Refiner,Refiner,0.44152305160847993
5138,0.002929282691941932,HOG8-ML04-H2-GPS-Sniper-Specialist-Exploiter,Exploiter,0.5151286055504479
5149,0.002925471003490405,HOG8-ML04-H2-GPS-Sniper-Specialist-Refiner,Refiner,0.1301236122417559
5160,0.002912996712620003,HOG8-ML04-H2-GPS-Sniper-Specialist-Refiner,Refiner,0.42640282045245126
5168,0.00289868714719268,HOG8-ML04-H2-GPS-Sniper-Specialist-Refiner,Refiner,0.49123177397796786
5175,0.0028934605432997624,HOG8-ML04-H2-GPS-Sniper-Specialist-Refiner,Refiner,0.18030934790528896
5190,0.002884477568615213,HOG8-ML04-H2-GPS-Sniper-Specialist-Refiner,Refiner,0.31045782550416623
5202,0.002865615889305625,HOG8-ML04-H2-GPS-Sniper-Specialist-Exploiter,Exploiter,0.653902790398302
5212,0.0028311311774506707,HOG8-ML04-H2-GPS-Sniper-Specialist-Exploiter,Exploiter,1.203396169865264
5221,0.0028309541572689037,HOG8-ML04-H2-GPS-Sniper-Specialist-Polisher,Polisher,0.006252630862774947
5249,0.002821180652121128,HOG8-ML04-H2-GPS-Sniper-Specialist-Refiner,Refiner,0.34523713931152494
5254,0.00281532630335488,HOG8-ML04-H2-GPS-Sniper-Specialist-Refiner,Refiner,0.20751413993451506
5262,0.0028119779611211256,HOG8-ML04-H2-GPS-Sniper-Specialist-Refiner,Refiner,0.11893265195455727
5279,0.00280820104251517,HOG8-ML04-H2-GPS-Sniper-Specialist-Refiner,Refiner,0.13431537011228284
5287,0.0028019686118082787,HOG8-ML04-H2-GPS-Sniper-Specialist-Refiner,Refiner,0.22193677064193326
5294,0.0027962819949450637,HOG8-ML04-H2-GPS-Sniper-Specialist-Refiner,Refiner,0.20295076965709044
5309,0.0027902659257348188,HOG8-ML04-H2-GPS-Sniper-Specialist-Refiner,Refiner,0.21514529725973197
5317,0.0027797215269273704,HOG8-ML04-H2-GPS-Sniper-Specialist-Refiner,Refiner,0.3778994220657115
5332,0.002771307935011947,HOG8-ML04-H2-GPS-Sniper-Specialist-Refiner,Refiner,0.3026775104599633
5337,0.0027710785397853047,HOG8-ML04-H2-GPS-Sniper-Specialist-Polisher,Polisher,0.008277507661423092
5350,0.0027589964388165357,HOG8-ML04-H2-GPS-Sniper-Specialist-Refiner,Refiner,0.4360071645499116
5358,0.0027500676414256857,HOG8-ML04-H2-GPS-Sniper-Specialist-Refiner,Refiner,0.3236248247815792
5370,0.0027456078661862423,HOG8-ML04-H2-GPS-Sniper-Specialist-Refiner,Refiner,0.16216965620276225
5379,0.00271571556608035,HOG8-ML04-H2-GPS-Sniper-Specialist-Exploiter,Exploiter,1.088731587421246
5389,0.002712085821215191,HOG8-ML04-H2-GPS-Sniper-Specialist-Refiner,Refiner,0.13365703354560957
5399,0.0027027919947210837,HOG8-ML04-H2-GPS-Sniper-Specialist-Refiner,Refiner,0.34268187316959303
5412,0.0026936274084597917,HOG8-ML04-H2-GPS-Sniper-Specialist-Refiner,Refiner,0.33907848917680905
5419,0.002687924883626575,HOG8-ML04-H2-GPS-Sniper-Specialist-Refiner,Refiner,0.21170429196357543
5430,0.0026819759458503074,HOG8-ML04-H2-GPS-Sniper-Specialist-Refiner,Refiner,0.22132083424300444
5442,0.0026736546064681827,HOG8-ML04-H2-GPS-Sniper-Specialist-Refiner,Refiner,0.3102689789220511
5453,0.0026626328407230076,HOG8-ML04-H2-GPS-Sniper-Specialist-Refiner,Refiner,0.41223596041578975
5472,0.002656364919667309,HOG8-ML04-H2-GPS-Sniper-Specialist-Refiner,Refiner,0.2354031303090458
5484,0.002652434937310254,HOG8-ML04-H2-GPS-Sniper-Specialist-Refiner,Refiner,0.14794587625961486
5491,0.002640660942076609,HOG8-ML04-H2-GPS-Sniper-Specialist-Refiner,Refiner,0.443893837621697
5501,0.002640250662448343,HOG8-ML04-H2-GPS-Sniper-Specialist-Polisher,Polisher,0.015537005214436172
5504,0.002638989775673748,HOG8-ML04-H2-GPS-Sniper-Specialist-Polisher,Polisher,0.04775632831110861
5513,0.0026361494179163473,HOG8-ML04-H2-GPS-Sniper-Specialist-Refiner,Refiner,0.10763049495617755
5529,0.0026237878417899024,HOG8-ML04-H2-GPS-Sniper-Specialist-Refiner,Refiner,0.4689254729808046
5554,0.0026133052667141753,HOG8-ML04-H2-GPS-Sniper-Specialist-Refiner,Refiner,0.39952068184659517
5573,0.0026129158301426945,HOG8-ML04-H2-GPS-Sniper-Specialist-Polisher,Polisher,0.014902069667903365
5580,0.0026076058486703556,HOG8-ML04-H2-GPS-Sniper-Specialist-Refiner,Refiner,0.203220532827074
5592,0.002606524496479446,HOG8-ML04-H2-GPS-Sniper-Specialist-Polisher,Polisher,0.04146915805780515
5603,0.002592664358559366,HOG8-ML04-H2-GPS-Sniper-Specialist-Exploiter,Exploiter,0.5317478480942891
5612,0.002590528755577053,HOG8-ML04-H2-GPS-Sniper-Specialist-Refiner,Refiner,0.08237097776510932
5622,0.0025859741529174166,HOG8-ML04-H2-GPS-Sniper-Specialist-Refiner,Refiner,0.17581749092076662
5632,0.002568974381997534,HOG8-ML04-H2-GPS-Sniper-Specialist-Exploiter,Exploiter,0.6573836362866871
5643,0.002565996029407108,HOG8-ML04-H2-GPS-Sniper-Specialist-Refiner,Refiner,0.11593547258772031
5663,0.002565796458185383,HOG8-ML04-H2-GPS-Sniper-Specialist-Polisher,Polisher,0.007777534315639111
5683,0.0025532000191778137,HOG8-ML04-H2-GPS-Sniper-Specialist-Refiner,Refiner,0.4909367992688622
5700,0.002546360006487655,HOG8-ML04-H2-GPS-Sniper-Specialist-Refiner,Refiner,0.26789960202025864
5718,0.0025391843028798617,HOG8-ML04-H2-GPS-Sniper-Specialist-Refiner,Refiner,0.2818023998771218
5729,0.0025373783051993726,HOG8-ML04-H2-GPS-Sniper-Specialist-Refiner,Refiner,0.07112511204644824
5738,0.0025285360770259105,HOG8-ML04-H2-GPS-Sniper-Specialist-Refiner,Refiner,0.34847890656838215
5748,0.0025232979885358472,HOG8-ML04-H2-GPS-Sniper-Specialist-Refiner,Refiner,0.20715893823529372
5758,0.0025220594120186545,HOG8-ML04-H2-GPS-Sniper-Specialist-Polisher,Polisher,0.04908562218255382
5769,0.0025178034182336516,HOG8-ML04-H2-GPS-Sniper-Specialist-Refiner,Refiner,0.16875073460686096
5783,0.0025016444726811953,HOG8-ML04-H2-GPS-Sniper-Specialist-Exploiter,Exploiter,0.6417874181691464
5798,0.002491191569767051,HOG8-ML04-H2-GPS-Sniper-Specialist-Refiner,Refiner,0.4178412651475261
5818,0.0024838007076908356,HOG8-ML04-H2-GPS-Sniper-Specialist-Refiner,Refiner,0.29667979636373615
5828,0.0024753252063894607,HOG8-ML04-H2-GPS-Sniper-Specialist-Refiner,Refiner,0.34123113320369974
5835,0.002468054383747582,HOG8-ML04-H2-GPS-Sniper-Specialist-Refiner,Refiner,0.2937320164280218
5849,0.0024677557298430153,HOG8-ML04-H2-GPS-Sniper-Specialist-Polisher,Polisher,0.012100782970308657
5858,0.002464889974733456,HOG8-ML04-H2-GPS-Sniper-Specialist-Refiner,Refiner,0.11612798928610807
5892,0.0024570781229179503,HOG8-ML04-H2-GPS-Sniper-Specialist-Refiner,Refiner,0.3169249701033975
5908,0.0024559178580555938,HOG8-ML04-H2-GPS-Sniper-Specialist-Polisher,Polisher,0.04722132566866025
5938,0.002447879692247779,HOG8-ML04-H2-GPS-Sniper-Specialist-Refiner,Refiner,0.3272978280380545
5953,0.002438727979050075,HOG8-ML04-H2-GPS-Sniper-Specialist-Refiner,Refiner,0.37386286698185806
5963,0.0024325577180393902,HOG8-ML04-H2-GPS-Sniper-Specialist-Refiner,Refiner,0.2530114495626552
5971,0.00241865880895436,HOG8-ML04-H2-GPS-Sniper-Specialist-Exploiter,Exploiter,0.5713701665518021
5982,0.002412524162452754,HOG8-ML04-H2-GPS-Sniper-Specialist-Refiner,Refiner,0.25363835853548744
5999,0.002408183494593096,HOG8-ML04-H2-GPS-Sniper-Specialist-Refiner,Refiner,0.17992225434314257
6011,0.002401979177985712,HOG8-ML04-H2-GPS-Sniper-Specialist-Refiner,Refiner,0.2576347118612074
6041,0.0023927806491591394,HOG8-ML04-H2-GPS-Sniper-Specialist-Refiner,Refiner,0.3829562267182686
6053,0.0023923229525932227,HOG8-ML04-H2-GPS-Sniper-Specialist-Polisher,Polisher,0.01912822916206223
6060,0.002389773790753301,HOG8-ML04-H2-GPS-Sniper-Specialist-Refiner,Refiner,0.10655592453178478
6068,0.002386414696546899,HOG8-ML04-H2-GPS-Sniper-Specialist-Refiner,Refiner,0.14056117861025805
6079,0.0023747106730665395,HOG8-ML04-H2-GPS-Sniper-Specialist-Refiner,Refiner,0.4904438234182463
6099,0.002357820376561676,HOG8-ML04-H1-GPS-Sniper-Specialist-Exploiter,Exploiter,0.7112570258107497
6105,0.00235351441243472,HOG8-ML04-H1-GPS-Sniper-Specialist-Refiner,Refiner,0.18262477370032068
6112,0.0023309898669789542,HOG8-ML04-H2-GPS-Sniper-Specialist-Exploiter,Exploiter,0.9570600178506755
6128,0.0023295383556458747,HOG8-ML04-H2-GPS-Sniper-Specialist-Refiner,Refiner,0.06227016915182007
6148,0.002322319264220895,HOG8-ML04-H2-GPS-Sniper-Specialist-Refiner,Refiner,0.3098936494212902
6157,0.002309282857923701,HOG8-ML04-H2-GPS-Sniper-Specialist-Exploiter,Exploiter,0.5613528896754624
6168,0.00230746177492899,HOG8-ML04-H2-GPS-Sniper-Specialist-Refiner,Refiner,0.07885924361592604
6178,0.0022975819658157632,HOG8-ML04-H2-GPS-Sniper-Specialist-Refiner,Refiner,0.4281678344825862
6188,0.002294034936691321,HOG8-ML04-H2-GPS-Sniper-Specialist-Refiner,Refiner,0.15438096125474401
6198,0.002287875816054081,HOG8-ML04-H2-GPS-Sniper-Specialist-Refiner,Refiner,0.2684841690390048
6218,0.0022866334970145317,HOG8-ML04-H2-GPS-Sniper-Specialist-Refiner,Refiner,0.054300108022996396
6225,0.0022833813399157294,HOG8-ML04-H2-GPS-Sniper-Specialist-Refiner,Refiner,0.14222467671572137
6238,0.0022794036522191057,HOG8-ML04-H2-GPS-Sniper-Specialist-Refiner,Refiner,0.1742016380308366
6254,0.002275088394040904,HOG8-ML04-H2-GPS-Sniper-Specialist-Refiner,Refiner,0.18931522611191587
6263,0.002272485729937319,HOG8-ML04-H1-GPS-Sniper-Specialist-Refiner,Refiner,0.11439837284573881
6289,0.0022673811600088943,HOG8-ML04-H1-GPS-Sniper-Specialist-Refiner,Refiner,0.2246249497269786
6300,0.0022617554192695044,HOG8-ML04-H2-GPS-Sniper-Specialist-Refiner,Refiner,0.24811623376847164
6309,0.0022455396763073707,HOG8-ML04-H1-GPS-Sniper-Specialist-Exploiter,Exploiter,0.7169538679549601
6319,0.002240052821469489,HOG8-ML04-H1-GPS-Sniper-Specialist-Refiner,Refiner,0.24434459545620246
6330,0.0022395578429232187,HOG8-ML04-H1-GPS-Sniper-Specialist-Polisher,Polisher,0.02209673546651169
6338,0.002238027601756608,HOG8-ML04-H2-GPS-Sniper-Specialist-Refiner,Refiner,0.06832782513057141
6342,0.002227915144611626,HOG8-ML04-H1-GPS-Sniper-Specialist-Refiner,Refiner,0.4518468466181964
6352,0.0022256466845596025,HOG8-ML04-H1-GPS-Sniper-Specialist-Refiner,Refiner,0.10181985869210367
6364,0.0022156703680959225,HOG8-ML04-H2-GPS-Sniper-Specialist-Refiner,Refiner,0.4482434940321199
6373,0.002214985203677353,HOG8-ML04-H2-GPS-Sniper-Specialist-Polisher,Polisher,0.030923571865003937
6392,0.002213286886066868,HOG8-ML04-H2-GPS-Sniper-Specialist-Refiner,Refiner,0.07667399347251973
6404,0.0022063645063502397,HOG8-ML04-H2-GPS-Sniper-Specialist-Refiner,Refiner,0.3127646831599735
6413,0.0022028369867726663,HOG8-ML04-H2-GPS-Sniper-Specialist-Refiner,Refiner,0.1598792750436591
6429,0.002201191461080472,HOG8-ML04-H2-GPS-Sniper-Specialist-Refiner,Refiner,0.0747002933977986
6432,0.002185545499645767,HOG8-ML04-H2-GPS-Sniper-Specialist-Exploiter,Exploiter,0.7107951176143853
6444,0.002180055068740345,HOG8-ML04-H2-GPS-Sniper-Specialist-Refiner,Refiner,0.25121558468180283
6459,0.0021774712555580776,HOG8-ML04-H2-GPS-Sniper-Specialist-Refiner,Refiner,0.11852054653649546
6469,0.0021745084477866315,HOG8-ML04-H2-GPS-Sniper-Specialist-Refiner,Refiner,0.13606644697988202
6503,0.002173743460390702,HOG8-ML04-H2-GPS-Sniper-Specialist-Polisher,Polisher,0.03517978496281863
6513,0.0021681280963325006,HOG8-ML04-H2-GPS-Sniper-Specialist-Refiner,Refiner,0.2583268982988397
6519,0.002162021730517223,HOG8-ML03-H1-GPS-JADE-Specialist-Refiner,Refiner,0.2816422989770155
6543,0.0021619818182486814,HOG8-ML04-H2-GPS-Sniper-Specialist-Polisher,Polisher,0.0018460623211342612
6555,0.0021581152444495734,HOG8-ML04-H2-GPS-Sniper-Specialist-Refiner,Refiner,0.17884395541494982
6577,0.002142699475362734,HOG8-ML04-H2-GPS-Sniper-Specialist-Exploiter,Exploiter,0.7143163056971548
6589,0.0021425012548294733,HOG8-ML04-H2-GPS-Sniper-Specialist-Polisher,Polisher,0.009250972221721956
6613,0.0021391162606026405,HOG8-ML04-H2-GPS-Sniper-Specialist-Refiner,Refiner,0.15799263683988674
6621,0.0021368240786919096,HOG8-ML04-H2-GPS-Sniper-Specialist-Refiner,Refiner,0.10715555544817215
6632,0.002122183897203491,HOG8-ML04-H2-GPS-Sniper-Specialist-Exploiter,Exploiter,0.6851374258839745
6649,0.0021147198970001752,HOG8-ML04-H2-GPS-Sniper-Specialist-Refiner,Refiner,0.351713167419249
6663,0.0021073820818850956,HOG8-ML04-H2-GPS-Sniper-Specialist-Refiner,Refiner,0.34698756679258913
6682,0.0021040678424311026,HOG8-ML04-H2-GPS-Sniper-Specialist-Refiner,Refiner,0.15726808548302545
6689,0.0021019292007930872,HOG8-ML04-H2-GPS-Sniper-Specialist-Refiner,Refiner,0.10164318825120638
6705,0.0020976558856526475,HOG8-ML04-H2-GPS-Sniper-Specialist-Refiner,Refiner,0.20330442808574878
6730,0.0020938417333804006,HOG8-ML04-H2-GPS-Sniper-Specialist-Refiner,Refiner,0.18182926467275057
6759,0.0020897470825642934,HOG8-ML04-H2-GPS-Sniper-Specialist-Refiner,Refiner,0.19555684418882147
6768,0.002086357918158362,HOG8-ML04-H2-GPS-Sniper-Specialist-Refiner,Refiner,0.16218060234220785
6780,0.0020740271305664157,HOG8-ML04-H2-GPS-Sniper-Specialist-Exploiter,Exploiter,0.5910197615004908
6788,0.0020740209659130234,HOG8-ML04-H2-GPS-Sniper-Specialist-Polisher,Polisher,0.0002972310873617628
6799,0.0020702732652838774,HOG8-ML04-H2-GPS-Sniper-Specialist-Refiner,Refiner,0.18069733579072872
6810,0.00207004147459527,HOG8-ML04-H2-GPS-Sniper-Specialist-Polisher,Polisher,0.011196139779911098
6825,0.0020630592174295053,HOG8-ML04-H2-GPS-Sniper-Specialist-Refiner,Refiner,0.33730035129513347
6865,0.002060202087122901,HOG8-ML04-H2-GPS-Sniper-Specialist-Refiner,Refiner,0.13848998043614727
6878,0.0020557595176866703,HOG8-ML04-H2-GPS-Sniper-Specialist-Refiner,Refiner,0.21563755633481635
6882,0.002055715995069632,HOG8-ML04-H1-GPS-Sniper-Specialist-Polisher,Polisher,0.002117106435071485
6887,0.0020556815537401867,HOG8-ML04-H2-GPS-Sniper-Specialist-Polisher,Polisher,0.001675393367940849
6894,0.0020540231442322233,HOG8-ML04-H1-GPS-Sniper-Specialist-Refiner,Refiner,0.08067443641482586
6900,0.002050782696628681,HOG8-ML04-H2-GPS-Sniper-Specialist-Refiner,Refiner,0.15776100734996493
6902,0.0020482561745258465,HOG8-ML04-H1-GPS-Sniper-Specialist-Refiner,Refiner,0.12319794325298221
6903,0.002047614414392842,HOG8-ML04-H1-GPS-Sniper-Specialist-Polisher,Polisher,0.03133202482120456
6908,0.0020465326287819304,HOG8-ML04-H2-GPS-Sniper-Specialist-Refiner,Refiner,0.052831509844229976
6917,0.0020461341533593363,HOG8-ML04-H1-GPS-Sniper-Specialist-Polisher,Polisher,0.019470758344626717
6932,0.0020399435099807536,HOG8-ML04-H2-GPS-Sniper-Specialist-Refiner,Refiner,0.3025531521683922
6949,0.0020396767674302086,HOG8-ML04-H2-GPS-Sniper-Specialist-Polisher,Polisher,0.013075977312112361
6960,0.002039578732858204,HOG8-ML04-H2-GPS-Sniper-Specialist-Polisher,Polisher,0.004806377832507569
6972,0.0020307929732510015,HOG8-ML04-H2-GPS-Sniper-Specialist-Refiner,Refiner,0.4307634447085272
6989,0.002030712599570649,HOG8-ML04-H2-GPS-Sniper-Specialist-Polisher,Polisher,0.00395774859433417
7003,0.0020283423702853677,HOG8-ML04-H2-GPS-Sniper-Specialist-Refiner,Refiner,0.11671909091331965
7013,0.0020247151532574374,HOG8-ML04-H2-GPS-Sniper-Specialist-Refiner,Refiner,0.17882666560971194
7029,0.0020214886545934577,HOG8-ML04-H2-GPS-Sniper-Specialist-Refiner,Refiner,0.1593556831334435
7059,0.0020179028606188273,HOG8-ML04-H1-GPS-Sniper-Specialist-Refiner,Refiner,0.17738382881755524
7079,0.0020164781591372276,HOG8-ML04-H1-GPS-Sniper-Specialist-Refiner,Refiner,0.07060307556939399
7088,0.0020097013538785645,HOG8-ML04-H2-GPS-Sniper-Specialist-Refiner,Refiner,0.3360713443860295
7096,0.0020050219988599384,HOG8-ML04-H2-GPS-Sniper-Specialist-Refiner,Refiner,0.2328383274258791
7109,0.002004850927642434,HOG8-ML04-H2-GPS-Sniper-Specialist-Polisher,Polisher,0.008532136684863637
7118,0.0020017328557621946,HOG8-ML04-H2-GPS-Sniper-Specialist-Refiner,Refiner,0.15552637042725742
7133,0.0019927617025021216,HOG8-ML04-H2-GPS-Sniper-Specialist-Refiner,Refiner,0.4481693565776584
7165,0.001991253866523868,HOG8-ML04-H2-GPS-Sniper-Specialist-Refiner,Refiner,0.07566564413398616
7173,0.001989634372351477,HOG8-ML04-H2-GPS-Sniper-Specialist-Refiner,Refiner,0.08133037176309948
7184,0.001987669825559749,HOG8-ML04-H2-GPS-Sniper-Specialist-Refiner,Refiner,0.09873908588571911
7195,0.001987563014228585,HOG8-ML04-H2-GPS-Sniper-Specialist-Polisher,Polisher,0.005373695861897811
7203,0.0019816819366716494,HOG8-ML04-H2-GPS-Sniper-Specialist-Refiner,Refiner,0.29589389190852655
7217,0.0019776386690932577,HOG8-ML04-H2-GPS-Sniper-Specialist-Refiner,Refiner,0.20403211552620068
7223,0.0019724864773732133,HOG8-ML04-H2-GPS-Sniper-Specialist-Refiner,Refiner,0.2605223997974636
7228,0.001962868840570989,HOG8-ML04-H1-GPS-Sniper-Specialist-Refiner,Refiner,0.48758949237675525
7238,0.0019628018166762346,HOG8-ML04-H1-GPS-Sniper-Specialist-Polisher,Polisher,0.0034145885537125277
7248,0.0019576920435583726,HOG8-ML04-H2-GPS-Sniper-Specialist-Refiner,Refiner,0.2603305679895238
7253,0.0019492811542652718,HOG8-ML04-H1-GPS-Sniper-Specialist-Refiner,Refiner,0.4296329098734524
7292,0.0019461141926919792,HOG8-ML04-H1-GPS-Sniper-Specialist-Refiner,Refiner,0.16246817789023552
7304,0.00194273149752675,HOG8-ML04-H1-GPS-Sniper-Specialist-Refiner,Refiner,0.1738179176706061
7318,0.0019330991345947435,HOG8-ML04-H1-GPS-Sniper-Specialist-Refiner,Refiner,0.4958154507850993
7333,0.001931176643350312,HOG8-ML04-H1-GPS-Sniper-Specialist-Refiner,Refiner,0.09945124955190526
7343,0.0019287364876844452,HOG8-ML04-H1-GPS-Sniper-Specialist-Refiner,Refiner,0.12635590194553198
7356,0.0019244247736477308,HOG8-ML04-H1-GPS-Sniper-Specialist-Refiner,Refiner,0.22355122455794207
7363,0.0019215554929478764,HOG8-ML04-H1-GPS-Sniper-Specialist-Refiner,Refiner,0.14909809617632824
7379,0.0019214901394405117,HOG8-ML04-H1-GPS-Sniper-Specialist-Polisher,Polisher,0.003401073120425227
7389,0.0019198355028434628,HOG8-ML04-H1-GPS-Sniper-Specialist-Refiner,Refiner,0.08611215655422286
7399,0.0019197370535129687,HOG8-ML04-H1-GPS-Sniper-Specialist-Polisher,Polisher,0.005128008641795006
7409,0.0019185064980659053,HOG8-ML04-H1-GPS-Sniper-Specialist-Refiner,Refiner,0.06410020814108847
7419,0.0019114378334601876,HOG8-ML04-H1-GPS-Sniper-Specialist-Refiner,Refiner,0.36844621651497295
7429,0.0019089196163967824,HOG8-ML04-H1-GPS-Sniper-Specialist-Refiner,Refiner,0.1317446489403519
7440,0.0019074685399397854,HOG8-ML04-H1-GPS-Sniper-Specialist-Refiner,Refiner,0.07601558727422794
7451,0.0019042720555832217,HOG8-ML04-H1-GPS-Sniper-Specialist-Refiner,Refiner,0.16757730414073696
7462,0.0018993364077870792,HOG8-ML04-H1-GPS-Sniper-Specialist-Refiner,Refiner,0.25918816493007824
7492,0.001896980785644278,HOG8-ML04-H1-GPS-Sniper-Specialist-Refiner,Refiner,0.1240234290851974
7509,0.0018956335745596885,HOG8-ML04-H1-GPS-Sniper-Specialist-Refiner,Refiner,0.07101869954534025
7522,0.001894116448304661,HOG8-ML04-H1-GPS-Sniper-Specialist-Refiner,Refiner,0.080032674847512
7533,0.0018926255239259874,HOG8-ML04-H1-GPS-Sniper-Specialist-Refiner,Refiner,0.07871344869044
7545,0.0018920888518223471,HOG8-ML04-H1-GPS-Sniper-Specialist-Polisher,Polisher,0.028355958263050988
7558,0.0018871900234663985,HOG8-ML04-H2-GPS-Sniper-Specialist-Refiner,Refiner,0.25891111568203506
7584,0.0018866519292691354,HOG8-ML04-H2-GPS-Sniper-Specialist-Polisher,Polisher,0.028512984414505036
7603,0.0018861122743859368,HOG8-ML04-H1-GPS-Sniper-Specialist-Polisher,Polisher,0.02860383915159405
7635,0.0018825032457867995,HOG8-ML04-H2-GPS-Sniper-Specialist-Refiner,Refiner,0.1913474954884263
7648,0.0018809137670161365,HOG8-ML04-H2-GPS-Sniper-Specialist-Refiner,Refiner,0.08443431766826696
7659,0.0018734965860612313,HOG8-ML04-H2-GPS-Sniper-Specialist-Refiner,Refiner,0.3943392347365131
7683,0.0018705789237965721,HOG8-ML04-H2-GPS-Sniper-Specialist-Refiner,Refiner,0.15573352448926414
7712,0.001866456417545316,HOG8-ML04-H2-GPS-Sniper-Specialist-Refiner,Refiner,0.22038665136293237
7723,0.0018624722758887003,HOG8-ML04-H2-GPS-Sniper-Specialist-Refiner,Refiner,0.21346020293661755
7742,0.001858427119115675,HOG8-ML04-H2-GPS-Sniper-Specialist-Refiner,Refiner,0.21719285840618419
7762,0.0018477132753262052,HOG8-ML04-H2-GPS-Sniper-Specialist-Exploiter,Exploiter,0.5765006159922991
7779,0.0018457487412401547,HOG8-ML04-H2-GPS-Sniper-Specialist-Refiner,Refiner,0.1063224533960035
7798,0.0018439663059203562,HOG8-ML04-H2-GPS-Sniper-Specialist-Refiner,Refiner,0.09656977030367139
7809,0.0018411425916361873,HOG8-ML04-H2-GPS-Sniper-Specialist-Refiner,Refiner,0.15313263995675042
7852,0.0018407828367121926,HOG8-ML04-H2-GPS-Sniper-Specialist-Polisher,Polisher,0.019539764363119952
7859,0.0018375596592822285,HOG8-ML04-H2-GPS-Sniper-Specialist-Refiner,Refiner,0.17509819005706054
7868,0.0018350773514844586,HOG8-ML04-H2-GPS-Sniper-Specialist-Refiner,Refiner,0.13508719486906762
7875,0.0018274389538715076,HOG8-ML04-H1-GPS-Sniper-Specialist-Refiner,Refiner,0.4162439042022929
7889,0.001824720993545248,HOG8-ML04-H1-GPS-Sniper-Specialist-Refiner,Refiner,0.1487305674699306
7935,0.0018194402147625438,HOG8-ML04-H1-GPS-Sniper-Specialist-Refiner,Refiner,0.2894019853656745
7948,0.0018164600405146867,HOG8-ML04-H1-GPS-Sniper-Specialist-Refiner,Refiner,0.16379621730225724
7960,0.00181644215514392,HOG8-ML04-H1-GPS-Sniper-Specialist-Polisher,Polisher,0.0009846278127644994
7969,0.0018115110957323001,HOG8-ML04-H1-GPS-Sniper-Specialist-Refiner,Refiner,0.2714680122158442
7981,0.001810969776396654,HOG8-ML04-H1-GPS-Sniper-Specialist-Polisher,Polisher,0.029882198178166626
8002,0.0018077731039189947,HOG8-ML04-H1-GPS-Sniper-Specialist-Refiner,Refiner,0.17651716330792763
8011,0.0018039423705753922,HOG8-ML04-H1-GPS-Sniper-Specialist-Refiner,Refiner,0.21190343717903326
8057,0.0017913812814460313,HOG8-ML04-H1-GPS-Sniper-Specialist-Exploiter,Exploiter,0.6963132156685463
8073,0.0017909950088447258,HOG8-ML04-H1-GPS-Sniper-Specialist-Polisher,Polisher,0.02156283563450333
8076,0.0017901188824957289,HOG8-ML01-H1-GPS-GradientEstimation-Escape-Specialist-Polisher,Polisher,0.048918413768337464
8083,0.0017833114964689823,HOG8-ML04-H1-GPS-Sniper-Specialist-Refiner,Refiner,0.3802756394176399
8104,0.0017823049963025357,HOG8-ML04-H1-GPS-Sniper-Specialist-Refiner,Refiner,0.056439952775473395
8122,0.0017784295395638946,HOG8-ML04-H1-GPS-Sniper-Specialist-Refiner,Refiner,0.2174407156284033
8139,0.0017736140288917264,HOG8-ML04-H1-GPS-Sniper-Specialist-Refiner,Refiner,0.2707732055186772
8143,0.001773614026592378,HOG8-ML04-H1-GPS-Sniper-Specialist-Polisher,Polisher,1.2964198473942296E-07
8154,0.001769233537100864,HOG8-ML04-H1-GPS-Sniper-Specialist-Refiner,Refiner,0.24698099055577116
8154,0.0017692304751584721,HOG8-ML04-H1-GPS-Sniper-Specialist-Polisher,Polisher,0.0001730660383550666
8172,0.0017665250993088829,HOG8-ML04-H1-GPS-Sniper-Specialist-Refiner,Refiner,0.1529125734365929
8188,0.0017654369244925218,HOG8-ML04-H1-GPS-Sniper-Specialist-Refiner,Refiner,0.06159973706497386
8199,0.0017653900979208075,HOG8-ML04-H1-GPS-Sniper-Specialist-Polisher,Polisher,0.002652406951770315
8208,0.0017650213345571705,HOG8-ML04-H1-GPS-Sniper-Specialist-Polisher,Polisher,0.020888491675087016
8232,0.001762423379823949,HOG8-ML04-H1-GPS-Sniper-Specialist-Refiner,Refiner,0.14719112354941247
8253,0.0017577752335985342,HOG8-ML04-H1-GPS-Sniper-Specialist-Refiner,Refiner,0.26373607378489317
8303,0.0017486372240981254,HOG8-ML04-H2-GPS-Sniper-Specialist-Exploiter,Exploiter,0.5198622284432465
8330,0.0017479764346497472,HOG8-ML04-H2-GPS-Sniper-Specialist-Polisher,Polisher,0.03778882430682488
8340,0.0017473400578750177,HOG8-ML04-H2-GPS-Sniper-Specialist-Polisher,Polisher,0.03640648478519251
8352,0.001738072802143026,HOG8-ML04-H1-GPS-Sniper-Specialist-Exploiter,Exploiter,0.5303636055400568
8371,0.001737537842655436,HOG8-ML04-H1-GPS-Sniper-Specialist-Polisher,Polisher,0.03077888837167383
8403,0.001735591653555516,HOG8-ML04-H1-GPS-Sniper-Specialist-Refiner,Refiner,0.11200844391082271
8421,0.0017350976603490588,HOG8-ML04-H1-GPS-Sniper-Specialist-Polisher,Polisher,0.02846252489433545
8452,0.0017293277073806394,HOG8-ML04-H1-GPS-Sniper-Specialist-Refiner,Refiner,0.3325434124127948
8473,0.0017287924473060043,HOG8-ML04-H1-GPS-Sniper-Specialist-Polisher,Polisher,0.030951916883690173
8483,0.0017280675937737051,HOG8-ML04-H1-GPS-Sniper-Specialist-Polisher,Polisher,0.04192831438087106
8491,0.0017277760564957184,HOG8-ML04-H1-GPS-Sniper-Specialist-Polisher,Polisher,0.016870710326216263
8499,0.001717205605067695,HOG8-ML04-H1-GPS-Sniper-Specialist-Exploiter,Exploiter,0.6117952259080587
8509,0.0017172055878968333,HOG8-ML04-H1-GPS-Sniper-Specialist-Polisher,Polisher,9.999304502037903E-07
8523,0.0017117297635512508,HOG8-ML04-H1-GPS-Sniper-Specialist-Refiner,Refiner,0.3188799514849618
8547,0.0017102998024759114,HOG8-ML04-H1-GPS-Sniper-Specialist-Refiner,Refiner,0.08353895023550328
8591,0.001708163409631603,HOG8-ML04-H1-GPS-Sniper-Specialist-Refiner,Refiner,0.12491335385853364
8602,0.0017079061357499876,HOG8-ML04-H1-GPS-Sniper-Specialist-Polisher,Polisher,0.015061432657126431
8609,0.0017050741940096337,HOG8-ML04-H1-GPS-Sniper-Specialist-Refiner,Refiner,0.16581366394063088
8621,0.0017020284767994183,HOG8-ML04-H1-GPS-Sniper-Specialist-Refiner,Refiner,0.17862666744448924
8632,0.0017002616073258686,HOG8-ML04-H1-GPS-Sniper-Specialist-Refiner,Refiner,0.10380963054579115
8653,0.00169381990674475,HOG8-ML04-H1-GPS-Sniper-Specialist-Refiner,Refiner,0.3788652612846976
8692,0.0016934301416514838,HOG8-ML04-H1-GPS-Sniper-Specialist-Polisher,Polisher,0.023011011484409424
8713,0.001692013471745387,HOG8-ML04-H1-GPS-Sniper-Specialist-Refiner,Refiner,0.08365682594472658
8732,0.0016904880071999034,HOG8-ML04-H1-GPS-Sniper-Specialist-Refiner,Refiner,0.09015676121715079
8752,0.0016884763108768017,HOG8-ML04-H1-GPS-Sniper-Specialist-Refiner,Refiner,0.11900092248710262
8804,0.0016870460678633408,HOG8-ML04-H1-GPS-Sniper-Specialist-Refiner,Refiner,0.08470613441524544
8818,0.001683862289974545,HOG8-ML04-H1-GPS-Sniper-Specialist-Refiner,Refiner,0.18871908416988958
8827,0.0016791306537963023,HOG8-ML04-H1-GPS-Sniper-Specialist-Refiner,Refiner,0.28099899893323316
8848,0.0016788377047952676,HOG8-ML04-H1-GPS-Sniper-Specialist-Polisher,Polisher,0.01744646852657833
8858,0.0016746980625152717,HOG8-ML04-H1-GPS-Sniper-Specialist-Refiner,Refiner,0.24657787159365308
8897,0.0016744143742775499,HOG8-ML04-H1-GPS-Sniper-Specialist-Polisher,Polisher,0.01693966477131624
8919,0.0016726098436295736,HOG8-ML04-H1-GPS-Sniper-Specialist-Refiner,Refiner,0.10777085264541443
8929,0.0016713149775457756,HOG8-ML04-H1-GPS-Sniper-Specialist-Refiner,Refiner,0.07741590716625935
8938,0.0016682520053496284,HOG8-ML04-H2-GPS-Sniper-Specialist-Refiner,Refiner,0.18326720201149732
8947,0.0016664576317830053,HOG8-ML04-H2-GPS-Sniper-Specialist-Refiner,Refiner,0.10756010248265488
8962,0.001665370223713909,HOG8-ML04-H1-GPS-Sniper-Specialist-Refiner,Refiner,0.0652526681961271
8971,0.0016641739257576508,HOG8-ML04-H2-GPS-Sniper-Specialist-Refiner,Refiner,0.07183375439428215
8973,0.0016506037234164392,HOG8-ML04-H1-GPS-Sniper-Specialist-Exploiter,Exploiter,0.8154317365015465
9021,0.0016503669550622835,HOG8-ML04-H1-GPS-Sniper-Specialist-Polisher,Polisher,0.014344348725062517
9052,0.0016499364289270088,HOG8-ML04-H1-GPS-Sniper-Specialist-Polisher,Polisher,0.026086691444841208
9064,0.0016495529857907354,HOG8-ML04-H1-GPS-Sniper-Specialist-Polisher,Polisher,0.02323987334001497
9073,0.0016457542459101162,HOG8-ML04-H1-GPS-Sniper-Specialist-Refiner,Refiner,0.23028904881149992
9122,0.001644654555283493,HOG8-ML04-H1-GPS-Sniper-Specialist-Refiner,Refiner,0.06681985657069298
9143,0.0016430982270455665,HOG8-ML04-H1-GPS-Sniper-Specialist-Refiner,Refiner,0.09462949121605364
9158,0.0016411393055863872,HOG8-ML04-H1-GPS-Sniper-Specialist-Refiner,Refiner,0.11922120217375608
9165,0.0016406949830328572,HOG8-ML04-H1-GPS-Sniper-Specialist-Polisher,Polisher,0.02707403034084215
9178,0.0016364304634949212,HOG8-ML04-H1-GPS-Sniper-Specialist-Refiner,Refiner,0.25992153215785285
9187,0.0016358848678614053,HOG8-ML04-H1-GPS-Sniper-Specialist-Polisher,Polisher,0.03334059379159964
9201,0.0016351654061630974,HOG8-ML04-H1-GPS-Sniper-Specialist-Polisher,Polisher,0.043979971478588675
9221,0.001634752595834596,HOG8-ML04-H1-GPS-Sniper-Specialist-Polisher,Polisher,0.025245784123453664
9238,0.0016290912038401674,HOG8-ML04-H1-GPS-Sniper-Specialist-Refiner,Refiner,0.34631491082222404
9268,0.0016270372539143936,HOG8-ML04-H1-GPS-Sniper-Specialist-Refiner,Refiner,0.1260794927215944
9279,0.0016238988882486564,HOG8-ML04-H1-GPS-Sniper-Specialist-Refiner,Refiner,0.19288837168213768
9289,0.0016161244412772023,HOG8-ML04-H1-GPS-Sniper-Specialist-Refiner,Refiner,0.47875191169314035
9302,0.0016152721113857442,HOG8-ML04-H1-GPS-Sniper-Specialist-Refiner,Refiner,0.05273912513720189
9325,0.0016104885699892066,HOG8-ML04-H1-GPS-Sniper-Specialist-Refiner,Refiner,0.29614461630454186
9404,0.0016060965978621597,HOG8-ML04-H1-GPS-Sniper-Specialist-Refiner,Refiner,0.2727105431786044
9422,0.0016060957051433722,HOG8-ML04-H1-GPS-Sniper-Specialist-Polisher,Polisher,5.558313172153347E-05
9441,0.0016023522485931639,HOG8-ML04-H1-GPS-Sniper-Specialist-Refiner,Refiner,0.23307804997051046
9520,0.0016012828887221554,HOG8-ML04-H1-GPS-Sniper-Specialist-Refiner,Refiner,0.06673687835788492
9539,0.0015971519861301446,HOG8-ML04-H1-GPS-Sniper-Specialist-Refiner,Refiner,0.2579745665868813
9553,0.0015814129837945375,HOG8-ML04-H1-GPS-Sniper-Specialist-Exploiter,Exploiter,0.9854417408165527
9571,0.0015802808940449994,HOG8-ML04-H1-GPS-Sniper-Specialist-Refiner,Refiner,0.07158722997339599
9597,0.0015802807709877397,HOG8-ML04-H1-GPS-Sniper-Specialist-Polisher,Polisher,7.78704976807674E-06
9607,0.001578557758928441,HOG8-ML04-H1-GPS-Sniper-Specialist-Refiner,Refiner,0.109032020823845
9622,0.0015740262600019957,HOG8-ML04-H1-GPS-Sniper-Specialist-Refiner,Refiner,0.28706576625498237
9633,0.0015719827265176874,HOG8-ML04-H1-GPS-Sniper-Specialist-Refiner,Refiner,0.1298284238476272
9652,0.0015701531340772796,HOG8-ML04-H1-GPS-Sniper-Specialist-Refiner,Refiner,0.11638756644996719
9672,0.0015699414969627676,HOG8-ML04-H1-GPS-Sniper-Specialist-Polisher,Polisher,0.01347875630209182
9683,0.001568813336249059,HOG8-ML04-H1-GPS-Sniper-Specialist-Refiner,Refiner,0.07186004802670377
9702,0.001568779226028163,HOG8-ML04-H1-GPS-Sniper-Specialist-Polisher,Polisher,0.0021742689272168277
9732,0.0015666740173816214,HOG8-ML04-H1-GPS-Sniper-Specialist-Refiner,Refiner,0.1341940670562993
9743,0.001566479592177795,HOG8-ML04-H1-GPS-Sniper-Specialist-Polisher,Polisher,0.012410061165839708
9749,0.0015645847467756148,HOG8-ML04-H1-GPS-Sniper-Specialist-Refiner,Refiner,0.12096202284677886
9762,0.0015611739148066936,HOG8-ML04-H1-GPS-Sniper-Specialist-Refiner,Refiner,0.2180023789667146
9772,0.0015598689032126172,HOG8-ML04-H1-GPS-Sniper-Specialist-Refiner,Refiner,0.08359168582688224
9787,0.001554213875949734,HOG8-ML04-H1-GPS-Sniper-Specialist-Refiner,Refiner,0.36253221352361054
9801,0.001554025585760599,HOG8-ML04-H1-GPS-Sniper-Specialist-Polisher,Polisher,0.01211481843320676
9814,0.0015512785465860099,HOG8-ML04-H1-GPS-Sniper-Specialist-Refiner,Refiner,0.17676923724808716
9824,0.0015507137501100739,HOG8-ML04-H1-GPS-Sniper-Specialist-Polisher,Polisher,0.036408450125153646
10000,0.0015507137501100739,Final,Final,0
