TimeMs,BestQuality,Source,Role,DeltaPct
5,1207796.3678533027,HOG8-ML00-H1-GPS-GradientEstimation-Escape-Specialist-Global Explorer,Global Explorer,100
5,825574.1156945939,HOG8-ML00-H2-GPS-GradientEstimation-Escape-Specialist-Local Explorer,Local Explorer,31.646249511253128
6,599716.2118202307,HOG8-ML03-H1-GPS-JADE-Specialist-Local Explorer,Local Explorer,27.357677473250046
15,261.19129876590586,HOG8-ML00-H1-GPS-GradientEstimation-Escape-Specialist-Global Explorer,Global Explorer,99.95644751740608
15,60.086097004818775,HOG8-ML06-H2-GPS-Spray-Specialist-Global Explorer,Global Explorer,76.99536803533748
22,29.119435242421684,HOG8-ML02-H1-GPS-GradientEstimation-Escape-Specialist-Global Explorer,Global Explorer,51.53714970022705
25,28.972630091306524,HOG8-ML01-H2-GPS-GradientEstimation-Escape-Specialist-Exploiter,Exploiter,0.5041483459174091
34,27.96932078715933,HOG8-ML00-H1-GPS-GradientEstimation-Escape-Specialist-Exploiter,Exploiter,3.4629555583503806
36,27.00573402742387,HOG8-ML01-H2-GPS-GradientEstimation-Escape-Specialist-Exploiter,Exploiter,3.4451560946658413
36,26.644449433251133,HOG8-ML02-H1-GPS-GradientEstimation-Escape-Specialist-Exploiter,Exploiter,1.3378069776065287
45,26.42385056980938,HOG8-ML00-H1-GPS-GradientEstimation-Escape-Specialist-Exploiter,Exploiter,0.827935529290588
45,25.719413676859016,HOG8-ML02-H1-GPS-GradientEstimation-Escape-Specialist-Exploiter,Exploiter,2.665913096538705
56,25.051412834091845,HOG8-ML01-H2-GPS-GradientEstimation-Escape-Specialist-Exploiter,Exploiter,2.5972631070054413
56,24.958517891665664,HOG8-ML02-H1-GPS-GradientEstimation-Escape-Specialist-Refiner,Refiner,0.3708171792201775
66,24.572720892932782,HOG8-ML01-H2-GPS-GradientEstimation-Escape-Specialist-Exploiter,Exploiter,1.5457528383995527
66,24.36381279822658,HOG8-ML02-H1-GPS-GradientEstimation-Escape-Specialist-Exploiter,Exploiter,0.8501626483141548
70,24.29305152653485,HOG8-ML02-H2-GPS-GradientEstimation-Escape-Specialist-Refiner,Refiner,0.29043595219579216
76,24.181777724295102,HOG8-ML01-H2-GPS-GradientEstimation-Escape-Specialist-Refiner,Refiner,0.4580478583277401
76,24.169057548366915,HOG8-ML02-H1-GPS-GradientEstimation-Escape-Specialist-Refiner,Refiner,0.05260231928857583
85,24.021965502980482,HOG8-ML00-H1-GPS-GradientEstimation-Escape-Specialist-Exploiter,Exploiter,0.6085965292278099
85,24.007323100145975,HOG8-ML02-H2-GPS-GradientEstimation-Escape-Specialist-Refiner,Refiner,0.06095422471858358
90,23.911232099569546,HOG8-ML02-H1-GPS-GradientEstimation-Escape-Specialist-Refiner,Refiner,0.40025703896926673
95,23.78884571100725,HOG8-ML00-H1-GPS-GradientEstimation-Escape-Specialist-Exploiter,Exploiter,0.5118363957685694
96,23.78778253534946,HOG8-ML02-H2-GPS-GradientEstimation-Escape-Specialist-Polisher,Polisher,0.004469219190819568
101,23.66449542400967,HOG8-ML01-H2-GPS-GradientEstimation-Escape-Specialist-Exploiter,Exploiter,0.518279125667065
101,23.54801274330942,HOG8-ML02-H2-GPS-GradientEstimation-Escape-Specialist-Refiner,Refiner,0.4922254990574022
105,23.51325864039089,HOG8-ML00-H1-GPS-GradientEstimation-Escape-Specialist-Refiner,Refiner,0.1475882627437621
110,23.43590891588863,HOG8-ML01-H2-GPS-GradientEstimation-Escape-Specialist-Refiner,Refiner,0.3289621642207931
116,23.292132806265545,HOG8-ML00-H1-GPS-GradientEstimation-Escape-Specialist-Exploiter,Exploiter,0.6134863816850235
116,23.29033027750306,HOG8-ML02-H2-GPS-GradientEstimation-Escape-Specialist-Polisher,Polisher,0.00773878793100905
120,23.212637401189983,HOG8-ML01-H2-GPS-GradientEstimation-Escape-Specialist-Refiner,Refiner,0.3335842617402573
124,23.06722385494105,HOG8-ML00-H1-GPS-GradientEstimation-Escape-Specialist-Exploiter,Exploiter,0.6264412946091051
127,23.06185822685443,HOG8-ML02-H2-GPS-GradientEstimation-Escape-Specialist-Polisher,Polisher,0.02326083156067686
130,22.990576334758448,HOG8-ML01-H2-GPS-GradientEstimation-Escape-Specialist-Refiner,Refiner,0.3090899761623612
135,22.801192399329864,HOG8-ML02-H2-GPS-GradientEstimation-Escape-Specialist-Exploiter,Exploiter,0.8237459238560387
145,22.799236557999286,HOG8-ML01-H2-GPS-GradientEstimation-Escape-Specialist-Polisher,Polisher,0.008577802846112733
145,22.59379920341207,HOG8-ML02-H2-GPS-GradientEstimation-Escape-Specialist-Exploiter,Exploiter,0.9010712006281582
155,22.576396401988198,HOG8-ML01-H2-GPS-GradientEstimation-Escape-Specialist-Refiner,Refiner,0.07702467950251563
162,22.514479466453658,HOG8-ML02-H2-GPS-GradientEstimation-Escape-Specialist-Refiner,Refiner,0.27425517532588967
165,22.486696598690035,HOG8-ML01-H2-GPS-GradientEstimation-Escape-Specialist-Refiner,Refiner,0.1234000004531267
171,22.378788859018233,HOG8-ML02-H2-GPS-GradientEstimation-Escape-Specialist-Refiner,Refiner,0.4798736853063966
176,22.27538643520899,HOG8-ML01-H2-GPS-GradientEstimation-Escape-Specialist-Refiner,Refiner,0.46205549576725
180,22.257938376506615,HOG8-ML02-H2-GPS-GradientEstimation-Escape-Specialist-Refiner,Refiner,0.07832887098558083
187,22.122644004724936,HOG8-ML01-H2-GPS-GradientEstimation-Escape-Specialist-Exploiter,Exploiter,0.607847723778781
191,22.06187599787062,HOG8-ML02-H2-GPS-GradientEstimation-Escape-Specialist-Refiner,Refiner,0.274686908315926
199,22.022408962791285,HOG8-ML00-H1-GPS-GradientEstimation-Escape-Specialist-Refiner,Refiner,0.1788924708086595
201,21.910584347876913,HOG8-ML01-H2-GPS-GradientEstimation-Escape-Specialist-Exploiter,Exploiter,0.5077764885000062
201,21.85020882641515,HOG8-ML02-H2-GPS-GradientEstimation-Escape-Specialist-Refiner,Refiner,0.27555413631682374
209,21.70430189188639,HOG8-ML01-H2-GPS-GradientEstimation-Escape-Specialist-Exploiter,Exploiter,0.667759908785725
210,21.644286119490303,HOG8-ML02-H2-GPS-GradientEstimation-Escape-Specialist-Refiner,Refiner,0.27651556219149226
220,21.50901946268289,HOG8-ML01-H2-GPS-GradientEstimation-Escape-Specialist-Exploiter,Exploiter,0.6249531911593433
225,21.44934572771447,HOG8-ML02-H2-GPS-GradientEstimation-Escape-Specialist-Refiner,Refiner,0.27743586857574554
235,21.357478310294695,HOG8-ML01-H2-GPS-GradientEstimation-Escape-Specialist-Refiner,Refiner,0.42829939237294823
235,21.33944288253922,HOG8-ML02-H2-GPS-GradientEstimation-Escape-Specialist-Refiner,Refiner,0.08444549255040767
245,21.25842013222894,HOG8-ML00-H1-GPS-GradientEstimation-Escape-Specialist-Refiner,Refiner,0.37968540582929067
245,21.127110234689603,HOG8-ML01-H2-GPS-GradientEstimation-Escape-Specialist-Exploiter,Exploiter,0.6176841774815884
245,21.11407315614643,HOG8-ML02-H2-GPS-GradientEstimation-Escape-Specialist-Refiner,Refiner,0.06170781710490712
256,20.883772467775767,HOG8-ML01-H2-GPS-GradientEstimation-Escape-Specialist-Exploiter,Exploiter,1.0907449579600403
256,20.868461663530123,HOG8-ML02-H2-GPS-GradientEstimation-Escape-Specialist-Refiner,Refiner,0.07331436056042454
265,20.66957163504116,HOG8-ML02-H2-GPS-GradientEstimation-Escape-Specialist-Exploiter,Exploiter,0.9530651166134887
275,20.485698300794528,HOG8-ML02-H2-GPS-GradientEstimation-Escape-Specialist-Exploiter,Exploiter,0.8895846391654763
280,20.46023638535964,HOG8-ML01-H2-GPS-GradientEstimation-Escape-Specialist-Refiner,Refiner,0.12429117651264643
286,20.289043812873498,HOG8-ML02-H2-GPS-GradientEstimation-Escape-Specialist-Exploiter,Exploiter,0.8367086736526601
290,20.278303563096255,HOG8-ML01-H2-GPS-GradientEstimation-Escape-Specialist-Refiner,Refiner,0.05293620476302534
300,20.085103520346234,HOG8-ML01-H2-GPS-GradientEstimation-Escape-Specialist-Exploiter,Exploiter,0.952742630313608
310,19.903916909645428,HOG8-ML01-H2-GPS-GradientEstimation-Escape-Specialist-Exploiter,Exploiter,0.9020944826959121
321,19.688353091820737,HOG8-ML02-H2-GPS-GradientEstimation-Escape-Specialist-Exploiter,Exploiter,1.0830220946120857
321,19.67489389157525,HOG8-ML01-H2-GPS-GradientEstimation-Escape-Specialist-Refiner,Refiner,0.06836122951838053
336,19.449028952383756,HOG8-ML01-H2-GPS-GradientEstimation-Escape-Specialist-Exploiter,Exploiter,1.147985551719835
346,19.232742626646985,HOG8-ML01-H2-GPS-GradientEstimation-Escape-Specialist-Exploiter,Exploiter,1.1120674778483588
357,19.039068650180024,HOG8-ML01-H2-GPS-GradientEstimation-Escape-Specialist-Exploiter,Exploiter,1.0070013425886828
365,18.866726780573316,HOG8-ML01-H2-GPS-GradientEstimation-Escape-Specialist-Exploiter,Exploiter,0.9052011564918553
375,18.68686302701257,HOG8-ML02-H2-GPS-GradientEstimation-Escape-Specialist-Exploiter,Exploiter,0.9533384123946052
380,18.668799157119125,HOG8-ML01-H2-GPS-GradientEstimation-Escape-Specialist-Refiner,Refiner,0.09666614384305099
385,18.470108376200248,HOG8-ML02-H2-GPS-GradientEstimation-Escape-Specialist-Exploiter,Exploiter,1.0642933123157456
389,18.45198476173214,HOG8-ML01-H2-GPS-GradientEstimation-Escape-Specialist-Refiner,Refiner,0.09812402883060026
400,18.223765724332694,HOG8-ML01-H2-GPS-GradientEstimation-Escape-Specialist-Exploiter,Exploiter,1.236826500489829
410,18.008339937743415,HOG8-ML01-H2-GPS-GradientEstimation-Escape-Specialist-Exploiter,Exploiter,1.1821145522170453
420,17.854961075298373,HOG8-ML02-H2-GPS-GradientEstimation-Escape-Specialist-Exploiter,Exploiter,0.8517101685957023
426,17.828000237685476,HOG8-ML01-H2-GPS-GradientEstimation-Escape-Specialist-Refiner,Refiner,0.15099913967438652
435,17.649795690889114,HOG8-ML01-H2-GPS-GradientEstimation-Escape-Specialist-Exploiter,Exploiter,0.9995767580239692
446,17.427841445832946,HOG8-ML01-H2-GPS-GradientEstimation-Escape-Specialist-Exploiter,Exploiter,1.2575456902922741
459,17.317134453775132,HOG8-ML00-H1-GPS-GradientEstimation-Escape-Specialist-Exploiter,Exploiter,0.6352306589539493
461,17.216510219304297,HOG8-ML01-H2-GPS-GradientEstimation-Escape-Specialist-Exploiter,Exploiter,0.5810674666725787
470,17.1324378381048,HOG8-ML00-H1-GPS-GradientEstimation-Escape-Specialist-Refiner,Refiner,0.4883241732998254
470,17.032253706614043,HOG8-ML01-H2-GPS-GradientEstimation-Escape-Specialist-Exploiter,Exploiter,0.5847628483316826
479,16.958470762264106,HOG8-ML00-H1-GPS-GradientEstimation-Escape-Specialist-Refiner,Refiner,0.43319542804417455
479,16.81552773858625,HOG8-ML01-H2-GPS-GradientEstimation-Escape-Specialist-Exploiter,Exploiter,0.8429004341354355
490,16.73670791001477,HOG8-ML00-H1-GPS-GradientEstimation-Escape-Specialist-Refiner,Refiner,0.4687324108812623
490,16.62067848859356,HOG8-ML02-H2-GPS-GradientEstimation-Escape-Specialist-Exploiter,Exploiter,0.6932631079244765
494,16.60819651068197,HOG8-ML01-H2-GPS-GradientEstimation-Escape-Specialist-Refiner,Refiner,0.07509908768257315
500,16.435323219373167,HOG8-ML02-H2-GPS-GradientEstimation-Escape-Specialist-Exploiter,Exploiter,1.040891412849168
505,16.382603242455268,HOG8-ML01-H2-GPS-GradientEstimation-Escape-Specialist-Refiner,Refiner,0.3207723767534759
515,16.375987777875192,HOG8-ML00-H1-GPS-GradientEstimation-Escape-Specialist-Polisher,Polisher,0.040381033967372804
525,16.23354560278419,HOG8-ML00-H1-GPS-GradientEstimation-Escape-Specialist-Exploiter,Exploiter,0.8698234086584313
525,16.151771747084553,HOG8-ML02-H2-GPS-GradientEstimation-Escape-Specialist-Exploiter,Exploiter,0.5037337972895617
535,15.916761033094428,HOG8-ML01-H2-GPS-GradientEstimation-Escape-Specialist-Exploiter,Exploiter,1.45501507617915
545,15.717432861599569,HOG8-ML02-H2-GPS-GradientEstimation-Escape-Specialist-Exploiter,Exploiter,1.2523161658355733
545,15.714255590984344,HOG8-ML01-H2-GPS-GradientEstimation-Escape-Specialist-Polisher,Polisher,0.020214946315997642
559,15.588269828290159,HOG8-ML00-H1-GPS-GradientEstimation-Escape-Specialist-Exploiter,Exploiter,0.8017291176456763
562,15.494067312245416,HOG8-ML01-H2-GPS-GradientEstimation-Escape-Specialist-Exploiter,Exploiter,0.6043166886537981
570,15.419461975013892,HOG8-ML00-H1-GPS-GradientEstimation-Escape-Specialist-Refiner,Refiner,0.48150905587302906
570,15.28330328588045,HOG8-ML01-H2-GPS-GradientEstimation-Escape-Specialist-Exploiter,Exploiter,0.8830313882162494
580,15.102047690371801,HOG8-ML01-H2-GPS-GradientEstimation-Escape-Specialist-Exploiter,Exploiter,1.1859713317087845
590,14.929519040422228,HOG8-ML01-H2-GPS-GradientEstimation-Escape-Specialist-Exploiter,Exploiter,1.1424189188567284
604,14.846087732510576,HOG8-ML00-H1-GPS-GradientEstimation-Escape-Specialist-Exploiter,Exploiter,0.5588345323500327
605,14.708833584335558,HOG8-ML01-H2-GPS-GradientEstimation-Escape-Specialist-Exploiter,Exploiter,0.9245139234523907
615,14.635821499969294,HOG8-ML00-H1-GPS-GradientEstimation-Escape-Specialist-Refiner,Refiner,0.4963825577849978
615,14.537822586172059,HOG8-ML01-H2-GPS-GradientEstimation-Escape-Specialist-Exploiter,Exploiter,0.6695825977205399
625,14.354769749322855,HOG8-ML01-H2-GPS-GradientEstimation-Escape-Specialist-Exploiter,Exploiter,1.2591489252545813
636,14.180166736319368,HOG8-ML01-H2-GPS-GradientEstimation-Escape-Specialist-Exploiter,Exploiter,1.2163414394837218
641,14.030253989052852,HOG8-ML02-H2-GPS-GradientEstimation-Escape-Specialist-Exploiter,Exploiter,1.0572001729891327
645,13.96537603258566,HOG8-ML01-H2-GPS-GradientEstimation-Escape-Specialist-Refiner,Refiner,0.4624146969670959
655,13.75699825852848,HOG8-ML01-H2-GPS-GradientEstimation-Escape-Specialist-Exploiter,Exploiter,1.4921028518742936
666,13.666888887396452,HOG8-ML02-H2-GPS-GradientEstimation-Escape-Specialist-Exploiter,Exploiter,0.6550075055520636
666,13.575431809663534,HOG8-ML01-H2-GPS-GradientEstimation-Escape-Specialist-Exploiter,Exploiter,0.6691872487326538
675,13.402656483646158,HOG8-ML01-H2-GPS-GradientEstimation-Escape-Specialist-Exploiter,Exploiter,1.2727059325979446
685,13.275505407120937,HOG8-ML02-H2-GPS-GradientEstimation-Escape-Specialist-Exploiter,Exploiter,0.9487005555978419
689,13.186158334724006,HOG8-ML01-H2-GPS-GradientEstimation-Escape-Specialist-Exploiter,Exploiter,0.6730220029815641
696,13.063431494740263,HOG8-ML02-H2-GPS-GradientEstimation-Escape-Specialist-Exploiter,Exploiter,0.9307247559780789
700,12.978180187584588,HOG8-ML01-H2-GPS-GradientEstimation-Escape-Specialist-Exploiter,Exploiter,0.6525950489348792
705,12.899742821023432,HOG8-ML02-H2-GPS-GradientEstimation-Escape-Specialist-Exploiter,Exploiter,0.6043787759719337
710,12.79666534285305,HOG8-ML01-H2-GPS-GradientEstimation-Escape-Specialist-Exploiter,Exploiter,0.7990661488412866
720,12.629309609121819,HOG8-ML01-H2-GPS-GradientEstimation-Escape-Specialist-Exploiter,Exploiter,1.3078073798710332
730,12.478282890068865,HOG8-ML01-H2-GPS-GradientEstimation-Escape-Specialist-Exploiter,Exploiter,1.1958430328121128
740,12.423580671164645,HOG8-ML01-H2-GPS-GradientEstimation-Escape-Specialist-Refiner,Refiner,0.4383793778850449
745,12.360440773594163,HOG8-ML01-H1-GPS-GradientEstimation-Escape-Specialist-Exploiter,Exploiter,0.5082262452485248
755,12.220885637878279,HOG8-ML01-H1-GPS-GradientEstimation-Escape-Specialist-Exploiter,Exploiter,1.1290465952801505
760,12.18399339147512,HOG8-ML02-H2-GPS-GradientEstimation-Escape-Specialist-Refiner,Refiner,0.301878664904716
770,12.08392259515328,HOG8-ML00-H1-GPS-GradientEstimation-Escape-Specialist-Exploiter,Exploiter,0.8213300279024826
770,12.074022125899509,HOG8-ML02-H2-GPS-GradientEstimation-Escape-Specialist-Refiner,Refiner,0.08193092247829212
779,11.898644434484856,HOG8-ML02-H2-GPS-GradientEstimation-Escape-Specialist-Exploiter,Exploiter,1.4525208715532911
790,11.815174200764984,HOG8-ML01-H2-GPS-GradientEstimation-Escape-Specialist-Exploiter,Exploiter,0.7015104466686741
790,11.798804327906,HOG8-ML02-H2-GPS-GradientEstimation-Escape-Specialist-Refiner,Refiner,0.13854956838405647
801,11.63605608617087,HOG8-ML01-H2-GPS-GradientEstimation-Escape-Specialist-Exploiter,Exploiter,1.3793621557923919
801,11.618866263138168,HOG8-ML02-H2-GPS-GradientEstimation-Escape-Specialist-Refiner,Refiner,0.14772894617731602
805,11.617528921278263,HOG8-ML01-H1-GPS-GradientEstimation-Escape-Specialist-Polisher,Polisher,0.011510089105234168
810,11.601318438198446,HOG8-ML00-H1-GPS-GradientEstimation-Escape-Specialist-Refiner,Refiner,0.13953469097999435
815,11.408429401351668,HOG8-ML01-H1-GPS-GradientEstimation-Escape-Specialist-Exploiter,Exploiter,1.6626475505721123
820,11.388674577500947,HOG8-ML00-H1-GPS-GradientEstimation-Escape-Specialist-Refiner,Refiner,0.173159890426119
825,11.184170844262706,HOG8-ML01-H1-GPS-GradientEstimation-Escape-Specialist-Exploiter,Exploiter,1.7956763260428115
829,11.174364547880053,HOG8-ML00-H1-GPS-GradientEstimation-Escape-Specialist-Refiner,Refiner,0.08768013757303532
836,11.010915689332041,HOG8-ML01-H1-GPS-GradientEstimation-Escape-Specialist-Exploiter,Exploiter,1.4627127819901025
845,10.967752027371219,HOG8-ML00-H1-GPS-GradientEstimation-Escape-Specialist-Refiner,Refiner,0.39200792357933717
845,10.880334851860406,HOG8-ML02-H2-GPS-GradientEstimation-Escape-Specialist-Exploiter,Exploiter,0.7970382197979514
851,10.80693461622643,HOG8-ML01-H1-GPS-GradientEstimation-Escape-Specialist-Exploiter,Exploiter,0.6746137562248394
854,10.706228478812585,HOG8-ML02-H2-GPS-GradientEstimation-Escape-Specialist-Exploiter,Exploiter,0.9318658897282114
860,10.61558457066594,HOG8-ML01-H1-GPS-GradientEstimation-Escape-Specialist-Exploiter,Exploiter,0.8466464948513701
864,10.579759908538566,HOG8-ML00-H1-GPS-GradientEstimation-Escape-Specialist-Refiner,Refiner,0.33747234444693297
869,10.403515431569499,HOG8-ML01-H1-GPS-GradientEstimation-Escape-Specialist-Exploiter,Exploiter,1.6658646178428536
881,10.232360791299694,HOG8-ML01-H1-GPS-GradientEstimation-Escape-Specialist-Exploiter,Exploiter,1.6451615936516562
889,10.195359338090352,HOG8-ML00-H1-GPS-GradientEstimation-Escape-Specialist-Refiner,Refiner,0.36161208507037274
890,10.096142137080491,HOG8-ML01-H2-GPS-GradientEstimation-Escape-Specialist-Exploiter,Exploiter,0.9731604126907075
895,10.021340277877083,HOG8-ML01-H1-GPS-GradientEstimation-Escape-Specialist-Exploiter,Exploiter,0.7408954647011178
899,9.984430621151466,HOG8-ML00-H1-GPS-GradientEstimation-Escape-Specialist-Refiner,Refiner,0.3683105822391698
899,9.967343057263927,HOG8-ML02-H2-GPS-GradientEstimation-Escape-Specialist-Refiner,Refiner,0.17114209648911116
900,9.933310193720686,HOG8-ML01-H2-GPS-GradientEstimation-Escape-Specialist-Refiner,Refiner,0.3414436861229342
906,9.825311669898145,HOG8-ML01-H1-GPS-GradientEstimation-Escape-Specialist-Exploiter,Exploiter,1.087235994007437
911,9.74407299432386,HOG8-ML01-H2-GPS-GradientEstimation-Escape-Specialist-Exploiter,Exploiter,0.8268305200248929
914,9.624133629891361,HOG8-ML01-H1-GPS-GradientEstimation-Escape-Specialist-Exploiter,Exploiter,1.2308955865002882
925,9.544512631627411,HOG8-ML01-H2-GPS-GradientEstimation-Escape-Specialist-Exploiter,Exploiter,0.8273056186237592
930,9.420914877919234,HOG8-ML01-H1-GPS-GradientEstimation-Escape-Specialist-Exploiter,Exploiter,1.294961392775721
933,9.412961089117031,HOG8-ML02-H2-GPS-GradientEstimation-Escape-Specialist-Refiner,Refiner,0.08442692567836355
936,9.358143427475042,HOG8-ML01-H2-GPS-GradientEstimation-Escape-Specialist-Exploiter,Exploiter,0.5823636273751045
938,9.229451659354883,HOG8-ML01-H1-GPS-GradientEstimation-Escape-Specialist-Exploiter,Exploiter,1.375184822903299
944,9.22206819421813,HOG8-ML01-H2-GPS-GradientEstimation-Escape-Specialist-Refiner,Refiner,0.07999895778498631
950,9.05238590287149,HOG8-ML01-H1-GPS-GradientEstimation-Escape-Specialist-Exploiter,Exploiter,1.8399591910741149
964,8.97055924965221,HOG8-ML00-H1-GPS-GradientEstimation-Escape-Specialist-Exploiter,Exploiter,0.9039236075135149
966,8.887810462609666,HOG8-ML01-H1-GPS-GradientEstimation-Escape-Specialist-Exploiter,Exploiter,0.9224484755033729
974,8.660537843140009,HOG8-ML01-H1-GPS-GradientEstimation-Escape-Specialist-Exploiter,Exploiter,2.5571272072663502
985,8.45331208670804,HOG8-ML01-H1-GPS-GradientEstimation-Escape-Specialist-Exploiter,Exploiter,2.3927585120606785
999,8.375024011597473,HOG8-ML00-H1-GPS-GradientEstimation-Escape-Specialist-Exploiter,Exploiter,0.9261230900686507
1000,8.247268932417624,HOG8-ML01-H1-GPS-GradientEstimation-Escape-Specialist-Exploiter,Exploiter,1.5254294077597592
1010,8.06074812314824,HOG8-ML01-H1-GPS-GradientEstimation-Escape-Specialist-Exploiter,Exploiter,2.2616069731426425
1026,7.785347427874737,HOG8-ML01-H1-GPS-GradientEstimation-Escape-Specialist-Exploiter,Exploiter,3.4165649523600474
1034,7.783005861832008,HOG8-ML01-H2-GPS-GradientEstimation-Escape-Specialist-Polisher,Polisher,0.030076577370789347
1037,7.776503126877543,HOG8-ML00-H1-GPS-GradientEstimation-Escape-Specialist-Refiner,Refiner,0.08355043115609292
1041,7.606117415628351,HOG8-ML01-H1-GPS-GradientEstimation-Escape-Specialist-Exploiter,Exploiter,2.1910325048323678
1049,7.432318036492284,HOG8-ML01-H1-GPS-GradientEstimation-Escape-Specialist-Exploiter,Exploiter,2.284994690970184
1060,7.291944696882584,HOG8-ML01-H1-GPS-GradientEstimation-Escape-Specialist-Exploiter,Exploiter,1.888688548047528
1070,7.254410641458182,HOG8-ML00-H1-GPS-GradientEstimation-Escape-Specialist-Exploiter,Exploiter,0.5147331334047046
1070,7.078538216346661,HOG8-ML01-H1-GPS-GradientEstimation-Escape-Specialist-Exploiter,Exploiter,2.424351664164543
1079,7.046378733293499,HOG8-ML00-H1-GPS-GradientEstimation-Escape-Specialist-Refiner,Refiner,0.454323789322705
1082,6.8770557536410255,HOG8-ML01-H1-GPS-GradientEstimation-Escape-Specialist-Exploiter,Exploiter,2.4029786938990014
1090,6.841691458525386,HOG8-ML00-H1-GPS-GradientEstimation-Escape-Specialist-Exploiter,Exploiter,0.5142359809561877
1094,6.651099193087365,HOG8-ML01-H1-GPS-GradientEstimation-Escape-Specialist-Exploiter,Exploiter,2.7857477437180362
1107,6.437597022033712,HOG8-ML01-H1-GPS-GradientEstimation-Escape-Specialist-Exploiter,Exploiter,3.210028370581973
1115,6.256588951788613,HOG8-ML01-H1-GPS-GradientEstimation-Escape-Specialist-Exploiter,Exploiter,2.8117334717530413
1125,6.043320920500524,HOG8-ML01-H1-GPS-GradientEstimation-Escape-Specialist-Exploiter,Exploiter,3.40869494434536
1137,5.841979289478846,HOG8-ML01-H1-GPS-GradientEstimation-Escape-Specialist-Exploiter,Exploiter,3.3316389063283935
1150,5.638717210015642,HOG8-ML01-H1-GPS-GradientEstimation-Escape-Specialist-Exploiter,Exploiter,3.479335844775587
1160,5.401903454980391,HOG8-ML01-H1-GPS-GradientEstimation-Escape-Specialist-Exploiter,Exploiter,4.199780663137636
1172,5.197727944097372,HOG8-ML01-H1-GPS-GradientEstimation-Escape-Specialist-Exploiter,Exploiter,3.7796956681033453
1185,5.015951911482818,HOG8-ML01-H1-GPS-GradientEstimation-Escape-Specialist-Exploiter,Exploiter,3.4972209890473747
1195,4.840406976517066,HOG8-ML01-H1-GPS-GradientEstimation-Escape-Specialist-Exploiter,Exploiter,3.4997332124314084
1205,4.6595317175585205,HOG8-ML01-H1-GPS-GradientEstimation-Escape-Specialist-Exploiter,Exploiter,3.7367779163208943
1221,4.655798568844645,HOG8-ML02-H2-GPS-GradientEstimation-Escape-Specialist-Refiner,Refiner,0.08011853851767534
1221,4.457915967095872,HOG8-ML01-H1-GPS-GradientEstimation-Escape-Specialist-Exploiter,Exploiter,4.250239756353521
1236,4.341726849273436,HOG8-ML01-H1-GPS-GradientEstimation-Escape-Specialist-Exploiter,Exploiter,2.606355047516241
1251,4.236768967093173,HOG8-ML01-H1-GPS-GradientEstimation-Escape-Specialist-Exploiter,Exploiter,2.4174225100740028
1260,4.2316620307680495,HOG8-ML01-H2-GPS-GradientEstimation-Escape-Specialist-Refiner,Refiner,0.12053846609973536
1267,4.068749103924602,HOG8-ML01-H1-GPS-GradientEstimation-Escape-Specialist-Exploiter,Exploiter,3.8498567621639412
1275,3.9546464184533088,HOG8-ML01-H1-GPS-GradientEstimation-Escape-Specialist-Exploiter,Exploiter,2.8043676952514156
1281,3.8846634177562356,HOG8-ML01-H2-GPS-GradientEstimation-Escape-Specialist-Exploiter,Exploiter,1.76963989423975
1281,3.8704911981912797,HOG8-ML02-H2-GPS-GradientEstimation-Escape-Specialist-Refiner,Refiner,0.3648249034955429
1285,3.744461186314563,HOG8-ML01-H1-GPS-GradientEstimation-Escape-Specialist-Exploiter,Exploiter,3.256176165330429
1297,3.5294489256094717,HOG8-ML01-H1-GPS-GradientEstimation-Escape-Specialist-Local Explorer,Local Explorer,5.742141526020584
1304,3.442815975496323,HOG8-ML02-H2-GPS-GradientEstimation-Escape-Specialist-Exploiter,Exploiter,2.454574409181709
1305,3.312654591045102,HOG8-ML01-H1-GPS-GradientEstimation-Escape-Specialist-Exploiter,Exploiter,3.7806663317941793
1315,3.2409214483038156,HOG8-ML02-H2-GPS-GradientEstimation-Escape-Specialist-Exploiter,Exploiter,2.1654277791351455
1315,3.134674715319669,HOG8-ML01-H1-GPS-GradientEstimation-Escape-Specialist-Exploiter,Exploiter,3.2782878165637923
1325,3.1081488827443007,HOG8-ML01-H2-GPS-GradientEstimation-Escape-Specialist-Exploiter,Exploiter,0.8462068630512768
1330,2.9635263907149216,HOG8-ML01-H1-GPS-GradientEstimation-Escape-Specialist-Exploiter,Exploiter,4.653010440789647
1340,2.847846959171538,HOG8-ML02-H2-GPS-GradientEstimation-Escape-Specialist-Exploiter,Exploiter,3.903438548946995
1341,2.7556610785123463,HOG8-ML01-H1-GPS-GradientEstimation-Escape-Specialist-Exploiter,Exploiter,3.237037733446504
1349,2.6759619547502,HOG8-ML02-H2-GPS-GradientEstimation-Escape-Specialist-Exploiter,Exploiter,2.8921961551662356
1351,2.5468242022735543,HOG8-ML01-H1-GPS-GradientEstimation-Escape-Specialist-Exploiter,Exploiter,4.825844113643255
1361,2.352847562718268,HOG8-ML01-H1-GPS-GradientEstimation-Escape-Specialist-Local Explorer,Local Explorer,7.616412604455499
1370,2.3476479503527656,HOG8-ML01-H2-GPS-GradientEstimation-Escape-Specialist-Refiner,Refiner,0.22099231789990328
1370,2.3337454033557705,HOG8-ML02-H2-GPS-GradientEstimation-Escape-Specialist-Exploiter,Exploiter,0.5921904515072658
1376,2.1872236798731786,HOG8-ML01-H1-GPS-GradientEstimation-Escape-Specialist-Local Explorer,Local Explorer,6.278393661618079
1381,2.1333659031684875,HOG8-ML02-H2-GPS-GradientEstimation-Escape-Specialist-Exploiter,Exploiter,2.462380834675943
1386,2.0109808001605893,HOG8-ML01-H1-GPS-GradientEstimation-Escape-Specialist-Local Explorer,Local Explorer,5.736714120448401
1391,1.9539991594835282,HOG8-ML02-H2-GPS-GradientEstimation-Escape-Specialist-Exploiter,Exploiter,2.8335248487957116
1394,1.8436546893623118,HOG8-ML01-H1-GPS-GradientEstimation-Escape-Specialist-Local Explorer,Local Explorer,5.647109395399235
1405,1.6794158078955996,HOG8-ML01-H1-GPS-GradientEstimation-Escape-Specialist-Local Explorer,Local Explorer,8.908332043649645
1415,1.62752921354173,HOG8-ML02-H2-GPS-GradientEstimation-Escape-Specialist-Exploiter,Exploiter,3.089562103079541
1415,1.5268409854954839,HOG8-ML01-H1-GPS-GradientEstimation-Escape-Specialist-Local Explorer,Local Explorer,6.186569630116477
1425,1.4136049485811468,HOG8-ML01-H1-GPS-GradientEstimation-Escape-Specialist-Local Explorer,Local Explorer,7.416360838492304
1435,1.2967889806546773,HOG8-ML01-H1-GPS-GradientEstimation-Escape-Specialist-Local Explorer,Local Explorer,8.26369262810796
1445,1.174140595632109,HOG8-ML01-H1-GPS-GradientEstimation-Escape-Specialist-Local Explorer,Local Explorer,9.457852191237
1454,1.0622431205222798,HOG8-ML01-H1-GPS-GradientEstimation-Escape-Specialist-Local Explorer,Local Explorer,9.530159805912184
1467,0.9541630525721517,HOG8-ML01-H1-GPS-GradientEstimation-Escape-Specialist-Local Explorer,Local Explorer,10.174701616046958
1475,0.8591166539704673,HOG8-ML01-H1-GPS-GradientEstimation-Escape-Specialist-Local Explorer,Local Explorer,9.9612323434099
1485,0.782980296057189,HOG8-ML01-H1-GPS-GradientEstimation-Escape-Specialist-Local Explorer,Local Explorer,8.862167618496144
1500,0.7074889329400847,HOG8-ML01-H1-GPS-GradientEstimation-Escape-Specialist-Local Explorer,Local Explorer,9.641540597796903
1512,0.6422580938304638,HOG8-ML01-H1-GPS-GradientEstimation-Escape-Specialist-Local Explorer,Local Explorer,9.220050812461984
1525,0.565152706764541,HOG8-ML01-H1-GPS-GradientEstimation-Escape-Specialist-Local Explorer,Local Explorer,12.005358563262618
1536,0.5112685064778837,HOG8-ML01-H1-GPS-GradientEstimation-Escape-Specialist-Local Explorer,Local Explorer,9.534449652579834
1552,0.4628280732273581,HOG8-ML01-H1-GPS-GradientEstimation-Escape-Specialist-Local Explorer,Local Explorer,9.474558404590686
1560,0.42681527726395424,HOG8-ML01-H1-GPS-GradientEstimation-Escape-Specialist-Local Explorer,Local Explorer,7.781031023525023
1570,0.4186609140757815,HOG8-ML02-H2-GPS-GradientEstimation-Escape-Specialist-Exploiter,Exploiter,1.9105134287707024
1576,0.38998254618773004,HOG8-ML01-H1-GPS-GradientEstimation-Escape-Specialist-Local Explorer,Local Explorer,6.8500227568080065
1585,0.36739155863251405,HOG8-ML01-H1-GPS-GradientEstimation-Escape-Specialist-Local Explorer,Local Explorer,5.792820159787645
1595,0.3379064534165631,HOG8-ML01-H1-GPS-GradientEstimation-Escape-Specialist-Local Explorer,Local Explorer,8.025526042486899
1605,0.31011407188913565,HOG8-ML01-H1-GPS-GradientEstimation-Escape-Specialist-Local Explorer,Local Explorer,8.22487444273983
1619,0.2859875203606824,HOG8-ML01-H1-GPS-GradientEstimation-Escape-Specialist-Local Explorer,Local Explorer,7.779895759479871
1631,0.265186439512716,HOG8-ML01-H1-GPS-GradientEstimation-Escape-Specialist-Local Explorer,Local Explorer,7.273422568136012
1641,0.2463863022588677,HOG8-ML01-H1-GPS-GradientEstimation-Escape-Specialist-Local Explorer,Local Explorer,7.089403699674011
1655,0.22997118303560599,HOG8-ML01-H1-GPS-GradientEstimation-Escape-Specialist-Local Explorer,Local Explorer,6.662350574186972
1664,0.21421683981840411,HOG8-ML01-H1-GPS-GradientEstimation-Escape-Specialist-Local Explorer,Local Explorer,6.850572758397584
1675,0.20235262943574767,HOG8-ML01-H1-GPS-GradientEstimation-Escape-Specialist-Local Explorer,Local Explorer,5.5384116359451365
1685,0.19131770389978445,HOG8-ML01-H1-GPS-GradientEstimation-Escape-Specialist-Local Explorer,Local Explorer,5.453314625430702
1697,0.1797343119827494,HOG8-ML01-H1-GPS-GradientEstimation-Escape-Specialist-Local Explorer,Local Explorer,6.054532163475389
1710,0.16876348108066644,HOG8-ML01-H1-GPS-GradientEstimation-Escape-Specialist-Local Explorer,Local Explorer,6.103915708168128
1720,0.15861494436930199,HOG8-ML01-H1-GPS-GradientEstimation-Escape-Specialist-Local Explorer,Local Explorer,6.013467277623649
1730,0.1509520737769064,HOG8-ML01-H1-GPS-GradientEstimation-Escape-Specialist-Exploiter,Exploiter,4.831115140420936
1742,0.14256066724980426,HOG8-ML01-H1-GPS-GradientEstimation-Escape-Specialist-Local Explorer,Local Explorer,5.558987244854864
1754,0.1382514367424688,HOG8-ML01-H1-GPS-GradientEstimation-Escape-Specialist-Exploiter,Exploiter,3.022734524512681
1766,0.13436579575701194,HOG8-ML01-H1-GPS-GradientEstimation-Escape-Specialist-Exploiter,Exploiter,2.810561016226488
1780,0.13127406622511723,HOG8-ML01-H1-GPS-GradientEstimation-Escape-Specialist-Exploiter,Exploiter,2.3009795867140297
1796,0.12843188049935642,HOG8-ML01-H1-GPS-GradientEstimation-Escape-Specialist-Exploiter,Exploiter,2.1650778462875118
1806,0.12256463346533816,HOG8-ML01-H1-GPS-GradientEstimation-Escape-Specialist-Exploiter,Exploiter,4.568372752314916
1814,0.11818252743750449,HOG8-ML01-H1-GPS-GradientEstimation-Escape-Specialist-Exploiter,Exploiter,3.575342987561706
1825,0.11198663152691025,HOG8-ML01-H1-GPS-GradientEstimation-Escape-Specialist-Local Explorer,Local Explorer,5.242649691910382
1840,0.106112123781861,HOG8-ML01-H1-GPS-GradientEstimation-Escape-Specialist-Local Explorer,Local Explorer,5.24572233752528
1852,0.10079698854426662,HOG8-ML01-H1-GPS-GradientEstimation-Escape-Specialist-Local Explorer,Local Explorer,5.008980169429945
1859,0.09660882774033927,HOG8-ML01-H1-GPS-GradientEstimation-Escape-Specialist-Exploiter,Exploiter,4.155045566751285
1870,0.09290173011898462,HOG8-ML01-H1-GPS-GradientEstimation-Escape-Specialist-Exploiter,Exploiter,3.837224514635888
1882,0.08810047093569462,HOG8-ML01-H1-GPS-GradientEstimation-Escape-Specialist-Local Explorer,Local Explorer,5.168105241033452
1895,0.0840207607830277,HOG8-ML01-H1-GPS-GradientEstimation-Escape-Specialist-Exploiter,Exploiter,4.630747269949034
1904,0.08025862104658435,HOG8-ML01-H1-GPS-GradientEstimation-Escape-Specialist-Exploiter,Exploiter,4.4776311251912695
1916,0.07712061082283,HOG8-ML01-H1-GPS-GradientEstimation-Escape-Specialist-Exploiter,Exploiter,3.9098730863229707
1931,0.07422739821108779,HOG8-ML01-H1-GPS-GradientEstimation-Escape-Specialist-Exploiter,Exploiter,3.751542656202279
1941,0.07096656009602818,HOG8-ML01-H1-GPS-GradientEstimation-Escape-Specialist-Exploiter,Exploiter,4.393038411216348
1949,0.0683618125335729,HOG8-ML01-H1-GPS-GradientEstimation-Escape-Specialist-Exploiter,Exploiter,3.6703872343969826
1962,0.06587333645520549,HOG8-ML01-H1-GPS-GradientEstimation-Escape-Specialist-Exploiter,Exploiter,3.6401552067469063
1975,0.06316633468690377,HOG8-ML01-H1-GPS-GradientEstimation-Escape-Specialist-Exploiter,Exploiter,4.109404372044374
1985,0.06101980252851888,HOG8-ML01-H1-GPS-GradientEstimation-Escape-Specialist-Exploiter,Exploiter,3.3982218044225605
1996,0.05858492705511745,HOG8-ML01-H1-GPS-GradientEstimation-Escape-Specialist-Exploiter,Exploiter,3.990303757970115
2010,0.05659385002133453,HOG8-ML01-H1-GPS-GradientEstimation-Escape-Specialist-Exploiter,Exploiter,3.3986165620888866
2020,0.05517239921287338,HOG8-ML01-H1-GPS-GradientEstimation-Escape-Specialist-Exploiter,Exploiter,2.511670098297424
2031,0.05329246027712381,HOG8-ML01-H1-GPS-GradientEstimation-Escape-Specialist-Exploiter,Exploiter,3.4073902215057674
2045,0.0513390273090265,HOG8-ML01-H1-GPS-GradientEstimation-Escape-Specialist-Exploiter,Exploiter,3.6654959405877428
2055,0.04945953722612394,HOG8-ML01-H1-GPS-GradientEstimation-Escape-Specialist-Exploiter,Exploiter,3.6609382401994
2065,0.047885328674537195,HOG8-ML01-H1-GPS-GradientEstimation-Escape-Specialist-Exploiter,Exploiter,3.182821028813153
2076,0.046319856582797955,HOG8-ML01-H1-GPS-GradientEstimation-Escape-Specialist-Exploiter,Exploiter,3.2692102885610392
2091,0.044699495764067884,HOG8-ML01-H1-GPS-GradientEstimation-Escape-Specialist-Exploiter,Exploiter,3.498199127265504
2100,0.04305331062584247,HOG8-ML01-H1-GPS-GradientEstimation-Escape-Specialist-Exploiter,Exploiter,3.6827823448261654
2110,0.041829344971817714,HOG8-ML01-H1-GPS-GradientEstimation-Escape-Specialist-Exploiter,Exploiter,2.8429071684212848
2121,0.040654039187152824,HOG8-ML01-H1-GPS-GradientEstimation-Escape-Specialist-Exploiter,Exploiter,2.8097637805630136
2131,0.03930743514905753,HOG8-ML01-H1-GPS-GradientEstimation-Escape-Specialist-Exploiter,Exploiter,3.3123499288622607
2144,0.03816484918976982,HOG8-ML01-H1-GPS-GradientEstimation-Escape-Specialist-Exploiter,Exploiter,2.906793472926734
2155,0.03716744139443731,HOG8-ML01-H1-GPS-GradientEstimation-Escape-Specialist-Exploiter,Exploiter,2.613419983328179
2165,0.03609482240460895,HOG8-ML01-H1-GPS-GradientEstimation-Escape-Specialist-Exploiter,Exploiter,2.8859102203061435
2175,0.03494018228060489,HOG8-ML01-H1-GPS-GradientEstimation-Escape-Specialist-Exploiter,Exploiter,3.1989078961547306
2185,0.03401617541148914,HOG8-ML01-H1-GPS-GradientEstimation-Escape-Specialist-Exploiter,Exploiter,2.6445393492656764
2195,0.033112053451470634,HOG8-ML01-H1-GPS-GradientEstimation-Escape-Specialist-Exploiter,Exploiter,2.657917737903983
2204,0.03229314658694808,HOG8-ML01-H1-GPS-GradientEstimation-Escape-Specialist-Exploiter,Exploiter,2.4731382658666887
2215,0.03176490851516332,HOG8-ML01-H1-GPS-GradientEstimation-Escape-Specialist-Exploiter,Exploiter,1.6357590622595353
2230,0.03079969979856828,HOG8-ML01-H1-GPS-GradientEstimation-Escape-Specialist-Exploiter,Exploiter,3.0386006499413956
2240,0.03006090243984146,HOG8-ML01-H1-GPS-GradientEstimation-Escape-Specialist-Exploiter,Exploiter,2.3987161029444994
2249,0.02936436411024717,HOG8-ML01-H1-GPS-GradientEstimation-Escape-Specialist-Exploiter,Exploiter,2.3170905497205787
2261,0.02851416207487398,HOG8-ML01-H1-GPS-GradientEstimation-Escape-Specialist-Exploiter,Exploiter,2.8953531300086848
2269,0.027971104482640473,HOG8-ML01-H1-GPS-GradientEstimation-Escape-Specialist-Exploiter,Exploiter,1.9045188520971412
2285,0.027211712207371203,HOG8-ML01-H1-GPS-GradientEstimation-Escape-Specialist-Exploiter,Exploiter,2.7149170163822705
2294,0.026682897191517313,HOG8-ML01-H1-GPS-GradientEstimation-Escape-Specialist-Exploiter,Exploiter,1.9433360599434912
2300,0.026078282173330452,HOG8-ML01-H1-GPS-GradientEstimation-Escape-Specialist-Exploiter,Exploiter,2.2659271736768996
2310,0.025486862795291547,HOG8-ML01-H1-GPS-GradientEstimation-Escape-Specialist-Exploiter,Exploiter,2.2678617176852756
2325,0.024823156350702955,HOG8-ML01-H1-GPS-GradientEstimation-Escape-Specialist-Exploiter,Exploiter,2.604111969054132
2335,0.02430326864114023,HOG8-ML01-H1-GPS-GradientEstimation-Escape-Specialist-Exploiter,Exploiter,2.0943658502477356
2346,0.023680228980468326,HOG8-ML01-H1-GPS-GradientEstimation-Escape-Specialist-Exploiter,Exploiter,2.563604385367457
2361,0.02322409033892442,HOG8-ML01-H1-GPS-GradientEstimation-Escape-Specialist-Exploiter,Exploiter,1.9262425288207052
2369,0.022772301338561896,HOG8-ML01-H1-GPS-GradientEstimation-Escape-Specialist-Exploiter,Exploiter,1.945346378563249
2381,0.02229926537869401,HOG8-ML01-H1-GPS-GradientEstimation-Escape-Specialist-Exploiter,Exploiter,2.0772426679022664
2391,0.021777525178464888,HOG8-ML01-H1-GPS-GradientEstimation-Escape-Specialist-Exploiter,Exploiter,2.3397192300676486
2404,0.021237403815366596,HOG8-ML01-H1-GPS-GradientEstimation-Escape-Specialist-Exploiter,Exploiter,2.480177883722073
2414,0.020903857142905956,HOG8-ML01-H1-GPS-GradientEstimation-Escape-Specialist-Exploiter,Exploiter,1.570562368924293
2425,0.02055753573808085,HOG8-ML01-H1-GPS-GradientEstimation-Escape-Specialist-Exploiter,Exploiter,1.6567344603320426
2435,0.020209640765822903,HOG8-ML01-H1-GPS-GradientEstimation-Escape-Specialist-Exploiter,Exploiter,1.6922990026158984
2445,0.019993551378339552,HOG8-ML01-H1-GPS-GradientEstimation-Escape-Specialist-Exploiter,Exploiter,1.0692391318938486
2460,0.01971063342374655,HOG8-ML01-H1-GPS-GradientEstimation-Escape-Specialist-Exploiter,Exploiter,1.4150460277882786
2476,0.019597675156535682,HOG8-ML01-H1-GPS-GradientEstimation-Escape-Specialist-Exploiter,Exploiter,0.5730828877106527
2484,0.019455486225871906,HOG8-ML01-H1-GPS-GradientEstimation-Escape-Specialist-Exploiter,Exploiter,0.7255397873882896
2495,0.01912686632882564,HOG8-ML01-H1-GPS-GradientEstimation-Escape-Specialist-Exploiter,Exploiter,1.6890860152817315
2504,0.018872455190051193,HOG8-ML01-H1-GPS-GradientEstimation-Escape-Specialist-Exploiter,Exploiter,1.3301245190961022
2517,0.018622605578151447,HOG8-ML01-H1-GPS-GradientEstimation-Escape-Specialist-Exploiter,Exploiter,1.3238850450759412
2534,0.018391331618962482,HOG8-ML01-H1-GPS-GradientEstimation-Escape-Specialist-Exploiter,Exploiter,1.2418990361923463
2540,0.018259677468533478,HOG8-ML00-H1-GPS-GradientEstimation-Escape-Specialist-Exploiter,Exploiter,0.7158489290316626
2545,0.01825845814713669,HOG8-ML01-H1-GPS-GradientEstimation-Escape-Specialist-Polisher,Polisher,0.006677672148859731
2549,0.017910512586407693,HOG8-ML00-H1-GPS-GradientEstimation-Escape-Specialist-Exploiter,Exploiter,1.9056678166637087
2561,0.01771462542922227,HOG8-ML02-H2-GPS-GradientEstimation-Escape-Specialist-Exploiter,Exploiter,1.0936993357414133
2565,0.017578753599050614,HOG8-ML00-H1-GPS-GradientEstimation-Escape-Specialist-Exploiter,Exploiter,0.767003686950786
2570,0.017244608374443256,HOG8-ML00-H1-GPS-GradientEstimation-Escape-Specialist-Exploiter,Exploiter,1.900847080679283
2585,0.01697028906671867,HOG8-ML01-H2-GPS-GradientEstimation-Escape-Specialist-Exploiter,Exploiter,1.5907540592869154
2585,0.01696790534669102,HOG8-ML02-H2-GPS-GradientEstimation-Escape-Specialist-Polisher,Polisher,0.014046431491385842
2585,0.016904315879244573,HOG8-ML00-H1-GPS-GradientEstimation-Escape-Specialist-Refiner,Refiner,0.3747632141220646
2594,0.01659503059938761,HOG8-ML00-H1-GPS-GradientEstimation-Escape-Specialist-Exploiter,Exploiter,1.8296231688187365
2608,0.01631790778550664,HOG8-ML00-H1-GPS-GradientEstimation-Escape-Specialist-Exploiter,Exploiter,1.6699144495171774
2619,0.016080666353289027,HOG8-ML00-H1-GPS-GradientEstimation-Escape-Specialist-Exploiter,Exploiter,1.453871631927755
2621,0.016060842720949257,HOG8-ML02-H2-GPS-GradientEstimation-Escape-Specialist-Refiner,Refiner,0.12327618709478984
2629,0.015769394631277286,HOG8-ML00-H1-GPS-GradientEstimation-Escape-Specialist-Exploiter,Exploiter,1.8146500450553271
2635,0.015734973871505402,HOG8-ML02-H2-GPS-GradientEstimation-Escape-Specialist-Refiner,Refiner,0.21827572063935707
2639,0.015484094097010383,HOG8-ML00-H1-GPS-GradientEstimation-Escape-Specialist-Exploiter,Exploiter,1.5944085865267275
2646,0.015480289363714443,HOG8-ML02-H2-GPS-GradientEstimation-Escape-Specialist-Polisher,Polisher,0.024571881778177863
2650,0.015244988598744739,HOG8-ML00-H1-GPS-GradientEstimation-Escape-Specialist-Exploiter,Exploiter,1.5200023684392232
2655,0.015218813907490327,HOG8-ML02-H2-GPS-GradientEstimation-Escape-Specialist-Refiner,Refiner,0.17169374109316743
2659,0.014976832857018745,HOG8-ML00-H1-GPS-GradientEstimation-Escape-Specialist-Exploiter,Exploiter,1.5900125459349046
2669,0.014747227358743412,HOG8-ML00-H1-GPS-GradientEstimation-Escape-Specialist-Exploiter,Exploiter,1.533071113681628
2684,0.014529456879621705,HOG8-ML00-H1-GPS-GradientEstimation-Escape-Specialist-Exploiter,Exploiter,1.4766876092989358
2691,0.014522799215025398,HOG8-ML02-H2-GPS-GradientEstimation-Escape-Specialist-Polisher,Polisher,0.04582184077124526
2694,0.014271368806950962,HOG8-ML00-H1-GPS-GradientEstimation-Escape-Specialist-Exploiter,Exploiter,1.7312806185070986
2701,0.014267117133175685,HOG8-ML02-H2-GPS-GradientEstimation-Escape-Specialist-Polisher,Polisher,0.0297916326933289
2705,0.014017935981821428,HOG8-ML00-H1-GPS-GradientEstimation-Escape-Specialist-Exploiter,Exploiter,1.7465417086597645
2715,0.01377633790176876,HOG8-ML00-H1-GPS-GradientEstimation-Escape-Specialist-Exploiter,Exploiter,1.7234925338935403
2721,0.013769686840425026,HOG8-ML02-H2-GPS-GradientEstimation-Escape-Specialist-Polisher,Polisher,0.04827887782049723
2729,0.013509495554475582,HOG8-ML00-H1-GPS-GradientEstimation-Escape-Specialist-Exploiter,Exploiter,1.8895947959075974
2740,0.013334054133834504,HOG8-ML00-H1-GPS-GradientEstimation-Escape-Specialist-Exploiter,Exploiter,1.298652639794203
2745,0.013324582775883822,HOG8-ML02-H2-GPS-GradientEstimation-Escape-Specialist-Refiner,Refiner,0.07103134467295003
2749,0.013132866799804233,HOG8-ML00-H1-GPS-GradientEstimation-Escape-Specialist-Exploiter,Exploiter,1.4388141025066536
2759,0.012930285333812831,HOG8-ML00-H1-GPS-GradientEstimation-Escape-Specialist-Exploiter,Exploiter,1.542553267915744
2769,0.012753743088624078,HOG8-ML00-H1-GPS-GradientEstimation-Escape-Specialist-Exploiter,Exploiter,1.3653391292695853
2779,0.012584035433140954,HOG8-ML00-H1-GPS-GradientEstimation-Escape-Specialist-Exploiter,Exploiter,1.3306497888803945
2795,0.012431597746855655,HOG8-ML00-H1-GPS-GradientEstimation-Escape-Specialist-Exploiter,Exploiter,1.2113577325429645
2804,0.01227580884213857,HOG8-ML00-H1-GPS-GradientEstimation-Escape-Specialist-Exploiter,Exploiter,1.2531688033140282
2814,0.012121190245581863,HOG8-ML00-H1-GPS-GradientEstimation-Escape-Specialist-Exploiter,Exploiter,1.259538972503022
2824,0.011939499730614844,HOG8-ML00-H1-GPS-GradientEstimation-Escape-Specialist-Exploiter,Exploiter,1.498949453691186
2839,0.011786888424967919,HOG8-ML00-H1-GPS-GradientEstimation-Escape-Specialist-Exploiter,Exploiter,1.278205193602914
2849,0.01164075867436769,HOG8-ML00-H1-GPS-GradientEstimation-Escape-Specialist-Exploiter,Exploiter,1.2397652826736358
2860,0.011527921027622037,HOG8-ML00-H1-GPS-GradientEstimation-Escape-Specialist-Exploiter,Exploiter,0.9693324112466585
2870,0.011382847963023841,HOG8-ML00-H1-GPS-GradientEstimation-Escape-Specialist-Exploiter,Exploiter,1.2584495005698446
2879,0.011245926004893212,HOG8-ML00-H1-GPS-GradientEstimation-Escape-Specialist-Exploiter,Exploiter,1.2028796183117552
2889,0.011128437382635782,HOG8-ML00-H1-GPS-GradientEstimation-Escape-Specialist-Exploiter,Exploiter,1.0447216370293546
2894,0.011114566908404707,HOG8-ML02-H2-GPS-GradientEstimation-Escape-Specialist-Refiner,Refiner,0.12463990903806665
2899,0.010980968769950547,HOG8-ML00-H1-GPS-GradientEstimation-Escape-Specialist-Exploiter,Exploiter,1.202009395014165
2909,0.010864472539254676,HOG8-ML00-H1-GPS-GradientEstimation-Escape-Specialist-Exploiter,Exploiter,1.0608921046625988
2920,0.010771704889151926,HOG8-ML00-H1-GPS-GradientEstimation-Escape-Specialist-Exploiter,Exploiter,0.8538624380297251
2925,0.01076350175616773,HOG8-ML02-H2-GPS-GradientEstimation-Escape-Specialist-Refiner,Refiner,0.07615445343713563
2930,0.010661357071265348,HOG8-ML00-H1-GPS-GradientEstimation-Escape-Specialist-Exploiter,Exploiter,0.9489912039439399
2940,0.010628175011952581,HOG8-ML02-H2-GPS-GradientEstimation-Escape-Specialist-Refiner,Refiner,0.3112367317871657
2944,0.010533326747569698,HOG8-ML00-H1-GPS-GradientEstimation-Escape-Specialist-Exploiter,Exploiter,0.8924228691775952
2950,0.010505236478778785,HOG8-ML02-H2-GPS-GradientEstimation-Escape-Specialist-Refiner,Refiner,0.2666799337388255
2955,0.010403375354740388,HOG8-ML00-H1-GPS-GradientEstimation-Escape-Specialist-Exploiter,Exploiter,0.9696223806495288
2960,0.010375915057208744,HOG8-ML02-H2-GPS-GradientEstimation-Escape-Specialist-Refiner,Refiner,0.2639556547301822
2964,0.010300589707518923,HOG8-ML00-H1-GPS-GradientEstimation-Escape-Specialist-Exploiter,Exploiter,0.7259634381594975
2974,0.010229867179545,HOG8-ML00-H1-GPS-GradientEstimation-Escape-Specialist-Exploiter,Exploiter,0.6865871759002115
2981,0.010211661974225284,HOG8-ML01-H2-GPS-GradientEstimation-Escape-Specialist-Refiner,Refiner,0.17796130683024292
2986,0.010127587408366006,HOG8-ML00-H1-GPS-GradientEstimation-Escape-Specialist-Exploiter,Exploiter,0.8233191234833854
2994,0.01005099941944064,HOG8-ML00-H1-GPS-GradientEstimation-Escape-Specialist-Exploiter,Exploiter,0.7562313297054348
3005,0.009970254427267488,HOG8-ML00-H1-GPS-GradientEstimation-Escape-Specialist-Exploiter,Exploiter,0.8033528687403427
3015,0.009956195661090567,HOG8-ML01-H2-GPS-GradientEstimation-Escape-Specialist-Refiner,Refiner,0.1410070954505659
3019,0.00988869352521076,HOG8-ML00-H1-GPS-GradientEstimation-Escape-Specialist-Exploiter,Exploiter,0.677991254667772
3024,0.009811704552657941,HOG8-ML04-H1-GPS-Sniper-Specialist-Exploiter,Exploiter,0.7785555529306253
3029,0.009797427455610174,HOG8-ML00-H1-GPS-GradientEstimation-Escape-Specialist-Refiner,Refiner,0.14551087398875906
3034,0.009702347551531623,HOG8-ML04-H1-GPS-Sniper-Specialist-Exploiter,Exploiter,0.9704578524243819
3044,0.009536489190313172,HOG8-ML04-H1-GPS-Sniper-Specialist-Exploiter,Exploiter,1.7094662950129842
3054,0.009434192800157995,HOG8-ML04-H1-GPS-Sniper-Specialist-Exploiter,Exploiter,1.0726839627636373
3065,0.009380974038676056,HOG8-ML04-H1-GPS-Sniper-Specialist-Exploiter,Exploiter,0.5641050867759213
3074,0.009300384399859963,HOG8-ML04-H1-GPS-Sniper-Specialist-Exploiter,Exploiter,0.8590753847504136
3085,0.009267637009836353,HOG8-ML04-H1-GPS-Sniper-Specialist-Refiner,Refiner,0.3521079195834459
3094,0.00920624369247615,HOG8-ML04-H1-GPS-Sniper-Specialist-Exploiter,Exploiter,0.6624484460822263
3108,0.00916823304719563,HOG8-ML04-H1-GPS-Sniper-Specialist-Refiner,Refiner,0.4128789824625668
3115,0.009155650454266053,HOG8-ML04-H1-GPS-Sniper-Specialist-Refiner,Refiner,0.13724119865633522
3124,0.00912059505804138,HOG8-ML04-H1-GPS-Sniper-Specialist-Refiner,Refiner,0.3828826406139144
3134,0.009031942575304479,HOG8-ML04-H1-GPS-Sniper-Specialist-Exploiter,Exploiter,0.9720032758031304
3139,0.009020731936744825,HOG8-ML04-H1-GPS-Sniper-Specialist-Refiner,Refiner,0.12412211953502401
3145,0.008930834533295986,HOG8-ML04-H1-GPS-Sniper-Specialist-Exploiter,Exploiter,0.9965644038556669
3150,0.00884805893052328,HOG8-ML04-H1-GPS-Sniper-Specialist-Exploiter,Exploiter,0.9268518240272035
3154,0.00880561647492456,HOG8-ML04-H1-GPS-Sniper-Specialist-Refiner,Refiner,0.47968097785047537
3164,0.008693339453370405,HOG8-ML04-H1-GPS-Sniper-Specialist-Exploiter,Exploiter,1.2750614550824746
3174,0.008674624850972854,HOG8-ML04-H1-GPS-Sniper-Specialist-Refiner,Refiner,0.21527518277565785
3179,0.008669201992186657,HOG8-ML04-H1-GPS-Sniper-Specialist-Refiner,Refiner,0.06251404388500119
3184,0.008610690550793235,HOG8-ML04-H1-GPS-Sniper-Specialist-Exploiter,Exploiter,0.6749345723649932
3190,0.008581210795607922,HOG8-ML04-H1-GPS-Sniper-Specialist-Refiner,Refiner,0.3423622648080969
3205,0.008550280170739668,HOG8-ML04-H1-GPS-Sniper-Specialist-Refiner,Refiner,0.3604459277947772
3215,0.008478429725798245,HOG8-ML04-H1-GPS-Sniper-Specialist-Exploiter,Exploiter,0.840328544873947
3230,0.008424661820760111,HOG8-ML04-H1-GPS-Sniper-Specialist-Exploiter,Exploiter,0.6341729161772602
3235,0.008397954690586374,HOG8-ML04-H1-GPS-Sniper-Specialist-Refiner,Refiner,0.31701130255371546
3245,0.008357412886096047,HOG8-ML04-H1-GPS-Sniper-Specialist-Refiner,Refiner,0.4827580760321518
3250,0.008349908552679485,HOG8-ML04-H1-GPS-Sniper-Specialist-Refiner,Refiner,0.08979254129045873
3261,0.00832748092080751,HOG8-ML04-H1-GPS-Sniper-Specialist-Refiner,Refiner,0.2685973352939065
3266,0.008274672372964264,HOG8-ML04-H1-GPS-Sniper-Specialist-Exploiter,Exploiter,0.6341479295532908
3276,0.008225818523121719,HOG8-ML04-H1-GPS-Sniper-Specialist-Exploiter,Exploiter,0.5904022254967415
3284,0.008187338872376387,HOG8-ML04-H1-GPS-Sniper-Specialist-Refiner,Refiner,0.46779114609896283
3289,0.008152937176986461,HOG8-ML04-H1-GPS-Sniper-Specialist-Refiner,Refiner,0.4201816478611313
3301,0.008106717615397007,HOG8-ML04-H1-GPS-Sniper-Specialist-Exploiter,Exploiter,0.566906877682306
3310,0.007983832631861339,HOG8-ML04-H1-GPS-Sniper-Specialist-Exploiter,Exploiter,1.51584142146846
3320,0.007933697525173495,HOG8-ML04-H1-GPS-Sniper-Specialist-Exploiter,Exploiter,0.6279578868896663
3330,0.007835115364610078,HOG8-ML04-H1-GPS-Sniper-Specialist-Exploiter,Exploiter,1.2425752336866505
3339,0.007752498433893332,HOG8-ML04-H1-GPS-Sniper-Specialist-Exploiter,Exploiter,1.0544443428352506
3351,0.0077054137240814245,HOG8-ML04-H1-GPS-Sniper-Specialist-Exploiter,Exploiter,0.607348846483562
3359,0.007652452829031689,HOG8-ML04-H1-GPS-Sniper-Specialist-Exploiter,Exploiter,0.6873205897331456
3370,0.007590353656446814,HOG8-ML04-H1-GPS-Sniper-Specialist-Exploiter,Exploiter,0.8114936997623198
3379,0.007565919965403364,HOG8-ML04-H1-GPS-Sniper-Specialist-Refiner,Refiner,0.32190451393127417
3390,0.007533797351271625,HOG8-ML04-H1-GPS-Sniper-Specialist-Refiner,Refiner,0.4245698378865511
3400,0.007451911120192991,HOG8-ML04-H1-GPS-Sniper-Specialist-Exploiter,Exploiter,1.0869184192326582
3414,0.007436099894792013,HOG8-ML04-H1-GPS-Sniper-Specialist-Refiner,Refiner,0.2121767845316022
3421,0.007378250614790884,HOG8-ML04-H1-GPS-Sniper-Specialist-Exploiter,Exploiter,0.7779518944015836
3429,0.0073563027504016335,HOG8-ML04-H1-GPS-Sniper-Specialist-Refiner,Refiner,0.29746704923864653
3439,0.007312604764118012,HOG8-ML04-H1-GPS-Sniper-Specialist-Exploiter,Exploiter,0.5940210424487421
3450,0.00729874886914745,HOG8-ML04-H1-GPS-Sniper-Specialist-Refiner,Refiner,0.18947960976301137
3460,0.007282659193740088,HOG8-ML04-H1-GPS-Sniper-Specialist-Refiner,Refiner,0.2204442938895329
3476,0.00724005085670567,HOG8-ML04-H1-GPS-Sniper-Specialist-Exploiter,Exploiter,0.5850656456784614
3479,0.007217663960194725,HOG8-ML04-H1-GPS-Sniper-Specialist-Refiner,Refiner,0.3092091057649257
3485,0.007192744280456738,HOG8-ML04-H1-GPS-Sniper-Specialist-Refiner,Refiner,0.34525962798238846
3490,0.007127304018908303,HOG8-ML04-H1-GPS-Sniper-Specialist-Exploiter,Exploiter,0.9098093717336955
3500,0.007096791095742046,HOG8-ML04-H1-GPS-Sniper-Specialist-Refiner,Refiner,0.42811311381285205
3504,0.00702993015878671,HOG8-ML03-H2-GPS-JADE-Specialist-Exploiter,Exploiter,0.9421291405273553
3509,0.006992330635750274,HOG8-ML04-H1-GPS-Sniper-Specialist-Exploiter,Exploiter,0.5348491690125803
3526,0.006962817595107072,HOG8-ML04-H1-GPS-Sniper-Specialist-Refiner,Refiner,0.42207730412959393
3530,0.00693750271626261,HOG8-ML04-H1-GPS-Sniper-Specialist-Refiner,Refiner,0.3635723397701986
3540,0.006928189021912854,HOG8-ML04-H1-GPS-Sniper-Specialist-Refiner,Refiner,0.13425139752267395
3550,0.0068586670491172725,HOG8-ML04-H1-GPS-Sniper-Specialist-Exploiter,Exploiter,1.0034653006102103
3560,0.006830704392158574,HOG8-ML04-H1-GPS-Sniper-Specialist-Refiner,Refiner,0.4076981249920499
3574,0.006802496321151351,HOG8-ML04-H1-GPS-Sniper-Specialist-Refiner,Refiner,0.4129599143479942
3585,0.006770363370248932,HOG8-ML04-H1-GPS-Sniper-Specialist-Refiner,Refiner,0.4723699857434174
3595,0.006712424457801432,HOG8-ML04-H1-GPS-Sniper-Specialist-Exploiter,Exploiter,0.8557725675715045
3605,0.006699571511430231,HOG8-ML04-H1-GPS-Sniper-Specialist-Refiner,Refiner,0.19147994069806884
3615,0.006662296057523138,HOG8-ML04-H1-GPS-Sniper-Specialist-Exploiter,Exploiter,0.5563856411338692
3619,0.006654656781492225,HOG8-ML04-H1-GPS-Sniper-Specialist-Refiner,Refiner,0.11466431339817809
3624,0.006640426429312129,HOG8-ML04-H1-GPS-Sniper-Specialist-Refiner,Refiner,0.21384051270192422
3635,0.006563826052518769,HOG8-ML04-H1-GPS-Sniper-Specialist-Exploiter,Exploiter,1.1535460502239898
3645,0.006511760384965775,HOG8-ML04-H1-GPS-Sniper-Specialist-Exploiter,Exploiter,0.7932213184262373
3655,0.00649382878073094,HOG8-ML04-H1-GPS-Sniper-Specialist-Refiner,Refiner,0.2753726054821477
3665,0.006453912900282949,HOG8-ML04-H1-GPS-Sniper-Specialist-Exploiter,Exploiter,0.6146740512536006
3675,0.006433464364759606,HOG8-ML04-H1-GPS-Sniper-Specialist-Refiner,Refiner,0.31683934752894416
3685,0.006418591222425733,HOG8-ML04-H1-GPS-Sniper-Specialist-Refiner,Refiner,0.23118403228194542
3695,0.006364665198221374,HOG8-ML04-H1-GPS-Sniper-Specialist-Exploiter,Exploiter,0.8401535841065646
3705,0.006347794851876956,HOG8-ML04-H1-GPS-Sniper-Specialist-Refiner,Refiner,0.2650625888245065
3715,0.006288564589181037,HOG8-ML04-H1-GPS-Sniper-Specialist-Exploiter,Exploiter,0.9330840721546758
3725,0.006253614364899337,HOG8-ML04-H1-GPS-Sniper-Specialist-Exploiter,Exploiter,0.555774275449593
3735,0.006245722677850847,HOG8-ML04-H1-GPS-Sniper-Specialist-Refiner,Refiner,0.1261940149809131
3750,0.006227561327512362,HOG8-ML04-H1-GPS-Sniper-Specialist-Refiner,Refiner,0.2907806073889619
3760,0.006196993569816863,HOG8-ML04-H1-GPS-Sniper-Specialist-Refiner,Refiner,0.4908463536192791
3765,0.0061762693600384486,HOG8-ML04-H1-GPS-Sniper-Specialist-Refiner,Refiner,0.33442361275561755
3775,0.006169590655494892,HOG8-ML04-H2-GPS-Sniper-Specialist-Refiner,Refiner,0.10813492991042645
3779,0.006162803197043078,HOG8-ML04-H1-GPS-Sniper-Specialist-Refiner,Refiner,0.11001472919064628
3790,0.0060938800411649,HOG8-ML04-H1-GPS-Sniper-Specialist-Exploiter,Exploiter,1.118373468606741
3800,0.006085420499335626,HOG8-ML04-H1-GPS-Sniper-Specialist-Refiner,Refiner,0.13882028809442665
3811,0.006065385452981196,HOG8-ML04-H1-GPS-Sniper-Specialist-Refiner,Refiner,0.32923027022729173
3820,0.006031279072712874,HOG8-ML04-H1-GPS-Sniper-Specialist-Exploiter,Exploiter,0.5623118354590031
3830,0.006011028244605518,HOG8-ML04-H1-GPS-Sniper-Specialist-Refiner,Refiner,0.3357634071183443
3840,0.0060056645625841355,HOG8-ML04-H1-GPS-Sniper-Specialist-Refiner,Refiner,0.08923069070913164
3849,0.005991122852967371,HOG8-ML04-H2-GPS-Sniper-Specialist-Refiner,Refiner,0.24213323047312293
3855,0.005980266985449536,HOG8-ML04-H1-GPS-Sniper-Specialist-Refiner,Refiner,0.18119921397469277
3859,0.005950176279012848,HOG8-ML04-H2-GPS-Sniper-Specialist-Exploiter,Exploiter,0.5031666062719415
3870,0.005914218670013169,HOG8-ML04-H2-GPS-Sniper-Specialist-Exploiter,Exploiter,0.6043116592445696
3884,0.0058525970997612255,HOG8-ML04-H2-GPS-Sniper-Specialist-Exploiter,Exploiter,1.0419224193448042
3894,0.005823818421109322,HOG8-ML04-H2-GPS-Sniper-Specialist-Refiner,Refiner,0.4917249241892633
3907,0.005786250525012742,HOG8-ML04-H2-GPS-Sniper-Specialist-Exploiter,Exploiter,0.6450732728961602
3914,0.0057511432004497785,HOG8-ML04-H2-GPS-Sniper-Specialist-Exploiter,Exploiter,0.606737029639524
3920,0.005729953541412723,HOG8-ML04-H2-GPS-Sniper-Specialist-Refiner,Refiner,0.36844255652334024
3934,0.005673500045708765,HOG8-ML04-H2-GPS-Sniper-Specialist-Exploiter,Exploiter,0.9852347893564222
3945,0.0056527740848136086,HOG8-ML04-H2-GPS-Sniper-Specialist-Refiner,Refiner,0.36531172518157373
3946,0.005619486363730733,HOG8-ML02-H1-GPS-GradientEstimation-Escape-Specialist-Exploiter,Exploiter,0.5888740746300887
3955,0.005606597924541575,HOG8-ML04-H2-GPS-Sniper-Specialist-Refiner,Refiner,0.22935261970458026
3964,0.00559101777997224,HOG8-ML04-H2-GPS-Sniper-Specialist-Refiner,Refiner,0.2778894577250962
3975,0.005570554689360744,HOG8-ML04-H2-GPS-Sniper-Specialist-Refiner,Refiner,0.36599938359697753
3984,0.005558062010564724,HOG8-ML04-H2-GPS-Sniper-Specialist-Refiner,Refiner,0.2242627438858021
3990,0.005548036540122574,HOG8-ML00-H1-GPS-GradientEstimation-Escape-Specialist-Refiner,Refiner,0.18037708868835245
3990,0.00554748096826297,HOG8-ML01-H2-GPS-GradientEstimation-Escape-Specialist-Polisher,Polisher,0.010013846440741726
3995,0.005508937635620627,HOG8-ML04-H2-GPS-Sniper-Specialist-Exploiter,Exploiter,0.6947898129412118
4001,0.005464611656636368,HOG8-ML04-H2-GPS-Sniper-Specialist-Exploiter,Exploiter,0.8046193643153305
4006,0.005440860964975684,HOG8-ML04-H2-GPS-Sniper-Specialist-Refiner,Refiner,0.43462725538493585
4015,0.005419321461652582,HOG8-ML04-H2-GPS-Sniper-Specialist-Refiner,Refiner,0.39588409742056907
4024,0.0053850110161772465,HOG8-ML06-H2-GPS-Spray-Specialist-Exploiter,Exploiter,0.6331133098141182
4030,0.005374012290407751,HOG8-ML04-H2-GPS-Sniper-Specialist-Refiner,Refiner,0.20424704306925426
4039,0.005341255991057564,HOG8-ML04-H2-GPS-Sniper-Specialist-Exploiter,Exploiter,0.6095315302619402
4050,0.005329843027792679,HOG8-ML04-H2-GPS-Sniper-Specialist-Refiner,Refiner,0.2136756464021366
4059,0.005300757374652012,HOG8-ML04-H2-GPS-Sniper-Specialist-Exploiter,Exploiter,0.5457131286793651
4069,0.005278275939257138,HOG8-ML04-H2-GPS-Sniper-Specialist-Refiner,Refiner,0.42411741956686116
4079,0.005233328686799432,HOG8-ML04-H2-GPS-Sniper-Specialist-Exploiter,Exploiter,0.8515517751432996
4085,0.005224791774048266,HOG8-ML04-H2-GPS-Sniper-Specialist-Refiner,Refiner,0.16312586619487165
4100,0.00520004130255324,HOG8-ML04-H2-GPS-Sniper-Specialist-Refiner,Refiner,0.47371211266183444
4110,0.005162488693097394,HOG8-ML04-H2-GPS-Sniper-Specialist-Exploiter,Exploiter,0.7221598304884095
4120,0.0051607087478797685,HOG8-ML04-H2-GPS-Sniper-Specialist-Polisher,Polisher,0.03447843324104124
4129,0.005130077473610122,HOG8-ML04-H2-GPS-Sniper-Specialist-Exploiter,Exploiter,0.5935478200011041
4139,0.005116331816072782,HOG8-ML04-H2-GPS-Sniper-Specialist-Refiner,Refiner,0.2679424942030463
4155,0.005096218082297358,HOG8-ML04-H2-GPS-Sniper-Specialist-Refiner,Refiner,0.39312801629163135
4169,0.005083325524760856,HOG8-ML04-H2-GPS-Sniper-Specialist-Refiner,Refiner,0.25298284587322606
4176,0.005082463808171102,HOG8-ML04-H2-GPS-Sniper-Specialist-Polisher,Polisher,0.0169518278055714
4185,0.005058315464294081,HOG8-ML04-H2-GPS-Sniper-Specialist-Refiner,Refiner,0.47513066080661664
4194,0.0050440123073283525,HOG8-ML04-H2-GPS-Sniper-Specialist-Refiner,Refiner,0.28276522226999806
4206,0.005017270329542334,HOG8-ML04-H2-GPS-Sniper-Specialist-Exploiter,Exploiter,0.5301727306883309
4214,0.004982888970908013,HOG8-ML04-H2-GPS-Sniper-Specialist-Exploiter,Exploiter,0.6852602386576452
4224,0.004958272204268834,HOG8-ML04-H2-GPS-Sniper-Specialist-Refiner,Refiner,0.49402599140581044
4235,0.004917692031642418,HOG8-ML04-H2-GPS-Sniper-Specialist-Exploiter,Exploiter,0.8184337397103434
4245,0.004900749624292294,HOG8-ML04-H2-GPS-Sniper-Specialist-Refiner,Refiner,0.34451948680620187
4255,0.004892378637080572,HOG8-ML04-H2-GPS-Sniper-Specialist-Refiner,Refiner,0.17081034236535855
4269,0.0048481152710015685,HOG8-ML04-H2-GPS-Sniper-Specialist-Exploiter,Exploiter,0.9047412181780033
4280,0.004834940080835449,HOG8-ML04-H2-GPS-Sniper-Specialist-Refiner,Refiner,0.2717590121036416
4287,0.00481779049794122,HOG8-ML04-H2-GPS-Sniper-Specialist-Refiner,Refiner,0.3547010429809785
4295,0.004801618529481664,HOG8-ML04-H2-GPS-Sniper-Specialist-Refiner,Refiner,0.33567189080693605
4309,0.004783055590149319,HOG8-ML04-H2-GPS-Sniper-Specialist-Refiner,Refiner,0.38659754452315964
4319,0.004754041848836999,HOG8-ML04-H2-GPS-Sniper-Specialist-Exploiter,Exploiter,0.6065942735868225
4329,0.0047261888612158765,HOG8-ML04-H2-GPS-Sniper-Specialist-Exploiter,Exploiter,0.5858801522316409
4339,0.004716984747497372,HOG8-ML04-H2-GPS-Sniper-Specialist-Refiner,Refiner,0.19474705706400508
4351,0.004690452124914009,HOG8-ML04-H2-GPS-Sniper-Specialist-Exploiter,Exploiter,0.562491167634995
4360,0.004667388789526897,HOG8-ML04-H2-GPS-Sniper-Specialist-Refiner,Refiner,0.49170815036376164
4374,0.004651369178353594,HOG8-ML04-H2-GPS-Sniper-Specialist-Refiner,Refiner,0.3432242715509173
4379,0.00464638032089618,HOG8-ML04-H2-GPS-Sniper-Specialist-Refiner,Refiner,0.10725567604117817
4385,0.00463479880257898,HOG8-ML04-H2-GPS-Sniper-Specialist-Refiner,Refiner,0.24925893959033915
4394,0.004616193693884071,HOG8-ML04-H2-GPS-Sniper-Specialist-Refiner,Refiner,0.40142214338529747
4405,0.00460155477922741,HOG8-ML04-H2-GPS-Sniper-Specialist-Refiner,Refiner,0.3171208928268335
4414,0.004564032761895668,HOG8-ML04-H2-GPS-Sniper-Specialist-Exploiter,Exploiter,0.8154204205310298
4425,0.004553213191884,HOG8-ML04-H2-GPS-Sniper-Specialist-Refiner,Refiner,0.23706162019691024
4440,0.00451853929798981,HOG8-ML04-H2-GPS-Sniper-Specialist-Exploiter,Exploiter,0.7615258155712035
4445,0.004513803340143405,HOG8-ML04-H2-GPS-Sniper-Specialist-Refiner,Refiner,0.10481169984539118
4454,0.004474644674869659,HOG8-ML02-H1-GPS-GradientEstimation-Escape-Specialist-Exploiter,Exploiter,0.8675314878140393
4465,0.004466966572101926,HOG8-ML04-H2-GPS-Sniper-Specialist-Refiner,Refiner,0.17159134022092806
4475,0.0044495060940706755,HOG8-ML04-H2-GPS-Sniper-Specialist-Refiner,Refiner,0.3908799797226686
4485,0.004439003340925948,HOG8-ML04-H2-GPS-Sniper-Specialist-Refiner,Refiner,0.2360431230496274
4495,0.004426581515522454,HOG8-ML04-H2-GPS-Sniper-Specialist-Refiner,Refiner,0.2798336574556879
4504,0.004407103334497442,HOG8-ML04-H2-GPS-Sniper-Specialist-Refiner,Refiner,0.440027614011161
4520,0.00438817207499987,HOG8-ML04-H2-GPS-Sniper-Specialist-Refiner,Refiner,0.429562414599713
4530,0.00437675636883003,HOG8-ML04-H2-GPS-Sniper-Specialist-Refiner,Refiner,0.26014718599750186
4541,0.004365011905268176,HOG8-ML04-H2-GPS-Sniper-Specialist-Refiner,Refiner,0.2683371559242961
4551,0.0043348514664150505,HOG8-ML04-H2-GPS-Sniper-Specialist-Exploiter,Exploiter,0.6909589139201281
4560,0.004313827527798713,HOG8-ML04-H2-GPS-Sniper-Specialist-Refiner,Refiner,0.484997900832911
4569,0.00430370696442792,HOG8-ML04-H2-GPS-Sniper-Specialist-Refiner,Refiner,0.23460751051298653
4586,0.004280391688421148,HOG8-ML04-H2-GPS-Sniper-Specialist-Exploiter,Exploiter,0.5417486878052739
4594,0.004274721990686871,HOG8-ML04-H2-GPS-Sniper-Specialist-Refiner,Refiner,0.1324574512564899
4602,0.004254646682765036,HOG8-ML04-H2-GPS-Sniper-Specialist-Refiner,Refiner,0.4696283867248312
4614,0.004250660353367238,HOG8-ML04-H2-GPS-Sniper-Specialist-Refiner,Refiner,0.09369354719737935
4620,0.004250440805886955,HOG8-ML06-H2-GPS-Spray-Specialist-Polisher,Polisher,0.005165020538738155
4625,0.004221193386991809,HOG8-ML04-H2-GPS-Sniper-Specialist-Exploiter,Exploiter,0.688103192841488
4634,0.004215330507903676,HOG8-ML04-H2-GPS-Sniper-Specialist-Refiner,Refiner,0.13889150651566917
4644,0.004211838007142128,HOG8-ML04-H2-GPS-Sniper-Specialist-Refiner,Refiner,0.08285235890756537
4656,0.004194145960219468,HOG8-ML04-H2-GPS-Sniper-Specialist-Refiner,Refiner,0.42005525598703053
4664,0.00418782095885536,HOG8-ML04-H2-GPS-Sniper-Specialist-Refiner,Refiner,0.15080546609725626
4675,0.004164288423224779,HOG8-ML04-H2-GPS-Sniper-Specialist-Exploiter,Exploiter,0.5619279301045492
4689,0.004121083727983425,HOG8-ML04-H2-GPS-Sniper-Specialist-Exploiter,Exploiter,1.037504871189914
4700,0.004105328325620671,HOG8-ML04-H2-GPS-Sniper-Specialist-Refiner,Refiner,0.38231211503346674
4710,0.004096912925697066,HOG8-ML04-H2-GPS-Sniper-Specialist-Refiner,Refiner,0.20498725695301567
4720,0.004090485502743882,HOG8-ML04-H2-GPS-Sniper-Specialist-Refiner,Refiner,0.15688453891391554
4730,0.00407041158057171,HOG8-ML04-H2-GPS-Sniper-Specialist-Refiner,Refiner,0.4907466890838812
4745,0.004064376537573304,HOG8-ML04-H1-GPS-Sniper-Specialist-Refiner,Refiner,0.148266161270063
4750,0.0040377314240550195,HOG8-ML04-H1-GPS-Sniper-Specialist-Exploiter,Exploiter,0.655576895299015
4760,0.004016996986147165,HOG8-ML04-H2-GPS-Sniper-Specialist-Exploiter,Exploiter,0.5135170156273399
4775,0.004004645122740123,HOG8-ML04-H1-GPS-Sniper-Specialist-Refiner,Refiner,0.30748998442463304
4785,0.00399282795052507,HOG8-ML04-H1-GPS-Sniper-Specialist-Refiner,Refiner,0.2950866269760041
4794,0.003961447916629358,HOG8-ML04-H1-GPS-Sniper-Specialist-Exploiter,Exploiter,0.7859099937322694
4804,0.003948512652484799,HOG8-ML04-H1-GPS-Sniper-Specialist-Refiner,Refiner,0.3265286939722067
4816,0.003941629290696758,HOG8-ML04-H1-GPS-Sniper-Specialist-Refiner,Refiner,0.1743279658407509
4825,0.003913398264242474,HOG8-ML04-H1-GPS-Sniper-Specialist-Exploiter,Exploiter,0.7162273357597715
4835,0.0038703364135033785,HOG8-ML04-H1-GPS-Sniper-Specialist-Exploiter,Exploiter,1.100369751082074
4845,0.0038596909824877294,HOG8-ML04-H1-GPS-Sniper-Specialist-Refiner,Refiner,0.27505182698092506
4859,0.003838964855110776,HOG8-ML04-H1-GPS-Sniper-Specialist-Exploiter,Exploiter,0.5369892945055087
4866,0.003833188901851928,HOG8-ML04-H1-GPS-Sniper-Specialist-Refiner,Refiner,0.1504560077219311
4876,0.003810345300902039,HOG8-ML04-H1-GPS-Sniper-Specialist-Exploiter,Exploiter,0.5959424785679788
4885,0.0038094161296858674,HOG8-ML04-H1-GPS-Sniper-Specialist-Polisher,Polisher,0.02438548590207008
4900,0.003790738167317141,HOG8-ML04-H1-GPS-Sniper-Specialist-Refiner,Refiner,0.49031037127116195
4910,0.003788857788035335,HOG8-ML04-H2-GPS-Sniper-Specialist-Polisher,Polisher,0.04960456773349187
4914,0.003777649248881975,HOG8-ML04-H1-GPS-Sniper-Specialist-Refiner,Refiner,0.2958289748629492
4921,0.0037773060232906175,HOG8-ML04-H1-GPS-Sniper-Specialist-Polisher,Polisher,0.009085692417291303
4929,0.003762075098691958,HOG8-ML04-H2-GPS-Sniper-Specialist-Refiner,Refiner,0.4032218863059196
4935,0.003747397438498669,HOG8-ML04-H2-GPS-Sniper-Specialist-Refiner,Refiner,0.3901479850413422
4941,0.0037384624192141756,HOG8-ML04-H1-GPS-Sniper-Specialist-Refiner,Refiner,0.23843265709423164
4949,0.00370540099712561,HOG8-ML04-H1-GPS-Sniper-Specialist-Exploiter,Exploiter,0.8843588187122936
4959,0.0036890380418873898,HOG8-ML04-H1-GPS-Sniper-Specialist-Refiner,Refiner,0.44159742092457976
4969,0.0036726563108757954,HOG8-ML04-H1-GPS-Sniper-Specialist-Refiner,Refiner,0.4440651146880857
4984,0.0036606084006281306,HOG8-ML04-H1-GPS-Sniper-Specialist-Refiner,Refiner,0.32804349843429403
4989,0.0036591934030737595,HOG8-ML04-H1-GPS-Sniper-Specialist-Polisher,Polisher,0.038654709805295354
5000,0.003642403059189259,HOG8-ML04-H1-GPS-Sniper-Specialist-Refiner,Refiner,0.45885368809411053
5011,0.003625677974304164,HOG8-ML04-H1-GPS-Sniper-Specialist-Refiner,Refiner,0.4591772138698393
5020,0.003623265836490954,HOG8-ML04-H1-GPS-Sniper-Specialist-Refiner,Refiner,0.06652928997846932
5036,0.0036197469076507164,HOG8-ML04-H1-GPS-Sniper-Specialist-Refiner,Refiner,0.09712036044381052
5042,0.003615317106217555,HOG8-ML04-H1-GPS-Sniper-Specialist-Refiner,Refiner,0.12237876144872285
5051,0.003596936479865559,HOG8-ML04-H1-GPS-Sniper-Specialist-Exploiter,Exploiter,0.5084097967612675
5061,0.003593146414202722,HOG8-ML04-H1-GPS-Sniper-Specialist-Refiner,Refiner,0.105369268655499
5071,0.0035543202583208236,HOG8-ML04-H1-GPS-Sniper-Specialist-Exploiter,Exploiter,1.0805614747127756
5079,0.0035488755939218596,HOG8-ML04-H1-GPS-Sniper-Specialist-Refiner,Refiner,0.15318440667291797
5092,0.003529300854707586,HOG8-ML04-H1-GPS-Sniper-Specialist-Exploiter,Exploiter,0.5515758074979912
5105,0.0035204362958434106,HOG8-ML04-H1-GPS-Sniper-Specialist-Refiner,Refiner,0.2511703940555615
5114,0.0035152368959262678,HOG8-ML04-H1-GPS-Sniper-Specialist-Refiner,Refiner,0.14769191884772218
5124,0.003504182932993085,HOG8-ML04-H1-GPS-Sniper-Specialist-Refiner,Refiner,0.31445854889589553
5134,0.003484349348826696,HOG8-ML04-H1-GPS-Sniper-Specialist-Exploiter,Exploiter,0.5659973964158317
5140,0.003484302322170666,HOG8-ML04-H1-GPS-Sniper-Specialist-Polisher,Polisher,0.0013496538757247262
5145,0.00347639815293149,HOG8-ML04-H1-GPS-Sniper-Specialist-Refiner,Refiner,0.22685084439664432
5156,0.0034606224600062458,HOG8-ML04-H1-GPS-Sniper-Specialist-Refiner,Refiner,0.45379419247306735
5169,0.0034569947528551373,HOG8-ML04-H1-GPS-Sniper-Specialist-Refiner,Refiner,0.10482816871915945
5174,0.0034512548999596658,HOG8-ML04-H2-GPS-Sniper-Specialist-Refiner,Refiner,0.1660359157540223
5179,0.003442986720244693,HOG8-ML04-H1-GPS-Sniper-Specialist-Refiner,Refiner,0.23957024197399068
5184,0.0034228591063289525,HOG8-ML04-H1-GPS-Sniper-Specialist-Exploiter,Exploiter,0.5845974890751321
5194,0.0034151890650994127,HOG8-ML04-H1-GPS-Sniper-Specialist-Refiner,Refiner,0.2240828789989525
5204,0.0034115151979145163,HOG8-ML04-H1-GPS-Sniper-Specialist-Refiner,Refiner,0.10757434258736934
5215,0.0033982880987313262,HOG8-ML04-H1-GPS-Sniper-Specialist-Refiner,Refiner,0.387719192670632
5225,0.003385095885340821,HOG8-ML04-H1-GPS-Sniper-Specialist-Refiner,Refiner,0.3882017359102174
5235,0.003380531992998701,HOG8-ML04-H1-GPS-Sniper-Specialist-Refiner,Refiner,0.13482313342684998
5250,0.0033780526091155274,HOG8-ML04-H1-GPS-Sniper-Specialist-Refiner,Refiner,0.07334300897931409
5260,0.0033612425723153205,HOG8-ML04-H1-GPS-Sniper-Specialist-Refiner,Refiner,0.49762507412838225
5276,0.0033481542573264656,HOG8-ML04-H1-GPS-Sniper-Specialist-Refiner,Refiner,0.3893891829365753
5279,0.003332257387766456,HOG8-ML04-H1-GPS-Sniper-Specialist-Refiner,Refiner,0.47479501654452927
5290,0.003307029594354679,HOG8-ML04-H1-GPS-Sniper-Specialist-Exploiter,Exploiter,0.7570781748251011
5304,0.0032988888763258216,HOG8-ML04-H1-GPS-Sniper-Specialist-Refiner,Refiner,0.24616405135152924
5315,0.003294816694879807,HOG8-ML04-H1-GPS-Sniper-Specialist-Refiner,Refiner,0.12344100085451408
5329,0.0032844293108344426,HOG8-ML04-H1-GPS-Sniper-Specialist-Refiner,Refiner,0.31526439882092344
5345,0.0032797139169544057,HOG8-ML04-H1-GPS-Sniper-Specialist-Refiner,Refiner,0.143568134180329
5355,0.003275384904888156,HOG8-ML04-H1-GPS-Sniper-Specialist-Refiner,Refiner,0.13199358772944023
5364,0.0032524365658253697,HOG8-ML04-H1-GPS-Sniper-Specialist-Exploiter,Exploiter,0.7006302993134719
5379,0.0032460424789340055,HOG8-ML04-H1-GPS-Sniper-Specialist-Refiner,Refiner,0.19659374631774096
5385,0.003237244959807915,HOG8-ML04-H1-GPS-Sniper-Specialist-Refiner,Refiner,0.2710229204695986
5401,0.0032156716666405594,HOG8-ML04-H1-GPS-Sniper-Specialist-Exploiter,Exploiter,0.6664090433439265
5406,0.003209790047087626,HOG8-ML04-H1-GPS-Sniper-Specialist-Refiner,Refiner,0.18290485356292477
5417,0.0031962903801458498,HOG8-ML04-H1-GPS-Sniper-Specialist-Refiner,Refiner,0.4205778802892439
5429,0.0031933716183212453,HOG8-ML04-H1-GPS-Sniper-Specialist-Refiner,Refiner,0.09131716701131748
5440,0.003185187985909858,HOG8-ML04-H1-GPS-Sniper-Specialist-Refiner,Refiner,0.2562693412954371
5445,0.0031817694290084044,HOG8-ML04-H1-GPS-Sniper-Specialist-Refiner,Refiner,0.10732669206891647
5450,0.003180701584308429,HOG8-ML04-H1-GPS-Sniper-Specialist-Polisher,Polisher,0.03356134766522409
5459,0.00317888132357733,HOG8-ML04-H1-GPS-Sniper-Specialist-Refiner,Refiner,0.05722827756238078
5469,0.003170694797673094,HOG8-ML04-H1-GPS-Sniper-Specialist-Refiner,Refiner,0.2575285161958542
5479,0.0031661572763115784,HOG8-ML04-H1-GPS-Sniper-Specialist-Refiner,Refiner,0.14310810882352307
5490,0.003161931716314924,HOG8-ML04-H1-GPS-Sniper-Specialist-Refiner,Refiner,0.13346020516002774
5505,0.0031546143260450634,HOG8-ML04-H1-GPS-Sniper-Specialist-Refiner,Refiner,0.23142151464259
5514,0.0031453568819752083,HOG8-ML04-H1-GPS-Sniper-Specialist-Refiner,Refiner,0.2934572379711812
5520,0.0031452483618978986,HOG8-ML04-H1-GPS-Sniper-Specialist-Polisher,Polisher,0.0034501673858260175
5534,0.0031403842784752806,HOG8-ML04-H1-GPS-Sniper-Specialist-Refiner,Refiner,0.15464862748336208
5544,0.0031323551088784343,HOG8-ML04-H1-GPS-Sniper-Specialist-Refiner,Refiner,0.2556747482108956
5555,0.0031221332980600636,HOG8-ML04-H1-GPS-Sniper-Specialist-Refiner,Refiner,0.32632988480130243
5564,0.0031148209036671462,HOG8-ML04-H1-GPS-Sniper-Specialist-Refiner,Refiner,0.23421147320842944
5574,0.003101742536534384,HOG8-ML04-H1-GPS-Sniper-Specialist-Refiner,Refiner,0.4198754129768686
5584,0.003091110873754622,HOG8-ML04-H2-GPS-Sniper-Specialist-Refiner,Refiner,0.3427641931764281
5594,0.003055487921541647,HOG8-ML04-H2-GPS-Sniper-Specialist-Exploiter,Exploiter,1.1524320436201354
5605,0.0030534838311516753,HOG8-ML04-H2-GPS-Sniper-Specialist-Refiner,Refiner,0.06558986457916395
5615,0.003032463941154877,HOG8-ML04-H2-GPS-Sniper-Specialist-Exploiter,Exploiter,0.6883904143311014
5626,0.0030184719607323283,HOG8-ML04-H2-GPS-Sniper-Specialist-Refiner,Refiner,0.46140632482574934
5634,0.0030078472838114285,HOG8-ML04-H2-GPS-Sniper-Specialist-Refiner,Refiner,0.35198859088696455
5645,0.0030056012794821133,HOG8-ML04-H2-GPS-Sniper-Specialist-Refiner,Refiner,0.07467148819035409
5655,0.003001575513542269,HOG8-ML04-H2-GPS-Sniper-Specialist-Refiner,Refiner,0.1339421155868736
5665,0.0029868488958693304,HOG8-ML04-H1-GPS-Sniper-Specialist-Refiner,Refiner,0.49062959124286853
5677,0.002955640345680136,HOG8-ML04-H1-GPS-Sniper-Specialist-Exploiter,Exploiter,1.044865384129559
5684,0.002945265613820647,HOG8-ML04-H1-GPS-Sniper-Specialist-Refiner,Refiner,0.35101469211747055
5695,0.002922535959938394,HOG8-ML04-H1-GPS-Sniper-Specialist-Exploiter,Exploiter,0.7717352817210849
5710,0.0028743592476820016,HOG8-ML04-H1-GPS-Sniper-Specialist-Exploiter,Exploiter,1.648455756123798
5714,0.002871235454954928,HOG8-ML04-H1-GPS-Sniper-Specialist-Refiner,Refiner,0.10867788115186532
5730,0.0028632278742132824,HOG8-ML04-H1-GPS-Sniper-Specialist-Refiner,Refiner,0.2788897276894146
5740,0.002857585379058192,HOG8-ML04-H1-GPS-Sniper-Specialist-Refiner,Refiner,0.19706762447751802
5745,0.002854456181485012,HOG8-ML04-H1-GPS-Sniper-Specialist-Refiner,Refiner,0.10950495464151337
5760,0.002829699240094829,HOG8-ML04-H1-GPS-Sniper-Specialist-Exploiter,Exploiter,0.8673085104884355
5770,0.0028228328411050658,HOG8-ML04-H1-GPS-Sniper-Specialist-Refiner,Refiner,0.24265472784073452
5775,0.002806798795251488,HOG8-ML04-H1-GPS-Sniper-Specialist-Exploiter,Exploiter,0.5680125872172015
5790,0.002799276337436308,HOG8-ML04-H1-GPS-Sniper-Specialist-Refiner,Refiner,0.26800844534729507
5801,0.002780969762948872,HOG8-ML04-H1-GPS-Sniper-Specialist-Exploiter,Exploiter,0.6539752521968547
5811,0.0027718956821952854,HOG8-ML04-H1-GPS-Sniper-Specialist-Refiner,Refiner,0.326291960253627
5820,0.0027665120680335016,HOG8-ML04-H1-GPS-Sniper-Specialist-Refiner,Refiner,0.19422138417272902
5829,0.002764776975308621,HOG8-ML04-H1-GPS-Sniper-Specialist-Refiner,Refiner,0.06271769947904736
5839,0.002760875638428268,HOG8-ML04-H1-GPS-Sniper-Specialist-Refiner,Refiner,0.1411085565018235
5850,0.002750370471314533,HOG8-ML04-H1-GPS-Sniper-Specialist-Refiner,Refiner,0.38050127892452623
5861,0.002747026929221981,HOG8-ML04-H1-GPS-Sniper-Specialist-Refiner,Refiner,0.12156697170158444
5871,0.0027397169358516727,HOG8-ML04-H1-GPS-Sniper-Specialist-Refiner,Refiner,0.2661056319669469
5879,0.0027368373529307057,HOG8-ML04-H1-GPS-Sniper-Specialist-Refiner,Refiner,0.10510512539763123
5889,0.002727778023221958,HOG8-ML04-H1-GPS-Sniper-Specialist-Refiner,Refiner,0.33101454491063265
5899,0.0027207969778032556,HOG8-ML04-H1-GPS-Sniper-Specialist-Refiner,Refiner,0.2559242489407747
5910,0.0027137786946730543,HOG8-ML04-H1-GPS-Sniper-Specialist-Refiner,Refiner,0.25794953417905375
5925,0.002711329687431969,HOG8-ML04-H1-GPS-Sniper-Specialist-Refiner,Refiner,0.09024343974298304
5931,0.0027033190824350345,HOG8-ML04-H1-GPS-Sniper-Specialist-Refiner,Refiner,0.29544931529598895
5945,0.0026991978812193054,HOG8-ML04-H1-GPS-Sniper-Specialist-Refiner,Refiner,0.15244967723221675
5955,0.002698745886344476,HOG8-ML04-H1-GPS-Sniper-Specialist-Polisher,Polisher,0.01674552569763102
5964,0.0026953008914689667,HOG8-ML04-H1-GPS-Sniper-Specialist-Refiner,Refiner,0.1276516952907925
5979,0.002692222538780636,HOG8-ML04-H1-GPS-Sniper-Specialist-Refiner,Refiner,0.1142118380205313
5986,0.002677193011298178,HOG8-ML04-H1-GPS-Sniper-Specialist-Exploiter,Exploiter,0.5582572490186952
6000,0.0026737608188426693,HOG8-ML04-H1-GPS-Sniper-Specialist-Refiner,Refiner,0.12820115849041988
6010,0.002669678778695652,HOG8-ML04-H1-GPS-Sniper-Specialist-Refiner,Refiner,0.15267035548766822
6016,0.002668264060180161,HOG8-ML04-H1-GPS-Sniper-Specialist-Refiner,Refiner,0.05299208754180504
6016,0.002667944433306692,HOG8-ML04-H1-GPS-Sniper-Specialist-Polisher,Polisher,0.011978832164282815
6030,0.0026599801818633024,HOG8-ML04-H1-GPS-Sniper-Specialist-Refiner,Refiner,0.2985163912697608
6041,0.0026584430164541288,HOG8-ML04-H1-GPS-Sniper-Specialist-Refiner,Refiner,0.05778860382699546
6050,0.0026578449411909563,HOG8-ML04-H1-GPS-Sniper-Specialist-Polisher,Polisher,0.022497200785226677
6059,0.002642747847903504,HOG8-ML04-H1-GPS-Sniper-Specialist-Exploiter,Exploiter,0.5680200922739866
6070,0.002640160500154521,HOG8-ML04-H1-GPS-Sniper-Specialist-Refiner,Refiner,0.09790369334840038
6079,0.002634117854399804,HOG8-ML04-H1-GPS-Sniper-Specialist-Refiner,Refiner,0.22887418224624378
6090,0.0026277257617551533,HOG8-ML04-H1-GPS-Sniper-Specialist-Refiner,Refiner,0.24266540063778314
6106,0.002627360857690823,HOG8-ML04-H1-GPS-Sniper-Specialist-Polisher,Polisher,0.01388668747863184
6115,0.00262510506713267,HOG8-ML04-H1-GPS-Sniper-Specialist-Refiner,Refiner,0.08585766022774095
6129,0.0026180080544597334,HOG8-ML04-H1-GPS-Sniper-Specialist-Refiner,Refiner,0.2703515665637161
6145,0.0026170679974228486,HOG8-ML04-H1-GPS-Sniper-Specialist-Polisher,Polisher,0.035907339371376176
6154,0.0026123794458778058,HOG8-ML04-H1-GPS-Sniper-Specialist-Refiner,Refiner,0.17915283629083534
6170,0.0026090898444046107,HOG8-ML04-H1-GPS-Sniper-Specialist-Refiner,Refiner,0.12592357049761352
6174,0.002605791760667772,HOG8-ML04-H1-GPS-Sniper-Specialist-Refiner,Refiner,0.1264074421933662
6184,0.0025965407781581105,HOG8-ML04-H1-GPS-Sniper-Specialist-Refiner,Refiner,0.3550161854564598
6194,0.0025956312583954796,HOG8-ML04-H1-GPS-Sniper-Specialist-Polisher,Polisher,0.03502813321021712
6204,0.0025939064176196966,HOG8-ML04-H1-GPS-Sniper-Specialist-Refiner,Refiner,0.06645168762720366
6216,0.0025879357012493025,HOG8-ML04-H1-GPS-Sniper-Specialist-Refiner,Refiner,0.23018241251252006
6225,0.0025820589239013846,HOG8-ML04-H1-GPS-Sniper-Specialist-Refiner,Refiner,0.2270835919563608
6239,0.0025758332796009782,HOG8-ML04-H1-GPS-Sniper-Specialist-Refiner,Refiner,0.24111162773154815
6245,0.002575472071018304,HOG8-ML04-H1-GPS-Sniper-Specialist-Polisher,Polisher,0.014022979885174426
6260,0.0025647430060346463,HOG8-ML04-H1-GPS-Sniper-Specialist-Refiner,Refiner,0.4165863456409288
6265,0.0025546005881615283,HOG8-ML04-H1-GPS-Sniper-Specialist-Refiner,Refiner,0.3954555231948615
6279,0.002535520070957327,HOG8-ML04-H1-GPS-Sniper-Specialist-Exploiter,Exploiter,0.7469080408351786
6290,0.002530716653507894,HOG8-ML04-H1-GPS-Sniper-Specialist-Refiner,Refiner,0.1894450572272269
6300,0.002528415468485747,HOG8-ML04-H1-GPS-Sniper-Specialist-Refiner,Refiner,0.09093017264328271
6306,0.0025229095829657757,HOG8-ML04-H1-GPS-Sniper-Specialist-Refiner,Refiner,0.21776031623746
6319,0.002521776976601132,HOG8-ML04-H1-GPS-Sniper-Specialist-Polisher,Polisher,0.04489286386999437
6330,0.002506802108576271,HOG8-ML04-H2-GPS-Sniper-Specialist-Exploiter,Exploiter,0.5938220613404144
6340,0.0025009614148115335,HOG8-ML04-H2-GPS-Sniper-Specialist-Refiner,Refiner,0.23299381090973753
6349,0.0024971699036547414,HOG8-ML04-H2-GPS-Sniper-Specialist-Refiner,Refiner,0.15160214525252522
6359,0.0024910496025475856,HOG8-ML04-H2-GPS-Sniper-Specialist-Refiner,Refiner,0.24508949503990093
6369,0.0024867995666649494,HOG8-ML04-H2-GPS-Sniper-Specialist-Refiner,Refiner,0.17061225429994217
6380,0.00248527605218433,HOG8-ML04-H2-GPS-Sniper-Specialist-Refiner,Refiner,0.06126406410238179
6385,0.0024804088749726706,HOG8-ML04-H1-GPS-Sniper-Specialist-Refiner,Refiner,0.19584050662627941
6390,0.002472897926441292,HOG8-ML04-H1-GPS-Sniper-Specialist-Refiner,Refiner,0.30281090376526193
6404,0.0024718991270586107,HOG8-ML04-H1-GPS-Sniper-Specialist-Polisher,Polisher,0.04038983461475975
6409,0.0024650659366801117,HOG8-ML04-H2-GPS-Sniper-Specialist-Refiner,Refiner,0.2764348392577791
6415,0.0024637112003957494,HOG8-ML04-H1-GPS-Sniper-Specialist-Refiner,Refiner,0.05495740556890939
6420,0.002462839505146731,HOG8-ML04-H2-GPS-Sniper-Specialist-Polisher,Polisher,0.03538138921795849
6435,0.0024552935725308408,HOG8-ML04-H2-GPS-Sniper-Specialist-Refiner,Refiner,0.306391569573293
6447,0.0024336145465455265,HOG8-ML04-H1-GPS-Sniper-Specialist-Exploiter,Exploiter,0.8829504637593392
6454,0.002433212336240568,HOG8-ML04-H1-GPS-Sniper-Specialist-Polisher,Polisher,0.01652728060527562
6466,0.002428916929425025,HOG8-ML04-H1-GPS-Sniper-Specialist-Refiner,Refiner,0.17653234580339797
6474,0.0024258808235471966,HOG8-ML04-H1-GPS-Sniper-Specialist-Refiner,Refiner,0.12499834148494379
6484,0.002420522154292807,HOG8-ML04-H1-GPS-Sniper-Specialist-Refiner,Refiner,0.22089581657825041
6495,0.002417105377882874,HOG8-ML04-H1-GPS-Sniper-Specialist-Refiner,Refiner,0.14115865057765387
6499,0.0024106180004572274,HOG8-ML04-H1-GPS-Sniper-Specialist-Refiner,Refiner,0.26839448064646954
6509,0.0023998618898258516,HOG8-ML04-H1-GPS-Sniper-Specialist-Refiner,Refiner,0.44619722533125
6530,0.002398023768240108,HOG8-ML04-H1-GPS-Sniper-Specialist-Refiner,Refiner,0.07659280700845367
6540,0.002396772860647064,HOG8-ML04-H1-GPS-Sniper-Specialist-Refiner,Refiner,0.052164103192424545
6555,0.0023896366330764507,HOG8-ML04-H1-GPS-Sniper-Specialist-Refiner,Refiner,0.29774317323865396
6570,0.00238678661710368,HOG8-ML04-H1-GPS-Sniper-Specialist-Refiner,Refiner,0.11926566295988221
6580,0.0023829928656376484,HOG8-ML04-H1-GPS-Sniper-Specialist-Refiner,Refiner,0.15894807851047751
6590,0.0023751342185864745,HOG8-ML04-H1-GPS-Sniper-Specialist-Refiner,Refiner,0.32978055303875176
6599,0.0023605843636911542,HOG8-ML04-H1-GPS-Sniper-Specialist-Exploiter,Exploiter,0.6125908498753998
6610,0.0023553869985283634,HOG8-ML04-H1-GPS-Sniper-Specialist-Refiner,Refiner,0.2201728200327439
6620,0.0023426127283332826,HOG8-ML04-H1-GPS-Sniper-Specialist-Exploiter,Exploiter,0.54234273191888
6634,0.002308995228245155,HOG8-ML04-H1-GPS-Sniper-Specialist-Exploiter,Exploiter,1.4350430048267437
6644,0.002301148916733157,HOG8-ML04-H1-GPS-Sniper-Specialist-Refiner,Refiner,0.3398149730244788
6654,0.002285971284049623,HOG8-ML04-H1-GPS-Sniper-Specialist-Exploiter,Exploiter,0.6595676000439368
6664,0.0022813716717015407,HOG8-ML04-H1-GPS-Sniper-Specialist-Refiner,Refiner,0.201210416778912
6675,0.0022734912931219294,HOG8-ML04-H1-GPS-Sniper-Specialist-Refiner,Refiner,0.3454228294915999
6684,0.002266819222910011,HOG8-ML04-H1-GPS-Sniper-Specialist-Refiner,Refiner,0.293472432997815
6695,0.002264480362932443,HOG8-ML04-H1-GPS-Sniper-Specialist-Refiner,Refiner,0.10317805469134693
6704,0.0022612235990400282,HOG8-ML04-H1-GPS-Sniper-Specialist-Refiner,Refiner,0.1438194804302595
6710,0.0022586595025465214,HOG8-ML02-H1-GPS-GradientEstimation-Escape-Specialist-Refiner,Refiner,0.1133942036778385
6720,0.0022578158189523337,HOG8-ML02-H1-GPS-GradientEstimation-Escape-Specialist-Polisher,Polisher,0.03735328823297599
6724,0.002246591549714582,HOG8-ML04-H1-GPS-Sniper-Specialist-Refiner,Refiner,0.4971295330440162
6736,0.0022461069697164537,HOG8-ML04-H1-GPS-Sniper-Specialist-Polisher,Polisher,0.021569563821687825
6744,0.0022393609514575756,HOG8-ML04-H1-GPS-Sniper-Specialist-Refiner,Refiner,0.30034269737962255
6754,0.0022280995866865985,HOG8-ML04-H1-GPS-Sniper-Specialist-Exploiter,Exploiter,0.5028829659482646
6765,0.002227020665265589,HOG8-ML04-H1-GPS-Sniper-Specialist-Polisher,Polisher,0.04842339307706209
6775,0.0022173318535930555,HOG8-ML04-H1-GPS-Sniper-Specialist-Refiner,Refiner,0.4350571067277393
6785,0.0022143622167069142,HOG8-ML04-H1-GPS-Sniper-Specialist-Refiner,Refiner,0.133928391518354
6794,0.0022129686202035283,HOG8-ML04-H1-GPS-Sniper-Specialist-Refiner,Refiner,0.0629344419296665
6804,0.002201017604847316,HOG8-ML04-H1-GPS-Sniper-Specialist-Exploiter,Exploiter,0.5400445016302723
6815,0.0021827046653852176,HOG8-ML04-H1-GPS-Sniper-Specialist-Exploiter,Exploiter,0.832021489594977
6829,0.002181231723378933,HOG8-ML04-H1-GPS-Sniper-Specialist-Refiner,Refiner,0.06748242351075988
6860,0.002176560800290238,HOG8-ML04-H1-GPS-Sniper-Specialist-Refiner,Refiner,0.21414153474073114
6870,0.002176113713093291,HOG8-ML04-H1-GPS-Sniper-Specialist-Polisher,Polisher,0.020540992784915616
6879,0.002171795946819466,HOG8-ML04-H1-GPS-Sniper-Specialist-Refiner,Refiner,0.19841639009238113
6891,0.002167203162033138,HOG8-ML04-H1-GPS-Sniper-Specialist-Refiner,Refiner,0.2114740472305337
6900,0.002163777450164002,HOG8-ML04-H1-GPS-Sniper-Specialist-Refiner,Refiner,0.15807063819168524
6909,0.002162608857683486,HOG8-ML04-H1-GPS-Sniper-Specialist-Refiner,Refiner,0.05400705513532396
6919,0.0021571318070303215,HOG8-ML04-H1-GPS-Sniper-Specialist-Refiner,Refiner,0.253261269771709
6930,0.0021538281795877336,HOG8-ML04-H1-GPS-Sniper-Specialist-Refiner,Refiner,0.15314907655717208
6940,0.002148539923132949,HOG8-ML04-H1-GPS-Sniper-Specialist-Refiner,Refiner,0.24552824152373737
6950,0.0021467327128604705,HOG8-ML04-H1-GPS-Sniper-Specialist-Refiner,Refiner,0.08411341362665438
6960,0.0021438247954522482,HOG8-ML04-H1-GPS-Sniper-Specialist-Refiner,Refiner,0.13545782345429883
6975,0.0021294573469625645,HOG8-ML04-H1-GPS-Sniper-Specialist-Exploiter,Exploiter,0.6701782962936964
6983,0.0021247773949208634,HOG8-ML04-H1-GPS-Sniper-Specialist-Refiner,Refiner,0.21977204889201493
6994,0.0021233332497348732,HOG8-ML04-H1-GPS-Sniper-Specialist-Refiner,Refiner,0.06796689335279463
7005,0.0021220816538318377,HOG8-ML04-H1-GPS-Sniper-Specialist-Refiner,Refiner,0.05894486431613212
7015,0.002119730190038484,HOG8-ML04-H1-GPS-Sniper-Specialist-Refiner,Refiner,0.11080929845973546
7027,0.0021182658828233394,HOG8-ML04-H1-GPS-Sniper-Specialist-Refiner,Refiner,0.06907988677171524
7035,0.0021159698038180443,HOG8-ML04-H2-GPS-Sniper-Specialist-Refiner,Refiner,0.1083942777870144
7044,0.002115147921980773,HOG8-ML04-H2-GPS-Sniper-Specialist-Polisher,Polisher,0.03884185094647458
7050,0.002105270611718917,HOG8-ML04-H2-GPS-Sniper-Specialist-Refiner,Refiner,0.4669796452158318
7060,0.0021040212102325893,HOG8-ML04-H2-GPS-Sniper-Specialist-Refiner,Refiner,0.059346360480832326
7070,0.002090518120866852,HOG8-ML04-H2-GPS-Sniper-Specialist-Exploiter,Exploiter,0.6417753442820352
7085,0.002080423418146405,HOG8-ML04-H2-GPS-Sniper-Specialist-Refiner,Refiner,0.48288042182868357
7095,0.0020754999201250453,HOG8-ML04-H2-GPS-Sniper-Specialist-Refiner,Refiner,0.23665845992766757
7110,0.002058382785455245,HOG8-ML04-H2-GPS-Sniper-Specialist-Exploiter,Exploiter,0.8247234559647133
7115,0.002057314487486752,HOG8-ML04-H2-GPS-Sniper-Specialist-Refiner,Refiner,0.05189986896712342
7130,0.0020479579396024267,HOG8-ML04-H2-GPS-Sniper-Specialist-Refiner,Refiner,0.4547942446930196
7140,0.002032677840206252,HOG8-ML04-H2-GPS-Sniper-Specialist-Exploiter,Exploiter,0.7461139264970026
7155,0.0020283158955006087,HOG8-ML04-H2-GPS-Sniper-Specialist-Refiner,Refiner,0.2145910492732374
7166,0.002023500831929871,HOG8-ML04-H2-GPS-Sniper-Specialist-Refiner,Refiner,0.23739219228222194
7173,0.0020203376378272685,HOG8-ML04-H2-GPS-Sniper-Specialist-Refiner,Refiner,0.15632284665708235
7184,0.0020199912713772293,HOG8-ML04-H2-GPS-Sniper-Specialist-Polisher,Polisher,0.01714398838857794
7199,0.0020183008587671032,HOG8-ML04-H2-GPS-Sniper-Specialist-Refiner,Refiner,0.08368415418813185
7215,0.002013382891038443,HOG8-ML04-H2-GPS-Sniper-Specialist-Refiner,Refiner,0.24366871308098867
7229,0.002003968677488107,HOG8-ML04-H2-GPS-Sniper-Specialist-Refiner,Refiner,0.46758187884870667
7250,0.001998563144096619,HOG8-ML04-H2-GPS-Sniper-Specialist-Refiner,Refiner,0.2697414112412029
7254,0.0019969152669517473,HOG8-ML04-H2-GPS-Sniper-Specialist-Refiner,Refiner,0.08245309385090151
7270,0.0019789157302054403,HOG8-ML04-H2-GPS-Sniper-Specialist-Exploiter,Exploiter,0.9013670757188886
7281,0.001974155486641382,HOG8-ML04-H2-GPS-Sniper-Specialist-Refiner,Refiner,0.24054806838914675
7289,0.001972384550546525,HOG8-ML04-H2-GPS-Sniper-Specialist-Refiner,Refiner,0.08970600881444366
7299,0.0019711773290126446,HOG8-ML04-H2-GPS-Sniper-Specialist-Refiner,Refiner,0.061206194985949355
7311,0.0019701590809431775,HOG8-ML04-H2-GPS-Sniper-Specialist-Refiner,Refiner,0.051656847635170096
7319,0.001963491984530301,HOG8-ML04-H2-GPS-Sniper-Specialist-Refiner,Refiner,0.3384039632822321
7334,0.0019620686308402272,HOG8-ML04-H2-GPS-Sniper-Specialist-Refiner,Refiner,0.07249093458429413
7339,0.0019331515644895987,HOG8-ML04-H2-GPS-Sniper-Specialist-Exploiter,Exploiter,1.4738050390339958
7354,0.0019322549492808414,HOG8-ML04-H2-GPS-Sniper-Specialist-Polisher,Polisher,0.04638100939560545
7366,0.0019216008374707307,HOG8-ML04-H2-GPS-Sniper-Specialist-Exploiter,Exploiter,0.551382301495778
7374,0.00192064656229351,HOG8-ML04-H2-GPS-Sniper-Specialist-Polisher,Polisher,0.049660426796896154
7384,0.0019088998287574567,HOG8-ML04-H2-GPS-Sniper-Specialist-Exploiter,Exploiter,0.6116030802682456
7404,0.001904228375986984,HOG8-ML04-H2-GPS-Sniper-Specialist-Refiner,Refiner,0.24471963903488236
7415,0.0018980974146347964,HOG8-ML04-H2-GPS-Sniper-Specialist-Refiner,Refiner,0.3219656544089572
7425,0.0018977976215339494,HOG8-ML04-H2-GPS-Sniper-Specialist-Polisher,Polisher,0.01579440014698401
7435,0.0018951034079181081,HOG8-ML04-H2-GPS-Sniper-Specialist-Refiner,Refiner,0.141965275183748
7445,0.0018926827626559231,HOG8-ML04-H2-GPS-Sniper-Specialist-Refiner,Refiner,0.12773156610193737
7455,0.0018920558103259447,HOG8-ML04-H2-GPS-Sniper-Specialist-Polisher,Polisher,0.0331250615448441
7464,0.0018852802139265649,HOG8-ML04-H2-GPS-Sniper-Specialist-Refiner,Refiner,0.3581076394470951
7475,0.0018825360220488898,HOG8-ML04-H2-GPS-Sniper-Specialist-Refiner,Refiner,0.14555883297367142
7486,0.001875902944912712,HOG8-ML04-H2-GPS-Sniper-Specialist-Refiner,Refiner,0.3523479528938139
7494,0.0018694771961112002,HOG8-ML04-H2-GPS-Sniper-Specialist-Refiner,Refiner,0.34254164475501087
7505,0.0018534926976784727,HOG8-ML04-H2-GPS-Sniper-Specialist-Exploiter,Exploiter,0.8550250554528149
7515,0.0018528650519136873,HOG8-ML04-H2-GPS-Sniper-Specialist-Polisher,Polisher,0.0338628668767639
7528,0.0018402666069754522,HOG8-ML04-H2-GPS-Sniper-Specialist-Exploiter,Exploiter,0.6799440102355578
7535,0.0018402331534096272,HOG8-ML04-H2-GPS-Sniper-Specialist-Polisher,Polisher,0.001817865177701008
7557,0.0018373794739203202,HOG8-ML04-H2-GPS-Sniper-Specialist-Refiner,Refiner,0.15507162687617132
7565,0.0018362875077686663,HOG8-ML04-H2-GPS-Sniper-Specialist-Refiner,Refiner,0.059430627540644855
7579,0.0018323564718385151,HOG8-ML04-H2-GPS-Sniper-Specialist-Refiner,Refiner,0.21407518776446582
7600,0.0018316364808196991,HOG8-ML04-H2-GPS-Sniper-Specialist-Polisher,Polisher,0.03929317411112593
7614,0.0018289637737857463,HOG8-ML04-H2-GPS-Sniper-Specialist-Refiner,Refiner,0.14591907629819514
7619,0.0018273933848597223,HOG8-ML04-H2-GPS-Sniper-Specialist-Refiner,Refiner,0.08586222146835944
7629,0.0018267394084935955,HOG8-ML04-H2-GPS-Sniper-Specialist-Polisher,Polisher,0.03578738828459863
7640,0.0018233992404661319,HOG8-ML04-H2-GPS-Sniper-Specialist-Refiner,Refiner,0.18284863248327382
7649,0.0018212718808961255,HOG8-ML04-H2-GPS-Sniper-Specialist-Refiner,Refiner,0.11666998223946379
7659,0.0018199016941273893,HOG8-ML04-H2-GPS-Sniper-Specialist-Refiner,Refiner,0.07523241220097449
7669,0.0018197375907459308,HOG8-ML04-H2-GPS-Sniper-Specialist-Polisher,Polisher,0.009017156365537841
7679,0.0018061048444629564,HOG8-ML04-H2-GPS-Sniper-Specialist-Exploiter,Exploiter,0.7491600081408544
7695,0.0018036999541839623,HOG8-ML04-H2-GPS-Sniper-Specialist-Refiner,Refiner,0.1331534150061585
7708,0.0017952261638642412,HOG8-ML04-H2-GPS-Sniper-Specialist-Refiner,Refiner,0.4698004399270952
7724,0.001793258895009565,HOG8-ML04-H2-GPS-Sniper-Specialist-Refiner,Refiner,0.10958334355163689
7735,0.0017926526168053898,HOG8-ML04-H2-GPS-Sniper-Specialist-Polisher,Polisher,0.03380873815054789
7747,0.0017909519356266584,HOG8-ML04-H2-GPS-Sniper-Specialist-Refiner,Refiner,0.09486953371713852
7754,0.0017862791785779502,HOG8-ML04-H2-GPS-Sniper-Specialist-Refiner,Refiner,0.2609091263564966
7775,0.00177934927338562,HOG8-ML04-H2-GPS-Sniper-Specialist-Refiner,Refiner,0.3879519660441294
7784,0.001766800321206554,HOG8-ML04-H2-GPS-Sniper-Specialist-Exploiter,Exploiter,0.7052551383118184
7799,0.0017659647265819102,HOG8-ML04-H2-GPS-Sniper-Specialist-Polisher,Polisher,0.04729423096737907
7805,0.0017656577830317132,HOG8-ML04-H2-GPS-Sniper-Specialist-Polisher,Polisher,0.017381069144631618
7815,0.00175888114848577,HOG8-ML04-H2-GPS-Sniper-Specialist-Refiner,Refiner,0.3838022640099235
7825,0.0017560603074009689,HOG8-ML04-H2-GPS-Sniper-Specialist-Refiner,Refiner,0.1603770150831183
7835,0.001752670116445714,HOG8-ML04-H2-GPS-Sniper-Specialist-Refiner,Refiner,0.19305663598037243
7851,0.001750929091088589,HOG8-ML04-H2-GPS-Sniper-Specialist-Refiner,Refiner,0.09933559891211532
7856,0.0017484941815736977,HOG8-ML04-H2-GPS-Sniper-Specialist-Refiner,Refiner,0.13906385628543425
7864,0.0017477608167549288,HOG8-ML04-H2-GPS-Sniper-Specialist-Polisher,Polisher,0.04194265136809515
7874,0.0017474885228330977,HOG8-ML04-H2-GPS-Sniper-Specialist-Polisher,Polisher,0.015579587276513944
7885,0.001726060356626324,HOG8-ML04-H2-GPS-Sniper-Specialist-Exploiter,Exploiter,1.226226434496612
7899,0.0017259696638029119,HOG8-ML04-H2-GPS-Sniper-Specialist-Polisher,Polisher,0.0052543251493998725
7919,0.001714562173726518,HOG8-ML04-H2-GPS-Sniper-Specialist-Exploiter,Exploiter,0.6609322467035281
7935,0.001713968973384027,HOG8-ML04-H2-GPS-Sniper-Specialist-Polisher,Polisher,0.03459777379794224
7939,0.0017138708531940284,HOG8-ML04-H2-GPS-Sniper-Specialist-Polisher,Polisher,0.005724735483681319
7950,0.0017134583153563996,HOG8-ML04-H2-GPS-Sniper-Specialist-Polisher,Polisher,0.024070532319280608
7959,0.0017027818641612664,HOG8-ML04-H2-GPS-Sniper-Specialist-Exploiter,Exploiter,0.6230937221786141
7980,0.0016858356780638712,HOG8-ML04-H2-GPS-Sniper-Specialist-Exploiter,Exploiter,0.9952059306047589
7999,0.001684804694314653,HOG8-ML04-H2-GPS-Sniper-Specialist-Refiner,Refiner,0.061155648954017726
8015,0.0016841663916668823,HOG8-ML04-H2-GPS-Sniper-Specialist-Polisher,Polisher,0.03788585406513723
8026,0.0016819932294169049,HOG8-ML04-H2-GPS-Sniper-Specialist-Refiner,Refiner,0.12903488994496232
8035,0.0016688452449543348,HOG8-ML04-H2-GPS-Sniper-Specialist-Exploiter,Exploiter,0.7816906889172252
8044,0.0016657984168339515,HOG8-ML04-H2-GPS-Sniper-Specialist-Refiner,Refiner,0.18257104004072336
8049,0.0016646823625228024,HOG8-ML04-H2-GPS-Sniper-Specialist-Refiner,Refiner,0.06699816135438001
8065,0.0016620765948229315,HOG8-ML04-H2-GPS-Sniper-Specialist-Refiner,Refiner,0.15653242675808893
8080,0.001655555561462509,HOG8-ML04-H2-GPS-Sniper-Specialist-Refiner,Refiner,0.3923425298650098
8095,0.0016552646338824082,HOG8-ML04-H2-GPS-Sniper-Specialist-Polisher,Polisher,0.017572806789030098
8106,0.001645306366394566,HOG8-ML04-H2-GPS-Sniper-Specialist-Exploiter,Exploiter,0.601611807804121
8114,0.0016429289916596525,HOG8-ML04-H2-GPS-Sniper-Specialist-Refiner,Refiner,0.14449434971330755
8129,0.001636170027696934,HOG8-ML04-H2-GPS-Sniper-Specialist-Refiner,Refiner,0.4113972056631998
8140,0.0016329895799435078,HOG8-ML04-H2-GPS-Sniper-Specialist-Refiner,Refiner,0.1943836948231544
8155,0.0016274304883563606,HOG8-ML04-H2-GPS-Sniper-Specialist-Refiner,Refiner,0.340424192255991
8164,0.0016132978275436296,HOG8-ML04-H2-GPS-Sniper-Specialist-Exploiter,Exploiter,0.868403345878347
8174,0.001608740125322587,HOG8-ML04-H2-GPS-Sniper-Specialist-Refiner,Refiner,0.2825084211501194
8190,0.0016081971779335364,HOG8-ML04-H2-GPS-Sniper-Specialist-Polisher,Polisher,0.03374985061317226
8205,0.0016070565812220763,HOG8-ML04-H2-GPS-Sniper-Specialist-Refiner,Refiner,0.07092393439750717
8215,0.001606697055780529,HOG8-ML04-H2-GPS-Sniper-Specialist-Polisher,Polisher,0.022371672892423453
8229,0.0015954934299486283,HOG8-ML04-H2-GPS-Sniper-Specialist-Exploiter,Exploiter,0.697307920718019
8240,0.0015857384140220852,HOG8-ML04-H2-GPS-Sniper-Specialist-Exploiter,Exploiter,0.6114105983411744
8250,0.0015835165083303807,HOG8-ML04-H2-GPS-Sniper-Specialist-Refiner,Refiner,0.14011804671294173
8265,0.0015804903136046123,HOG8-ML04-H2-GPS-Sniper-Specialist-Refiner,Refiner,0.19110597899349838
8280,0.0015794459208665055,HOG8-ML04-H2-GPS-Sniper-Specialist-Refiner,Refiner,0.06608029983586627
8290,0.0015778393178618615,HOG8-ML04-H2-GPS-Sniper-Specialist-Refiner,Refiner,0.10171940573708023
8302,0.0015767783674774773,HOG8-ML04-H2-GPS-Sniper-Specialist-Refiner,Refiner,0.06724071154608745
8314,0.0015724329388562726,HOG8-ML04-H2-GPS-Sniper-Specialist-Refiner,Refiner,0.27558905619415075
8320,0.0015723761987491247,HOG8-ML04-H2-GPS-Sniper-Specialist-Polisher,Polisher,0.003608427790196344
8324,0.001572069737646247,HOG8-ML04-H2-GPS-Sniper-Specialist-Polisher,Polisher,0.019490316828855304
8335,0.001569716979089252,HOG8-ML04-H2-GPS-Sniper-Specialist-Refiner,Refiner,0.149659935602957
8340,0.0015609831458475978,HOG8-ML04-H2-GPS-Sniper-Specialist-Exploiter,Exploiter,0.5563954112748117
8349,0.001560979281712511,HOG8-ML04-H2-GPS-Sniper-Specialist-Polisher,Polisher,0.0002475449588969076
8365,0.0015572750962547298,HOG8-ML04-H2-GPS-Sniper-Specialist-Refiner,Refiner,0.23729882267992147
8386,0.0015537298212271564,HOG8-ML04-H2-GPS-Sniper-Specialist-Refiner,Refiner,0.22765887903170323
8395,0.001551222725605627,HOG8-ML04-H2-GPS-Sniper-Specialist-Refiner,Refiner,0.1613598186298141
8415,0.001550269418851911,HOG8-ML04-H2-GPS-Sniper-Specialist-Refiner,Refiner,0.06145518228813385
8425,0.0015420877303769821,HOG8-ML04-H2-GPS-Sniper-Specialist-Exploiter,Exploiter,0.5277591349888087
8445,0.0015405938205640683,HOG8-ML04-H2-GPS-Sniper-Specialist-Refiner,Refiner,0.09687579918352542
8460,0.0015395104754852159,HOG8-ML04-H2-GPS-Sniper-Specialist-Refiner,Refiner,0.07031996781966879
8465,0.0015349230873892578,HOG8-ML04-H2-GPS-Sniper-Specialist-Refiner,Refiner,0.2979770627745955
8475,0.0015348179732833339,HOG8-ML04-H2-GPS-Sniper-Specialist-Polisher,Polisher,0.006848167624004097
8485,0.0015311724656835815,HOG8-ML04-H2-GPS-Sniper-Specialist-Refiner,Refiner,0.23752051795131274
8499,0.0015300089300232973,HOG8-ML04-H2-GPS-Sniper-Specialist-Refiner,Refiner,0.07598985002415631
8509,0.001529287561469425,HOG8-ML04-H2-GPS-Sniper-Specialist-Polisher,Polisher,0.04714799631014576
8520,0.001527163447205759,HOG8-ML04-H2-GPS-Sniper-Specialist-Refiner,Refiner,0.13889567385385007
8529,0.0015208414257824017,HOG8-ML04-H2-GPS-Sniper-Specialist-Refiner,Refiner,0.41397149957488844
8546,0.0015194421862680535,HOG8-ML04-H2-GPS-Sniper-Specialist-Refiner,Refiner,0.09200430042391941
8560,0.0015181323000501763,HOG8-ML04-H2-GPS-Sniper-Specialist-Refiner,Refiner,0.08620836183931728
8570,0.0015164391387086514,HOG8-ML04-H2-GPS-Sniper-Specialist-Refiner,Refiner,0.1115292350652778
8585,0.0015152088393500665,HOG8-ML04-H2-GPS-Sniper-Specialist-Refiner,Refiner,0.08113081014464883
8629,0.00151427543353519,HOG8-ML04-H2-GPS-Sniper-Specialist-Refiner,Refiner,0.06160245311642474
8635,0.001510995379081108,HOG8-ML04-H2-GPS-Sniper-Specialist-Refiner,Refiner,0.21660884020447796
8650,0.001507614411539399,HOG8-ML04-H2-GPS-Sniper-Specialist-Refiner,Refiner,0.22375763609318658
8659,0.0015075584907000804,HOG8-ML04-H2-GPS-Sniper-Specialist-Polisher,Polisher,0.0037092269011565443
8670,0.001507448550677735,HOG8-ML04-H2-GPS-Sniper-Specialist-Polisher,Polisher,0.007292587519730194
8680,0.0015015167104892903,HOG8-ML04-H2-GPS-Sniper-Specialist-Refiner,Refiner,0.393501999506237
8691,0.001500500393452463,HOG8-ML04-H2-GPS-Sniper-Specialist-Refiner,Refiner,0.06768602904832915
8703,0.0014969095921534576,HOG8-ML04-H2-GPS-Sniper-Specialist-Refiner,Refiner,0.2393069215225858
8709,0.001490545901677907,HOG8-ML04-H2-GPS-Sniper-Specialist-Refiner,Refiner,0.42512189840374587
8720,0.0014863448531626082,HOG8-ML04-H2-GPS-Sniper-Specialist-Refiner,Refiner,0.2818463027921358
8735,0.0014854308114258252,HOG8-ML04-H2-GPS-Sniper-Specialist-Refiner,Refiner,0.06149593984451661
8745,0.0014841809664720917,HOG8-ML04-H2-GPS-Sniper-Specialist-Refiner,Refiner,0.08414023353493315
8754,0.0014776217511429154,HOG8-ML04-H2-GPS-Sniper-Specialist-Refiner,Refiner,0.4419417495137141
8765,0.0014722005998112607,HOG8-ML04-H2-GPS-Sniper-Specialist-Refiner,Refiner,0.3668835632300034
8774,0.0014719402311485165,HOG8-ML04-H2-GPS-Sniper-Specialist-Polisher,Polisher,0.01768567834964652
8786,0.0014699977152699327,HOG8-ML04-H2-GPS-Sniper-Specialist-Refiner,Refiner,0.1319697524041505
8794,0.0014689330298850313,HOG8-ML04-H2-GPS-Sniper-Specialist-Refiner,Refiner,0.0724276897740582
8805,0.0014644838205379802,HOG8-ML04-H2-GPS-Sniper-Specialist-Refiner,Refiner,0.30288714710154785
8809,0.0014644421371888025,HOG8-ML04-H2-GPS-Sniper-Specialist-Polisher,Polisher,0.0028462826692330382
8816,0.0014629181809525957,HOG8-ML04-H2-GPS-Sniper-Specialist-Refiner,Refiner,0.10406394336154624
8834,0.0014629076727606983,HOG8-ML04-H2-GPS-Sniper-Specialist-Polisher,Polisher,0.0007183034590844949
8844,0.0014571707628592365,HOG8-ML04-H2-GPS-Sniper-Specialist-Refiner,Refiner,0.3921580294015065
8859,0.001449519660818164,HOG8-ML04-H2-GPS-Sniper-Specialist-Exploiter,Exploiter,0.5250655747483959
8870,0.0014459386438517127,HOG8-ML04-H2-GPS-Sniper-Specialist-Refiner,Refiner,0.24704852671195218
8879,0.001444885761320443,HOG8-ML04-H2-GPS-Sniper-Specialist-Refiner,Refiner,0.07281654278670048
8889,0.0014437385538356015,HOG8-ML04-H2-GPS-Sniper-Specialist-Refiner,Refiner,0.07939779846630517
8910,0.0014420344120691514,HOG8-ML04-H2-GPS-Sniper-Specialist-Refiner,Refiner,0.11803672915173351
8945,0.0014419193632743308,HOG8-ML04-H2-GPS-Sniper-Specialist-Polisher,Polisher,0.007978228110069893
8972,0.0014404351849749899,HOG8-ML04-H2-GPS-Sniper-Specialist-Refiner,Refiner,0.10293074197787716
8991,0.001440026067495618,HOG8-ML04-H2-GPS-Sniper-Specialist-Polisher,Polisher,0.028402352541732956
9020,0.0014395040854353373,HOG8-ML04-H2-GPS-Sniper-Specialist-Polisher,Polisher,0.03624809800760171
9040,0.0014374904122913211,HOG8-ML04-H2-GPS-Sniper-Specialist-Refiner,Refiner,0.13988658763737874
9059,0.0014306385912369226,HOG8-ML04-H2-GPS-Sniper-Specialist-Refiner,Refiner,0.47665160030367704
9140,0.001429405964756708,HOG8-ML04-H2-GPS-Sniper-Specialist-Refiner,Refiner,0.08615918008676603
9155,0.0014273043817466615,HOG8-ML04-H2-GPS-Sniper-Specialist-Refiner,Refiner,0.14702492237075576
9165,0.0014230193287890413,HOG8-ML04-H2-GPS-Sniper-Specialist-Refiner,Refiner,0.3002199819758398
9179,0.0014223779526826936,HOG8-ML04-H2-GPS-Sniper-Specialist-Polisher,Polisher,0.045071496456304545
9189,0.0014176166594192946,HOG8-ML04-H2-GPS-Sniper-Specialist-Refiner,Refiner,0.3347417790341149
9210,0.0014053308063802141,HOG8-ML04-H2-GPS-Sniper-Specialist-Exploiter,Exploiter,0.8666555205490586
9219,0.0013887224733634047,HOG8-ML04-H2-GPS-Sniper-Specialist-Exploiter,Exploiter,1.1818095028876796
9240,0.0013870357403219355,HOG8-ML04-H2-GPS-Sniper-Specialist-Refiner,Refiner,0.12145933214316236
9249,0.0013865340400651212,HOG8-ML04-H2-GPS-Sniper-Specialist-Polisher,Polisher,0.03617067983395059
9259,0.0013846821110200776,HOG8-ML04-H2-GPS-Sniper-Specialist-Refiner,Refiner,0.13356535011261514
9269,0.0013797149315600643,HOG8-ML04-H2-GPS-Sniper-Specialist-Refiner,Refiner,0.3587234514320427
9280,0.0013791325708634884,HOG8-ML04-H2-GPS-Sniper-Specialist-Polisher,Polisher,0.042208769598331336
9290,0.0013790764676870314,HOG8-ML04-H2-GPS-Sniper-Specialist-Polisher,Polisher,0.0040680046024762564
9300,0.0013777475887624259,HOG8-ML04-H2-GPS-Sniper-Specialist-Refiner,Refiner,0.09636006093514715
9313,0.0013736245437602638,HOG8-ML04-H2-GPS-Sniper-Specialist-Refiner,Refiner,0.2992598234823034
9319,0.0013699810462594899,HOG8-ML04-H2-GPS-Sniper-Specialist-Refiner,Refiner,0.265246971403109
9391,0.0013663752048112773,HOG8-ML04-H2-GPS-Sniper-Specialist-Refiner,Refiner,0.26320374709254263
9401,0.0013629451955236998,HOG8-ML04-H2-GPS-Sniper-Specialist-Refiner,Refiner,0.251029825153421
9414,0.0013616649286940959,HOG8-ML04-H2-GPS-Sniper-Specialist-Refiner,Refiner,0.09393384516184022
9420,0.0013608569550749427,HOG8-ML04-H2-GPS-Sniper-Specialist-Refiner,Refiner,0.05933718362916855
9436,0.0013563436677982502,HOG8-ML04-H2-GPS-Sniper-Specialist-Refiner,Refiner,0.33165038102362104
9449,0.001347688217294026,HOG8-ML04-H2-GPS-Sniper-Specialist-Exploiter,Exploiter,0.6381458261440899
9465,0.0013444367892280896,HOG8-ML04-H2-GPS-Sniper-Specialist-Refiner,Refiner,0.2412596640834895
9475,0.0013443730719464697,HOG8-ML04-H2-GPS-Sniper-Specialist-Polisher,Polisher,0.004739328924236735
9486,0.001328345311601877,HOG8-ML04-H2-GPS-Sniper-Specialist-Exploiter,Exploiter,1.1922107545182128
9500,0.001327483133028676,HOG8-ML04-H2-GPS-Sniper-Specialist-Refiner,Refiner,0.06490620817273349
9510,0.0013239642032675677,HOG8-ML04-H2-GPS-Sniper-Specialist-Refiner,Refiner,0.2650828227911086
9529,0.0013215271026736336,HOG8-ML04-H2-GPS-Sniper-Specialist-Refiner,Refiner,0.18407601866570847
9550,0.0013213300628718296,HOG8-ML04-H2-GPS-Sniper-Specialist-Polisher,Polisher,0.014910008383885233
9565,0.0013168055775995046,HOG8-ML04-H2-GPS-Sniper-Specialist-Refiner,Refiner,0.3424190063829582
9580,0.0013166297832342686,HOG8-ML04-H2-GPS-Sniper-Specialist-Polisher,Polisher,0.013350062319482945
9589,0.0013130257115422678,HOG8-ML04-H2-GPS-Sniper-Specialist-Refiner,Refiner,0.2737346320047144
9604,0.001310505502760294,HOG8-ML04-H2-GPS-Sniper-Specialist-Refiner,Refiner,0.19193902753158554
9615,0.0013103984101518228,HOG8-ML04-H2-GPS-Sniper-Specialist-Polisher,Polisher,0.008171854925104336
9624,0.0013018919565456976,HOG8-ML04-H2-GPS-Sniper-Specialist-Exploiter,Exploiter,0.649150177550939
9639,0.0012987382035980163,HOG8-ML04-H2-GPS-Sniper-Specialist-Refiner,Refiner,0.24224383074376862
9654,0.0012935186799004099,HOG8-ML04-H2-GPS-Sniper-Specialist-Refiner,Refiner,0.4018919042456975
9665,0.0012794578335809251,HOG8-ML04-H2-GPS-Sniper-Specialist-Exploiter,Exploiter,1.0870230587290255
9685,0.0012789392678570584,HOG8-ML04-H2-GPS-Sniper-Specialist-Polisher,Polisher,0.04053011441693266
9694,0.001276841185729078,HOG8-ML04-H2-GPS-Sniper-Specialist-Refiner,Refiner,0.1640486128395868
9702,0.0012749672104368128,HOG8-ML04-H2-GPS-Sniper-Specialist-Refiner,Refiner,0.1467665135813426
9714,0.0012722714319695885,HOG8-ML04-H2-GPS-Sniper-Specialist-Refiner,Refiner,0.21143904291473697
9724,0.0012707638578671036,HOG8-ML04-H2-GPS-Sniper-Specialist-Refiner,Refiner,0.11849469103861578
9735,0.00126840774113392,HOG8-ML04-H2-GPS-Sniper-Specialist-Refiner,Refiner,0.18540948568825955
9784,0.0012634999031144861,HOG8-ML04-H2-GPS-Sniper-Specialist-Refiner,Refiner,0.38692904972704495
9795,0.0012601968989379765,HOG8-ML04-H2-GPS-Sniper-Specialist-Refiner,Refiner,0.2614170502402011
9805,0.0012583503684431376,HOG8-ML04-H2-GPS-Sniper-Specialist-Refiner,Refiner,0.14652714162326336
9815,0.0012560798191995001,HOG8-ML04-H2-GPS-Sniper-Specialist-Refiner,Refiner,0.18043855674685366
9827,0.0012557884686311945,HOG8-ML04-H2-GPS-Sniper-Specialist-Polisher,Polisher,0.023195227234151343
9835,0.0012426245056655714,HOG8-ML04-H2-GPS-Sniper-Specialist-Exploiter,Exploiter,1.0482627683284735
9845,0.0012414286694248755,HOG8-ML04-H2-GPS-Sniper-Specialist-Refiner,Refiner,0.09623472217420806
9859,0.0012386390102383869,HOG8-ML04-H2-GPS-Sniper-Specialist-Refiner,Refiner,0.22471361063225512
9870,0.001234429274847305,HOG8-ML04-H2-GPS-Sniper-Specialist-Refiner,Refiner,0.339867819137363
9880,0.0012327643178489886,HOG8-ML04-H2-GPS-Sniper-Specialist-Refiner,Refiner,0.13487666180976163
9893,0.0012317745342556045,HOG8-ML04-H2-GPS-Sniper-Specialist-Refiner,Refiner,0.08028976658823829
9899,0.0012310900170628028,HOG8-ML04-H2-GPS-Sniper-Specialist-Refiner,Refiner,0.055571630502608486
9910,0.0012308682825199384,HOG8-ML04-H2-GPS-Sniper-Specialist-Polisher,Polisher,0.018011237179340858
9915,0.001225353927381711,HOG8-ML04-H2-GPS-Sniper-Specialist-Refiner,Refiner,0.4480052997172082
9930,0.0012232146098987646,HOG8-ML04-H2-GPS-Sniper-Specialist-Refiner,Refiner,0.17458771993472702
9940,0.0012200536332414482,HOG8-ML04-H2-GPS-Sniper-Specialist-Refiner,Refiner,0.25841554145416273
9949,0.0012181029687093332,HOG8-ML04-H2-GPS-Sniper-Specialist-Refiner,Refiner,0.1598835066727739
9959,0.001216000144961542,HOG8-ML04-H2-GPS-Sniper-Specialist-Refiner,Refiner,0.17263103381312206
9969,0.0012158594380377,HOG8-ML04-H2-GPS-Sniper-Specialist-Polisher,Polisher,0.011571291699675992
9982,0.0012135994130876408,HOG8-ML04-H2-GPS-Sniper-Specialist-Refiner,Refiner,0.18587880139390825
9995,0.0012113556327416311,HOG8-ML04-H2-GPS-Sniper-Specialist-Refiner,Refiner,0.18488640665217942
10005,0.001209580950151406,HOG8-ML04-H2-GPS-Sniper-Specialist-Refiner,Refiner,0.14650384596046273
10020,0.0012061583611636395,HOG8-ML04-H2-GPS-Sniper-Specialist-Refiner,Refiner,0.28295658817527003
10000,0.0012061583611636395,Final,Final,0
