TimeMs,BestQuality,Source,Role,DeltaPct
6,1039692.037753896,HOG8-ML00-H2-GPS-GradientEstimation-Escape-Specialist-Global Explorer,Global Explorer,100
6,986246.5638306262,HOG8-ML01-H1-GPS-GradientEstimation-Escape-Specialist-Local Explorer,Local Explorer,5.140510072456742
6,641107.246492241,HOG8-ML02-H2-GPS-GradientEstimation-Escape-Specialist-Local Explorer,Local Explorer,34.995236485068034
14,544747.2081135181,HOG8-ML05-H2-GPS-JADE-Specialist-Local Explorer,Local Explorer,15.030252567873474
14,509116.4472845499,HOG8-ML04-H1-GPS-Sniper-Specialist-Local Explorer,Local Explorer,6.540788148756003
16,469.39137112067704,HOG8-ML00-H1-GPS-GradientEstimation-Escape-Specialist-Global Explorer,Global Explorer,99.90780274854126
20,234.6801160668587,HOG8-ML00-H1-GPS-GradientEstimation-Escape-Specialist-Global Explorer,Global Explorer,50.00331695349291
22,127.10505555862736,HOG8-ML02-H1-GPS-GradientEstimation-Escape-Specialist-Local Explorer,Local Explorer,45.83901794116378
27,27.766077711706547,HOG8-ML00-H1-GPS-GradientEstimation-Escape-Specialist-Global Explorer,Global Explorer,78.15501705288236
31,27.51701674938303,HOG8-ML01-H2-GPS-GradientEstimation-Escape-Specialist-Exploiter,Exploiter,0.8969972817533076
37,26.552238964045518,HOG8-ML00-H1-GPS-GradientEstimation-Escape-Specialist-Exploiter,Exploiter,3.5061133048121653
42,26.32145667191668,HOG8-ML01-H2-GPS-GradientEstimation-Escape-Specialist-Exploiter,Exploiter,0.8691632085766587
51,25.727706513926787,HOG8-ML00-H1-GPS-GradientEstimation-Escape-Specialist-Exploiter,Exploiter,2.2557648134397708
51,25.48123724164399,HOG8-ML00-H1-GPS-GradientEstimation-Escape-Specialist-Exploiter,Exploiter,0.9579916194604479
61,25.17217385873572,HOG8-ML00-H1-GPS-GradientEstimation-Escape-Specialist-Exploiter,Exploiter,1.212905715595178
61,25.026787475249677,HOG8-ML00-H1-GPS-GradientEstimation-Escape-Specialist-Exploiter,Exploiter,0.5775678505239237
71,24.60855453784554,HOG8-ML00-H1-GPS-GradientEstimation-Escape-Specialist-Exploiter,Exploiter,1.671141123557112
71,24.56972586650559,HOG8-ML01-H2-GPS-GradientEstimation-Escape-Specialist-Refiner,Refiner,0.15778525829395956
75,24.50313351779067,HOG8-ML00-H1-GPS-GradientEstimation-Escape-Specialist-Refiner,Refiner,0.27103415429514954
85,24.25144023235389,HOG8-ML00-H1-GPS-GradientEstimation-Escape-Specialist-Exploiter,Exploiter,1.0271881563802272
86,24.068398154715574,HOG8-ML00-H1-GPS-GradientEstimation-Escape-Specialist-Exploiter,Exploiter,0.7547678648549663
95,23.97020700943506,HOG8-ML00-H1-GPS-GradientEstimation-Escape-Specialist-Refiner,Refiner,0.40796709714258605
96,23.821714173964303,HOG8-ML00-H1-GPS-GradientEstimation-Escape-Specialist-Exploiter,Exploiter,0.6194891659146258
105,23.728529860458547,HOG8-ML00-H1-GPS-GradientEstimation-Escape-Specialist-Refiner,Refiner,0.391173837555319
105,23.585825033084948,HOG8-ML00-H1-GPS-GradientEstimation-Escape-Specialist-Exploiter,Exploiter,0.601406105699805
116,23.37169306078836,HOG8-ML00-H1-GPS-GradientEstimation-Escape-Specialist-Exploiter,Exploiter,0.9078841719389302
120,23.34298111660429,HOG8-ML01-H2-GPS-GradientEstimation-Escape-Specialist-Refiner,Refiner,0.12284922666660404
129,23.18756690346173,HOG8-ML00-H1-GPS-GradientEstimation-Escape-Specialist-Exploiter,Exploiter,0.6657856268067278
130,23.168820352292204,HOG8-ML01-H2-GPS-GradientEstimation-Escape-Specialist-Refiner,Refiner,0.0808474267592331
140,23.069301804493872,HOG8-ML00-H1-GPS-GradientEstimation-Escape-Specialist-Refiner,Refiner,0.429536533518362
146,23.033109285929417,HOG8-ML01-H2-GPS-GradientEstimation-Escape-Specialist-Refiner,Refiner,0.1568860595399766
150,22.923433993830496,HOG8-ML00-H1-GPS-GradientEstimation-Escape-Specialist-Refiner,Refiner,0.4761636422483323
155,22.908082772030763,HOG8-ML01-H2-GPS-GradientEstimation-Escape-Specialist-Refiner,Refiner,0.06696737410226013
164,22.716316315280707,HOG8-ML00-H1-GPS-GradientEstimation-Escape-Specialist-Exploiter,Exploiter,0.8371126412385321
177,22.56910259038916,HOG8-ML01-H2-GPS-GradientEstimation-Escape-Specialist-Exploiter,Exploiter,0.6480528041974815
177,22.4601362345935,HOG8-ML00-H1-GPS-GradientEstimation-Escape-Specialist-Refiner,Refiner,0.4828120894893899
185,22.261256233830615,HOG8-ML00-H1-GPS-GradientEstimation-Escape-Specialist-Exploiter,Exploiter,0.8854799395943352
200,22.22237846579299,HOG8-ML00-H1-GPS-GradientEstimation-Escape-Specialist-Refiner,Refiner,0.1746431900754231
200,22.051022329758357,HOG8-ML00-H1-GPS-GradientEstimation-Escape-Specialist-Exploiter,Exploiter,0.7710971906018123
206,21.807391598773016,HOG8-ML00-H1-GPS-GradientEstimation-Escape-Specialist-Exploiter,Exploiter,1.1048500488639745
219,21.607114760042823,HOG8-ML00-H1-GPS-GradientEstimation-Escape-Specialist-Exploiter,Exploiter,0.9183897020561684
231,21.578398790507133,HOG8-ML00-H1-GPS-GradientEstimation-Escape-Specialist-Refiner,Refiner,0.13290052769466662
231,21.40741256204692,HOG8-ML00-H1-GPS-GradientEstimation-Escape-Specialist-Exploiter,Exploiter,0.7923953492575007
244,21.387741011695034,HOG8-ML00-H1-GPS-GradientEstimation-Escape-Specialist-Refiner,Refiner,0.09189130304686807
244,21.21656501497374,HOG8-ML00-H1-GPS-GradientEstimation-Escape-Specialist-Exploiter,Exploiter,0.8003463134685183
250,21.05556748251985,HOG8-ML00-H1-GPS-GradientEstimation-Escape-Specialist-Exploiter,Exploiter,0.7588293974084029
256,21.00736289811744,HOG8-ML01-H2-GPS-GradientEstimation-Escape-Specialist-Refiner,Refiner,0.22893984900873293
261,21.002186134846095,HOG8-ML00-H1-GPS-GradientEstimation-Escape-Specialist-Polisher,Polisher,0.02464261362290002
261,20.832376595057227,HOG8-ML00-H1-GPS-GradientEstimation-Escape-Specialist-Exploiter,Exploiter,0.8085326865431715
267,20.77022597185813,HOG8-ML01-H2-GPS-GradientEstimation-Escape-Specialist-Refiner,Refiner,0.2983366920020111
272,20.595745495332675,HOG8-ML00-H1-GPS-GradientEstimation-Escape-Specialist-Exploiter,Exploiter,0.8400509304129018
281,20.542923394109522,HOG8-ML01-H2-GPS-GradientEstimation-Escape-Specialist-Refiner,Refiner,0.25647093587908076
285,20.533252251280924,HOG8-ML00-H1-GPS-GradientEstimation-Escape-Specialist-Polisher,Polisher,0.04707773398683328
285,20.365342937453228,HOG8-ML00-H1-GPS-GradientEstimation-Escape-Specialist-Exploiter,Exploiter,0.8177433938514121
292,20.360633120655482,HOG8-ML01-H2-GPS-GradientEstimation-Escape-Specialist-Polisher,Polisher,0.023126626505681327
295,20.339803138809256,HOG8-ML00-H1-GPS-GradientEstimation-Escape-Specialist-Refiner,Refiner,0.10230517746078781
296,20.176377658858264,HOG8-ML00-H1-GPS-GradientEstimation-Escape-Specialist-Exploiter,Exploiter,0.8034762128015288
301,20.162164776831442,HOG8-ML01-H2-GPS-GradientEstimation-Escape-Specialist-Refiner,Refiner,0.07044317997577663
307,20.035051767538295,HOG8-ML00-H1-GPS-GradientEstimation-Escape-Specialist-Exploiter,Exploiter,0.6304531814917715
312,19.969274487676486,HOG8-ML01-H2-GPS-GradientEstimation-Escape-Specialist-Refiner,Refiner,0.3283110052572181
315,19.840685076934275,HOG8-ML00-H1-GPS-GradientEstimation-Escape-Specialist-Exploiter,Exploiter,0.6439363173738095
320,19.786117013985972,HOG8-ML01-H2-GPS-GradientEstimation-Escape-Specialist-Refiner,Refiner,0.2750311430109852
325,19.783745546067497,HOG8-ML00-H1-GPS-GradientEstimation-Escape-Specialist-Polisher,Polisher,0.01198551447360467
325,19.647851236794793,HOG8-ML00-H1-GPS-GradientEstimation-Escape-Specialist-Exploiter,Exploiter,0.6868987925277686
331,19.598215658268217,HOG8-ML01-H2-GPS-GradientEstimation-Escape-Specialist-Refiner,Refiner,0.25262598911387874
335,19.46087037488158,HOG8-ML00-H1-GPS-GradientEstimation-Escape-Specialist-Exploiter,Exploiter,0.7008050415482217
341,19.407782935103906,HOG8-ML01-H2-GPS-GradientEstimation-Escape-Specialist-Refiner,Refiner,0.2727906756225775
345,19.27989226571488,HOG8-ML00-H1-GPS-GradientEstimation-Escape-Specialist-Exploiter,Exploiter,0.6589658891830564
355,19.228794165333746,HOG8-ML01-H2-GPS-GradientEstimation-Escape-Specialist-Refiner,Refiner,0.26503312195370954
360,19.21143498984443,HOG8-ML00-H1-GPS-GradientEstimation-Escape-Specialist-Refiner,Refiner,0.09027698429790354
360,19.051322693251308,HOG8-ML00-H1-GPS-GradientEstimation-Escape-Specialist-Exploiter,Exploiter,0.8334218483822887
365,19.040727835396357,HOG8-ML01-H2-GPS-GradientEstimation-Escape-Specialist-Refiner,Refiner,0.05561219042656782
371,19.033661669856695,HOG8-ML00-H1-GPS-GradientEstimation-Escape-Specialist-Polisher,Polisher,0.037110795347466315
371,18.831088016019994,HOG8-ML00-H1-GPS-GradientEstimation-Escape-Specialist-Exploiter,Exploiter,1.064291555405306
379,18.653784817525665,HOG8-ML00-H1-GPS-GradientEstimation-Escape-Specialist-Exploiter,Exploiter,0.9415451637393084
390,18.503359920775708,HOG8-ML00-H1-GPS-GradientEstimation-Escape-Specialist-Exploiter,Exploiter,0.8064041599141284
395,18.493684011443293,HOG8-ML01-H2-GPS-GradientEstimation-Escape-Specialist-Refiner,Refiner,0.05229271534382825
401,18.29068628578521,HOG8-ML00-H1-GPS-GradientEstimation-Escape-Specialist-Exploiter,Exploiter,1.0976597498501348
410,18.102703252356996,HOG8-ML00-H1-GPS-GradientEstimation-Escape-Specialist-Exploiter,Exploiter,1.0277527616572095
423,17.916492546910085,HOG8-ML00-H1-GPS-GradientEstimation-Escape-Specialist-Exploiter,Exploiter,1.0286348002896515
437,17.74264755994866,HOG8-ML00-H1-GPS-GradientEstimation-Escape-Specialist-Exploiter,Exploiter,0.9703070313916172
445,17.715461042635276,HOG8-ML00-H1-GPS-GradientEstimation-Escape-Specialist-Refiner,Refiner,0.15322694779078425
447,17.519455992077127,HOG8-ML00-H1-GPS-GradientEstimation-Escape-Specialist-Exploiter,Exploiter,1.106406714939169
455,17.50273845860402,HOG8-ML00-H1-GPS-GradientEstimation-Escape-Specialist-Refiner,Refiner,0.0954226745434663
456,17.302965598931006,HOG8-ML00-H1-GPS-GradientEstimation-Escape-Specialist-Exploiter,Exploiter,1.1413805910743653
466,17.13245839724333,HOG8-ML00-H1-GPS-GradientEstimation-Escape-Specialist-Exploiter,Exploiter,0.9854218383131448
480,16.946006903423708,HOG8-ML00-H1-GPS-GradientEstimation-Escape-Specialist-Exploiter,Exploiter,1.088293865926575
491,16.84019229607508,HOG8-ML00-H1-GPS-GradientEstimation-Escape-Specialist-Exploiter,Exploiter,0.6244220715338469
501,16.61853100427006,HOG8-ML00-H1-GPS-GradientEstimation-Escape-Specialist-Exploiter,Exploiter,1.3162634244781308
520,16.564111611577598,HOG8-ML00-H1-GPS-GradientEstimation-Escape-Specialist-Refiner,Refiner,0.3274621124964652
520,16.366020100904652,HOG8-ML00-H1-GPS-GradientEstimation-Escape-Specialist-Exploiter,Exploiter,1.1959078477501208
530,16.351805306844206,HOG8-ML00-H1-GPS-GradientEstimation-Escape-Specialist-Refiner,Refiner,0.08685553343332957
530,16.154856720222906,HOG8-ML00-H1-GPS-GradientEstimation-Escape-Specialist-Exploiter,Exploiter,1.2044455210022904
539,15.98443461432936,HOG8-ML00-H1-GPS-GradientEstimation-Escape-Specialist-Exploiter,Exploiter,1.0549279937605982
550,15.797319857599815,HOG8-ML00-H1-GPS-GradientEstimation-Escape-Specialist-Exploiter,Exploiter,1.1706060379627303
566,15.58866354585517,HOG8-ML00-H1-GPS-GradientEstimation-Escape-Specialist-Exploiter,Exploiter,1.320833620041343
575,15.561250584919383,HOG8-ML01-H2-GPS-GradientEstimation-Escape-Specialist-Refiner,Refiner,0.1758518993956657
575,15.399631274519187,HOG8-ML00-H1-GPS-GradientEstimation-Escape-Specialist-Exploiter,Exploiter,1.0386010399242822
586,15.222233205684164,HOG8-ML00-H1-GPS-GradientEstimation-Escape-Specialist-Exploiter,Exploiter,1.1519630936134995
595,15.05272856732216,HOG8-ML00-H1-GPS-GradientEstimation-Escape-Specialist-Exploiter,Exploiter,1.1135333171660373
609,14.870864774555294,HOG8-ML00-H1-GPS-GradientEstimation-Escape-Specialist-Exploiter,Exploiter,1.2081782512286305
620,14.70090019767981,HOG8-ML00-H1-GPS-GradientEstimation-Escape-Specialist-Exploiter,Exploiter,1.1429367387315725
632,14.518182285690068,HOG8-ML00-H1-GPS-GradientEstimation-Escape-Specialist-Exploiter,Exploiter,1.242902880318707
645,14.413951437554012,HOG8-ML00-H1-GPS-GradientEstimation-Escape-Specialist-Exploiter,Exploiter,0.7179331825774946
656,14.206481138673235,HOG8-ML00-H1-GPS-GradientEstimation-Escape-Specialist-Exploiter,Exploiter,1.4393714296846813
666,14.018347272254955,HOG8-ML00-H1-GPS-GradientEstimation-Escape-Specialist-Exploiter,Exploiter,1.3242819568185482
681,13.810633048251256,HOG8-ML00-H1-GPS-GradientEstimation-Escape-Specialist-Exploiter,Exploiter,1.4817311910570614
691,13.632508080829867,HOG8-ML00-H1-GPS-GradientEstimation-Escape-Specialist-Exploiter,Exploiter,1.2897668542713494
702,13.45308039201855,HOG8-ML00-H1-GPS-GradientEstimation-Escape-Specialist-Exploiter,Exploiter,1.3161751876283758
712,13.281442505421388,HOG8-ML00-H1-GPS-GradientEstimation-Escape-Specialist-Exploiter,Exploiter,1.2758259193856583
726,13.063298091089653,HOG8-ML00-H1-GPS-GradientEstimation-Escape-Specialist-Exploiter,Exploiter,1.6424753127733733
734,12.854426159117986,HOG8-ML00-H1-GPS-GradientEstimation-Escape-Specialist-Exploiter,Exploiter,1.598921884161365
745,12.674731424843644,HOG8-ML00-H1-GPS-GradientEstimation-Escape-Specialist-Exploiter,Exploiter,1.397921089980979
756,12.503668481093724,HOG8-ML00-H1-GPS-GradientEstimation-Escape-Specialist-Exploiter,Exploiter,1.3496376216273969
765,12.328506929305536,HOG8-ML00-H1-GPS-GradientEstimation-Escape-Specialist-Exploiter,Exploiter,1.4008812857845854
776,12.195566719150104,HOG8-ML00-H1-GPS-GradientEstimation-Escape-Specialist-Exploiter,Exploiter,1.0783155731488139
786,11.968148331327749,HOG8-ML00-H1-GPS-GradientEstimation-Escape-Specialist-Exploiter,Exploiter,1.8647627704356837
799,11.760125333902074,HOG8-ML00-H1-GPS-GradientEstimation-Escape-Specialist-Exploiter,Exploiter,1.738138529593208
810,11.552834595808061,HOG8-ML00-H1-GPS-GradientEstimation-Escape-Specialist-Exploiter,Exploiter,1.762657558558798
820,11.381136079272588,HOG8-ML00-H1-GPS-GradientEstimation-Escape-Specialist-Exploiter,Exploiter,1.4862024995819976
831,11.198766275434053,HOG8-ML00-H1-GPS-GradientEstimation-Escape-Specialist-Exploiter,Exploiter,1.6023866384540304
842,11.026744801398472,HOG8-ML00-H1-GPS-GradientEstimation-Escape-Specialist-Exploiter,Exploiter,1.5360752229728454
853,10.850789045417654,HOG8-ML00-H1-GPS-GradientEstimation-Escape-Specialist-Exploiter,Exploiter,1.595718039638515
866,10.638849599485185,HOG8-ML00-H1-GPS-GradientEstimation-Escape-Specialist-Exploiter,Exploiter,1.9532169047371903
876,10.42527963162913,HOG8-ML00-H1-GPS-GradientEstimation-Escape-Specialist-Exploiter,Exploiter,2.0074535865831864
886,10.259011914528868,HOG8-ML00-H1-GPS-GradientEstimation-Escape-Specialist-Exploiter,Exploiter,1.5948513898449663
901,10.07927278054603,HOG8-ML00-H1-GPS-GradientEstimation-Escape-Specialist-Exploiter,Exploiter,1.7520121380139073
911,9.90141141425832,HOG8-ML00-H1-GPS-GradientEstimation-Escape-Specialist-Exploiter,Exploiter,1.7646249899198996
920,9.730083038518828,HOG8-ML00-H1-GPS-GradientEstimation-Escape-Specialist-Exploiter,Exploiter,1.7303429639614214
936,9.514122013959518,HOG8-ML00-H1-GPS-GradientEstimation-Escape-Specialist-Exploiter,Exploiter,2.219518823265708
941,9.34122207455255,HOG8-ML00-H1-GPS-GradientEstimation-Escape-Specialist-Exploiter,Exploiter,1.8172978983587051
956,9.178827789833145,HOG8-ML00-H1-GPS-GradientEstimation-Escape-Specialist-Exploiter,Exploiter,1.7384693718159272
966,8.990366744372318,HOG8-ML00-H1-GPS-GradientEstimation-Escape-Specialist-Exploiter,Exploiter,2.053214743494521
975,8.817117019586448,HOG8-ML00-H1-GPS-GradientEstimation-Escape-Specialist-Exploiter,Exploiter,1.927059592917268
985,8.651575562659147,HOG8-ML00-H1-GPS-GradientEstimation-Escape-Specialist-Exploiter,Exploiter,1.877500962724719
996,8.470503683269106,HOG8-ML00-H1-GPS-GradientEstimation-Escape-Specialist-Exploiter,Exploiter,2.092935305004569
1005,8.292020640972519,HOG8-ML00-H1-GPS-GradientEstimation-Escape-Specialist-Exploiter,Exploiter,2.1071125044089913
1029,8.046345635597422,HOG8-ML00-H1-GPS-GradientEstimation-Escape-Specialist-Exploiter,Exploiter,2.9627881551713378
1039,7.840420725808709,HOG8-ML00-H1-GPS-GradientEstimation-Escape-Specialist-Exploiter,Exploiter,2.559235199612747
1050,7.660698738805907,HOG8-ML00-H1-GPS-GradientEstimation-Escape-Specialist-Exploiter,Exploiter,2.2922492719198346
1060,7.45623772545046,HOG8-ML00-H1-GPS-GradientEstimation-Escape-Specialist-Exploiter,Exploiter,2.66896036936856
1075,7.250554674866725,HOG8-ML00-H1-GPS-GradientEstimation-Escape-Specialist-Exploiter,Exploiter,2.758536652897677
1086,7.07131299650309,HOG8-ML00-H1-GPS-GradientEstimation-Escape-Specialist-Exploiter,Exploiter,2.4721098785029216
1094,6.893965491620708,HOG8-ML00-H1-GPS-GradientEstimation-Escape-Specialist-Exploiter,Exploiter,2.507985503824868
1106,6.762359389787326,HOG8-ML00-H1-GPS-GradientEstimation-Escape-Specialist-Exploiter,Exploiter,1.9090043603111058
1115,6.578523124328016,HOG8-ML00-H1-GPS-GradientEstimation-Escape-Specialist-Exploiter,Exploiter,2.718522557924736
1126,6.376760416407706,HOG8-ML00-H1-GPS-GradientEstimation-Escape-Specialist-Exploiter,Exploiter,3.0669909356124676
1136,6.196403973840986,HOG8-ML00-H1-GPS-GradientEstimation-Escape-Specialist-Exploiter,Exploiter,2.8283396393983105
1146,6.024307816779048,HOG8-ML00-H1-GPS-GradientEstimation-Escape-Specialist-Exploiter,Exploiter,2.7773553465601384
1157,5.812509554889735,HOG8-ML00-H1-GPS-GradientEstimation-Escape-Specialist-Exploiter,Exploiter,3.5157277538077847
1170,5.606965276122678,HOG8-ML00-H1-GPS-GradientEstimation-Escape-Specialist-Exploiter,Exploiter,3.5362398431525053
1181,5.427820378771818,HOG8-ML00-H1-GPS-GradientEstimation-Escape-Specialist-Exploiter,Exploiter,3.1950420330539715
1191,5.288624042576999,HOG8-ML00-H1-GPS-GradientEstimation-Escape-Specialist-Exploiter,Exploiter,2.564497836723098
1202,5.0818175197413575,HOG8-ML00-H1-GPS-GradientEstimation-Escape-Specialist-Exploiter,Exploiter,3.910403181824032
1215,4.903501288916219,HOG8-ML00-H1-GPS-GradientEstimation-Escape-Specialist-Exploiter,Exploiter,3.5089066093466057
1226,4.735136591834854,HOG8-ML00-H1-GPS-GradientEstimation-Escape-Specialist-Exploiter,Exploiter,3.43356077955835
1239,4.531844975613872,HOG8-ML00-H1-GPS-GradientEstimation-Escape-Specialist-Exploiter,Exploiter,4.293257697603332
1250,4.31593943418183,HOG8-ML00-H1-GPS-GradientEstimation-Escape-Specialist-Exploiter,Exploiter,4.764186387527426
1261,4.10926154308386,HOG8-ML00-H1-GPS-GradientEstimation-Escape-Specialist-Exploiter,Exploiter,4.788711571369637
1275,3.9313815651948216,HOG8-ML00-H1-GPS-GradientEstimation-Escape-Specialist-Exploiter,Exploiter,4.328757759126358
1285,3.754801796486737,HOG8-ML00-H1-GPS-GradientEstimation-Escape-Specialist-Exploiter,Exploiter,4.491544913151518
1296,3.579995394040658,HOG8-ML00-H1-GPS-GradientEstimation-Escape-Specialist-Exploiter,Exploiter,4.65554274022241
1304,3.4179392615849182,HOG8-ML00-H1-GPS-GradientEstimation-Escape-Specialist-Exploiter,Exploiter,4.526713434478218
1316,3.2329277258262037,HOG8-ML00-H1-GPS-GradientEstimation-Escape-Specialist-Local Explorer,Local Explorer,5.412955632012127
1327,3.058693517180628,HOG8-ML00-H1-GPS-GradientEstimation-Escape-Specialist-Local Explorer,Local Explorer,5.389362937306264
1335,2.8928063252354725,HOG8-ML00-H1-GPS-GradientEstimation-Escape-Specialist-Local Explorer,Local Explorer,5.4234656402601304
1346,2.7151990495287053,HOG8-ML00-H1-GPS-GradientEstimation-Escape-Specialist-Local Explorer,Local Explorer,6.13961861730616
1356,2.5076518674922044,HOG8-ML00-H1-GPS-GradientEstimation-Escape-Specialist-Local Explorer,Local Explorer,7.643903015969538
1371,2.3338341619682814,HOG8-ML00-H1-GPS-GradientEstimation-Escape-Specialist-Local Explorer,Local Explorer,6.931492675566271
1380,2.1592808983284026,HOG8-ML00-H1-GPS-GradientEstimation-Escape-Specialist-Local Explorer,Local Explorer,7.4792488037224585
1391,1.9844398899581777,HOG8-ML00-H1-GPS-GradientEstimation-Escape-Specialist-Local Explorer,Local Explorer,8.097186822963948
1401,1.797750848747522,HOG8-ML00-H1-GPS-GradientEstimation-Escape-Specialist-Local Explorer,Local Explorer,9.407644048849983
1412,1.628324296571069,HOG8-ML00-H1-GPS-GradientEstimation-Escape-Specialist-Local Explorer,Local Explorer,9.4243622409908
1424,1.458543821823993,HOG8-ML00-H1-GPS-GradientEstimation-Escape-Specialist-Local Explorer,Local Explorer,10.426699098244756
1436,1.3092066991028706,HOG8-ML00-H1-GPS-GradientEstimation-Escape-Specialist-Local Explorer,Local Explorer,10.238782029487997
1446,1.186202819845577,HOG8-ML00-H1-GPS-GradientEstimation-Escape-Specialist-Local Explorer,Local Explorer,9.395298644712222
1454,1.0737299273505756,HOG8-ML00-H1-GPS-GradientEstimation-Escape-Specialist-Local Explorer,Local Explorer,9.481758988706787
1466,0.9644614254937224,HOG8-ML00-H1-GPS-GradientEstimation-Escape-Specialist-Local Explorer,Local Explorer,10.176534999492173
1481,0.8895481840746557,HOG8-ML00-H1-GPS-GradientEstimation-Escape-Specialist-Local Explorer,Local Explorer,7.7673652298449785
1490,0.821301250697251,HOG8-ML00-H1-GPS-GradientEstimation-Escape-Specialist-Local Explorer,Local Explorer,7.67208956178107
1510,0.7726943638826944,HOG8-ML00-H1-GPS-GradientEstimation-Escape-Specialist-Local Explorer,Local Explorer,5.918277461929025
1530,0.734438455946069,HOG8-ML00-H1-GPS-GradientEstimation-Escape-Specialist-Exploiter,Exploiter,4.950975408231804
1540,0.6655508114534228,HOG8-ML00-H1-GPS-GradientEstimation-Escape-Specialist-Local Explorer,Local Explorer,9.379634731123721
1552,0.6087054578518247,HOG8-ML00-H1-GPS-GradientEstimation-Escape-Specialist-Local Explorer,Local Explorer,8.541098984983545
1561,0.5608991575656042,HOG8-ML00-H1-GPS-GradientEstimation-Escape-Specialist-Local Explorer,Local Explorer,7.853765670991882
1576,0.5050414168605667,HOG8-ML00-H1-GPS-GradientEstimation-Escape-Specialist-Local Explorer,Local Explorer,9.95860663215637
1586,0.4586994582974423,HOG8-ML00-H1-GPS-GradientEstimation-Escape-Specialist-Local Explorer,Local Explorer,9.17587291180886
1597,0.4177616528312783,HOG8-ML00-H1-GPS-GradientEstimation-Escape-Specialist-Local Explorer,Local Explorer,8.924755572660386
1610,0.38348054987333335,HOG8-ML00-H1-GPS-GradientEstimation-Escape-Specialist-Local Explorer,Local Explorer,8.205899877505054
1620,0.35597665960112496,HOG8-ML00-H1-GPS-GradientEstimation-Escape-Specialist-Local Explorer,Local Explorer,7.172173473020509
1630,0.32868949952711163,HOG8-ML00-H1-GPS-GradientEstimation-Escape-Specialist-Local Explorer,Local Explorer,7.665435173359072
1640,0.3076347699441373,HOG8-ML00-H1-GPS-GradientEstimation-Escape-Specialist-Local Explorer,Local Explorer,6.405659326892385
1651,0.28982995016777996,HOG8-ML00-H1-GPS-GradientEstimation-Escape-Specialist-Local Explorer,Local Explorer,5.787648704205469
1665,0.2748655615552162,HOG8-ML00-H1-GPS-GradientEstimation-Escape-Specialist-Local Explorer,Local Explorer,5.163161572467242
1675,0.2551470495930942,HOG8-ML00-H1-GPS-GradientEstimation-Escape-Specialist-Local Explorer,Local Explorer,7.173875057520018
1689,0.2384261895461155,HOG8-ML00-H1-GPS-GradientEstimation-Escape-Specialist-Local Explorer,Local Explorer,6.553420889500762
1699,0.2224272371454726,HOG8-ML00-H1-GPS-GradientEstimation-Escape-Specialist-Local Explorer,Local Explorer,6.71023281087518
1709,0.2102584928680517,HOG8-ML00-H1-GPS-GradientEstimation-Escape-Specialist-Local Explorer,Local Explorer,5.470887663574339
1719,0.19726955647876593,HOG8-ML00-H1-GPS-GradientEstimation-Escape-Specialist-Local Explorer,Local Explorer,6.177603678267122
1730,0.18762782468890774,HOG8-ML00-H1-GPS-GradientEstimation-Escape-Specialist-Exploiter,Exploiter,4.887592369528153
1740,0.17755307630698608,HOG8-ML00-H1-GPS-GradientEstimation-Escape-Specialist-Local Explorer,Local Explorer,5.36953855251793
1752,0.1673104174594427,HOG8-ML00-H1-GPS-GradientEstimation-Escape-Specialist-Local Explorer,Local Explorer,5.768787035733479
1766,0.1595582014623766,HOG8-ML00-H1-GPS-GradientEstimation-Escape-Specialist-Exploiter,Exploiter,4.633432941463611
1775,0.15210792462271006,HOG8-ML00-H1-GPS-GradientEstimation-Escape-Specialist-Exploiter,Exploiter,4.669316131282222
1785,0.14506047277842885,HOG8-ML00-H1-GPS-GradientEstimation-Escape-Specialist-Exploiter,Exploiter,4.633191769437245
1795,0.13838144846141442,HOG8-ML00-H1-GPS-GradientEstimation-Escape-Specialist-Exploiter,Exploiter,4.604303425383308
1807,0.13201001650540406,HOG8-ML00-H1-GPS-GradientEstimation-Escape-Specialist-Exploiter,Exploiter,4.604252973827588
1815,0.12631734364271913,HOG8-ML00-H1-GPS-GradientEstimation-Escape-Specialist-Exploiter,Exploiter,4.3123037276886445
1827,0.11970211644711903,HOG8-ML00-H1-GPS-GradientEstimation-Escape-Specialist-Local Explorer,Local Explorer,5.236990428100561
1841,0.11387485628744551,HOG8-ML00-H1-GPS-GradientEstimation-Escape-Specialist-Exploiter,Exploiter,4.8681346100073695
1850,0.10902861850694576,HOG8-ML00-H1-GPS-GradientEstimation-Escape-Specialist-Exploiter,Exploiter,4.255757538140612
1861,0.1047213472654203,HOG8-ML00-H1-GPS-GradientEstimation-Escape-Specialist-Exploiter,Exploiter,3.950587745226778
1871,0.10148015341061142,HOG8-ML00-H1-GPS-GradientEstimation-Escape-Specialist-Exploiter,Exploiter,3.0950650840978473
1886,0.09645289843720922,HOG8-ML00-H1-GPS-GradientEstimation-Escape-Specialist-Exploiter,Exploiter,4.953929221077152
1897,0.09194684547258404,HOG8-ML00-H1-GPS-GradientEstimation-Escape-Specialist-Exploiter,Exploiter,4.6717652218182115
1905,0.08844483717484303,HOG8-ML00-H1-GPS-GradientEstimation-Escape-Specialist-Exploiter,Exploiter,3.80873131616594
1916,0.08530001679749061,HOG8-ML00-H1-GPS-GradientEstimation-Escape-Specialist-Exploiter,Exploiter,3.5556856429455017
1929,0.08136538021710718,HOG8-ML00-H1-GPS-GradientEstimation-Escape-Specialist-Exploiter,Exploiter,4.612703171823031
1940,0.07834961041746805,HOG8-ML00-H1-GPS-GradientEstimation-Escape-Specialist-Exploiter,Exploiter,3.7064532748352654
1950,0.07503709465889803,HOG8-ML00-H1-GPS-GradientEstimation-Escape-Specialist-Exploiter,Exploiter,4.227865002672035
1961,0.07290708916974976,HOG8-ML00-H1-GPS-GradientEstimation-Escape-Specialist-Exploiter,Exploiter,2.838603358553259
1970,0.07030188447822967,HOG8-ML00-H1-GPS-GradientEstimation-Escape-Specialist-Exploiter,Exploiter,3.5733214988934567
1985,0.06745148034456472,HOG8-ML00-H1-GPS-GradientEstimation-Escape-Specialist-Exploiter,Exploiter,4.05452023771516
1994,0.06478348247201132,HOG8-ML00-H1-GPS-GradientEstimation-Escape-Specialist-Exploiter,Exploiter,3.955432644212359
2004,0.06256994856003367,HOG8-ML00-H1-GPS-GradientEstimation-Escape-Specialist-Exploiter,Exploiter,3.4168183424439587
2025,0.06178539770998565,HOG8-ML00-H1-GPS-GradientEstimation-Escape-Specialist-Exploiter,Exploiter,1.2538780486534538
2025,0.05940787338977506,HOG8-ML00-H1-GPS-GradientEstimation-Escape-Specialist-Exploiter,Exploiter,3.8480359572506915
2041,0.057372523040847924,HOG8-ML00-H1-GPS-GradientEstimation-Escape-Specialist-Exploiter,Exploiter,3.426061619094159
2047,0.05525883971267087,HOG8-ML00-H1-GPS-GradientEstimation-Escape-Specialist-Exploiter,Exploiter,3.684138706384167
2061,0.05310014334791735,HOG8-ML00-H1-GPS-GradientEstimation-Escape-Specialist-Exploiter,Exploiter,3.9065177191162244
2070,0.051194690870733806,HOG8-ML00-H1-GPS-GradientEstimation-Escape-Specialist-Exploiter,Exploiter,3.588413057002187
2083,0.04941052149374725,HOG8-ML00-H1-GPS-GradientEstimation-Escape-Specialist-Exploiter,Exploiter,3.4850671947440195
2097,0.047797555078704035,HOG8-ML00-H1-GPS-GradientEstimation-Escape-Specialist-Exploiter,Exploiter,3.264418925931254
2107,0.04609706210222467,HOG8-ML00-H1-GPS-GradientEstimation-Escape-Specialist-Exploiter,Exploiter,3.5576986598567966
2119,0.044522417587514136,HOG8-ML00-H1-GPS-GradientEstimation-Escape-Specialist-Exploiter,Exploiter,3.415932475736969
2130,0.043312048376236326,HOG8-ML00-H1-GPS-GradientEstimation-Escape-Specialist-Exploiter,Exploiter,2.718561293080469
2139,0.0419749723452796,HOG8-ML00-H1-GPS-GradientEstimation-Escape-Specialist-Exploiter,Exploiter,3.0870764165712505
2150,0.04078325589963394,HOG8-ML00-H1-GPS-GradientEstimation-Escape-Specialist-Exploiter,Exploiter,2.8391119256560486
2165,0.039471404104122504,HOG8-ML00-H1-GPS-GradientEstimation-Escape-Specialist-Exploiter,Exploiter,3.2166431212354776
2175,0.03821387709736851,HOG8-ML00-H1-GPS-GradientEstimation-Escape-Specialist-Exploiter,Exploiter,3.185919111052487
2185,0.0370991426657349,HOG8-ML00-H1-GPS-GradientEstimation-Escape-Specialist-Exploiter,Exploiter,2.917093255921873
2195,0.036102241755358214,HOG8-ML00-H1-GPS-GradientEstimation-Escape-Specialist-Exploiter,Exploiter,2.687126544564148
2206,0.03521257399228686,HOG8-ML00-H1-GPS-GradientEstimation-Escape-Specialist-Exploiter,Exploiter,2.464300607979033
2220,0.03407549965850628,HOG8-ML00-H1-GPS-GradientEstimation-Escape-Specialist-Exploiter,Exploiter,3.229171301222262
2229,0.03321689940482772,HOG8-ML00-H1-GPS-GradientEstimation-Escape-Specialist-Exploiter,Exploiter,2.519699673616453
2240,0.032363389982899074,HOG8-ML00-H1-GPS-GradientEstimation-Escape-Specialist-Exploiter,Exploiter,2.569503587696685
2256,0.03172455964334645,HOG8-ML00-H1-GPS-GradientEstimation-Escape-Specialist-Exploiter,Exploiter,1.9739289978280463
2264,0.0314253713730077,HOG8-ML00-H1-GPS-GradientEstimation-Escape-Specialist-Exploiter,Exploiter,0.9430809243761988
2275,0.030729732785374664,HOG8-ML00-H1-GPS-GradientEstimation-Escape-Specialist-Exploiter,Exploiter,2.2136208968736164
2290,0.030448936182055308,HOG8-ML00-H1-GPS-GradientEstimation-Escape-Specialist-Exploiter,Exploiter,0.9137619428080314
2294,0.030316699349062032,HOG8-ML00-H1-GPS-GradientEstimation-Escape-Specialist-Refiner,Refiner,0.43429048621806365
2305,0.029846904860301126,HOG8-ML00-H1-GPS-GradientEstimation-Escape-Specialist-Exploiter,Exploiter,1.5496228113481647
2310,0.02975994942166217,HOG8-ML00-H1-GPS-GradientEstimation-Escape-Specialist-Refiner,Refiner,0.29133821093326395
2315,0.029012224143820445,HOG8-ML00-H1-GPS-GradientEstimation-Escape-Specialist-Exploiter,Exploiter,2.5125220048171846
2324,0.028445265421927633,HOG8-ML00-H1-GPS-GradientEstimation-Escape-Specialist-Exploiter,Exploiter,1.9542063341378586
2330,0.028295135872623937,HOG8-ML00-H1-GPS-GradientEstimation-Escape-Specialist-Exploiter,Exploiter,0.5277839636116196
2336,0.027749261153222435,HOG8-ML00-H1-GPS-GradientEstimation-Escape-Specialist-Exploiter,Exploiter,1.9292175229653012
2339,0.027654539738988685,HOG8-ML00-H1-GPS-GradientEstimation-Escape-Specialist-Refiner,Refiner,0.34134751808608343
2346,0.02699001764287952,HOG8-ML00-H1-GPS-GradientEstimation-Escape-Specialist-Exploiter,Exploiter,2.40294035764512
2350,0.02685619150094606,HOG8-ML00-H1-GPS-GradientEstimation-Escape-Specialist-Refiner,Refiner,0.49583569638297
2360,0.026410161631157968,HOG8-ML00-H1-GPS-GradientEstimation-Escape-Specialist-Exploiter,Exploiter,1.6608083457119398
2365,0.02622153643481804,HOG8-ML00-H1-GPS-GradientEstimation-Escape-Specialist-Exploiter,Exploiter,0.7142144715895776
2369,0.025758616646456928,HOG8-ML00-H1-GPS-GradientEstimation-Escape-Specialist-Exploiter,Exploiter,1.7654182450820373
2375,0.025521609897065943,HOG8-ML00-H1-GPS-GradientEstimation-Escape-Specialist-Exploiter,Exploiter,0.920106668164514
2379,0.025058168798034634,HOG8-ML00-H1-GPS-GradientEstimation-Escape-Specialist-Exploiter,Exploiter,1.8158772150364555
2384,0.02496014200946099,HOG8-ML00-H1-GPS-GradientEstimation-Escape-Specialist-Refiner,Refiner,0.39119693607193434
2391,0.02452369193158975,HOG8-ML00-H1-GPS-GradientEstimation-Escape-Specialist-Exploiter,Exploiter,1.7485881198344342
2394,0.024400615979740435,HOG8-ML00-H1-GPS-GradientEstimation-Escape-Specialist-Exploiter,Exploiter,0.501865511084719
2400,0.023981709480379084,HOG8-ML00-H1-GPS-GradientEstimation-Escape-Specialist-Exploiter,Exploiter,1.7167865750158293
2409,0.023742471107157815,HOG8-ML00-H1-GPS-GradientEstimation-Escape-Specialist-Exploiter,Exploiter,0.997586820977065
2411,0.023347002548126137,HOG8-ML00-H1-GPS-GradientEstimation-Escape-Specialist-Exploiter,Exploiter,1.6656587987273714
2419,0.02313171645592413,HOG8-ML00-H1-GPS-GradientEstimation-Escape-Specialist-Exploiter,Exploiter,0.9221144845392054
2426,0.02275075433231175,HOG8-ML00-H1-GPS-GradientEstimation-Escape-Specialist-Exploiter,Exploiter,1.6469254425553592
2430,0.022650774546640284,HOG8-ML00-H1-GPS-GradientEstimation-Escape-Specialist-Refiner,Refiner,0.4394570140888436
2436,0.022279483728797476,HOG8-ML00-H1-GPS-GradientEstimation-Escape-Specialist-Exploiter,Exploiter,1.6391970044038937
2441,0.022174789704299792,HOG8-ML00-H1-GPS-GradientEstimation-Escape-Specialist-Refiner,Refiner,0.46991225547278365
2449,0.021747786668441686,HOG8-ML00-H1-GPS-GradientEstimation-Escape-Specialist-Exploiter,Exploiter,1.9256238347789563
2461,0.02144178945643498,HOG8-ML00-H1-GPS-GradientEstimation-Escape-Specialist-Exploiter,Exploiter,1.4070269157584672
2461,0.021364815893740126,HOG8-ML00-H1-GPS-GradientEstimation-Escape-Specialist-Refiner,Refiner,0.3589885202969974
2471,0.02103607150756963,HOG8-ML00-H1-GPS-GradientEstimation-Escape-Specialist-Exploiter,Exploiter,1.5387185539324917
2471,0.020906413356369127,HOG8-ML00-H1-GPS-GradientEstimation-Escape-Specialist-Exploiter,Exploiter,0.6163610498939645
2480,0.020599186496134084,HOG8-ML00-H1-GPS-GradientEstimation-Escape-Specialist-Exploiter,Exploiter,1.4695340372261756
2485,0.020489634192638297,HOG8-ML00-H1-GPS-GradientEstimation-Escape-Specialist-Exploiter,Exploiter,0.5318283006775362
2490,0.020106188486595865,HOG8-ML00-H1-GPS-GradientEstimation-Escape-Specialist-Exploiter,Exploiter,1.8714131371862186
2495,0.02000556058985485,HOG8-ML00-H1-GPS-GradientEstimation-Escape-Specialist-Exploiter,Exploiter,0.5004822112758918
2501,0.01970215143281205,HOG8-ML00-H1-GPS-GradientEstimation-Escape-Specialist-Exploiter,Exploiter,1.5166241189795184
2505,0.019608538346991066,HOG8-ML00-H1-GPS-GradientEstimation-Escape-Specialist-Refiner,Refiner,0.4751414389449947
2516,0.019335837679085126,HOG8-ML00-H1-GPS-GradientEstimation-Escape-Specialist-Exploiter,Exploiter,1.3907240972287236
2525,0.019008848918444125,HOG8-ML00-H1-GPS-GradientEstimation-Escape-Specialist-Exploiter,Exploiter,1.6911021186048418
2525,0.01899660978770594,HOG8-ML00-H1-GPS-GradientEstimation-Escape-Specialist-Refiner,Refiner,0.06438649068492168
2535,0.018573687532280392,HOG8-ML00-H1-GPS-GradientEstimation-Escape-Specialist-Exploiter,Exploiter,2.22630385185493
2550,0.018224501465513715,HOG8-ML00-H1-GPS-GradientEstimation-Escape-Specialist-Exploiter,Exploiter,1.8800039903751165
2559,0.01787271442962469,HOG8-ML00-H1-GPS-GradientEstimation-Escape-Specialist-Exploiter,Exploiter,1.9302971691967068
2569,0.01749928061662629,HOG8-ML00-H1-GPS-GradientEstimation-Escape-Specialist-Exploiter,Exploiter,2.0894073727235307
2580,0.017170987210550687,HOG8-ML00-H1-GPS-GradientEstimation-Escape-Specialist-Exploiter,Exploiter,1.8760394399509672
2580,0.017160940502405415,HOG8-ML00-H1-GPS-GradientEstimation-Escape-Specialist-Refiner,Refiner,0.058509787597407735
2591,0.01680499872926479,HOG8-ML00-H1-GPS-GradientEstimation-Escape-Specialist-Exploiter,Exploiter,2.0741390781626143
2604,0.016576882648975493,HOG8-ML00-H1-GPS-GradientEstimation-Escape-Specialist-Exploiter,Exploiter,1.357429916921371
2606,0.016568777098780827,HOG8-ML00-H1-GPS-GradientEstimation-Escape-Specialist-Polisher,Polisher,0.04889670975119311
2614,0.016259863340458067,HOG8-ML00-H1-GPS-GradientEstimation-Escape-Specialist-Exploiter,Exploiter,1.8644330627484291
2615,0.016220950172551294,HOG8-ML00-H1-GPS-GradientEstimation-Escape-Specialist-Refiner,Refiner,0.23932038721351948
2626,0.01589736967588245,HOG8-ML00-H1-GPS-GradientEstimation-Escape-Specialist-Exploiter,Exploiter,1.9948307172313526
2637,0.015575406004022884,HOG8-ML00-H1-GPS-GradientEstimation-Escape-Specialist-Exploiter,Exploiter,2.0252637915818763
2651,0.015319272119279215,HOG8-ML00-H1-GPS-GradientEstimation-Escape-Specialist-Exploiter,Exploiter,1.6444764565207093
2651,0.015317657660822194,HOG8-ML00-H1-GPS-GradientEstimation-Escape-Specialist-Polisher,Polisher,0.010538741295608296
2660,0.015068709161595693,HOG8-ML00-H1-GPS-GradientEstimation-Escape-Specialist-Exploiter,Exploiter,1.6252386934017586
2660,0.015029507009651825,HOG8-ML00-H1-GPS-GradientEstimation-Escape-Specialist-Refiner,Refiner,0.260156006221015
2670,0.014839951104208934,HOG8-ML00-H1-GPS-GradientEstimation-Escape-Specialist-Exploiter,Exploiter,1.2612250376619842
2670,0.014790418909442295,HOG8-ML00-H1-GPS-GradientEstimation-Escape-Specialist-Refiner,Refiner,0.3337759970960408
2681,0.014599216144248788,HOG8-ML00-H1-GPS-GradientEstimation-Escape-Specialist-Exploiter,Exploiter,1.2927474628284004
2681,0.014557676219753714,HOG8-ML00-H1-GPS-GradientEstimation-Escape-Specialist-Refiner,Refiner,0.2845353071331753
2691,0.014372422973241915,HOG8-ML00-H1-GPS-GradientEstimation-Escape-Specialist-Exploiter,Exploiter,1.2725468248869511
2691,0.01433087400713569,HOG8-ML00-H1-GPS-GradientEstimation-Escape-Specialist-Refiner,Refiner,0.28908811119447014
2701,0.014091133034914861,HOG8-ML00-H1-GPS-GradientEstimation-Escape-Specialist-Exploiter,Exploiter,1.6728984715199906
2712,0.013933828876738448,HOG8-ML00-H1-GPS-GradientEstimation-Escape-Specialist-Exploiter,Exploiter,1.1163343486052315
2724,0.013757575408371395,HOG8-ML00-H1-GPS-GradientEstimation-Escape-Specialist-Exploiter,Exploiter,1.2649320579879935
2725,0.013723902201687859,HOG8-ML00-H1-GPS-GradientEstimation-Escape-Specialist-Refiner,Refiner,0.24476120016791889
2737,0.013481595435265902,HOG8-ML00-H1-GPS-GradientEstimation-Escape-Specialist-Exploiter,Exploiter,1.7655821417333917
2744,0.013252693428769405,HOG8-ML00-H1-GPS-GradientEstimation-Escape-Specialist-Exploiter,Exploiter,1.6978851471668024
2755,0.01308228545439993,HOG8-ML00-H1-GPS-GradientEstimation-Escape-Specialist-Exploiter,Exploiter,1.2858365379489378
2766,0.012912083602708398,HOG8-ML00-H1-GPS-GradientEstimation-Escape-Specialist-Exploiter,Exploiter,1.3010100741555677
2776,0.012741028412124196,HOG8-ML00-H1-GPS-GradientEstimation-Escape-Specialist-Exploiter,Exploiter,1.3247683011309093
2789,0.012547750421967253,HOG8-ML00-H1-GPS-GradientEstimation-Escape-Specialist-Exploiter,Exploiter,1.5169732293589593
2800,0.012378427150675388,HOG8-ML00-H1-GPS-GradientEstimation-Escape-Specialist-Exploiter,Exploiter,1.349431297226248
2810,0.012223326228098276,HOG8-ML00-H1-GPS-GradientEstimation-Escape-Specialist-Exploiter,Exploiter,1.252993782563477
2822,0.012069290796370404,HOG8-ML00-H1-GPS-GradientEstimation-Escape-Specialist-Exploiter,Exploiter,1.2601760670821722
2831,0.011943503771462475,HOG8-ML00-H1-GPS-GradientEstimation-Escape-Specialist-Exploiter,Exploiter,1.0422072599804832
2841,0.011777785679960018,HOG8-ML00-H1-GPS-GradientEstimation-Escape-Specialist-Exploiter,Exploiter,1.3875165501971038
2851,0.011599092198662255,HOG8-ML00-H1-GPS-GradientEstimation-Escape-Specialist-Exploiter,Exploiter,1.5172077855161759
2865,0.011478244601762236,HOG8-ML00-H1-GPS-GradientEstimation-Escape-Specialist-Exploiter,Exploiter,1.0418711639688223
2876,0.011329786402331109,HOG8-ML00-H1-GPS-GradientEstimation-Escape-Specialist-Exploiter,Exploiter,1.2933876614576953
2886,0.011220959048619725,HOG8-ML00-H1-GPS-GradientEstimation-Escape-Specialist-Exploiter,Exploiter,0.9605419718150414
2896,0.011086778750942931,HOG8-ML00-H1-GPS-GradientEstimation-Escape-Specialist-Exploiter,Exploiter,1.1958006182483962
2907,0.010945113450848866,HOG8-ML00-H1-GPS-GradientEstimation-Escape-Specialist-Exploiter,Exploiter,1.2777859401407865
2920,0.010800125870030932,HOG8-ML00-H1-GPS-GradientEstimation-Escape-Specialist-Exploiter,Exploiter,1.3246786474076233
2930,0.010693372503743387,HOG8-ML00-H1-GPS-GradientEstimation-Escape-Specialist-Exploiter,Exploiter,0.9884455752851246
2939,0.010589008142638238,HOG8-ML00-H1-GPS-GradientEstimation-Escape-Specialist-Exploiter,Exploiter,0.9759723704435994
2950,0.010476920188124034,HOG8-ML00-H1-GPS-GradientEstimation-Escape-Specialist-Exploiter,Exploiter,1.0585311957865537
2966,0.010376160161710647,HOG8-ML00-H1-GPS-GradientEstimation-Escape-Specialist-Exploiter,Exploiter,0.9617332632504187
2975,0.010275936415270085,HOG8-ML00-H1-GPS-GradientEstimation-Escape-Specialist-Exploiter,Exploiter,0.9659040037797461
2984,0.01017414510103433,HOG8-ML00-H1-GPS-GradientEstimation-Escape-Specialist-Exploiter,Exploiter,0.9905794481609824
2995,0.010126472226700175,HOG8-ML00-H1-GPS-GradientEstimation-Escape-Specialist-Refiner,Refiner,0.46856884643121005
3010,0.010018535208613446,HOG8-ML00-H1-GPS-GradientEstimation-Escape-Specialist-Exploiter,Exploiter,1.0658896372829085
3030,0.009903650635597488,HOG8-ML00-H1-GPS-GradientEstimation-Escape-Specialist-Exploiter,Exploiter,1.1467202602351123
3040,0.009823920405006018,HOG8-ML00-H1-GPS-GradientEstimation-Escape-Specialist-Exploiter,Exploiter,0.8050589981929374
3052,0.009727044853166847,HOG8-ML00-H1-GPS-GradientEstimation-Escape-Specialist-Exploiter,Exploiter,0.9861190629130709
3065,0.009628328681443917,HOG8-ML00-H1-GPS-GradientEstimation-Escape-Specialist-Exploiter,Exploiter,1.0148629230468755
3070,0.009573734151096988,HOG8-ML04-H2-GPS-Sniper-Specialist-Exploiter,Exploiter,0.5670198032618688
3074,0.009553058463420971,HOG8-ML00-H1-GPS-GradientEstimation-Escape-Specialist-Refiner,Refiner,0.2159626259691706
3080,0.009519762397654126,HOG8-ML04-H2-GPS-Sniper-Specialist-Refiner,Refiner,0.3485382811623877
3085,0.00947436424334919,HOG8-ML00-H1-GPS-GradientEstimation-Escape-Specialist-Refiner,Refiner,0.476883270911494
3089,0.009427916135201102,HOG8-ML04-H2-GPS-Sniper-Specialist-Refiner,Refiner,0.49025039522513975
3095,0.009392118185375668,HOG8-ML00-H1-GPS-GradientEstimation-Escape-Specialist-Refiner,Refiner,0.37970161499183297
3100,0.009315668614209219,HOG8-ML04-H2-GPS-Sniper-Specialist-Exploiter,Exploiter,0.8139758216148408
3110,0.009242403089359055,HOG8-ML04-H2-GPS-Sniper-Specialist-Exploiter,Exploiter,0.786476289403558
3125,0.009091078800722376,HOG8-ML04-H2-GPS-Sniper-Specialist-Exploiter,Exploiter,1.6372829357648415
3136,0.009051761465924096,HOG8-ML04-H2-GPS-Sniper-Specialist-Refiner,Refiner,0.4324826091613654
3145,0.008987204813125784,HOG8-ML04-H2-GPS-Sniper-Specialist-Exploiter,Exploiter,0.7131943659953888
3160,0.008916303821376384,HOG8-ML04-H2-GPS-Sniper-Specialist-Exploiter,Exploiter,0.788910381188258
3171,0.008887596411240654,HOG8-ML04-H2-GPS-Sniper-Specialist-Refiner,Refiner,0.3219653649184287
3175,0.008838715089489003,HOG8-ML04-H2-GPS-Sniper-Specialist-Exploiter,Exploiter,0.5499948410104135
3185,0.008769903738431995,HOG8-ML04-H2-GPS-Sniper-Specialist-Exploiter,Exploiter,0.7785221082512183
3195,0.008728151037208295,HOG8-ML04-H2-GPS-Sniper-Specialist-Refiner,Refiner,0.47609075845072873
3213,0.008688659241626064,HOG8-ML04-H2-GPS-Sniper-Specialist-Refiner,Refiner,0.45246462181826147
3216,0.008616643107860018,HOG8-ML04-H2-GPS-Sniper-Specialist-Exploiter,Exploiter,0.8288520905622324
3229,0.00855843063185292,HOG8-ML04-H2-GPS-Sniper-Specialist-Exploiter,Exploiter,0.6755818394520444
3239,0.008509364880058986,HOG8-ML04-H2-GPS-Sniper-Specialist-Exploiter,Exploiter,0.573303142883694
3250,0.008428269629078312,HOG8-ML04-H2-GPS-Sniper-Specialist-Exploiter,Exploiter,0.9530117949309441
3259,0.00833430673963292,HOG8-ML04-H2-GPS-Sniper-Specialist-Exploiter,Exploiter,1.1148538618319845
3270,0.008259996428060797,HOG8-ML04-H2-GPS-Sniper-Specialist-Exploiter,Exploiter,0.8916195898904036
3280,0.008241170158284492,HOG8-ML04-H2-GPS-Sniper-Specialist-Refiner,Refiner,0.22792104016351103
3291,0.008183080656469933,HOG8-ML04-H2-GPS-Sniper-Specialist-Exploiter,Exploiter,0.7048695840379481
3300,0.00814844384473572,HOG8-ML04-H2-GPS-Sniper-Specialist-Refiner,Refiner,0.42327349794391517
3310,0.008117473733817993,HOG8-ML04-H2-GPS-Sniper-Specialist-Refiner,Refiner,0.38007393200281103
3320,0.008068951281787142,HOG8-ML04-H2-GPS-Sniper-Specialist-Exploiter,Exploiter,0.5977531141086745
3331,0.007992037098074608,HOG8-ML04-H2-GPS-Sniper-Specialist-Exploiter,Exploiter,0.9532116507648394
3346,0.007874646258037826,HOG8-ML04-H2-GPS-Sniper-Specialist-Exploiter,Exploiter,1.4688475365694027
3355,0.007793966413750834,HOG8-ML04-H2-GPS-Sniper-Specialist-Exploiter,Exploiter,1.0245519816796893
3365,0.0077261094986206934,HOG8-ML04-H2-GPS-Sniper-Specialist-Exploiter,Exploiter,0.8706339176727954
3375,0.007705448794728971,HOG8-ML04-H2-GPS-Sniper-Specialist-Refiner,Refiner,0.26741407037281506
3386,0.007673339539071854,HOG8-ML04-H2-GPS-Sniper-Specialist-Refiner,Refiner,0.41670844246063393
3390,0.007625018799847402,HOG8-ML04-H2-GPS-Sniper-Specialist-Exploiter,Exploiter,0.6297224171875673
3401,0.007621426043116248,HOG8-ML04-H2-GPS-Sniper-Specialist-Polisher,Polisher,0.047118004892335655
3407,0.0075700831396532196,HOG8-ML04-H2-GPS-Sniper-Specialist-Exploiter,Exploiter,0.6736653110922991
3415,0.007504039516421483,HOG8-ML04-H2-GPS-Sniper-Specialist-Exploiter,Exploiter,0.8724292985078312
3424,0.007406029971418841,HOG8-ML04-H2-GPS-Sniper-Specialist-Exploiter,Exploiter,1.3060904701816003
3434,0.007348495066427096,HOG8-ML04-H2-GPS-Sniper-Specialist-Exploiter,Exploiter,0.7768656785589921
3444,0.007300174370927025,HOG8-ML04-H2-GPS-Sniper-Specialist-Exploiter,Exploiter,0.6575590656763524
3454,0.00728219315892116,HOG8-ML04-H2-GPS-Sniper-Specialist-Refiner,Refiner,0.24631208916700334
3459,0.00728208487079433,HOG8-ML04-H2-GPS-Sniper-Specialist-Polisher,Polisher,0.00148702629093855
3469,0.007248685957873661,HOG8-ML04-H2-GPS-Sniper-Specialist-Refiner,Refiner,0.45864492811144686
3480,0.007190296902465829,HOG8-ML04-H2-GPS-Sniper-Specialist-Exploiter,Exploiter,0.8055122783241631
3491,0.0071773448926395755,HOG8-ML04-H2-GPS-Sniper-Specialist-Refiner,Refiner,0.18013178039716116
3504,0.007134323448862612,HOG8-ML04-H2-GPS-Sniper-Specialist-Exploiter,Exploiter,0.5994061093689764
3510,0.007126985182541423,HOG8-ML06-H2-GPS-Spray-Specialist-Refiner,Refiner,0.10285861544949892
3515,0.0070968757127382745,HOG8-ML04-H2-GPS-Sniper-Specialist-Refiner,Refiner,0.4224713400121224
3526,0.007061314799902397,HOG8-ML04-H2-GPS-Sniper-Specialist-Exploiter,Exploiter,0.5010784220449135
3529,0.007005682876581125,HOG8-ML04-H2-GPS-Sniper-Specialist-Exploiter,Exploiter,0.787840861053826
3535,0.006983571399774442,HOG8-ML04-H2-GPS-Sniper-Specialist-Refiner,Refiner,0.31562200568052845
3544,0.006945432907327116,HOG8-ML04-H2-GPS-Sniper-Specialist-Exploiter,Exploiter,0.5461173125337824
3551,0.006936089881765533,HOG8-ML04-H2-GPS-Sniper-Specialist-Refiner,Refiner,0.13452042063103217
3555,0.006911159124148648,HOG8-ML04-H2-GPS-Sniper-Specialist-Refiner,Refiner,0.35943533088327484
3566,0.0068742400058587685,HOG8-ML04-H2-GPS-Sniper-Specialist-Exploiter,Exploiter,0.5341957496084617
3581,0.0068430514254414765,HOG8-ML04-H2-GPS-Sniper-Specialist-Refiner,Refiner,0.453702233129927
3588,0.006811053760564794,HOG8-ML04-H2-GPS-Sniper-Specialist-Refiner,Refiner,0.4675935176772078
3601,0.0067826267175856774,HOG8-ML04-H2-GPS-Sniper-Specialist-Refiner,Refiner,0.41736629864392194
3605,0.006752872939468752,HOG8-ML04-H2-GPS-Sniper-Specialist-Refiner,Refiner,0.43867633227966496
3615,0.00673393335357789,HOG8-ML04-H2-GPS-Sniper-Specialist-Refiner,Refiner,0.2804670850559759
3629,0.006623222845005352,HOG8-ML04-H2-GPS-Sniper-Specialist-Exploiter,Exploiter,1.644068967711349
3640,0.006604454034763681,HOG8-ML04-H2-GPS-Sniper-Specialist-Refiner,Refiner,0.28337881241343116
3652,0.0065807500666075856,HOG8-ML04-H2-GPS-Sniper-Specialist-Refiner,Refiner,0.3589088217031298
3660,0.006557398392071034,HOG8-ML04-H2-GPS-Sniper-Specialist-Refiner,Refiner,0.3548482209504291
3670,0.006510246618939005,HOG8-ML04-H2-GPS-Sniper-Specialist-Exploiter,Exploiter,0.7190621998663915
3680,0.006464045677218318,HOG8-ML04-H2-GPS-Sniper-Specialist-Exploiter,Exploiter,0.7096650008047892
3690,0.006450964388181841,HOG8-ML04-H2-GPS-Sniper-Specialist-Refiner,Refiner,0.2023699968980756
3700,0.006376626082526218,HOG8-ML04-H2-GPS-Sniper-Specialist-Exploiter,Exploiter,1.1523595726525822
3710,0.006308058416678551,HOG8-ML04-H2-GPS-Sniper-Specialist-Exploiter,Exploiter,1.075296951087696
3719,0.00624355695875988,HOG8-ML04-H2-GPS-Sniper-Specialist-Exploiter,Exploiter,1.0225247399125095
3725,0.006228236203077411,HOG8-ML04-H2-GPS-Sniper-Specialist-Refiner,Refiner,0.2453850550842419
3731,0.006212311569124735,HOG8-ML04-H2-GPS-Sniper-Specialist-Refiner,Refiner,0.25568448969239654
3741,0.006139722130707733,HOG8-ML04-H2-GPS-Sniper-Specialist-Exploiter,Exploiter,1.1684771056521441
3750,0.00611951478944021,HOG8-ML04-H2-GPS-Sniper-Specialist-Refiner,Refiner,0.32912468736095685
3760,0.006066942375913337,HOG8-ML04-H2-GPS-Sniper-Specialist-Exploiter,Exploiter,0.8590944762089783
3771,0.00606161758700465,HOG8-ML04-H2-GPS-Sniper-Specialist-Refiner,Refiner,0.08776725702600768
3780,0.0060191196126004026,HOG8-ML04-H2-GPS-Sniper-Specialist-Exploiter,Exploiter,0.701099562851962
3791,0.005979025578813831,HOG8-ML04-H2-GPS-Sniper-Specialist-Exploiter,Exploiter,0.6661112648872934
3799,0.00594872157576636,HOG8-ML04-H2-GPS-Sniper-Specialist-Exploiter,Exploiter,0.5068384914567163
3811,0.005923022206492807,HOG8-ML04-H2-GPS-Sniper-Specialist-Refiner,Refiner,0.43201499593198905
3820,0.005914572953537397,HOG8-ML04-H2-GPS-Sniper-Specialist-Refiner,Refiner,0.14265104301226184
3830,0.005903208194505705,HOG8-ML04-H2-GPS-Sniper-Specialist-Refiner,Refiner,0.19214842932819517
3840,0.005863138031371409,HOG8-ML04-H2-GPS-Sniper-Specialist-Exploiter,Exploiter,0.678786209363075
3845,0.005858016309638177,HOG8-ML04-H2-GPS-Sniper-Specialist-Refiner,Refiner,0.08735461634756207
3854,0.0058561399581181905,HOG8-ML04-H2-GPS-Sniper-Specialist-Polisher,Polisher,0.03203049327293931
3860,0.005815068990042469,HOG8-ML04-H2-GPS-Sniper-Specialist-Exploiter,Exploiter,0.7013317367660653
3869,0.005812607603495602,HOG8-ML04-H2-GPS-Sniper-Specialist-Polisher,Polisher,0.0423277273422179
3880,0.0057977380754808665,HOG8-ML04-H2-GPS-Sniper-Specialist-Refiner,Refiner,0.25581510105366095
3890,0.005779603948551225,HOG8-ML04-H2-GPS-Sniper-Specialist-Refiner,Refiner,0.3127793407282823
3905,0.005769788906450186,HOG8-ML04-H2-GPS-Sniper-Specialist-Refiner,Refiner,0.169822053351925
3909,0.005745145304111901,HOG8-ML04-H2-GPS-Sniper-Specialist-Refiner,Refiner,0.42711445319491465
3920,0.005728711730465338,HOG8-ML04-H2-GPS-Sniper-Specialist-Refiner,Refiner,0.2860427852851927
3931,0.005702826967997273,HOG8-ML04-H2-GPS-Sniper-Specialist-Refiner,Refiner,0.4518426425684734
3941,0.00567408574323114,HOG8-ML04-H2-GPS-Sniper-Specialist-Exploiter,Exploiter,0.5039820588529242
3951,0.005661067561864169,HOG8-ML04-H2-GPS-Sniper-Specialist-Refiner,Refiner,0.22943222848723763
3964,0.005623918532126512,HOG8-ML04-H2-GPS-Sniper-Specialist-Exploiter,Exploiter,0.6562195086296401
3975,0.0056133640213941564,HOG8-ML04-H2-GPS-Sniper-Specialist-Refiner,Refiner,0.18767182831797305
3985,0.005558843436354981,HOG8-ML04-H2-GPS-Sniper-Specialist-Exploiter,Exploiter,0.9712640197817557
3997,0.005510805863887639,HOG8-ML04-H2-GPS-Sniper-Specialist-Exploiter,Exploiter,0.8641648756137777
4004,0.005476812618712375,HOG8-ML04-H2-GPS-Sniper-Specialist-Exploiter,Exploiter,0.6168470821667337
4016,0.0054536000625201135,HOG8-ML04-H2-GPS-Sniper-Specialist-Refiner,Refiner,0.4238333097786133
4030,0.005408847232786248,HOG8-ML04-H2-GPS-Sniper-Specialist-Exploiter,Exploiter,0.8206107749159912
4035,0.005387692497923581,HOG8-ML04-H2-GPS-Sniper-Specialist-Refiner,Refiner,0.3911135580690017
4044,0.0053678753384725645,HOG8-ML04-H2-GPS-Sniper-Specialist-Refiner,Refiner,0.3678227638020222
4055,0.005346885336151369,HOG8-ML04-H2-GPS-Sniper-Specialist-Refiner,Refiner,0.391029988546051
4065,0.005323903926146503,HOG8-ML04-H2-GPS-Sniper-Specialist-Refiner,Refiner,0.4298092919532816
4079,0.005297598287283002,HOG8-ML04-H2-GPS-Sniper-Specialist-Refiner,Refiner,0.49410431195630844
4090,0.005272840909885529,HOG8-ML04-H2-GPS-Sniper-Specialist-Refiner,Refiner,0.46733210135814784
4101,0.00525408381704195,HOG8-ML04-H2-GPS-Sniper-Specialist-Refiner,Refiner,0.35573030106811704
4109,0.005230837139935879,HOG8-ML04-H2-GPS-Sniper-Specialist-Refiner,Refiner,0.44244968134442414
4120,0.005161026870110486,HOG8-ML04-H2-GPS-Sniper-Specialist-Exploiter,Exploiter,1.3345907730984852
4131,0.00514840902512408,HOG8-ML04-H2-GPS-Sniper-Specialist-Refiner,Refiner,0.24448322599288724
4145,0.005087874826711578,HOG8-ML04-H2-GPS-Sniper-Specialist-Exploiter,Exploiter,1.175784560183498
4155,0.00507299051228149,HOG8-ML04-H2-GPS-Sniper-Specialist-Refiner,Refiner,0.29254482346822414
4165,0.005060137480931842,HOG8-ML04-H2-GPS-Sniper-Specialist-Refiner,Refiner,0.25336202223385285
4175,0.005046176313498242,HOG8-ML04-H2-GPS-Sniper-Specialist-Refiner,Refiner,0.275904903497381
4185,0.005030841760379969,HOG8-ML04-H2-GPS-Sniper-Specialist-Refiner,Refiner,0.3038846081785526
4194,0.005005469476843182,HOG8-ML04-H2-GPS-Sniper-Specialist-Exploiter,Exploiter,0.5043347563941403
4205,0.004989474274666376,HOG8-ML04-H2-GPS-Sniper-Specialist-Refiner,Refiner,0.3195544843656474
4215,0.004976519360851175,HOG8-ML04-H2-GPS-Sniper-Specialist-Refiner,Refiner,0.2596448664136587
4230,0.0049659783675606185,HOG8-ML04-H2-GPS-Sniper-Specialist-Refiner,Refiner,0.21181457412743832
4240,0.004951380410334433,HOG8-ML04-H2-GPS-Sniper-Specialist-Refiner,Refiner,0.29395933984618083
4244,0.004916856218651795,HOG8-ML04-H2-GPS-Sniper-Specialist-Exploiter,Exploiter,0.6972639712872708
4254,0.004894953252283771,HOG8-ML04-H2-GPS-Sniper-Specialist-Refiner,Refiner,0.4454668876616109
4264,0.004878671874138337,HOG8-ML04-H2-GPS-Sniper-Specialist-Refiner,Refiner,0.33261560031932874
4279,0.004828052677419606,HOG8-ML04-H2-GPS-Sniper-Specialist-Exploiter,Exploiter,1.0375610007113056
4284,0.004826358830593317,HOG8-ML04-H2-GPS-Sniper-Specialist-Polisher,Polisher,0.03508343714248226
4294,0.004818842319363447,HOG8-ML04-H2-GPS-Sniper-Specialist-Refiner,Refiner,0.1557387565595903
4305,0.004806484898293756,HOG8-ML04-H2-GPS-Sniper-Specialist-Refiner,Refiner,0.2564396228537274
4314,0.0047639241425095945,HOG8-ML04-H2-GPS-Sniper-Specialist-Exploiter,Exploiter,0.8854861023129401
4325,0.004753842432952125,HOG8-ML04-H2-GPS-Sniper-Specialist-Refiner,Refiner,0.21162615641815344
4336,0.004736789803870297,HOG8-ML04-H2-GPS-Sniper-Specialist-Refiner,Refiner,0.3587125430078399
4350,0.004732753509749426,HOG8-ML04-H2-GPS-Sniper-Specialist-Refiner,Refiner,0.08521159451856493
4361,0.004723699784932861,HOG8-ML04-H2-GPS-Sniper-Specialist-Refiner,Refiner,0.19129931017776455
4370,0.0047036457997633625,HOG8-ML04-H2-GPS-Sniper-Specialist-Refiner,Refiner,0.4245397904723928
4381,0.004680338996817986,HOG8-ML04-H2-GPS-Sniper-Specialist-Refiner,Refiner,0.4955050600653062
4390,0.0046565612928884,HOG8-ML04-H2-GPS-Sniper-Specialist-Exploiter,Exploiter,0.5080337972474074
4400,0.004642814218570173,HOG8-ML04-H2-GPS-Sniper-Specialist-Refiner,Refiner,0.2952194431376288
4410,0.004616706839440318,HOG8-ML04-H2-GPS-Sniper-Specialist-Exploiter,Exploiter,0.5623179800180431
4421,0.004586150993738834,HOG8-ML04-H2-GPS-Sniper-Specialist-Exploiter,Exploiter,0.661853714436601
4430,0.004577501761861543,HOG8-ML04-H2-GPS-Sniper-Specialist-Refiner,Refiner,0.18859457285857695
4444,0.004568166770627234,HOG8-ML04-H2-GPS-Sniper-Specialist-Refiner,Refiner,0.2039320074562351
4455,0.0045328181728939605,HOG8-ML04-H2-GPS-Sniper-Specialist-Exploiter,Exploiter,0.7738026982850292
4464,0.004509858517548294,HOG8-ML04-H2-GPS-Sniper-Specialist-Exploiter,Exploiter,0.5065205457162116
4474,0.004492461256523108,HOG8-ML04-H2-GPS-Sniper-Specialist-Refiner,Refiner,0.3857606831232513
4484,0.00448109416926332,HOG8-ML04-H2-GPS-Sniper-Specialist-Refiner,Refiner,0.25302582728527184
4499,0.0044650255895470215,HOG8-ML04-H2-GPS-Sniper-Specialist-Refiner,Refiner,0.3585860753946216
4505,0.004440501671508547,HOG8-ML04-H2-GPS-Sniper-Specialist-Exploiter,Exploiter,0.5492447366009933
4515,0.00442691897399137,HOG8-ML04-H2-GPS-Sniper-Specialist-Refiner,Refiner,0.30588204941632835
4526,0.004397619671724079,HOG8-ML04-H2-GPS-Sniper-Specialist-Exploiter,Exploiter,0.6618441051084881
4543,0.004377012055720749,HOG8-ML04-H2-GPS-Sniper-Specialist-Refiner,Refiner,0.468608418682359
4545,0.004354470594197709,HOG8-ML04-H2-GPS-Sniper-Specialist-Exploiter,Exploiter,0.5149965601209117
4556,0.004343302604729104,HOG8-ML04-H2-GPS-Sniper-Specialist-Refiner,Refiner,0.25647180815703924
4571,0.004314372983954628,HOG8-ML04-H2-GPS-Sniper-Specialist-Exploiter,Exploiter,0.6660742620828752
4591,0.004296167150693381,HOG8-ML04-H2-GPS-Sniper-Specialist-Refiner,Refiner,0.42198097681760904
4600,0.004289511527997485,HOG8-ML04-H2-GPS-Sniper-Specialist-Refiner,Refiner,0.15492001270997813
4611,0.004270984999026389,HOG8-ML04-H2-GPS-Sniper-Specialist-Refiner,Refiner,0.431902999914433
4621,0.0042472882744378805,HOG8-ML04-H2-GPS-Sniper-Specialist-Exploiter,Exploiter,0.5548304335864009
4631,0.004217992408928328,HOG8-ML04-H2-GPS-Sniper-Specialist-Exploiter,Exploiter,0.6897545826090568
4634,0.004208807943679088,HOG8-ML04-H2-GPS-Sniper-Specialist-Refiner,Refiner,0.21774494496004654
4644,0.004194688639063401,HOG8-ML04-H2-GPS-Sniper-Specialist-Refiner,Refiner,0.3354703945779129
4654,0.004171370056733842,HOG8-ML04-H2-GPS-Sniper-Specialist-Exploiter,Exploiter,0.5559073470293565
4665,0.00416045197102109,HOG8-ML04-H2-GPS-Sniper-Specialist-Refiner,Refiner,0.26173860300711804
4680,0.0041510948557631835,HOG8-ML04-H2-GPS-Sniper-Specialist-Refiner,Refiner,0.22490621987903375
4690,0.004133962485960539,HOG8-ML04-H2-GPS-Sniper-Specialist-Refiner,Refiner,0.4127193041339177
4700,0.004115363388807777,HOG8-ML04-H2-GPS-Sniper-Specialist-Refiner,Refiner,0.44990967421515415
4714,0.0040985622963274895,HOG8-ML04-H2-GPS-Sniper-Specialist-Refiner,Refiner,0.40825295102688164
4720,0.004066760418334578,HOG8-ML04-H2-GPS-Sniper-Specialist-Exploiter,Exploiter,0.7759276471509926
4735,0.004046470697597284,HOG8-ML04-H2-GPS-Sniper-Specialist-Refiner,Refiner,0.4989160572582557
4746,0.004028431748595717,HOG8-ML04-H2-GPS-Sniper-Specialist-Refiner,Refiner,0.4457946281997663
4755,0.0040053725143151375,HOG8-ML04-H2-GPS-Sniper-Specialist-Exploiter,Exploiter,0.5724121871648493
4765,0.003981058397874923,HOG8-ML04-H2-GPS-Sniper-Specialist-Exploiter,Exploiter,0.6070375814812751
4775,0.003957298599465489,HOG8-ML04-H2-GPS-Sniper-Specialist-Exploiter,Exploiter,0.5968211474143884
4781,0.003953177606765316,HOG8-ML04-H2-GPS-Sniper-Specialist-Refiner,Refiner,0.10413651122332217
4795,0.003944684620595953,HOG8-ML04-H2-GPS-Sniper-Specialist-Refiner,Refiner,0.21483947887464463
4805,0.0038672428107909855,HOG8-ML04-H2-GPS-Sniper-Specialist-Exploiter,Exploiter,1.9631939496665627
4815,0.0038596774164144066,HOG8-ML04-H2-GPS-Sniper-Specialist-Refiner,Refiner,0.19562760205976032
4829,0.003845540039148221,HOG8-ML04-H2-GPS-Sniper-Specialist-Refiner,Refiner,0.3662839077188786
4840,0.003833445071803858,HOG8-ML04-H2-GPS-Sniper-Specialist-Refiner,Refiner,0.3145193450395556
4850,0.0038198713142095896,HOG8-ML04-H2-GPS-Sniper-Specialist-Refiner,Refiner,0.35408770283699736
4860,0.003812312362250533,HOG8-ML04-H2-GPS-Sniper-Specialist-Refiner,Refiner,0.19788498976229993
4871,0.0037956255393217756,HOG8-ML04-H2-GPS-Sniper-Specialist-Refiner,Refiner,0.43770870125937444
4880,0.0037947130280834925,HOG8-ML04-H2-GPS-Sniper-Specialist-Polisher,Polisher,0.024041129158545636
4890,0.0037940734119931677,HOG8-ML04-H2-GPS-Sniper-Specialist-Polisher,Polisher,0.01685545351100821
4900,0.0037886605551051425,HOG8-ML04-H2-GPS-Sniper-Specialist-Refiner,Refiner,0.1426661084341429
4910,0.0037808555589672692,HOG8-ML04-H2-GPS-Sniper-Specialist-Refiner,Refiner,0.20600938047501288
4920,0.0037448754749779467,HOG8-ML04-H2-GPS-Sniper-Specialist-Exploiter,Exploiter,0.9516386814615693
4931,0.0037371836980164257,HOG8-ML04-H2-GPS-Sniper-Specialist-Refiner,Refiner,0.20539473242608244
4940,0.00367829156485454,HOG8-ML04-H2-GPS-Sniper-Specialist-Exploiter,Exploiter,1.5758426109250039
4951,0.0036707557493388296,HOG8-ML04-H2-GPS-Sniper-Specialist-Refiner,Refiner,0.20487270741976774
4960,0.003663744197314152,HOG8-ML04-H2-GPS-Sniper-Specialist-Refiner,Refiner,0.19101112968196055
4970,0.0036354394684988077,HOG8-ML04-H2-GPS-Sniper-Specialist-Exploiter,Exploiter,0.7725629108084059
4981,0.003624921283355923,HOG8-ML04-H2-GPS-Sniper-Specialist-Refiner,Refiner,0.2893236219176548
4995,0.003620053852498496,HOG8-ML04-H2-GPS-Sniper-Specialist-Refiner,Refiner,0.13427687050132972
5006,0.003615152032882074,HOG8-ML04-H2-GPS-Sniper-Specialist-Refiner,Refiner,0.13540736729755434
5016,0.003610735201394361,HOG8-ML04-H2-GPS-Sniper-Specialist-Refiner,Refiner,0.12217553916236921
5021,0.0035891549273390326,HOG8-ML04-H2-GPS-Sniper-Specialist-Exploiter,Exploiter,0.5976698055009649
5034,0.003582585811112709,HOG8-ML04-H2-GPS-Sniper-Specialist-Refiner,Refiner,0.1830268227288281
5040,0.003577096949458914,HOG8-ML02-H2-GPS-GradientEstimation-Escape-Specialist-Refiner,Refiner,0.15320949568797873
5044,0.0035641682017621187,HOG8-ML04-H2-GPS-Sniper-Specialist-Refiner,Refiner,0.36143129133670576
5054,0.00356289518587751,HOG8-ML04-H2-GPS-Sniper-Specialist-Polisher,Polisher,0.03571705409355657
5060,0.003555459391247298,HOG8-ML04-H2-GPS-Sniper-Specialist-Refiner,Refiner,0.20870090873528185
5074,0.00354233405081619,HOG8-ML04-H2-GPS-Sniper-Specialist-Refiner,Refiner,0.36916018400939665
5084,0.0035378872438661564,HOG8-ML04-H2-GPS-Sniper-Specialist-Refiner,Refiner,0.12553324689999457
5094,0.0035012425031240337,HOG8-ML04-H2-GPS-Sniper-Specialist-Exploiter,Exploiter,1.0357803461841784
5104,0.003485537862536043,HOG8-ML04-H2-GPS-Sniper-Specialist-Refiner,Refiner,0.4485447830014064
5126,0.003473673271274038,HOG8-ML04-H2-GPS-Sniper-Specialist-Refiner,Refiner,0.3403948466470651
5141,0.003454914366228192,HOG8-ML04-H2-GPS-Sniper-Specialist-Exploiter,Exploiter,0.5400307853065752
5145,0.003447772954506112,HOG8-ML04-H2-GPS-Sniper-Specialist-Refiner,Refiner,0.20670300230556754
5155,0.0034364558718098905,HOG8-ML04-H2-GPS-Sniper-Specialist-Refiner,Refiner,0.3282432702371152
5166,0.0034113747061638774,HOG8-ML04-H2-GPS-Sniper-Specialist-Exploiter,Exploiter,0.7298556007007163
5181,0.003391746538815103,HOG8-ML04-H2-GPS-Sniper-Specialist-Exploiter,Exploiter,0.5753741244932452
5190,0.003371180883278383,HOG8-ML04-H2-GPS-Sniper-Specialist-Exploiter,Exploiter,0.6063441150854592
5200,0.0033660578614512398,HOG8-ML04-H2-GPS-Sniper-Specialist-Refiner,Refiner,0.15196520164652402
5210,0.0033502283070317527,HOG8-ML04-H2-GPS-Sniper-Specialist-Refiner,Refiner,0.4702698251497771
5220,0.0033314636426993597,HOG8-ML04-H2-GPS-Sniper-Specialist-Exploiter,Exploiter,0.5601010621577074
5230,0.003317604438189678,HOG8-ML04-H2-GPS-Sniper-Specialist-Refiner,Refiner,0.41600947799784216
5240,0.0033096968426540316,HOG8-ML04-H2-GPS-Sniper-Specialist-Refiner,Refiner,0.23835257285710326
5255,0.0032924797837118273,HOG8-ML04-H2-GPS-Sniper-Specialist-Exploiter,Exploiter,0.5202004824223737
5269,0.0032710045906109275,HOG8-ML04-H2-GPS-Sniper-Specialist-Exploiter,Exploiter,0.6522498090083771
5285,0.0032662160159414233,HOG8-ML04-H2-GPS-Sniper-Specialist-Refiner,Refiner,0.14639461782625685
5291,0.003258590549311079,HOG8-ML04-H2-GPS-Sniper-Specialist-Refiner,Refiner,0.23346485943142783
5304,0.0032530514945282646,HOG8-ML04-H2-GPS-Sniper-Specialist-Refiner,Refiner,0.16998314759076857
5314,0.0032343836390041165,HOG8-ML04-H2-GPS-Sniper-Specialist-Exploiter,Exploiter,0.5738567482115782
5325,0.003230752683822627,HOG8-ML04-H2-GPS-Sniper-Specialist-Refiner,Refiner,0.11226111639024909
5335,0.0032201954138352663,HOG8-ML04-H2-GPS-Sniper-Specialist-Refiner,Refiner,0.32677431609742547
5351,0.003200417202891359,HOG8-ML04-H2-GPS-Sniper-Specialist-Exploiter,Exploiter,0.6141928796908379
5360,0.0031946789708589577,HOG8-ML04-H2-GPS-Sniper-Specialist-Refiner,Refiner,0.17929637508564072
5370,0.003190732555670913,HOG8-ML04-H2-GPS-Sniper-Specialist-Refiner,Refiner,0.12353088445014516
5391,0.003179170716367553,HOG8-ML04-H2-GPS-Sniper-Specialist-Refiner,Refiner,0.36235689145461963
5401,0.003166175952287771,HOG8-ML04-H2-GPS-Sniper-Specialist-Refiner,Refiner,0.40874697331855503
5411,0.003159354133397575,HOG8-ML04-H2-GPS-Sniper-Specialist-Refiner,Refiner,0.21545924778016923
5420,0.0031394926334950522,HOG8-ML04-H2-GPS-Sniper-Specialist-Exploiter,Exploiter,0.6286569679722435
5429,0.0031363500628627554,HOG8-ML04-H2-GPS-Sniper-Specialist-Refiner,Refiner,0.10009804128122425
5439,0.0031123241384806467,HOG8-ML04-H2-GPS-Sniper-Specialist-Exploiter,Exploiter,0.7660472810926775
5449,0.0031081884766463513,HOG8-ML04-H2-GPS-Sniper-Specialist-Refiner,Refiner,0.1328801773299342
5459,0.00310544157210213,HOG8-ML04-H2-GPS-Sniper-Specialist-Refiner,Refiner,0.08837638273420047
5470,0.0030759558252101086,HOG8-ML04-H2-GPS-Sniper-Specialist-Exploiter,Exploiter,0.9494864484622063
5484,0.003074656685113666,HOG8-ML04-H2-GPS-Sniper-Specialist-Polisher,Polisher,0.042235330097879345
5490,0.0030516421757672304,HOG8-ML04-H2-GPS-Sniper-Specialist-Exploiter,Exploiter,0.7485228987634075
5504,0.0030394618033682944,HOG8-ML04-H2-GPS-Sniper-Specialist-Refiner,Refiner,0.3991415669785617
5509,0.003026415015277837,HOG8-ML04-H2-GPS-Sniper-Specialist-Refiner,Refiner,0.42924665399641637
5521,0.0030233581078917956,HOG8-ML04-H2-GPS-Sniper-Specialist-Refiner,Refiner,0.10100754095553703
5536,0.002992791155910368,HOG8-ML04-H2-GPS-Sniper-Specialist-Exploiter,Exploiter,1.0110265106088383
5545,0.0029927144321587823,HOG8-ML04-H2-GPS-Sniper-Specialist-Polisher,Polisher,0.002563618628515022
5555,0.0029867077125366247,HOG8-ML04-H2-GPS-Sniper-Specialist-Refiner,Refiner,0.20071141962665495
5566,0.002984039579126631,HOG8-ML04-H2-GPS-Sniper-Specialist-Refiner,Refiner,0.08933359628041537
5571,0.0029741601418731512,HOG8-ML04-H2-GPS-Sniper-Specialist-Refiner,Refiner,0.3310759455935712
5586,0.0029600668002705,HOG8-ML04-H2-GPS-Sniper-Specialist-Refiner,Refiner,0.4738595411938776
5606,0.002928567237451288,HOG8-ML04-H2-GPS-Sniper-Specialist-Exploiter,Exploiter,1.0641504041845684
5615,0.0029279723062802954,HOG8-ML04-H2-GPS-Sniper-Specialist-Polisher,Polisher,0.020314751984678227
5624,0.002902287204677485,HOG8-ML04-H2-GPS-Sniper-Specialist-Exploiter,Exploiter,0.8772317124625032
5634,0.002879242882927448,HOG8-ML04-H2-GPS-Sniper-Specialist-Exploiter,Exploiter,0.7940055592326477
5646,0.0028685112702932104,HOG8-ML04-H2-GPS-Sniper-Specialist-Refiner,Refiner,0.37272342315651613
5655,0.0028555910987305023,HOG8-ML04-H2-GPS-Sniper-Specialist-Refiner,Refiner,0.4504138330050006
5665,0.002854519685431322,HOG8-ML04-H2-GPS-Sniper-Specialist-Polisher,Polisher,0.037519843077547334
5675,0.0028527249430851313,HOG8-ML04-H2-GPS-Sniper-Specialist-Refiner,Refiner,0.06287370710213482
5689,0.002847574070342658,HOG8-ML04-H2-GPS-Sniper-Specialist-Refiner,Refiner,0.18055974008144685
5699,0.0028424812211483865,HOG8-ML04-H2-GPS-Sniper-Specialist-Refiner,Refiner,0.17884869957601712
5709,0.0028359192859515963,HOG8-ML04-H2-GPS-Sniper-Specialist-Refiner,Refiner,0.23085236757128466
5720,0.00283043055673151,HOG8-ML04-H2-GPS-Sniper-Specialist-Refiner,Refiner,0.1935432100369028
5735,0.0028179872322794137,HOG8-ML04-H2-GPS-Sniper-Specialist-Refiner,Refiner,0.43962655866976713
5750,0.00281564070088499,HOG8-ML04-H2-GPS-Sniper-Specialist-Refiner,Refiner,0.08326976671663221
5760,0.0028057235973381663,HOG8-ML04-H2-GPS-Sniper-Specialist-Refiner,Refiner,0.3522148100681574
5771,0.0027955067734744253,HOG8-ML04-H2-GPS-Sniper-Specialist-Refiner,Refiner,0.36414220821444904
5792,0.0027791438463113747,HOG8-ML04-H2-GPS-Sniper-Specialist-Exploiter,Exploiter,0.5853295480559227
5800,0.002768232235022995,HOG8-ML04-H2-GPS-Sniper-Specialist-Refiner,Refiner,0.392624919464401
5810,0.0027675766617326894,HOG8-ML04-H2-GPS-Sniper-Specialist-Polisher,Polisher,0.02368201923275366
5823,0.0027414118966675753,HOG8-ML04-H2-GPS-Sniper-Specialist-Exploiter,Exploiter,0.9454034436297488
5829,0.002731909637186196,HOG8-ML04-H2-GPS-Sniper-Specialist-Refiner,Refiner,0.3466191816315572
5845,0.002706706146797341,HOG8-ML04-H2-GPS-Sniper-Specialist-Exploiter,Exploiter,0.9225594450779159
5864,0.002684336868600606,HOG8-ML04-H2-GPS-Sniper-Specialist-Exploiter,Exploiter,0.8264391102522423
5875,0.0026790083304402764,HOG8-ML04-H2-GPS-Sniper-Specialist-Refiner,Refiner,0.19850482339452877
5884,0.002671093082372041,HOG8-ML04-H2-GPS-Sniper-Specialist-Refiner,Refiner,0.29545440297061987
5901,0.0026598329507134697,HOG8-ML04-H2-GPS-Sniper-Specialist-Refiner,Refiner,0.4215551952450737
5910,0.0026359627026527883,HOG8-ML04-H2-GPS-Sniper-Specialist-Exploiter,Exploiter,0.8974341059380629
5914,0.002635703894529634,HOG8-ML04-H2-GPS-Sniper-Specialist-Polisher,Polisher,0.0098183530022566
5925,0.0026277723391923955,HOG8-ML04-H2-GPS-Sniper-Specialist-Refiner,Refiner,0.3009274051497343
5941,0.0026195852393802953,HOG8-ML04-H2-GPS-Sniper-Specialist-Refiner,Refiner,0.3115604685380157
5951,0.002618406965473799,HOG8-ML04-H2-GPS-Sniper-Specialist-Polisher,Polisher,0.04497940699860046
5965,0.002610475065887208,HOG8-ML04-H2-GPS-Sniper-Specialist-Refiner,Refiner,0.3029284481434991
5971,0.002608844502213422,HOG8-ML04-H2-GPS-Sniper-Specialist-Refiner,Refiner,0.06246233473339673
5975,0.0026067332345215913,HOG8-ML04-H2-GPS-Sniper-Specialist-Refiner,Refiner,0.08092731054070866
5991,0.0026003880073904254,HOG8-ML04-H2-GPS-Sniper-Specialist-Refiner,Refiner,0.2434168194556528
6000,0.0025998344671985677,HOG8-ML04-H2-GPS-Sniper-Specialist-Polisher,Polisher,0.02128683066852188
6011,0.002595836985110838,HOG8-ML04-H2-GPS-Sniper-Specialist-Refiner,Refiner,0.15375910036445298
6020,0.0025949257455031125,HOG8-ML04-H2-GPS-Sniper-Specialist-Polisher,Polisher,0.03510388414035252
6034,0.0025908134961859547,HOG8-ML04-H2-GPS-Sniper-Specialist-Refiner,Refiner,0.15847271638828572
6040,0.002589716451771491,HOG8-ML04-H2-GPS-Sniper-Specialist-Polisher,Polisher,0.042343627438975524
6049,0.002581978375012184,HOG8-ML04-H2-GPS-Sniper-Specialist-Refiner,Refiner,0.29880015451165637
6060,0.002578764713507666,HOG8-ML04-H2-GPS-Sniper-Specialist-Refiner,Refiner,0.12446508210987005
6079,0.002572916110159601,HOG8-ML04-H2-GPS-Sniper-Specialist-Refiner,Refiner,0.22679864190129564
6095,0.002561146692581911,HOG8-ML04-H2-GPS-Sniper-Specialist-Refiner,Refiner,0.45743495216250246
6109,0.002557900131575796,HOG8-ML04-H2-GPS-Sniper-Specialist-Refiner,Refiner,0.12676200920151498
6120,0.002548162747175923,HOG8-ML04-H2-GPS-Sniper-Specialist-Refiner,Refiner,0.3806788341605034
6131,0.0025306095818870625,HOG8-ML04-H2-GPS-Sniper-Specialist-Exploiter,Exploiter,0.6888557376609697
6140,0.002514236806807709,HOG8-ML04-H2-GPS-Sniper-Specialist-Exploiter,Exploiter,0.6469893734909599
6151,0.0025015121049914144,HOG8-ML04-H2-GPS-Sniper-Specialist-Exploiter,Exploiter,0.5061059396569373
6161,0.0025005425771886533,HOG8-ML04-H2-GPS-Sniper-Specialist-Polisher,Polisher,0.03875766984403338
6170,0.0024892129167249167,HOG8-ML04-H2-GPS-Sniper-Specialist-Refiner,Refiner,0.4530880844458388
6181,0.0024824578782225654,HOG8-ML04-H2-GPS-Sniper-Specialist-Refiner,Refiner,0.2713724670543224
6195,0.002473947656300907,HOG8-ML04-H2-GPS-Sniper-Specialist-Refiner,Refiner,0.34281435331952687
6206,0.0024644472550054385,HOG8-ML04-H2-GPS-Sniper-Specialist-Refiner,Refiner,0.3840178781176713
6215,0.0024544021059843494,HOG8-ML04-H2-GPS-Sniper-Specialist-Refiner,Refiner,0.4076025161701786
6224,0.0024524440014612762,HOG8-ML04-H2-GPS-Sniper-Specialist-Refiner,Refiner,0.07977928792918267
6239,0.0024504064811004637,HOG8-ML04-H2-GPS-Sniper-Specialist-Refiner,Refiner,0.08308121855579272
6249,0.002449425912469489,HOG8-ML04-H2-GPS-Sniper-Specialist-Polisher,Polisher,0.04001657025222288
6255,0.0024365252319802026,HOG8-ML04-H2-GPS-Sniper-Specialist-Exploiter,Exploiter,0.5266818001561946
6265,0.002430052890740735,HOG8-ML04-H2-GPS-Sniper-Specialist-Refiner,Refiner,0.26563817827601505
6279,0.002427099781683828,HOG8-ML04-H2-GPS-Sniper-Specialist-Refiner,Refiner,0.12152447661361575
6290,0.0024207618176611953,HOG8-ML04-H2-GPS-Sniper-Specialist-Refiner,Refiner,0.26113322865679117
6300,0.002414843895298935,HOG8-ML04-H2-GPS-Sniper-Specialist-Refiner,Refiner,0.2444652885337449
6310,0.0024093798148821424,HOG8-ML04-H2-GPS-Sniper-Specialist-Refiner,Refiner,0.22627054392335136
6319,0.002407950426362339,HOG8-ML04-H2-GPS-Sniper-Specialist-Refiner,Refiner,0.059325993808631995
6331,0.002395204474037935,HOG8-ML04-H2-GPS-Sniper-Specialist-Exploiter,Exploiter,0.5293278542971981
6345,0.002388799658958941,HOG8-ML04-H2-GPS-Sniper-Specialist-Refiner,Refiner,0.2674015996720563
6360,0.0023863702001106057,HOG8-ML04-H2-GPS-Sniper-Specialist-Refiner,Refiner,0.10170207615459671
6371,0.0023840051478347876,HOG8-ML04-H2-GPS-Sniper-Specialist-Refiner,Refiner,0.09910667991531395
6381,0.0023751301854368118,HOG8-ML04-H2-GPS-Sniper-Specialist-Refiner,Refiner,0.3722711088118372
6391,0.002374225442074266,HOG8-ML04-H2-GPS-Sniper-Specialist-Polisher,Polisher,0.038092369340147474
6400,0.0023623036292943654,HOG8-ML04-H2-GPS-Sniper-Specialist-Exploiter,Exploiter,0.5021348254732234
6411,0.002362257028759248,HOG8-ML04-H2-GPS-Sniper-Specialist-Polisher,Polisher,0.0019726733913238647
6420,0.0023496059687341106,HOG8-ML04-H2-GPS-Sniper-Specialist-Exploiter,Exploiter,0.5355496828294882
6429,0.0023483129184093585,HOG8-ML04-H2-GPS-Sniper-Specialist-Refiner,Refiner,0.05503264555668019
6434,0.002346580368787549,HOG8-ML04-H2-GPS-Sniper-Specialist-Refiner,Refiner,0.07377848191470736
6445,0.0023317664008997274,HOG8-ML04-H2-GPS-Sniper-Specialist-Exploiter,Exploiter,0.631300256529291
6464,0.002325196943351798,HOG8-ML04-H2-GPS-Sniper-Specialist-Refiner,Refiner,0.28173737924152564
6474,0.0023161151194058946,HOG8-ML04-H2-GPS-Sniper-Specialist-Refiner,Refiner,0.3905829986518002
6485,0.002315986905664651,HOG8-ML04-H2-GPS-Sniper-Specialist-Polisher,Polisher,0.005535724030704618
6495,0.002301685368859976,HOG8-ML04-H2-GPS-Sniper-Specialist-Exploiter,Exploiter,0.6175137160618187
6504,0.0023003726455559986,HOG8-ML04-H2-GPS-Sniper-Specialist-Refiner,Refiner,0.05703313414324343
6514,0.0022803292161770183,HOG8-ML04-H2-GPS-Sniper-Specialist-Exploiter,Exploiter,0.8713122814123784
6526,0.0022773742503541133,HOG8-ML04-H2-GPS-Sniper-Specialist-Refiner,Refiner,0.1295850529801597
6537,0.0022772801411101882,HOG8-ML04-H2-GPS-Sniper-Specialist-Polisher,Polisher,0.004132357424803275
6545,0.0022756886791960008,HOG8-ML04-H2-GPS-Sniper-Specialist-Refiner,Refiner,0.0698843276001877
6555,0.0022680234107987597,HOG8-ML04-H2-GPS-Sniper-Specialist-Refiner,Refiner,0.33683290984904024
6567,0.0022621925737578135,HOG8-ML04-H2-GPS-Sniper-Specialist-Refiner,Refiner,0.25708892655974186
6580,0.0022591240787146073,HOG8-ML04-H2-GPS-Sniper-Specialist-Refiner,Refiner,0.13564252127788817
6590,0.0022534440294039847,HOG8-ML04-H2-GPS-Sniper-Specialist-Refiner,Refiner,0.2514270625566678
6602,0.0022513253649974274,HOG8-ML04-H2-GPS-Sniper-Specialist-Refiner,Refiner,0.09401894961276915
6610,0.0022425930013493726,HOG8-ML04-H2-GPS-Sniper-Specialist-Refiner,Refiner,0.38787657189945085
6620,0.002237872347761703,HOG8-ML04-H2-GPS-Sniper-Specialist-Refiner,Refiner,0.21049979130539487
6630,0.0022358497786380133,HOG8-ML04-H2-GPS-Sniper-Specialist-Refiner,Refiner,0.09037911057404575
6644,0.00223562837999802,HOG8-ML04-H2-GPS-Sniper-Specialist-Polisher,Polisher,0.009902214455936292
6644,0.0022350922228026133,HOG8-ML01-H1-GPS-GradientEstimation-Escape-Specialist-Polisher,Polisher,0.02398239350527057
6654,0.00222686318054148,HOG8-ML04-H2-GPS-Sniper-Specialist-Refiner,Refiner,0.36817461835264553
6660,0.0022025867930141147,HOG8-ML04-H2-GPS-Sniper-Specialist-Exploiter,Exploiter,1.0901607130377173
6674,0.002194033074213178,HOG8-ML04-H2-GPS-Sniper-Specialist-Refiner,Refiner,0.3883487737267135
6685,0.0021865747288522283,HOG8-ML04-H2-GPS-Sniper-Specialist-Refiner,Refiner,0.3399376904846476
6694,0.0021765519596125076,HOG8-ML04-H2-GPS-Sniper-Specialist-Refiner,Refiner,0.45837762174182894
6704,0.002173621301458701,HOG8-ML04-H2-GPS-Sniper-Specialist-Refiner,Refiner,0.1346468271002508
6714,0.0021696495793619083,HOG8-ML04-H2-GPS-Sniper-Specialist-Refiner,Refiner,0.18272373822097282
6730,0.0021686683349639167,HOG8-ML04-H2-GPS-Sniper-Specialist-Polisher,Polisher,0.04522593912516369
6742,0.0021676706553646267,HOG8-ML04-H2-GPS-Sniper-Specialist-Polisher,Polisher,0.04600424985255362
6747,0.002165041635543861,HOG8-ML04-H2-GPS-Sniper-Specialist-Refiner,Refiner,0.12128317621772408
6755,0.002160054424239744,HOG8-ML04-H2-GPS-Sniper-Specialist-Refiner,Refiner,0.23035175038859423
6766,0.002152646523400097,HOG8-ML04-H2-GPS-Sniper-Specialist-Refiner,Refiner,0.34294973110476934
6780,0.002138444249806085,HOG8-ML04-H2-GPS-Sniper-Specialist-Exploiter,Exploiter,0.6597587406770176
6786,0.0021333784750476098,HOG8-ML04-H2-GPS-Sniper-Specialist-Refiner,Refiner,0.23689066287019023
6791,0.0021286890192783923,HOG8-ML04-H2-GPS-Sniper-Specialist-Refiner,Refiner,0.21981358788729916
6810,0.002118216115639027,HOG8-ML04-H2-GPS-Sniper-Specialist-Refiner,Refiner,0.4919884278312982
6829,0.002095035246228752,HOG8-ML04-H2-GPS-Sniper-Specialist-Exploiter,Exploiter,1.0943580892963645
6846,0.002092980699027716,HOG8-ML04-H1-GPS-Sniper-Specialist-Refiner,Refiner,0.09806742892438762
6846,0.00207755074023606,HOG8-ML04-H2-GPS-Sniper-Specialist-Exploiter,Exploiter,0.7372241320153481
6855,0.002073003739019096,HOG8-ML04-H2-GPS-Sniper-Specialist-Refiner,Refiner,0.2188635458524361
6860,0.002063880824837808,HOG8-ML00-H1-GPS-GradientEstimation-Escape-Specialist-Refiner,Refiner,0.44008189708353374
6864,0.0020596716414486714,HOG8-ML04-H1-GPS-Sniper-Specialist-Refiner,Refiner,0.20394507950658286
6871,0.002042651216632201,HOG8-ML04-H2-GPS-Sniper-Specialist-Exploiter,Exploiter,0.826365934936079
6879,0.0020404944550503883,HOG8-ML04-H2-GPS-Sniper-Specialist-Refiner,Refiner,0.10558638519641292
6890,0.00202535161337968,HOG8-ML04-H2-GPS-Sniper-Specialist-Exploiter,Exploiter,0.7421162862378156
6901,0.002020747051460258,HOG8-ML04-H2-GPS-Sniper-Specialist-Refiner,Refiner,0.22734629824290473
6914,0.002017254648602287,HOG8-ML04-H2-GPS-Sniper-Specialist-Refiner,Refiner,0.17282731430673395
6920,0.002016511617915134,HOG8-ML04-H2-GPS-Sniper-Specialist-Polisher,Polisher,0.036833757585728384
6931,0.0020112928826773986,HOG8-ML04-H2-GPS-Sniper-Specialist-Refiner,Refiner,0.25880015723047956
6945,0.0020021092876385494,HOG8-ML04-H2-GPS-Sniper-Specialist-Refiner,Refiner,0.456601577917591
6955,0.001992597593280842,HOG8-ML04-H2-GPS-Sniper-Specialist-Refiner,Refiner,0.4750836738251332
6961,0.0019906326672562784,HOG8-ML04-H2-GPS-Sniper-Specialist-Refiner,Refiner,0.09861128163505939
6972,0.001988441652426372,HOG8-ML04-H2-GPS-Sniper-Specialist-Refiner,Refiner,0.11006625511306531
6981,0.0019852795379934774,HOG8-ML04-H2-GPS-Sniper-Specialist-Refiner,Refiner,0.15902475333063867
6995,0.0019852206414431176,HOG8-ML04-H2-GPS-Sniper-Specialist-Polisher,Polisher,0.0029666628418157023
7005,0.0019796619784455236,HOG8-ML04-H2-GPS-Sniper-Specialist-Refiner,Refiner,0.28000227690324914
7045,0.0019744896600359845,HOG8-ML04-H2-GPS-Sniper-Specialist-Refiner,Refiner,0.26127280646166234
7069,0.001967761811331751,HOG8-ML04-H2-GPS-Sniper-Specialist-Refiner,Refiner,0.3407386141546464
7074,0.0019629806187614262,HOG8-ML04-H2-GPS-Sniper-Specialist-Refiner,Refiner,0.2429761845560469
7089,0.0019558695216915266,HOG8-ML04-H2-GPS-Sniper-Specialist-Refiner,Refiner,0.3622601773005008
7110,0.0019549010744526543,HOG8-ML04-H2-GPS-Sniper-Specialist-Polisher,Polisher,0.04951492050628935
7120,0.0019511556490086153,HOG8-ML04-H2-GPS-Sniper-Specialist-Refiner,Refiner,0.19159155892774274
7125,0.0019491793900516593,HOG8-ML04-H2-GPS-Sniper-Specialist-Refiner,Refiner,0.10128658664213519
7140,0.0019483183702033004,HOG8-ML04-H2-GPS-Sniper-Specialist-Polisher,Polisher,0.04417345333905029
7149,0.0019473108177259749,HOG8-ML04-H2-GPS-Sniper-Specialist-Refiner,Refiner,0.05171395459461741
7161,0.0019395023438444187,HOG8-ML04-H2-GPS-Sniper-Specialist-Refiner,Refiner,0.400987547056033
7170,0.0019243358762706451,HOG8-ML04-H2-GPS-Sniper-Specialist-Exploiter,Exploiter,0.7819772748359306
7180,0.001919879125304148,HOG8-ML04-H1-GPS-Sniper-Specialist-Refiner,Refiner,0.23159943237842603
7190,0.001913932881648928,HOG8-ML04-H1-GPS-Sniper-Specialist-Refiner,Refiner,0.30971968895582713
7199,0.0019024205477775516,HOG8-ML04-H1-GPS-Sniper-Specialist-Exploiter,Exploiter,0.6015014414433469
7215,0.0018975941555350716,HOG8-ML04-H1-GPS-Sniper-Specialist-Refiner,Refiner,0.25369744077450185
7221,0.0018927132775459672,HOG8-ML04-H1-GPS-Sniper-Specialist-Refiner,Refiner,0.25721400832035
7233,0.001881284548429059,HOG8-ML04-H1-GPS-Sniper-Specialist-Exploiter,Exploiter,0.6038278091294533
7245,0.0018811647426600865,HOG8-ML04-H1-GPS-Sniper-Specialist-Polisher,Polisher,0.006368296017349844
7252,0.0018803914020564033,HOG8-ML00-H2-GPS-GradientEstimation-Escape-Specialist-Polisher,Polisher,0.0411096692461738
7256,0.0018762688069879287,HOG8-ML04-H1-GPS-Sniper-Specialist-Refiner,Refiner,0.21924132730909698
7265,0.0018716685384926961,HOG8-ML04-H1-GPS-Sniper-Specialist-Refiner,Refiner,0.24518173931685244
7275,0.0018646798541509543,HOG8-ML04-H1-GPS-Sniper-Specialist-Refiner,Refiner,0.37339326905446385
7285,0.001862314252504922,HOG8-ML04-H1-GPS-Sniper-Specialist-Refiner,Refiner,0.12686368873274692
7296,0.0018561111941951735,HOG8-ML04-H1-GPS-Sniper-Specialist-Refiner,Refiner,0.3330833290571141
7305,0.001853614629183107,HOG8-ML04-H1-GPS-Sniper-Specialist-Refiner,Refiner,0.13450514278855022
7315,0.0018434085412521012,HOG8-ML04-H1-GPS-Sniper-Specialist-Exploiter,Exploiter,0.5506046278618151
7339,0.001841914517262136,HOG8-ML04-H1-GPS-Sniper-Specialist-Refiner,Refiner,0.08104681933124253
7350,0.001840733842540365,HOG8-ML04-H1-GPS-Sniper-Specialist-Refiner,Refiner,0.06410040806486444
7360,0.001823816309850965,HOG8-ML04-H1-GPS-Sniper-Specialist-Exploiter,Exploiter,0.9190645762264221
7366,0.001812983963477456,HOG8-ML04-H1-GPS-Sniper-Specialist-Exploiter,Exploiter,0.5939384528474888
7376,0.0018108145281501983,HOG8-ML04-H1-GPS-Sniper-Specialist-Refiner,Refiner,0.11966103236217202
7385,0.0018103784985149004,HOG8-ML02-H2-GPS-GradientEstimation-Escape-Specialist-Polisher,Polisher,0.024079199085245268
7390,0.0018022807244508134,HOG8-ML04-H1-GPS-Sniper-Specialist-Refiner,Refiner,0.44729729560585385
7400,0.0018018608578151073,HOG8-ML04-H1-GPS-Sniper-Specialist-Polisher,Polisher,0.023296406048732943
7409,0.0018001877491736556,HOG8-ML04-H1-GPS-Sniper-Specialist-Refiner,Refiner,0.09285448619381766
7420,0.001796061311183781,HOG8-ML04-H1-GPS-Sniper-Specialist-Refiner,Refiner,0.2292226459028344
7426,0.0017950084539258293,HOG8-ML04-H1-GPS-Sniper-Specialist-Refiner,Refiner,0.05862034059727275
7440,0.0017926532828063213,HOG8-ML04-H1-GPS-Sniper-Specialist-Refiner,Refiner,0.13120668676278624
7451,0.0017926439624986433,HOG8-ML04-H1-GPS-Sniper-Specialist-Polisher,Polisher,0.0005199169168615477
7460,0.0017906132454068103,HOG8-ML04-H1-GPS-Sniper-Specialist-Refiner,Refiner,0.11328055845526472
7470,0.0017829639994990047,HOG8-ML04-H1-GPS-Sniper-Specialist-Refiner,Refiner,0.4271858218086489
7481,0.001782472977558256,HOG8-ML04-H1-GPS-Sniper-Specialist-Polisher,Polisher,0.0275396441479863
7490,0.0017819407941356657,HOG8-ML04-H1-GPS-Sniper-Specialist-Polisher,Polisher,0.029856465107213324
7491,0.001781877502284797,HOG8-ML01-H1-GPS-GradientEstimation-Escape-Specialist-Polisher,Polisher,0.0035518492576792926
7501,0.0017734923615364074,HOG8-ML04-H1-GPS-Sniper-Specialist-Refiner,Refiner,0.4705789672768082
7514,0.0017721313403931262,HOG8-ML04-H1-GPS-Sniper-Specialist-Refiner,Refiner,0.07674243051727217
7524,0.001772130347047615,HOG8-ML04-H1-GPS-Sniper-Specialist-Polisher,Polisher,5.605371839301802E-05
7534,0.0017711434719083156,HOG8-ML04-H1-GPS-Sniper-Specialist-Refiner,Refiner,0.05568863153568948
7554,0.001768149736711347,HOG8-ML04-H1-GPS-Sniper-Specialist-Refiner,Refiner,0.1690283844562289
7565,0.001760307060050984,HOG8-ML04-H1-GPS-Sniper-Specialist-Refiner,Refiner,0.4435527431602
7574,0.0017344536203975425,HOG8-ML04-H1-GPS-Sniper-Specialist-Exploiter,Exploiter,1.4686891986158723
7584,0.0017315744948923919,HOG8-ML04-H1-GPS-Sniper-Specialist-Refiner,Refiner,0.1659961080130097
7600,0.0017299270130932325,HOG8-ML04-H1-GPS-Sniper-Specialist-Refiner,Refiner,0.09514357043366949
7609,0.0017284882376572878,HOG8-ML04-H1-GPS-Sniper-Specialist-Refiner,Refiner,0.0831697190144502
7621,0.001727537873436096,HOG8-ML04-H1-GPS-Sniper-Specialist-Refiner,Refiner,0.05498239446974254
7631,0.001725293915954846,HOG8-ML04-H1-GPS-Sniper-Specialist-Refiner,Refiner,0.12989338848975296
7635,0.0017230134070139792,HOG8-ML04-H1-GPS-Sniper-Specialist-Refiner,Refiner,0.1321808950798195
7645,0.001718742646662415,HOG8-ML04-H1-GPS-Sniper-Specialist-Refiner,Refiner,0.24786576437414945
7655,0.0017151248027831522,HOG8-ML04-H1-GPS-Sniper-Specialist-Refiner,Refiner,0.21049363534954615
7671,0.0017130801151599528,HOG8-ML04-H1-GPS-Sniper-Specialist-Refiner,Refiner,0.11921509267905281
7680,0.0017101801864092066,HOG8-ML04-H1-GPS-Sniper-Specialist-Refiner,Refiner,0.16928156045261558
7690,0.001707051998219088,HOG8-ML04-H1-GPS-Sniper-Specialist-Refiner,Refiner,0.1829157076534027
7704,0.0017005253336185946,HOG8-ML04-H1-GPS-Sniper-Specialist-Refiner,Refiner,0.38233543016278204
7721,0.0016958493280992363,HOG8-ML04-H1-GPS-Sniper-Specialist-Refiner,Refiner,0.2749741757394526
7739,0.0016956965247054206,HOG8-ML04-H1-GPS-Sniper-Specialist-Polisher,Polisher,0.009010434552398682
7759,0.0016954742086622,HOG8-ML04-H1-GPS-Sniper-Specialist-Polisher,Polisher,0.013110603223021931
7770,0.0016882518644054986,HOG8-ML04-H1-GPS-Sniper-Specialist-Refiner,Refiner,0.4259778308512337
7779,0.0016855125296648507,HOG8-ML04-H1-GPS-Sniper-Specialist-Refiner,Refiner,0.16225865336819617
7790,0.0016750424816049834,HOG8-ML04-H1-GPS-Sniper-Specialist-Exploiter,Exploiter,0.621178892212045
7799,0.0016740550505067301,HOG8-ML04-H1-GPS-Sniper-Specialist-Refiner,Refiner,0.05894961525436281
7810,0.0016521321878055256,HOG8-ML04-H1-GPS-Sniper-Specialist-Exploiter,Exploiter,1.3095664144717654
7820,0.0016521321783086389,HOG8-ML04-H1-GPS-Sniper-Specialist-Polisher,Polisher,5.748260855892052E-07
7826,0.0016477684053755996,HOG8-ML00-H1-GPS-GradientEstimation-Escape-Specialist-Refiner,Refiner,0.2641297706280766
7836,0.0016477631000606384,HOG8-ML00-H1-GPS-GradientEstimation-Escape-Specialist-Polisher,Polisher,0.0003219696981632622
7845,0.0016460603658106734,HOG8-ML04-H1-GPS-Sniper-Specialist-Refiner,Refiner,0.10333610759352063
7860,0.0016428473652569126,HOG8-ML04-H1-GPS-Sniper-Specialist-Refiner,Refiner,0.1951933610999977
7880,0.001641227892736447,HOG8-ML04-H1-GPS-Sniper-Specialist-Refiner,Refiner,0.09857717489247311
7896,0.0016387973773802269,HOG8-ML04-H1-GPS-Sniper-Specialist-Refiner,Refiner,0.14809127769377575
7901,0.0016371162347938056,HOG8-ML04-H1-GPS-Sniper-Specialist-Refiner,Refiner,0.10258391974661159
7915,0.0016351386055514137,HOG8-ML04-H1-GPS-Sniper-Specialist-Refiner,Refiner,0.12079956208124766
7924,0.0016349971825469758,HOG8-ML04-H1-GPS-Sniper-Specialist-Polisher,Polisher,0.008648991832111527
7934,0.0016289621710058615,HOG8-ML04-H1-GPS-Sniper-Specialist-Refiner,Refiner,0.3691144917884874
7945,0.0016247015899874266,HOG8-ML04-H1-GPS-Sniper-Specialist-Refiner,Refiner,0.2615518699126067
7954,0.0016096787279386267,HOG8-ML04-H1-GPS-Sniper-Specialist-Exploiter,Exploiter,0.9246536189403357
7964,0.0016001052334057787,HOG8-ML04-H1-GPS-Sniper-Specialist-Exploiter,Exploiter,0.5947456698460503
7980,0.001595496821760473,HOG8-ML04-H1-GPS-Sniper-Specialist-Refiner,Refiner,0.28800678537228275
7995,0.0015845838318176695,HOG8-ML04-H1-GPS-Sniper-Specialist-Exploiter,Exploiter,0.6839869433749283
8009,0.001581943458380922,HOG8-ML04-H1-GPS-Sniper-Specialist-Refiner,Refiner,0.16662882605073936
8021,0.0015790976758417966,HOG8-ML04-H1-GPS-Sniper-Specialist-Refiner,Refiner,0.17989154568380708
8030,0.0015776660427082295,HOG8-ML04-H1-GPS-Sniper-Specialist-Refiner,Refiner,0.09066146796802559
8050,0.0015751444971020571,HOG8-ML04-H1-GPS-Sniper-Specialist-Refiner,Refiner,0.15982758948426395
8061,0.0015727725286033326,HOG8-ML04-H1-GPS-Sniper-Specialist-Refiner,Refiner,0.15058735900664608
8076,0.0015702654779844133,HOG8-ML04-H1-GPS-Sniper-Specialist-Refiner,Refiner,0.15940325592701332
8092,0.001569193098624864,HOG8-ML04-H1-GPS-Sniper-Specialist-Refiner,Refiner,0.06829286987356327
8101,0.0015634608740447671,HOG8-ML04-H1-GPS-Sniper-Specialist-Refiner,Refiner,0.3652975905336375
8115,0.0015604372372280766,HOG8-ML04-H1-GPS-Sniper-Specialist-Refiner,Refiner,0.193393826918623
8124,0.0015578025957067412,HOG8-ML04-H1-GPS-Sniper-Specialist-Refiner,Refiner,0.168839954499905
8131,0.0015570508740875425,HOG8-ML04-H1-GPS-Sniper-Specialist-Polisher,Polisher,0.048255255272418376
8139,0.001556038840791714,HOG8-ML04-H1-GPS-Sniper-Specialist-Refiner,Refiner,0.06499680342310633
8150,0.0015522443970203085,HOG8-ML04-H1-GPS-Sniper-Specialist-Refiner,Refiner,0.24385276716325172
8164,0.0015442829083909659,HOG8-ML04-H1-GPS-Sniper-Specialist-Exploiter,Exploiter,0.5129017469559247
8174,0.0015427404332151115,HOG8-ML04-H1-GPS-Sniper-Specialist-Refiner,Refiner,0.09988294032610495
8184,0.0015410869736424589,HOG8-ML04-H1-GPS-Sniper-Specialist-Refiner,Refiner,0.10717678340787144
8194,0.0015358957474262914,HOG8-ML04-H1-GPS-Sniper-Specialist-Refiner,Refiner,0.33685485017744454
8205,0.0015299686879493074,HOG8-ML04-H1-GPS-Sniper-Specialist-Refiner,Refiner,0.38590246030149367
8216,0.0015252582535195762,HOG8-ML04-H1-GPS-Sniper-Specialist-Refiner,Refiner,0.30787783219568693
8246,0.001519595732291012,HOG8-ML04-H1-GPS-Sniper-Specialist-Refiner,Refiner,0.3712499975330615
8257,0.0015186776932179492,HOG8-ML04-H1-GPS-Sniper-Specialist-Refiner,Refiner,0.06041337531784034
8266,0.0015126214527060493,HOG8-ML04-H1-GPS-Sniper-Specialist-Refiner,Refiner,0.39878379322653884
8276,0.0015051682085500744,HOG8-ML04-H1-GPS-Sniper-Specialist-Refiner,Refiner,0.4927369066887937
8292,0.0015002681628179144,HOG8-ML04-H1-GPS-Sniper-Specialist-Refiner,Refiner,0.325548048671596
8311,0.0014973092531740803,HOG8-ML04-H1-GPS-Sniper-Specialist-Refiner,Refiner,0.19722538391246844
8332,0.0014920219202251318,HOG8-ML04-H1-GPS-Sniper-Specialist-Refiner,Refiner,0.3531223050775958
8340,0.0014919083174447637,HOG8-ML04-H1-GPS-Sniper-Specialist-Polisher,Polisher,0.0076140155066186195
8360,0.0014912857733724678,HOG8-ML04-H1-GPS-Sniper-Specialist-Polisher,Polisher,0.04172803817879253
8372,0.0014907201193603487,HOG8-ML04-H1-GPS-Sniper-Specialist-Polisher,Polisher,0.03793062484864318
8380,0.0014879704196212652,HOG8-ML04-H1-GPS-Sniper-Specialist-Refiner,Refiner,0.18445445951741807
8399,0.0014875961478881634,HOG8-ML04-H1-GPS-Sniper-Specialist-Polisher,Polisher,0.025153170262418895
8409,0.0014845751875770168,HOG8-ML04-H1-GPS-Sniper-Specialist-Refiner,Refiner,0.20307664250376586
8419,0.001481180041064498,HOG8-ML04-H1-GPS-Sniper-Specialist-Refiner,Refiner,0.22869481727361604
8436,0.001476672568094239,HOG8-ML04-H1-GPS-Sniper-Specialist-Refiner,Refiner,0.30431634543357755
8445,0.0014741479253310074,HOG8-ML04-H1-GPS-Sniper-Specialist-Refiner,Refiner,0.17096835261792911
8455,0.0014721234290709603,HOG8-ML04-H1-GPS-Sniper-Specialist-Refiner,Refiner,0.13733331813308838
8462,0.0014677784575779348,HOG8-ML04-H1-GPS-Sniper-Specialist-Refiner,Refiner,0.2951499451216194
8470,0.0014663678592794559,HOG8-ML04-H1-GPS-Sniper-Specialist-Refiner,Refiner,0.09610430587778855
8481,0.0014603088990765849,HOG8-ML04-H1-GPS-Sniper-Specialist-Refiner,Refiner,0.4131951041158402
8495,0.0014581344266432423,HOG8-ML04-H1-GPS-Sniper-Specialist-Refiner,Refiner,0.14890496351269542
8505,0.0014565403464809371,HOG8-ML04-H1-GPS-Sniper-Specialist-Refiner,Refiner,0.10932326493208454
8515,0.0014526272919842902,HOG8-ML04-H1-GPS-Sniper-Specialist-Refiner,Refiner,0.26865404079612487
8531,0.001445386045724466,HOG8-ML04-H1-GPS-Sniper-Specialist-Refiner,Refiner,0.49849306148810385
8543,0.0014451417390963014,HOG8-ML04-H1-GPS-Sniper-Specialist-Polisher,Polisher,0.016902517419986926
8571,0.0014372575405681427,HOG8-ML04-H1-GPS-Sniper-Specialist-Exploiter,Exploiter,0.5455657611196609
8595,0.0014371710338509916,HOG8-ML04-H1-GPS-Sniper-Specialist-Polisher,Polisher,0.006018873772403503
8611,0.0014360430979056702,HOG8-ML04-H1-GPS-Sniper-Specialist-Refiner,Refiner,0.07848306977764097
8622,0.0014339468400914744,HOG8-ML04-H1-GPS-Sniper-Specialist-Refiner,Refiner,0.14597457536288463
8629,0.0014305133804689185,HOG8-ML04-H1-GPS-Sniper-Specialist-Refiner,Refiner,0.2394412070629388
8645,0.001418958359561171,HOG8-ML04-H1-GPS-Sniper-Specialist-Exploiter,Exploiter,0.8077534307270675
8649,0.00141846870383246,HOG8-ML04-H1-GPS-Sniper-Specialist-Polisher,Polisher,0.034508111207897825
8659,0.0014159138329241775,HOG8-ML04-H1-GPS-Sniper-Specialist-Refiner,Refiner,0.18011471817316896
8669,0.001415744341053676,HOG8-ML04-H1-GPS-Sniper-Specialist-Polisher,Polisher,0.011970493299828074
8679,0.0014144793039218156,HOG8-ML04-H1-GPS-Sniper-Specialist-Refiner,Refiner,0.08935491353748722
8695,0.0014114438158982646,HOG8-ML04-H1-GPS-Sniper-Specialist-Refiner,Refiner,0.21460109137933342
8705,0.0014110472126343723,HOG8-ML04-H1-GPS-Sniper-Specialist-Polisher,Polisher,0.028099118039632463
8714,0.00140017900420024,HOG8-ML04-H1-GPS-Sniper-Specialist-Exploiter,Exploiter,0.7702228767981225
8725,0.0014000171439539231,HOG8-ML04-H1-GPS-Sniper-Specialist-Polisher,Polisher,0.011559968106319532
8736,0.0013998326688531813,HOG8-ML04-H1-GPS-Sniper-Specialist-Polisher,Polisher,0.013176631553297874
8745,0.001379485700911179,HOG8-ML04-H1-GPS-Sniper-Specialist-Exploiter,Exploiter,1.4535285820034172
8755,0.001374149009179245,HOG8-ML04-H1-GPS-Sniper-Specialist-Refiner,Refiner,0.3868609677076903
8765,0.0013721781541771185,HOG8-ML04-H1-GPS-Sniper-Specialist-Refiner,Refiner,0.14342367450408872
8775,0.0013692329718517874,HOG8-ML04-H1-GPS-Sniper-Specialist-Refiner,Refiner,0.2146355643664447
8790,0.0013666107982434096,HOG8-ML04-H1-GPS-Sniper-Specialist-Refiner,Refiner,0.19150675321756677
8821,0.001365035424998191,HOG8-ML04-H1-GPS-Sniper-Specialist-Refiner,Refiner,0.11527592546784227
8840,0.0013648777940541978,HOG8-ML04-H1-GPS-Sniper-Specialist-Polisher,Polisher,0.011547754813280358
8849,0.0013636435208385748,HOG8-ML04-H1-GPS-Sniper-Specialist-Refiner,Refiner,0.09043104232480377
8865,0.0013624368277322788,HOG8-ML04-H1-GPS-Sniper-Specialist-Refiner,Refiner,0.08849036334319596
8874,0.0013621396189526472,HOG8-ML04-H1-GPS-Sniper-Specialist-Polisher,Polisher,0.021814499841898004
8884,0.0013607891386113644,HOG8-ML04-H1-GPS-Sniper-Specialist-Refiner,Refiner,0.09914404679904999
8896,0.0013601633198421284,HOG8-ML04-H1-GPS-Sniper-Specialist-Polisher,Polisher,0.04598940067045245
8906,0.0013579196445646646,HOG8-ML04-H1-GPS-Sniper-Specialist-Refiner,Refiner,0.16495631404942018
8915,0.0013530072660542698,HOG8-ML04-H1-GPS-Sniper-Specialist-Refiner,Refiner,0.3617576732215027
8931,0.0013521205469743476,HOG8-ML04-H1-GPS-Sniper-Specialist-Refiner,Refiner,0.06553690450666298
8941,0.0013512010847497554,HOG8-ML04-H1-GPS-Sniper-Specialist-Refiner,Refiner,0.06800149784349412
8950,0.0013502856932763852,HOG8-ML04-H1-GPS-Sniper-Specialist-Refiner,Refiner,0.06774650225652626
8961,0.001347833933601417,HOG8-ML04-H1-GPS-Sniper-Specialist-Refiner,Refiner,0.18157340236784797
8991,0.0013457655415911088,HOG8-ML04-H1-GPS-Sniper-Specialist-Refiner,Refiner,0.15346044929892783
9001,0.0013431438360111908,HOG8-ML04-H1-GPS-Sniper-Specialist-Refiner,Refiner,0.19481146595701637
9010,0.0013431322937275916,HOG8-ML04-H1-GPS-Sniper-Specialist-Polisher,Polisher,0.0008593482909056327
9024,0.001326722333790659,HOG8-ML04-H1-GPS-Sniper-Specialist-Exploiter,Exploiter,1.2217679534299748
9044,0.001325309029997029,HOG8-ML04-H1-GPS-Sniper-Specialist-Refiner,Refiner,0.1065259668609026
9054,0.0013251984967220158,HOG8-ML04-H1-GPS-Sniper-Specialist-Polisher,Polisher,0.00834018877947047
9065,0.0013219116533213285,HOG8-ML04-H1-GPS-Sniper-Specialist-Refiner,Refiner,0.24802649631867077
9074,0.0013162868879041528,HOG8-ML04-H1-GPS-Sniper-Specialist-Refiner,Refiner,0.4255023702259795
9089,0.001315572798371706,HOG8-ML04-H1-GPS-Sniper-Specialist-Refiner,Refiner,0.05425029596577896
9101,0.0013152962807975008,HOG8-ML04-H1-GPS-Sniper-Specialist-Polisher,Polisher,0.021018796872931636
9109,0.0013149928618236624,HOG8-ML04-H1-GPS-Sniper-Specialist-Polisher,Polisher,0.023068488694760046
9120,0.001314414976265269,HOG8-ML04-H1-GPS-Sniper-Specialist-Polisher,Polisher,0.04394590839010233
9145,0.0013107300558678758,HOG8-ML04-H1-GPS-Sniper-Specialist-Refiner,Refiner,0.2803468055319466
9161,0.0013104957969964416,HOG8-ML04-H1-GPS-Sniper-Specialist-Polisher,Polisher,0.017872396408821142
9185,0.0013104178738560413,HOG8-ML04-H1-GPS-Sniper-Specialist-Polisher,Polisher,0.005946080909140659
9195,0.001308764918080445,HOG8-ML04-H1-GPS-Sniper-Specialist-Refiner,Refiner,0.12613959322244664
9204,0.0013086377500811494,HOG8-ML04-H1-GPS-Sniper-Specialist-Polisher,Polisher,0.009716641815410015
9224,0.00130756103613674,HOG8-ML04-H1-GPS-Sniper-Specialist-Refiner,Refiner,0.08227746328903562
9234,0.0013071044333580059,HOG8-ML04-H1-GPS-Sniper-Specialist-Polisher,Polisher,0.03492018851243278
9244,0.0013060112533734214,HOG8-ML04-H1-GPS-Sniper-Specialist-Refiner,Refiner,0.08363371408480909
9261,0.0013053020826575585,HOG8-ML04-H1-GPS-Sniper-Specialist-Refiner,Refiner,0.05430050575989283
9274,0.0013050884751297262,HOG8-ML04-H1-GPS-Sniper-Specialist-Polisher,Polisher,0.016364604842841336
9284,0.0013039328913382418,HOG8-ML04-H1-GPS-Sniper-Specialist-Refiner,Refiner,0.08854447905300462
9301,0.0013022747691971612,HOG8-ML04-H1-GPS-Sniper-Specialist-Refiner,Refiner,0.12716315019700034
9319,0.001301233988433263,HOG8-ML04-H1-GPS-Sniper-Specialist-Refiner,Refiner,0.07992021257848202
9335,0.0013009003908910268,HOG8-ML04-H1-GPS-Sniper-Specialist-Polisher,Polisher,0.025637014188184
9351,0.0013008442367138055,HOG8-ML04-H1-GPS-Sniper-Specialist-Polisher,Polisher,0.004316562406664332
9360,0.001299637527069605,HOG8-ML04-H1-GPS-Sniper-Specialist-Refiner,Refiner,0.09276357692515946
9372,0.0012988730469053087,HOG8-ML04-H1-GPS-Sniper-Specialist-Refiner,Refiner,0.058822567706240704
9405,0.0012972472755722816,HOG8-ML04-H1-GPS-Sniper-Specialist-Refiner,Refiner,0.12516783968230225
9415,0.0012971030234469906,HOG8-ML04-H1-GPS-Sniper-Specialist-Polisher,Polisher,0.011119863422135612
9424,0.0012923916447707727,HOG8-ML04-H1-GPS-Sniper-Specialist-Refiner,Refiner,0.36322316663002036
9440,0.0012921587876055453,HOG8-ML04-H1-GPS-Sniper-Specialist-Polisher,Polisher,0.018017538736776386
9451,0.001290601070913367,HOG8-ML04-H1-GPS-Sniper-Specialist-Refiner,Refiner,0.12055149159066836
9470,0.0012856871971815664,HOG8-ML04-H1-GPS-Sniper-Specialist-Refiner,Refiner,0.38074303846059293
9479,0.0012843845743270978,HOG8-ML04-H1-GPS-Sniper-Specialist-Refiner,Refiner,0.1013172455418549
9491,0.0012840340129101472,HOG8-ML04-H1-GPS-Sniper-Specialist-Polisher,Polisher,0.027294116104923213
9509,0.0012839775852552778,HOG8-ML04-H1-GPS-Sniper-Specialist-Polisher,Polisher,0.004394560759457032
9520,0.0012835509454868113,HOG8-ML04-H1-GPS-Sniper-Specialist-Polisher,Polisher,0.03322797635767638
9532,0.0012809057738953173,HOG8-ML04-H1-GPS-Sniper-Specialist-Refiner,Refiner,0.20608232192067172
9544,0.0012808658099012038,HOG8-ML04-H1-GPS-Sniper-Specialist-Polisher,Polisher,0.003119979230948641
9561,0.0012806186924544565,HOG8-ML04-H1-GPS-Sniper-Specialist-Polisher,Polisher,0.019293000471795028
9575,0.0012770377471968053,HOG8-ML04-H1-GPS-Sniper-Specialist-Refiner,Refiner,0.27962618996197214
9597,0.0012761848919627338,HOG8-ML04-H1-GPS-Sniper-Specialist-Refiner,Refiner,0.06678387040191636
9606,0.001275665440369364,HOG8-ML04-H1-GPS-Sniper-Specialist-Polisher,Polisher,0.0407034746016172
9620,0.0012737631080772974,HOG8-ML04-H1-GPS-Sniper-Specialist-Refiner,Refiner,0.14912470243890144
9631,0.0012705478637051837,HOG8-ML04-H1-GPS-Sniper-Specialist-Refiner,Refiner,0.2524209055612376
9640,0.0012705110871830579,HOG8-ML04-H1-GPS-Sniper-Specialist-Polisher,Polisher,0.0028945404715856626
9659,0.0012690714519711674,HOG8-ML04-H1-GPS-Sniper-Specialist-Refiner,Refiner,0.11331150325357513
9684,0.001268949167671835,HOG8-ML04-H1-GPS-Sniper-Specialist-Polisher,Polisher,0.009635730056205492
9694,0.0012687489850410356,HOG8-ML04-H1-GPS-Sniper-Specialist-Polisher,Polisher,0.015775464920061735
9704,0.0012687326732316372,HOG8-ML04-H1-GPS-Sniper-Specialist-Polisher,Polisher,0.0012856608825507069
9715,0.0012665683315846517,HOG8-ML04-H1-GPS-Sniper-Specialist-Refiner,Refiner,0.1705908338809147
9727,0.0012647647005874438,HOG8-ML04-H1-GPS-Sniper-Specialist-Refiner,Refiner,0.14240297599667018
9745,0.001264738718141273,HOG8-ML04-H1-GPS-Sniper-Specialist-Polisher,Polisher,0.0020543304346366375
9766,0.0012628234705498204,HOG8-ML04-H1-GPS-Sniper-Specialist-Refiner,Refiner,0.1514342499348338
9775,0.0012615433774761644,HOG8-ML04-H1-GPS-Sniper-Specialist-Refiner,Refiner,0.10136753897190677
9785,0.0012589704405698535,HOG8-ML04-H1-GPS-Sniper-Specialist-Refiner,Refiner,0.20395152098997543
9795,0.0012551789101097012,HOG8-ML04-H1-GPS-Sniper-Specialist-Refiner,Refiner,0.30116119790994766
9805,0.0012544396239324417,HOG8-ML04-H1-GPS-Sniper-Specialist-Refiner,Refiner,0.05889886862382265
9815,0.001252430911178238,HOG8-ML04-H1-GPS-Sniper-Specialist-Refiner,Refiner,0.16012829281546082
9825,0.001252045809214229,HOG8-ML04-H1-GPS-Sniper-Specialist-Polisher,Polisher,0.030748359895290407
9850,0.001249232360522978,HOG8-ML04-H1-GPS-Sniper-Specialist-Refiner,Refiner,0.22470812733414888
9859,0.0012492323596982335,HOG8-ML04-H1-GPS-Sniper-Specialist-Polisher,Polisher,6.602010927481706E-08
9887,0.001248401097215652,HOG8-ML04-H1-GPS-Sniper-Specialist-Refiner,Refiner,0.06654186277901306
9909,0.0012457573836975634,HOG8-ML04-H1-GPS-Sniper-Specialist-Refiner,Refiner,0.21176795854994254
9920,0.0012442776423324427,HOG8-ML04-H1-GPS-Sniper-Specialist-Refiner,Refiner,0.11878246795766031
9930,0.0012426714155152523,HOG8-ML04-H1-GPS-Sniper-Specialist-Refiner,Refiner,0.12908910057882667
9941,0.001242199154478612,HOG8-ML04-H1-GPS-Sniper-Specialist-Polisher,Polisher,0.038003693554378916
9955,0.0012388085766366548,HOG8-ML04-H1-GPS-Sniper-Specialist-Refiner,Refiner,0.2729496175981851
9971,0.0012376484480431363,HOG8-ML04-H1-GPS-Sniper-Specialist-Refiner,Refiner,0.09364873761757522
9985,0.0012359727288981746,HOG8-ML04-H1-GPS-Sniper-Specialist-Refiner,Refiner,0.13539540631357883
9995,0.0012354254487018513,HOG8-ML04-H1-GPS-Sniper-Specialist-Polisher,Polisher,0.044279310014477664
10010,0.001234562585889523,HOG8-ML04-H1-GPS-Sniper-Specialist-Refiner,Refiner,0.06984337365197636
10025,0.0012333568432969292,HOG8-ML04-H1-GPS-Sniper-Specialist-Refiner,Refiner,0.097665570492321
10030,0.00123196473371039,HOG8-ML04-H1-GPS-Sniper-Specialist-Refiner,Refiner,0.11287159868653923
10000,0.00123196473371039,Final,Final,0
