TimeMs,BestQuality,Source,Role,DeltaPct
8,118413.20657159205,HOG8-ML00-H1-GPS-GradientEstimation-Escape-Specialist-Global Explorer,Global Explorer,100
8,46025.250991959765,HOG8-ML00-H2-GPS-GradientEstimation-Escape-Specialist-Global Explorer,Global Explorer,61.131657249621796
17,128.7547618860159,HOG8-ML06-H2-GPS-Spray-Specialist-Global Explorer,Global Explorer,99.72025190713569
23,59.24200342498486,HOG8-ML06-H1-GPS-Spray-Specialist-Global Explorer,Global Explorer,53.98849521586576
32,40.38099738164199,HOG8-ML06-H1-GPS-Spray-Specialist-Local Explorer,Local Explorer,31.83721844793045
44,26.528122372582867,HOG8-ML06-H1-GPS-Spray-Specialist-Local Explorer,Local Explorer,34.30543054232959
52,22.858505026993257,HOG8-ML06-H1-GPS-Spray-Specialist-Local Explorer,Local Explorer,13.832932817673536
62,21.11542374122596,HOG8-ML06-H1-GPS-Spray-Specialist-Local Explorer,Local Explorer,7.625526182525578
72,20.809928153747315,HOG8-ML06-H1-GPS-Spray-Specialist-Exploiter,Exploiter,1.4467888081364582
81,20.373693508928476,HOG8-ML06-H1-GPS-Spray-Specialist-Exploiter,Exploiter,2.0962813595311944
87,20.319608857759984,HOG8-ML06-H1-GPS-Spray-Specialist-Refiner,Refiner,0.2654631628025097
94,20.219126938695332,HOG8-ML06-H1-GPS-Spray-Specialist-Refiner,Refiner,0.4945071520226558
103,20.15298164033196,HOG8-ML06-H1-GPS-Spray-Specialist-Refiner,Refiner,0.3271422082858826
117,20.034562903159078,HOG8-ML06-H1-GPS-Spray-Specialist-Exploiter,Exploiter,0.5875990922151731
124,19.961009710547668,HOG8-ML06-H1-GPS-Spray-Specialist-Refiner,Refiner,0.3671315065217218
137,19.90896104612144,HOG8-ML06-H1-GPS-Spray-Specialist-Refiner,Refiner,0.26075166126853694
150,19.861282729776477,HOG8-ML06-H1-GPS-Spray-Specialist-Refiner,Refiner,0.2394816898506732
163,19.775218673856056,HOG8-ML06-H1-GPS-Spray-Specialist-Refiner,Refiner,0.4333257679847209
168,19.755030460845546,HOG8-ML06-H1-GPS-Spray-Specialist-Refiner,Refiner,0.10208844384208868
180,19.695611188231013,HOG8-ML06-H1-GPS-Spray-Specialist-Refiner,Refiner,0.30078046567583216
192,19.648855071614285,HOG8-ML06-H1-GPS-Spray-Specialist-Refiner,Refiner,0.23739358057934248
202,19.60441087480129,HOG8-ML06-H1-GPS-Spray-Specialist-Refiner,Refiner,0.22619229797873971
210,19.535888232309006,HOG8-ML06-H1-GPS-Spray-Specialist-Refiner,Refiner,0.3495266597394127
222,17.547480368882574,HOG8-ML05-H2-GPS-JADE-Specialist-Local Explorer,Local Explorer,10.178231159911869
233,16.244853432854708,HOG8-ML05-H2-GPS-JADE-Specialist-Local Explorer,Local Explorer,7.423441477887906
241,14.794099065826469,HOG8-ML05-H2-GPS-JADE-Specialist-Local Explorer,Local Explorer,8.930547591732244
253,14.374320823115381,HOG8-ML05-H2-GPS-JADE-Specialist-Exploiter,Exploiter,2.837470810782602
262,14.247909147178127,HOG8-ML05-H2-GPS-JADE-Specialist-Exploiter,Exploiter,0.8794271221077161
270,13.935242279785864,HOG8-ML05-H2-GPS-JADE-Specialist-Exploiter,Exploiter,2.1944754431157243
291,13.877945963737709,HOG8-ML03-H2-GPS-JADE-Specialist-Refiner,Refiner,0.41116124784761265
301,13.848702508735734,HOG8-ML03-H2-GPS-JADE-Specialist-Refiner,Refiner,0.21071889945663713
310,13.794638383622061,HOG8-ML03-H2-GPS-JADE-Specialist-Refiner,Refiner,0.3903912664711304
311,13.753130314968171,HOG8-ML05-H2-GPS-JADE-Specialist-Refiner,Refiner,0.3009000127409735
320,13.569590281577264,HOG8-ML03-H2-GPS-JADE-Specialist-Exploiter,Exploiter,1.3345327877185282
330,13.548942815396034,HOG8-ML03-H2-GPS-JADE-Specialist-Refiner,Refiner,0.15215983498973298
341,13.533256230699672,HOG8-ML03-H2-GPS-JADE-Specialist-Refiner,Refiner,0.1157771857929469
363,13.475223794167634,HOG8-ML03-H2-GPS-JADE-Specialist-Refiner,Refiner,0.42881355043284836
373,13.437551103882987,HOG8-ML03-H2-GPS-JADE-Specialist-Refiner,Refiner,0.27957005286215253
373,13.43472328469458,HOG8-ML05-H2-GPS-JADE-Specialist-Polisher,Polisher,0.021044155788094227
382,13.405698456930493,HOG8-ML03-H2-GPS-JADE-Specialist-Refiner,Refiner,0.2160433612886872
398,13.39112242256329,HOG8-ML03-H2-GPS-JADE-Specialist-Refiner,Refiner,0.10873013751601139
402,13.385524887747069,HOG8-ML03-H2-GPS-JADE-Specialist-Polisher,Polisher,0.041800340849620275
412,13.358472845068823,HOG8-ML03-H2-GPS-JADE-Specialist-Refiner,Refiner,0.20209922961638363
422,13.199761260814107,HOG8-ML03-H2-GPS-JADE-Specialist-Exploiter,Exploiter,1.1880967689604065
432,13.183113623402074,HOG8-ML03-H2-GPS-JADE-Specialist-Refiner,Refiner,0.12612074630057724
458,13.178730375820306,HOG8-ML03-H2-GPS-JADE-Specialist-Polisher,Polisher,0.03324895549702606
463,13.148913237467836,HOG8-ML03-H2-GPS-JADE-Specialist-Refiner,Refiner,0.22625197953193874
476,13.146251384377846,HOG8-ML03-H2-GPS-JADE-Specialist-Polisher,Polisher,0.020243901848896618
517,13.144046883566459,HOG8-ML03-H2-GPS-JADE-Specialist-Polisher,Polisher,0.016769045007061667
528,13.131298869948974,HOG8-ML03-H2-GPS-JADE-Specialist-Refiner,Refiner,0.09698697616045959
568,13.106598723503364,HOG8-ML03-H2-GPS-JADE-Specialist-Refiner,Refiner,0.18810131952854142
578,13.101276767338952,HOG8-ML03-H2-GPS-JADE-Specialist-Polisher,Polisher,0.04060516596779926
597,13.096069913796935,HOG8-ML03-H2-GPS-JADE-Specialist-Polisher,Polisher,0.03974310011522999
615,13.090528578303648,HOG8-ML03-H2-GPS-JADE-Specialist-Polisher,Polisher,0.04231296510909353
628,13.08954550734002,HOG8-ML03-H2-GPS-JADE-Specialist-Polisher,Polisher,0.0075097881475691295
637,13.08947501610146,HOG8-ML03-H2-GPS-JADE-Specialist-Polisher,Polisher,0.00053853083379051
657,13.088631194249615,HOG8-ML03-H2-GPS-JADE-Specialist-Polisher,Polisher,0.006446567572854975
669,12.996066764996462,HOG8-ML03-H2-GPS-JADE-Specialist-Exploiter,Exploiter,0.7072124493340509
688,12.971543884190522,HOG8-ML03-H2-GPS-JADE-Specialist-Refiner,Refiner,0.18869463545685414
700,12.971398531016836,HOG8-ML03-H2-GPS-JADE-Specialist-Polisher,Polisher,0.0011205541528703105
712,12.963494581593098,HOG8-ML03-H2-GPS-JADE-Specialist-Refiner,Refiner,0.06093367191547475
721,12.962631788918337,HOG8-ML03-H2-GPS-JADE-Specialist-Polisher,Polisher,0.006655556257077187
733,12.957423083654845,HOG8-ML03-H2-GPS-JADE-Specialist-Polisher,Polisher,0.040182467174178275
746,12.926767216921863,HOG8-ML03-H2-GPS-JADE-Specialist-Refiner,Refiner,0.2365892240691946
763,12.923002193997736,HOG8-ML03-H2-GPS-JADE-Specialist-Polisher,Polisher,0.02912578884532957
772,12.921785163655034,HOG8-ML03-H2-GPS-JADE-Specialist-Polisher,Polisher,0.00941755115747431
781,12.913856257195977,HOG8-ML03-H2-GPS-JADE-Specialist-Refiner,Refiner,0.06136076678753653
812,12.908086388210059,HOG8-ML03-H2-GPS-JADE-Specialist-Polisher,Polisher,0.044679674846957916
831,12.902325822968432,HOG8-ML03-H1-GPS-JADE-Specialist-Polisher,Polisher,0.04462756963640981
840,12.88203907191662,HOG8-ML03-H1-GPS-JADE-Specialist-Refiner,Refiner,0.15723328747208654
843,12.876701957019094,HOG8-ML03-H2-GPS-JADE-Specialist-Polisher,Polisher,0.04143066845031024
851,12.854598286193674,HOG8-ML03-H1-GPS-JADE-Specialist-Refiner,Refiner,0.17165630531171008
862,12.83664940548034,HOG8-ML03-H1-GPS-JADE-Specialist-Refiner,Refiner,0.13963003987928327
870,12.830744358350316,HOG8-ML03-H1-GPS-JADE-Specialist-Polisher,Polisher,0.04600146770000248
878,12.747533873410754,HOG8-ML03-H2-GPS-JADE-Specialist-Exploiter,Exploiter,0.6485242213200811
902,12.747163813959256,HOG8-ML03-H1-GPS-JADE-Specialist-Polisher,Polisher,0.0029029885715387907
921,12.741180385640947,HOG8-ML03-H1-GPS-JADE-Specialist-Polisher,Polisher,0.046939291011204864
928,12.73543587305288,HOG8-ML03-H2-GPS-JADE-Specialist-Polisher,Polisher,0.04508618836085341
952,12.727559401785884,HOG8-ML03-H1-GPS-JADE-Specialist-Refiner,Refiner,0.06184689197534643
967,12.722773372159837,HOG8-ML03-H1-GPS-JADE-Specialist-Polisher,Polisher,0.03760367148924975
975,12.722704392819713,HOG8-ML03-H1-GPS-JADE-Specialist-Polisher,Polisher,0.0005421721986750802
989,12.68461359972076,HOG8-ML03-H1-GPS-JADE-Specialist-Refiner,Refiner,0.2993922669495447
997,12.68219386762222,HOG8-ML03-H1-GPS-JADE-Specialist-Polisher,Polisher,0.019076119895325656
1017,12.680056467961384,HOG8-ML03-H1-GPS-JADE-Specialist-Polisher,Polisher,0.016853548235784152
1028,12.643898913412974,HOG8-ML03-H1-GPS-JADE-Specialist-Refiner,Refiner,0.2851529458072141
1038,12.643811819723132,HOG8-ML03-H1-GPS-JADE-Specialist-Polisher,Polisher,0.0006888198841093684
1057,12.643785504908308,HOG8-ML03-H1-GPS-JADE-Specialist-Polisher,Polisher,0.00020812406257211192
1067,12.643682235984514,HOG8-ML03-H1-GPS-JADE-Specialist-Polisher,Polisher,0.0008167563721675098
1108,12.643223584321035,HOG8-ML03-H1-GPS-JADE-Specialist-Polisher,Polisher,0.003627516532908901
1131,12.641495902659798,HOG8-ML03-H1-GPS-JADE-Specialist-Polisher,Polisher,0.013664882612525448
1138,12.634903509340463,HOG8-ML03-H1-GPS-JADE-Specialist-Refiner,Refiner,0.05214883879326849
1152,12.596817282169491,HOG8-ML03-H1-GPS-JADE-Specialist-Refiner,Refiner,0.3014366286439471
1170,12.56098623936446,HOG8-ML03-H1-GPS-JADE-Specialist-Refiner,Refiner,0.28444520550241376
1181,12.560500968928828,HOG8-ML03-H1-GPS-JADE-Specialist-Polisher,Polisher,0.0038633147619541856
1192,12.559647540587868,HOG8-ML03-H1-GPS-JADE-Specialist-Polisher,Polisher,0.006794540624385865
1201,12.556933696652614,HOG8-ML03-H1-GPS-JADE-Specialist-Polisher,Polisher,0.021607644055965807
1287,12.5438256557064,HOG8-ML03-H1-GPS-JADE-Specialist-Refiner,Refiner,0.10438886803797184
1298,12.54076623764135,HOG8-ML03-H1-GPS-JADE-Specialist-Polisher,Polisher,0.024389832488287428
1361,12.516156533292444,HOG8-ML03-H2-GPS-JADE-Specialist-Refiner,Refiner,0.19623764515313025
1372,12.51524591544654,HOG8-ML03-H2-GPS-JADE-Specialist-Polisher,Polisher,0.007275538968223286
1390,12.51501323593777,HOG8-ML03-H2-GPS-JADE-Specialist-Polisher,Polisher,0.0018591684921071287
1400,12.51496944164138,HOG8-ML03-H2-GPS-JADE-Specialist-Polisher,Polisher,0.0003499340796897687
1411,12.494467335869624,HOG8-ML03-H2-GPS-JADE-Specialist-Refiner,Refiner,0.1638206618670524
1420,12.494431281640374,HOG8-ML03-H2-GPS-JADE-Specialist-Polisher,Polisher,0.0002885615551342515
1431,12.48800551102335,HOG8-ML03-H2-GPS-JADE-Specialist-Refiner,Refiner,0.05142907645958025
1450,12.48526930122772,HOG8-ML03-H2-GPS-JADE-Specialist-Polisher,Polisher,0.02191070297985698
1472,12.43107266067142,HOG8-ML03-H2-GPS-JADE-Specialist-Refiner,Refiner,0.4340846740964669
1482,12.430782277952451,HOG8-ML03-H2-GPS-JADE-Specialist-Polisher,Polisher,0.0023359425762812685
1501,12.430417682675172,HOG8-ML03-H2-GPS-JADE-Specialist-Polisher,Polisher,0.002933003483826867
1528,12.388925361025725,HOG8-ML03-H2-GPS-JADE-Specialist-Refiner,Refiner,0.3337966809214802
1537,12.387844480622148,HOG8-ML03-H2-GPS-JADE-Specialist-Polisher,Polisher,0.008724569501224895
1579,12.378528628054145,HOG8-ML03-H2-GPS-JADE-Specialist-Refiner,Refiner,0.07520156216503422
1590,12.3716308119694,HOG8-ML03-H2-GPS-JADE-Specialist-Refiner,Refiner,0.05572403871258288
1602,12.358408856356862,HOG8-ML03-H2-GPS-JADE-Specialist-Refiner,Refiner,0.1068731827961279
1611,12.356549306539266,HOG8-ML03-H2-GPS-JADE-Specialist-Polisher,Polisher,0.015046838466094286
1619,12.35486299507392,HOG8-ML03-H2-GPS-JADE-Specialist-Polisher,Polisher,0.013647106676076213
1632,12.352600042419724,HOG8-ML03-H2-GPS-JADE-Specialist-Polisher,Polisher,0.01831629096251061
1642,12.352443538036045,HOG8-ML03-H2-GPS-JADE-Specialist-Polisher,Polisher,0.0012669752371239798
1658,12.34972233320351,HOG8-ML03-H2-GPS-JADE-Specialist-Polisher,Polisher,0.022029688491633406
1665,12.346569604631789,HOG8-ML03-H2-GPS-JADE-Specialist-Polisher,Polisher,0.025528740538932355
1695,12.33955009827677,HOG8-ML03-H2-GPS-JADE-Specialist-Refiner,Refiner,0.05685390015040835
1725,12.24383122114633,HOG8-ML03-H2-GPS-JADE-Specialist-Exploiter,Exploiter,0.7757079988176241
1732,12.227881037444366,HOG8-ML03-H1-GPS-JADE-Specialist-Refiner,Refiner,0.13027118239278257
1740,12.227246366333846,HOG8-ML03-H1-GPS-JADE-Specialist-Polisher,Polisher,0.005190360525886284
1782,12.226055694313775,HOG8-ML03-H1-GPS-JADE-Specialist-Polisher,Polisher,0.009737859076343723
1799,12.220552410102929,HOG8-ML03-H2-GPS-JADE-Specialist-Polisher,Polisher,0.0450127526689211
1823,12.20135535168904,HOG8-ML03-H1-GPS-JADE-Specialist-Refiner,Refiner,0.15708830312792119
1844,12.158658202167889,HOG8-ML03-H1-GPS-JADE-Specialist-Refiner,Refiner,0.34993775929360876
1873,12.138451997415897,HOG8-ML03-H1-GPS-JADE-Specialist-Refiner,Refiner,0.16618778500072107
1919,12.102571828967712,HOG8-ML03-H2-GPS-JADE-Specialist-Refiner,Refiner,0.2955909736746014
1932,12.102528941833796,HOG8-ML03-H2-GPS-JADE-Specialist-Polisher,Polisher,0.0003543638040029116
1950,12.070544202532197,HOG8-ML03-H2-GPS-JADE-Specialist-Refiner,Refiner,0.2642814527056415
1987,12.070526902659905,HOG8-ML03-H2-GPS-JADE-Specialist-Polisher,Polisher,0.00014332305156890382
2008,12.065348496969609,HOG8-ML03-H2-GPS-JADE-Specialist-Polisher,Polisher,0.04290123978892123
2031,12.065160325719674,HOG8-ML03-H2-GPS-JADE-Specialist-Polisher,Polisher,0.0015596006197584455
2117,11.780814294114721,HOG8-ML05-H1-GPS-JADE-Specialist-Exploiter,Exploiter,2.3567530304491973
2128,11.487466154574758,HOG8-ML05-H1-GPS-JADE-Specialist-Exploiter,Exploiter,2.490049772590931
2138,10.06034926344212,HOG8-ML05-H1-GPS-JADE-Specialist-Local Explorer,Local Explorer,12.423252194430223
2149,9.99361049623873,HOG8-ML05-H1-GPS-JADE-Specialist-Exploiter,Exploiter,0.6633841972654853
2159,9.437690704602803,HOG8-ML05-H1-GPS-JADE-Specialist-Local Explorer,Local Explorer,5.562752238994684
2172,9.158638640879213,HOG8-ML05-H1-GPS-JADE-Specialist-Exploiter,Exploiter,2.956783311276509
2182,9.136989691815572,HOG8-ML05-H1-GPS-JADE-Specialist-Refiner,Refiner,0.23637736908858586
2189,8.93161826674779,HOG8-ML05-H1-GPS-JADE-Specialist-Exploiter,Exploiter,2.2476924238159333
2202,8.644747837754888,HOG8-ML05-H1-GPS-JADE-Specialist-Exploiter,Exploiter,3.2118527732081215
2214,8.2333724767209,HOG8-ML05-H1-GPS-JADE-Specialist-Exploiter,Exploiter,4.758673922648803
2242,7.546426081501137,HOG8-ML05-H1-GPS-JADE-Specialist-Local Explorer,Local Explorer,8.343438817593166
2288,6.553102469489223,HOG8-ML05-H1-GPS-JADE-Specialist-Local Explorer,Local Explorer,13.162834980215191
2297,5.870648702683617,HOG8-ML05-H1-GPS-JADE-Specialist-Local Explorer,Local Explorer,10.414208689442313
2307,5.681904747862561,HOG8-ML05-H1-GPS-JADE-Specialist-Exploiter,Exploiter,3.2150442715943313
2337,4.9715205732026035,HOG8-ML05-H1-GPS-JADE-Specialist-Local Explorer,Local Explorer,12.502570989546982
2348,4.937575481246149,HOG8-ML05-H1-GPS-JADE-Specialist-Exploiter,Exploiter,0.6827909380366304
2358,4.832451153709075,HOG8-ML05-H1-GPS-JADE-Specialist-Exploiter,Exploiter,2.1290677567635568
2367,4.829144540841526,HOG8-ML05-H1-GPS-JADE-Specialist-Refiner,Refiner,0.06842516897477635
2393,4.62367429381457,HOG8-ML05-H1-GPS-JADE-Specialist-Exploiter,Exploiter,4.254795964155386
2398,4.60350351099557,HOG8-ML05-H1-GPS-JADE-Specialist-Refiner,Refiner,0.43625008028753304
2413,4.603118290140761,HOG8-ML05-H1-GPS-JADE-Specialist-Polisher,Polisher,0.008367993070701974
2419,4.537615332618335,HOG8-ML05-H1-GPS-JADE-Specialist-Exploiter,Exploiter,1.423012692563724
2430,4.512767904039726,HOG8-ML05-H1-GPS-JADE-Specialist-Exploiter,Exploiter,0.5475878133608044
2442,4.512680370294794,HOG8-ML05-H1-GPS-JADE-Specialist-Polisher,Polisher,0.001939690823744241
2453,4.478166740373979,HOG8-ML05-H1-GPS-JADE-Specialist-Exploiter,Exploiter,0.7648144138017223
2462,4.446811189762794,HOG8-ML05-H1-GPS-JADE-Specialist-Exploiter,Exploiter,0.7001872067087461
2474,4.368732437786187,HOG8-ML05-H1-GPS-JADE-Specialist-Exploiter,Exploiter,1.7558369052492153
2482,4.360845947946908,HOG8-ML05-H1-GPS-JADE-Specialist-Refiner,Refiner,0.1805212370313029
2524,4.354446485683624,HOG8-ML05-H1-GPS-JADE-Specialist-Refiner,Refiner,0.14674818463368489
2542,4.352897402219141,HOG8-ML05-H1-GPS-JADE-Specialist-Polisher,Polisher,0.035574750305834284
2588,4.309751306347745,HOG8-ML05-H1-GPS-JADE-Specialist-Exploiter,Exploiter,0.9912040621357183
2618,4.303613750529455,HOG8-ML05-H1-GPS-JADE-Specialist-Refiner,Refiner,0.14241090452829647
2698,4.3035601187990595,HOG8-ML05-H1-GPS-JADE-Specialist-Polisher,Polisher,0.001246202226879937
2708,4.287901074618863,HOG8-ML05-H1-GPS-JADE-Specialist-Refiner,Refiner,0.3638625637363345
2767,4.281605638055471,HOG8-ML05-H1-GPS-JADE-Specialist-Refiner,Refiner,0.14681860550973289
2788,4.262546030785261,HOG8-ML05-H1-GPS-JADE-Specialist-Refiner,Refiner,0.4451509289133341
2842,4.243393021849064,HOG8-ML05-H1-GPS-JADE-Specialist-Refiner,Refiner,0.44933260070081715
2863,4.242929315384023,HOG8-ML05-H1-GPS-JADE-Specialist-Polisher,Polisher,0.010927728415760866
2913,4.241488056756586,HOG8-ML05-H1-GPS-JADE-Specialist-Polisher,Polisher,0.0339684807430511
2924,4.240083226819228,HOG8-ML05-H1-GPS-JADE-Specialist-Polisher,Polisher,0.03312115744661948
2934,4.234391778402092,HOG8-ML05-H1-GPS-JADE-Specialist-Refiner,Refiner,0.13422963919992484
2970,4.234289674760025,HOG8-ML05-H1-GPS-JADE-Specialist-Polisher,Polisher,0.002411294169503167
2978,4.2302707384855625,HOG8-ML05-H1-GPS-JADE-Specialist-Refiner,Refiner,0.09491406075543174
2997,4.100411138639381,HOG8-ML05-H1-GPS-JADE-Specialist-Exploiter,Exploiter,3.069770420714753
3008,3.945142204145087,HOG8-ML01-H1-GPS-GradientEstimation-Escape-Specialist-Exploiter,Exploiter,3.7866674644195806
3019,3.9408797902544817,HOG8-ML00-H1-GPS-GradientEstimation-Escape-Specialist-Refiner,Refiner,0.10804208492477445
3024,3.9374768190841998,HOG8-ML01-H2-GPS-GradientEstimation-Escape-Specialist-Refiner,Refiner,0.08635054483765743
3027,3.935646515973218,HOG8-ML02-H2-GPS-GradientEstimation-Escape-Specialist-Polisher,Polisher,0.046484162195203675
3030,3.933557700078751,HOG8-ML00-H1-GPS-GradientEstimation-Escape-Specialist-Refiner,Refiner,0.05307427600495926
3034,3.9327188874696763,HOG8-ML01-H1-GPS-GradientEstimation-Escape-Specialist-Polisher,Polisher,0.02132452789640781
3034,3.9324504171745103,HOG8-ML00-H2-GPS-GradientEstimation-Escape-Specialist-Polisher,Polisher,0.00682658239370914
3038,3.930782734401195,HOG8-ML01-H2-GPS-GradientEstimation-Escape-Specialist-Polisher,Polisher,0.04240823396098463
3038,3.929131682246793,HOG8-ML02-H2-GPS-GradientEstimation-Escape-Specialist-Polisher,Polisher,0.042003139475310994
3042,3.927213406969927,HOG8-ML00-H1-GPS-GradientEstimation-Escape-Specialist-Polisher,Polisher,0.04882186274218044
3042,3.92630991810744,HOG8-ML01-H1-GPS-GradientEstimation-Escape-Specialist-Polisher,Polisher,0.02300585093958844
3047,3.9245010828305498,HOG8-ML01-H2-GPS-GradientEstimation-Escape-Specialist-Polisher,Polisher,0.046069600072789145
3052,3.9235212340712344,HOG8-ML02-H2-GPS-GradientEstimation-Escape-Specialist-Polisher,Polisher,0.02496747328219926
3052,3.92158118475057,HOG8-ML00-H1-GPS-GradientEstimation-Escape-Specialist-Polisher,Polisher,0.04944663746986234
3058,3.9208194230854825,HOG8-ML01-H1-GPS-GradientEstimation-Escape-Specialist-Polisher,Polisher,0.019424860259169428
3061,3.9190554672431848,HOG8-ML01-H2-GPS-GradientEstimation-Escape-Specialist-Polisher,Polisher,0.044989469086785264
3068,3.916136012980804,HOG8-ML00-H1-GPS-GradientEstimation-Escape-Specialist-Refiner,Refiner,0.07449382349351119
3068,3.9153289146627976,HOG8-ML01-H1-GPS-GradientEstimation-Escape-Specialist-Polisher,Polisher,0.020609557873651395
3072,3.9126244028103767,HOG8-ML02-H2-GPS-GradientEstimation-Escape-Specialist-Refiner,Refiner,0.06907495925291514
3075,3.90978115067095,HOG8-ML01-H1-GPS-GradientEstimation-Escape-Specialist-Refiner,Refiner,0.07266867060851373
3081,3.9069693958249703,HOG8-ML01-H2-GPS-GradientEstimation-Escape-Specialist-Refiner,Refiner,0.07191591389961358
3088,3.905019380059292,HOG8-ML00-H1-GPS-GradientEstimation-Escape-Specialist-Polisher,Polisher,0.04991121168653751
3090,3.9042412694793356,HOG8-ML00-H2-GPS-GradientEstimation-Escape-Specialist-Polisher,Polisher,0.019925908279216628
3091,3.900578881953686,HOG8-ML02-H2-GPS-GradientEstimation-Escape-Specialist-Refiner,Refiner,0.09380535865648577
3097,3.898828031424203,HOG8-ML00-H1-GPS-GradientEstimation-Escape-Specialist-Polisher,Polisher,0.04488694069444922
3106,3.8949367671872412,HOG8-ML02-H2-GPS-GradientEstimation-Escape-Specialist-Refiner,Refiner,0.09980599825380129
3108,3.8931973000973508,HOG8-ML01-H1-GPS-GradientEstimation-Escape-Specialist-Polisher,Polisher,0.044659700371635254
3108,3.8925159153049487,HOG8-ML00-H1-GPS-GradientEstimation-Escape-Specialist-Polisher,Polisher,0.017501933240965138
3116,3.89078710943863,HOG8-ML02-H2-GPS-GradientEstimation-Escape-Specialist-Polisher,Polisher,0.04441358504203003
3119,3.8884032807502553,HOG8-ML00-H1-GPS-GradientEstimation-Escape-Specialist-Refiner,Refiner,0.06126854596058269
3128,3.884844596534155,HOG8-ML02-H2-GPS-GradientEstimation-Escape-Specialist-Refiner,Refiner,0.09152045091921471
3131,3.8824358684186167,HOG8-ML01-H1-GPS-GradientEstimation-Escape-Specialist-Refiner,Refiner,0.06200320387815331
3132,3.8813173062320447,HOG8-ML00-H1-GPS-GradientEstimation-Escape-Specialist-Polisher,Polisher,0.028810834859392644
3139,3.8803364032099354,HOG8-ML00-H2-GPS-GradientEstimation-Escape-Specialist-Polisher,Polisher,0.025272425434898174
3139,3.8783916204465525,HOG8-ML01-H2-GPS-GradientEstimation-Escape-Specialist-Refiner,Refiner,0.05011892169385524
3142,3.8776296138925845,HOG8-ML02-H1-GPS-GradientEstimation-Escape-Specialist-Polisher,Polisher,0.01964748866387629
3142,3.8766348414251794,HOG8-ML01-H1-GPS-GradientEstimation-Escape-Specialist-Polisher,Polisher,0.025654138390140947
3147,3.8759601482905843,HOG8-ML00-H1-GPS-GradientEstimation-Escape-Specialist-Polisher,Polisher,0.017404093039288613
3149,3.872935556332649,HOG8-ML02-H2-GPS-GradientEstimation-Escape-Specialist-Refiner,Refiner,0.07803465056959914
3158,3.871164456704154,HOG8-ML01-H1-GPS-GradientEstimation-Escape-Specialist-Polisher,Polisher,0.045730160048727014
3158,3.869415258233425,HOG8-ML00-H1-GPS-GradientEstimation-Escape-Specialist-Polisher,Polisher,0.04518533093316842
3158,3.8675558175631877,HOG8-ML02-H2-GPS-GradientEstimation-Escape-Specialist-Polisher,Polisher,0.04805482343309333
3165,3.8665652377724387,HOG8-ML01-H1-GPS-GradientEstimation-Escape-Specialist-Polisher,Polisher,0.025612553185415773
3168,3.864154128552216,HOG8-ML00-H1-GPS-GradientEstimation-Escape-Specialist-Refiner,Refiner,0.06235790868516796
3173,3.862107220176973,HOG8-ML02-H2-GPS-GradientEstimation-Escape-Specialist-Refiner,Refiner,0.052971706281548694
3177,3.861013958164934,HOG8-ML01-H1-GPS-GradientEstimation-Escape-Specialist-Polisher,Polisher,0.02830739670632682
3179,3.8581725445596655,HOG8-ML00-H1-GPS-GradientEstimation-Escape-Specialist-Refiner,Refiner,0.0735924199201502
3181,3.8565156736714785,HOG8-ML02-H2-GPS-GradientEstimation-Escape-Specialist-Polisher,Polisher,0.04294444763812657
3186,3.8563957517097984,HOG8-ML00-H2-GPS-GradientEstimation-Escape-Specialist-Polisher,Polisher,0.0031095935250257563
3188,3.8545911932486767,HOG8-ML01-H1-GPS-GradientEstimation-Escape-Specialist-Polisher,Polisher,0.04679391269222373
3191,3.8509379200085982,HOG8-ML02-H2-GPS-GradientEstimation-Escape-Specialist-Refiner,Refiner,0.09477719054817497
3199,3.8499436981741706,HOG8-ML02-H1-GPS-GradientEstimation-Escape-Specialist-Polisher,Polisher,0.025817654168401538
3200,3.8481130447731795,HOG8-ML01-H1-GPS-GradientEstimation-Escape-Specialist-Polisher,Polisher,0.04755013435285491
3203,3.8475261742661964,HOG8-ML00-H1-GPS-GradientEstimation-Escape-Specialist-Polisher,Polisher,0.015250864518657386
3203,3.845447518176683,HOG8-ML02-H2-GPS-GradientEstimation-Escape-Specialist-Refiner,Refiner,0.054025781641624616
3210,3.844340756735658,HOG8-ML00-H2-GPS-GradientEstimation-Escape-Specialist-Polisher,Polisher,0.028781082976519747
3210,3.8425488879284972,HOG8-ML01-H1-GPS-GradientEstimation-Escape-Specialist-Polisher,Polisher,0.046610561356228083
3218,3.8407616367501074,HOG8-ML00-H1-GPS-GradientEstimation-Escape-Specialist-Polisher,Polisher,0.046512125948600436
3218,3.8398893037868005,HOG8-ML02-H2-GPS-GradientEstimation-Escape-Specialist-Polisher,Polisher,0.022712499389705466
3221,3.837957279885732,HOG8-ML01-H1-GPS-GradientEstimation-Escape-Specialist-Refiner,Refiner,0.050314572848831035
3225,3.835344918178515,HOG8-ML02-H2-GPS-GradientEstimation-Escape-Specialist-Refiner,Refiner,0.06806646131545538
3230,3.8316141171854943,HOG8-ML01-H1-GPS-GradientEstimation-Escape-Specialist-Refiner,Refiner,0.09727419756532994
3237,3.829769889780667,HOG8-ML00-H1-GPS-GradientEstimation-Escape-Specialist-Polisher,Polisher,0.04813186684315231
3237,3.8288847533907964,HOG8-ML02-H2-GPS-GradientEstimation-Escape-Specialist-Polisher,Polisher,0.023111999293551486
3241,3.827781538290311,HOG8-ML02-H1-GPS-GradientEstimation-Escape-Specialist-Polisher,Polisher,0.028812961777147008
3242,3.8260291267864277,HOG8-ML01-H1-GPS-GradientEstimation-Escape-Specialist-Polisher,Polisher,0.04578138763545754
3248,3.8241660757105786,HOG8-ML00-H1-GPS-GradientEstimation-Escape-Specialist-Polisher,Polisher,0.04869411638310957
3248,3.823287570428356,HOG8-ML02-H2-GPS-GradientEstimation-Escape-Specialist-Polisher,Polisher,0.02297246680269251
3254,3.82075378811307,HOG8-ML01-H1-GPS-GradientEstimation-Escape-Specialist-Refiner,Refiner,0.06627234464087467
3260,3.8187044710924,HOG8-ML01-H2-GPS-GradientEstimation-Escape-Specialist-Refiner,Refiner,0.05363645851888848
3261,3.8167383014162137,HOG8-ML02-H2-GPS-GradientEstimation-Escape-Specialist-Refiner,Refiner,0.05148787215848345
3266,3.8159370598048596,HOG8-ML00-H2-GPS-GradientEstimation-Escape-Specialist-Polisher,Polisher,0.020992835978740885
3267,3.8149422122536354,HOG8-ML01-H1-GPS-GradientEstimation-Escape-Specialist-Polisher,Polisher,0.026070858497732365
3270,3.8130997970277587,HOG8-ML01-H2-GPS-GradientEstimation-Escape-Specialist-Polisher,Polisher,0.04829470863172802
3273,3.8113792674905893,HOG8-ML00-H1-GPS-GradientEstimation-Escape-Specialist-Polisher,Polisher,0.045121544904502944
3273,3.810569443010012,HOG8-ML02-H2-GPS-GradientEstimation-Escape-Specialist-Polisher,Polisher,0.02124754383498061
3277,3.8085810725955658,HOG8-ML01-H1-GPS-GradientEstimation-Escape-Specialist-Refiner,Refiner,0.052180400965884756
3282,3.8075103524369993,HOG8-ML01-H2-GPS-GradientEstimation-Escape-Specialist-Polisher,Polisher,0.028113361332144676
3284,3.804872231088118,HOG8-ML02-H2-GPS-GradientEstimation-Escape-Specialist-Refiner,Refiner,0.06928730600017345
3288,3.8040880008359625,HOG8-ML01-H1-GPS-GradientEstimation-Escape-Specialist-Polisher,Polisher,0.02061121121881104
3297,3.800033883945817,HOG8-ML00-H1-GPS-GradientEstimation-Escape-Specialist-Refiner,Refiner,0.10657263683843954
3297,3.799221236828919,HOG8-ML02-H2-GPS-GradientEstimation-Escape-Specialist-Polisher,Polisher,0.021385259756007195
3300,3.7983498638628976,HOG8-ML00-H2-GPS-GradientEstimation-Escape-Specialist-Polisher,Polisher,0.022935567888869506
3308,3.794703627846375,HOG8-ML00-H1-GPS-GradientEstimation-Escape-Specialist-Refiner,Refiner,0.09599526497578575
3308,3.793901099003621,HOG8-ML02-H2-GPS-GradientEstimation-Escape-Specialist-Polisher,Polisher,0.021148656692583055
3310,3.7928753297277122,HOG8-ML00-H2-GPS-GradientEstimation-Escape-Specialist-Polisher,Polisher,0.02703732251159572
3318,3.789145091454208,HOG8-ML00-H1-GPS-GradientEstimation-Escape-Specialist-Refiner,Refiner,0.0983485601086667
3318,3.787466067949722,HOG8-ML02-H2-GPS-GradientEstimation-Escape-Specialist-Polisher,Polisher,0.044311407031440465
3320,3.7873648400318447,HOG8-ML01-H1-GPS-GradientEstimation-Escape-Specialist-Polisher,Polisher,0.002672708245071214
3328,3.7862925000443606,HOG8-ML01-H2-GPS-GradientEstimation-Escape-Specialist-Polisher,Polisher,0.02831361732436401
3328,3.785251587816504,HOG8-ML00-H1-GPS-GradientEstimation-Escape-Specialist-Polisher,Polisher,0.0274915957455564
3328,3.783591519231845,HOG8-ML02-H2-GPS-GradientEstimation-Escape-Specialist-Polisher,Polisher,0.04385622847375006
3330,3.7826187683294465,HOG8-ML01-H1-GPS-GradientEstimation-Escape-Specialist-Polisher,Polisher,0.02570972308860515
3338,3.778969703521983,HOG8-ML00-H1-GPS-GradientEstimation-Escape-Specialist-Refiner,Refiner,0.09646927250549232
3338,3.7779707828531355,HOG8-ML02-H2-GPS-GradientEstimation-Escape-Specialist-Polisher,Polisher,0.02643367762161328
3342,3.777175523344443,HOG8-ML01-H1-GPS-GradientEstimation-Escape-Specialist-Polisher,Polisher,0.02104991156368424
3348,3.7731520076101113,HOG8-ML01-H2-GPS-GradientEstimation-Escape-Specialist-Refiner,Refiner,0.10652180999969083
3348,3.771353193853999,HOG8-ML02-H2-GPS-GradientEstimation-Escape-Specialist-Polisher,Polisher,0.04767403360596635
3352,3.770565471356921,HOG8-ML01-H1-GPS-GradientEstimation-Escape-Specialist-Polisher,Polisher,0.020886998819462235
3357,3.770339900301661,HOG8-ML02-H1-GPS-GradientEstimation-Escape-Specialist-Polisher,Polisher,0.005982419798129405
3359,3.7677814544721606,HOG8-ML00-H1-GPS-GradientEstimation-Escape-Specialist-Refiner,Refiner,0.06785716665215755
3359,3.765957885721633,HOG8-ML02-H2-GPS-GradientEstimation-Escape-Specialist-Polisher,Polisher,0.04839900542434567
3362,3.764977127813577,HOG8-ML01-H1-GPS-GradientEstimation-Escape-Specialist-Polisher,Polisher,0.026042721077008023
3370,3.761259769805973,HOG8-ML00-H1-GPS-GradientEstimation-Escape-Specialist-Refiner,Refiner,0.09873520824714135
3371,3.759413871167037,HOG8-ML02-H2-GPS-GradientEstimation-Escape-Specialist-Polisher,Polisher,0.04907660602849692
3375,3.758388175453646,HOG8-ML00-H2-GPS-GradientEstimation-Escape-Specialist-Polisher,Polisher,0.027283394394476853
3380,3.7555973226040167,HOG8-ML01-H2-GPS-GradientEstimation-Escape-Specialist-Refiner,Refiner,0.07425664192582632
3381,3.753927416333733,HOG8-ML02-H2-GPS-GradientEstimation-Escape-Specialist-Polisher,Polisher,0.04446446535237137
3385,3.7528040158957774,HOG8-ML00-H2-GPS-GradientEstimation-Escape-Specialist-Polisher,Polisher,0.029926003179161453
3391,3.7510677896839923,HOG8-ML01-H2-GPS-GradientEstimation-Escape-Specialist-Polisher,Polisher,0.04626477173950188
3393,3.748637702840049,HOG8-ML02-H2-GPS-GradientEstimation-Escape-Specialist-Refiner,Refiner,0.0647838690259513
3397,3.747414141094425,HOG8-ML01-H1-GPS-GradientEstimation-Escape-Specialist-Polisher,Polisher,0.03264017071313059
3403,3.744491281987739,HOG8-ML00-H1-GPS-GradientEstimation-Escape-Specialist-Refiner,Refiner,0.0779966930965492
3403,3.7426368794936593,HOG8-ML02-H2-GPS-GradientEstimation-Escape-Specialist-Polisher,Polisher,0.049523482749177235
3407,3.742048951503341,HOG8-ML01-H1-GPS-GradientEstimation-Escape-Specialist-Polisher,Polisher,0.015708924195654284
3417,3.7400711296126268,HOG8-ML00-H1-GPS-GradientEstimation-Escape-Specialist-Refiner,Refiner,0.05285398230612925
3417,3.7383516538606765,HOG8-ML02-H2-GPS-GradientEstimation-Escape-Specialist-Polisher,Polisher,0.04597441311573126
3420,3.7360472398367963,HOG8-ML01-H1-GPS-GradientEstimation-Escape-Specialist-Refiner,Refiner,0.06164251620096612
3427,3.731860417560613,HOG8-ML02-H2-GPS-GradientEstimation-Escape-Specialist-Refiner,Refiner,0.11206556040137981
3430,3.7306104754225062,HOG8-ML01-H1-GPS-GradientEstimation-Escape-Specialist-Polisher,Polisher,0.033493807330654136
3437,3.7286753616853376,HOG8-ML00-H1-GPS-GradientEstimation-Escape-Specialist-Refiner,Refiner,0.05187123528219421
3437,3.726993595545576,HOG8-ML02-H2-GPS-GradientEstimation-Escape-Specialist-Polisher,Polisher,0.045103581744947246
3449,3.723297909280004,HOG8-ML00-H2-GPS-GradientEstimation-Escape-Specialist-Refiner,Refiner,0.0991599843366884
3449,3.722176000302417,HOG8-ML01-H2-GPS-GradientEstimation-Escape-Specialist-Polisher,Polisher,0.030132130302832932
3449,3.720375923651374,HOG8-ML02-H2-GPS-GradientEstimation-Escape-Specialist-Polisher,Polisher,0.048360868773987056
3459,3.7150254923630195,HOG8-ML02-H2-GPS-GradientEstimation-Escape-Specialist-Refiner,Refiner,0.1438142649601692
3468,3.710119617539297,HOG8-ML02-H2-GPS-GradientEstimation-Escape-Specialist-Refiner,Refiner,0.13205494373611432
3478,3.7082544330278595,HOG8-ML01-H1-GPS-GradientEstimation-Escape-Specialist-Refiner,Refiner,0.050272894238239045
3481,3.705414825050303,HOG8-ML01-H2-GPS-GradientEstimation-Escape-Specialist-Refiner,Refiner,0.07657532752513867
3481,3.7037753845530887,HOG8-ML02-H2-GPS-GradientEstimation-Escape-Specialist-Polisher,Polisher,0.044244452365517536
3487,3.702767520666786,HOG8-ML01-H1-GPS-GradientEstimation-Escape-Specialist-Polisher,Polisher,0.02721179827767904
3491,3.698990015888728,HOG8-ML02-H2-GPS-GradientEstimation-Escape-Specialist-Refiner,Refiner,0.10201841614343894
3497,3.6962295513870624,HOG8-ML01-H1-GPS-GradientEstimation-Escape-Specialist-Refiner,Refiner,0.07462751966910118
3501,3.693500283895447,HOG8-ML02-H2-GPS-GradientEstimation-Escape-Specialist-Refiner,Refiner,0.07383923140247904
3507,3.690561337077363,HOG8-ML01-H1-GPS-GradientEstimation-Escape-Specialist-Refiner,Refiner,0.07957077547545721
3511,3.688796389235227,HOG8-ML02-H2-GPS-GradientEstimation-Escape-Specialist-Polisher,Polisher,0.04782328976365666
3522,3.685920056734458,HOG8-ML01-H1-GPS-GradientEstimation-Escape-Specialist-Refiner,Refiner,0.07797482423163972
3528,3.6831270440407993,HOG8-ML02-H2-GPS-GradientEstimation-Escape-Specialist-Refiner,Refiner,0.07577518369004142
3537,3.6831215301444904,HOG8-ML00-H1-GPS-GradientEstimation-Escape-Specialist-Polisher,Polisher,0.00014970692682986152
3537,3.680246916688357,HOG8-ML02-H1-GPS-GradientEstimation-Escape-Specialist-Refiner,Refiner,0.07804829225986729
3540,3.678504176410608,HOG8-ML01-H1-GPS-GradientEstimation-Escape-Specialist-Polisher,Polisher,0.047353895464090294
3540,3.6776890115629675,HOG8-ML02-H2-GPS-GradientEstimation-Escape-Specialist-Polisher,Polisher,0.02216022623728748
3550,3.674586237498775,HOG8-ML00-H2-GPS-GradientEstimation-Escape-Specialist-Refiner,Refiner,0.08436749421816456
3550,3.6728827137298743,HOG8-ML01-H1-GPS-GradientEstimation-Escape-Specialist-Polisher,Polisher,0.046359607825131995
3551,3.6719158727768253,HOG8-ML02-H2-GPS-GradientEstimation-Escape-Specialist-Polisher,Polisher,0.026323763332675387
3560,3.667020497033655,HOG8-ML01-H1-GPS-GradientEstimation-Escape-Specialist-Refiner,Refiner,0.13331938728400608
3562,3.6661932239341994,HOG8-ML02-H2-GPS-GradientEstimation-Escape-Specialist-Polisher,Polisher,0.022559816617464496
3571,3.6625511942727798,HOG8-ML01-H2-GPS-GradientEstimation-Escape-Specialist-Refiner,Refiner,0.09934090864723759
3571,3.660813140558345,HOG8-ML02-H2-GPS-GradientEstimation-Escape-Specialist-Polisher,Polisher,0.04745472820018276
3580,3.65677846762752,HOG8-ML01-H2-GPS-GradientEstimation-Escape-Specialist-Refiner,Refiner,0.1102124794659634
3582,3.654977039231296,HOG8-ML02-H2-GPS-GradientEstimation-Escape-Specialist-Polisher,Polisher,0.049262716135837395
3590,3.651304955867732,HOG8-ML01-H2-GPS-GradientEstimation-Escape-Specialist-Refiner,Refiner,0.10046802822969994
3598,3.6484930197390497,HOG8-ML00-H1-GPS-GradientEstimation-Escape-Specialist-Refiner,Refiner,0.07701181256207103
3602,3.645770463747557,HOG8-ML01-H2-GPS-GradientEstimation-Escape-Specialist-Refiner,Refiner,0.07462138413759282
3606,3.645707627499117,HOG8-ML00-H2-GPS-GradientEstimation-Escape-Specialist-Polisher,Polisher,0.0017235382497302444
3607,3.6439592654588364,HOG8-ML01-H1-GPS-GradientEstimation-Escape-Specialist-Polisher,Polisher,0.04795672661989755
3607,3.6429019843520987,HOG8-ML02-H2-GPS-GradientEstimation-Escape-Specialist-Polisher,Polisher,0.029014624745115562
3612,3.64187718029645,HOG8-ML00-H1-GPS-GradientEstimation-Escape-Specialist-Polisher,Polisher,0.02813152975432385
3615,3.639883343923871,HOG8-ML01-H2-GPS-GradientEstimation-Escape-Specialist-Refiner,Refiner,0.05474749075466034
3618,3.638059139072129,HOG8-ML01-H1-GPS-GradientEstimation-Escape-Specialist-Refiner,Refiner,0.05011712407725981
3618,3.637260688576018,HOG8-ML02-H2-GPS-GradientEstimation-Escape-Specialist-Polisher,Polisher,0.021947155491122652
3627,3.6336246702765584,HOG8-ML01-H1-GPS-GradientEstimation-Escape-Specialist-Refiner,Refiner,0.09996584272553122
3630,3.6325996932908495,HOG8-ML02-H2-GPS-GradientEstimation-Escape-Specialist-Polisher,Polisher,0.028208113900517476
3632,3.6316045340449064,HOG8-ML00-H1-GPS-GradientEstimation-Escape-Specialist-Polisher,Polisher,0.027395235642979476
3638,3.6288552588778353,HOG8-ML01-H2-GPS-GradientEstimation-Escape-Specialist-Refiner,Refiner,0.07570414513192761
3640,3.627148283545769,HOG8-ML01-H1-GPS-GradientEstimation-Escape-Specialist-Polisher,Polisher,0.047038947830453336
3648,3.622106630805102,HOG8-ML01-H2-GPS-GradientEstimation-Escape-Specialist-Refiner,Refiner,0.13899770140465856
3661,3.6204169864394613,HOG8-ML02-H2-GPS-GradientEstimation-Escape-Specialist-Polisher,Polisher,0.046648112213778466
3661,3.6192806669073807,HOG8-ML01-H2-GPS-GradientEstimation-Escape-Specialist-Polisher,Polisher,0.03138642693194643
3671,3.615668372852733,HOG8-ML02-H2-GPS-GradientEstimation-Escape-Specialist-Refiner,Refiner,0.09980696130246071
3677,3.613822594836469,HOG8-ML01-H2-GPS-GradientEstimation-Escape-Specialist-Refiner,Refiner,0.05104942782149771
3688,3.610994663683644,HOG8-ML02-H2-GPS-GradientEstimation-Escape-Specialist-Refiner,Refiner,0.07825318146124849
3689,3.610178482333882,HOG8-ML01-H2-GPS-GradientEstimation-Escape-Specialist-Polisher,Polisher,0.022602673938299317
3697,3.6063908291510605,HOG8-ML02-H2-GPS-GradientEstimation-Escape-Specialist-Refiner,Refiner,0.10491595363930535
3708,3.599840209296446,HOG8-ML02-H2-GPS-GradientEstimation-Escape-Specialist-Refiner,Refiner,0.18163921119321913
3718,3.5939684714635005,HOG8-ML02-H2-GPS-GradientEstimation-Escape-Specialist-Refiner,Refiner,0.16311106859081786
3731,3.5938271375894675,HOG8-ML00-H2-GPS-GradientEstimation-Escape-Specialist-Polisher,Polisher,0.003932529602172088
3731,3.5877458691891784,HOG8-ML02-H2-GPS-GradientEstimation-Escape-Specialist-Refiner,Refiner,0.16921427123420504
3742,3.5828885126259076,HOG8-ML02-H2-GPS-GradientEstimation-Escape-Specialist-Refiner,Refiner,0.13538741985559163
3752,3.5772883909527735,HOG8-ML02-H2-GPS-GradientEstimation-Escape-Specialist-Refiner,Refiner,0.15630186798722684
3761,3.5715885325466705,HOG8-ML02-H2-GPS-GradientEstimation-Escape-Specialist-Refiner,Refiner,0.15933460719908268
3771,3.5666994474395777,HOG8-ML02-H2-GPS-GradientEstimation-Escape-Specialist-Refiner,Refiner,0.136888251895208
3788,3.560341305027235,HOG8-ML02-H2-GPS-GradientEstimation-Escape-Specialist-Refiner,Refiner,0.17826403671066832
3797,3.5545563555968567,HOG8-ML02-H2-GPS-GradientEstimation-Escape-Specialist-Refiner,Refiner,0.16248300190236548
3807,3.5496340646309075,HOG8-ML02-H2-GPS-GradientEstimation-Escape-Specialist-Refiner,Refiner,0.13847834929382313
3818,3.545063490596351,HOG8-ML02-H2-GPS-GradientEstimation-Escape-Specialist-Refiner,Refiner,0.12876183717353887
3831,3.5384888964301533,HOG8-ML02-H2-GPS-GradientEstimation-Escape-Specialist-Refiner,Refiner,0.18545772688239434
3843,3.5328347970355893,HOG8-ML02-H2-GPS-GradientEstimation-Escape-Specialist-Refiner,Refiner,0.15978853007757537
3857,3.527123726380029,HOG8-ML02-H2-GPS-GradientEstimation-Escape-Specialist-Refiner,Refiner,0.16165688416431154
3869,3.5222227380509104,HOG8-ML02-H2-GPS-GradientEstimation-Escape-Specialist-Refiner,Refiner,0.13895141507124484
3878,3.5197105485824336,HOG8-ML02-H2-GPS-GradientEstimation-Escape-Specialist-Refiner,Refiner,0.07132398077320129
3883,3.5166793600228967,HOG8-ML01-H1-GPS-GradientEstimation-Escape-Specialist-Refiner,Refiner,0.08612039307487068
3888,3.5138325833202346,HOG8-ML02-H2-GPS-GradientEstimation-Escape-Specialist-Refiner,Refiner,0.08095070409386301
3893,3.513002919336714,HOG8-ML01-H1-GPS-GradientEstimation-Escape-Specialist-Polisher,Polisher,0.023611369177316523
3901,3.5110754653657263,HOG8-ML02-H2-GPS-GradientEstimation-Escape-Specialist-Refiner,Refiner,0.05486627865802124
3903,3.5100527789587974,HOG8-ML01-H1-GPS-GradientEstimation-Escape-Specialist-Polisher,Polisher,0.02912744021075614
3911,3.50628083757334,HOG8-ML02-H2-GPS-GradientEstimation-Escape-Specialist-Refiner,Refiner,0.10746110166971459
3917,3.505118063257037,HOG8-ML01-H1-GPS-GradientEstimation-Escape-Specialist-Polisher,Polisher,0.03316261218561446
3921,3.5006240190176445,HOG8-ML02-H2-GPS-GradientEstimation-Escape-Specialist-Refiner,Refiner,0.1282137764916369
3927,3.4987838515267424,HOG8-ML01-H1-GPS-GradientEstimation-Escape-Specialist-Refiner,Refiner,0.05256684182320424
3931,3.494732540299561,HOG8-ML02-H2-GPS-GradientEstimation-Escape-Specialist-Refiner,Refiner,0.11579198370352432
3941,3.4922248913172025,HOG8-ML01-H1-GPS-GradientEstimation-Escape-Specialist-Refiner,Refiner,0.07175510438757658
3944,3.4882663020752225,HOG8-ML02-H2-GPS-GradientEstimation-Escape-Specialist-Refiner,Refiner,0.11335436190900346
3951,3.4862226222776362,HOG8-ML01-H1-GPS-GradientEstimation-Escape-Specialist-Refiner,Refiner,0.058587264291445396
3959,3.481763044619062,HOG8-ML02-H2-GPS-GradientEstimation-Escape-Specialist-Refiner,Refiner,0.1279200481941834
3960,3.480601860252553,HOG8-ML01-H1-GPS-GradientEstimation-Escape-Specialist-Polisher,Polisher,0.033350470770948305
3968,3.4758699722028994,HOG8-ML02-H2-GPS-GradientEstimation-Escape-Specialist-Refiner,Refiner,0.13595028215350272
3971,3.473838740365633,HOG8-ML01-H1-GPS-GradientEstimation-Escape-Specialist-Refiner,Refiner,0.05843808466687427
3977,3.469534643790492,HOG8-ML02-H2-GPS-GradientEstimation-Escape-Specialist-Refiner,Refiner,0.12390029868479331
3982,3.468324118453996,HOG8-ML01-H1-GPS-GradientEstimation-Escape-Specialist-Polisher,Polisher,0.034890135444029115
3990,3.462878390829927,HOG8-ML02-H2-GPS-GradientEstimation-Escape-Specialist-Refiner,Refiner,0.15701322708260465
3992,3.4615870853355366,HOG8-ML01-H1-GPS-GradientEstimation-Escape-Specialist-Polisher,Polisher,0.03728994635820587
4001,3.456983575419996,HOG8-ML02-H2-GPS-GradientEstimation-Escape-Specialist-Refiner,Refiner,0.132988418377306
4005,3.45591768896509,HOG8-ML01-H1-GPS-GradientEstimation-Escape-Specialist-Polisher,Polisher,0.030832846950280254
4012,3.4503399341728547,HOG8-ML02-H2-GPS-GradientEstimation-Escape-Specialist-Refiner,Refiner,0.16139721180413474
4027,3.4457032585869767,HOG8-ML01-H1-GPS-GradientEstimation-Escape-Specialist-Refiner,Refiner,0.13438315280055255
4032,3.4418275559467273,HOG8-ML02-H2-GPS-GradientEstimation-Escape-Specialist-Refiner,Refiner,0.1124792923067539
4041,3.4398395829480313,HOG8-ML01-H1-GPS-GradientEstimation-Escape-Specialist-Refiner,Refiner,0.057759227223956516
4041,3.437848295722107,HOG8-ML02-H2-GPS-GradientEstimation-Escape-Specialist-Refiner,Refiner,0.05788895609537836
4053,3.432005152943444,HOG8-ML02-H2-GPS-GradientEstimation-Escape-Specialist-Refiner,Refiner,0.16996511410739337
4066,3.4273505854156188,HOG8-ML01-H1-GPS-GradientEstimation-Escape-Specialist-Refiner,Refiner,0.13562239333566112
4072,3.421527595294369,HOG8-ML02-H2-GPS-GradientEstimation-Escape-Specialist-Refiner,Refiner,0.16989770891919195
4088,3.415860685858152,HOG8-ML02-H2-GPS-GradientEstimation-Escape-Specialist-Refiner,Refiner,0.16562512732648652
4094,3.41012655114009,HOG8-ML02-H2-GPS-GradientEstimation-Escape-Specialist-Refiner,Refiner,0.16786793272341502
4107,3.404590172043078,HOG8-ML02-H2-GPS-GradientEstimation-Escape-Specialist-Refiner,Refiner,0.1623511331320318
4118,3.398613591151414,HOG8-ML02-H2-GPS-GradientEstimation-Escape-Specialist-Refiner,Refiner,0.17554479657318414
4131,3.392917021185753,HOG8-ML02-H2-GPS-GradientEstimation-Escape-Specialist-Refiner,Refiner,0.16761452318359382
4138,3.3920753856700863,HOG8-ML01-H1-GPS-GradientEstimation-Escape-Specialist-Polisher,Polisher,0.024805661630136002
4138,3.387332619329731,HOG8-ML02-H2-GPS-GradientEstimation-Escape-Specialist-Refiner,Refiner,0.13981901346860875
4147,3.3853466426639183,HOG8-ML01-H1-GPS-GradientEstimation-Escape-Specialist-Refiner,Refiner,0.058629514399608854
4147,3.3815299966783505,HOG8-ML02-H2-GPS-GradientEstimation-Escape-Specialist-Refiner,Refiner,0.11274018257003188
4157,3.381473513735991,HOG8-ML01-H1-GPS-GradientEstimation-Escape-Specialist-Polisher,Polisher,0.0016703368716290364
4161,3.376821508239342,HOG8-ML02-H2-GPS-GradientEstimation-Escape-Specialist-Refiner,Refiner,0.13757332351567902
4171,3.37312364037213,HOG8-ML02-H2-GPS-GradientEstimation-Escape-Specialist-Refiner,Refiner,0.10950735353316803
4181,3.36801014059151,HOG8-ML02-H2-GPS-GradientEstimation-Escape-Specialist-Refiner,Refiner,0.15159538534010017
4191,3.3661453806536903,HOG8-ML02-H2-GPS-GradientEstimation-Escape-Specialist-Refiner,Refiner,0.0553668148247365
4206,3.3632615567585176,HOG8-ML02-H2-GPS-GradientEstimation-Escape-Specialist-Refiner,Refiner,0.08567140063964486
4217,3.357531751600284,HOG8-ML02-H2-GPS-GradientEstimation-Escape-Specialist-Refiner,Refiner,0.17036454232111078
4228,3.352638472686518,HOG8-ML02-H2-GPS-GradientEstimation-Escape-Specialist-Refiner,Refiner,0.14574036154486514
4238,3.3517955682764997,HOG8-ML01-H1-GPS-GradientEstimation-Escape-Specialist-Polisher,Polisher,0.02514152411258974
4238,3.3459988280180917,HOG8-ML02-H2-GPS-GradientEstimation-Escape-Specialist-Refiner,Refiner,0.1729443261179779
4249,3.3393122609139643,HOG8-ML02-H2-GPS-GradientEstimation-Escape-Specialist-Refiner,Refiner,0.19983770012519717
4261,3.3391728092636894,HOG8-ML01-H1-GPS-GradientEstimation-Escape-Specialist-Polisher,Polisher,0.0041760590019418835
4261,3.333522680105209,HOG8-ML02-H2-GPS-GradientEstimation-Escape-Specialist-Refiner,Refiner,0.16920744990512793
4272,3.327961574724703,HOG8-ML02-H2-GPS-GradientEstimation-Escape-Specialist-Refiner,Refiner,0.16682368515729706
4283,3.321943982834342,HOG8-ML02-H2-GPS-GradientEstimation-Escape-Specialist-Refiner,Refiner,0.180819151761357
4293,3.3161880471274774,HOG8-ML02-H2-GPS-GradientEstimation-Escape-Specialist-Refiner,Refiner,0.17327010138062426
4303,3.31058689780056,HOG8-ML02-H2-GPS-GradientEstimation-Escape-Specialist-Refiner,Refiner,0.1689032481667995
4318,3.3054046685192873,HOG8-ML02-H2-GPS-GradientEstimation-Escape-Specialist-Refiner,Refiner,0.1565350628529204
4327,3.299971427822606,HOG8-ML02-H2-GPS-GradientEstimation-Escape-Specialist-Refiner,Refiner,0.16437444856381797
4337,3.293153838236279,HOG8-ML02-H2-GPS-GradientEstimation-Escape-Specialist-Refiner,Refiner,0.20659541257984654
4346,3.2875653887774963,HOG8-ML02-H2-GPS-GradientEstimation-Escape-Specialist-Refiner,Refiner,0.16969900992464962
4357,3.281625100526319,HOG8-ML02-H2-GPS-GradientEstimation-Escape-Specialist-Refiner,Refiner,0.1806895848050756
4368,3.2757391219160588,HOG8-ML02-H2-GPS-GradientEstimation-Escape-Specialist-Refiner,Refiner,0.1793617012898903
4379,3.2710283377267007,HOG8-ML02-H2-GPS-GradientEstimation-Escape-Specialist-Refiner,Refiner,0.14380828307849672
4391,3.2641904582240127,HOG8-ML02-H2-GPS-GradientEstimation-Escape-Specialist-Refiner,Refiner,0.20904372560221177
4401,3.2584372344859234,HOG8-ML02-H2-GPS-GradientEstimation-Escape-Specialist-Refiner,Refiner,0.17625269762045417
4412,3.25276591762011,HOG8-ML02-H2-GPS-GradientEstimation-Escape-Specialist-Refiner,Refiner,0.17405021050553765
4425,3.245998060508075,HOG8-ML02-H2-GPS-GradientEstimation-Escape-Specialist-Refiner,Refiner,0.20806468351667798
4437,3.2399690021744396,HOG8-ML02-H2-GPS-GradientEstimation-Escape-Specialist-Refiner,Refiner,0.18573819889134038
4448,3.235376721928919,HOG8-ML02-H2-GPS-GradientEstimation-Escape-Specialist-Refiner,Refiner,0.14173840065873172
4457,3.229283155738317,HOG8-ML02-H2-GPS-GradientEstimation-Escape-Specialist-Refiner,Refiner,0.18834178255967984
4467,3.2235659480601067,HOG8-ML02-H2-GPS-GradientEstimation-Escape-Specialist-Refiner,Refiner,0.1770426253285071
4479,3.2179100912809626,HOG8-ML02-H2-GPS-GradientEstimation-Escape-Specialist-Refiner,Refiner,0.1754534223984979
4490,3.216691285205571,HOG8-ML02-H2-GPS-GradientEstimation-Escape-Specialist-Polisher,Polisher,0.037875703199224994
4501,3.2090448058679026,HOG8-ML02-H2-GPS-GradientEstimation-Escape-Specialist-Refiner,Refiner,0.2377125642375662
4517,3.2060804657260737,HOG8-ML02-H2-GPS-GradientEstimation-Escape-Specialist-Refiner,Refiner,0.09237453264623928
4538,3.19914863868763,HOG8-ML02-H2-GPS-GradientEstimation-Escape-Specialist-Refiner,Refiner,0.21620876682750112
4545,3.1934927895492784,HOG8-ML02-H2-GPS-GradientEstimation-Escape-Specialist-Refiner,Refiner,0.17679232124305946
4557,3.1885359147557235,HOG8-ML02-H2-GPS-GradientEstimation-Escape-Specialist-Refiner,Refiner,0.15521797355473252
4568,3.181870526952193,HOG8-ML02-H2-GPS-GradientEstimation-Escape-Specialist-Refiner,Refiner,0.2090422683553553
4581,3.1759205722182555,HOG8-ML02-H2-GPS-GradientEstimation-Escape-Specialist-Refiner,Refiner,0.1869955010280292
4588,3.1703175739607268,HOG8-ML02-H2-GPS-GradientEstimation-Escape-Specialist-Refiner,Refiner,0.17642123378467467
4602,3.1652340356134157,HOG8-ML02-H2-GPS-GradientEstimation-Escape-Specialist-Refiner,Refiner,0.16034792189478292
4608,3.1605031989473265,HOG8-ML02-H2-GPS-GradientEstimation-Escape-Specialist-Refiner,Refiner,0.14946246036977084
4620,3.154586943434894,HOG8-ML02-H2-GPS-GradientEstimation-Escape-Specialist-Refiner,Refiner,0.18719346698978548
4632,3.148931772045087,HOG8-ML02-H2-GPS-GradientEstimation-Escape-Specialist-Refiner,Refiner,0.17926820503634888
4643,3.1420947534075805,HOG8-ML02-H2-GPS-GradientEstimation-Escape-Specialist-Refiner,Refiner,0.2171218410701322
4658,3.1349399947822487,HOG8-ML02-H2-GPS-GradientEstimation-Escape-Specialist-Refiner,Refiner,0.22770664753418027
4668,3.1292106074624244,HOG8-ML02-H2-GPS-GradientEstimation-Escape-Specialist-Refiner,Refiner,0.18275907447543566
4678,3.123319440277221,HOG8-ML02-H2-GPS-GradientEstimation-Escape-Specialist-Refiner,Refiner,0.18826368449456596
4687,3.1184255795548568,HOG8-ML02-H2-GPS-GradientEstimation-Escape-Specialist-Refiner,Refiner,0.15668780654500436
4702,3.1115337096061,HOG8-ML02-H2-GPS-GradientEstimation-Escape-Specialist-Refiner,Refiner,0.22100479145442223
4711,3.1047097857846495,HOG8-ML02-H2-GPS-GradientEstimation-Escape-Specialist-Refiner,Refiner,0.21931061843821578
4721,3.0986874221481724,HOG8-ML02-H2-GPS-GradientEstimation-Escape-Specialist-Refiner,Refiner,0.1939750911357758
4732,3.0929100860486205,HOG8-ML02-H2-GPS-GradientEstimation-Escape-Specialist-Refiner,Refiner,0.1864446235608604
4742,3.087129470337714,HOG8-ML02-H2-GPS-GradientEstimation-Escape-Specialist-Refiner,Refiner,0.18689892528662105
4755,3.081018841102504,HOG8-ML02-H2-GPS-GradientEstimation-Escape-Specialist-Refiner,Refiner,0.19793887149610706
4769,3.0751861686095343,HOG8-ML02-H2-GPS-GradientEstimation-Escape-Specialist-Refiner,Refiner,0.18930986124325175
4778,3.0694435721588054,HOG8-ML02-H2-GPS-GradientEstimation-Escape-Specialist-Refiner,Refiner,0.1867397983688739
4788,3.0624572794241627,HOG8-ML02-H2-GPS-GradientEstimation-Escape-Specialist-Refiner,Refiner,0.22760779178387291
4800,3.0556031138254642,HOG8-ML02-H2-GPS-GradientEstimation-Escape-Specialist-Refiner,Refiner,0.22381261102807104
4811,3.0499044720931323,HOG8-ML02-H2-GPS-GradientEstimation-Escape-Specialist-Refiner,Refiner,0.18649809939477066
4827,3.042735879941752,HOG8-ML02-H2-GPS-GradientEstimation-Escape-Specialist-Refiner,Refiner,0.2350431699410137
4837,3.0390319357576425,HOG8-ML02-H2-GPS-GradientEstimation-Escape-Specialist-Refiner,Refiner,0.12173071637687656
4851,3.0372105743810356,HOG8-ML02-H2-GPS-GradientEstimation-Escape-Specialist-Refiner,Refiner,0.05993228814664829
4862,3.033891101235349,HOG8-ML02-H2-GPS-GradientEstimation-Escape-Specialist-Refiner,Refiner,0.10929348046152408
4875,3.0281476489692087,HOG8-ML02-H2-GPS-GradientEstimation-Escape-Specialist-Refiner,Refiner,0.18930977001124838
4889,3.024238021621839,HOG8-ML02-H2-GPS-GradientEstimation-Escape-Specialist-Refiner,Refiner,0.12910953495615118
4899,3.0183590486261798,HOG8-ML02-H2-GPS-GradientEstimation-Escape-Specialist-Refiner,Refiner,0.19439518164996905
4908,3.011295217749898,HOG8-ML02-H2-GPS-GradientEstimation-Escape-Specialist-Refiner,Refiner,0.23402884688277
4918,3.005324689208154,HOG8-ML02-H2-GPS-GradientEstimation-Escape-Specialist-Refiner,Refiner,0.1982711129267984
4932,2.999446527986147,HOG8-ML02-H2-GPS-GradientEstimation-Escape-Specialist-Refiner,Refiner,0.19559155265701725
4941,2.9935015435462224,HOG8-ML02-H2-GPS-GradientEstimation-Escape-Specialist-Refiner,Refiner,0.19820271454934554
4957,2.986544706311846,HOG8-ML02-H2-GPS-GradientEstimation-Escape-Specialist-Refiner,Refiner,0.23239798387192026
4964,2.9806498060909266,HOG8-ML02-H2-GPS-GradientEstimation-Escape-Specialist-Refiner,Refiner,0.19738195140562292
4977,2.9756510034836423,HOG8-ML02-H2-GPS-GradientEstimation-Escape-Specialist-Refiner,Refiner,0.16770848413890307
4987,2.968643085883601,HOG8-ML02-H2-GPS-GradientEstimation-Escape-Specialist-Refiner,Refiner,0.2355087203384137
4999,2.962903515840292,HOG8-ML02-H2-GPS-GradientEstimation-Escape-Specialist-Refiner,Refiner,0.19333984845134605
5013,2.9570132079127136,HOG8-ML02-H2-GPS-GradientEstimation-Escape-Specialist-Refiner,Refiner,0.19880188119821315
5021,2.95076799228612,HOG8-ML02-H2-GPS-GradientEstimation-Escape-Specialist-Refiner,Refiner,0.21120012619091746
5038,2.9450593252985406,HOG8-ML02-H2-GPS-GradientEstimation-Escape-Specialist-Refiner,Refiner,0.193463769517047
5049,2.939944053196831,HOG8-ML02-H2-GPS-GradientEstimation-Escape-Specialist-Refiner,Refiner,0.17368995109091917
5058,2.934038726758804,HOG8-ML02-H2-GPS-GradientEstimation-Escape-Specialist-Refiner,Refiner,0.20086526584088496
5067,2.928227216900871,HOG8-ML02-H2-GPS-GradientEstimation-Escape-Specialist-Refiner,Refiner,0.19807202287178655
5081,2.9223367637724857,HOG8-ML02-H2-GPS-GradientEstimation-Escape-Specialist-Refiner,Refiner,0.2011610675014377
5091,2.9154134977649733,HOG8-ML02-H2-GPS-GradientEstimation-Escape-Specialist-Refiner,Refiner,0.2369085621253018
5099,2.9093238836358757,HOG8-ML02-H2-GPS-GradientEstimation-Escape-Specialist-Refiner,Refiner,0.20887651558744694
5110,2.9043309044694725,HOG8-ML02-H2-GPS-GradientEstimation-Escape-Specialist-Refiner,Refiner,0.17161991466427212
5120,2.8984133565901464,HOG8-ML02-H2-GPS-GradientEstimation-Escape-Specialist-Refiner,Refiner,0.20374909312914619
5133,2.8923301779319073,HOG8-ML02-H2-GPS-GradientEstimation-Escape-Specialist-Refiner,Refiner,0.2098796103187897
5144,2.8865186431342713,HOG8-ML02-H2-GPS-GradientEstimation-Escape-Specialist-Refiner,Refiner,0.2009291623057837
5159,2.879595970568465,HOG8-ML02-H2-GPS-GradientEstimation-Escape-Specialist-Refiner,Refiner,0.239827744825844
5168,2.87433318663666,HOG8-ML02-H2-GPS-GradientEstimation-Escape-Specialist-Refiner,Refiner,0.182761192389291
5181,2.8685741948222803,HOG8-ML02-H2-GPS-GradientEstimation-Escape-Specialist-Refiner,Refiner,0.20035922909544204
5192,2.866738102677501,HOG8-ML02-H2-GPS-GradientEstimation-Escape-Specialist-Refiner,Refiner,0.06400713455811675
5202,2.8645757527266476,HOG8-ML02-H2-GPS-GradientEstimation-Escape-Specialist-Refiner,Refiner,0.07542893258487036
5212,2.860566917399532,HOG8-ML02-H2-GPS-GradientEstimation-Escape-Specialist-Refiner,Refiner,0.13994516721367556
5227,2.8585865269383595,HOG8-ML02-H2-GPS-GradientEstimation-Escape-Specialist-Refiner,Refiner,0.06923069861175277
5241,2.8514556932863533,HOG8-ML02-H2-GPS-GradientEstimation-Escape-Specialist-Refiner,Refiner,0.24945313303647074
5250,2.846529990189077,HOG8-ML02-H2-GPS-GradientEstimation-Escape-Specialist-Refiner,Refiner,0.17274345552251974
5261,2.8393659894556404,HOG8-ML02-H2-GPS-GradientEstimation-Escape-Specialist-Refiner,Refiner,0.2516748728496801
5273,2.833391205917432,HOG8-ML02-H2-GPS-GradientEstimation-Escape-Specialist-Refiner,Refiner,0.21042667836398635
5282,2.8275245703649596,HOG8-ML02-H2-GPS-GradientEstimation-Escape-Specialist-Refiner,Refiner,0.20705349618578353
5292,2.822358529838673,HOG8-ML02-H2-GPS-GradientEstimation-Escape-Specialist-Refiner,Refiner,0.18270541591155737
5308,2.8165781546170567,HOG8-ML02-H2-GPS-GradientEstimation-Escape-Specialist-Refiner,Refiner,0.20480655311876794
5317,2.8108267640129907,HOG8-ML02-H2-GPS-GradientEstimation-Escape-Specialist-Refiner,Refiner,0.2041977991854447
5325,2.804313405383276,HOG8-ML02-H2-GPS-GradientEstimation-Escape-Specialist-Refiner,Refiner,0.23172394375581312
5338,2.798486052239067,HOG8-ML02-H2-GPS-GradientEstimation-Escape-Specialist-Refiner,Refiner,0.20779963940630122
5352,2.7912804702112735,HOG8-ML02-H2-GPS-GradientEstimation-Escape-Specialist-Refiner,Refiner,0.25748143436442145
5361,2.7854003412680877,HOG8-ML02-H2-GPS-GradientEstimation-Escape-Specialist-Refiner,Refiner,0.21066062711858985
5372,2.778245070030189,HOG8-ML02-H2-GPS-GradientEstimation-Escape-Specialist-Refiner,Refiner,0.2568848410006766
5384,2.7731928381986664,HOG8-ML02-H2-GPS-GradientEstimation-Escape-Specialist-Refiner,Refiner,0.18184975422155908
5459,2.770583867270078,HOG8-ML02-H2-GPS-GradientEstimation-Escape-Specialist-Refiner,Refiner,0.09407823692068966
5467,2.765392090888633,HOG8-ML02-H2-GPS-GradientEstimation-Escape-Specialist-Refiner,Refiner,0.18738925187494437
5477,2.7594263736045743,HOG8-ML02-H2-GPS-GradientEstimation-Escape-Specialist-Refiner,Refiner,0.2157277191800156
5490,2.7531247004911314,HOG8-ML02-H2-GPS-GradientEstimation-Escape-Specialist-Refiner,Refiner,0.22836895282736408
5502,2.7472461111378044,HOG8-ML02-H2-GPS-GradientEstimation-Escape-Specialist-Refiner,Refiner,0.21352426761775067
5511,2.7419960426992662,HOG8-ML02-H2-GPS-GradientEstimation-Escape-Specialist-Refiner,Refiner,0.19110295278073097
5524,2.736192860405633,HOG8-ML02-H2-GPS-GradientEstimation-Escape-Specialist-Refiner,Refiner,0.2116407975527402
5541,2.7279471739783396,HOG8-ML02-H2-GPS-GradientEstimation-Escape-Specialist-Refiner,Refiner,0.3013561853264571
5552,2.720994505260072,HOG8-ML02-H2-GPS-GradientEstimation-Escape-Specialist-Refiner,Refiner,0.2548681581736048
5563,2.7160989489293734,HOG8-ML02-H2-GPS-GradientEstimation-Escape-Specialist-Refiner,Refiner,0.1799179057963881
5577,2.7086738885374393,HOG8-ML02-H2-GPS-GradientEstimation-Escape-Specialist-Refiner,Refiner,0.2733722346478184
5591,2.7058213318609003,HOG8-ML02-H2-GPS-GradientEstimation-Escape-Specialist-Refiner,Refiner,0.10531192730916725
5603,2.7027361350900154,HOG8-ML02-H2-GPS-GradientEstimation-Escape-Specialist-Refiner,Refiner,0.11402071284444756
5611,2.698646794937831,HOG8-ML02-H2-GPS-GradientEstimation-Escape-Specialist-Refiner,Refiner,0.1513037140063993
5622,2.6966359197315604,HOG8-ML02-H2-GPS-GradientEstimation-Escape-Specialist-Refiner,Refiner,0.07451420504687355
5638,2.693688118977066,HOG8-ML02-H2-GPS-GradientEstimation-Escape-Specialist-Refiner,Refiner,0.10931400612612047
5647,2.689443835625469,HOG8-ML02-H2-GPS-GradientEstimation-Escape-Specialist-Refiner,Refiner,0.15756402241580006
5657,2.684417000604292,HOG8-ML02-H2-GPS-GradientEstimation-Escape-Specialist-Refiner,Refiner,0.18690983446426962
5668,2.6794317044517437,HOG8-ML02-H2-GPS-GradientEstimation-Escape-Specialist-Refiner,Refiner,0.1857124340751096
5681,2.67243279231558,HOG8-ML02-H2-GPS-GradientEstimation-Escape-Specialist-Refiner,Refiner,0.26120882739931095
5691,2.6666170096753428,HOG8-ML02-H2-GPS-GradientEstimation-Escape-Specialist-Refiner,Refiner,0.2176212871268502
5704,2.661248042466924,HOG8-ML02-H2-GPS-GradientEstimation-Escape-Specialist-Refiner,Refiner,0.20134001954306202
5711,2.659126564943564,HOG8-ML02-H1-GPS-GradientEstimation-Escape-Specialist-Refiner,Refiner,0.07971739159620819
5713,2.6554829230989254,HOG8-ML02-H2-GPS-GradientEstimation-Escape-Specialist-Refiner,Refiner,0.1370240097885654
5722,2.6528882037957096,HOG8-ML02-H1-GPS-GradientEstimation-Escape-Specialist-Refiner,Refiner,0.09771176762785767
5728,2.648917688571035,HOG8-ML02-H2-GPS-GradientEstimation-Escape-Specialist-Refiner,Refiner,0.1496676421944122
5732,2.646839417272559,HOG8-ML02-H1-GPS-GradientEstimation-Escape-Specialist-Refiner,Refiner,0.07845737553275343
5739,2.6429469327817197,HOG8-ML02-H2-GPS-GradientEstimation-Escape-Specialist-Refiner,Refiner,0.1470616035652995
5742,2.6408913944075176,HOG8-ML02-H1-GPS-GradientEstimation-Escape-Specialist-Refiner,Refiner,0.07777448531812019
5748,2.6371472695111953,HOG8-ML02-H2-GPS-GradientEstimation-Escape-Specialist-Refiner,Refiner,0.14177504248191006
5752,2.63667596930481,HOG8-ML02-H1-GPS-GradientEstimation-Escape-Specialist-Polisher,Polisher,0.01787159222520598
5758,2.6305193914910125,HOG8-ML02-H2-GPS-GradientEstimation-Escape-Specialist-Refiner,Refiner,0.23349770261761738
5767,2.6295920206317827,HOG8-ML02-H1-GPS-GradientEstimation-Escape-Specialist-Polisher,Polisher,0.03525428712784537
5771,2.6236873307442994,HOG8-ML02-H2-GPS-GradientEstimation-Escape-Specialist-Refiner,Refiner,0.2245477565019618
5774,2.6233402714585843,HOG8-ML02-H1-GPS-GradientEstimation-Escape-Specialist-Polisher,Polisher,0.01322792093586265
5781,2.617339287274348,HOG8-ML02-H2-GPS-GradientEstimation-Escape-Specialist-Refiner,Refiner,0.22875355704045017
5791,2.6113392855472584,HOG8-ML02-H2-GPS-GradientEstimation-Escape-Specialist-Refiner,Refiner,0.22924050222537665
5802,2.6041467834026113,HOG8-ML02-H2-GPS-GradientEstimation-Escape-Specialist-Refiner,Refiner,0.27543345992819657
5817,2.598199344913774,HOG8-ML02-H2-GPS-GradientEstimation-Escape-Specialist-Refiner,Refiner,0.22838338171806757
5828,2.592978944986194,HOG8-ML02-H1-GPS-GradientEstimation-Escape-Specialist-Refiner,Refiner,0.20092376429081088
5837,2.5857268205403785,HOG8-ML02-H2-GPS-GradientEstimation-Escape-Specialist-Refiner,Refiner,0.2796831212161771
5847,2.5798335935375922,HOG8-ML02-H2-GPS-GradientEstimation-Escape-Specialist-Refiner,Refiner,0.22791375159865787
5862,2.5735910864038907,HOG8-ML02-H2-GPS-GradientEstimation-Escape-Specialist-Refiner,Refiner,0.24197324778384371
5871,2.5675405396445394,HOG8-ML02-H2-GPS-GradientEstimation-Escape-Specialist-Refiner,Refiner,0.235101325588042
5878,2.567245503610713,HOG8-ML02-H1-GPS-GradientEstimation-Escape-Specialist-Polisher,Polisher,0.011490998068812163
5881,2.5623150090004354,HOG8-ML02-H2-GPS-GradientEstimation-Escape-Specialist-Refiner,Refiner,0.19205388044668842
5891,2.556361621552901,HOG8-ML02-H2-GPS-GradientEstimation-Escape-Specialist-Refiner,Refiner,0.23234408831944534
5902,2.5560765500784637,HOG8-ML02-H1-GPS-GradientEstimation-Escape-Specialist-Polisher,Polisher,0.011151453379439227
5908,2.549941261317691,HOG8-ML02-H2-GPS-GradientEstimation-Escape-Specialist-Refiner,Refiner,0.24002758292134457
5918,2.5450741036003435,HOG8-ML02-H2-GPS-GradientEstimation-Escape-Specialist-Refiner,Refiner,0.19087332681665226
5937,2.53987145123798,HOG8-ML02-H2-GPS-GradientEstimation-Escape-Specialist-Refiner,Refiner,0.20442046677554704
5949,2.5365743552034865,HOG8-ML02-H2-GPS-GradientEstimation-Escape-Specialist-Refiner,Refiner,0.12981350032051855
5956,2.5337018366471935,HOG8-ML02-H2-GPS-GradientEstimation-Escape-Specialist-Refiner,Refiner,0.11324401157018579
5963,2.5316251641074565,HOG8-ML02-H1-GPS-GradientEstimation-Escape-Specialist-Refiner,Refiner,0.08196199370029293
5968,2.5297461724763814,HOG8-ML02-H2-GPS-GradientEstimation-Escape-Specialist-Refiner,Refiner,0.07422076766003115
5972,2.525372951812873,HOG8-ML02-H1-GPS-GradientEstimation-Escape-Specialist-Refiner,Refiner,0.1728719154154335
5982,2.522660642633309,HOG8-ML02-H2-GPS-GradientEstimation-Escape-Specialist-Refiner,Refiner,0.10740232161023705
5982,2.5193129742310343,HOG8-ML02-H1-GPS-GradientEstimation-Escape-Specialist-Refiner,Refiner,0.1327038740644927
5992,2.5153119257598195,HOG8-ML02-H2-GPS-GradientEstimation-Escape-Specialist-Refiner,Refiner,0.1588150623658013
5998,2.5131666558742918,HOG8-ML02-H1-GPS-GradientEstimation-Escape-Specialist-Refiner,Refiner,0.08528842341809076
6001,2.509483967724089,HOG8-ML02-H2-GPS-GradientEstimation-Escape-Specialist-Refiner,Refiner,0.14653577157705094
6009,2.5068585544444266,HOG8-ML02-H1-GPS-GradientEstimation-Escape-Specialist-Refiner,Refiner,0.10461964744264303
6011,2.504133206122196,HOG8-ML02-H2-GPS-GradientEstimation-Escape-Specialist-Refiner,Refiner,0.10871567992532694
6021,2.4998556542382637,HOG8-ML02-H1-GPS-GradientEstimation-Escape-Specialist-Refiner,Refiner,0.17081966220784514
6023,2.4968038528636844,HOG8-ML02-H2-GPS-GradientEstimation-Escape-Specialist-Refiner,Refiner,0.12207910362365293
6030,2.494725501298218,HOG8-ML02-H1-GPS-GradientEstimation-Escape-Specialist-Refiner,Refiner,0.08324048215012149
6042,2.4886268325711245,HOG8-ML02-H2-GPS-GradientEstimation-Escape-Specialist-Refiner,Refiner,0.24446251597299018
6047,2.486284108326266,HOG8-ML02-H1-GPS-GradientEstimation-Escape-Specialist-Refiner,Refiner,0.09413722516356494
6055,2.482236161880935,HOG8-ML02-H2-GPS-GradientEstimation-Escape-Specialist-Refiner,Refiner,0.16281109756422538
6057,2.4802299964646184,HOG8-ML02-H1-GPS-GradientEstimation-Escape-Specialist-Refiner,Refiner,0.08082089235202464
6068,2.4750178928626454,HOG8-ML02-H1-GPS-GradientEstimation-Escape-Specialist-Refiner,Refiner,0.21014597877626096
6081,2.4687520817028488,HOG8-ML02-H2-GPS-GradientEstimation-Escape-Specialist-Refiner,Refiner,0.2531622570433013
6088,2.4629552107326718,HOG8-ML02-H2-GPS-GradientEstimation-Escape-Specialist-Refiner,Refiner,0.2348097653523212
6097,2.4610564526219827,HOG8-ML02-H1-GPS-GradientEstimation-Escape-Specialist-Refiner,Refiner,0.07709267722023387
6102,2.4565984153224756,HOG8-ML02-H2-GPS-GradientEstimation-Escape-Specialist-Refiner,Refiner,0.1811432360585458
6106,2.453761714220698,HOG8-ML02-H1-GPS-GradientEstimation-Escape-Specialist-Refiner,Refiner,0.1154727237502101
6112,2.4503273788946194,HOG8-ML02-H2-GPS-GradientEstimation-Escape-Specialist-Refiner,Refiner,0.13996205524665495
6120,2.448357205324499,HOG8-ML02-H1-GPS-GradientEstimation-Escape-Specialist-Refiner,Refiner,0.0804045037855024
6121,2.4433416793105804,HOG8-ML02-H2-GPS-GradientEstimation-Escape-Specialist-Refiner,Refiner,0.20485270707276837
6129,2.443131585418079,HOG8-ML02-H1-GPS-GradientEstimation-Escape-Specialist-Polisher,Polisher,0.008598629257642489
6131,2.437075092744932,HOG8-ML02-H2-GPS-GradientEstimation-Escape-Specialist-Refiner,Refiner,0.24789875049283588
6138,2.4357671880615257,HOG8-ML02-H1-GPS-GradientEstimation-Escape-Specialist-Refiner,Refiner,0.05366698331535668
6143,2.4310908888201035,HOG8-ML02-H2-GPS-GradientEstimation-Escape-Specialist-Refiner,Refiner,0.19198465536206616
6148,2.429751626513032,HOG8-ML02-H1-GPS-GradientEstimation-Escape-Specialist-Refiner,Refiner,0.05508894435951626
6152,2.4246970316912293,HOG8-ML02-H2-GPS-GradientEstimation-Escape-Specialist-Refiner,Refiner,0.2080292803037128
6161,2.4238439206021,HOG8-ML02-H1-GPS-GradientEstimation-Escape-Specialist-Polisher,Polisher,0.03518423448286137
6162,2.4193022113036804,HOG8-ML02-H2-GPS-GradientEstimation-Escape-Specialist-Refiner,Refiner,0.18737630999323956
6168,2.4182435068559522,HOG8-ML02-H1-GPS-GradientEstimation-Escape-Specialist-Polisher,Polisher,0.04376073575188664
6177,2.413328487999138,HOG8-ML02-H2-GPS-GradientEstimation-Escape-Specialist-Refiner,Refiner,0.20324747457730313
6181,2.4124538746686914,HOG8-ML02-H1-GPS-GradientEstimation-Escape-Specialist-Polisher,Polisher,0.03624095662052221
6184,2.4079901410251034,HOG8-ML02-H2-GPS-GradientEstimation-Escape-Specialist-Refiner,Refiner,0.18502876637179239
6193,2.4051470015821863,HOG8-ML02-H1-GPS-GradientEstimation-Escape-Specialist-Refiner,Refiner,0.11807105828542934
6194,2.401811826131859,HOG8-ML02-H2-GPS-GradientEstimation-Escape-Specialist-Refiner,Refiner,0.13866825803717925
6203,2.3987449312062035,HOG8-ML02-H1-GPS-GradientEstimation-Escape-Specialist-Refiner,Refiner,0.12769089119669447
6208,2.3946229776262467,HOG8-ML02-H2-GPS-GradientEstimation-Escape-Specialist-Refiner,Refiner,0.17183792767345635
6212,2.392582464436393,HOG8-ML02-H1-GPS-GradientEstimation-Escape-Specialist-Refiner,Refiner,0.08521229475031994
6217,2.3892491214241054,HOG8-ML02-H2-GPS-GradientEstimation-Escape-Specialist-Refiner,Refiner,0.13931987974645255
6223,2.3872250947011286,HOG8-ML02-H1-GPS-GradientEstimation-Escape-Specialist-Refiner,Refiner,0.08471392559392595
6227,2.3832351499023763,HOG8-ML02-H2-GPS-GradientEstimation-Escape-Specialist-Refiner,Refiner,0.16713735154714812
6237,2.3779250610193534,HOG8-ML02-H2-GPS-GradientEstimation-Escape-Specialist-Refiner,Refiner,0.222810111005638
6248,2.3738967631961283,HOG8-ML02-H2-GPS-GradientEstimation-Escape-Specialist-Refiner,Refiner,0.16940390129444569
6263,2.3677535398380574,HOG8-ML02-H2-GPS-GradientEstimation-Escape-Specialist-Refiner,Refiner,0.2587822458546986
6273,2.363777540480883,HOG8-ML02-H2-GPS-GradientEstimation-Escape-Specialist-Refiner,Refiner,0.16792285557923176
6285,2.35920929713281,HOG8-ML02-H2-GPS-GradientEstimation-Escape-Specialist-Refiner,Refiner,0.19326029077777757
6298,2.353023590405545,HOG8-ML02-H2-GPS-GradientEstimation-Escape-Specialist-Refiner,Refiner,0.2621940636967732
6307,2.346944490858296,HOG8-ML02-H2-GPS-GradientEstimation-Escape-Specialist-Refiner,Refiner,0.25835268171712383
6317,2.3395454201690926,HOG8-ML02-H2-GPS-GradientEstimation-Escape-Specialist-Refiner,Refiner,0.31526398336321176
6327,2.333536925331668,HOG8-ML02-H2-GPS-GradientEstimation-Escape-Specialist-Refiner,Refiner,0.25682317537526406
6338,2.3281520104498505,HOG8-ML02-H2-GPS-GradientEstimation-Escape-Specialist-Refiner,Refiner,0.23076193152811952
6352,2.3219407623335466,HOG8-ML02-H2-GPS-GradientEstimation-Escape-Specialist-Refiner,Refiner,0.266788770167278
6359,2.3157539641477713,HOG8-ML02-H2-GPS-GradientEstimation-Escape-Specialist-Refiner,Refiner,0.2664494411802976
6372,2.3093887973697553,HOG8-ML02-H2-GPS-GradientEstimation-Escape-Specialist-Refiner,Refiner,0.27486368917254494
6383,2.3043211826005376,HOG8-ML02-H2-GPS-GradientEstimation-Escape-Specialist-Refiner,Refiner,0.21943532310321126
6392,2.297976281435988,HOG8-ML02-H2-GPS-GradientEstimation-Escape-Specialist-Refiner,Refiner,0.27534795116490784
6404,2.2929542744909677,HOG8-ML02-H2-GPS-GradientEstimation-Escape-Specialist-Refiner,Refiner,0.21854041686984707
6418,2.2864085720388574,HOG8-ML02-H2-GPS-GradientEstimation-Escape-Specialist-Refiner,Refiner,0.28547025664362263
6428,2.279153865959373,HOG8-ML02-H2-GPS-GradientEstimation-Escape-Specialist-Refiner,Refiner,0.3172970119253478
6435,2.2729318938072898,HOG8-ML02-H2-GPS-GradientEstimation-Escape-Specialist-Refiner,Refiner,0.27299482694049143
6447,2.266645869945967,HOG8-ML02-H2-GPS-GradientEstimation-Escape-Specialist-Refiner,Refiner,0.2765601502820872
6457,2.259287373321319,HOG8-ML02-H2-GPS-GradientEstimation-Escape-Specialist-Refiner,Refiner,0.32464253557276956
6472,2.2521498595258476,HOG8-ML02-H2-GPS-GradientEstimation-Escape-Specialist-Refiner,Refiner,0.31591881049547754
6481,2.2457798773697477,HOG8-ML02-H2-GPS-GradientEstimation-Escape-Specialist-Refiner,Refiner,0.28284006631072695
6493,2.2394487317744276,HOG8-ML02-H2-GPS-GradientEstimation-Escape-Specialist-Refiner,Refiner,0.2819130075533107
6502,2.233378528425905,HOG8-ML02-H2-GPS-GradientEstimation-Escape-Specialist-Refiner,Refiner,0.27105792878379403
6513,2.22690970692796,HOG8-ML02-H2-GPS-GradientEstimation-Escape-Specialist-Refiner,Refiner,0.28964286239932435
6527,2.221448213965881,HOG8-ML02-H2-GPS-GradientEstimation-Escape-Specialist-Refiner,Refiner,0.24524986105580673
6541,2.2112808278334035,HOG8-ML02-H2-GPS-GradientEstimation-Escape-Specialist-Refiner,Refiner,0.45769179171303176
6554,2.2052488770184793,HOG8-ML02-H2-GPS-GradientEstimation-Escape-Specialist-Refiner,Refiner,0.2727808579986789
6569,2.2017442563303886,HOG8-ML02-H2-GPS-GradientEstimation-Escape-Specialist-Refiner,Refiner,0.1589217763406795
6578,2.1964759533606237,HOG8-ML02-H2-GPS-GradientEstimation-Escape-Specialist-Refiner,Refiner,0.23927860625127628
6587,2.1923169882166507,HOG8-ML02-H2-GPS-GradientEstimation-Escape-Specialist-Refiner,Refiner,0.18934717394059444
6598,2.189159724690213,HOG8-ML02-H2-GPS-GradientEstimation-Escape-Specialist-Refiner,Refiner,0.14401491861841328
6612,2.1840671253711452,HOG8-ML02-H2-GPS-GradientEstimation-Escape-Specialist-Refiner,Refiner,0.2326280381294806
6621,2.1786292331633574,HOG8-ML02-H2-GPS-GradientEstimation-Escape-Specialist-Refiner,Refiner,0.24898008603392668
6632,2.172354817080904,HOG8-ML02-H2-GPS-GradientEstimation-Escape-Specialist-Refiner,Refiner,0.2879983425790562
6641,2.1660170933537,HOG8-ML02-H2-GPS-GradientEstimation-Escape-Specialist-Refiner,Refiner,0.2917444092176665
6657,2.1595878786039773,HOG8-ML02-H2-GPS-GradientEstimation-Escape-Specialist-Refiner,Refiner,0.29682197658782883
6667,2.152197133278692,HOG8-ML02-H2-GPS-GradientEstimation-Escape-Specialist-Refiner,Refiner,0.34222943175911197
6677,2.146134344181986,HOG8-ML02-H2-GPS-GradientEstimation-Escape-Specialist-Refiner,Refiner,0.2817023126255196
6688,2.1395940990378244,HOG8-ML02-H2-GPS-GradientEstimation-Escape-Specialist-Refiner,Refiner,0.30474537448653927
6700,2.134493808404892,HOG8-ML02-H2-GPS-GradientEstimation-Escape-Specialist-Refiner,Refiner,0.23837655166585536
6710,2.1280564807500424,HOG8-ML02-H2-GPS-GradientEstimation-Escape-Specialist-Refiner,Refiner,0.301585679447818
6720,2.121811734780394,HOG8-ML02-H2-GPS-GradientEstimation-Escape-Specialist-Refiner,Refiner,0.2934483189772964
6734,2.1154855835954005,HOG8-ML02-H2-GPS-GradientEstimation-Escape-Specialist-Refiner,Refiner,0.29814856244294546
6746,2.1081024680483322,HOG8-ML02-H2-GPS-GradientEstimation-Escape-Specialist-Refiner,Refiner,0.34900334960071944
6756,2.101786672270208,HOG8-ML02-H2-GPS-GradientEstimation-Escape-Specialist-Refiner,Refiner,0.29959624230084303
6767,2.095353750793127,HOG8-ML02-H2-GPS-GradientEstimation-Escape-Specialist-Refiner,Refiner,0.3060691916050961
6779,2.089873722540063,HOG8-ML02-H2-GPS-GradientEstimation-Escape-Specialist-Refiner,Refiner,0.26153236659869644
6791,2.0836413817077775,HOG8-ML02-H2-GPS-GradientEstimation-Escape-Specialist-Refiner,Refiner,0.29821614411759123
6802,2.077361117548566,HOG8-ML02-H2-GPS-GradientEstimation-Escape-Specialist-Refiner,Refiner,0.3014081124681974
6817,2.070699511616929,HOG8-ML02-H2-GPS-GradientEstimation-Escape-Specialist-Refiner,Refiner,0.3206763559480617
6824,2.064597605325703,HOG8-ML02-H2-GPS-GradientEstimation-Escape-Specialist-Refiner,Refiner,0.2946785014915785
6839,2.0571037207850953,HOG8-ML02-H2-GPS-GradientEstimation-Escape-Specialist-Refiner,Refiner,0.36297070776779355
6848,2.050809893526355,HOG8-ML02-H2-GPS-GradientEstimation-Escape-Specialist-Refiner,Refiner,0.30595575688028304
6862,2.0446995033627324,HOG8-ML02-H2-GPS-GradientEstimation-Escape-Specialist-Refiner,Refiner,0.2979501017091146
6871,2.0371748845572206,HOG8-ML02-H2-GPS-GradientEstimation-Escape-Specialist-Refiner,Refiner,0.36800609542559903
6883,2.0317016932743717,HOG8-ML02-H2-GPS-GradientEstimation-Escape-Specialist-Refiner,Refiner,0.268665754930439
6891,2.029640100609312,HOG8-ML02-H2-GPS-GradientEstimation-Escape-Specialist-Refiner,Refiner,0.10147122837393609
6906,2.025542793512753,HOG8-ML02-H2-GPS-GradientEstimation-Escape-Specialist-Refiner,Refiner,0.20187357824320915
6916,2.022094985534874,HOG8-ML02-H2-GPS-GradientEstimation-Escape-Specialist-Refiner,Refiner,0.17021649648287696
6930,2.0178032954964875,HOG8-ML02-H2-GPS-GradientEstimation-Escape-Specialist-Refiner,Refiner,0.21223978443581779
6942,2.0125313836396703,HOG8-ML02-H2-GPS-GradientEstimation-Escape-Specialist-Refiner,Refiner,0.26126986057478996
6948,2.0118593479910842,HOG8-ML02-H1-GPS-GradientEstimation-Escape-Specialist-Polisher,Polisher,0.033392554970780634
6957,2.0050079066609854,HOG8-ML02-H1-GPS-GradientEstimation-Escape-Specialist-Refiner,Refiner,0.3405527000155487
6968,1.9987749575712788,HOG8-ML02-H1-GPS-GradientEstimation-Escape-Specialist-Refiner,Refiner,0.31086905288501243
6978,1.9927270867853626,HOG8-ML02-H2-GPS-GradientEstimation-Escape-Specialist-Refiner,Refiner,0.3025788752759327
6982,1.9912824757901677,HOG8-ML02-H1-GPS-GradientEstimation-Escape-Specialist-Refiner,Refiner,0.07249417166930312
6988,1.9860038766429038,HOG8-ML02-H2-GPS-GradientEstimation-Escape-Specialist-Refiner,Refiner,0.2650854015661087
6992,1.9848470961260707,HOG8-ML02-H1-GPS-GradientEstimation-Escape-Specialist-Refiner,Refiner,0.05824663941686237
7003,1.9798250620621598,HOG8-ML02-H2-GPS-GradientEstimation-Escape-Specialist-Refiner,Refiner,0.25301868711764497
7004,1.9786834997326768,HOG8-ML02-H1-GPS-GradientEstimation-Escape-Specialist-Refiner,Refiner,0.057659757488573285
7012,1.974411804150232,HOG8-ML02-H2-GPS-GradientEstimation-Escape-Specialist-Refiner,Refiner,0.2158857433754201
7017,1.9720643848502128,HOG8-ML02-H1-GPS-GradientEstimation-Escape-Specialist-Refiner,Refiner,0.11889208193979349
7019,1.967914019714447,HOG8-ML02-H2-GPS-GradientEstimation-Escape-Specialist-Refiner,Refiner,0.21045789212816102
7027,1.9657155890353395,HOG8-ML02-H1-GPS-GradientEstimation-Escape-Specialist-Refiner,Refiner,0.11171375665215356
7031,1.9618135380619135,HOG8-ML02-H2-GPS-GradientEstimation-Escape-Specialist-Refiner,Refiner,0.19850536848725403
7041,1.958221173070558,HOG8-ML02-H1-GPS-GradientEstimation-Escape-Specialist-Refiner,Refiner,0.18311449695185195
7047,1.9542942252499904,HOG8-ML02-H2-GPS-GradientEstimation-Escape-Specialist-Refiner,Refiner,0.20053648048397382
7052,1.9505493714944595,HOG8-ML02-H1-GPS-GradientEstimation-Escape-Specialist-Refiner,Refiner,0.19162179917160999
7058,1.946771234889777,HOG8-ML02-H2-GPS-GradientEstimation-Escape-Specialist-Refiner,Refiner,0.1936960253299205
7065,1.9445343470278562,HOG8-ML02-H1-GPS-GradientEstimation-Escape-Specialist-Refiner,Refiner,0.11490245088028675
7066,1.9401866772846514,HOG8-ML02-H2-GPS-GradientEstimation-Escape-Specialist-Refiner,Refiner,0.22358410638773316
7076,1.9337303073880747,HOG8-ML02-H2-GPS-GradientEstimation-Escape-Specialist-Refiner,Refiner,0.33277055100762776
7086,1.9326894207853331,HOG8-ML02-H1-GPS-GradientEstimation-Escape-Specialist-Refiner,Refiner,0.05382790965031428
7091,1.9284291378142546,HOG8-ML02-H2-GPS-GradientEstimation-Escape-Specialist-Refiner,Refiner,0.22043288100306188
7098,1.9261920013926375,HOG8-ML02-H1-GPS-GradientEstimation-Escape-Specialist-Refiner,Refiner,0.11600822543849358
7100,1.9220490120054,HOG8-ML02-H2-GPS-GradientEstimation-Escape-Specialist-Refiner,Refiner,0.2150870413874722
7109,1.9185947270070332,HOG8-ML02-H1-GPS-GradientEstimation-Escape-Specialist-Refiner,Refiner,0.1797188821299968
7111,1.9144466088349041,HOG8-ML02-H2-GPS-GradientEstimation-Escape-Specialist-Refiner,Refiner,0.21620606549878238
7120,1.9115405364818838,HOG8-ML02-H1-GPS-GradientEstimation-Escape-Specialist-Refiner,Refiner,0.15179699133990984
7122,1.9082443919869363,HOG8-ML02-H2-GPS-GradientEstimation-Escape-Specialist-Refiner,Refiner,0.17243393127377535
7132,1.9021074259909296,HOG8-ML02-H2-GPS-GradientEstimation-Escape-Specialist-Refiner,Refiner,0.3216027266621032
7147,1.8951970890939192,HOG8-ML02-H2-GPS-GradientEstimation-Escape-Specialist-Refiner,Refiner,0.36329898104521857
7156,1.8889442558131813,HOG8-ML02-H2-GPS-GradientEstimation-Escape-Specialist-Refiner,Refiner,0.32993050256991097
7163,1.8834386144733735,HOG8-ML02-H2-GPS-GradientEstimation-Escape-Specialist-Refiner,Refiner,0.2914665863147797
7178,1.8771951210817954,HOG8-ML02-H2-GPS-GradientEstimation-Escape-Specialist-Refiner,Refiner,0.33149439241606365
7191,1.8695892614136027,HOG8-ML02-H2-GPS-GradientEstimation-Escape-Specialist-Refiner,Refiner,0.405171502033821
7201,1.8652634775000176,HOG8-ML02-H2-GPS-GradientEstimation-Escape-Specialist-Refiner,Refiner,0.23137616389143828
7202,1.8631959606645023,HOG8-ML02-H1-GPS-GradientEstimation-Escape-Specialist-Refiner,Refiner,0.11084315221173871
7213,1.8592720004369216,HOG8-ML02-H1-GPS-GradientEstimation-Escape-Specialist-Refiner,Refiner,0.2106037319972084
7228,1.8578450188862972,HOG8-ML02-H2-GPS-GradientEstimation-Escape-Specialist-Refiner,Refiner,0.07674947776813447
7230,1.8556490752292571,HOG8-ML02-H1-GPS-GradientEstimation-Escape-Specialist-Refiner,Refiner,0.11819843069344883
7242,1.8501791572078676,HOG8-ML02-H1-GPS-GradientEstimation-Escape-Specialist-Refiner,Refiner,0.29477114473886906
7249,1.8479233424682415,HOG8-ML02-H2-GPS-GradientEstimation-Escape-Specialist-Refiner,Refiner,0.12192412452804777
7258,1.843834514185939,HOG8-ML02-H1-GPS-GradientEstimation-Escape-Specialist-Refiner,Refiner,0.22126612010004873
7261,1.8418700517741295,HOG8-ML02-H2-GPS-GradientEstimation-Escape-Specialist-Refiner,Refiner,0.10654223015652159
7268,1.8374900837826047,HOG8-ML02-H1-GPS-GradientEstimation-Escape-Specialist-Refiner,Refiner,0.2378000547490289
7272,1.8352232349950701,HOG8-ML02-H2-GPS-GradientEstimation-Escape-Specialist-Refiner,Refiner,0.12336658616780727
7278,1.8308457153393363,HOG8-ML02-H1-GPS-GradientEstimation-Escape-Specialist-Refiner,Refiner,0.23852791160556616
7283,1.828988892304968,HOG8-ML02-H2-GPS-GradientEstimation-Escape-Specialist-Refiner,Refiner,0.10141886991412286
7286,1.8245081219388462,HOG8-ML02-H1-GPS-GradientEstimation-Escape-Specialist-Refiner,Refiner,0.24498619893065446
7297,1.8181186012617712,HOG8-ML02-H1-GPS-GradientEstimation-Escape-Specialist-Refiner,Refiner,0.3502051100920861
7305,1.8158467228095347,HOG8-ML02-H2-GPS-GradientEstimation-Escape-Specialist-Refiner,Refiner,0.12495765956410876
7311,1.811668611420397,HOG8-ML02-H1-GPS-GradientEstimation-Escape-Specialist-Refiner,Refiner,0.23009163365249255
7317,1.8107114787135885,HOG8-ML02-H2-GPS-GradientEstimation-Escape-Specialist-Refiner,Refiner,0.05283155543872397
7320,1.8051285825837446,HOG8-ML02-H1-GPS-GradientEstimation-Escape-Specialist-Refiner,Refiner,0.3083261025003389
7331,1.7986937761896609,HOG8-ML02-H1-GPS-GradientEstimation-Escape-Specialist-Refiner,Refiner,0.35647357513299216
7343,1.7922916400253783,HOG8-ML02-H1-GPS-GradientEstimation-Escape-Specialist-Refiner,Refiner,0.3559325244258515
7352,1.7856963877271574,HOG8-ML02-H1-GPS-GradientEstimation-Escape-Specialist-Refiner,Refiner,0.3679787458098896
7363,1.7794064776152665,HOG8-ML02-H1-GPS-GradientEstimation-Escape-Specialist-Refiner,Refiner,0.3522384967075381
7372,1.7738819422181062,HOG8-ML02-H1-GPS-GradientEstimation-Escape-Specialist-Refiner,Refiner,0.3104706803452882
7377,1.7728645527687898,HOG8-ML02-H2-GPS-GradientEstimation-Escape-Specialist-Refiner,Refiner,0.057353842164052246
7382,1.7674889665270506,HOG8-ML02-H1-GPS-GradientEstimation-Escape-Specialist-Refiner,Refiner,0.3032147172971508
7391,1.7665161796152729,HOG8-ML02-H2-GPS-GradientEstimation-Escape-Specialist-Refiner,Refiner,0.05503779260863772
7395,1.7609485098643152,HOG8-ML02-H1-GPS-GradientEstimation-Escape-Specialist-Refiner,Refiner,0.3151779652632594
7398,1.7600823987794565,HOG8-ML02-H2-GPS-GradientEstimation-Escape-Specialist-Polisher,Polisher,0.04918435036612252
7408,1.7546977369572359,HOG8-ML02-H1-GPS-GradientEstimation-Escape-Specialist-Refiner,Refiner,0.3059323714591246
7422,1.7479659182786307,HOG8-ML02-H1-GPS-GradientEstimation-Escape-Specialist-Refiner,Refiner,0.38364548701582074
7432,1.741560869341746,HOG8-ML02-H1-GPS-GradientEstimation-Escape-Specialist-Refiner,Refiner,0.3664287083579039
7440,1.7352651581861005,HOG8-ML02-H1-GPS-GradientEstimation-Escape-Specialist-Refiner,Refiner,0.3614981977646868
7452,1.7297230119214548,HOG8-ML02-H1-GPS-GradientEstimation-Escape-Specialist-Refiner,Refiner,0.3193832503638208
7467,1.7224915646089998,HOG8-ML02-H2-GPS-GradientEstimation-Escape-Specialist-Refiner,Refiner,0.4180696714222495
7477,1.7157814829232403,HOG8-ML02-H1-GPS-GradientEstimation-Escape-Specialist-Refiner,Refiner,0.389556722577196
7485,1.7093473660576515,HOG8-ML02-H1-GPS-GradientEstimation-Escape-Specialist-Refiner,Refiner,0.3749962876756759
7497,1.7026489520686094,HOG8-ML02-H1-GPS-GradientEstimation-Escape-Specialist-Refiner,Refiner,0.3918696762315139
7511,1.6977772774262414,HOG8-ML02-H1-GPS-GradientEstimation-Escape-Specialist-Refiner,Refiner,0.286123257319089
7517,1.692027151530007,HOG8-ML02-H2-GPS-GradientEstimation-Escape-Specialist-Refiner,Refiner,0.33868552563922977
7530,1.686792892021926,HOG8-ML02-H2-GPS-GradientEstimation-Escape-Specialist-Refiner,Refiner,0.30934843470732326
7549,1.6865780139625675,HOG8-ML02-H1-GPS-GradientEstimation-Escape-Specialist-Polisher,Polisher,0.012738852551182015
7557,1.678222329526079,HOG8-ML02-H2-GPS-GradientEstimation-Escape-Specialist-Refiner,Refiner,0.4954223503042733
7567,1.6748260358844498,HOG8-ML02-H2-GPS-GradientEstimation-Escape-Specialist-Refiner,Refiner,0.20237447576974404
7575,1.674595950248651,HOG8-ML02-H1-GPS-GradientEstimation-Escape-Specialist-Polisher,Polisher,0.013737882673727622
7581,1.6693038673155625,HOG8-ML02-H2-GPS-GradientEstimation-Escape-Specialist-Refiner,Refiner,0.31602148161786014
7590,1.6638964425629552,HOG8-ML02-H2-GPS-GradientEstimation-Escape-Specialist-Refiner,Refiner,0.3239329194931433
7601,1.6563507155983004,HOG8-ML02-H2-GPS-GradientEstimation-Escape-Specialist-Refiner,Refiner,0.45349739152226903
7612,1.6497195562956601,HOG8-ML02-H2-GPS-GradientEstimation-Escape-Specialist-Refiner,Refiner,0.4003475375228708
7620,1.6442658784893274,HOG8-ML02-H2-GPS-GradientEstimation-Escape-Specialist-Refiner,Refiner,0.33058211533714577
7631,1.6423556233057623,HOG8-ML02-H1-GPS-GradientEstimation-Escape-Specialist-Refiner,Refiner,0.11617678190342762
7633,1.637827878145871,HOG8-ML02-H2-GPS-GradientEstimation-Escape-Specialist-Refiner,Refiner,0.2756860387385388
7641,1.6357796964205977,HOG8-ML02-H1-GPS-GradientEstimation-Escape-Specialist-Refiner,Refiner,0.1250547601859116
7642,1.6301825099162068,HOG8-ML02-H2-GPS-GradientEstimation-Escape-Specialist-Refiner,Refiner,0.34217239134576743
7651,1.6292268627532038,HOG8-ML02-H1-GPS-GradientEstimation-Escape-Specialist-Refiner,Refiner,0.058622096433369617
7658,1.6238157966248365,HOG8-ML02-H2-GPS-GradientEstimation-Escape-Specialist-Refiner,Refiner,0.3321247796775956
7665,1.6162287162959854,HOG8-ML02-H2-GPS-GradientEstimation-Escape-Specialist-Refiner,Refiner,0.46723774609294816
7681,1.610600629509809,HOG8-ML02-H2-GPS-GradientEstimation-Escape-Specialist-Refiner,Refiner,0.3482234122825561
7692,1.6034603718799871,HOG8-ML02-H2-GPS-GradientEstimation-Escape-Specialist-Refiner,Refiner,0.44332887365100576
7701,1.5966306343886085,HOG8-ML02-H2-GPS-GradientEstimation-Escape-Specialist-Refiner,Refiner,0.4259374045752711
7712,1.5899989797094778,HOG8-ML02-H2-GPS-GradientEstimation-Escape-Specialist-Refiner,Refiner,0.4153530902073773
7725,1.5825662276828876,HOG8-ML02-H2-GPS-GradientEstimation-Escape-Specialist-Refiner,Refiner,0.4674689808888002
7738,1.5762011328919974,HOG8-ML02-H2-GPS-GradientEstimation-Escape-Specialist-Refiner,Refiner,0.40220084818880836
7748,1.570526389458816,HOG8-ML02-H2-GPS-GradientEstimation-Escape-Specialist-Refiner,Refiner,0.3600266054097714
7757,1.5642485436628402,HOG8-ML02-H2-GPS-GradientEstimation-Escape-Specialist-Refiner,Refiner,0.3997287685270324
7769,1.5563693695493441,HOG8-ML02-H2-GPS-GradientEstimation-Escape-Specialist-Exploiter,Exploiter,0.5037034648628268
7782,1.5503104484663937,HOG8-ML02-H2-GPS-GradientEstimation-Escape-Specialist-Refiner,Refiner,0.38929840187646914
7792,1.5435309263215906,HOG8-ML02-H2-GPS-GradientEstimation-Escape-Specialist-Refiner,Refiner,0.43730093875775117
7802,1.5368835159498746,HOG8-ML02-H2-GPS-GradientEstimation-Escape-Specialist-Refiner,Refiner,0.4306625969301143
7812,1.5307309574988688,HOG8-ML02-H2-GPS-GradientEstimation-Escape-Specialist-Refiner,Refiner,0.4003269204955468
7828,1.523885494391238,HOG8-ML02-H2-GPS-GradientEstimation-Escape-Specialist-Refiner,Refiner,0.44720223851850444
7837,1.5206712929765263,HOG8-ML02-H2-GPS-GradientEstimation-Escape-Specialist-Refiner,Refiner,0.2109214522050331
7848,1.5140692224905883,HOG8-ML02-H2-GPS-GradientEstimation-Escape-Specialist-Refiner,Refiner,0.4341550022303133
7858,1.5111079885237957,HOG8-ML02-H2-GPS-GradientEstimation-Escape-Specialist-Refiner,Refiner,0.19558114799543158
7871,1.506345954256123,HOG8-ML02-H2-GPS-GradientEstimation-Escape-Specialist-Refiner,Refiner,0.3151352718560288
7882,1.5030116591320444,HOG8-ML02-H2-GPS-GradientEstimation-Escape-Specialist-Refiner,Refiner,0.2213498907510426
7898,1.4957324535652645,HOG8-ML02-H2-GPS-GradientEstimation-Escape-Specialist-Refiner,Refiner,0.4843079907299877
7907,1.4889404845582062,HOG8-ML02-H2-GPS-GradientEstimation-Escape-Specialist-Refiner,Refiner,0.4540898334370468
7918,1.4823884443927087,HOG8-ML02-H2-GPS-GradientEstimation-Escape-Specialist-Refiner,Refiner,0.44004714986587173
7932,1.4747169481673208,HOG8-ML02-H2-GPS-GradientEstimation-Escape-Specialist-Exploiter,Exploiter,0.5175091761141367
7942,1.468330348852946,HOG8-ML02-H2-GPS-GradientEstimation-Escape-Specialist-Refiner,Refiner,0.433072890517169
7953,1.4619032806229049,HOG8-ML02-H2-GPS-GradientEstimation-Escape-Specialist-Refiner,Refiner,0.43771268741138086
7963,1.4550759821851675,HOG8-ML02-H2-GPS-GradientEstimation-Escape-Specialist-Refiner,Refiner,0.4670143728542885
7978,1.447914047625352,HOG8-ML02-H2-GPS-GradientEstimation-Escape-Specialist-Refiner,Refiner,0.4922034757978781
7987,1.442254924577354,HOG8-ML02-H2-GPS-GradientEstimation-Escape-Specialist-Refiner,Refiner,0.3908466153277071
7994,1.4357323954814947,HOG8-ML02-H2-GPS-GradientEstimation-Escape-Specialist-Refiner,Refiner,0.4522452296545744
8008,1.4282810293685386,HOG8-ML02-H2-GPS-GradientEstimation-Escape-Specialist-Exploiter,Exploiter,0.5189940783120046
8020,1.4205876961353645,HOG8-ML02-H2-GPS-GradientEstimation-Escape-Specialist-Exploiter,Exploiter,0.5386428213343586
8033,1.4149044610050956,HOG8-ML02-H2-GPS-GradientEstimation-Escape-Specialist-Refiner,Refiner,0.40006225210382035
8048,1.406610290312968,HOG8-ML02-H2-GPS-GradientEstimation-Escape-Specialist-Exploiter,Exploiter,0.5862000524216099
8061,1.3996737156751378,HOG8-ML02-H2-GPS-GradientEstimation-Escape-Specialist-Refiner,Refiner,0.4931411838517751
8070,1.3952419848560027,HOG8-ML02-H1-GPS-GradientEstimation-Escape-Specialist-Refiner,Refiner,0.3166259942944916
8072,1.3931124488412032,HOG8-ML02-H2-GPS-GradientEstimation-Escape-Specialist-Refiner,Refiner,0.15262843563435796
8082,1.3868929886963075,HOG8-ML02-H2-GPS-GradientEstimation-Escape-Specialist-Refiner,Refiner,0.44644351215647304
8094,1.3801675585921753,HOG8-ML02-H2-GPS-GradientEstimation-Escape-Specialist-Refiner,Refiner,0.48492783213607177
8104,1.3749485182598342,HOG8-ML02-H2-GPS-GradientEstimation-Escape-Specialist-Refiner,Refiner,0.3781454142904744
8114,1.370219678247354,HOG8-ML02-H1-GPS-GradientEstimation-Escape-Specialist-Refiner,Refiner,0.34392851439014116
8118,1.3672322441742262,HOG8-ML02-H2-GPS-GradientEstimation-Escape-Specialist-Refiner,Refiner,0.2180259209931184
8128,1.3617060051865582,HOG8-ML02-H2-GPS-GradientEstimation-Escape-Specialist-Refiner,Refiner,0.4041916807634776
8138,1.357301505915074,HOG8-ML02-H2-GPS-GradientEstimation-Escape-Specialist-Refiner,Refiner,0.3234544941939064
8148,1.3540540891360493,HOG8-ML02-H2-GPS-GradientEstimation-Escape-Specialist-Refiner,Refiner,0.23925537287570178
8152,1.351548949312682,HOG8-ML02-H1-GPS-GradientEstimation-Escape-Specialist-Refiner,Refiner,0.18501032148322127
8157,1.3495842695480922,HOG8-ML02-H2-GPS-GradientEstimation-Escape-Specialist-Refiner,Refiner,0.1453650469403217
8171,1.3432741446511263,HOG8-ML02-H2-GPS-GradientEstimation-Escape-Specialist-Refiner,Refiner,0.4675606436253782
8181,1.3420618106591502,HOG8-ML02-H2-GPS-GradientEstimation-Escape-Specialist-Refiner,Refiner,0.09025216459376822
8189,1.338598804204985,HOG8-ML02-H1-GPS-GradientEstimation-Escape-Specialist-Refiner,Refiner,0.25803628615766583
8193,1.336502739021618,HOG8-ML02-H2-GPS-GradientEstimation-Escape-Specialist-Refiner,Refiner,0.15658651246232888
8202,1.3331242966695513,HOG8-ML02-H1-GPS-GradientEstimation-Escape-Specialist-Refiner,Refiner,0.2527822991623505
8207,1.3298457048929577,HOG8-ML02-H2-GPS-GradientEstimation-Escape-Specialist-Refiner,Refiner,0.24593293999548957
8213,1.3255980759870332,HOG8-ML02-H1-GPS-GradientEstimation-Escape-Specialist-Refiner,Refiner,0.319407649345791
8218,1.3236138403203832,HOG8-ML02-H2-GPS-GradientEstimation-Escape-Specialist-Refiner,Refiner,0.14968607020438734
8228,1.3179723202125944,HOG8-ML02-H2-GPS-GradientEstimation-Escape-Specialist-Refiner,Refiner,0.4262209970865297
8239,1.3114651776161217,HOG8-ML02-H1-GPS-GradientEstimation-Escape-Specialist-Refiner,Refiner,0.4937237676905871
8248,1.3048094850390535,HOG8-ML02-H1-GPS-GradientEstimation-Escape-Specialist-Exploiter,Exploiter,0.5075005185548588
8258,1.2970252298383258,HOG8-ML02-H2-GPS-GradientEstimation-Escape-Specialist-Exploiter,Exploiter,0.5965817454564785
8271,1.290617409777722,HOG8-ML02-H2-GPS-GradientEstimation-Escape-Specialist-Refiner,Refiner,0.4940397390266982
8280,1.282935564892294,HOG8-ML02-H2-GPS-GradientEstimation-Escape-Specialist-Exploiter,Exploiter,0.5952069782439342
8291,1.2764710410356521,HOG8-ML02-H2-GPS-GradientEstimation-Escape-Specialist-Exploiter,Exploiter,0.5038853106535076
8302,1.2703110950134469,HOG8-ML02-H2-GPS-GradientEstimation-Escape-Specialist-Refiner,Refiner,0.4825762453026317
8308,1.269800468916289,HOG8-ML02-H1-GPS-GradientEstimation-Escape-Specialist-Polisher,Polisher,0.040196932795623704
8318,1.2632596497081359,HOG8-ML02-H1-GPS-GradientEstimation-Escape-Specialist-Exploiter,Exploiter,0.5151060633750862
8327,1.2555318376490876,HOG8-ML02-H1-GPS-GradientEstimation-Escape-Specialist-Exploiter,Exploiter,0.611735842337219
8339,1.2491529661279932,HOG8-ML02-H1-GPS-GradientEstimation-Escape-Specialist-Exploiter,Exploiter,0.5080613115345983
8348,1.242553205881297,HOG8-ML02-H1-GPS-GradientEstimation-Escape-Specialist-Exploiter,Exploiter,0.5283388364479972
8361,1.2371871220368995,HOG8-ML02-H1-GPS-GradientEstimation-Escape-Specialist-Refiner,Refiner,0.43185948247515427
8369,1.2309814034887678,HOG8-ML02-H1-GPS-GradientEstimation-Escape-Specialist-Exploiter,Exploiter,0.5015990255309649
8382,1.2238231480295338,HOG8-ML02-H1-GPS-GradientEstimation-Escape-Specialist-Exploiter,Exploiter,0.5815080097023824
8392,1.2189716273506956,HOG8-ML02-H1-GPS-GradientEstimation-Escape-Specialist-Refiner,Refiner,0.3964233465145347
8402,1.2119453801176654,HOG8-ML02-H1-GPS-GradientEstimation-Escape-Specialist-Exploiter,Exploiter,0.5764077748307435
8411,1.206828638593878,HOG8-ML02-H1-GPS-GradientEstimation-Escape-Specialist-Refiner,Refiner,0.42219241953714187
8415,1.2056634046148729,HOG8-ML02-H2-GPS-GradientEstimation-Escape-Specialist-Refiner,Refiner,0.09655339140466546
8428,1.1999660723076644,HOG8-ML02-H1-GPS-GradientEstimation-Escape-Specialist-Refiner,Refiner,0.47254750251197924
8438,1.1923956611221191,HOG8-ML02-H1-GPS-GradientEstimation-Escape-Specialist-Exploiter,Exploiter,0.6308854358679097
8452,1.1839567219651277,HOG8-ML02-H2-GPS-GradientEstimation-Escape-Specialist-Exploiter,Exploiter,0.70772977729975
8462,1.1817383213785186,HOG8-ML02-H2-GPS-GradientEstimation-Escape-Specialist-Refiner,Refiner,0.18737176329612404
8471,1.1805522890212472,HOG8-ML02-H1-GPS-GradientEstimation-Escape-Specialist-Refiner,Refiner,0.10036336605280859
8477,1.1762003758829362,HOG8-ML02-H2-GPS-GradientEstimation-Escape-Specialist-Refiner,Refiner,0.36863366229368555
8490,1.171959407206237,HOG8-ML02-H2-GPS-GradientEstimation-Escape-Specialist-Refiner,Refiner,0.36056515230372704
8501,1.1664897921357948,HOG8-ML02-H2-GPS-GradientEstimation-Escape-Specialist-Refiner,Refiner,0.4667068702900524
8512,1.1609094030897507,HOG8-ML02-H2-GPS-GradientEstimation-Escape-Specialist-Refiner,Refiner,0.47839158847903196
8528,1.154459619875156,HOG8-ML02-H2-GPS-GradientEstimation-Escape-Specialist-Exploiter,Exploiter,0.5555802371338037
8537,1.1468688183260556,HOG8-ML02-H2-GPS-GradientEstimation-Escape-Specialist-Exploiter,Exploiter,0.6575198836249714
8549,1.1404708950160596,HOG8-ML02-H2-GPS-GradientEstimation-Escape-Specialist-Exploiter,Exploiter,0.5578600802255892
8561,1.1341907730219891,HOG8-ML02-H2-GPS-GradientEstimation-Escape-Specialist-Exploiter,Exploiter,0.5506604352215434
8571,1.127230221507118,HOG8-ML02-H2-GPS-GradientEstimation-Escape-Specialist-Exploiter,Exploiter,0.6137020050273531
8581,1.1206337083152724,HOG8-ML02-H2-GPS-GradientEstimation-Escape-Specialist-Exploiter,Exploiter,0.5851966231907717
8591,1.1145841458997645,HOG8-ML02-H2-GPS-GradientEstimation-Escape-Specialist-Exploiter,Exploiter,0.5398340573390968
8607,1.1089162746136128,HOG8-ML02-H2-GPS-GradientEstimation-Escape-Specialist-Exploiter,Exploiter,0.5085189222368032
8618,1.1012002422469789,HOG8-ML02-H2-GPS-GradientEstimation-Escape-Specialist-Exploiter,Exploiter,0.6958173978754548
8628,1.0935585210518617,HOG8-ML02-H2-GPS-GradientEstimation-Escape-Specialist-Exploiter,Exploiter,0.6939447433760456
8638,1.0881778567018192,HOG8-ML02-H2-GPS-GradientEstimation-Escape-Specialist-Refiner,Refiner,0.49203259326871435
8653,1.0816746886410804,HOG8-ML02-H2-GPS-GradientEstimation-Escape-Specialist-Exploiter,Exploiter,0.5976199589697031
8661,1.0755148155670085,HOG8-ML02-H2-GPS-GradientEstimation-Escape-Specialist-Exploiter,Exploiter,0.5694755677245872
8672,1.0675395072246596,HOG8-ML02-H2-GPS-GradientEstimation-Escape-Specialist-Exploiter,Exploiter,0.7415340288124501
8683,1.059927395628876,HOG8-ML02-H2-GPS-GradientEstimation-Escape-Specialist-Exploiter,Exploiter,0.7130519802094535
8698,1.0546877716543361,HOG8-ML02-H2-GPS-GradientEstimation-Escape-Specialist-Refiner,Refiner,0.4943380080699807
8708,1.0492506583767434,HOG8-ML02-H2-GPS-GradientEstimation-Escape-Specialist-Exploiter,Exploiter,0.5155187557607084
8718,1.0428392967541538,HOG8-ML02-H2-GPS-GradientEstimation-Escape-Specialist-Exploiter,Exploiter,0.6110419442107736
8727,1.0364019276071463,HOG8-ML02-H2-GPS-GradientEstimation-Escape-Specialist-Exploiter,Exploiter,0.6172925365436265
8737,1.0287849564086367,HOG8-ML02-H2-GPS-GradientEstimation-Escape-Specialist-Exploiter,Exploiter,0.734943750644676
8753,1.0220787692632214,HOG8-ML02-H2-GPS-GradientEstimation-Escape-Specialist-Exploiter,Exploiter,0.6518550940738627
8762,1.019809267805353,HOG8-ML02-H2-GPS-GradientEstimation-Escape-Specialist-Refiner,Refiner,0.2220476078868575
8779,1.0135831935427344,HOG8-ML02-H2-GPS-GradientEstimation-Escape-Specialist-Exploiter,Exploiter,0.6105135988827776
8793,1.007139970534898,HOG8-ML02-H2-GPS-GradientEstimation-Escape-Specialist-Exploiter,Exploiter,0.6356876326368112
8802,1.0031893000167176,HOG8-ML02-H2-GPS-GradientEstimation-Escape-Specialist-Refiner,Refiner,0.39226628212185916
8811,0.9995794771630635,HOG8-ML02-H2-GPS-GradientEstimation-Escape-Specialist-Refiner,Refiner,0.35983466466338115
8823,0.9953392028155691,HOG8-ML02-H2-GPS-GradientEstimation-Escape-Specialist-Refiner,Refiner,0.42420582298556797
8833,0.9886153865845675,HOG8-ML02-H2-GPS-GradientEstimation-Escape-Specialist-Exploiter,Exploiter,0.6755301320375589
8849,0.9822828230236254,HOG8-ML02-H2-GPS-GradientEstimation-Escape-Specialist-Exploiter,Exploiter,0.6405487560556435
8858,0.9759256631925946,HOG8-ML02-H2-GPS-GradientEstimation-Escape-Specialist-Exploiter,Exploiter,0.647182225121522
8868,0.9695162918639847,HOG8-ML02-H2-GPS-GradientEstimation-Escape-Specialist-Exploiter,Exploiter,0.6567479030772243
8877,0.964070194024603,HOG8-ML02-H2-GPS-GradientEstimation-Escape-Specialist-Exploiter,Exploiter,0.561733504128232
8888,0.9577621238324067,HOG8-ML02-H2-GPS-GradientEstimation-Escape-Specialist-Exploiter,Exploiter,0.6543164835189779
8901,0.9500778201172865,HOG8-ML02-H2-GPS-GradientEstimation-Escape-Specialist-Exploiter,Exploiter,0.8023186054144714
8910,0.9436943314193222,HOG8-ML02-H2-GPS-GradientEstimation-Escape-Specialist-Exploiter,Exploiter,0.6718911401569396
8923,0.9361160284458221,HOG8-ML02-H2-GPS-GradientEstimation-Escape-Specialist-Exploiter,Exploiter,0.8030463595243107
8937,0.9296745423400085,HOG8-ML02-H2-GPS-GradientEstimation-Escape-Specialist-Exploiter,Exploiter,0.6881076608108131
8947,0.9234747752664696,HOG8-ML02-H2-GPS-GradientEstimation-Escape-Specialist-Exploiter,Exploiter,0.66687499669873
8957,0.916822333189798,HOG8-ML02-H2-GPS-GradientEstimation-Escape-Specialist-Exploiter,Exploiter,0.7203707404733416
8968,0.9106491019097362,HOG8-ML02-H2-GPS-GradientEstimation-Escape-Specialist-Exploiter,Exploiter,0.6733290689575498
8979,0.905168725121056,HOG8-ML02-H2-GPS-GradientEstimation-Escape-Specialist-Exploiter,Exploiter,0.6018099372400757
8988,0.8997795587618137,HOG8-ML02-H2-GPS-GradientEstimation-Escape-Specialist-Exploiter,Exploiter,0.5953769954349128
8998,0.8934459820261217,HOG8-ML02-H2-GPS-GradientEstimation-Escape-Specialist-Exploiter,Exploiter,0.703903158725638
9012,0.8872073384645369,HOG8-ML02-H2-GPS-GradientEstimation-Escape-Specialist-Exploiter,Exploiter,0.698267571525367
9018,0.8817472486716436,HOG8-ML02-H2-GPS-GradientEstimation-Escape-Specialist-Exploiter,Exploiter,0.6154243271187293
9029,0.8755249885676022,HOG8-ML02-H2-GPS-GradientEstimation-Escape-Specialist-Exploiter,Exploiter,0.7056738893617451
9052,0.8667052730602978,HOG8-ML02-H2-GPS-GradientEstimation-Escape-Specialist-Exploiter,Exploiter,1.0073630818617607
9068,0.862500974898603,HOG8-ML02-H2-GPS-GradientEstimation-Escape-Specialist-Refiner,Refiner,0.48508971762102865
9077,0.8596321677190208,HOG8-ML02-H2-GPS-GradientEstimation-Escape-Specialist-Refiner,Refiner,0.33261494920854057
9090,0.8563418029646572,HOG8-ML02-H2-GPS-GradientEstimation-Escape-Specialist-Refiner,Refiner,0.3827642656852163
9102,0.8530152502274602,HOG8-ML02-H2-GPS-GradientEstimation-Escape-Specialist-Refiner,Refiner,0.3884608605676531
9114,0.8467538001876387,HOG8-ML02-H2-GPS-GradientEstimation-Escape-Specialist-Exploiter,Exploiter,0.7340372916137008
9121,0.8425940599650891,HOG8-ML02-H2-GPS-GradientEstimation-Escape-Specialist-Refiner,Refiner,0.49125734323575804
9131,0.8350920885040568,HOG8-ML02-H2-GPS-GradientEstimation-Escape-Specialist-Exploiter,Exploiter,0.8903423151764315
9148,0.8277573676831579,HOG8-ML02-H2-GPS-GradientEstimation-Escape-Specialist-Exploiter,Exploiter,0.8783128138643945
9158,0.8224154681063669,HOG8-ML02-H2-GPS-GradientEstimation-Escape-Specialist-Exploiter,Exploiter,0.6453460621851832
9167,0.8139768891751527,HOG8-ML02-H2-GPS-GradientEstimation-Escape-Specialist-Exploiter,Exploiter,1.0260724972311497
9179,0.8067067812138009,HOG8-ML02-H2-GPS-GradientEstimation-Escape-Specialist-Exploiter,Exploiter,0.8931590144677135
9192,0.8013602172536107,HOG8-ML02-H2-GPS-GradientEstimation-Escape-Specialist-Exploiter,Exploiter,0.6627642266928186
9202,0.7964395511747808,HOG8-ML02-H2-GPS-GradientEstimation-Escape-Specialist-Exploiter,Exploiter,0.614039226416032
9211,0.7891942004586763,HOG8-ML02-H2-GPS-GradientEstimation-Escape-Specialist-Exploiter,Exploiter,0.9097175931829805
9221,0.7825604074750815,HOG8-ML02-H2-GPS-GradientEstimation-Escape-Specialist-Exploiter,Exploiter,0.8405780199270669
9232,0.776208802482659,HOG8-ML02-H2-GPS-GradientEstimation-Escape-Specialist-Exploiter,Exploiter,0.8116440509577834
9248,0.7702907987515628,HOG8-ML02-H2-GPS-GradientEstimation-Escape-Specialist-Exploiter,Exploiter,0.7624241972221644
9254,0.7637783447386266,HOG8-ML02-H2-GPS-GradientEstimation-Escape-Specialist-Exploiter,Exploiter,0.8454539536875126
9268,0.7576610458245474,HOG8-ML02-H2-GPS-GradientEstimation-Escape-Specialist-Exploiter,Exploiter,0.8009259435304625
9278,0.7523228426833547,HOG8-ML02-H2-GPS-GradientEstimation-Escape-Specialist-Exploiter,Exploiter,0.7045634945351124
9288,0.7472829574733773,HOG8-ML02-H2-GPS-GradientEstimation-Escape-Specialist-Exploiter,Exploiter,0.6699099009145312
9298,0.7419978922994326,HOG8-ML02-H2-GPS-GradientEstimation-Escape-Specialist-Exploiter,Exploiter,0.7072374822803257
9313,0.7347124745486615,HOG8-ML02-H2-GPS-GradientEstimation-Escape-Specialist-Exploiter,Exploiter,0.9818650196153184
9318,0.729508843087386,HOG8-ML02-H2-GPS-GradientEstimation-Escape-Specialist-Exploiter,Exploiter,0.708254132267481
9331,0.7222700218574309,HOG8-ML02-H2-GPS-GradientEstimation-Escape-Specialist-Exploiter,Exploiter,0.9922869747979034
9342,0.7148727487162102,HOG8-ML02-H2-GPS-GradientEstimation-Escape-Specialist-Exploiter,Exploiter,1.0241700357710386
9357,0.7077752090493065,HOG8-ML02-H2-GPS-GradientEstimation-Escape-Specialist-Exploiter,Exploiter,0.9928395899339727
9369,0.7010093026210354,HOG8-ML02-H2-GPS-GradientEstimation-Escape-Specialist-Exploiter,Exploiter,0.9559400134061036
9377,0.6986633395820244,HOG8-ML02-H2-GPS-GradientEstimation-Escape-Specialist-Refiner,Refiner,0.3346550509728752
9400,0.6964845689834973,HOG8-ML02-H2-GPS-GradientEstimation-Escape-Specialist-Refiner,Refiner,0.3118484218494366
9411,0.6955936529796016,HOG8-ML02-H2-GPS-GradientEstimation-Escape-Specialist-Refiner,Refiner,0.12791611524085186
9421,0.6904314720634763,HOG8-ML02-H2-GPS-GradientEstimation-Escape-Specialist-Exploiter,Exploiter,0.7421259371779639
9433,0.6862693764878425,HOG8-ML02-H2-GPS-GradientEstimation-Escape-Specialist-Exploiter,Exploiter,0.6028252975193459
9443,0.6791721821569228,HOG8-ML02-H2-GPS-GradientEstimation-Escape-Specialist-Exploiter,Exploiter,1.0341703380735712
9457,0.6740022356174742,HOG8-ML02-H2-GPS-GradientEstimation-Escape-Specialist-Exploiter,Exploiter,0.7612129405874373
9468,0.6669118644173081,HOG8-ML02-H2-GPS-GradientEstimation-Escape-Specialist-Exploiter,Exploiter,1.0519803682357793
9479,0.6608312661478111,HOG8-ML02-H2-GPS-GradientEstimation-Escape-Specialist-Exploiter,Exploiter,0.9117544002324427
9488,0.6549090530227077,HOG8-ML02-H2-GPS-GradientEstimation-Escape-Specialist-Exploiter,Exploiter,0.8961762901482749
9498,0.6494648409531876,HOG8-ML02-H2-GPS-GradientEstimation-Escape-Specialist-Exploiter,Exploiter,0.8312928404932896
9508,0.6437636334367367,HOG8-ML02-H2-GPS-GradientEstimation-Escape-Specialist-Exploiter,Exploiter,0.8778315864001947
9522,0.6375334559912731,HOG8-ML02-H2-GPS-GradientEstimation-Escape-Specialist-Exploiter,Exploiter,0.9677740589669174
9533,0.6314776291841546,HOG8-ML02-H2-GPS-GradientEstimation-Escape-Specialist-Exploiter,Exploiter,0.9498837669158126
9551,0.6215161176923579,HOG8-ML02-H2-GPS-GradientEstimation-Escape-Specialist-Exploiter,Exploiter,1.5774923815854873
9561,0.6146222637551748,HOG8-ML02-H2-GPS-GradientEstimation-Escape-Specialist-Exploiter,Exploiter,1.1091995430109631
9578,0.6076194534842108,HOG8-ML02-H2-GPS-GradientEstimation-Escape-Specialist-Exploiter,Exploiter,1.139368142666813
9584,0.6017409205851825,HOG8-ML02-H2-GPS-GradientEstimation-Escape-Specialist-Exploiter,Exploiter,0.9674695017283617
9596,0.596670172682828,HOG8-ML02-H2-GPS-GradientEstimation-Escape-Specialist-Exploiter,Exploiter,0.8426795866605346
9607,0.5905529603831667,HOG8-ML02-H2-GPS-GradientEstimation-Escape-Specialist-Exploiter,Exploiter,1.0252250874475923
9618,0.5839094304236415,HOG8-ML02-H2-GPS-GradientEstimation-Escape-Specialist-Exploiter,Exploiter,1.124967683713704
9629,0.577788999013466,HOG8-ML02-H2-GPS-GradientEstimation-Escape-Specialist-Exploiter,Exploiter,1.0481816342193606
9641,0.5718084441300278,HOG8-ML02-H2-GPS-GradientEstimation-Escape-Specialist-Exploiter,Exploiter,1.0350759349259953
9656,0.5662274022953264,HOG8-ML02-H2-GPS-GradientEstimation-Escape-Specialist-Exploiter,Exploiter,0.9760334762444175
9672,0.5593831276182246,HOG8-ML02-H2-GPS-GradientEstimation-Escape-Specialist-Exploiter,Exploiter,1.208750168105083
9679,0.5561558504742393,HOG8-ML02-H2-GPS-GradientEstimation-Escape-Specialist-Exploiter,Exploiter,0.5769350172799442
9688,0.5532741568828825,HOG8-ML02-H2-GPS-GradientEstimation-Escape-Specialist-Exploiter,Exploiter,0.5181449748122884
9712,0.5494058862390463,HOG8-ML02-H2-GPS-GradientEstimation-Escape-Specialist-Exploiter,Exploiter,0.6991598280371247
9728,0.5455583826798927,HOG8-ML02-H2-GPS-GradientEstimation-Escape-Specialist-Exploiter,Exploiter,0.7003025732927067
9732,0.5417980634381738,HOG8-ML02-H2-GPS-GradientEstimation-Escape-Specialist-Exploiter,Exploiter,0.6892606476409322
9742,0.5386761632574462,HOG8-ML02-H1-GPS-GradientEstimation-Escape-Specialist-Exploiter,Exploiter,0.5762110261001173
9745,0.5368146560488369,HOG8-ML02-H2-GPS-GradientEstimation-Escape-Specialist-Refiner,Refiner,0.3455707409350443
9758,0.5300246637514746,HOG8-ML02-H2-GPS-GradientEstimation-Escape-Specialist-Exploiter,Exploiter,1.264867160546489
9763,0.5269110247467791,HOG8-ML02-H1-GPS-GradientEstimation-Escape-Specialist-Exploiter,Exploiter,0.5874517202006074
9768,0.5241620982417672,HOG8-ML02-H2-GPS-GradientEstimation-Escape-Specialist-Exploiter,Exploiter,0.5217060140908941
9778,0.5194203683364383,HOG8-ML02-H2-GPS-GradientEstimation-Escape-Specialist-Exploiter,Exploiter,0.9046304418488764
9787,0.5138149449502174,HOG8-ML02-H2-GPS-GradientEstimation-Escape-Specialist-Exploiter,Exploiter,1.0791689598491456
9798,0.5082728659493666,HOG8-ML02-H2-GPS-GradientEstimation-Escape-Specialist-Exploiter,Exploiter,1.078613819103249
9808,0.5040661104589007,HOG8-ML02-H1-GPS-GradientEstimation-Escape-Specialist-Exploiter,Exploiter,0.8276569087764302
9809,0.5016488395372067,HOG8-ML02-H2-GPS-GradientEstimation-Escape-Specialist-Refiner,Refiner,0.47955434248362616
9821,0.4966354442391661,HOG8-ML02-H2-GPS-GradientEstimation-Escape-Specialist-Exploiter,Exploiter,0.9993834138369986
9831,0.49177168219633105,HOG8-ML02-H2-GPS-GradientEstimation-Escape-Specialist-Exploiter,Exploiter,0.9793425135586592
9840,0.48530249280421334,HOG8-ML02-H2-GPS-GradientEstimation-Escape-Specialist-Exploiter,Exploiter,1.3154863580646365
9851,0.4794275004206699,HOG8-ML02-H2-GPS-GradientEstimation-Escape-Specialist-Exploiter,Exploiter,1.2105835990242078
9863,0.4742367531596178,HOG8-ML02-H2-GPS-GradientEstimation-Escape-Specialist-Exploiter,Exploiter,1.0826970201954496
9877,0.46819789732299844,HOG8-ML02-H1-GPS-GradientEstimation-Escape-Specialist-Exploiter,Exploiter,1.2733841897291311
9887,0.46394294423179727,HOG8-ML02-H2-GPS-GradientEstimation-Escape-Specialist-Exploiter,Exploiter,0.9087937206744383
9892,0.462717293063564,HOG8-ML02-H1-GPS-GradientEstimation-Escape-Specialist-Refiner,Refiner,0.2641814437468607
9898,0.45821101723954205,HOG8-ML02-H2-GPS-GradientEstimation-Escape-Specialist-Exploiter,Exploiter,0.9738723604183372
9899,0.457493047715371,HOG8-ML02-H1-GPS-GradientEstimation-Escape-Specialist-Refiner,Refiner,0.15668971219775082
9907,0.4526187624362432,HOG8-ML02-H2-GPS-GradientEstimation-Escape-Specialist-Exploiter,Exploiter,1.0654337379483727
9912,0.45160045813501903,HOG8-ML02-H1-GPS-GradientEstimation-Escape-Specialist-Refiner,Refiner,0.22498057653268905
9919,0.4480521854586229,HOG8-ML02-H2-GPS-GradientEstimation-Escape-Specialist-Exploiter,Exploiter,0.7857106015900599
9921,0.4460752860339444,HOG8-ML02-H1-GPS-GradientEstimation-Escape-Specialist-Refiner,Refiner,0.4412207972281067
9929,0.441587189709376,HOG8-ML02-H2-GPS-GradientEstimation-Escape-Specialist-Exploiter,Exploiter,1.0061297868510248
9938,0.4408892010682868,HOG8-ML02-H1-GPS-GradientEstimation-Escape-Specialist-Refiner,Refiner,0.15806360722297916
9941,0.43514163984283116,HOG8-ML02-H2-GPS-GradientEstimation-Escape-Specialist-Exploiter,Exploiter,1.3036293952151947
9947,0.43412700941319793,HOG8-ML02-H1-GPS-GradientEstimation-Escape-Specialist-Refiner,Refiner,0.23317245161821534
9951,0.43083619198984247,HOG8-ML02-H2-GPS-GradientEstimation-Escape-Specialist-Exploiter,Exploiter,0.7580310259441367
9957,0.4287784494234745,HOG8-ML02-H1-GPS-GradientEstimation-Escape-Specialist-Refiner,Refiner,0.47761599527286136
9967,0.42511083559486174,HOG8-ML02-H2-GPS-GradientEstimation-Escape-Specialist-Exploiter,Exploiter,0.8553633778806132
9981,0.42251154512762823,HOG8-ML02-H2-GPS-GradientEstimation-Escape-Specialist-Exploiter,Exploiter,0.6114383002249975
9989,0.4188647384933787,HOG8-ML02-H1-GPS-GradientEstimation-Escape-Specialist-Exploiter,Exploiter,0.8631259136712943
10031,0.4185180400526609,HOG8-ML04-H2-GPS-Sniper-Specialist-Refiner,Refiner,0.08277097804050526
10037,0.4179353060381693,HOG8-ML04-H2-GPS-Sniper-Specialist-Refiner,Refiner,0.13923749007767502
10000,0.4179353060381693,Final,Final,0
