TimeMs,BestQuality,Source,Role,DeltaPct
9,688172.1633166505,HOG8-ML00-H1-GPS-GradientEstimation-Escape-Specialist-Global Explorer,Global Explorer,100
10,644828.1320277917,HOG8-ML00-H1-GPS-GradientEstimation-Escape-Specialist-Local Explorer,Local Explorer,6.298428445574141
10,634077.9612848441,HOG8-ML04-H2-GPS-Sniper-Specialist-Exploiter,Exploiter,1.6671373671526295
10,561589.6429151802,HOG8-ML06-H1-GPS-Spray-Specialist-Local Explorer,Local Explorer,11.432082929168436
11,524471.0937501414,HOG8-ML05-H2-GPS-JADE-Specialist-Local Explorer,Local Explorer,6.609550164130244
14,42.26027344843835,HOG8-ML00-H1-GPS-GradientEstimation-Escape-Specialist-Global Explorer,Global Explorer,99.99194230645844
20,30.914060031739705,HOG8-ML00-H2-GPS-GradientEstimation-Escape-Specialist-Local Explorer,Local Explorer,26.84841457673512
22,30.449202365507194,HOG8-ML06-H2-GPS-Spray-Specialist-Exploiter,Exploiter,1.5037095281410409
26,27.986897003184378,HOG8-ML00-H1-GPS-GradientEstimation-Escape-Specialist-Local Explorer,Local Explorer,8.086600538055839
32,27.67791284254011,HOG8-ML01-H2-GPS-GradientEstimation-Escape-Specialist-Exploiter,Exploiter,1.104031506633664
37,26.890276062061094,HOG8-ML00-H1-GPS-GradientEstimation-Escape-Specialist-Exploiter,Exploiter,2.845723176309891
37,26.44316780649334,HOG8-ML00-H1-GPS-GradientEstimation-Escape-Specialist-Exploiter,Exploiter,1.6627135196970728
45,25.866723185504792,HOG8-ML00-H1-GPS-GradientEstimation-Escape-Specialist-Exploiter,Exploiter,2.1799378395465747
50,25.58322606359707,HOG8-ML00-H1-GPS-GradientEstimation-Escape-Specialist-Exploiter,Exploiter,1.0959916332447865
56,25.200566427938437,HOG8-ML00-H1-GPS-GradientEstimation-Escape-Specialist-Exploiter,Exploiter,1.4957442611318215
61,24.88667260523399,HOG8-ML00-H1-GPS-GradientEstimation-Escape-Specialist-Exploiter,Exploiter,1.2455824102288857
67,24.630122061525,HOG8-ML00-H1-GPS-GradientEstimation-Escape-Specialist-Exploiter,Exploiter,1.030875231006309
71,24.58160884313326,HOG8-ML00-H1-GPS-GradientEstimation-Escape-Specialist-Refiner,Refiner,0.19696702383591969
76,24.373670581166348,HOG8-ML01-H2-GPS-GradientEstimation-Escape-Specialist-Exploiter,Exploiter,0.8459098966787074
81,24.35254878190655,HOG8-ML00-H1-GPS-GradientEstimation-Escape-Specialist-Refiner,Refiner,0.08665826178893075
87,24.15158525978374,HOG8-ML00-H1-GPS-GradientEstimation-Escape-Specialist-Exploiter,Exploiter,0.8252258271714071
87,24.03379664047282,HOG8-ML01-H2-GPS-GradientEstimation-Escape-Specialist-Refiner,Refiner,0.487705540004691
97,23.878856594962244,HOG8-ML00-H1-GPS-GradientEstimation-Escape-Specialist-Exploiter,Exploiter,0.6446756949322617
101,23.765878380265384,HOG8-ML00-H1-GPS-GradientEstimation-Escape-Specialist-Refiner,Refiner,0.47313075585325387
105,23.578433401509812,HOG8-ML00-H1-GPS-GradientEstimation-Escape-Specialist-Exploiter,Exploiter,0.7887147100408529
111,23.540648503260655,HOG8-ML00-H1-GPS-GradientEstimation-Escape-Specialist-Refiner,Refiner,0.16025194552042457
120,23.32901282541494,HOG8-ML01-H2-GPS-GradientEstimation-Escape-Specialist-Exploiter,Exploiter,0.8990222925099224
120,23.32517128276097,HOG8-ML00-H1-GPS-GradientEstimation-Escape-Specialist-Polisher,Polisher,0.01646680330075635
122,23.309995716932352,HOG8-ML00-H1-GPS-GradientEstimation-Escape-Specialist-Refiner,Refiner,0.06506089770853206
131,23.056287729383325,HOG8-ML00-H1-GPS-GradientEstimation-Escape-Specialist-Exploiter,Exploiter,1.0884085549819926
134,23.055653311362285,HOG8-ML00-H1-GPS-GradientEstimation-Escape-Specialist-Polisher,Polisher,0.0027516052388229582
141,22.837709396439823,HOG8-ML00-H1-GPS-GradientEstimation-Escape-Specialist-Exploiter,Exploiter,0.9452949000367482
150,22.63259535377868,HOG8-ML00-H1-GPS-GradientEstimation-Escape-Specialist-Exploiter,Exploiter,0.8981375456731192
158,22.62608290541145,HOG8-ML00-H1-GPS-GradientEstimation-Escape-Specialist-Polisher,Polisher,0.028774642348480057
160,22.421166565417643,HOG8-ML00-H1-GPS-GradientEstimation-Escape-Specialist-Exploiter,Exploiter,0.905664232074384
171,22.165529910473445,HOG8-ML00-H1-GPS-GradientEstimation-Escape-Specialist-Exploiter,Exploiter,1.1401576907175335
182,21.93661807538476,HOG8-ML00-H1-GPS-GradientEstimation-Escape-Specialist-Exploiter,Exploiter,1.0327379314334428
194,21.723683592326513,HOG8-ML00-H1-GPS-GradientEstimation-Escape-Specialist-Exploiter,Exploiter,0.9706805412142521
207,21.543018500831135,HOG8-ML00-H1-GPS-GradientEstimation-Escape-Specialist-Exploiter,Exploiter,0.8316503539905836
207,21.49911484878579,HOG8-ML01-H2-GPS-GradientEstimation-Escape-Specialist-Refiner,Refiner,0.20379526686870908
216,21.288854904859697,HOG8-ML00-H1-GPS-GradientEstimation-Escape-Specialist-Exploiter,Exploiter,0.9779934913830575
221,21.26448880313744,HOG8-ML01-H2-GPS-GradientEstimation-Escape-Specialist-Refiner,Refiner,0.11445473150693364
231,21.064410378741645,HOG8-ML00-H1-GPS-GradientEstimation-Escape-Specialist-Exploiter,Exploiter,0.9409039937337887
231,21.033408391053385,HOG8-ML01-H2-GPS-GradientEstimation-Escape-Specialist-Refiner,Refiner,0.1471770969651604
239,20.86188886725443,HOG8-ML00-H1-GPS-GradientEstimation-Escape-Specialist-Exploiter,Exploiter,0.8154623378677536
241,20.837364262192978,HOG8-ML01-H2-GPS-GradientEstimation-Escape-Specialist-Refiner,Refiner,0.1175569729927277
251,20.640489263675562,HOG8-ML00-H1-GPS-GradientEstimation-Escape-Specialist-Exploiter,Exploiter,0.9448171853223436
254,20.609782530759983,HOG8-ML01-H2-GPS-GradientEstimation-Escape-Specialist-Refiner,Refiner,0.1487694042680417
261,20.418442899168422,HOG8-ML00-H1-GPS-GradientEstimation-Escape-Specialist-Exploiter,Exploiter,0.9283922880117111
267,20.415632955958564,HOG8-ML01-H2-GPS-GradientEstimation-Escape-Specialist-Polisher,Polisher,0.013761789886398607
272,20.219914451092556,HOG8-ML00-H1-GPS-GradientEstimation-Escape-Specialist-Exploiter,Exploiter,0.9586697864730419
277,20.219521054605355,HOG8-ML01-H2-GPS-GradientEstimation-Escape-Specialist-Polisher,Polisher,0.001945589276120315
284,20.024718079903863,HOG8-ML00-H1-GPS-GradientEstimation-Escape-Specialist-Exploiter,Exploiter,0.963440104122161
297,19.87521586274625,HOG8-ML00-H1-GPS-GradientEstimation-Escape-Specialist-Exploiter,Exploiter,0.7465883742335928
306,19.724127783989598,HOG8-ML00-H1-GPS-GradientEstimation-Escape-Specialist-Exploiter,Exploiter,0.7601833348630314
306,19.653624003593446,HOG8-ML00-H1-GPS-GradientEstimation-Escape-Specialist-Refiner,Refiner,0.35744942016336345
316,19.54365207242214,HOG8-ML01-H2-GPS-GradientEstimation-Escape-Specialist-Exploiter,Exploiter,0.5595503971745774
317,19.46209036514275,HOG8-ML00-H1-GPS-GradientEstimation-Escape-Specialist-Refiner,Refiner,0.4173309419199199
327,19.324125986338604,HOG8-ML01-H2-GPS-GradientEstimation-Escape-Specialist-Exploiter,Exploiter,0.7088877721544463
329,19.244898144466397,HOG8-ML00-H1-GPS-GradientEstimation-Escape-Specialist-Refiner,Refiner,0.4099944387043324
340,19.0210701761729,HOG8-ML00-H1-GPS-GradientEstimation-Escape-Specialist-Exploiter,Exploiter,1.1630509375174705
350,18.918624232593483,HOG8-ML01-H2-GPS-GradientEstimation-Escape-Specialist-Exploiter,Exploiter,0.5385919016677925
351,18.90656165749176,HOG8-ML00-H1-GPS-GradientEstimation-Escape-Specialist-Refiner,Refiner,0.06376031868607665
356,18.83763365892137,HOG8-ML00-H1-GPS-GradientEstimation-Escape-Specialist-Refiner,Refiner,0.36457183394357895
361,18.698482491232784,HOG8-ML01-H2-GPS-GradientEstimation-Escape-Specialist-Exploiter,Exploiter,0.7386870888779803
366,18.620518144860387,HOG8-ML00-H1-GPS-GradientEstimation-Escape-Specialist-Refiner,Refiner,0.4169554743758084
375,18.395103654577387,HOG8-ML00-H1-GPS-GradientEstimation-Escape-Specialist-Exploiter,Exploiter,1.2105704499163965
386,18.21686174181821,HOG8-ML00-H1-GPS-GradientEstimation-Escape-Specialist-Exploiter,Exploiter,0.9689638944482019
397,18.0318311472836,HOG8-ML00-H1-GPS-GradientEstimation-Escape-Specialist-Exploiter,Exploiter,1.0157105936082138
407,17.929166392547632,HOG8-ML01-H2-GPS-GradientEstimation-Escape-Specialist-Exploiter,Exploiter,0.5693529065207257
410,17.81443039153928,HOG8-ML00-H1-GPS-GradientEstimation-Escape-Specialist-Exploiter,Exploiter,0.6399405220314306
416,17.755712673531047,HOG8-ML01-H2-GPS-GradientEstimation-Escape-Specialist-Refiner,Refiner,0.32960760865034056
420,17.645360066451584,HOG8-ML00-H1-GPS-GradientEstimation-Escape-Specialist-Exploiter,Exploiter,0.6215048030371022
420,17.532021305032888,HOG8-ML02-H2-GPS-GradientEstimation-Escape-Specialist-Exploiter,Exploiter,0.6423148124598617
430,17.44937278604152,HOG8-ML00-H1-GPS-GradientEstimation-Escape-Specialist-Refiner,Refiner,0.471414662082597
430,16.747044215384612,HOG8-ML02-H2-GPS-GradientEstimation-Escape-Specialist-Exploiter,Exploiter,4.024950233275595
441,15.95340972490234,HOG8-ML02-H2-GPS-GradientEstimation-Escape-Specialist-Exploiter,Exploiter,4.738952619192365
457,15.057232313933582,HOG8-ML02-H2-GPS-GradientEstimation-Escape-Specialist-Local Explorer,Local Explorer,5.617466274748005
464,14.172546661973222,HOG8-ML02-H2-GPS-GradientEstimation-Escape-Specialist-Local Explorer,Local Explorer,5.875486500541635
477,13.43915586707447,HOG8-ML02-H2-GPS-GradientEstimation-Escape-Specialist-Local Explorer,Local Explorer,5.1747283843244185
487,12.625677788961001,HOG8-ML02-H2-GPS-GradientEstimation-Escape-Specialist-Local Explorer,Local Explorer,6.053044448323323
501,11.86824710970373,HOG8-ML02-H2-GPS-GradientEstimation-Escape-Specialist-Local Explorer,Local Explorer,5.9991288540526035
524,11.116867556548543,HOG8-ML02-H2-GPS-GradientEstimation-Escape-Specialist-Local Explorer,Local Explorer,6.33100698199015
545,10.520059296234406,HOG8-ML02-H2-GPS-GradientEstimation-Escape-Specialist-Local Explorer,Local Explorer,5.368493033476678
560,9.921600834576706,HOG8-ML02-H2-GPS-GradientEstimation-Escape-Specialist-Local Explorer,Local Explorer,5.6887365822349905
565,9.21682633953574,HOG8-ML02-H2-GPS-GradientEstimation-Escape-Specialist-Local Explorer,Local Explorer,7.103435290249059
579,8.431433001090575,HOG8-ML02-H2-GPS-GradientEstimation-Escape-Specialist-Local Explorer,Local Explorer,8.521299084004715
590,7.813689418205959,HOG8-ML02-H2-GPS-GradientEstimation-Escape-Specialist-Local Explorer,Local Explorer,7.326673684114114
600,6.980894615832433,HOG8-ML02-H2-GPS-GradientEstimation-Escape-Specialist-Local Explorer,Local Explorer,10.65815081455768
609,6.046310896867258,HOG8-ML02-H2-GPS-GradientEstimation-Escape-Specialist-Local Explorer,Local Explorer,13.387735675676455
619,5.360908722786241,HOG8-ML02-H2-GPS-GradientEstimation-Escape-Specialist-Local Explorer,Local Explorer,11.33587382078121
630,4.94748273726581,HOG8-ML02-H2-GPS-GradientEstimation-Escape-Specialist-Local Explorer,Local Explorer,7.71186391895066
641,4.766273335757647,HOG8-ML02-H2-GPS-GradientEstimation-Escape-Specialist-Exploiter,Exploiter,3.6626585908677187
655,4.691034139824553,HOG8-ML02-H2-GPS-GradientEstimation-Escape-Specialist-Exploiter,Exploiter,1.5785749291513003
664,4.621992164813531,HOG8-ML02-H2-GPS-GradientEstimation-Escape-Specialist-Exploiter,Exploiter,1.4717858142384743
674,4.568633082014791,HOG8-ML02-H2-GPS-GradientEstimation-Escape-Specialist-Exploiter,Exploiter,1.1544606934852601
686,4.523562034260123,HOG8-ML02-H2-GPS-GradientEstimation-Escape-Specialist-Exploiter,Exploiter,0.9865324473549382
696,4.471081093027447,HOG8-ML02-H2-GPS-GradientEstimation-Escape-Specialist-Exploiter,Exploiter,1.1601684874707305
711,4.424546971127939,HOG8-ML02-H2-GPS-GradientEstimation-Escape-Specialist-Exploiter,Exploiter,1.040780091689158
719,4.389111089757372,HOG8-ML02-H2-GPS-GradientEstimation-Escape-Specialist-Exploiter,Exploiter,0.800892873367637
729,4.359239488451047,HOG8-ML02-H2-GPS-GradientEstimation-Escape-Specialist-Exploiter,Exploiter,0.6805843072879707
740,4.332726847875795,HOG8-ML02-H2-GPS-GradientEstimation-Escape-Specialist-Exploiter,Exploiter,0.6081941734445167
751,4.308374161051705,HOG8-ML02-H2-GPS-GradientEstimation-Escape-Specialist-Exploiter,Exploiter,0.5620637459762736
764,4.281728207861237,HOG8-ML02-H2-GPS-GradientEstimation-Escape-Specialist-Exploiter,Exploiter,0.6184688746708961
774,4.2626853470156245,HOG8-ML02-H2-GPS-GradientEstimation-Escape-Specialist-Refiner,Refiner,0.44474707223708715
784,4.244273814855547,HOG8-ML02-H2-GPS-GradientEstimation-Escape-Specialist-Refiner,Refiner,0.43192332206662887
796,4.228452669874551,HOG8-ML02-H2-GPS-GradientEstimation-Escape-Specialist-Refiner,Refiner,0.37276447446957256
805,4.212876090238155,HOG8-ML02-H2-GPS-GradientEstimation-Escape-Specialist-Refiner,Refiner,0.36837540472832464
820,4.199429278155757,HOG8-ML02-H2-GPS-GradientEstimation-Escape-Specialist-Refiner,Refiner,0.31918365967506274
829,4.185051285856238,HOG8-ML02-H2-GPS-GradientEstimation-Escape-Specialist-Refiner,Refiner,0.342379674645547
839,4.171926395176452,HOG8-ML02-H2-GPS-GradientEstimation-Escape-Specialist-Refiner,Refiner,0.3136136162570587
850,4.15856199468552,HOG8-ML02-H2-GPS-GradientEstimation-Escape-Specialist-Refiner,Refiner,0.3203412338813804
859,4.1494981012727,HOG8-ML02-H2-GPS-GradientEstimation-Escape-Specialist-Refiner,Refiner,0.21795739547477555
870,4.14102983278781,HOG8-ML02-H2-GPS-GradientEstimation-Escape-Specialist-Refiner,Refiner,0.20407934353055135
881,4.1324158655452585,HOG8-ML02-H2-GPS-GradientEstimation-Escape-Specialist-Refiner,Refiner,0.2080150974607276
894,4.124892418578519,HOG8-ML02-H2-GPS-GradientEstimation-Escape-Specialist-Refiner,Refiner,0.18205928956635703
904,4.118252391441442,HOG8-ML02-H2-GPS-GradientEstimation-Escape-Specialist-Refiner,Refiner,0.16097455311005845
916,4.110011938083274,HOG8-ML02-H2-GPS-GradientEstimation-Escape-Specialist-Refiner,Refiner,0.20009587987596442
924,4.104057603499553,HOG8-ML02-H2-GPS-GradientEstimation-Escape-Specialist-Refiner,Refiner,0.14487389996483727
936,4.097182902211515,HOG8-ML02-H2-GPS-GradientEstimation-Escape-Specialist-Refiner,Refiner,0.1675098634623244
950,4.0907635533713815,HOG8-ML02-H2-GPS-GradientEstimation-Escape-Specialist-Refiner,Refiner,0.15667713629940475
960,4.085890702621891,HOG8-ML02-H2-GPS-GradientEstimation-Escape-Specialist-Refiner,Refiner,0.11911836716825741
970,4.080579450785814,HOG8-ML02-H2-GPS-GradientEstimation-Escape-Specialist-Refiner,Refiner,0.12999006147347433
980,4.076170376415743,HOG8-ML02-H2-GPS-GradientEstimation-Escape-Specialist-Refiner,Refiner,0.10805020275298897
990,4.072291822057985,HOG8-ML02-H2-GPS-GradientEstimation-Escape-Specialist-Refiner,Refiner,0.09515191956153411
1004,4.068250926338132,HOG8-ML02-H2-GPS-GradientEstimation-Escape-Specialist-Refiner,Refiner,0.09922903113094333
1020,4.064056702363867,HOG8-ML02-H2-GPS-GradientEstimation-Escape-Specialist-Refiner,Refiner,0.1030964915932607
1030,4.060547046894181,HOG8-ML02-H2-GPS-GradientEstimation-Escape-Specialist-Refiner,Refiner,0.08635842771694931
1041,4.057374529623442,HOG8-ML02-H2-GPS-GradientEstimation-Escape-Specialist-Refiner,Refiner,0.07813029215275324
1055,4.0538514995223185,HOG8-ML02-H2-GPS-GradientEstimation-Escape-Specialist-Refiner,Refiner,0.08683029075579879
1061,4.0509138806265526,HOG8-ML02-H2-GPS-GradientEstimation-Escape-Specialist-Refiner,Refiner,0.0724648866913869
1075,4.048380068346672,HOG8-ML02-H2-GPS-GradientEstimation-Escape-Specialist-Refiner,Refiner,0.06254915198267463
1086,4.045767506543913,HOG8-ML02-H2-GPS-GradientEstimation-Escape-Specialist-Refiner,Refiner,0.06453351114896655
1099,4.0432661787735915,HOG8-ML02-H2-GPS-GradientEstimation-Escape-Specialist-Refiner,Refiner,0.06182579118241005
1110,4.041417973720536,HOG8-ML02-H2-GPS-GradientEstimation-Escape-Specialist-Polisher,Polisher,0.04571069455575329
1121,4.038805977560422,HOG8-ML02-H2-GPS-GradientEstimation-Escape-Specialist-Refiner,Refiner,0.06463068598939564
1136,4.037068334795147,HOG8-ML02-H2-GPS-GradientEstimation-Escape-Specialist-Polisher,Polisher,0.04302367518839568
1147,4.035478717713548,HOG8-ML02-H2-GPS-GradientEstimation-Escape-Specialist-Polisher,Polisher,0.039375530701287395
1161,4.03394780235695,HOG8-ML02-H2-GPS-GradientEstimation-Escape-Specialist-Polisher,Polisher,0.037936400206437904
1175,4.032161834077691,HOG8-ML02-H2-GPS-GradientEstimation-Escape-Specialist-Polisher,Polisher,0.04427346031140664
1181,4.03036905771732,HOG8-ML02-H2-GPS-GradientEstimation-Escape-Specialist-Polisher,Polisher,0.044461914827403005
1195,4.028653294571515,HOG8-ML02-H2-GPS-GradientEstimation-Escape-Specialist-Polisher,Polisher,0.04257086934805131
1206,4.0267853529231115,HOG8-ML02-H2-GPS-GradientEstimation-Escape-Specialist-Polisher,Polisher,0.0463664036545545
1215,4.02533506541944,HOG8-ML02-H2-GPS-GradientEstimation-Escape-Specialist-Polisher,Polisher,0.03601601219242843
1230,4.023526617924697,HOG8-ML02-H2-GPS-GradientEstimation-Escape-Specialist-Polisher,Polisher,0.04492663257473774
1240,4.021839820998606,HOG8-ML02-H2-GPS-GradientEstimation-Escape-Specialist-Polisher,Polisher,0.041923344525077025
1250,4.020316841396207,HOG8-ML02-H2-GPS-GradientEstimation-Escape-Specialist-Polisher,Polisher,0.037867733927320554
1260,4.01912777411483,HOG8-ML02-H2-GPS-GradientEstimation-Escape-Specialist-Polisher,Polisher,0.02957645698800377
1265,4.012829696054279,HOG8-ML00-H1-GPS-GradientEstimation-Escape-Specialist-Refiner,Refiner,0.1567026084891798
1271,3.9446310783527743,HOG8-ML01-H2-GPS-GradientEstimation-Escape-Specialist-Exploiter,Exploiter,1.699514379306027
1275,3.7963765916248184,HOG8-ML00-H1-GPS-GradientEstimation-Escape-Specialist-Exploiter,Exploiter,3.7583866217944246
1281,3.7345422499195773,HOG8-ML01-H2-GPS-GradientEstimation-Escape-Specialist-Exploiter,Exploiter,1.6287725996850213
1286,3.6258299622450547,HOG8-ML00-H1-GPS-GradientEstimation-Escape-Specialist-Exploiter,Exploiter,2.9109936479327194
1292,3.558527108603384,HOG8-ML01-H2-GPS-GradientEstimation-Escape-Specialist-Exploiter,Exploiter,1.856205457577444
1302,3.4401934307219633,HOG8-ML00-H1-GPS-GradientEstimation-Escape-Specialist-Exploiter,Exploiter,3.3253555268787323
1302,3.3818794894793545,HOG8-ML01-H2-GPS-GradientEstimation-Escape-Specialist-Exploiter,Exploiter,1.6950773965744994
1310,3.3047377761671846,HOG8-ML00-H1-GPS-GradientEstimation-Escape-Specialist-Exploiter,Exploiter,2.2810308159160924
1315,3.2507734536445754,HOG8-ML01-H2-GPS-GradientEstimation-Escape-Specialist-Exploiter,Exploiter,1.632938108184689
1321,3.1007907747838845,HOG8-ML00-H1-GPS-GradientEstimation-Escape-Specialist-Exploiter,Exploiter,4.6137536496903255
1325,3.0710750660387847,HOG8-ML01-H2-GPS-GradientEstimation-Escape-Specialist-Exploiter,Exploiter,0.9583267915640317
1334,2.8845323797256572,HOG8-ML00-H1-GPS-GradientEstimation-Escape-Specialist-Local Explorer,Local Explorer,6.07418191681452
1341,2.8611253890200397,HOG8-ML01-H2-GPS-GradientEstimation-Escape-Specialist-Exploiter,Exploiter,0.8114656944098433
1345,2.713524567880545,HOG8-ML00-H1-GPS-GradientEstimation-Escape-Specialist-Local Explorer,Local Explorer,5.158837907137281
1350,2.687398630024963,HOG8-ML01-H2-GPS-GradientEstimation-Escape-Specialist-Exploiter,Exploiter,0.9628045444964681
1356,2.5384363704393285,HOG8-ML00-H1-GPS-GradientEstimation-Escape-Specialist-Local Explorer,Local Explorer,5.542990828429896
1361,2.512789859850793,HOG8-ML01-H2-GPS-GradientEstimation-Escape-Specialist-Exploiter,Exploiter,1.0103271008560617
1364,2.363298567119646,HOG8-ML00-H1-GPS-GradientEstimation-Escape-Specialist-Local Explorer,Local Explorer,5.949215854445695
1370,2.3442057181519735,HOG8-ML01-H2-GPS-GradientEstimation-Escape-Specialist-Exploiter,Exploiter,0.8078898380978736
1376,2.1957358926950947,HOG8-ML00-H1-GPS-GradientEstimation-Escape-Specialist-Local Explorer,Local Explorer,6.333481072383153
1379,2.170111698568081,HOG8-ML01-H2-GPS-GradientEstimation-Escape-Specialist-Exploiter,Exploiter,1.166998007923529
1386,2.023177734520825,HOG8-ML00-H1-GPS-GradientEstimation-Escape-Specialist-Local Explorer,Local Explorer,6.770801896704598
1390,2.004763031368126,HOG8-ML01-H2-GPS-GradientEstimation-Escape-Specialist-Exploiter,Exploiter,0.9101871199200646
1395,1.862981712063986,HOG8-ML00-H1-GPS-GradientEstimation-Escape-Specialist-Local Explorer,Local Explorer,7.072223354367376
1405,1.8023316555217646,HOG8-ML01-H2-GPS-GradientEstimation-Escape-Specialist-Exploiter,Exploiter,3.2555368713215986
1409,1.6940336631370885,HOG8-ML00-H1-GPS-GradientEstimation-Escape-Specialist-Local Explorer,Local Explorer,6.00877158501244
1415,1.6454598083016563,HOG8-ML01-H2-GPS-GradientEstimation-Escape-Specialist-Exploiter,Exploiter,2.8673488545369827
1421,1.542377467750164,HOG8-ML00-H1-GPS-GradientEstimation-Escape-Specialist-Local Explorer,Local Explorer,6.264652593240036
1425,1.4939958919368088,HOG8-ML01-H2-GPS-GradientEstimation-Escape-Specialist-Exploiter,Exploiter,3.136818115213294
1431,1.4304415937586654,HOG8-ML00-H1-GPS-GradientEstimation-Escape-Specialist-Exploiter,Exploiter,4.253980785432543
1435,1.355985018547496,HOG8-ML01-H2-GPS-GradientEstimation-Escape-Specialist-Local Explorer,Local Explorer,5.205146126625514
1440,1.260199362422338,HOG8-ML00-H1-GPS-GradientEstimation-Escape-Specialist-Local Explorer,Local Explorer,7.063916991336798
1445,1.1941639730302667,HOG8-ML01-H2-GPS-GradientEstimation-Escape-Specialist-Local Explorer,Local Explorer,5.24007481365004
1450,1.1136912546589972,HOG8-ML00-H1-GPS-GradientEstimation-Escape-Specialist-Local Explorer,Local Explorer,6.738833207893959
1460,0.9862595850637723,HOG8-ML00-H1-GPS-GradientEstimation-Escape-Specialist-Local Explorer,Local Explorer,11.44227981158417
1470,0.9300275187778823,HOG8-ML01-H2-GPS-GradientEstimation-Escape-Specialist-Local Explorer,Local Explorer,5.701548267564269
1470,0.8885798211584204,HOG8-ML00-H1-GPS-GradientEstimation-Escape-Specialist-Exploiter,Exploiter,4.456609808054593
1481,0.8023411717577915,HOG8-ML00-H1-GPS-GradientEstimation-Escape-Specialist-Local Explorer,Local Explorer,9.705222575075089
1490,0.7759283854060263,HOG8-ML01-H2-GPS-GradientEstimation-Escape-Specialist-Exploiter,Exploiter,3.291964476146647
1495,0.7287553574448915,HOG8-ML00-H1-GPS-GradientEstimation-Escape-Specialist-Local Explorer,Local Explorer,6.079559511983848
1500,0.7033433108393752,HOG8-ML01-H2-GPS-GradientEstimation-Escape-Specialist-Exploiter,Exploiter,3.4870476554181606
1505,0.6681969531528068,HOG8-ML00-H1-GPS-GradientEstimation-Escape-Specialist-Exploiter,Exploiter,4.9970415791151055
1520,0.6073497207192181,HOG8-ML00-H1-GPS-GradientEstimation-Escape-Specialist-Local Explorer,Local Explorer,9.106182263550942
1530,0.5567437110663311,HOG8-ML00-H1-GPS-GradientEstimation-Escape-Specialist-Local Explorer,Local Explorer,8.332268531046624
1536,0.550166357937409,HOG8-ML01-H2-GPS-GradientEstimation-Escape-Specialist-Exploiter,Exploiter,1.1813969333078869
1541,0.5055971082849658,HOG8-ML00-H1-GPS-GradientEstimation-Escape-Specialist-Local Explorer,Local Explorer,8.1010496206156
1551,0.4606509594680966,HOG8-ML00-H1-GPS-GradientEstimation-Escape-Specialist-Local Explorer,Local Explorer,8.889716353270083
1561,0.42432196919773046,HOG8-ML00-H1-GPS-GradientEstimation-Escape-Specialist-Local Explorer,Local Explorer,7.886446239537719
1575,0.38845246356396823,HOG8-ML00-H1-GPS-GradientEstimation-Escape-Specialist-Local Explorer,Local Explorer,8.453369902477839
1586,0.36278835894484995,HOG8-ML00-H1-GPS-GradientEstimation-Escape-Specialist-Local Explorer,Local Explorer,6.606755530304946
1595,0.33691105298864765,HOG8-ML00-H1-GPS-GradientEstimation-Escape-Specialist-Local Explorer,Local Explorer,7.132893136776778
1610,0.31511210697219705,HOG8-ML00-H1-GPS-GradientEstimation-Escape-Specialist-Local Explorer,Local Explorer,6.470237714992725
1620,0.29252214947958155,HOG8-ML00-H1-GPS-GradientEstimation-Escape-Specialist-Local Explorer,Local Explorer,7.168863713195462
1630,0.2738862477284146,HOG8-ML00-H1-GPS-GradientEstimation-Escape-Specialist-Local Explorer,Local Explorer,6.370766037485234
1640,0.2583840942322413,HOG8-ML00-H1-GPS-GradientEstimation-Escape-Specialist-Local Explorer,Local Explorer,5.660070056363404
1654,0.24391103254131888,HOG8-ML00-H1-GPS-GradientEstimation-Escape-Specialist-Local Explorer,Local Explorer,5.601374857816792
1661,0.23479112282620884,HOG8-ML00-H1-GPS-GradientEstimation-Escape-Specialist-Exploiter,Exploiter,3.7390312443391056
1665,0.2329466279623426,HOG8-ML01-H2-GPS-GradientEstimation-Escape-Specialist-Exploiter,Exploiter,0.7855896942200477
1671,0.21967185127852146,HOG8-ML00-H1-GPS-GradientEstimation-Escape-Specialist-Local Explorer,Local Explorer,5.698634403914665
1679,0.21811306958541715,HOG8-ML01-H2-GPS-GradientEstimation-Escape-Specialist-Exploiter,Exploiter,0.7095955553849862
1681,0.20587792868167426,HOG8-ML00-H1-GPS-GradientEstimation-Escape-Specialist-Local Explorer,Local Explorer,5.609540467702868
1690,0.20394561771332098,HOG8-ML01-H2-GPS-GradientEstimation-Escape-Specialist-Exploiter,Exploiter,0.9385712109727862
1694,0.19344208548225755,HOG8-ML00-H1-GPS-GradientEstimation-Escape-Specialist-Local Explorer,Local Explorer,5.150163239019857
1706,0.18086736479247448,HOG8-ML00-H1-GPS-GradientEstimation-Escape-Specialist-Local Explorer,Local Explorer,6.500509265310017
1716,0.1704422725268533,HOG8-ML00-H1-GPS-GradientEstimation-Escape-Specialist-Local Explorer,Local Explorer,5.76394325067037
1725,0.1621638088135935,HOG8-ML00-H1-GPS-GradientEstimation-Escape-Specialist-Exploiter,Exploiter,4.857048424976568
1738,0.1560007390835224,HOG8-ML00-H1-GPS-GradientEstimation-Escape-Specialist-Exploiter,Exploiter,3.8005210750541134
1755,0.15013953434184635,HOG8-ML00-H1-GPS-GradientEstimation-Escape-Specialist-Exploiter,Exploiter,3.7571647263401666
1766,0.145717565908175,HOG8-ML00-H1-GPS-GradientEstimation-Escape-Specialist-Exploiter,Exploiter,2.94523920901683
1776,0.14361829894658878,HOG8-ML00-H1-GPS-GradientEstimation-Escape-Specialist-Exploiter,Exploiter,1.4406409745473545
1793,0.13933917902922915,HOG8-ML00-H1-GPS-GradientEstimation-Escape-Specialist-Exploiter,Exploiter,2.9795088430555934
1800,0.13419354239898051,HOG8-ML00-H1-GPS-GradientEstimation-Escape-Specialist-Exploiter,Exploiter,3.692885709603069
1810,0.12841704567950146,HOG8-ML00-H1-GPS-GradientEstimation-Escape-Specialist-Exploiter,Exploiter,4.3046011128497765
1821,0.12568117607358192,HOG8-ML01-H2-GPS-GradientEstimation-Escape-Specialist-Exploiter,Exploiter,2.1304567407255433
1821,0.122921230178099,HOG8-ML00-H1-GPS-GradientEstimation-Escape-Specialist-Exploiter,Exploiter,2.195989870326382
1831,0.11794786643691843,HOG8-ML00-H1-GPS-GradientEstimation-Escape-Specialist-Exploiter,Exploiter,4.045976219058926
1845,0.11170558415789665,HOG8-ML00-H1-GPS-GradientEstimation-Escape-Specialist-Local Explorer,Local Explorer,5.292407965989206
1856,0.10698333872637736,HOG8-ML00-H1-GPS-GradientEstimation-Escape-Specialist-Exploiter,Exploiter,4.227403193061829
1867,0.10282166760992867,HOG8-ML00-H1-GPS-GradientEstimation-Escape-Specialist-Exploiter,Exploiter,3.8900179841018607
1874,0.09869988933421678,HOG8-ML00-H1-GPS-GradientEstimation-Escape-Specialist-Exploiter,Exploiter,4.008667016905961
1886,0.09396053578214589,HOG8-ML00-H1-GPS-GradientEstimation-Escape-Specialist-Exploiter,Exploiter,4.801782032422072
1896,0.09151202238624463,HOG8-ML01-H2-GPS-GradientEstimation-Escape-Specialist-Exploiter,Exploiter,2.60589552360398
1901,0.0897324672024011,HOG8-ML00-H1-GPS-GradientEstimation-Escape-Specialist-Exploiter,Exploiter,1.9446135463300773
1911,0.08744966056395018,HOG8-ML01-H2-GPS-GradientEstimation-Escape-Specialist-Exploiter,Exploiter,2.5440141228946898
1911,0.08573188315632854,HOG8-ML00-H1-GPS-GradientEstimation-Escape-Specialist-Exploiter,Exploiter,1.9643042597809266
1919,0.0824896728390263,HOG8-ML00-H1-GPS-GradientEstimation-Escape-Specialist-Exploiter,Exploiter,3.7818022863095155
1930,0.08155357386353088,HOG8-ML01-H2-GPS-GradientEstimation-Escape-Specialist-Exploiter,Exploiter,1.13480747744287
1930,0.07940369451255286,HOG8-ML00-H1-GPS-GradientEstimation-Escape-Specialist-Exploiter,Exploiter,2.636155902346544
1941,0.07919770299577555,HOG8-ML01-H2-GPS-GradientEstimation-Escape-Specialist-Refiner,Refiner,0.2594230886130104
1941,0.07723810201071858,HOG8-ML00-H1-GPS-GradientEstimation-Escape-Specialist-Exploiter,Exploiter,2.4743154295289327
1950,0.07573950673087666,HOG8-ML01-H2-GPS-GradientEstimation-Escape-Specialist-Exploiter,Exploiter,1.9402279973606211
1956,0.07408957785795348,HOG8-ML00-H1-GPS-GradientEstimation-Escape-Specialist-Exploiter,Exploiter,2.1784256910806654
1964,0.07082824041619482,HOG8-ML00-H1-GPS-GradientEstimation-Escape-Specialist-Exploiter,Exploiter,4.401884227240954
1975,0.06779399246644378,HOG8-ML00-H1-GPS-GradientEstimation-Escape-Specialist-Exploiter,Exploiter,4.283952180544716
1985,0.06707421206386557,HOG8-ML01-H2-GPS-GradientEstimation-Escape-Specialist-Exploiter,Exploiter,1.0617170878886977
1991,0.06507400099459469,HOG8-ML00-H1-GPS-GradientEstimation-Escape-Specialist-Exploiter,Exploiter,2.9820865690771825
2001,0.06299425361884459,HOG8-ML00-H1-GPS-GradientEstimation-Escape-Specialist-Exploiter,Exploiter,3.195972806286887
2010,0.06221533300028455,HOG8-ML01-H2-GPS-GradientEstimation-Escape-Specialist-Exploiter,Exploiter,1.2364947178722134
2021,0.05968513591876164,HOG8-ML00-H1-GPS-GradientEstimation-Escape-Specialist-Exploiter,Exploiter,4.066838445614898
2024,0.05940595200632867,HOG8-ML01-H2-GPS-GradientEstimation-Escape-Specialist-Refiner,Refiner,0.4677612074352537
2030,0.0574311440269131,HOG8-ML00-H1-GPS-GradientEstimation-Escape-Specialist-Exploiter,Exploiter,3.3242594600709205
2039,0.057138034904362006,HOG8-ML01-H2-GPS-GradientEstimation-Escape-Specialist-Exploiter,Exploiter,0.510366156755886
2045,0.05548271575265356,HOG8-ML00-H1-GPS-GradientEstimation-Escape-Specialist-Exploiter,Exploiter,2.8970529953981266
2050,0.05546476963568915,HOG8-ML01-H2-GPS-GradientEstimation-Escape-Specialist-Polisher,Polisher,0.03234541914713309
2054,0.05413049839231629,HOG8-ML00-H1-GPS-GradientEstimation-Escape-Specialist-Exploiter,Exploiter,2.405619372687913
2060,0.05356583917045797,HOG8-ML01-H2-GPS-GradientEstimation-Escape-Specialist-Exploiter,Exploiter,1.043144324602174
2065,0.052193974884989974,HOG8-ML00-H1-GPS-GradientEstimation-Escape-Specialist-Exploiter,Exploiter,2.561080544453772
2070,0.051554281661656716,HOG8-ML01-H2-GPS-GradientEstimation-Escape-Specialist-Exploiter,Exploiter,1.2256074091747748
2074,0.05052772612119493,HOG8-ML00-H1-GPS-GradientEstimation-Escape-Specialist-Exploiter,Exploiter,1.9912129650043815
2080,0.05003685900377306,HOG8-ML01-H2-GPS-GradientEstimation-Escape-Specialist-Exploiter,Exploiter,0.9714807198022022
2084,0.04894631299075216,HOG8-ML00-H1-GPS-GradientEstimation-Escape-Specialist-Exploiter,Exploiter,2.1794853528649116
2090,0.04844311137461953,HOG8-ML01-H2-GPS-GradientEstimation-Escape-Specialist-Exploiter,Exploiter,1.0280684803116975
2095,0.04754371826762319,HOG8-ML00-H1-GPS-GradientEstimation-Escape-Specialist-Exploiter,Exploiter,1.856596493237523
2104,0.04674840060097617,HOG8-ML01-H2-GPS-GradientEstimation-Escape-Specialist-Exploiter,Exploiter,1.6728133507989205
2110,0.045828787634283,HOG8-ML00-H1-GPS-GradientEstimation-Escape-Specialist-Exploiter,Exploiter,1.9671538595353941
2114,0.04508583327358115,HOG8-ML01-H2-GPS-GradientEstimation-Escape-Specialist-Exploiter,Exploiter,1.6211521165051894
2120,0.044453037903375014,HOG8-ML00-H1-GPS-GradientEstimation-Escape-Specialist-Exploiter,Exploiter,1.4035348229372369
2128,0.04382876511297441,HOG8-ML01-H2-GPS-GradientEstimation-Escape-Specialist-Exploiter,Exploiter,1.4043422448597254
2135,0.04348148916424216,HOG8-ML00-H1-GPS-GradientEstimation-Escape-Specialist-Exploiter,Exploiter,0.792347098616865
2139,0.042399933606071034,HOG8-ML01-H2-GPS-GradientEstimation-Escape-Specialist-Exploiter,Exploiter,2.4873930929223174
2143,0.04206200610102661,HOG8-ML00-H1-GPS-GradientEstimation-Escape-Specialist-Exploiter,Exploiter,0.7970000806700286
2150,0.0408239995535135,HOG8-ML01-H2-GPS-GradientEstimation-Escape-Specialist-Exploiter,Exploiter,2.9432893536737303
2155,0.04057482099260181,HOG8-ML00-H1-GPS-GradientEstimation-Escape-Specialist-Exploiter,Exploiter,0.6103727308370559
2166,0.0391777525387666,HOG8-ML00-H1-GPS-GradientEstimation-Escape-Specialist-Exploiter,Exploiter,3.443190677513889
2173,0.03842982076488024,HOG8-ML01-H2-GPS-GradientEstimation-Escape-Specialist-Exploiter,Exploiter,1.9090726890121517
2180,0.03791677276067973,HOG8-ML00-H1-GPS-GradientEstimation-Escape-Specialist-Exploiter,Exploiter,1.3350257534101433
2184,0.037200827736913716,HOG8-ML01-H2-GPS-GradientEstimation-Escape-Specialist-Exploiter,Exploiter,1.8882013727403995
2189,0.0366998892663845,HOG8-ML00-H1-GPS-GradientEstimation-Escape-Specialist-Exploiter,Exploiter,1.346578829030051
2199,0.0357049111816263,HOG8-ML00-H1-GPS-GradientEstimation-Escape-Specialist-Exploiter,Exploiter,2.7111201277371446
2210,0.03460596569557913,HOG8-ML00-H1-GPS-GradientEstimation-Escape-Specialist-Exploiter,Exploiter,3.07785525766183
2219,0.03410600624159771,HOG8-ML01-H2-GPS-GradientEstimation-Escape-Specialist-Exploiter,Exploiter,1.44472042300294
2224,0.03368840765774719,HOG8-ML00-H1-GPS-GradientEstimation-Escape-Specialist-Exploiter,Exploiter,1.224413614694041
2230,0.03307414519485717,HOG8-ML01-H2-GPS-GradientEstimation-Escape-Specialist-Exploiter,Exploiter,1.823364491223603
2231,0.0328466352749219,HOG8-ML00-H1-GPS-GradientEstimation-Escape-Specialist-Exploiter,Exploiter,0.6878784579159765
2240,0.032180019591359695,HOG8-ML01-H2-GPS-GradientEstimation-Escape-Specialist-Exploiter,Exploiter,2.029479360618581
2245,0.032006480002258,HOG8-ML00-H1-GPS-GradientEstimation-Escape-Specialist-Exploiter,Exploiter,0.5392774501240098
2255,0.031021524404994047,HOG8-ML00-H1-GPS-GradientEstimation-Escape-Specialist-Exploiter,Exploiter,3.0773630752099863
2265,0.03028389187436086,HOG8-ML00-H1-GPS-GradientEstimation-Escape-Specialist-Exploiter,Exploiter,2.3778087788440203
2276,0.02956862373944748,HOG8-ML00-H1-GPS-GradientEstimation-Escape-Specialist-Exploiter,Exploiter,2.3618765311962497
2287,0.0288454493119497,HOG8-ML01-H2-GPS-GradientEstimation-Escape-Specialist-Exploiter,Exploiter,2.4457493655106908
2290,0.028808844402067442,HOG8-ML00-H1-GPS-GradientEstimation-Escape-Specialist-Refiner,Refiner,0.1269001203149737
2297,0.028300557204599647,HOG8-ML01-H2-GPS-GradientEstimation-Escape-Specialist-Exploiter,Exploiter,1.764344276965578
2300,0.028145391545300498,HOG8-ML00-H1-GPS-GradientEstimation-Escape-Specialist-Exploiter,Exploiter,0.5482777536052539
2309,0.027523075686625535,HOG8-ML01-H2-GPS-GradientEstimation-Escape-Specialist-Exploiter,Exploiter,2.2110755065294954
2310,0.027351403367236113,HOG8-ML00-H1-GPS-GradientEstimation-Escape-Specialist-Exploiter,Exploiter,0.6237395898047986
2321,0.026791415575630737,HOG8-ML01-H2-GPS-GradientEstimation-Escape-Specialist-Exploiter,Exploiter,2.047382300961487
2324,0.02660725042695277,HOG8-ML00-H1-GPS-GradientEstimation-Escape-Specialist-Exploiter,Exploiter,0.6874035758135938
2331,0.026126428581650214,HOG8-ML01-H2-GPS-GradientEstimation-Escape-Specialist-Exploiter,Exploiter,1.8071083542532853
2335,0.0259636751426797,HOG8-ML00-H1-GPS-GradientEstimation-Escape-Specialist-Exploiter,Exploiter,0.6229456064455112
2340,0.02552383887299404,HOG8-ML01-H2-GPS-GradientEstimation-Escape-Specialist-Exploiter,Exploiter,1.6940447269833732
2344,0.02538410644187654,HOG8-ML00-H1-GPS-GradientEstimation-Escape-Specialist-Exploiter,Exploiter,0.5474585222575953
2354,0.0249456306001667,HOG8-ML01-H2-GPS-GradientEstimation-Escape-Specialist-Exploiter,Exploiter,1.7273637057654228
2361,0.024708871234778728,HOG8-ML00-H1-GPS-GradientEstimation-Escape-Specialist-Exploiter,Exploiter,0.9491015448067719
2365,0.024628437418099634,HOG8-ML01-H2-GPS-GradientEstimation-Escape-Specialist-Refiner,Refiner,0.3255260667912659
2370,0.024469507904436548,HOG8-ML00-H1-GPS-GradientEstimation-Escape-Specialist-Exploiter,Exploiter,0.6453089612022557
2380,0.024075396862537363,HOG8-ML00-H1-GPS-GradientEstimation-Escape-Specialist-Exploiter,Exploiter,1.6106210367545992
2390,0.023511772564617818,HOG8-ML00-H1-GPS-GradientEstimation-Escape-Specialist-Exploiter,Exploiter,2.341079987747058
2404,0.023115270101497186,HOG8-ML00-H1-GPS-GradientEstimation-Escape-Specialist-Exploiter,Exploiter,1.6863997047900894
2414,0.02261841304636709,HOG8-ML00-H1-GPS-GradientEstimation-Escape-Specialist-Exploiter,Exploiter,2.149475446094455
2430,0.02223913417907347,HOG8-ML00-H1-GPS-GradientEstimation-Escape-Specialist-Exploiter,Exploiter,1.6768588782781175
2440,0.021913386550526097,HOG8-ML01-H2-GPS-GradientEstimation-Escape-Specialist-Exploiter,Exploiter,1.464749598272998
2440,0.021691643295989535,HOG8-ML00-H1-GPS-GradientEstimation-Escape-Specialist-Exploiter,Exploiter,1.0119077397064322
2450,0.02126936424507976,HOG8-ML00-H1-GPS-GradientEstimation-Escape-Specialist-Exploiter,Exploiter,1.9467361008460211
2460,0.020812077219998584,HOG8-ML00-H1-GPS-GradientEstimation-Escape-Specialist-Exploiter,Exploiter,2.1499797540350154
2470,0.020397382358475158,HOG8-ML00-H1-GPS-GradientEstimation-Escape-Specialist-Exploiter,Exploiter,1.9925683397183453
2480,0.020003877407587647,HOG8-ML00-H1-GPS-GradientEstimation-Escape-Specialist-Exploiter,Exploiter,1.9291933836010497
2490,0.019593138141408003,HOG8-ML00-H1-GPS-GradientEstimation-Escape-Specialist-Exploiter,Exploiter,2.0532982571861167
2501,0.019220498916713638,HOG8-ML00-H1-GPS-GradientEstimation-Escape-Specialist-Exploiter,Exploiter,1.9018863747345893
2519,0.01862267686519855,HOG8-ML00-H1-GPS-GradientEstimation-Escape-Specialist-Exploiter,Exploiter,3.110335762383558
2531,0.018362558599733195,HOG8-ML00-H1-GPS-GradientEstimation-Escape-Specialist-Exploiter,Exploiter,1.3967823602817018
2545,0.017946318318978173,HOG8-ML00-H1-GPS-GradientEstimation-Escape-Specialist-Exploiter,Exploiter,2.266788032257496
2555,0.01755956712272816,HOG8-ML00-H1-GPS-GradientEstimation-Escape-Specialist-Exploiter,Exploiter,2.1550447806390784
2570,0.017161866802684268,HOG8-ML00-H1-GPS-GradientEstimation-Escape-Specialist-Exploiter,Exploiter,2.2648640326055056
2579,0.01687166339455832,HOG8-ML00-H1-GPS-GradientEstimation-Escape-Specialist-Exploiter,Exploiter,1.6909780938316026
2590,0.016523250334706713,HOG8-ML00-H1-GPS-GradientEstimation-Escape-Specialist-Exploiter,Exploiter,2.0650783014316185
2601,0.016215972041345082,HOG8-ML00-H1-GPS-GradientEstimation-Escape-Specialist-Exploiter,Exploiter,1.859672202122364
2610,0.015976183452201982,HOG8-ML00-H1-GPS-GradientEstimation-Escape-Specialist-Exploiter,Exploiter,1.4787185654472188
2624,0.015629546498055286,HOG8-ML00-H1-GPS-GradientEstimation-Escape-Specialist-Exploiter,Exploiter,2.1697106520075664
2635,0.0153813593049941,HOG8-ML00-H1-GPS-GradientEstimation-Escape-Specialist-Exploiter,Exploiter,1.5879359845281902
2646,0.015131897971989529,HOG8-ML00-H1-GPS-GradientEstimation-Escape-Specialist-Exploiter,Exploiter,1.6218419195472202
2655,0.014890578143887586,HOG8-ML00-H1-GPS-GradientEstimation-Escape-Specialist-Exploiter,Exploiter,1.5947756755209912
2665,0.014611245057995138,HOG8-ML00-H1-GPS-GradientEstimation-Escape-Specialist-Exploiter,Exploiter,1.8759049057279917
2681,0.014483302766724722,HOG8-ML01-H2-GPS-GradientEstimation-Escape-Specialist-Exploiter,Exploiter,0.8756426352619938
2681,0.014348268775151565,HOG8-ML00-H1-GPS-GradientEstimation-Escape-Specialist-Exploiter,Exploiter,0.9323425308997626
2690,0.014137162682228935,HOG8-ML00-H1-GPS-GradientEstimation-Escape-Specialist-Exploiter,Exploiter,1.4713001005962862
2699,0.013933073328950753,HOG8-ML00-H1-GPS-GradientEstimation-Escape-Specialist-Exploiter,Exploiter,1.4436372974241274
2711,0.013690445050014516,HOG8-ML00-H1-GPS-GradientEstimation-Escape-Specialist-Exploiter,Exploiter,1.7413837795003433
2726,0.013480650576457481,HOG8-ML00-H1-GPS-GradientEstimation-Escape-Specialist-Exploiter,Exploiter,1.53241529249491
2736,0.013268386419811016,HOG8-ML00-H1-GPS-GradientEstimation-Escape-Specialist-Exploiter,Exploiter,1.5745839226569809
2745,0.013086561796330724,HOG8-ML00-H1-GPS-GradientEstimation-Escape-Specialist-Exploiter,Exploiter,1.3703597236873513
2760,0.012945225437221514,HOG8-ML00-H1-GPS-GradientEstimation-Escape-Specialist-Exploiter,Exploiter,1.080011398783434
2770,0.012769024140715107,HOG8-ML00-H1-GPS-GradientEstimation-Escape-Specialist-Exploiter,Exploiter,1.361129609993303
2780,0.012568190448675133,HOG8-ML00-H1-GPS-GradientEstimation-Escape-Specialist-Exploiter,Exploiter,1.572819424779675
2790,0.012382618366921849,HOG8-ML00-H1-GPS-GradientEstimation-Escape-Specialist-Exploiter,Exploiter,1.4765218788743515
2805,0.01219764816792623,HOG8-ML00-H1-GPS-GradientEstimation-Escape-Specialist-Exploiter,Exploiter,1.4937890639489948
2815,0.012036788098740474,HOG8-ML00-H1-GPS-GradientEstimation-Escape-Specialist-Exploiter,Exploiter,1.318779382477508
2825,0.011887567495857548,HOG8-ML00-H1-GPS-GradientEstimation-Escape-Specialist-Exploiter,Exploiter,1.2397044930826733
2834,0.01173653953234186,HOG8-ML00-H1-GPS-GradientEstimation-Escape-Specialist-Exploiter,Exploiter,1.2704698717236789
2846,0.011630601481315155,HOG8-ML00-H1-GPS-GradientEstimation-Escape-Specialist-Exploiter,Exploiter,0.902634466784494
2856,0.01147664213881085,HOG8-ML00-H1-GPS-GradientEstimation-Escape-Specialist-Exploiter,Exploiter,1.3237435978839465
2867,0.01134957956449779,HOG8-ML00-H1-GPS-GradientEstimation-Escape-Specialist-Exploiter,Exploiter,1.1071406843241098
2875,0.01124669508683268,HOG8-ML00-H1-GPS-GradientEstimation-Escape-Specialist-Exploiter,Exploiter,0.9065047483075126
2887,0.011239037935487927,HOG8-ML00-H1-GPS-GradientEstimation-Escape-Specialist-Refiner,Refiner,0.06808356842284219
2887,0.011101691618391111,HOG8-ML00-H1-GPS-GradientEstimation-Escape-Specialist-Exploiter,Exploiter,1.2220469214997194
2895,0.011065288678069963,HOG8-ML01-H2-GPS-GradientEstimation-Escape-Specialist-Refiner,Refiner,0.32790444530852775
2902,0.01098004553480823,HOG8-ML00-H1-GPS-GradientEstimation-Escape-Specialist-Exploiter,Exploiter,0.7703652904300111
2909,0.010854097107336536,HOG8-ML00-H1-GPS-GradientEstimation-Escape-Specialist-Exploiter,Exploiter,1.1470665314858726
2920,0.010803422608572158,HOG8-ML01-H2-GPS-GradientEstimation-Escape-Specialist-Refiner,Refiner,0.4668697751941569
2920,0.010709653954903349,HOG8-ML00-H1-GPS-GradientEstimation-Escape-Specialist-Exploiter,Exploiter,0.8679532132197347
2930,0.010674067141452229,HOG8-ML01-H2-GPS-GradientEstimation-Escape-Specialist-Refiner,Refiner,0.33228723916729735
2930,0.010599093091824456,HOG8-ML00-H1-GPS-GradientEstimation-Escape-Specialist-Exploiter,Exploiter,0.7023943978824572
2940,0.010470590383221533,HOG8-ML00-H1-GPS-GradientEstimation-Escape-Specialist-Exploiter,Exploiter,1.212393433000824
2950,0.010460097091873217,HOG8-ML01-H2-GPS-GradientEstimation-Escape-Specialist-Refiner,Refiner,0.10021680692552366
2954,0.010370377482365207,HOG8-ML00-H1-GPS-GradientEstimation-Escape-Specialist-Exploiter,Exploiter,0.8577320910120071
2966,0.01025132858650855,HOG8-ML00-H1-GPS-GradientEstimation-Escape-Specialist-Exploiter,Exploiter,1.147970708482874
2976,0.010145024681320945,HOG8-ML00-H1-GPS-GradientEstimation-Escape-Specialist-Exploiter,Exploiter,1.036976859053264
2984,0.010050505005043113,HOG8-ML00-H1-GPS-GradientEstimation-Escape-Specialist-Exploiter,Exploiter,0.9316850303169968
2995,0.01003406828949428,HOG8-ML01-H2-GPS-GradientEstimation-Escape-Specialist-Refiner,Refiner,0.16354119062262087
3000,0.009547578865332083,HOG8-ML02-H2-GPS-GradientEstimation-Escape-Specialist-Exploiter,Exploiter,4.848376651687265
3014,0.009277217657942132,HOG8-ML02-H2-GPS-GradientEstimation-Escape-Specialist-Exploiter,Exploiter,2.8317253117609855
3029,0.008907842251273682,HOG8-ML02-H2-GPS-GradientEstimation-Escape-Specialist-Exploiter,Exploiter,3.9815321822511303
3040,0.008668150844552504,HOG8-ML02-H2-GPS-GradientEstimation-Escape-Specialist-Exploiter,Exploiter,2.690790877969417
3052,0.008400387599688138,HOG8-ML02-H2-GPS-GradientEstimation-Escape-Specialist-Exploiter,Exploiter,3.0890468990008557
3062,0.008115695913881029,HOG8-ML02-H2-GPS-GradientEstimation-Escape-Specialist-Exploiter,Exploiter,3.3890303563811535
3074,0.007892565034972314,HOG8-ML02-H2-GPS-GradientEstimation-Escape-Specialist-Exploiter,Exploiter,2.7493745610536444
3085,0.007657637683253984,HOG8-ML02-H2-GPS-GradientEstimation-Escape-Specialist-Exploiter,Exploiter,2.976565295025841
3097,0.007404742436550973,HOG8-ML02-H2-GPS-GradientEstimation-Escape-Specialist-Exploiter,Exploiter,3.3025230124957705
3105,0.007198076905494315,HOG8-ML02-H2-GPS-GradientEstimation-Escape-Specialist-Exploiter,Exploiter,2.7909887862746485
3119,0.007039441241617551,HOG8-ML02-H2-GPS-GradientEstimation-Escape-Specialist-Exploiter,Exploiter,2.203861753070144
3131,0.006842107896778237,HOG8-ML02-H2-GPS-GradientEstimation-Escape-Specialist-Exploiter,Exploiter,2.8032529580994163
3141,0.006621754894686883,HOG8-ML02-H2-GPS-GradientEstimation-Escape-Specialist-Exploiter,Exploiter,3.2205426370886636
3151,0.006451337950631323,HOG8-ML02-H2-GPS-GradientEstimation-Escape-Specialist-Exploiter,Exploiter,2.5735918463593066
3169,0.006270035912449341,HOG8-ML02-H2-GPS-GradientEstimation-Escape-Specialist-Exploiter,Exploiter,2.810301360266519
3176,0.006169690611139285,HOG8-ML02-H2-GPS-GradientEstimation-Escape-Specialist-Exploiter,Exploiter,1.6003943631457882
3185,0.005976413047508707,HOG8-ML02-H2-GPS-GradientEstimation-Escape-Specialist-Exploiter,Exploiter,3.1326945840950042
3195,0.005771805527389562,HOG8-ML02-H2-GPS-GradientEstimation-Escape-Specialist-Exploiter,Exploiter,3.423583987462784
3210,0.005685955712709117,HOG8-ML02-H2-GPS-GradientEstimation-Escape-Specialist-Exploiter,Exploiter,1.4873996407719052
3221,0.005565841212684738,HOG8-ML02-H2-GPS-GradientEstimation-Escape-Specialist-Exploiter,Exploiter,2.1124768832775405
3236,0.005479347731255345,HOG8-ML02-H2-GPS-GradientEstimation-Escape-Specialist-Exploiter,Exploiter,1.5540055514388613
3251,0.005359821035973513,HOG8-ML02-H2-GPS-GradientEstimation-Escape-Specialist-Exploiter,Exploiter,2.1814037207390005
3261,0.00519576808741048,HOG8-ML02-H2-GPS-GradientEstimation-Escape-Specialist-Exploiter,Exploiter,3.060791535052365
3270,0.005061300412364781,HOG8-ML02-H2-GPS-GradientEstimation-Escape-Specialist-Exploiter,Exploiter,2.588023036892636
3281,0.0049298607007012985,HOG8-ML02-H2-GPS-GradientEstimation-Escape-Specialist-Exploiter,Exploiter,2.596955346542449
3296,0.004800102335266386,HOG8-ML02-H2-GPS-GradientEstimation-Escape-Specialist-Exploiter,Exploiter,2.6320898969103395
3305,0.004655986435407751,HOG8-ML02-H2-GPS-GradientEstimation-Escape-Specialist-Exploiter,Exploiter,3.0023505707329443
3321,0.00451633462300151,HOG8-ML02-H2-GPS-GradientEstimation-Escape-Specialist-Exploiter,Exploiter,2.99940333468799
3332,0.00440103380947275,HOG8-ML02-H2-GPS-GradientEstimation-Escape-Specialist-Exploiter,Exploiter,2.552973221725823
3339,0.004289300599312191,HOG8-ML02-H2-GPS-GradientEstimation-Escape-Specialist-Exploiter,Exploiter,2.5387946332078775
3350,0.004162754917893563,HOG8-ML02-H2-GPS-GradientEstimation-Escape-Specialist-Exploiter,Exploiter,2.9502637665199023
3360,0.004063786608796107,HOG8-ML02-H2-GPS-GradientEstimation-Escape-Specialist-Exploiter,Exploiter,2.3774714353718314
3374,0.0039641482958857575,HOG8-ML02-H2-GPS-GradientEstimation-Escape-Specialist-Exploiter,Exploiter,2.451858881927545
3385,0.0038845292368677705,HOG8-ML02-H2-GPS-GradientEstimation-Escape-Specialist-Exploiter,Exploiter,2.008478318044275
3396,0.003775337822574197,HOG8-ML02-H2-GPS-GradientEstimation-Escape-Specialist-Exploiter,Exploiter,2.8109304277400273
3404,0.0036823875407706497,HOG8-ML02-H2-GPS-GradientEstimation-Escape-Specialist-Exploiter,Exploiter,2.462038794191123
3416,0.00359544715983873,HOG8-ML02-H2-GPS-GradientEstimation-Escape-Specialist-Exploiter,Exploiter,2.360978576245264
3425,0.003509641465965288,HOG8-ML02-H2-GPS-GradientEstimation-Escape-Specialist-Exploiter,Exploiter,2.386509662327801
3440,0.0034259721101423503,HOG8-ML02-H2-GPS-GradientEstimation-Escape-Specialist-Exploiter,Exploiter,2.383985846825678
3450,0.0033461687979831917,HOG8-ML02-H2-GPS-GradientEstimation-Escape-Specialist-Exploiter,Exploiter,2.3293625748705447
3460,0.003250959512800124,HOG8-ML02-H2-GPS-GradientEstimation-Escape-Specialist-Exploiter,Exploiter,2.8453222455619267
3470,0.0031798754422814207,HOG8-ML02-H2-GPS-GradientEstimation-Escape-Specialist-Exploiter,Exploiter,2.1865566224009014
3485,0.0031048581941051897,HOG8-ML02-H2-GPS-GradientEstimation-Escape-Specialist-Exploiter,Exploiter,2.359125366319677
3494,0.0030476817670917625,HOG8-ML02-H2-GPS-GradientEstimation-Escape-Specialist-Exploiter,Exploiter,1.8415149239981703
3506,0.002981244774866147,HOG8-ML02-H2-GPS-GradientEstimation-Escape-Specialist-Exploiter,Exploiter,2.1799189450482785
3516,0.0029093041651704274,HOG8-ML02-H2-GPS-GradientEstimation-Escape-Specialist-Exploiter,Exploiter,2.4131064413840235
3530,0.002818408958798908,HOG8-ML02-H2-GPS-GradientEstimation-Escape-Specialist-Exploiter,Exploiter,3.12429368711933
3540,0.0027582315743098808,HOG8-ML02-H2-GPS-GradientEstimation-Escape-Specialist-Exploiter,Exploiter,2.1351544566006626
3555,0.0026857510102122925,HOG8-ML02-H2-GPS-GradientEstimation-Escape-Specialist-Exploiter,Exploiter,2.6277911098064046
3565,0.002617412968241196,HOG8-ML02-H2-GPS-GradientEstimation-Escape-Specialist-Exploiter,Exploiter,2.544466769676272
3577,0.002556296934500663,HOG8-ML02-H2-GPS-GradientEstimation-Escape-Specialist-Exploiter,Exploiter,2.3349786404397848
3590,0.0025028698846204,HOG8-ML02-H2-GPS-GradientEstimation-Escape-Specialist-Exploiter,Exploiter,2.09001736688697
3601,0.0024707529836916933,HOG8-ML02-H2-GPS-GradientEstimation-Escape-Specialist-Exploiter,Exploiter,1.2832029793501503
3611,0.00240692011695612,HOG8-ML02-H2-GPS-GradientEstimation-Escape-Specialist-Exploiter,Exploiter,2.5835389922385903
3625,0.002344767631470939,HOG8-ML02-H2-GPS-GradientEstimation-Escape-Specialist-Exploiter,Exploiter,2.5822413069437986
3635,0.0022970221006637444,HOG8-ML02-H2-GPS-GradientEstimation-Escape-Specialist-Exploiter,Exploiter,2.0362585258498553
3646,0.0022480020743515026,HOG8-ML02-H2-GPS-GradientEstimation-Escape-Specialist-Exploiter,Exploiter,2.134068553283706
3660,0.0022004556178266523,HOG8-ML02-H2-GPS-GradientEstimation-Escape-Specialist-Exploiter,Exploiter,2.115053943558589
3670,0.0021474535208399394,HOG8-ML02-H2-GPS-GradientEstimation-Escape-Specialist-Exploiter,Exploiter,2.4086873898898262
3681,0.0021052298129066917,HOG8-ML02-H2-GPS-GradientEstimation-Escape-Specialist-Exploiter,Exploiter,1.9662222033440158
3690,0.002062350775395092,HOG8-ML02-H2-GPS-GradientEstimation-Escape-Specialist-Exploiter,Exploiter,2.036786542196865
3700,0.0020272540196492254,HOG8-ML02-H2-GPS-GradientEstimation-Escape-Specialist-Exploiter,Exploiter,1.7017840109737379
3714,0.001989159731009928,HOG8-ML02-H2-GPS-GradientEstimation-Escape-Specialist-Exploiter,Exploiter,1.8791078113579978
3720,0.001954472478604998,HOG8-ML02-H2-GPS-GradientEstimation-Escape-Specialist-Exploiter,Exploiter,1.7438143284410055
3731,0.0019098699592972842,HOG8-ML02-H2-GPS-GradientEstimation-Escape-Specialist-Exploiter,Exploiter,2.2820745646696916
3746,0.0018744771264317026,HOG8-ML02-H2-GPS-GradientEstimation-Escape-Specialist-Exploiter,Exploiter,1.8531540691180883
3755,0.0018376131396071087,HOG8-ML02-H2-GPS-GradientEstimation-Escape-Specialist-Exploiter,Exploiter,1.9666277227276172
3765,0.001808894062278569,HOG8-ML02-H2-GPS-GradientEstimation-Escape-Specialist-Exploiter,Exploiter,1.562846755366589
3776,0.00178048360672638,HOG8-ML02-H2-GPS-GradientEstimation-Escape-Specialist-Exploiter,Exploiter,1.5705980877841832
3785,0.0017398849170363491,HOG8-ML02-H2-GPS-GradientEstimation-Escape-Specialist-Exploiter,Exploiter,2.2802057562706937
3796,0.0017066136705024622,HOG8-ML02-H2-GPS-GradientEstimation-Escape-Specialist-Exploiter,Exploiter,1.912267082041256
3810,0.0016765844153751974,HOG8-ML02-H2-GPS-GradientEstimation-Escape-Specialist-Exploiter,Exploiter,1.759581306906065
3821,0.0016495223119011452,HOG8-ML02-H2-GPS-GradientEstimation-Escape-Specialist-Exploiter,Exploiter,1.6141211397337312
3831,0.0016200855962420233,HOG8-ML02-H2-GPS-GradientEstimation-Escape-Specialist-Exploiter,Exploiter,1.7845600175722884
3841,0.0015920010283641591,HOG8-ML02-H2-GPS-GradientEstimation-Escape-Specialist-Exploiter,Exploiter,1.7335237065874518
3854,0.001556345352683204,HOG8-ML02-H2-GPS-GradientEstimation-Escape-Specialist-Exploiter,Exploiter,2.2396766739273173
3870,0.0015336369098633196,HOG8-ML02-H2-GPS-GradientEstimation-Escape-Specialist-Exploiter,Exploiter,1.4590876491990783
3880,0.00151749745439648,HOG8-ML02-H2-GPS-GradientEstimation-Escape-Specialist-Exploiter,Exploiter,1.052364830491582
3893,0.001489895030154817,HOG8-ML02-H2-GPS-GradientEstimation-Escape-Specialist-Exploiter,Exploiter,1.8189436932295089
3906,0.0014792859429749881,HOG8-ML02-H2-GPS-GradientEstimation-Escape-Specialist-Exploiter,Exploiter,0.7120694387930441
3921,0.0014642239676932818,HOG8-ML02-H2-GPS-GradientEstimation-Escape-Specialist-Exploiter,Exploiter,1.0181922807577843
3930,0.0014385910777813139,HOG8-ML02-H2-GPS-GradientEstimation-Escape-Specialist-Exploiter,Exploiter,1.750612643798588
3941,0.001413507577141784,HOG8-ML02-H2-GPS-GradientEstimation-Escape-Specialist-Exploiter,Exploiter,1.7436157520325481
3951,0.0013882201457307958,HOG8-ML02-H2-GPS-GradientEstimation-Escape-Specialist-Exploiter,Exploiter,1.7889844964341313
3959,0.001366224761479029,HOG8-ML02-H2-GPS-GradientEstimation-Escape-Specialist-Exploiter,Exploiter,1.5844305616374603
3970,0.0013418560548800681,HOG8-ML02-H2-GPS-GradientEstimation-Escape-Specialist-Exploiter,Exploiter,1.783652828293063
3981,0.0013227328562089025,HOG8-ML02-H2-GPS-GradientEstimation-Escape-Specialist-Exploiter,Exploiter,1.4251304081103449
3996,0.0013012664971152799,HOG8-ML02-H2-GPS-GradientEstimation-Escape-Specialist-Exploiter,Exploiter,1.6228794040202155
4004,0.0012795327160135114,HOG8-ML02-H2-GPS-GradientEstimation-Escape-Specialist-Exploiter,Exploiter,1.6702021568947727
4017,0.0012637281965999262,HOG8-ML02-H2-GPS-GradientEstimation-Escape-Specialist-Exploiter,Exploiter,1.235179000567133
4031,0.0012338781101548448,HOG8-ML02-H2-GPS-GradientEstimation-Escape-Specialist-Exploiter,Exploiter,2.3620653970840735
4045,0.0012146753405041838,HOG8-ML02-H2-GPS-GradientEstimation-Escape-Specialist-Exploiter,Exploiter,1.556293890994722
4056,0.0011964100147364427,HOG8-ML02-H2-GPS-GradientEstimation-Escape-Specialist-Exploiter,Exploiter,1.5037208016554906
4064,0.0011762122943399318,HOG8-ML02-H2-GPS-GradientEstimation-Escape-Specialist-Exploiter,Exploiter,1.6881938589389238
4076,0.0011578990966289568,HOG8-ML02-H2-GPS-GradientEstimation-Escape-Specialist-Exploiter,Exploiter,1.5569636365050965
4086,0.0011408884952375834,HOG8-ML02-H2-GPS-GradientEstimation-Escape-Specialist-Exploiter,Exploiter,1.4690918613631432
4095,0.0011258068171568396,HOG8-ML02-H2-GPS-GradientEstimation-Escape-Specialist-Exploiter,Exploiter,1.3219239341705458
4106,0.0011056777033977253,HOG8-ML02-H2-GPS-GradientEstimation-Escape-Specialist-Exploiter,Exploiter,1.787972274848119
4121,0.0010902169573635458,HOG8-ML02-H2-GPS-GradientEstimation-Escape-Specialist-Exploiter,Exploiter,1.3983049478766623
4131,0.0010738982892267697,HOG8-ML02-H2-GPS-GradientEstimation-Escape-Specialist-Exploiter,Exploiter,1.4968275834049862
4141,0.0010579427625161367,HOG8-ML02-H2-GPS-GradientEstimation-Escape-Specialist-Exploiter,Exploiter,1.4857577175322016
4151,0.0010425783338117835,HOG8-ML02-H2-GPS-GradientEstimation-Escape-Specialist-Exploiter,Exploiter,1.4522930019211537
4166,0.001027612215841515,HOG8-ML02-H2-GPS-GradientEstimation-Escape-Specialist-Exploiter,Exploiter,1.4354909827783076
4176,0.0010169936444584934,HOG8-ML02-H2-GPS-GradientEstimation-Escape-Specialist-Exploiter,Exploiter,1.0333247522097664
4186,0.0009996963942350747,HOG8-ML02-H2-GPS-GradientEstimation-Escape-Specialist-Exploiter,Exploiter,1.7008218603596834
4196,0.000986071115539671,HOG8-ML02-H2-GPS-GradientEstimation-Escape-Specialist-Exploiter,Exploiter,1.3629416664875766
4206,0.0009731028251334939,HOG8-ML02-H2-GPS-GradientEstimation-Escape-Specialist-Exploiter,Exploiter,1.3151475792980345
4220,0.000962126319177779,HOG8-ML02-H2-GPS-GradientEstimation-Escape-Specialist-Exploiter,Exploiter,1.1279903492427972
4229,0.0009496071824997592,HOG8-ML02-H2-GPS-GradientEstimation-Escape-Specialist-Exploiter,Exploiter,1.3011947005792872
4240,0.000936419945136651,HOG8-ML02-H2-GPS-GradientEstimation-Escape-Specialist-Exploiter,Exploiter,1.3887044670822695
4250,0.0009240066444997344,HOG8-ML02-H2-GPS-GradientEstimation-Escape-Specialist-Exploiter,Exploiter,1.3256125845445466
4260,0.0009119386764936941,HOG8-ML02-H2-GPS-GradientEstimation-Escape-Specialist-Exploiter,Exploiter,1.3060477516992302
4270,0.0009010565291359273,HOG8-ML02-H2-GPS-GradientEstimation-Escape-Specialist-Exploiter,Exploiter,1.1932981502229458
4281,0.0008894868881515977,HOG8-ML02-H2-GPS-GradientEstimation-Escape-Specialist-Exploiter,Exploiter,1.2840083402341362
4295,0.0008758983860349611,HOG8-ML02-H2-GPS-GradientEstimation-Escape-Specialist-Exploiter,Exploiter,1.527678743514056
4305,0.0008632176632502641,HOG8-ML02-H2-GPS-GradientEstimation-Escape-Specialist-Exploiter,Exploiter,1.4477390285076865
4315,0.0008535605540627304,HOG8-ML02-H2-GPS-GradientEstimation-Escape-Specialist-Exploiter,Exploiter,1.1187339646378203
4326,0.0008436287404560064,HOG8-ML02-H2-GPS-GradientEstimation-Escape-Specialist-Exploiter,Exploiter,1.1635745770409738
4336,0.0008341371140775848,HOG8-ML02-H2-GPS-GradientEstimation-Escape-Specialist-Exploiter,Exploiter,1.1250951897740111
4349,0.000824509387851368,HOG8-ML02-H2-GPS-GradientEstimation-Escape-Specialist-Exploiter,Exploiter,1.1542138652904217
4360,0.0008169572559900694,HOG8-ML02-H2-GPS-GradientEstimation-Escape-Specialist-Exploiter,Exploiter,0.9159546237525613
4371,0.0008077367655177334,HOG8-ML02-H2-GPS-GradientEstimation-Escape-Specialist-Exploiter,Exploiter,1.1286380535492921
4380,0.0007985576722283492,HOG8-ML02-H2-GPS-GradientEstimation-Escape-Specialist-Exploiter,Exploiter,1.1363966184578258
4390,0.0007893263625005765,HOG8-ML02-H2-GPS-GradientEstimation-Escape-Specialist-Exploiter,Exploiter,1.155997875771842
4406,0.0007812200543122873,HOG8-ML02-H2-GPS-GradientEstimation-Escape-Specialist-Exploiter,Exploiter,1.0269906813461112
4416,0.0007735895163274143,HOG8-ML02-H2-GPS-GradientEstimation-Escape-Specialist-Exploiter,Exploiter,0.9767463012185763
4424,0.000765472467185749,HOG8-ML02-H2-GPS-GradientEstimation-Escape-Specialist-Exploiter,Exploiter,1.049270830375351
4435,0.0007572347316496596,HOG8-ML02-H2-GPS-GradientEstimation-Escape-Specialist-Exploiter,Exploiter,1.07616353157356
4446,0.0007508636677654877,HOG8-ML02-H2-GPS-GradientEstimation-Escape-Specialist-Exploiter,Exploiter,0.8413591740954997
4460,0.0007423097554153259,HOG8-ML02-H2-GPS-GradientEstimation-Escape-Specialist-Exploiter,Exploiter,1.139209781666168
4470,0.0007342327953919409,HOG8-ML02-H2-GPS-GradientEstimation-Escape-Specialist-Exploiter,Exploiter,1.0880848546663502
4480,0.0007276336417672716,HOG8-ML02-H2-GPS-GradientEstimation-Escape-Specialist-Exploiter,Exploiter,0.8987821936156696
4492,0.0007217347601869761,HOG8-ML02-H2-GPS-GradientEstimation-Escape-Specialist-Exploiter,Exploiter,0.8106939044171065
4500,0.0007163141048572188,HOG8-ML02-H2-GPS-GradientEstimation-Escape-Specialist-Exploiter,Exploiter,0.7510592019086025
4511,0.0007109129068029417,HOG8-ML02-H2-GPS-GradientEstimation-Escape-Specialist-Exploiter,Exploiter,0.7540264833056339
4521,0.0007047324870771113,HOG8-ML02-H2-GPS-GradientEstimation-Escape-Specialist-Exploiter,Exploiter,0.8693638372138287
4536,0.0006983195232617541,HOG8-ML02-H2-GPS-GradientEstimation-Escape-Specialist-Exploiter,Exploiter,0.9099855523838631
4550,0.0006902527531909617,HOG8-ML02-H2-GPS-GradientEstimation-Escape-Specialist-Exploiter,Exploiter,1.1551689165317431
4559,0.0006844170331496267,HOG8-ML02-H2-GPS-GradientEstimation-Escape-Specialist-Exploiter,Exploiter,0.8454468329690958
4575,0.0006788744925580628,HOG8-ML02-H2-GPS-GradientEstimation-Escape-Specialist-Exploiter,Exploiter,0.8098192071663701
4586,0.0006749904357853144,HOG8-ML02-H2-GPS-GradientEstimation-Escape-Specialist-Exploiter,Exploiter,0.5721317880294647
4595,0.000668640801784822,HOG8-ML02-H2-GPS-GradientEstimation-Escape-Specialist-Exploiter,Exploiter,0.9406998475622779
4612,0.0006655615649742392,HOG8-ML02-H2-GPS-GradientEstimation-Escape-Specialist-Refiner,Refiner,0.4605218231318332
4625,0.000662460320942469,HOG8-ML02-H2-GPS-GradientEstimation-Escape-Specialist-Refiner,Refiner,0.46595900288957215
4634,0.0006592213163812141,HOG8-ML02-H2-GPS-GradientEstimation-Escape-Specialist-Refiner,Refiner,0.4889356326499504
4645,0.0006551652045337978,HOG8-ML02-H2-GPS-GradientEstimation-Escape-Specialist-Exploiter,Exploiter,0.6152883328594837
4655,0.0006505255002906959,HOG8-ML02-H2-GPS-GradientEstimation-Escape-Specialist-Exploiter,Exploiter,0.7081731769322767
4663,0.0006458071635028795,HOG8-ML02-H2-GPS-GradientEstimation-Escape-Specialist-Exploiter,Exploiter,0.725311580515745
4674,0.0006410355236067579,HOG8-ML02-H2-GPS-GradientEstimation-Escape-Specialist-Exploiter,Exploiter,0.7388645041098818
4690,0.0006362834473537075,HOG8-ML02-H2-GPS-GradientEstimation-Escape-Specialist-Exploiter,Exploiter,0.7413124667901368
4699,0.000632478642294823,HOG8-ML02-H2-GPS-GradientEstimation-Escape-Specialist-Exploiter,Exploiter,0.597973289217036
4710,0.0006278012207476155,HOG8-ML02-H2-GPS-GradientEstimation-Escape-Specialist-Exploiter,Exploiter,0.7395382601753069
4719,0.0006234436330512705,HOG8-ML02-H2-GPS-GradientEstimation-Escape-Specialist-Exploiter,Exploiter,0.694103093835305
4731,0.0006191418113978931,HOG8-ML02-H2-GPS-GradientEstimation-Escape-Specialist-Exploiter,Exploiter,0.6900097178510404
4740,0.0006150532883982033,HOG8-ML02-H2-GPS-GradientEstimation-Escape-Specialist-Exploiter,Exploiter,0.6603532380503944
4751,0.0006112741617154932,HOG8-ML02-H2-GPS-GradientEstimation-Escape-Specialist-Exploiter,Exploiter,0.6144389037496496
4766,0.0006069131174171734,HOG8-ML02-H2-GPS-GradientEstimation-Escape-Specialist-Exploiter,Exploiter,0.7134350789637324
4776,0.0006025893568141279,HOG8-ML02-H2-GPS-GradientEstimation-Escape-Specialist-Exploiter,Exploiter,0.7124183806482893
4785,0.0005984564169272699,HOG8-ML02-H2-GPS-GradientEstimation-Escape-Specialist-Exploiter,Exploiter,0.6858634060031777
4796,0.0005949188797293844,HOG8-ML02-H2-GPS-GradientEstimation-Escape-Specialist-Exploiter,Exploiter,0.5911102459304629
4811,0.0005912758686746676,HOG8-ML02-H2-GPS-GradientEstimation-Escape-Specialist-Exploiter,Exploiter,0.61235425178874
4820,0.0005875947509362729,HOG8-ML02-H2-GPS-GradientEstimation-Escape-Specialist-Exploiter,Exploiter,0.6225719555654914
4829,0.0005848095342053508,HOG8-ML02-H2-GPS-GradientEstimation-Escape-Specialist-Refiner,Refiner,0.4740029972160476
4844,0.0005828213888886338,HOG8-ML02-H2-GPS-GradientEstimation-Escape-Specialist-Refiner,Refiner,0.339964586832273
4855,0.0005800156448225682,HOG8-ML02-H2-GPS-GradientEstimation-Escape-Specialist-Refiner,Refiner,0.4814071891589003
4871,0.0005787678746169145,HOG8-ML02-H2-GPS-GradientEstimation-Escape-Specialist-Refiner,Refiner,0.21512699127890214
4880,0.0005779327299578928,HOG8-ML02-H2-GPS-GradientEstimation-Escape-Specialist-Refiner,Refiner,0.1442969963691301
4889,0.000574233669915259,HOG8-ML02-H2-GPS-GradientEstimation-Escape-Specialist-Exploiter,Exploiter,0.6400502776341063
4900,0.0005707338262835857,HOG8-ML02-H2-GPS-GradientEstimation-Escape-Specialist-Exploiter,Exploiter,0.609480741905938
4909,0.0005677108389505562,HOG8-ML02-H2-GPS-GradientEstimation-Escape-Specialist-Exploiter,Exploiter,0.5296667542406179
4918,0.0005645498846823561,HOG8-ML02-H2-GPS-GradientEstimation-Escape-Specialist-Exploiter,Exploiter,0.5567894870640893
4929,0.0005614913164791912,HOG8-ML02-H2-GPS-GradientEstimation-Escape-Specialist-Exploiter,Exploiter,0.5417711146794192
4946,0.0005580621965518744,HOG8-ML02-H2-GPS-GradientEstimation-Escape-Specialist-Exploiter,Exploiter,0.610716466430671
4957,0.000555336458035908,HOG8-ML02-H2-GPS-GradientEstimation-Escape-Specialist-Refiner,Refiner,0.48842916305888373
4964,0.0005526837933410066,HOG8-ML02-H2-GPS-GradientEstimation-Escape-Specialist-Refiner,Refiner,0.47766802566561106
4975,0.0005494880323164836,HOG8-ML02-H2-GPS-GradientEstimation-Escape-Specialist-Exploiter,Exploiter,0.5782259337123772
4991,0.0005467252366369558,HOG8-ML02-H2-GPS-GradientEstimation-Escape-Specialist-Exploiter,Exploiter,0.5027945136276506
5005,0.0005452340745769863,HOG8-ML02-H2-GPS-GradientEstimation-Escape-Specialist-Refiner,Refiner,0.27274432567663487
5020,0.0005435943606346312,HOG8-ML02-H2-GPS-GradientEstimation-Escape-Specialist-Refiner,Refiner,0.3007357791471967
5031,0.0005421219700497333,HOG8-ML02-H2-GPS-GradientEstimation-Escape-Specialist-Refiner,Refiner,0.2708620051133303
5049,0.0005410694835651798,HOG8-ML02-H2-GPS-GradientEstimation-Escape-Specialist-Refiner,Refiner,0.1941420091233178
5061,0.0005380612395115838,HOG8-ML02-H2-GPS-GradientEstimation-Escape-Specialist-Exploiter,Exploiter,0.5559810976169408
5068,0.000535456655899323,HOG8-ML02-H2-GPS-GradientEstimation-Escape-Specialist-Refiner,Refiner,0.4840682474405734
5080,0.0005336742285617768,HOG8-ML02-H2-GPS-GradientEstimation-Escape-Specialist-Refiner,Refiner,0.3328798545892812
5095,0.0005310267046398679,HOG8-ML02-H2-GPS-GradientEstimation-Escape-Specialist-Refiner,Refiner,0.496093642940894
5105,0.00052834306028443,HOG8-ML02-H2-GPS-GradientEstimation-Escape-Specialist-Exploiter,Exploiter,0.5053690015943523
5115,0.0005261551462486648,HOG8-ML02-H2-GPS-GradientEstimation-Escape-Specialist-Refiner,Refiner,0.4141085972790803
5129,0.000523599104059312,HOG8-ML02-H2-GPS-GradientEstimation-Escape-Specialist-Refiner,Refiner,0.4857962917547576
5144,0.0005221339749175104,HOG8-ML02-H2-GPS-GradientEstimation-Escape-Specialist-Refiner,Refiner,0.2798188786884638
5155,0.000521245585030737,HOG8-ML02-H2-GPS-GradientEstimation-Escape-Specialist-Refiner,Refiner,0.17014596434061086
5166,0.00051960111075268,HOG8-ML02-H2-GPS-GradientEstimation-Escape-Specialist-Refiner,Refiner,0.31548934423301467
5181,0.0005178797718171411,HOG8-ML02-H2-GPS-GradientEstimation-Escape-Specialist-Refiner,Refiner,0.3312808421532108
5190,0.0005171255238184313,HOG8-ML02-H2-GPS-GradientEstimation-Escape-Specialist-Refiner,Refiner,0.14564152526429405
5201,0.0005153279257740185,HOG8-ML02-H2-GPS-GradientEstimation-Escape-Specialist-Refiner,Refiner,0.3476134829198594
5216,0.0005131664980143999,HOG8-ML02-H2-GPS-GradientEstimation-Escape-Specialist-Refiner,Refiner,0.4194276404431542
5224,0.0005111148058605901,HOG8-ML02-H2-GPS-GradientEstimation-Escape-Specialist-Refiner,Refiner,0.39981022957431345
5234,0.0005094962964421058,HOG8-ML02-H2-GPS-GradientEstimation-Escape-Specialist-Refiner,Refiner,0.31666259711633943
5245,0.0005075585710267113,HOG8-ML02-H2-GPS-GradientEstimation-Escape-Specialist-Refiner,Refiner,0.3803217862280648
5259,0.0005055839576659731,HOG8-ML02-H2-GPS-GradientEstimation-Escape-Specialist-Refiner,Refiner,0.3890414768770265
5269,0.0005039920350921761,HOG8-ML02-H2-GPS-GradientEstimation-Escape-Specialist-Refiner,Refiner,0.31486809453885595
5284,0.000502284045533885,HOG8-ML02-H2-GPS-GradientEstimation-Escape-Specialist-Refiner,Refiner,0.33889217276592765
5293,0.0005009529289594142,HOG8-ML02-H2-GPS-GradientEstimation-Escape-Specialist-Refiner,Refiner,0.2650127126884845
5304,0.0004993615793628711,HOG8-ML02-H2-GPS-GradientEstimation-Escape-Specialist-Refiner,Refiner,0.3176644959135578
5314,0.000497472223229796,HOG8-ML02-H2-GPS-GradientEstimation-Escape-Specialist-Refiner,Refiner,0.3783543250335179
5329,0.0004962151460910471,HOG8-ML02-H2-GPS-GradientEstimation-Escape-Specialist-Refiner,Refiner,0.25269293038864205
5339,0.0004949004324094299,HOG8-ML02-H2-GPS-GradientEstimation-Escape-Specialist-Refiner,Refiner,0.2649483176750757
5355,0.0004939363164514934,HOG8-ML02-H2-GPS-GradientEstimation-Escape-Specialist-Refiner,Refiner,0.19481008598895153
5366,0.0004931827695720983,HOG8-ML02-H2-GPS-GradientEstimation-Escape-Specialist-Refiner,Refiner,0.1525595211967184
5381,0.0004920971873129299,HOG8-ML02-H2-GPS-GradientEstimation-Escape-Specialist-Refiner,Refiner,0.22011763714096222
5391,0.0004904045203919604,HOG8-ML02-H2-GPS-GradientEstimation-Escape-Specialist-Refiner,Refiner,0.3439700458789856
5402,0.0004887196970442013,HOG8-ML02-H2-GPS-GradientEstimation-Escape-Specialist-Refiner,Refiner,0.34355787471380833
5411,0.000487658055201335,HOG8-ML02-H2-GPS-GradientEstimation-Escape-Specialist-Refiner,Refiner,0.21722919073799504
5426,0.0004861296713372299,HOG8-ML02-H2-GPS-GradientEstimation-Escape-Specialist-Refiner,Refiner,0.3134130253367981
5435,0.00048440279711362574,HOG8-ML02-H2-GPS-GradientEstimation-Escape-Specialist-Refiner,Refiner,0.3552291344105657
5445,0.00048304258629947494,HOG8-ML02-H2-GPS-GradientEstimation-Escape-Specialist-Refiner,Refiner,0.2808016019428025
5465,0.0004820135492721137,HOG8-ML02-H2-GPS-GradientEstimation-Escape-Specialist-Refiner,Refiner,0.2130323612343531
5475,0.00048150520002960894,HOG8-ML02-H2-GPS-GradientEstimation-Escape-Specialist-Refiner,Refiner,0.10546368318326174
5491,0.00048078448535789027,HOG8-ML02-H2-GPS-GradientEstimation-Escape-Specialist-Refiner,Refiner,0.14967951990432438
5504,0.0004797624759769214,HOG8-ML02-H2-GPS-GradientEstimation-Escape-Specialist-Refiner,Refiner,0.2125712064539883
5516,0.00047839967861606136,HOG8-ML02-H2-GPS-GradientEstimation-Escape-Specialist-Refiner,Refiner,0.2840566799404292
5531,0.0004774740405897058,HOG8-ML02-H2-GPS-GradientEstimation-Escape-Specialist-Refiner,Refiner,0.19348633950451474
5545,0.0004756793212151411,HOG8-ML02-H2-GPS-GradientEstimation-Escape-Specialist-Refiner,Refiner,0.3758778953402621
5556,0.00047448749756796784,HOG8-ML02-H2-GPS-GradientEstimation-Escape-Specialist-Refiner,Refiner,0.25055191470772536
5571,0.0004733311212917213,HOG8-ML02-H2-GPS-GradientEstimation-Escape-Specialist-Refiner,Refiner,0.2437105892512764
5580,0.00047218928938884495,HOG8-ML02-H2-GPS-GradientEstimation-Escape-Specialist-Refiner,Refiner,0.24123321951877988
5594,0.00047089855393493175,HOG8-ML02-H2-GPS-GradientEstimation-Escape-Specialist-Refiner,Refiner,0.2733512773201173
5605,0.00046992867414452015,HOG8-ML02-H2-GPS-GradientEstimation-Escape-Specialist-Refiner,Refiner,0.20596363745589785
5615,0.00046915185203568886,HOG8-ML02-H2-GPS-GradientEstimation-Escape-Specialist-Refiner,Refiner,0.16530638617561363
5630,0.00046870704685397866,HOG8-ML02-H2-GPS-GradientEstimation-Escape-Specialist-Refiner,Refiner,0.09481049254738248
5640,0.00046806715797508263,HOG8-ML02-H2-GPS-GradientEstimation-Escape-Specialist-Refiner,Refiner,0.13652213748247358
5652,0.0004668874962530968,HOG8-ML02-H2-GPS-GradientEstimation-Escape-Specialist-Refiner,Refiner,0.25202830446151975
5661,0.00046592732993711874,HOG8-ML02-H2-GPS-GradientEstimation-Escape-Specialist-Refiner,Refiner,0.20565260875128902
5670,0.00046496425218844667,HOG8-ML02-H2-GPS-GradientEstimation-Escape-Specialist-Refiner,Refiner,0.20670127867408938
5681,0.00046396860324266235,HOG8-ML02-H2-GPS-GradientEstimation-Escape-Specialist-Refiner,Refiner,0.2141345148789604
5696,0.0004630135525587461,HOG8-ML02-H2-GPS-GradientEstimation-Escape-Specialist-Refiner,Refiner,0.20584381728449117
5705,0.0004619713405346022,HOG8-ML02-H2-GPS-GradientEstimation-Escape-Specialist-Refiner,Refiner,0.22509320048719378
5715,0.000460884388702605,HOG8-ML02-H2-GPS-GradientEstimation-Escape-Specialist-Refiner,Refiner,0.2352855548873126
5729,0.0004598027302307417,HOG8-ML02-H2-GPS-GradientEstimation-Escape-Specialist-Refiner,Refiner,0.23469193107368602
5740,0.00045889447165034953,HOG8-ML02-H2-GPS-GradientEstimation-Escape-Specialist-Refiner,Refiner,0.197532228644309
5750,0.00045822142601487765,HOG8-ML02-H2-GPS-GradientEstimation-Escape-Specialist-Refiner,Refiner,0.14666675609565896
5759,0.00045772947267819203,HOG8-ML02-H2-GPS-GradientEstimation-Escape-Specialist-Refiner,Refiner,0.1073614869920207
5772,0.00045740024931879245,HOG8-ML02-H2-GPS-GradientEstimation-Escape-Specialist-Refiner,Refiner,0.07192531376083007
5786,0.0004567099511773753,HOG8-ML02-H2-GPS-GradientEstimation-Escape-Specialist-Refiner,Refiner,0.15091774489525062
5795,0.000456216067030912,HOG8-ML02-H2-GPS-GradientEstimation-Escape-Specialist-Refiner,Refiner,0.10813956323703756
5805,0.0004555799281159329,HOG8-ML02-H2-GPS-GradientEstimation-Escape-Specialist-Refiner,Refiner,0.13943807790880738
5820,0.0004547504392126095,HOG8-ML02-H2-GPS-GradientEstimation-Escape-Specialist-Refiner,Refiner,0.18207318894706223
5831,0.00045399489410884316,HOG8-ML02-H2-GPS-GradientEstimation-Escape-Specialist-Refiner,Refiner,0.16614499703937613
5841,0.00045317440351834806,HOG8-ML02-H2-GPS-GradientEstimation-Escape-Specialist-Refiner,Refiner,0.1807268322049443
5856,0.0004523241096961375,HOG8-ML02-H2-GPS-GradientEstimation-Escape-Specialist-Refiner,Refiner,0.18763059334530724
5864,0.00045132513425512403,HOG8-ML02-H2-GPS-GradientEstimation-Escape-Specialist-Refiner,Refiner,0.2208539009084842
5875,0.00045051327497804656,HOG8-ML02-H2-GPS-GradientEstimation-Escape-Specialist-Refiner,Refiner,0.17988346215580966
5885,0.0004497890497053667,HOG8-ML02-H2-GPS-GradientEstimation-Escape-Specialist-Refiner,Refiner,0.16075558988026653
5900,0.00044910729296556513,HOG8-ML02-H2-GPS-GradientEstimation-Escape-Specialist-Refiner,Refiner,0.15157255167686823
5910,0.0004486583773225072,HOG8-ML02-H2-GPS-GradientEstimation-Escape-Specialist-Refiner,Refiner,0.0999573264761767
5924,0.00044811468858630776,HOG8-ML02-H2-GPS-GradientEstimation-Escape-Specialist-Refiner,Refiner,0.12118100623553969
5935,0.00044743974340892627,HOG8-ML02-H2-GPS-GradientEstimation-Escape-Specialist-Refiner,Refiner,0.1506188470435516
5947,0.0004468889808417288,HOG8-ML02-H2-GPS-GradientEstimation-Escape-Specialist-Refiner,Refiner,0.12309200854652624
5961,0.000446486591719529,HOG8-ML02-H2-GPS-GradientEstimation-Escape-Specialist-Refiner,Refiner,0.09004230120909876
5971,0.00044584975033966237,HOG8-ML02-H2-GPS-GradientEstimation-Escape-Specialist-Refiner,Refiner,0.14263393160677248
5980,0.0004451868321747478,HOG8-ML02-H2-GPS-GradientEstimation-Escape-Specialist-Refiner,Refiner,0.14868644973099665
5991,0.00044479379060288456,HOG8-ML02-H2-GPS-GradientEstimation-Escape-Specialist-Refiner,Refiner,0.08828688169936176
6008,0.00044419763490405426,HOG8-ML02-H2-GPS-GradientEstimation-Escape-Specialist-Refiner,Refiner,0.1340296810398938
6020,0.00044355845694413285,HOG8-ML02-H2-GPS-GradientEstimation-Escape-Specialist-Refiner,Refiner,0.1438949489362926
6029,0.0004429629414549337,HOG8-ML02-H2-GPS-GradientEstimation-Escape-Specialist-Refiner,Refiner,0.13425862586454407
6051,0.00044226897883027194,HOG8-ML02-H2-GPS-GradientEstimation-Escape-Specialist-Refiner,Refiner,0.15666381083311215
6066,0.00044165473972090615,HOG8-ML02-H2-GPS-GradientEstimation-Escape-Specialist-Refiner,Refiner,0.1388836067567636
6075,0.0004414437793141985,HOG8-ML02-H2-GPS-GradientEstimation-Escape-Specialist-Polisher,Polisher,0.0477659102766514
6086,0.0004407721196167329,HOG8-ML02-H2-GPS-GradientEstimation-Escape-Specialist-Refiner,Refiner,0.15215067669750512
6096,0.00044018764469889906,HOG8-ML02-H2-GPS-GradientEstimation-Escape-Specialist-Refiner,Refiner,0.13260251540910697
6107,0.00043961431410275103,HOG8-ML02-H2-GPS-GradientEstimation-Escape-Specialist-Refiner,Refiner,0.1302468624579871
6120,0.00043918397296873065,HOG8-ML02-H2-GPS-GradientEstimation-Escape-Specialist-Refiner,Refiner,0.09789061006776094
6131,0.000438619110923759,HOG8-ML02-H2-GPS-GradientEstimation-Escape-Specialist-Refiner,Refiner,0.12861627011417703
6140,0.0004382052881785293,HOG8-ML02-H2-GPS-GradientEstimation-Escape-Specialist-Refiner,Refiner,0.09434672017782207
6151,0.00043782033636797265,HOG8-ML02-H2-GPS-GradientEstimation-Escape-Specialist-Refiner,Refiner,0.08784736764742919
6162,0.00043727663211613944,HOG8-ML02-H2-GPS-GradientEstimation-Escape-Specialist-Refiner,Refiner,0.12418433011669157
6171,0.00043677597773632173,HOG8-ML02-H2-GPS-GradientEstimation-Escape-Specialist-Refiner,Refiner,0.11449374218669285
6185,0.0004365616704776385,HOG8-ML02-H2-GPS-GradientEstimation-Escape-Specialist-Polisher,Polisher,0.04906571551712393
6201,0.0004361749032707837,HOG8-ML02-H2-GPS-GradientEstimation-Escape-Specialist-Refiner,Refiner,0.08859394514219317
6210,0.0004357702133582725,HOG8-ML02-H2-GPS-GradientEstimation-Escape-Specialist-Refiner,Refiner,0.09278156754928236
6221,0.00043547860615860757,HOG8-ML02-H2-GPS-GradientEstimation-Escape-Specialist-Refiner,Refiner,0.0669176530946547
6236,0.00043529172794592227,HOG8-ML02-H2-GPS-GradientEstimation-Escape-Specialist-Polisher,Polisher,0.042913293567683725
6245,0.00043493644996721797,HOG8-ML02-H2-GPS-GradientEstimation-Escape-Specialist-Refiner,Refiner,0.08161836209955141
6255,0.00043443261150461724,HOG8-ML02-H2-GPS-GradientEstimation-Escape-Specialist-Refiner,Refiner,0.11584185750325321
6266,0.0004338889322771825,HOG8-ML02-H2-GPS-GradientEstimation-Escape-Specialist-Refiner,Refiner,0.12514696480813658
6281,0.0004334230837549678,HOG8-ML02-H2-GPS-GradientEstimation-Escape-Specialist-Refiner,Refiner,0.10736584585593453
6291,0.00043289896790096535,HOG8-ML02-H2-GPS-GradientEstimation-Escape-Specialist-Refiner,Refiner,0.12092476696482533
6310,0.00043246715729491946,HOG8-ML02-H2-GPS-GradientEstimation-Escape-Specialist-Refiner,Refiner,0.09974858756066111
6320,0.0004320362999454634,HOG8-ML02-H2-GPS-GradientEstimation-Escape-Specialist-Refiner,Refiner,0.09962776182845492
6329,0.0004318625076317823,HOG8-ML02-H2-GPS-GradientEstimation-Escape-Specialist-Polisher,Polisher,0.04022632211761662
6340,0.0004316104136626801,HOG8-ML02-H2-GPS-GradientEstimation-Escape-Specialist-Refiner,Refiner,0.058373663989638606
6356,0.0004312828875020097,HOG8-ML02-H2-GPS-GradientEstimation-Escape-Specialist-Refiner,Refiner,0.07588467523083088
6366,0.00043101975152956925,HOG8-ML02-H2-GPS-GradientEstimation-Escape-Specialist-Refiner,Refiner,0.061012384229884774
6375,0.00043061544336124206,HOG8-ML02-H2-GPS-GradientEstimation-Escape-Specialist-Refiner,Refiner,0.09380270089535692
6385,0.00043024373284947253,HOG8-ML02-H2-GPS-GradientEstimation-Escape-Specialist-Refiner,Refiner,0.08632075730217054
6397,0.0004299089594654557,HOG8-ML02-H2-GPS-GradientEstimation-Escape-Specialist-Refiner,Refiner,0.07781017094651033
6410,0.00042959037133022247,HOG8-ML02-H2-GPS-GradientEstimation-Escape-Specialist-Refiner,Refiner,0.07410595388134548
6419,0.00042920972427658256,HOG8-ML02-H2-GPS-GradientEstimation-Escape-Specialist-Refiner,Refiner,0.08860697982155406
6431,0.00042882028716640015,HOG8-ML02-H2-GPS-GradientEstimation-Escape-Specialist-Refiner,Refiner,0.09073352446494429
6443,0.00042852644009510303,HOG8-ML02-H2-GPS-GradientEstimation-Escape-Specialist-Refiner,Refiner,0.06852452649542955
6450,0.00042823844772600867,HOG8-ML02-H2-GPS-GradientEstimation-Escape-Specialist-Refiner,Refiner,0.06720527420208844
6462,0.0004280035406550171,HOG8-ML02-H2-GPS-GradientEstimation-Escape-Specialist-Refiner,Refiner,0.054854269213551424
6470,0.00042778455910961094,HOG8-ML02-H2-GPS-GradientEstimation-Escape-Specialist-Refiner,Refiner,0.0511634892251216
6486,0.00042757986788551604,HOG8-ML02-H2-GPS-GradientEstimation-Escape-Specialist-Polisher,Polisher,0.047849138014926525
6491,0.00042728357965302847,HOG8-ML02-H2-GPS-GradientEstimation-Escape-Specialist-Refiner,Refiner,0.06929424295694459
6505,0.0004269426024335266,HOG8-ML02-H2-GPS-GradientEstimation-Escape-Specialist-Refiner,Refiner,0.07980115214789037
6516,0.00042659902376086475,HOG8-ML02-H2-GPS-GradientEstimation-Escape-Specialist-Refiner,Refiner,0.08047420676772243
6525,0.00042633270067247585,HOG8-ML02-H2-GPS-GradientEstimation-Escape-Specialist-Refiner,Refiner,0.06242937127258699
6541,0.0004259843728991418,HOG8-ML02-H2-GPS-GradientEstimation-Escape-Specialist-Refiner,Refiner,0.0817032737072707
6550,0.0004257364861773172,HOG8-ML02-H2-GPS-GradientEstimation-Escape-Specialist-Refiner,Refiner,0.05819150597886667
6560,0.00042553016716490976,HOG8-ML02-H2-GPS-GradientEstimation-Escape-Specialist-Polisher,Polisher,0.04846167033038349
6571,0.00042529121310717227,HOG8-ML02-H2-GPS-GradientEstimation-Escape-Specialist-Refiner,Refiner,0.056154434203695744
6585,0.0004250729385921456,HOG8-ML02-H2-GPS-GradientEstimation-Escape-Specialist-Refiner,Refiner,0.05132354215173089
6604,0.00042482820279283686,HOG8-ML02-H2-GPS-GradientEstimation-Escape-Specialist-Refiner,Refiner,0.05757501291879661
6611,0.00042458524138305786,HOG8-ML02-H2-GPS-GradientEstimation-Escape-Specialist-Refiner,Refiner,0.05719050858247371
6620,0.0004243381121077996,HOG8-ML02-H2-GPS-GradientEstimation-Escape-Specialist-Refiner,Refiner,0.05820486704936538
6631,0.0004240977295343049,HOG8-ML02-H2-GPS-GradientEstimation-Escape-Specialist-Refiner,Refiner,0.056648829467777065
6645,0.000423731265082385,HOG8-ML02-H2-GPS-GradientEstimation-Escape-Specialist-Refiner,Refiner,0.08641037817445392
6656,0.00042344380135219133,HOG8-ML02-H2-GPS-GradientEstimation-Escape-Specialist-Refiner,Refiner,0.0678410478249239
6666,0.0004231498217640805,HOG8-ML02-H2-GPS-GradientEstimation-Escape-Specialist-Refiner,Refiner,0.0694258806415533
6675,0.000422879883968413,HOG8-ML02-H2-GPS-GradientEstimation-Escape-Specialist-Refiner,Refiner,0.06379248714844467
6690,0.0004225905669977914,HOG8-ML02-H2-GPS-GradientEstimation-Escape-Specialist-Refiner,Refiner,0.0684158744810803
6700,0.0004223123973769552,HOG8-ML02-H2-GPS-GradientEstimation-Escape-Specialist-Refiner,Refiner,0.065824853311892
6711,0.0004221464600505879,HOG8-ML02-H2-GPS-GradientEstimation-Escape-Specialist-Polisher,Polisher,0.039292553900383866
6720,0.00042192747472991673,HOG8-ML02-H2-GPS-GradientEstimation-Escape-Specialist-Refiner,Refiner,0.05187425251532659
6730,0.00042176608453496997,HOG8-ML02-H2-GPS-GradientEstimation-Escape-Specialist-Polisher,Polisher,0.03825069582161487
6743,0.00042161504907272155,HOG8-ML02-H2-GPS-GradientEstimation-Escape-Specialist-Polisher,Polisher,0.03581024358915608
6755,0.0004214148923663079,HOG8-ML02-H2-GPS-GradientEstimation-Escape-Specialist-Polisher,Polisher,0.04747380503941982
6764,0.0004211894970245281,HOG8-ML02-H2-GPS-GradientEstimation-Escape-Specialist-Refiner,Refiner,0.053485376493022575
6775,0.00042099061896410083,HOG8-ML02-H2-GPS-GradientEstimation-Escape-Specialist-Polisher,Polisher,0.047218190822006734
6792,0.0004207377681829168,HOG8-ML02-H2-GPS-GradientEstimation-Escape-Specialist-Refiner,Refiner,0.06006090629909574
6800,0.0004204979682613494,HOG8-ML02-H2-GPS-GradientEstimation-Escape-Specialist-Refiner,Refiner,0.0569951023420308
6810,0.000420242513808817,HOG8-ML02-H2-GPS-GradientEstimation-Escape-Specialist-Refiner,Refiner,0.06075046060000025
6821,0.0004200556543516261,HOG8-ML02-H2-GPS-GradientEstimation-Escape-Specialist-Polisher,Polisher,0.04446467243337131
6836,0.00041991468949524504,HOG8-ML02-H2-GPS-GradientEstimation-Escape-Specialist-Polisher,Polisher,0.033558614179034205
6851,0.0004197172893477054,HOG8-ML02-H2-GPS-GradientEstimation-Escape-Specialist-Polisher,Polisher,0.04700958372685411
6861,0.00041956785377671,HOG8-ML02-H2-GPS-GradientEstimation-Escape-Specialist-Polisher,Polisher,0.03560386355007034
6876,0.00041944117088085314,HOG8-ML02-H2-GPS-GradientEstimation-Escape-Specialist-Polisher,Polisher,0.03019366110071079
6890,0.0004191615738699549,HOG8-ML02-H2-GPS-GradientEstimation-Escape-Specialist-Refiner,Refiner,0.06665941026033943
6906,0.00041894870697063225,HOG8-ML02-H2-GPS-GradientEstimation-Escape-Specialist-Refiner,Refiner,0.05078397271899998
6916,0.0004187369295708191,HOG8-ML02-H2-GPS-GradientEstimation-Escape-Specialist-Refiner,Refiner,0.05054972035705646
6925,0.00041849687967837927,HOG8-ML02-H2-GPS-GradientEstimation-Escape-Specialist-Refiner,Refiner,0.05732713679824333
6936,0.00041833091085842077,HOG8-ML02-H2-GPS-GradientEstimation-Escape-Specialist-Polisher,Polisher,0.03965831718650994
6950,0.00041816413228515977,HOG8-ML02-H2-GPS-GradientEstimation-Escape-Specialist-Polisher,Polisher,0.03986761889499474
6965,0.00041808058893025345,HOG8-ML02-H2-GPS-GradientEstimation-Escape-Specialist-Polisher,Polisher,0.019978603724278905
6974,0.0004180031066249743,HOG8-ML02-H2-GPS-GradientEstimation-Escape-Specialist-Polisher,Polisher,0.018532863598721718
6986,0.00041787974716057523,HOG8-ML02-H2-GPS-GradientEstimation-Escape-Specialist-Polisher,Polisher,0.029511614254512583
7001,0.00041764062567320275,HOG8-ML02-H2-GPS-GradientEstimation-Escape-Specialist-Refiner,Refiner,0.05722255959932887
7011,0.0004174279621260218,HOG8-ML02-H2-GPS-GradientEstimation-Escape-Specialist-Refiner,Refiner,0.05092022521471435
7019,0.0004172320295337902,HOG8-ML02-H2-GPS-GradientEstimation-Escape-Specialist-Polisher,Polisher,0.046938061176758854
7036,0.0004170435662160752,HOG8-ML02-H2-GPS-GradientEstimation-Escape-Specialist-Polisher,Polisher,0.04516990652074254
7061,0.00041681928753019043,HOG8-ML02-H2-GPS-GradientEstimation-Escape-Specialist-Refiner,Refiner,0.053778239026604516
7078,0.00041667123455335934,HOG8-ML02-H2-GPS-GradientEstimation-Escape-Specialist-Polisher,Polisher,0.035519703924537856
7091,0.0004165276125549915,HOG8-ML02-H2-GPS-GradientEstimation-Escape-Specialist-Polisher,Polisher,0.03446890172818798
7100,0.00041640204800701407,HOG8-ML02-H2-GPS-GradientEstimation-Escape-Specialist-Polisher,Polisher,0.030145551985672998
7109,0.0004162275041322217,HOG8-ML02-H2-GPS-GradientEstimation-Escape-Specialist-Polisher,Polisher,0.0419171508948499
7120,0.00041605008917129546,HOG8-ML02-H2-GPS-GradientEstimation-Escape-Specialist-Polisher,Polisher,0.0426245164399099
7131,0.00041587660155381514,HOG8-ML02-H2-GPS-GradientEstimation-Escape-Specialist-Polisher,Polisher,0.04169873339671067
7139,0.00041570256355458017,HOG8-ML02-H2-GPS-GradientEstimation-Escape-Specialist-Polisher,Polisher,0.0418484710572138
7151,0.00041554356756671974,HOG8-ML02-H2-GPS-GradientEstimation-Escape-Specialist-Polisher,Polisher,0.03824753605099079
7163,0.00041537176556019466,HOG8-ML02-H2-GPS-GradientEstimation-Escape-Specialist-Polisher,Polisher,0.041343921536578544
7171,0.0004151767245374517,HOG8-ML02-H2-GPS-GradientEstimation-Escape-Specialist-Polisher,Polisher,0.04695577285565357
7184,0.00041499307180268674,HOG8-ML02-H2-GPS-GradientEstimation-Escape-Specialist-Polisher,Polisher,0.04423483396608113
7196,0.00041487827941228815,HOG8-ML02-H2-GPS-GradientEstimation-Escape-Specialist-Polisher,Polisher,0.02766127875338642
7205,0.0004147943659066976,HOG8-ML02-H2-GPS-GradientEstimation-Escape-Specialist-Polisher,Polisher,0.020226054183756916
7216,0.0004147363447043558,HOG8-ML02-H2-GPS-GradientEstimation-Escape-Specialist-Polisher,Polisher,0.013987943692283797
7236,0.0004146332104613017,HOG8-ML02-H2-GPS-GradientEstimation-Escape-Specialist-Polisher,Polisher,0.02486742345372051
7245,0.00041454129870705967,HOG8-ML02-H2-GPS-GradientEstimation-Escape-Specialist-Polisher,Polisher,0.022167002527306173
7256,0.0004144231300825498,HOG8-ML02-H2-GPS-GradientEstimation-Escape-Specialist-Polisher,Polisher,0.028505875018590882
7270,0.00041430600661024894,HOG8-ML02-H2-GPS-GradientEstimation-Escape-Specialist-Polisher,Polisher,0.028261808716497194
7281,0.00041416153766487423,HOG8-ML02-H2-GPS-GradientEstimation-Escape-Specialist-Polisher,Polisher,0.034870106411615844
7290,0.0004140116408196702,HOG8-ML02-H2-GPS-GradientEstimation-Escape-Specialist-Polisher,Polisher,0.03619284544121786
7302,0.0004138738835400944,HOG8-ML02-H2-GPS-GradientEstimation-Escape-Specialist-Polisher,Polisher,0.033273769622286925
7310,0.0004137243483831886,HOG8-ML02-H2-GPS-GradientEstimation-Escape-Specialist-Polisher,Polisher,0.03613060955351437
7325,0.000413586211556807,HOG8-ML02-H2-GPS-GradientEstimation-Escape-Specialist-Polisher,Polisher,0.03338861416337723
7335,0.000413518073220902,HOG8-ML02-H2-GPS-GradientEstimation-Escape-Specialist-Polisher,Polisher,0.016475001825741867
7348,0.0004133765159359372,HOG8-ML02-H2-GPS-GradientEstimation-Escape-Specialist-Polisher,Polisher,0.034232430002916564
7360,0.0004132831178071426,HOG8-ML02-H2-GPS-GradientEstimation-Escape-Specialist-Polisher,Polisher,0.022593961000220344
7372,0.00041320775586312184,HOG8-ML02-H2-GPS-GradientEstimation-Escape-Specialist-Polisher,Polisher,0.018234943740411236
7380,0.0004131296220102757,HOG8-ML02-H2-GPS-GradientEstimation-Escape-Specialist-Polisher,Polisher,0.018909096389769276
7395,0.00041299719680956324,HOG8-ML02-H2-GPS-GradientEstimation-Escape-Specialist-Polisher,Polisher,0.03205415289953384
7406,0.0004128500888679332,HOG8-ML02-H2-GPS-GradientEstimation-Escape-Specialist-Polisher,Polisher,0.03561959809085512
7416,0.0004127497988047127,HOG8-ML02-H2-GPS-GradientEstimation-Escape-Specialist-Polisher,Polisher,0.024292125864733213
7435,0.0004126244605656979,HOG8-ML02-H2-GPS-GradientEstimation-Escape-Specialist-Polisher,Polisher,0.03036663842788009
7452,0.00041251120248222593,HOG8-ML02-H2-GPS-GradientEstimation-Escape-Specialist-Polisher,Polisher,0.027448223335252993
7466,0.0004124276250181975,HOG8-ML02-H2-GPS-GradientEstimation-Escape-Specialist-Polisher,Polisher,0.020260653171479615
7484,0.00041238258321480917,HOG8-ML02-H2-GPS-GradientEstimation-Escape-Specialist-Polisher,Polisher,0.0109211412272274
7496,0.0004122961085081983,HOG8-ML02-H2-GPS-GradientEstimation-Escape-Specialist-Polisher,Polisher,0.02096953414878685
7506,0.00041217584067494554,HOG8-ML02-H2-GPS-GradientEstimation-Escape-Specialist-Polisher,Polisher,0.029170256708924425
7523,0.00041206053650192287,HOG8-ML02-H2-GPS-GradientEstimation-Escape-Specialist-Polisher,Polisher,0.027974510304597598
7530,0.000411960026443674,HOG8-ML02-H2-GPS-GradientEstimation-Escape-Specialist-Polisher,Polisher,0.02439206120102973
7540,0.00041057376309535813,HOG8-ML04-H2-GPS-Sniper-Specialist-Refiner,Refiner,0.3365043352101626
7551,0.0004086000317613766,HOG8-ML04-H2-GPS-Sniper-Specialist-Refiner,Refiner,0.480725148899283
7560,0.0004066550221844213,HOG8-ML04-H2-GPS-Sniper-Specialist-Refiner,Refiner,0.4760179700845356
7575,0.0004066407906254284,HOG8-ML04-H2-GPS-Sniper-Specialist-Polisher,Polisher,0.0034996638960602556
7592,0.00040531146434655036,HOG8-ML04-H2-GPS-Sniper-Specialist-Refiner,Refiner,0.3269043119932694
7605,0.0004046861278427326,HOG8-ML04-H2-GPS-Sniper-Specialist-Refiner,Refiner,0.1542854221569848
7618,0.0004043469386784684,HOG8-ML04-H2-GPS-Sniper-Specialist-Refiner,Refiner,0.08381536725075527
7625,0.0004039442208959189,HOG8-ML04-H2-GPS-Sniper-Specialist-Refiner,Refiner,0.09959708953545762
7640,0.000403671886648595,HOG8-ML04-H2-GPS-Sniper-Specialist-Refiner,Refiner,0.06741877547347157
7650,0.0004032704997425102,HOG8-ML04-H2-GPS-Sniper-Specialist-Refiner,Refiner,0.0994339510282143
7671,0.0004027855877934962,HOG8-ML04-H2-GPS-Sniper-Specialist-Refiner,Refiner,0.12024483549469171
7679,0.00040256184932030756,HOG8-ML04-H2-GPS-Sniper-Specialist-Refiner,Refiner,0.05554778521602127
7691,0.0004023627229831418,HOG8-ML04-H2-GPS-Sniper-Specialist-Polisher,Polisher,0.04946478100246454
7700,0.00040220365239489707,HOG8-ML04-H2-GPS-Sniper-Specialist-Polisher,Polisher,0.03953412658741665
7710,0.00040212085436354606,HOG8-ML04-H2-GPS-Sniper-Specialist-Polisher,Polisher,0.020586096336517794
7722,0.0004019274523009051,HOG8-ML04-H2-GPS-Sniper-Specialist-Polisher,Polisher,0.04809550674685791
7730,0.00040188564213876696,HOG8-ML04-H2-GPS-Sniper-Specialist-Polisher,Polisher,0.010402415137063576
7743,0.00040170999299046523,HOG8-ML04-H2-GPS-Sniper-Specialist-Polisher,Polisher,0.043706251202942074
7761,0.0004015278007743863,HOG8-ML04-H2-GPS-Sniper-Specialist-Polisher,Polisher,0.04535416575590485
7776,0.0004005217058039664,HOG8-ML04-H2-GPS-Sniper-Specialist-Refiner,Refiner,0.25056670259930464
7785,0.00039967329939571874,HOG8-ML04-H2-GPS-Sniper-Specialist-Refiner,Refiner,0.211825325807167
7802,0.0003996555798787809,HOG8-ML04-H2-GPS-Sniper-Specialist-Polisher,Polisher,0.004433500302528491
7816,0.0003995692689535071,HOG8-ML04-H2-GPS-Sniper-Specialist-Polisher,Polisher,0.02159632684222414
7825,0.0003991016758183064,HOG8-ML04-H2-GPS-Sniper-Specialist-Refiner,Refiner,0.11702429879689266
7835,0.0003986058313920793,HOG8-ML04-H2-GPS-Sniper-Specialist-Refiner,Refiner,0.12424012633131613
7850,0.00039817050801898695,HOG8-ML04-H2-GPS-Sniper-Specialist-Refiner,Refiner,0.10921149135527278
7855,0.0003980340478305178,HOG8-ML04-H2-GPS-Sniper-Specialist-Polisher,Polisher,0.03427179706204296
7869,0.0003960888604220322,HOG8-ML04-H2-GPS-Sniper-Specialist-Refiner,Refiner,0.4886987480311854
7880,0.0003960290520840801,HOG8-ML04-H2-GPS-Sniper-Specialist-Polisher,Polisher,0.015099727341071146
7889,0.0003959864327207441,HOG8-ML04-H2-GPS-Sniper-Specialist-Polisher,Polisher,0.010761675970926374
7899,0.00039495755856478967,HOG8-ML04-H2-GPS-Sniper-Specialist-Refiner,Refiner,0.25982560788389236
7910,0.00039469809296327225,HOG8-ML04-H2-GPS-Sniper-Specialist-Refiner,Refiner,0.06569455271606338
7922,0.00039464855086083583,HOG8-ML04-H2-GPS-Sniper-Specialist-Polisher,Polisher,0.012551898101271627
7961,0.00039443355086958825,HOG8-ML04-H2-GPS-Sniper-Specialist-Refiner,Refiner,0.05447884979651182
7972,0.0003938812442471762,HOG8-ML04-H2-GPS-Sniper-Specialist-Refiner,Refiner,0.1400252643808838
7986,0.0003930877969108129,HOG8-ML04-H2-GPS-Sniper-Specialist-Refiner,Refiner,0.20144328981183018
7994,0.0003929978245686038,HOG8-ML04-H2-GPS-Sniper-Specialist-Polisher,Polisher,0.022888612395551344
8010,0.0003919363432118547,HOG8-ML04-H2-GPS-Sniper-Specialist-Refiner,Refiner,0.2700985324573388
8015,0.00039190968875126426,HOG8-ML04-H2-GPS-Sniper-Specialist-Polisher,Polisher,0.0068007116594576075
8026,0.00039186638071575335,HOG8-ML04-H2-GPS-Sniper-Specialist-Polisher,Polisher,0.011050514124544388
8037,0.00039171892206862484,HOG8-ML04-H2-GPS-Sniper-Specialist-Polisher,Polisher,0.037629828529604774
8045,0.00039149809338842893,HOG8-ML04-H2-GPS-Sniper-Specialist-Refiner,Refiner,0.05637426934336937
8060,0.0003913294853116666,HOG8-ML04-H2-GPS-Sniper-Specialist-Polisher,Polisher,0.04306740686857946
8068,0.00039063733056449575,HOG8-ML04-H2-GPS-Sniper-Specialist-Refiner,Refiner,0.17687262860338965
8084,0.00038901053417565127,HOG8-ML04-H2-GPS-Sniper-Specialist-Refiner,Refiner,0.4164467298846363
8100,0.00038885823951456076,HOG8-ML04-H2-GPS-Sniper-Specialist-Polisher,Polisher,0.039149238313877
8120,0.0003888026571696748,HOG8-ML04-H2-GPS-Sniper-Specialist-Polisher,Polisher,0.014293729497759743
8129,0.0003887326145902768,HOG8-ML04-H2-GPS-Sniper-Specialist-Polisher,Polisher,0.018014943598343824
8135,0.0003887002172434055,HOG8-ML04-H2-GPS-Sniper-Specialist-Polisher,Polisher,0.008334095379530514
8151,0.00038814534004051864,HOG8-ML04-H2-GPS-Sniper-Specialist-Refiner,Refiner,0.14275196623813802
8162,0.00038784322006979823,HOG8-ML04-H2-GPS-Sniper-Specialist-Refiner,Refiner,0.07783681511901448
8171,0.0003875846651118377,HOG8-ML04-H2-GPS-Sniper-Specialist-Refiner,Refiner,0.06666481314640985
8181,0.00038685579907806063,HOG8-ML04-H2-GPS-Sniper-Specialist-Refiner,Refiner,0.1880533724332815
8196,0.0003864384643211731,HOG8-ML04-H2-GPS-Sniper-Specialist-Refiner,Refiner,0.10787863536803696
8216,0.00038628049136779316,HOG8-ML04-H2-GPS-Sniper-Specialist-Polisher,Polisher,0.04087920017419841
8227,0.0003862666835624608,HOG8-ML04-H2-GPS-Sniper-Specialist-Polisher,Polisher,0.0035745541493660813
8244,0.0003859764444952606,HOG8-ML04-H2-GPS-Sniper-Specialist-Refiner,Refiner,0.07513955501503981
8254,0.00038546453294599926,HOG8-ML04-H2-GPS-Sniper-Specialist-Refiner,Refiner,0.1326276659008968
8264,0.0003849299100400663,HOG8-ML04-H2-GPS-Sniper-Specialist-Refiner,Refiner,0.13869574506556365
8280,0.00038489864595859136,HOG8-ML04-H2-GPS-Sniper-Specialist-Polisher,Polisher,0.008122019271429299
8290,0.0003848600983961406,HOG8-ML04-H2-GPS-Sniper-Specialist-Polisher,Polisher,0.010014990402143334
8300,0.0003845042059948298,HOG8-ML04-H2-GPS-Sniper-Specialist-Refiner,Refiner,0.09247318773600587
8310,0.00038168425071625144,HOG8-ML04-H2-GPS-Sniper-Specialist-Exploiter,Exploiter,0.7334003723788292
8331,0.0003816229428417737,HOG8-ML04-H2-GPS-Sniper-Specialist-Polisher,Polisher,0.016062458527616355
8346,0.00038083681823776315,HOG8-ML04-H2-GPS-Sniper-Specialist-Refiner,Refiner,0.2059951108171436
8366,0.00037985938330079423,HOG8-ML04-H2-GPS-Sniper-Specialist-Refiner,Refiner,0.2566545276509177
8385,0.00037921005812685256,HOG8-ML04-H2-GPS-Sniper-Specialist-Refiner,Refiner,0.17093830045722513
8411,0.0003778807271174864,HOG8-ML04-H2-GPS-Sniper-Specialist-Refiner,Refiner,0.3505526767756369
8426,0.0003777671226087515,HOG8-ML04-H2-GPS-Sniper-Specialist-Polisher,Polisher,0.030063589006385776
8435,0.00037711118616768464,HOG8-ML04-H2-GPS-Sniper-Specialist-Refiner,Refiner,0.17363513175448891
8445,0.0003758271825821129,HOG8-ML04-H2-GPS-Sniper-Specialist-Refiner,Refiner,0.34048408869016783
8458,0.00037579321213621606,HOG8-ML04-H2-GPS-Sniper-Specialist-Polisher,Polisher,0.009038847499922002
8466,0.00037557533079354334,HOG8-ML04-H2-GPS-Sniper-Specialist-Refiner,Refiner,0.057979052211765296
8475,0.0003749282513253728,HOG8-ML04-H2-GPS-Sniper-Specialist-Refiner,Refiner,0.17229019456718328
8491,0.00037477528358831,HOG8-ML04-H2-GPS-Sniper-Specialist-Polisher,Polisher,0.04079920265332374
8501,0.0003743565109175944,HOG8-ML04-H2-GPS-Sniper-Specialist-Refiner,Refiner,0.11173967149220895
8510,0.000373194269300722,HOG8-ML04-H2-GPS-Sniper-Specialist-Refiner,Refiner,0.3104638447515245
8615,0.0003726498238053003,HOG8-ML04-H2-GPS-Sniper-Specialist-Refiner,Refiner,0.14588795707979563
8630,0.000362446942804686,HOG8-ML04-H2-GPS-Sniper-Specialist-Exploiter,Exploiter,2.7379272305640634
8639,0.00036122465766825427,HOG8-ML04-H2-GPS-Sniper-Specialist-Refiner,Refiner,0.3372314653762647
8661,0.00036006143062753456,HOG8-ML04-H2-GPS-Sniper-Specialist-Refiner,Refiner,0.32202315540375087
8673,0.00035889978408140487,HOG8-ML04-H2-GPS-Sniper-Specialist-Refiner,Refiner,0.32262454329115675
8700,0.0003580880591737332,HOG8-ML04-H2-GPS-Sniper-Specialist-Refiner,Refiner,0.22617035274882374
8711,0.0003580619875325268,HOG8-ML04-H2-GPS-Sniper-Specialist-Polisher,Polisher,0.007280790447622447
8717,0.00035789364664672523,HOG8-ML04-H2-GPS-Sniper-Specialist-Polisher,Polisher,0.04701445326872928
8731,0.00035782627821062674,HOG8-ML04-H2-GPS-Sniper-Specialist-Polisher,Polisher,0.018823590954939292
8745,0.000357555690161297,HOG8-ML04-H2-GPS-Sniper-Specialist-Refiner,Refiner,0.07561994906658691
8760,0.000357148157875678,HOG8-ML04-H2-GPS-Sniper-Specialist-Refiner,Refiner,0.11397728992515262
8785,0.00035704734565589723,HOG8-ML04-H2-GPS-Sniper-Specialist-Polisher,Polisher,0.028227002591971764
8795,0.0003569258898770964,HOG8-ML04-H2-GPS-Sniper-Specialist-Polisher,Polisher,0.03401671522798073
8811,0.00035688465361251754,HOG8-ML04-H2-GPS-Sniper-Specialist-Polisher,Polisher,0.011553172730915936
8819,0.0003565687152007535,HOG8-ML04-H2-GPS-Sniper-Specialist-Refiner,Refiner,0.08852675747358917
8831,0.0003564441229993953,HOG8-ML04-H2-GPS-Sniper-Specialist-Polisher,Polisher,0.03494198903234216
8843,0.00035635215021731037,HOG8-ML04-H2-GPS-Sniper-Specialist-Polisher,Polisher,0.025802861135993227
8858,0.0003562123648419836,HOG8-ML04-H2-GPS-Sniper-Specialist-Polisher,Polisher,0.03922675231270716
8861,0.000356165810271282,HOG8-ML04-H2-GPS-Sniper-Specialist-Polisher,Polisher,0.013069330347996422
8880,0.00035606083784209936,HOG8-ML04-H2-GPS-Sniper-Specialist-Polisher,Polisher,0.029472910132137136
8892,0.0003559819371342128,HOG8-ML04-H2-GPS-Sniper-Specialist-Polisher,Polisher,0.02215933332200823
8902,0.00035526451850713305,HOG8-ML04-H2-GPS-Sniper-Specialist-Refiner,Refiner,0.20153231168278515
8912,0.0003549194515054498,HOG8-ML04-H2-GPS-Sniper-Specialist-Refiner,Refiner,0.09712959885024657
8924,0.00035437447242362704,HOG8-ML04-H2-GPS-Sniper-Specialist-Refiner,Refiner,0.15355007439326263
8938,0.00035354974338683536,HOG8-ML04-H2-GPS-Sniper-Specialist-Refiner,Refiner,0.2327281169975965
8947,0.00035309228998320954,HOG8-ML04-H2-GPS-Sniper-Specialist-Refiner,Refiner,0.12938869626764413
8970,0.0003528205297633177,HOG8-ML04-H2-GPS-Sniper-Specialist-Refiner,Refiner,0.07696577569132804
8984,0.00035281126208679196,HOG8-ML04-H2-GPS-Sniper-Specialist-Polisher,Polisher,0.002626739586821491
9044,0.00035258929388523065,HOG8-ML04-H2-GPS-Sniper-Specialist-Refiner,Refiner,0.0629141485587561
9057,0.0003523078083427616,HOG8-ML04-H2-GPS-Sniper-Specialist-Refiner,Refiner,0.07983383141539233
9066,0.0003519690483717673,HOG8-ML04-H2-GPS-Sniper-Specialist-Refiner,Refiner,0.09615454525058736
9075,0.0003516050508810209,HOG8-ML04-H2-GPS-Sniper-Specialist-Refiner,Refiner,0.103417471630037
9090,0.0003512107561342985,HOG8-ML04-H2-GPS-Sniper-Specialist-Refiner,Refiner,0.1121413773023033
9119,0.000350224933985676,HOG8-ML04-H2-GPS-Sniper-Specialist-Refiner,Refiner,0.2806924706615464
9151,0.0003501291983365001,HOG8-ML04-H2-GPS-Sniper-Specialist-Polisher,Polisher,0.027335474972166058
9161,0.0003499829335080099,HOG8-ML04-H2-GPS-Sniper-Specialist-Polisher,Polisher,0.04177453042621956
9172,0.000349672996665407,HOG8-ML04-H2-GPS-Sniper-Specialist-Refiner,Refiner,0.08855770179886352
9183,0.00034920499766664557,HOG8-ML04-H2-GPS-Sniper-Specialist-Refiner,Refiner,0.13383904482885298
9195,0.00034892892521989785,HOG8-ML04-H2-GPS-Sniper-Specialist-Refiner,Refiner,0.07905741572784174
9201,0.00034842647952169935,HOG8-ML04-H2-GPS-Sniper-Specialist-Refiner,Refiner,0.14399657405354185
9211,0.0003475722654279909,HOG8-ML04-H2-GPS-Sniper-Specialist-Refiner,Refiner,0.24516336843316092
9222,0.00034752655765442054,HOG8-ML04-H2-GPS-Sniper-Specialist-Polisher,Polisher,0.013150581365877913
9231,0.0003475265545948082,HOG8-ML04-H2-GPS-Sniper-Specialist-Polisher,Polisher,8.803967016081058E-07
9240,0.0003472848500127686,HOG8-ML04-H2-GPS-Sniper-Specialist-Refiner,Refiner,0.06954996067031112
9255,0.0003472390650847728,HOG8-ML04-H2-GPS-Sniper-Specialist-Polisher,Polisher,0.013183681348072225
9265,0.0003471701137308771,HOG8-ML04-H2-GPS-Sniper-Specialist-Polisher,Polisher,0.019857026708351485
9275,0.0003470361898007831,HOG8-ML04-H2-GPS-Sniper-Specialist-Polisher,Polisher,0.038575881044240916
9285,0.0003469851486405268,HOG8-ML04-H2-GPS-Sniper-Specialist-Polisher,Polisher,0.014707734166166225
9295,0.00034670678179109395,HOG8-ML04-H2-GPS-Sniper-Specialist-Refiner,Refiner,0.08022442762276712
9310,0.0003466719661809827,HOG8-ML04-H2-GPS-Sniper-Specialist-Polisher,Polisher,0.010041802450871174
9337,0.00034657686507598255,HOG8-ML04-H2-GPS-Sniper-Specialist-Polisher,Polisher,0.027432591694049897
9351,0.00034637508073360096,HOG8-ML04-H2-GPS-Sniper-Specialist-Refiner,Refiner,0.05822210387221108
9360,0.0003463744815394496,HOG8-ML04-H2-GPS-Sniper-Specialist-Polisher,Polisher,0.00017298997090453114
9371,0.0003459427392792949,HOG8-ML04-H2-GPS-Sniper-Specialist-Refiner,Refiner,0.12464609351006443
9381,0.0003458002146991807,HOG8-ML04-H2-GPS-Sniper-Specialist-Polisher,Polisher,0.041198893322966196
9389,0.0003457897990690013,HOG8-ML04-H2-GPS-Sniper-Specialist-Polisher,Polisher,0.003012036932502132
9400,0.00034568528508597873,HOG8-ML04-H2-GPS-Sniper-Specialist-Polisher,Polisher,0.03022471550749659
9412,0.000344884233474125,HOG8-ML04-H2-GPS-Sniper-Specialist-Refiner,Refiner,0.23172858273515393
9425,0.0003445667975991533,HOG8-ML04-H2-GPS-Sniper-Specialist-Refiner,Refiner,0.09204128346896871
9455,0.00034441082185905793,HOG8-ML04-H2-GPS-Sniper-Specialist-Polisher,Polisher,0.04526719962056147
9478,0.0003440435843189096,HOG8-ML04-H2-GPS-Sniper-Specialist-Refiner,Refiner,0.10662775872316227
9486,0.00034349621457594023,HOG8-ML04-H2-GPS-Sniper-Specialist-Refiner,Refiner,0.1590989537133703
9506,0.00034349621420401997,HOG8-ML04-H2-GPS-Sniper-Specialist-Polisher,Polisher,1.0827492479929382E-07
9511,0.00034348763955349107,HOG8-ML04-H2-GPS-Sniper-Specialist-Polisher,Polisher,0.002496286763673255
9524,0.00034331467832307506,HOG8-ML04-H2-GPS-Sniper-Specialist-Refiner,Refiner,0.05035442633127777
9536,0.00034300528487411113,HOG8-ML04-H2-GPS-Sniper-Specialist-Refiner,Refiner,0.09011949342660495
9550,0.00034300522934362847,HOG8-ML04-H2-GPS-Sniper-Specialist-Polisher,Polisher,1.6189395648756288E-05
9570,0.00034300447786757943,HOG8-ML04-H2-GPS-Sniper-Specialist-Polisher,Polisher,0.0002190858869613054
9580,0.00034175188992668427,HOG8-ML04-H2-GPS-Sniper-Specialist-Refiner,Refiner,0.3651812211555861
9590,0.00034117888322984314,HOG8-ML04-H2-GPS-Sniper-Specialist-Refiner,Refiner,0.1676674551716617
9599,0.00034116288338348073,HOG8-ML04-H2-GPS-Sniper-Specialist-Polisher,Polisher,0.004689576978194345
9612,0.00034116105549324177,HOG8-ML04-H2-GPS-Sniper-Specialist-Polisher,Polisher,0.0005357822694062941
9642,0.00034110105972772793,HOG8-ML04-H2-GPS-Sniper-Specialist-Polisher,Polisher,0.017585760316954843
9651,0.00034024251113085513,HOG8-ML04-H2-GPS-Sniper-Specialist-Refiner,Refiner,0.2516991877885422
9675,0.00033996198751290484,HOG8-ML04-H2-GPS-Sniper-Specialist-Refiner,Refiner,0.08244813883424412
9716,0.0003388454535453588,HOG8-ML04-H2-GPS-Sniper-Specialist-Refiner,Refiner,0.3284290622355651
10000,0.0003388454535453588,Final,Final,0
