TimeMs,BestQuality,Source,Role,DeltaPct
8,1104277.829899357,HOG8-ML00-H1-GPS-GradientEstimation-Escape-Specialist-Global Explorer,Global Explorer,100
8,850197.6645122529,HOG8-ML00-H2-GPS-GradientEstimation-Escape-Specialist-Local Explorer,Local Explorer,23.008717417632184
8,757098.5291318136,HOG8-ML01-H2-GPS-GradientEstimation-Escape-Specialist-Local Explorer,Local Explorer,10.95029300437435
8,569637.8482138028,HOG8-ML02-H1-GPS-GradientEstimation-Escape-Specialist-Local Explorer,Local Explorer,24.76040749055176
19,1407.8726839050971,HOG8-ML00-H1-GPS-GradientEstimation-Escape-Specialist-Global Explorer,Global Explorer,99.75284776313237
20,268.3943915887708,HOG8-ML01-H2-GPS-GradientEstimation-Escape-Specialist-Global Explorer,Global Explorer,80.93617450945139
22,30.66823225901292,HOG8-ML06-H1-GPS-Spray-Specialist-Global Explorer,Global Explorer,88.57344519105965
33,28.81255624884753,HOG8-ML06-H1-GPS-Spray-Specialist-Local Explorer,Local Explorer,6.050808519033681
36,27.085064636116893,HOG8-ML00-H1-GPS-GradientEstimation-Escape-Specialist-Local Explorer,Local Explorer,5.995620790500794
46,24.55947160923002,HOG8-ML01-H1-GPS-GradientEstimation-Escape-Specialist-Local Explorer,Local Explorer,9.32467048101149
57,24.146396903208906,HOG8-ML01-H1-GPS-GradientEstimation-Escape-Specialist-Exploiter,Exploiter,1.6819364544710744
66,23.993422403531007,HOG8-ML01-H1-GPS-GradientEstimation-Escape-Specialist-Exploiter,Exploiter,0.6335293016639268
81,23.820309522093016,HOG8-ML01-H1-GPS-GradientEstimation-Escape-Specialist-Exploiter,Exploiter,0.7215014120391365
91,23.621050058426757,HOG8-ML01-H1-GPS-GradientEstimation-Escape-Specialist-Exploiter,Exploiter,0.8365108080625414
101,23.412142909929273,HOG8-ML01-H1-GPS-GradientEstimation-Escape-Specialist-Exploiter,Exploiter,0.8844109299999443
111,23.174174099924468,HOG8-ML01-H1-GPS-GradientEstimation-Escape-Specialist-Exploiter,Exploiter,1.0164332710607218
126,23.032555560190552,HOG8-ML01-H1-GPS-GradientEstimation-Escape-Specialist-Exploiter,Exploiter,0.611105013379429
136,22.81090050366063,HOG8-ML01-H1-GPS-GradientEstimation-Escape-Specialist-Exploiter,Exploiter,0.9623554622528757
147,22.629062316049012,HOG8-ML01-H1-GPS-GradientEstimation-Escape-Specialist-Exploiter,Exploiter,0.7971547970341497
156,22.455080197011906,HOG8-ML01-H1-GPS-GradientEstimation-Escape-Specialist-Exploiter,Exploiter,0.7688436958066716
170,22.21716152766622,HOG8-ML01-H2-GPS-GradientEstimation-Escape-Specialist-Exploiter,Exploiter,1.0595315948920323
179,22.014575977418446,HOG8-ML01-H2-GPS-GradientEstimation-Escape-Specialist-Exploiter,Exploiter,0.9118426311817689
191,21.778764402417544,HOG8-ML01-H2-GPS-GradientEstimation-Escape-Specialist-Exploiter,Exploiter,1.0711611036378208
201,21.573284548460002,HOG8-ML01-H2-GPS-GradientEstimation-Escape-Specialist-Exploiter,Exploiter,0.9434871977160114
210,21.378743093957485,HOG8-ML01-H2-GPS-GradientEstimation-Escape-Specialist-Exploiter,Exploiter,0.9017702152192852
220,21.28547195010767,HOG8-ML01-H1-GPS-GradientEstimation-Escape-Specialist-Refiner,Refiner,0.43627982917376257
224,21.139281775183257,HOG8-ML01-H2-GPS-GradientEstimation-Escape-Specialist-Exploiter,Exploiter,0.6868072987391475
231,21.10758304148381,HOG8-ML01-H1-GPS-GradientEstimation-Escape-Specialist-Refiner,Refiner,0.14995180080649517
236,20.95436705019399,HOG8-ML01-H2-GPS-GradientEstimation-Escape-Specialist-Exploiter,Exploiter,0.725881267356363
247,20.757228386665872,HOG8-ML01-H2-GPS-GradientEstimation-Escape-Specialist-Exploiter,Exploiter,0.9407998965365715
256,20.530520531246253,HOG8-ML01-H2-GPS-GradientEstimation-Escape-Specialist-Exploiter,Exploiter,1.092187507871969
267,20.334796223439028,HOG8-ML01-H2-GPS-GradientEstimation-Escape-Specialist-Exploiter,Exploiter,0.9533333921531326
276,20.153405163699475,HOG8-ML01-H2-GPS-GradientEstimation-Escape-Specialist-Exploiter,Exploiter,0.892023002081879
286,19.960510492234825,HOG8-ML01-H2-GPS-GradientEstimation-Escape-Specialist-Exploiter,Exploiter,0.9571319084682222
301,19.80492085652513,HOG8-ML01-H2-GPS-GradientEstimation-Escape-Specialist-Exploiter,Exploiter,0.7794872569527923
312,19.58068023782491,HOG8-ML01-H2-GPS-GradientEstimation-Escape-Specialist-Exploiter,Exploiter,1.1322469820743444
326,19.36759655460645,HOG8-ML01-H2-GPS-GradientEstimation-Escape-Specialist-Exploiter,Exploiter,1.088234323988586
337,19.153399165841716,HOG8-ML01-H2-GPS-GradientEstimation-Escape-Specialist-Exploiter,Exploiter,1.1059575108393571
346,19.13475584050912,HOG8-ML01-H1-GPS-GradientEstimation-Escape-Specialist-Refiner,Refiner,0.09733690177483424
351,18.91630554952133,HOG8-ML01-H2-GPS-GradientEstimation-Escape-Specialist-Exploiter,Exploiter,1.141641381832113
360,18.74421237991679,HOG8-ML01-H2-GPS-GradientEstimation-Escape-Specialist-Exploiter,Exploiter,0.9097609951055968
370,18.546486530303085,HOG8-ML01-H2-GPS-GradientEstimation-Escape-Specialist-Exploiter,Exploiter,1.0548634725540906
385,18.363325313282076,HOG8-ML01-H2-GPS-GradientEstimation-Escape-Specialist-Exploiter,Exploiter,0.987579058285473
396,18.14307440593473,HOG8-ML01-H2-GPS-GradientEstimation-Escape-Specialist-Exploiter,Exploiter,1.1994064451281037
405,17.931162014189514,HOG8-ML01-H2-GPS-GradientEstimation-Escape-Specialist-Exploiter,Exploiter,1.1680070698265872
415,17.70812501601814,HOG8-ML01-H2-GPS-GradientEstimation-Escape-Specialist-Exploiter,Exploiter,1.2438513354286638
426,17.53008496073731,HOG8-ML01-H2-GPS-GradientEstimation-Escape-Specialist-Exploiter,Exploiter,1.0054144926116286
435,17.389611544710142,HOG8-ML01-H2-GPS-GradientEstimation-Escape-Specialist-Exploiter,Exploiter,0.801327639551031
451,17.166119567792165,HOG8-ML01-H2-GPS-GradientEstimation-Escape-Specialist-Exploiter,Exploiter,1.2852039641216844
462,16.982425720572447,HOG8-ML01-H2-GPS-GradientEstimation-Escape-Specialist-Exploiter,Exploiter,1.07009534970485
471,16.807649883235914,HOG8-ML01-H2-GPS-GradientEstimation-Escape-Specialist-Exploiter,Exploiter,1.0291570839895392
481,16.62576034636872,HOG8-ML01-H2-GPS-GradientEstimation-Escape-Specialist-Exploiter,Exploiter,1.082183042428877
492,16.45073333395754,HOG8-ML01-H2-GPS-GradientEstimation-Escape-Specialist-Exploiter,Exploiter,1.052745912155567
506,16.241004357024433,HOG8-ML01-H2-GPS-GradientEstimation-Escape-Specialist-Exploiter,Exploiter,1.274891353932443
522,16.035332556442903,HOG8-ML01-H2-GPS-GradientEstimation-Escape-Specialist-Exploiter,Exploiter,1.2663736555958438
531,15.841086684881823,HOG8-ML01-H2-GPS-GradientEstimation-Escape-Specialist-Exploiter,Exploiter,1.2113616657300499
541,15.656044495441272,HOG8-ML01-H2-GPS-GradientEstimation-Escape-Specialist-Exploiter,Exploiter,1.1681155031942927
554,15.518571990427489,HOG8-ML01-H2-GPS-GradientEstimation-Escape-Specialist-Exploiter,Exploiter,0.8780794220009522
565,15.350265401397792,HOG8-ML01-H2-GPS-GradientEstimation-Escape-Specialist-Exploiter,Exploiter,1.0845494619834604
576,15.126951480839164,HOG8-ML01-H2-GPS-GradientEstimation-Escape-Specialist-Exploiter,Exploiter,1.4547886614279173
585,14.946662976217628,HOG8-ML01-H2-GPS-GradientEstimation-Escape-Specialist-Exploiter,Exploiter,1.1918363382727999
596,14.776133582028718,HOG8-ML01-H2-GPS-GradientEstimation-Escape-Specialist-Exploiter,Exploiter,1.140919511333379
611,14.592256266637985,HOG8-ML01-H2-GPS-GradientEstimation-Escape-Specialist-Exploiter,Exploiter,1.244421041336357
620,14.42133965331448,HOG8-ML01-H2-GPS-GradientEstimation-Escape-Specialist-Exploiter,Exploiter,1.1712829750274427
629,14.23833755973841,HOG8-ML01-H2-GPS-GradientEstimation-Escape-Specialist-Exploiter,Exploiter,1.2689673634724359
641,14.063786194562434,HOG8-ML01-H2-GPS-GradientEstimation-Escape-Specialist-Exploiter,Exploiter,1.2259251787199705
651,13.888222882270673,HOG8-ML01-H2-GPS-GradientEstimation-Escape-Specialist-Exploiter,Exploiter,1.2483360445257614
661,13.708292124485975,HOG8-ML01-H2-GPS-GradientEstimation-Escape-Specialist-Exploiter,Exploiter,1.2955635815320368
671,13.535404951390134,HOG8-ML01-H2-GPS-GradientEstimation-Escape-Specialist-Exploiter,Exploiter,1.261186816897687
682,13.331905485023391,HOG8-ML01-H2-GPS-GradientEstimation-Escape-Specialist-Exploiter,Exploiter,1.5034604956229491
697,13.110302614141714,HOG8-ML01-H2-GPS-GradientEstimation-Escape-Specialist-Exploiter,Exploiter,1.662199534272261
707,12.89833588420671,HOG8-ML01-H2-GPS-GradientEstimation-Escape-Specialist-Exploiter,Exploiter,1.6167950975163676
720,12.721897033850091,HOG8-ML01-H2-GPS-GradientEstimation-Escape-Specialist-Exploiter,Exploiter,1.3679194893091546
731,12.514775221106644,HOG8-ML01-H2-GPS-GradientEstimation-Escape-Specialist-Exploiter,Exploiter,1.6280733305130701
741,12.309100441368605,HOG8-ML01-H2-GPS-GradientEstimation-Escape-Specialist-Exploiter,Exploiter,1.6434556442624815
755,12.124634689800736,HOG8-ML01-H2-GPS-GradientEstimation-Escape-Specialist-Exploiter,Exploiter,1.4986127739108661
764,11.960438115623845,HOG8-ML01-H2-GPS-GradientEstimation-Escape-Specialist-Exploiter,Exploiter,1.3542393513514581
776,11.739480046947339,HOG8-ML01-H2-GPS-GradientEstimation-Escape-Specialist-Exploiter,Exploiter,1.8474078168413386
789,11.71140973301949,HOG8-ML00-H2-GPS-GradientEstimation-Escape-Specialist-Refiner,Refiner,0.23911036788335335
791,11.52171291885707,HOG8-ML01-H2-GPS-GradientEstimation-Escape-Specialist-Exploiter,Exploiter,1.6197607161466134
800,11.352286427916153,HOG8-ML01-H2-GPS-GradientEstimation-Escape-Specialist-Exploiter,Exploiter,1.4704974176506627
809,11.184850790308865,HOG8-ML01-H2-GPS-GradientEstimation-Escape-Specialist-Exploiter,Exploiter,1.474906739452519
821,11.034529089815294,HOG8-ML01-H2-GPS-GradientEstimation-Escape-Specialist-Exploiter,Exploiter,1.3439759127034323
831,10.860035409947951,HOG8-ML01-H2-GPS-GradientEstimation-Escape-Specialist-Exploiter,Exploiter,1.5813423341137227
842,10.67899012963348,HOG8-ML01-H2-GPS-GradientEstimation-Escape-Specialist-Exploiter,Exploiter,1.6670781768228047
855,10.472105417151354,HOG8-ML01-H2-GPS-GradientEstimation-Escape-Specialist-Exploiter,Exploiter,1.9373059621811448
867,10.308380881218827,HOG8-ML01-H2-GPS-GradientEstimation-Escape-Specialist-Exploiter,Exploiter,1.5634347574879908
877,10.2873843935876,HOG8-ML00-H2-GPS-GradientEstimation-Escape-Specialist-Refiner,Refiner,0.20368366160666668
877,10.087750676563912,HOG8-ML01-H2-GPS-GradientEstimation-Escape-Specialist-Exploiter,Exploiter,1.9405682667804662
887,10.072280449942571,HOG8-ML00-H2-GPS-GradientEstimation-Escape-Specialist-Refiner,Refiner,0.15335655209323992
887,9.876838609413431,HOG8-ML01-H2-GPS-GradientEstimation-Escape-Specialist-Exploiter,Exploiter,1.9403931562514682
901,9.70125178188205,HOG8-ML01-H2-GPS-GradientEstimation-Escape-Specialist-Exploiter,Exploiter,1.77776345726691
911,9.534184927058053,HOG8-ML01-H2-GPS-GradientEstimation-Escape-Specialist-Exploiter,Exploiter,1.7221164709487164
921,9.314505431423044,HOG8-ML01-H2-GPS-GradientEstimation-Escape-Specialist-Exploiter,Exploiter,2.3041245509257786
933,9.108062584246488,HOG8-ML01-H2-GPS-GradientEstimation-Escape-Specialist-Exploiter,Exploiter,2.2163586536769655
944,8.902778936110876,HOG8-ML01-H2-GPS-GradientEstimation-Escape-Specialist-Exploiter,Exploiter,2.253867342662705
957,8.724445925631246,HOG8-ML01-H2-GPS-GradientEstimation-Escape-Specialist-Exploiter,Exploiter,2.0031162377433307
967,8.507507948964872,HOG8-ML01-H2-GPS-GradientEstimation-Escape-Specialist-Exploiter,Exploiter,2.4865530546649346
977,8.338722918143155,HOG8-ML01-H2-GPS-GradientEstimation-Escape-Specialist-Exploiter,Exploiter,1.9839538421148692
987,8.171950635862158,HOG8-ML01-H2-GPS-GradientEstimation-Escape-Specialist-Exploiter,Exploiter,1.999973903895264
997,7.988692666114439,HOG8-ML01-H2-GPS-GradientEstimation-Escape-Specialist-Exploiter,Exploiter,2.2425241893104704
1019,7.829208118699713,HOG8-ML00-H2-GPS-GradientEstimation-Escape-Specialist-Exploiter,Exploiter,1.996378557548096
1019,7.708416824758277,HOG8-ML01-H2-GPS-GradientEstimation-Escape-Specialist-Exploiter,Exploiter,1.542829007865185
1031,7.583411627988357,HOG8-ML01-H2-GPS-GradientEstimation-Escape-Specialist-Exploiter,Exploiter,1.6216714743346812
1040,7.511719543322208,HOG8-ML00-H2-GPS-GradientEstimation-Escape-Specialist-Exploiter,Exploiter,0.945380366820032
1042,7.35353738167139,HOG8-ML01-H2-GPS-GradientEstimation-Escape-Specialist-Exploiter,Exploiter,2.105804945705666
1051,7.329854448385528,HOG8-ML00-H2-GPS-GradientEstimation-Escape-Specialist-Refiner,Refiner,0.32206177866031327
1058,7.147077336571751,HOG8-ML01-H2-GPS-GradientEstimation-Escape-Specialist-Exploiter,Exploiter,2.493598107586367
1066,6.974324421060421,HOG8-ML01-H2-GPS-GradientEstimation-Escape-Specialist-Exploiter,Exploiter,2.4171127214106027
1078,6.7713903780053295,HOG8-ML01-H2-GPS-GradientEstimation-Escape-Specialist-Exploiter,Exploiter,2.9097304742849412
1083,6.766336867635768,HOG8-ML00-H2-GPS-GradientEstimation-Escape-Specialist-Refiner,Refiner,0.07463032091572527
1089,6.5690542284979205,HOG8-ML01-H2-GPS-GradientEstimation-Escape-Specialist-Exploiter,Exploiter,2.915649087491852
1096,6.563107940550259,HOG8-ML00-H2-GPS-GradientEstimation-Escape-Specialist-Refiner,Refiner,0.09051969645593291
1098,6.383549907520958,HOG8-ML01-H2-GPS-GradientEstimation-Escape-Specialist-Exploiter,Exploiter,2.735868961104515
1108,6.377357806233247,HOG8-ML00-H2-GPS-GradientEstimation-Escape-Specialist-Refiner,Refiner,0.09700090666504675
1108,6.20377025960947,HOG8-ML01-H2-GPS-GradientEstimation-Escape-Specialist-Exploiter,Exploiter,2.721935194762193
1121,6.0337288417307935,HOG8-ML01-H2-GPS-GradientEstimation-Escape-Specialist-Exploiter,Exploiter,2.740936733034035
1130,6.021792279687129,HOG8-ML00-H2-GPS-GradientEstimation-Escape-Specialist-Refiner,Refiner,0.1978306012213901
1131,5.858302078721237,HOG8-ML01-H2-GPS-GradientEstimation-Escape-Specialist-Exploiter,Exploiter,2.7149757642318852
1141,5.65629937206584,HOG8-ML01-H2-GPS-GradientEstimation-Escape-Specialist-Exploiter,Exploiter,3.4481442564923226
1151,5.623148463701979,HOG8-ML00-H2-GPS-GradientEstimation-Escape-Specialist-Exploiter,Exploiter,0.5860882917120744
1155,5.475564926388763,HOG8-ML01-H2-GPS-GradientEstimation-Escape-Specialist-Exploiter,Exploiter,2.6245712391533447
1166,5.446929300086502,HOG8-ML00-H2-GPS-GradientEstimation-Escape-Specialist-Exploiter,Exploiter,0.522971176257184
1166,5.295699177009823,HOG8-ML01-H2-GPS-GradientEstimation-Escape-Specialist-Exploiter,Exploiter,2.7764289702507763
1177,5.235185357183873,HOG8-ML00-H2-GPS-GradientEstimation-Escape-Specialist-Exploiter,Exploiter,1.1426974569978934
1177,5.091193854014752,HOG8-ML01-H2-GPS-GradientEstimation-Escape-Specialist-Exploiter,Exploiter,2.750456638016301
1186,4.879842945342057,HOG8-ML01-H2-GPS-GradientEstimation-Escape-Specialist-Exploiter,Exploiter,4.1513035003770336
1197,4.854781269319634,HOG8-ML00-H2-GPS-GradientEstimation-Escape-Specialist-Exploiter,Exploiter,0.5135754634551298
1197,4.706211212188699,HOG8-ML01-H2-GPS-GradientEstimation-Escape-Specialist-Exploiter,Exploiter,3.0602832319107978
1206,4.670428239067523,HOG8-ML00-H2-GPS-GradientEstimation-Escape-Specialist-Exploiter,Exploiter,0.7603350446427243
1206,4.539791344853124,HOG8-ML01-H2-GPS-GradientEstimation-Escape-Specialist-Exploiter,Exploiter,2.7971074070176005
1216,4.498588220975296,HOG8-ML00-H2-GPS-GradientEstimation-Escape-Specialist-Exploiter,Exploiter,0.9075995072888391
1216,4.392332898797656,HOG8-ML01-H2-GPS-GradientEstimation-Escape-Specialist-Exploiter,Exploiter,2.361970399562444
1229,4.283863721867305,HOG8-ML00-H2-GPS-GradientEstimation-Escape-Specialist-Exploiter,Exploiter,2.4695117476192125
1229,4.183561027622296,HOG8-ML01-H2-GPS-GradientEstimation-Escape-Specialist-Exploiter,Exploiter,2.3414072145434157
1240,4.0151257315154645,HOG8-ML01-H2-GPS-GradientEstimation-Escape-Specialist-Exploiter,Exploiter,4.026122602125884
1251,3.834425902004616,HOG8-ML01-H2-GPS-GradientEstimation-Escape-Specialist-Exploiter,Exploiter,4.500477484241707
1259,3.6677647551224237,HOG8-ML01-H2-GPS-GradientEstimation-Escape-Specialist-Exploiter,Exploiter,4.346443278381326
1270,3.4488794311486157,HOG8-ML01-H2-GPS-GradientEstimation-Escape-Specialist-Local Explorer,Local Explorer,5.96781251218774
1287,3.3359722429921224,HOG8-ML00-H2-GPS-GradientEstimation-Escape-Specialist-Exploiter,Exploiter,3.2737354381475354
1288,3.240432147008872,HOG8-ML01-H2-GPS-GradientEstimation-Escape-Specialist-Exploiter,Exploiter,2.863935579318788
1298,3.154822081257658,HOG8-ML00-H2-GPS-GradientEstimation-Escape-Specialist-Exploiter,Exploiter,2.6419336022893547
1298,3.066960367394242,HOG8-ML01-H2-GPS-GradientEstimation-Escape-Specialist-Exploiter,Exploiter,2.784997429344427
1305,2.8612517614925768,HOG8-ML01-H2-GPS-GradientEstimation-Escape-Specialist-Local Explorer,Local Explorer,6.707246956583266
1316,2.7904292302485354,HOG8-ML01-H2-GPS-GradientEstimation-Escape-Specialist-Exploiter,Exploiter,2.4752289259263462
1327,2.6186476624995,HOG8-ML01-H2-GPS-GradientEstimation-Escape-Specialist-Local Explorer,Local Explorer,6.1560983481288805
1340,2.442452471444607,HOG8-ML00-H2-GPS-GradientEstimation-Escape-Specialist-Local Explorer,Local Explorer,6.7284802601780465
1341,2.4174537121557664,HOG8-ML01-H2-GPS-GradientEstimation-Escape-Specialist-Exploiter,Exploiter,1.023510573127143
1351,2.2430400641100805,HOG8-ML00-H2-GPS-GradientEstimation-Escape-Specialist-Local Explorer,Local Explorer,7.214766808922782
1351,2.203321611778004,HOG8-ML01-H2-GPS-GradientEstimation-Escape-Specialist-Exploiter,Exploiter,1.7707419928691535
1362,2.000994913049296,HOG8-ML01-H2-GPS-GradientEstimation-Escape-Specialist-Local Explorer,Local Explorer,9.182803710868036
1371,1.8894534664858686,HOG8-ML00-H2-GPS-GradientEstimation-Escape-Specialist-Local Explorer,Local Explorer,5.574299356586098
1373,1.7967635408625486,HOG8-ML01-H2-GPS-GradientEstimation-Escape-Specialist-Exploiter,Exploiter,4.905647440776137
1382,1.6960396385254013,HOG8-ML00-H2-GPS-GradientEstimation-Escape-Specialist-Local Explorer,Local Explorer,5.605851857879649
1388,1.6422258667689746,HOG8-ML01-H2-GPS-GradientEstimation-Escape-Specialist-Exploiter,Exploiter,3.1729076687862263
1395,1.48808990188384,HOG8-ML01-H2-GPS-GradientEstimation-Escape-Specialist-Local Explorer,Local Explorer,9.38579570594586
1407,1.3660519205639976,HOG8-ML00-H2-GPS-GradientEstimation-Escape-Specialist-Local Explorer,Local Explorer,8.2009817528732
1407,1.3512968320681824,HOG8-ML01-H2-GPS-GradientEstimation-Escape-Specialist-Exploiter,Exploiter,1.080126477895753
1417,1.2294564960173007,HOG8-ML00-H2-GPS-GradientEstimation-Escape-Specialist-Local Explorer,Local Explorer,9.016548633833697
1421,1.201857088995009,HOG8-ML01-H2-GPS-GradientEstimation-Escape-Specialist-Exploiter,Exploiter,2.2448461667165165
1430,1.0875871920170286,HOG8-ML00-H2-GPS-GradientEstimation-Escape-Specialist-Local Explorer,Local Explorer,9.507777424147227
1431,1.0491716842136012,HOG8-ML01-H2-GPS-GradientEstimation-Escape-Specialist-Exploiter,Exploiter,3.532177289821
1441,0.9652212403267459,HOG8-ML00-H2-GPS-GradientEstimation-Escape-Specialist-Local Explorer,Local Explorer,8.001592603957823
1441,0.9298185470151216,HOG8-ML01-H2-GPS-GradientEstimation-Escape-Specialist-Exploiter,Exploiter,3.6678319780488757
1451,0.8662923349250693,HOG8-ML00-H2-GPS-GradientEstimation-Escape-Specialist-Local Explorer,Local Explorer,6.832108511277002
1454,0.8270117667389578,HOG8-ML01-H2-GPS-GradientEstimation-Escape-Specialist-Exploiter,Exploiter,4.5343317264268626
1461,0.7699194285488341,HOG8-ML00-H2-GPS-GradientEstimation-Escape-Specialist-Local Explorer,Local Explorer,6.903449320346204
1467,0.7490794518939718,HOG8-ML01-H2-GPS-GradientEstimation-Escape-Specialist-Exploiter,Exploiter,2.706773706716563
1473,0.6991817768870602,HOG8-ML00-H2-GPS-GradientEstimation-Escape-Specialist-Local Explorer,Local Explorer,6.6611992734215875
1477,0.6807817156512215,HOG8-ML01-H2-GPS-GradientEstimation-Escape-Specialist-Exploiter,Exploiter,2.6316562936981254
1482,0.6478532450778742,HOG8-ML00-H2-GPS-GradientEstimation-Escape-Specialist-Exploiter,Exploiter,4.8368617746803855
1486,0.6119363937986163,HOG8-ML01-H2-GPS-GradientEstimation-Escape-Specialist-Local Explorer,Local Explorer,5.5439795281013975
1490,0.5886479774905824,HOG8-ML00-H2-GPS-GradientEstimation-Escape-Specialist-Exploiter,Exploiter,3.805692314436515
1496,0.5599208287975095,HOG8-ML01-H2-GPS-GradientEstimation-Escape-Specialist-Exploiter,Exploiter,4.88019152219588
1502,0.5310962903246718,HOG8-ML00-H2-GPS-GradientEstimation-Escape-Specialist-Local Explorer,Local Explorer,5.147966817869865
1507,0.515676937212354,HOG8-ML01-H2-GPS-GradientEstimation-Escape-Specialist-Exploiter,Exploiter,2.903306498882072
1520,0.4840722677210297,HOG8-ML01-H2-GPS-GradientEstimation-Escape-Specialist-Local Explorer,Local Explorer,6.128773115620176
1526,0.4618755383628151,HOG8-ML00-H2-GPS-GradientEstimation-Escape-Specialist-Exploiter,Exploiter,4.585416442614008
1531,0.45233312366560396,HOG8-ML01-H2-GPS-GradientEstimation-Escape-Specialist-Exploiter,Exploiter,2.066014305723052
1541,0.4282578892200107,HOG8-ML00-H2-GPS-GradientEstimation-Escape-Specialist-Local Explorer,Local Explorer,5.32245665550493
1546,0.41344987013098067,HOG8-ML01-H2-GPS-GradientEstimation-Escape-Specialist-Exploiter,Exploiter,3.457734104093206
1551,0.3914041036386965,HOG8-ML00-H2-GPS-GradientEstimation-Escape-Specialist-Local Explorer,Local Explorer,5.332149816687594
1553,0.38516786825304583,HOG8-ML01-H2-GPS-GradientEstimation-Escape-Specialist-Exploiter,Exploiter,1.5932984165662454
1560,0.36322809911660014,HOG8-ML00-H2-GPS-GradientEstimation-Escape-Specialist-Local Explorer,Local Explorer,5.696157687284495
1567,0.3550412699881229,HOG8-ML01-H2-GPS-GradientEstimation-Escape-Specialist-Exploiter,Exploiter,2.2539085352670294
1571,0.33791871292911263,HOG8-ML00-H2-GPS-GradientEstimation-Escape-Specialist-Exploiter,Exploiter,4.822694854483558
1576,0.3294088545278213,HOG8-ML01-H2-GPS-GradientEstimation-Escape-Specialist-Exploiter,Exploiter,2.5183152266197473
1583,0.3153087408950396,HOG8-ML00-H2-GPS-GradientEstimation-Escape-Specialist-Exploiter,Exploiter,4.280429453844833
1587,0.30930039099410644,HOG8-ML01-H2-GPS-GradientEstimation-Escape-Specialist-Exploiter,Exploiter,1.905544985488746
1597,0.29447055479374507,HOG8-ML00-H2-GPS-GradientEstimation-Escape-Specialist-Exploiter,Exploiter,4.7946386852915275
1602,0.2911840702524951,HOG8-ML01-H2-GPS-GradientEstimation-Escape-Specialist-Exploiter,Exploiter,1.1160655922124059
1607,0.27281347879135354,HOG8-ML00-H2-GPS-GradientEstimation-Escape-Specialist-Local Explorer,Local Explorer,6.308927354855583
1608,0.27226802924977034,HOG8-ML01-H2-GPS-GradientEstimation-Escape-Specialist-Refiner,Refiner,0.19993496802273308
1618,0.2566602988741713,HOG8-ML00-H2-GPS-GradientEstimation-Escape-Specialist-Local Explorer,Local Explorer,5.73248736497115
1620,0.2562338255737457,HOG8-ML01-H2-GPS-GradientEstimation-Escape-Specialist-Refiner,Refiner,0.1661625511605485
1628,0.23815029440649943,HOG8-ML00-H2-GPS-GradientEstimation-Escape-Specialist-Local Explorer,Local Explorer,7.057433235738701
1639,0.22398744869320997,HOG8-ML00-H2-GPS-GradientEstimation-Escape-Specialist-Local Explorer,Local Explorer,5.947020031440675
1651,0.2094442781644291,HOG8-ML00-H2-GPS-GradientEstimation-Escape-Specialist-Local Explorer,Local Explorer,6.492850654636588
1662,0.19616841162217696,HOG8-ML00-H2-GPS-GradientEstimation-Escape-Specialist-Local Explorer,Local Explorer,6.338615052462594
1672,0.185399002569682,HOG8-ML00-H2-GPS-GradientEstimation-Escape-Specialist-Local Explorer,Local Explorer,5.48987931514529
1686,0.17608807134249319,HOG8-ML00-H2-GPS-GradientEstimation-Escape-Specialist-Local Explorer,Local Explorer,5.022104271402061
1692,0.16681723656643066,HOG8-ML00-H2-GPS-GradientEstimation-Escape-Specialist-Local Explorer,Local Explorer,5.264885182387314
1706,0.16015158944966537,HOG8-ML00-H2-GPS-GradientEstimation-Escape-Specialist-Exploiter,Exploiter,3.995778406334448
1717,0.1509667754928523,HOG8-ML00-H2-GPS-GradientEstimation-Escape-Specialist-Local Explorer,Local Explorer,5.735075117502838
1726,0.14191289878255342,HOG8-ML00-H2-GPS-GradientEstimation-Escape-Specialist-Local Explorer,Local Explorer,5.997264418439909
1736,0.1340777167097129,HOG8-ML00-H2-GPS-GradientEstimation-Escape-Specialist-Local Explorer,Local Explorer,5.521120447864289
1747,0.12800611619315097,HOG8-ML00-H2-GPS-GradientEstimation-Escape-Specialist-Exploiter,Exploiter,4.528418789907765
1757,0.12206272719729627,HOG8-ML00-H2-GPS-GradientEstimation-Escape-Specialist-Exploiter,Exploiter,4.643050795234347
1768,0.11684609475907584,HOG8-ML00-H2-GPS-GradientEstimation-Escape-Specialist-Exploiter,Exploiter,4.273730857896137
1782,0.11054870429205671,HOG8-ML00-H2-GPS-GradientEstimation-Escape-Specialist-Local Explorer,Local Explorer,5.389474487789838
1791,0.10498113795614028,HOG8-ML00-H2-GPS-GradientEstimation-Escape-Specialist-Local Explorer,Local Explorer,5.0363017563802215
1803,0.10059027229600032,HOG8-ML00-H2-GPS-GradientEstimation-Escape-Specialist-Exploiter,Exploiter,4.182528162320368
1814,0.09662760467709755,HOG8-ML00-H2-GPS-GradientEstimation-Escape-Specialist-Exploiter,Exploiter,3.9394143473854872
1827,0.09265745678701828,HOG8-ML00-H2-GPS-GradientEstimation-Escape-Specialist-Exploiter,Exploiter,4.108709828155622
1835,0.08977234880971971,HOG8-ML00-H2-GPS-GradientEstimation-Escape-Specialist-Exploiter,Exploiter,3.1137353401899
1845,0.08558851007052644,HOG8-ML00-H2-GPS-GradientEstimation-Escape-Specialist-Exploiter,Exploiter,4.660498243241113
1858,0.0815480911578519,HOG8-ML00-H2-GPS-GradientEstimation-Escape-Specialist-Exploiter,Exploiter,4.720749209613722
1868,0.07842080222908296,HOG8-ML00-H2-GPS-GradientEstimation-Escape-Specialist-Exploiter,Exploiter,3.834901448171825
1880,0.07561373826363801,HOG8-ML00-H2-GPS-GradientEstimation-Escape-Specialist-Exploiter,Exploiter,3.5794889693234015
1890,0.07279092117362215,HOG8-ML00-H2-GPS-GradientEstimation-Escape-Specialist-Exploiter,Exploiter,3.7332066299561983
1899,0.07001646262659542,HOG8-ML00-H2-GPS-GradientEstimation-Escape-Specialist-Exploiter,Exploiter,3.811544767250645
1910,0.06744381473657986,HOG8-ML00-H2-GPS-GradientEstimation-Escape-Specialist-Exploiter,Exploiter,3.6743471370950846
1921,0.0651912211423508,HOG8-ML00-H2-GPS-GradientEstimation-Escape-Specialist-Exploiter,Exploiter,3.3399557884250295
1932,0.06285466119771725,HOG8-ML00-H2-GPS-GradientEstimation-Escape-Specialist-Exploiter,Exploiter,3.584163486570482
1941,0.0604102001134054,HOG8-ML00-H2-GPS-GradientEstimation-Escape-Specialist-Exploiter,Exploiter,3.8890689055223624
1953,0.05822085930254832,HOG8-ML00-H2-GPS-GradientEstimation-Escape-Specialist-Exploiter,Exploiter,3.62412441400149
1962,0.05629890312715409,HOG8-ML00-H2-GPS-GradientEstimation-Escape-Specialist-Exploiter,Exploiter,3.301147043204334
1978,0.05454138738162688,HOG8-ML00-H2-GPS-GradientEstimation-Escape-Specialist-Exploiter,Exploiter,3.1217584142940886
1987,0.05265685269962196,HOG8-ML00-H2-GPS-GradientEstimation-Escape-Specialist-Exploiter,Exploiter,3.4552378890159163
1995,0.05097227092755544,HOG8-ML00-H2-GPS-GradientEstimation-Escape-Specialist-Exploiter,Exploiter,3.199169121778168
2009,0.04912155529003773,HOG8-ML00-H2-GPS-GradientEstimation-Escape-Specialist-Exploiter,Exploiter,3.63082829907275
2023,0.0469349327363411,HOG8-ML00-H2-GPS-GradientEstimation-Escape-Specialist-Exploiter,Exploiter,4.451452200130348
2038,0.04525400392802774,HOG8-ML00-H2-GPS-GradientEstimation-Escape-Specialist-Exploiter,Exploiter,3.5814024018230626
2046,0.043924871289196844,HOG8-ML00-H2-GPS-GradientEstimation-Escape-Specialist-Exploiter,Exploiter,2.93704981540364
2056,0.042629916809493,HOG8-ML00-H2-GPS-GradientEstimation-Escape-Specialist-Exploiter,Exploiter,2.9481121781279667
2066,0.041611625829561766,HOG8-ML00-H2-GPS-GradientEstimation-Escape-Specialist-Exploiter,Exploiter,2.388676910822576
2080,0.040129859567203996,HOG8-ML00-H2-GPS-GradientEstimation-Escape-Specialist-Exploiter,Exploiter,3.560942964418113
2089,0.038795436416135656,HOG8-ML00-H2-GPS-GradientEstimation-Escape-Specialist-Exploiter,Exploiter,3.3252624491088247
2099,0.03744769671119666,HOG8-ML00-H2-GPS-GradientEstimation-Escape-Specialist-Exploiter,Exploiter,3.4739645418151546
2111,0.036234461138791654,HOG8-ML00-H2-GPS-GradientEstimation-Escape-Specialist-Exploiter,Exploiter,3.2398136039225465
2122,0.035268892700028295,HOG8-ML00-H2-GPS-GradientEstimation-Escape-Specialist-Exploiter,Exploiter,2.664779352078309
2137,0.03436437366663758,HOG8-ML00-H2-GPS-GradientEstimation-Escape-Specialist-Exploiter,Exploiter,2.564636891449636
2146,0.03343580675821774,HOG8-ML00-H2-GPS-GradientEstimation-Escape-Specialist-Exploiter,Exploiter,2.7021208575709847
2157,0.03278159144201887,HOG8-ML00-H2-GPS-GradientEstimation-Escape-Specialist-Exploiter,Exploiter,1.956630868606377
2167,0.0318011374922941,HOG8-ML00-H2-GPS-GradientEstimation-Escape-Specialist-Exploiter,Exploiter,2.9908674551658327
2177,0.031042320948173878,HOG8-ML00-H2-GPS-GradientEstimation-Escape-Specialist-Exploiter,Exploiter,2.3861301951985094
2187,0.03027174930651305,HOG8-ML00-H2-GPS-GradientEstimation-Escape-Specialist-Exploiter,Exploiter,2.4823261216431582
2200,0.029375331172654846,HOG8-ML00-H2-GPS-GradientEstimation-Escape-Specialist-Exploiter,Exploiter,2.9612366460280457
2211,0.02851854928332015,HOG8-ML00-H2-GPS-GradientEstimation-Escape-Specialist-Exploiter,Exploiter,2.9166714216732488
2222,0.027753611237849047,HOG8-ML00-H2-GPS-GradientEstimation-Escape-Specialist-Exploiter,Exploiter,2.6822473957975737
2235,0.02712840002889117,HOG8-ML00-H2-GPS-GradientEstimation-Escape-Specialist-Exploiter,Exploiter,2.252720208551609
2248,0.026535839991169888,HOG8-ML00-H2-GPS-GradientEstimation-Escape-Specialist-Exploiter,Exploiter,2.1842793422768
2256,0.025970952574546964,HOG8-ML00-H2-GPS-GradientEstimation-Escape-Specialist-Exploiter,Exploiter,2.128771566345353
2267,0.025387842653766573,HOG8-ML00-H2-GPS-GradientEstimation-Escape-Specialist-Exploiter,Exploiter,2.2452388648688713
2277,0.024824271419516448,HOG8-ML00-H2-GPS-GradientEstimation-Escape-Specialist-Exploiter,Exploiter,2.2198468847313144
2290,0.024199843551754675,HOG8-ML00-H2-GPS-GradientEstimation-Escape-Specialist-Exploiter,Exploiter,2.515392525360713
2302,0.023668335958280533,HOG8-ML00-H2-GPS-GradientEstimation-Escape-Specialist-Exploiter,Exploiter,2.196326568547603
2312,0.023122367397918314,HOG8-ML00-H2-GPS-GradientEstimation-Escape-Specialist-Exploiter,Exploiter,2.3067467071811962
2326,0.022596213303085685,HOG8-ML00-H2-GPS-GradientEstimation-Escape-Specialist-Exploiter,Exploiter,2.275520000949375
2336,0.022142760596583697,HOG8-ML00-H2-GPS-GradientEstimation-Escape-Specialist-Exploiter,Exploiter,2.006764144150057
2347,0.02175645678420765,HOG8-ML00-H2-GPS-GradientEstimation-Escape-Specialist-Exploiter,Exploiter,1.7446054690924444
2358,0.02124772766332468,HOG8-ML00-H2-GPS-GradientEstimation-Escape-Specialist-Exploiter,Exploiter,2.3382903104527606
2371,0.020833476226253346,HOG8-ML00-H2-GPS-GradientEstimation-Escape-Specialist-Exploiter,Exploiter,1.949627007815837
2380,0.020387658842183843,HOG8-ML00-H2-GPS-GradientEstimation-Escape-Specialist-Exploiter,Exploiter,2.1399087661986305
2391,0.01993366732944775,HOG8-ML00-H2-GPS-GradientEstimation-Escape-Specialist-Exploiter,Exploiter,2.2267957113189767
2402,0.01956343644257686,HOG8-ML00-H2-GPS-GradientEstimation-Escape-Specialist-Exploiter,Exploiter,1.8573144657829777
2413,0.019224159496921064,HOG8-ML00-H2-GPS-GradientEstimation-Escape-Specialist-Exploiter,Exploiter,1.7342400280832626
2427,0.01893800788401652,HOG8-ML00-H2-GPS-GradientEstimation-Escape-Specialist-Exploiter,Exploiter,1.4884999937207912
2438,0.018773331393895237,HOG8-ML00-H2-GPS-GradientEstimation-Escape-Specialist-Exploiter,Exploiter,0.8695555051504023
2445,0.01851515002303581,HOG8-ML01-H2-GPS-GradientEstimation-Escape-Specialist-Exploiter,Exploiter,1.3752560237837292
2458,0.018077005802617646,HOG8-ML01-H2-GPS-GradientEstimation-Escape-Specialist-Exploiter,Exploiter,2.366409237154669
2466,0.01773799432302483,HOG8-ML01-H2-GPS-GradientEstimation-Escape-Specialist-Exploiter,Exploiter,1.8753740707641215
2477,0.017422913429860652,HOG8-ML01-H2-GPS-GradientEstimation-Escape-Specialist-Exploiter,Exploiter,1.7763050738785369
2487,0.017109063620939925,HOG8-ML01-H2-GPS-GradientEstimation-Escape-Specialist-Exploiter,Exploiter,1.8013623851383456
2500,0.016869631085015567,HOG8-ML01-H2-GPS-GradientEstimation-Escape-Specialist-Exploiter,Exploiter,1.3994485100360181
2511,0.016587930029124537,HOG8-ML01-H2-GPS-GradientEstimation-Escape-Specialist-Exploiter,Exploiter,1.6698708731173788
2522,0.016285062575742214,HOG8-ML01-H2-GPS-GradientEstimation-Escape-Specialist-Exploiter,Exploiter,1.8258303046284765
2533,0.01602950175121534,HOG8-ML01-H2-GPS-GradientEstimation-Escape-Specialist-Exploiter,Exploiter,1.5692959320128665
2547,0.01570166420094886,HOG8-ML01-H2-GPS-GradientEstimation-Escape-Specialist-Exploiter,Exploiter,2.045213602734884
2557,0.015394273660789628,HOG8-ML01-H2-GPS-GradientEstimation-Escape-Specialist-Exploiter,Exploiter,1.9576940139928303
2566,0.01512880308951882,HOG8-ML01-H2-GPS-GradientEstimation-Escape-Specialist-Exploiter,Exploiter,1.7244761079373443
2578,0.01491008687654615,HOG8-ML01-H2-GPS-GradientEstimation-Escape-Specialist-Exploiter,Exploiter,1.4456940954185304
2591,0.014666709594145512,HOG8-ML01-H2-GPS-GradientEstimation-Escape-Specialist-Exploiter,Exploiter,1.6322995594577936
2601,0.014448261032413581,HOG8-ML01-H2-GPS-GradientEstimation-Escape-Specialist-Exploiter,Exploiter,1.4894176524714797
2613,0.01427224075828945,HOG8-ML01-H2-GPS-GradientEstimation-Escape-Specialist-Exploiter,Exploiter,1.2182799973591436
2623,0.014144664004661684,HOG8-ML01-H2-GPS-GradientEstimation-Escape-Specialist-Exploiter,Exploiter,0.8938803358797678
2637,0.013968490769606073,HOG8-ML01-H2-GPS-GradientEstimation-Escape-Specialist-Exploiter,Exploiter,1.2455102150008555
2647,0.013884561859311143,HOG8-ML01-H2-GPS-GradientEstimation-Escape-Specialist-Exploiter,Exploiter,0.6008445126910233
2657,0.013801981448300388,HOG8-ML01-H2-GPS-GradientEstimation-Escape-Specialist-Exploiter,Exploiter,0.5947642557793503
2670,0.013655890570136185,HOG8-ML01-H2-GPS-GradientEstimation-Escape-Specialist-Exploiter,Exploiter,1.0584775723067834
2681,0.0134461553533432,HOG8-ML01-H2-GPS-GradientEstimation-Escape-Specialist-Exploiter,Exploiter,1.535858944649509
2692,0.013243438809481272,HOG8-ML01-H2-GPS-GradientEstimation-Escape-Specialist-Exploiter,Exploiter,1.5076171480610285
2701,0.013063152279479141,HOG8-ML01-H2-GPS-GradientEstimation-Escape-Specialist-Exploiter,Exploiter,1.361327164309164
2712,0.012889034046272183,HOG8-ML01-H2-GPS-GradientEstimation-Escape-Specialist-Exploiter,Exploiter,1.3328959923438986
2722,0.012673072316095074,HOG8-ML01-H2-GPS-GradientEstimation-Escape-Specialist-Exploiter,Exploiter,1.6755462775705054
2737,0.012509949503872523,HOG8-ML01-H2-GPS-GradientEstimation-Escape-Specialist-Exploiter,Exploiter,1.2871607464543684
2746,0.012353737136967765,HOG8-ML01-H2-GPS-GradientEstimation-Escape-Specialist-Exploiter,Exploiter,1.2487050156069874
2757,0.012192383262244444,HOG8-ML01-H2-GPS-GradientEstimation-Escape-Specialist-Exploiter,Exploiter,1.3061138741610419
2771,0.012013465789017038,HOG8-ML01-H2-GPS-GradientEstimation-Escape-Specialist-Exploiter,Exploiter,1.46745283000946
2778,0.011895571741925954,HOG8-ML01-H2-GPS-GradientEstimation-Escape-Specialist-Exploiter,Exploiter,0.981349172350131
2791,0.011732521011876816,HOG8-ML01-H2-GPS-GradientEstimation-Escape-Specialist-Exploiter,Exploiter,1.3706842645861625
2801,0.011558488179726264,HOG8-ML01-H2-GPS-GradientEstimation-Escape-Specialist-Exploiter,Exploiter,1.4833370592252033
2811,0.011431253495506041,HOG8-ML01-H2-GPS-GradientEstimation-Escape-Specialist-Exploiter,Exploiter,1.1007900189178184
2822,0.011286813589737125,HOG8-ML01-H2-GPS-GradientEstimation-Escape-Specialist-Exploiter,Exploiter,1.26355264386097
2831,0.011158420485477955,HOG8-ML01-H2-GPS-GradientEstimation-Escape-Specialist-Exploiter,Exploiter,1.1375496125488886
2847,0.011031499031379802,HOG8-ML01-H2-GPS-GradientEstimation-Escape-Specialist-Exploiter,Exploiter,1.137450002563844
2857,0.0108823328901306,HOG8-ML01-H2-GPS-GradientEstimation-Escape-Specialist-Exploiter,Exploiter,1.3521837859468593
2866,0.010775973079115896,HOG8-ML01-H2-GPS-GradientEstimation-Escape-Specialist-Exploiter,Exploiter,0.9773622263583153
2877,0.010664208701953675,HOG8-ML01-H2-GPS-GradientEstimation-Escape-Specialist-Exploiter,Exploiter,1.0371627354825366
2887,0.010551903967863025,HOG8-ML01-H2-GPS-GradientEstimation-Escape-Specialist-Exploiter,Exploiter,1.0530995522440947
2900,0.01046281048023112,HOG8-ML01-H2-GPS-GradientEstimation-Escape-Specialist-Exploiter,Exploiter,0.8443356564203905
2910,0.010345494884858208,HOG8-ML01-H2-GPS-GradientEstimation-Escape-Specialist-Exploiter,Exploiter,1.12126273905633
2920,0.010251751352208047,HOG8-ML01-H2-GPS-GradientEstimation-Escape-Specialist-Exploiter,Exploiter,0.9061290319457271
2930,0.010135448188098183,HOG8-ML01-H2-GPS-GradientEstimation-Escape-Specialist-Exploiter,Exploiter,1.1344711758426995
2941,0.010047253323993328,HOG8-ML01-H2-GPS-GradientEstimation-Escape-Specialist-Exploiter,Exploiter,0.8701624483505357
2951,0.009961716561352012,HOG8-ML01-H2-GPS-GradientEstimation-Escape-Specialist-Exploiter,Exploiter,0.8513447395324389
2962,0.009868358776888781,HOG8-ML01-H2-GPS-GradientEstimation-Escape-Specialist-Exploiter,Exploiter,0.9371656369488233
2977,0.009769986436867911,HOG8-ML01-H2-GPS-GradientEstimation-Escape-Specialist-Exploiter,Exploiter,0.9968460029164468
2984,0.009704615355854151,HOG8-ML01-H2-GPS-GradientEstimation-Escape-Specialist-Exploiter,Exploiter,0.6691010416050956
2996,0.00961031314247615,HOG8-ML01-H2-GPS-GradientEstimation-Escape-Specialist-Exploiter,Exploiter,0.9717254102308726
3006,0.009534881253090408,HOG8-ML01-H2-GPS-GradientEstimation-Escape-Specialist-Exploiter,Exploiter,0.7849056348886647
3022,0.009499799368228791,HOG8-ML04-H2-GPS-Sniper-Specialist-Refiner,Refiner,0.3679320584118099
3022,0.009449291260042549,HOG8-ML01-H2-GPS-GradientEstimation-Escape-Specialist-Exploiter,Exploiter,0.53167552522385
3032,0.00939995344837682,HOG8-ML04-H2-GPS-Sniper-Specialist-Exploiter,Exploiter,0.5221324045154604
3036,0.009356699067507367,HOG8-ML01-H2-GPS-GradientEstimation-Escape-Specialist-Refiner,Refiner,0.4601552667999751
3041,0.009226942811081613,HOG8-ML04-H2-GPS-Sniper-Specialist-Exploiter,Exploiter,1.3867738557110723
3056,0.009084003038752729,HOG8-ML04-H2-GPS-Sniper-Specialist-Exploiter,Exploiter,1.5491563701599327
3067,0.009020211076833255,HOG8-ML04-H2-GPS-Sniper-Specialist-Exploiter,Exploiter,0.7022450526198012
3076,0.008947886170337675,HOG8-ML04-H2-GPS-Sniper-Specialist-Exploiter,Exploiter,0.8018094685315457
3086,0.00883586412931284,HOG8-ML04-H2-GPS-Sniper-Specialist-Exploiter,Exploiter,1.251938601948117
3092,0.00881950192471788,HOG8-ML04-H2-GPS-Sniper-Specialist-Refiner,Refiner,0.1851794499722822
3097,0.008767129854242392,HOG8-ML04-H2-GPS-Sniper-Specialist-Exploiter,Exploiter,0.5938211808617951
3111,0.008642487212033768,HOG8-ML04-H2-GPS-Sniper-Specialist-Exploiter,Exploiter,1.4217040728364485
3117,0.008532156793596615,HOG8-ML04-H2-GPS-Sniper-Specialist-Exploiter,Exploiter,1.2766049371010906
3127,0.008477819929065785,HOG8-ML04-H2-GPS-Sniper-Specialist-Exploiter,Exploiter,0.6368479371078719
3136,0.00843299438467813,HOG8-ML04-H2-GPS-Sniper-Specialist-Exploiter,Exploiter,0.5287390480419697
3141,0.008379964447298854,HOG8-ML04-H2-GPS-Sniper-Specialist-Exploiter,Exploiter,0.6288387607090794
3145,0.00837012731652363,HOG8-ML04-H2-GPS-Sniper-Specialist-Refiner,Refiner,0.11738869343765783
3157,0.0083600516233783,HOG8-ML04-H2-GPS-Sniper-Specialist-Refiner,Refiner,0.12037682061823267
3164,0.008317094081214994,HOG8-ML04-H2-GPS-Sniper-Specialist-Exploiter,Exploiter,0.51384302512175
3176,0.0082771444879663,HOG8-ML04-H2-GPS-Sniper-Specialist-Refiner,Refiner,0.48033114521241727
3190,0.008258944439121403,HOG8-ML04-H2-GPS-Sniper-Specialist-Refiner,Refiner,0.2198831840057453
3195,0.00820784498986691,HOG8-ML04-H2-GPS-Sniper-Specialist-Exploiter,Exploiter,0.6187164671122262
3205,0.008180565258181897,HOG8-ML04-H2-GPS-Sniper-Specialist-Refiner,Refiner,0.3323616822526653
3220,0.008087489361082095,HOG8-ML04-H2-GPS-Sniper-Specialist-Exploiter,Exploiter,1.1377685301967506
3231,0.00805470220544452,HOG8-ML04-H2-GPS-Sniper-Specialist-Refiner,Refiner,0.405405858032415
3239,0.007932400730918037,HOG8-ML04-H2-GPS-Sniper-Specialist-Exploiter,Exploiter,1.5183860483856688
3251,0.007869287159694168,HOG8-ML04-H2-GPS-Sniper-Specialist-Exploiter,Exploiter,0.795642748832286
3262,0.007824310558497864,HOG8-ML04-H2-GPS-Sniper-Specialist-Exploiter,Exploiter,0.5715460661630362
3270,0.007766459771493212,HOG8-ML04-H2-GPS-Sniper-Specialist-Exploiter,Exploiter,0.7393723264450517
3282,0.007712035459685964,HOG8-ML04-H2-GPS-Sniper-Specialist-Exploiter,Exploiter,0.7007608795839362
3292,0.00765112980131168,HOG8-ML04-H2-GPS-Sniper-Specialist-Exploiter,Exploiter,0.7897481630195201
3302,0.0075878381725391795,HOG8-ML04-H2-GPS-Sniper-Specialist-Exploiter,Exploiter,0.8272193834909163
3312,0.007575432089251178,HOG8-ML04-H2-GPS-Sniper-Specialist-Refiner,Refiner,0.16349957663699546
3316,0.007570386915232704,HOG8-ML04-H2-GPS-Sniper-Specialist-Refiner,Refiner,0.06659915842466946
3322,0.007543919208508709,HOG8-ML04-H2-GPS-Sniper-Specialist-Refiner,Refiner,0.3496215850043029
3330,0.007493649022440648,HOG8-ML04-H2-GPS-Sniper-Specialist-Exploiter,Exploiter,0.6663669729039746
3343,0.007480048565139414,HOG8-ML04-H2-GPS-Sniper-Specialist-Refiner,Refiner,0.18149311851283495
3366,0.007444842574223306,HOG8-ML04-H2-GPS-Sniper-Specialist-Refiner,Refiner,0.4706652718831864
3376,0.007403885341588683,HOG8-ML04-H2-GPS-Sniper-Specialist-Exploiter,Exploiter,0.5501423599799321
3391,0.00738446168215265,HOG8-ML04-H2-GPS-Sniper-Specialist-Refiner,Refiner,0.2623441414864742
3396,0.007352410520409004,HOG8-ML04-H2-GPS-Sniper-Specialist-Refiner,Refiner,0.43403518256596985
3406,0.007307145811127116,HOG8-ML04-H2-GPS-Sniper-Specialist-Exploiter,Exploiter,0.6156444768180619
3416,0.007255172686355807,HOG8-ML04-H2-GPS-Sniper-Specialist-Exploiter,Exploiter,0.7112643720913003
3427,0.007233805691229309,HOG8-ML04-H2-GPS-Sniper-Specialist-Refiner,Refiner,0.29450705104071334
3436,0.007193947963519347,HOG8-ML04-H2-GPS-Sniper-Specialist-Exploiter,Exploiter,0.5509925122579442
3450,0.007173429662926846,HOG8-ML04-H2-GPS-Sniper-Specialist-Refiner,Refiner,0.2852161385730043
3452,0.007159339993315559,HOG8-ML04-H2-GPS-Sniper-Specialist-Refiner,Refiner,0.19641468967213543
3456,0.007114681321173582,HOG8-ML04-H2-GPS-Sniper-Specialist-Exploiter,Exploiter,0.6237819712944676
3466,0.007086400900591294,HOG8-ML04-H2-GPS-Sniper-Specialist-Refiner,Refiner,0.39749384836288276
3476,0.007040690417390454,HOG8-ML04-H2-GPS-Sniper-Specialist-Exploiter,Exploiter,0.6450451201120373
3490,0.006962473713061089,HOG8-ML04-H2-GPS-Sniper-Specialist-Exploiter,Exploiter,1.1109237829314416
3495,0.006932838142651431,HOG8-ML04-H2-GPS-Sniper-Specialist-Refiner,Refiner,0.42564714253877617
3501,0.006889355818400045,HOG8-ML04-H2-GPS-Sniper-Specialist-Exploiter,Exploiter,0.6271937027330593
3506,0.0068751106327990955,HOG8-ML04-H2-GPS-Sniper-Specialist-Refiner,Refiner,0.20677093731904508
3517,0.006865450433114737,HOG8-ML06-H2-GPS-Spray-Specialist-Refiner,Refiner,0.14050973432009098
3520,0.006853509791558346,HOG8-ML04-H2-GPS-Sniper-Specialist-Refiner,Refiner,0.17392364379760433
3530,0.006840233942317345,HOG8-ML04-H2-GPS-Sniper-Specialist-Refiner,Refiner,0.19370876594285685
3532,0.0068399547277290815,HOG8-ML04-H2-GPS-Sniper-Specialist-Polisher,Polisher,0.00408194501267252
3540,0.006814762742455007,HOG8-ML04-H2-GPS-Sniper-Specialist-Refiner,Refiner,0.3683063160045047
3551,0.006752169387307791,HOG8-ML04-H2-GPS-Sniper-Specialist-Exploiter,Exploiter,0.918496468809813
3555,0.006749510697895445,HOG8-ML04-H2-GPS-Sniper-Specialist-Polisher,Polisher,0.039375336426591856
3561,0.00672512867533355,HOG8-ML04-H2-GPS-Sniper-Specialist-Refiner,Refiner,0.3612413351607467
3567,0.006720193192799247,HOG8-ML04-H2-GPS-Sniper-Specialist-Refiner,Refiner,0.07338867064960419
3570,0.006686402853777735,HOG8-ML04-H2-GPS-Sniper-Specialist-Exploiter,Exploiter,0.502817970437496
3581,0.006640558362162533,HOG8-ML04-H2-GPS-Sniper-Specialist-Exploiter,Exploiter,0.6856375934528192
3591,0.006587472996355094,HOG8-ML04-H2-GPS-Sniper-Specialist-Exploiter,Exploiter,0.7994111776792079
3593,0.006581342743395346,HOG8-ML04-H2-GPS-Sniper-Specialist-Refiner,Refiner,0.09305924992998954
3602,0.006561863817308965,HOG8-ML04-H2-GPS-Sniper-Specialist-Refiner,Refiner,0.2959719140281665
3611,0.00652456956020791,HOG8-ML04-H2-GPS-Sniper-Specialist-Exploiter,Exploiter,0.5683485384545748
3621,0.006467737137795179,HOG8-ML04-H2-GPS-Sniper-Specialist-Exploiter,Exploiter,0.8710524409049196
3630,0.006457758713359036,HOG8-ML04-H2-GPS-Sniper-Specialist-Refiner,Refiner,0.15427999350550048
3642,0.0063798472899843405,HOG8-ML04-H2-GPS-Sniper-Specialist-Exploiter,Exploiter,1.2064777708947487
3656,0.006359656805618239,HOG8-ML04-H2-GPS-Sniper-Specialist-Refiner,Refiner,0.3164728472074645
3666,0.006333904781354535,HOG8-ML04-H2-GPS-Sniper-Specialist-Refiner,Refiner,0.4049278923503171
3674,0.006330170269074636,HOG8-ML04-H2-GPS-Sniper-Specialist-Refiner,Refiner,0.05896066342665231
3686,0.006311821163884523,HOG8-ML04-H2-GPS-Sniper-Specialist-Refiner,Refiner,0.28986748239231586
3692,0.006276390687447618,HOG8-ML04-H2-GPS-Sniper-Specialist-Exploiter,Exploiter,0.5613352393384328
3700,0.00625808270271025,HOG8-ML04-H2-GPS-Sniper-Specialist-Refiner,Refiner,0.2916960662436513
3702,0.006253374737063629,HOG8-ML04-H2-GPS-Sniper-Specialist-Refiner,Refiner,0.07523016026270146
3706,0.006253012902373228,HOG8-ML04-H2-GPS-Sniper-Specialist-Polisher,Polisher,0.005786230725249026
3710,0.006207457853554207,HOG8-ML04-H2-GPS-Sniper-Specialist-Exploiter,Exploiter,0.7285295829428288
3716,0.006141396566253526,HOG8-ML04-H2-GPS-Sniper-Specialist-Exploiter,Exploiter,1.064224499935283
3723,0.006132525708308191,HOG8-ML04-H2-GPS-Sniper-Specialist-Refiner,Refiner,0.14444365951027233
3735,0.006119650515148577,HOG8-ML04-H2-GPS-Sniper-Specialist-Refiner,Refiner,0.20994927330139113
3742,0.006100010280038976,HOG8-ML04-H2-GPS-Sniper-Specialist-Refiner,Refiner,0.3209372015768563
3747,0.0060616417542683175,HOG8-ML04-H2-GPS-Sniper-Specialist-Exploiter,Exploiter,0.6289911657396943
3753,0.006030267569087711,HOG8-ML04-H2-GPS-Sniper-Specialist-Exploiter,Exploiter,0.5175856055583387
3772,0.006001423653264698,HOG8-ML04-H2-GPS-Sniper-Specialist-Refiner,Refiner,0.47831900479627165
3777,0.005985304615057268,HOG8-ML04-H2-GPS-Sniper-Specialist-Refiner,Refiner,0.26858690768584426
3780,0.005976844946309168,HOG8-ML00-H2-GPS-GradientEstimation-Escape-Specialist-Refiner,Refiner,0.141340655023925
3786,0.00594318670043413,HOG8-ML04-H2-GPS-Sniper-Specialist-Exploiter,Exploiter,0.5631440363167453
3796,0.00593287753850241,HOG8-ML04-H2-GPS-Sniper-Specialist-Refiner,Refiner,0.17346185558947244
3802,0.005894923175747956,HOG8-ML04-H2-GPS-Sniper-Specialist-Exploiter,Exploiter,0.6397294147425528
3817,0.00586422991293993,HOG8-ML04-H2-GPS-Sniper-Specialist-Exploiter,Exploiter,0.5206728212218279
3825,0.005855657752568418,HOG8-ML04-H2-GPS-Sniper-Specialist-Refiner,Refiner,0.1461770854617431
3837,0.005812979977512357,HOG8-ML04-H2-GPS-Sniper-Specialist-Exploiter,Exploiter,0.7288297379972748
3845,0.0058066462327364425,HOG8-ML04-H2-GPS-Sniper-Specialist-Refiner,Refiner,0.10895865460429323
3856,0.005788177626205107,HOG8-ML04-H2-GPS-Sniper-Specialist-Refiner,Refiner,0.31805978513404
3867,0.005762776064375811,HOG8-ML04-H2-GPS-Sniper-Specialist-Refiner,Refiner,0.43885249330107656
3876,0.005762415778766975,HOG8-ML04-H2-GPS-Sniper-Specialist-Polisher,Polisher,0.006251945326539099
3884,0.005751942210135231,HOG8-ML04-H2-GPS-Sniper-Specialist-Refiner,Refiner,0.18175655894767198
3896,0.005739304073496236,HOG8-ML04-H2-GPS-Sniper-Specialist-Refiner,Refiner,0.21971946478749205
3906,0.005717100034095441,HOG8-ML04-H2-GPS-Sniper-Specialist-Refiner,Refiner,0.38687686026833257
3915,0.005666417100984729,HOG8-ML04-H2-GPS-Sniper-Specialist-Exploiter,Exploiter,0.8865147156504289
3926,0.005640040044805797,HOG8-ML04-H2-GPS-Sniper-Specialist-Refiner,Refiner,0.4654979629782009
3942,0.005610296055091913,HOG8-ML04-H2-GPS-Sniper-Specialist-Exploiter,Exploiter,0.527371959730623
3947,0.005585452502828319,HOG8-ML04-H2-GPS-Sniper-Specialist-Refiner,Refiner,0.4428207000064713
3957,0.005579200457914973,HOG8-ML04-H2-GPS-Sniper-Specialist-Refiner,Refiner,0.11193443879758372
3968,0.005563429176172396,HOG8-ML04-H2-GPS-Sniper-Specialist-Refiner,Refiner,0.28267996214767005
3981,0.00551335778516459,HOG8-ML04-H2-GPS-Sniper-Specialist-Exploiter,Exploiter,0.9000094981393344
3987,0.005507913821139292,HOG8-ML04-H2-GPS-Sniper-Specialist-Refiner,Refiner,0.09874135213837534
4004,0.005479678254292039,HOG8-ML04-H1-GPS-Sniper-Specialist-Exploiter,Exploiter,0.5126363222838599
4006,0.00545309779033071,HOG8-ML04-H1-GPS-Sniper-Specialist-Refiner,Refiner,0.48507344277940084
4011,0.005448160239909026,HOG8-ML04-H1-GPS-Sniper-Specialist-Refiner,Refiner,0.09054578904561472
4016,0.005440862815636897,HOG8-ML04-H1-GPS-Sniper-Specialist-Refiner,Refiner,0.1339429082623916
4022,0.005402466072116579,HOG8-ML04-H1-GPS-Sniper-Specialist-Exploiter,Exploiter,0.7057105613831425
4032,0.005387501909788344,HOG8-ML04-H1-GPS-Sniper-Specialist-Refiner,Refiner,0.2769876224761281
4037,0.005355680415302063,HOG8-ML04-H1-GPS-Sniper-Specialist-Exploiter,Exploiter,0.5906539806225453
4051,0.005307066837390933,HOG8-ML04-H1-GPS-Sniper-Specialist-Exploiter,Exploiter,0.9077012469271635
4060,0.00526617306772479,HOG8-ML04-H1-GPS-Sniper-Specialist-Exploiter,Exploiter,0.7705531307430619
4065,0.0052599126795400165,HOG8-ML02-H2-GPS-GradientEstimation-Escape-Specialist-Refiner,Refiner,0.1188792716126639
4070,0.005228886927824946,HOG8-ML04-H1-GPS-Sniper-Specialist-Exploiter,Exploiter,0.5898529805590637
4080,0.005212337180177401,HOG8-ML04-H1-GPS-Sniper-Specialist-Refiner,Refiner,0.3165061298127745
4090,0.0051863709819158325,HOG8-ML04-H1-GPS-Sniper-Specialist-Refiner,Refiner,0.49816804561911576
4106,0.005173326285904124,HOG8-ML04-H1-GPS-Sniper-Specialist-Refiner,Refiner,0.2515187605590433
4118,0.005109946771606477,HOG8-ML04-H1-GPS-Sniper-Specialist-Exploiter,Exploiter,1.2251211463374785
4126,0.005098990938601655,HOG8-ML04-H1-GPS-Sniper-Specialist-Refiner,Refiner,0.21440209643079924
4134,0.005078697322006527,HOG8-ML04-H1-GPS-Sniper-Specialist-Refiner,Refiner,0.3979927958195768
4142,0.005057020631120834,HOG8-ML04-H1-GPS-Sniper-Specialist-Refiner,Refiner,0.4268159630574141
4153,0.005039417609704819,HOG8-ML04-H1-GPS-Sniper-Specialist-Refiner,Refiner,0.3480907573856161
4162,0.005012622558878088,HOG8-ML04-H1-GPS-Sniper-Specialist-Exploiter,Exploiter,0.5317092748005051
4179,0.004976638293645177,HOG8-ML04-H1-GPS-Sniper-Specialist-Exploiter,Exploiter,0.7178730257513194
4189,0.004952341119963999,HOG8-ML04-H1-GPS-Sniper-Specialist-Refiner,Refiner,0.48822462569168706
4198,0.0049230625978806735,HOG8-ML04-H1-GPS-Sniper-Specialist-Exploiter,Exploiter,0.5912056817996004
4208,0.0049044783036043945,HOG8-ML04-H1-GPS-Sniper-Specialist-Refiner,Refiner,0.37749457592270597
4222,0.004886609220727546,HOG8-ML04-H1-GPS-Sniper-Specialist-Refiner,Refiner,0.36434217404359814
4230,0.0048800657792243615,HOG8-ML04-H1-GPS-Sniper-Specialist-Refiner,Refiner,0.13390556125152897
4243,0.0048585353414148935,HOG8-ML04-H1-GPS-Sniper-Specialist-Refiner,Refiner,0.4411915491206772
4247,0.00485270070516578,HOG8-ML04-H1-GPS-Sniper-Specialist-Refiner,Refiner,0.1200904354729816
4257,0.004833400657755467,HOG8-ML04-H1-GPS-Sniper-Specialist-Refiner,Refiner,0.3977176542078375
4268,0.004751666806766644,HOG8-ML04-H1-GPS-Sniper-Specialist-Exploiter,Exploiter,1.6910216383091827
4277,0.004725553110061315,HOG8-ML04-H1-GPS-Sniper-Specialist-Exploiter,Exploiter,0.5495691883980967
4291,0.0046909869706730795,HOG8-ML04-H1-GPS-Sniper-Specialist-Exploiter,Exploiter,0.7314728791141782
4302,0.004678274689599082,HOG8-ML04-H1-GPS-Sniper-Specialist-Refiner,Refiner,0.2709937408368712
4312,0.004643598425769063,HOG8-ML04-H1-GPS-Sniper-Specialist-Exploiter,Exploiter,0.7412190632395533
4320,0.004624699437538641,HOG8-ML04-H1-GPS-Sniper-Specialist-Refiner,Refiner,0.40699015068883343
4333,0.004600743154984305,HOG8-ML04-H1-GPS-Sniper-Specialist-Exploiter,Exploiter,0.5180073403232054
4342,0.004575953394086395,HOG8-ML04-H1-GPS-Sniper-Specialist-Exploiter,Exploiter,0.5388207961805735
4351,0.004570194539396166,HOG8-ML04-H1-GPS-Sniper-Specialist-Refiner,Refiner,0.12585037901984053
4363,0.004527388370536452,HOG8-ML04-H1-GPS-Sniper-Specialist-Exploiter,Exploiter,0.9366377840311894
4373,0.004514641095163748,HOG8-ML04-H1-GPS-Sniper-Specialist-Refiner,Refiner,0.2815591314334927
4382,0.004503479413077195,HOG8-ML04-H1-GPS-Sniper-Specialist-Refiner,Refiner,0.24723298821050982
4394,0.004495904567601456,HOG8-ML04-H1-GPS-Sniper-Specialist-Refiner,Refiner,0.16819984685049783
4403,0.004474398289109432,HOG8-ML04-H1-GPS-Sniper-Specialist-Refiner,Refiner,0.4783526466954645
4412,0.004455162871712392,HOG8-ML04-H1-GPS-Sniper-Specialist-Refiner,Refiner,0.42989953406379655
4422,0.0044166380823324955,HOG8-ML04-H1-GPS-Sniper-Specialist-Exploiter,Exploiter,0.864722356717992
4433,0.00440987704287705,HOG8-ML04-H1-GPS-Sniper-Specialist-Refiner,Refiner,0.15308112934339574
4441,0.004387334587624728,HOG8-ML04-H1-GPS-Sniper-Specialist-Exploiter,Exploiter,0.5111810382272112
4451,0.004358157054361286,HOG8-ML04-H1-GPS-Sniper-Specialist-Exploiter,Exploiter,0.6650400757157346
4467,0.004342379571905252,HOG8-ML04-H1-GPS-Sniper-Specialist-Refiner,Refiner,0.3620218881337771
4477,0.00429666341971507,HOG8-ML04-H1-GPS-Sniper-Specialist-Exploiter,Exploiter,1.05279032920016
4482,0.004288015426357368,HOG8-ML04-H1-GPS-Sniper-Specialist-Refiner,Refiner,0.20127230161946572
4492,0.00427933517070117,HOG8-ML04-H1-GPS-Sniper-Specialist-Refiner,Refiner,0.20243060700861087
4508,0.004215986766404023,HOG8-ML04-H1-GPS-Sniper-Specialist-Exploiter,Exploiter,1.4803328500853756
4515,0.004199545698944922,HOG8-ML04-H1-GPS-Sniper-Specialist-Refiner,Refiner,0.3899696173174837
4528,0.004194868820766241,HOG8-ML04-H1-GPS-Sniper-Specialist-Refiner,Refiner,0.11136628849773321
4536,0.004174395321197954,HOG8-ML04-H1-GPS-Sniper-Specialist-Refiner,Refiner,0.4880605435606259
4546,0.004160948293058581,HOG8-ML04-H1-GPS-Sniper-Specialist-Refiner,Refiner,0.32213116163405336
4558,0.004133940453322912,HOG8-ML04-H1-GPS-Sniper-Specialist-Exploiter,Exploiter,0.6490789558890748
4569,0.004124866273086223,HOG8-ML04-H1-GPS-Sniper-Specialist-Refiner,Refiner,0.21950437697753705
4575,0.004117275980882551,HOG8-ML04-H1-GPS-Sniper-Specialist-Refiner,Refiner,0.18401304917925715
4583,0.0041102800156960426,HOG8-ML04-H1-GPS-Sniper-Specialist-Refiner,Refiner,0.16991732443955482
4598,0.004099590951146104,HOG8-ML04-H1-GPS-Sniper-Specialist-Refiner,Refiner,0.2600568454976312
4609,0.004050412251411202,HOG8-ML04-H1-GPS-Sniper-Specialist-Exploiter,Exploiter,1.199600163063899
4617,0.004036302708792055,HOG8-ML04-H1-GPS-Sniper-Specialist-Refiner,Refiner,0.3483483098351687
4628,0.004003262058663996,HOG8-ML04-H1-GPS-Sniper-Specialist-Exploiter,Exploiter,0.8185870216346314
4642,0.003990250659930219,HOG8-ML04-H1-GPS-Sniper-Specialist-Refiner,Refiner,0.3250199098412121
4649,0.003973479488686354,HOG8-ML04-H1-GPS-Sniper-Specialist-Refiner,Refiner,0.42030370202754036
4662,0.003964073774667577,HOG8-ML04-H1-GPS-Sniper-Specialist-Refiner,Refiner,0.23671228316536455
4671,0.003953847695313856,HOG8-ML04-H1-GPS-Sniper-Specialist-Refiner,Refiner,0.2579689464679179
4687,0.003944056056120533,HOG8-ML04-H1-GPS-Sniper-Specialist-Refiner,Refiner,0.24764836553840647
4695,0.003937522739991256,HOG8-ML04-H1-GPS-Sniper-Specialist-Refiner,Refiner,0.1656496772944737
4701,0.003916469055257034,HOG8-ML04-H1-GPS-Sniper-Specialist-Exploiter,Exploiter,0.5346936671728083
4711,0.0039023973515477815,HOG8-ML04-H1-GPS-Sniper-Specialist-Refiner,Refiner,0.35929566940824115
4721,0.0038952164028354637,HOG8-ML04-H1-GPS-Sniper-Specialist-Refiner,Refiner,0.1840137757747718
4731,0.0038840376251861584,HOG8-ML04-H1-GPS-Sniper-Specialist-Refiner,Refiner,0.28698733249243646
4740,0.0038725969034688573,HOG8-ML04-H1-GPS-Sniper-Specialist-Refiner,Refiner,0.2945574379381236
4752,0.0038650891812352342,HOG8-ML04-H1-GPS-Sniper-Specialist-Refiner,Refiner,0.19386789848688046
4762,0.00384111020849118,HOG8-ML04-H1-GPS-Sniper-Specialist-Exploiter,Exploiter,0.6203989512187862
4771,0.003819250158595297,HOG8-ML04-H1-GPS-Sniper-Specialist-Exploiter,Exploiter,0.569107594141894
4782,0.0037983361114008784,HOG8-ML04-H1-GPS-Sniper-Specialist-Exploiter,Exploiter,0.5475956359483651
4793,0.0037735294082910003,HOG8-ML04-H1-GPS-Sniper-Specialist-Exploiter,Exploiter,0.6530939438302905
4801,0.003773072268426678,HOG8-ML04-H1-GPS-Sniper-Specialist-Polisher,Polisher,0.012114384568401445
4812,0.003764580724700816,HOG8-ML04-H1-GPS-Sniper-Specialist-Refiner,Refiner,0.22505648240348092
4822,0.0037309112364953935,HOG8-ML04-H1-GPS-Sniper-Specialist-Exploiter,Exploiter,0.8943755139716963
4832,0.003691135696278108,HOG8-ML04-H1-GPS-Sniper-Specialist-Exploiter,Exploiter,1.0661079209873787
4846,0.0036822219381665916,HOG8-ML04-H1-GPS-Sniper-Specialist-Refiner,Refiner,0.24149093517489625
4858,0.0036777893460298037,HOG8-ML04-H1-GPS-Sniper-Specialist-Refiner,Refiner,0.12037819043017645
4873,0.003663114190310963,HOG8-ML04-H1-GPS-Sniper-Specialist-Refiner,Refiner,0.3990211058358342
4882,0.00365232111110536,HOG8-ML04-H1-GPS-Sniper-Specialist-Refiner,Refiner,0.29464217179335633
4893,0.0036296414858296593,HOG8-ML04-H1-GPS-Sniper-Specialist-Exploiter,Exploiter,0.6209647121864637
4902,0.003623097882209001,HOG8-ML04-H1-GPS-Sniper-Specialist-Refiner,Refiner,0.18028236800259118
4912,0.003616742337008461,HOG8-ML04-H1-GPS-Sniper-Specialist-Refiner,Refiner,0.17541743025350207
4921,0.003581328473621962,HOG8-ML04-H1-GPS-Sniper-Specialist-Exploiter,Exploiter,0.9791646760159117
4933,0.003557225068704589,HOG8-ML04-H1-GPS-Sniper-Specialist-Exploiter,Exploiter,0.6730297177403529
4942,0.0035555033751598327,HOG8-ML04-H1-GPS-Sniper-Specialist-Polisher,Polisher,0.04839990474326174
4950,0.0035128420359996915,HOG8-ML04-H1-GPS-Sniper-Specialist-Exploiter,Exploiter,1.1998677728219966
4959,0.003510166381426792,HOG8-ML00-H1-GPS-GradientEstimation-Escape-Specialist-Refiner,Refiner,0.07616780218066573
4972,0.003495024021274584,HOG8-ML04-H1-GPS-Sniper-Specialist-Refiner,Refiner,0.43138582354187716
4979,0.003492698063801796,HOG8-ML04-H1-GPS-Sniper-Specialist-Refiner,Refiner,0.06655054324746856
4993,0.0034755552216513734,HOG8-ML04-H1-GPS-Sniper-Specialist-Refiner,Refiner,0.490819470714933
5006,0.003461306602807894,HOG8-ML04-H1-GPS-Sniper-Specialist-Refiner,Refiner,0.4099666940900896
5012,0.0034444840467419075,HOG8-ML04-H1-GPS-Sniper-Specialist-Refiner,Refiner,0.48601750715580855
5021,0.003425125569024686,HOG8-ML04-H1-GPS-Sniper-Specialist-Exploiter,Exploiter,0.5620138591012583
5032,0.0034210217071095747,HOG8-ML04-H1-GPS-Sniper-Specialist-Refiner,Refiner,0.11981639307548103
5047,0.0034119847823926124,HOG8-ML04-H1-GPS-Sniper-Specialist-Refiner,Refiner,0.2641586488089731
5052,0.0034108638437861825,HOG8-ML04-H1-GPS-Sniper-Specialist-Polisher,Polisher,0.032852977897627124
5062,0.0034060778724907814,HOG8-ML04-H1-GPS-Sniper-Specialist-Refiner,Refiner,0.14031551872467837
5078,0.0033936611576808693,HOG8-ML04-H1-GPS-Sniper-Specialist-Refiner,Refiner,0.3645458288019727
5085,0.0033867640445800658,HOG8-ML04-H1-GPS-Sniper-Specialist-Refiner,Refiner,0.20323517229153243
5097,0.0033745264315886165,HOG8-ML04-H1-GPS-Sniper-Specialist-Refiner,Refiner,0.36133645067578524
5108,0.00336632765878835,HOG8-ML04-H1-GPS-Sniper-Specialist-Refiner,Refiner,0.24296069289956143
5118,0.003354778568571729,HOG8-ML04-H1-GPS-Sniper-Specialist-Refiner,Refiner,0.3430768299238577
5130,0.003339650766010119,HOG8-ML04-H1-GPS-Sniper-Specialist-Refiner,Refiner,0.45093296777707625
5143,0.003326546765169249,HOG8-ML04-H1-GPS-Sniper-Specialist-Refiner,Refiner,0.39237638181328727
5152,0.0033081959843198738,HOG8-ML04-H1-GPS-Sniper-Specialist-Exploiter,Exploiter,0.5516465615790433
5159,0.0033004164584133767,HOG8-ML04-H1-GPS-Sniper-Specialist-Refiner,Refiner,0.23515916056274425
5171,0.003288196733074388,HOG8-ML04-H1-GPS-Sniper-Specialist-Refiner,Refiner,0.3702479821247572
5180,0.003285888055940504,HOG8-ML02-H2-GPS-GradientEstimation-Escape-Specialist-Refiner,Refiner,0.07021104031465511
5184,0.0032805038885973855,HOG8-ML04-H1-GPS-Sniper-Specialist-Refiner,Refiner,0.16385729676287514
5190,0.0032761777443065755,HOG8-ML04-H1-GPS-Sniper-Specialist-Refiner,Refiner,0.1318743838666718
5201,0.0032668865058543724,HOG8-ML04-H1-GPS-Sniper-Specialist-Refiner,Refiner,0.28359995022704915
5212,0.0032558421526520517,HOG8-ML04-H1-GPS-Sniper-Specialist-Refiner,Refiner,0.33806969365262046
5223,0.0032472530998159466,HOG8-ML04-H1-GPS-Sniper-Specialist-Refiner,Refiner,0.26380433796856134
5235,0.003208842740942824,HOG8-ML04-H1-GPS-Sniper-Specialist-Exploiter,Exploiter,1.1828569468545498
5241,0.0032011715946663848,HOG8-ML04-H1-GPS-Sniper-Specialist-Refiner,Refiner,0.23906270564649934
5251,0.003195560953818455,HOG8-ML04-H1-GPS-Sniper-Specialist-Refiner,Refiner,0.1752683566628562
5262,0.003186953653105812,HOG8-ML04-H1-GPS-Sniper-Specialist-Refiner,Refiner,0.2693517925971014
5272,0.0031653453355311133,HOG8-ML04-H1-GPS-Sniper-Specialist-Exploiter,Exploiter,0.6780242176926662
5283,0.0031603798834868996,HOG8-ML04-H1-GPS-Sniper-Specialist-Refiner,Refiner,0.15686920439537266
5295,0.0031468429188860223,HOG8-ML04-H1-GPS-Sniper-Specialist-Refiner,Refiner,0.4283334630627275
5307,0.0031160977160451424,HOG8-ML04-H1-GPS-Sniper-Specialist-Exploiter,Exploiter,0.9770173991323244
5319,0.0031132773141613473,HOG8-ML04-H1-GPS-Sniper-Specialist-Refiner,Refiner,0.09051070090878412
5325,0.0031123121681371083,HOG8-ML04-H1-GPS-Sniper-Specialist-Polisher,Polisher,0.031000965440787877
5338,0.003097144452069541,HOG8-ML04-H1-GPS-Sniper-Specialist-Refiner,Refiner,0.4873455890077344
5346,0.003093970360903192,HOG8-ML04-H1-GPS-Sniper-Specialist-Refiner,Refiner,0.10248444060231472
5355,0.0030871634339707608,HOG8-ML04-H1-GPS-Sniper-Specialist-Refiner,Refiner,0.22000621009323976
5367,0.0030831295957383644,HOG8-ML04-H1-GPS-Sniper-Specialist-Refiner,Refiner,0.13066487468750365
5381,0.0030575375090693023,HOG8-ML04-H1-GPS-Sniper-Specialist-Exploiter,Exploiter,0.8300684701816191
5387,0.0030539374516918793,HOG8-ML04-H1-GPS-Sniper-Specialist-Refiner,Refiner,0.11774368643866068
5401,0.0030302450172594465,HOG8-ML04-H1-GPS-Sniper-Specialist-Exploiter,Exploiter,0.7757995966586418
5412,0.003020114648528526,HOG8-ML04-H1-GPS-Sniper-Specialist-Refiner,Refiner,0.3343085682253638
5422,0.0029954952644084803,HOG8-ML04-H1-GPS-Sniper-Specialist-Exploiter,Exploiter,0.8151804479356725
5431,0.0029934348652520567,HOG8-ML04-H1-GPS-Sniper-Specialist-Refiner,Refiner,0.06878325534026178
5448,0.0029848582511424427,HOG8-ML04-H1-GPS-Sniper-Specialist-Refiner,Refiner,0.28651413829550065
5458,0.0029727327079997765,HOG8-ML04-H1-GPS-Sniper-Specialist-Refiner,Refiner,0.40623514158587726
5467,0.00296784955575778,HOG8-ML04-H1-GPS-Sniper-Specialist-Refiner,Refiner,0.1642647597900669
5476,0.0029663257180971817,HOG8-ML04-H1-GPS-Sniper-Specialist-Refiner,Refiner,0.05134484184489461
5487,0.002963013334072599,HOG8-ML04-H1-GPS-Sniper-Specialist-Refiner,Refiner,0.11166622749397342
5500,0.0029498035670063403,HOG8-ML04-H1-GPS-Sniper-Specialist-Refiner,Refiner,0.4458220593999891
5506,0.0029448845939999708,HOG8-ML04-H1-GPS-Sniper-Specialist-Refiner,Refiner,0.1667559515280407
5521,0.002938733163736998,HOG8-ML04-H1-GPS-Sniper-Specialist-Refiner,Refiner,0.20888527433318813
5527,0.0029362456059891617,HOG8-ML04-H1-GPS-Sniper-Specialist-Refiner,Refiner,0.08464728198300132
5535,0.0029292527160652035,HOG8-ML04-H1-GPS-Sniper-Specialist-Refiner,Refiner,0.23815752707112126
5547,0.002924216288613912,HOG8-ML04-H1-GPS-Sniper-Specialist-Refiner,Refiner,0.17193557331771023
5556,0.002907117687853114,HOG8-ML04-H1-GPS-Sniper-Specialist-Exploiter,Exploiter,0.5847242157625345
5571,0.0028958684856486895,HOG8-ML04-H1-GPS-Sniper-Specialist-Refiner,Refiner,0.3869537945239558
5579,0.0028783708684251767,HOG8-ML04-H1-GPS-Sniper-Specialist-Exploiter,Exploiter,0.6042269291657143
5589,0.0028758505095948933,HOG8-ML04-H1-GPS-Sniper-Specialist-Refiner,Refiner,0.08756199063612517
5597,0.002873931205061884,HOG8-ML04-H1-GPS-Sniper-Specialist-Refiner,Refiner,0.0667386752755732
5608,0.0028735965643136127,HOG8-ML04-H1-GPS-Sniper-Specialist-Polisher,Polisher,0.011644006915743606
5621,0.00286488465619553,HOG8-ML04-H1-GPS-Sniper-Specialist-Refiner,Refiner,0.3031708843987853
5631,0.002839930042093151,HOG8-ML04-H1-GPS-Sniper-Specialist-Exploiter,Exploiter,0.8710512672268576
5637,0.0028321618492775195,HOG8-ML04-H1-GPS-Sniper-Specialist-Refiner,Refiner,0.273534654040493
5652,0.0028244190508852638,HOG8-ML04-H1-GPS-Sniper-Specialist-Refiner,Refiner,0.27338827384568254
5669,0.002814554957102289,HOG8-ML04-H1-GPS-Sniper-Specialist-Refiner,Refiner,0.3492432817248986
5683,0.002806827688249945,HOG8-ML04-H1-GPS-Sniper-Specialist-Refiner,Refiner,0.2745467390091225
5692,0.0028055556834008103,HOG8-ML04-H1-GPS-Sniper-Specialist-Polisher,Polisher,0.045318237897522005
5702,0.002784961015356366,HOG8-ML04-H1-GPS-Sniper-Specialist-Exploiter,Exploiter,0.7340673423911453
5713,0.002776653940254549,HOG8-ML04-H1-GPS-Sniper-Specialist-Refiner,Refiner,0.29828335319638494
5723,0.002774620032062584,HOG8-ML04-H1-GPS-Sniper-Specialist-Refiner,Refiner,0.073250330639999
5733,0.002761529922369955,HOG8-ML04-H1-GPS-Sniper-Specialist-Refiner,Refiner,0.4717802632924169
5744,0.0027330255064949224,HOG8-ML04-H1-GPS-Sniper-Specialist-Exploiter,Exploiter,1.0321965242574707
5752,0.002725961027801581,HOG8-ML04-H1-GPS-Sniper-Specialist-Refiner,Refiner,0.25848564810510555
5767,0.002710310520891928,HOG8-ML01-H1-GPS-GradientEstimation-Escape-Specialist-Exploiter,Exploiter,0.5741280506227466
5767,0.002695817332265951,HOG8-ML04-H1-GPS-Sniper-Specialist-Exploiter,Exploiter,0.534742735721946
5783,0.0026759531552000533,HOG8-ML04-H1-GPS-Sniper-Specialist-Exploiter,Exploiter,0.7368517454111372
5792,0.002675174755250133,HOG8-ML04-H1-GPS-Sniper-Specialist-Polisher,Polisher,0.02908869867201025
5805,0.00267028968496908,HOG8-ML04-H1-GPS-Sniper-Specialist-Refiner,Refiner,0.18260752018035534
5816,0.002638210844881539,HOG8-ML04-H1-GPS-Sniper-Specialist-Exploiter,Exploiter,1.2013243457483629
5827,0.002630285074939098,HOG8-ML04-H1-GPS-Sniper-Specialist-Refiner,Refiner,0.3004221576079927
5833,0.0026223694679106974,HOG8-ML04-H1-GPS-Sniper-Specialist-Refiner,Refiner,0.3009410312144111
5842,0.002617979659619323,HOG8-ML04-H1-GPS-Sniper-Specialist-Refiner,Refiner,0.16739854338190852
5847,0.0026138450614950686,HOG8-ML02-H2-GPS-GradientEstimation-Escape-Specialist-Refiner,Refiner,0.15793087272708528
5857,0.0026137415040101146,HOG8-ML02-H2-GPS-GradientEstimation-Escape-Specialist-Polisher,Polisher,0.003961883069488292
5857,0.0026131576746504103,HOG8-ML04-H1-GPS-Sniper-Specialist-Polisher,Polisher,0.02233692041881806
5866,0.002594574570205171,HOG8-ML04-H1-GPS-Sniper-Specialist-Exploiter,Exploiter,0.7111359802552051
5878,0.002594427339521468,HOG8-ML04-H1-GPS-Sniper-Specialist-Polisher,Polisher,0.0056745597291204776
5887,0.0025913159607867603,HOG8-ML04-H1-GPS-Sniper-Specialist-Refiner,Refiner,0.11992545280846546
5897,0.0025889553694493626,HOG8-ML04-H1-GPS-Sniper-Specialist-Refiner,Refiner,0.09109623732186786
5909,0.002581238667244265,HOG8-ML04-H1-GPS-Sniper-Specialist-Refiner,Refiner,0.298062388257344
5917,0.0025781597507756357,HOG8-ML04-H1-GPS-Sniper-Specialist-Refiner,Refiner,0.11928058058716631
5928,0.002570355297991939,HOG8-ML04-H1-GPS-Sniper-Specialist-Refiner,Refiner,0.3027140882696882
5941,0.0025698961549029016,HOG8-ML04-H1-GPS-Sniper-Specialist-Polisher,Polisher,0.017863020314594004
5954,0.0025636084684059505,HOG8-ML04-H1-GPS-Sniper-Specialist-Refiner,Refiner,0.24466694831054964
5963,0.002555287919630557,HOG8-ML04-H1-GPS-Sniper-Specialist-Refiner,Refiner,0.32456394484323714
5967,0.0025552135117399054,HOG8-ML04-H1-GPS-Sniper-Specialist-Polisher,Polisher,0.0029119180691863198
5982,0.0025463229263245715,HOG8-ML04-H1-GPS-Sniper-Specialist-Refiner,Refiner,0.34793904205993864
5998,0.002544646425241622,HOG8-ML04-H1-GPS-Sniper-Specialist-Refiner,Refiner,0.06584008122525443
6001,0.0025389459729712512,HOG8-ML04-H1-GPS-Sniper-Specialist-Refiner,Refiner,0.22401745931478848
6011,0.0025091055019645456,HOG8-ML04-H1-GPS-Sniper-Specialist-Exploiter,Exploiter,1.17530941281843
6022,0.0025073655231321,HOG8-ML04-H1-GPS-Sniper-Specialist-Refiner,Refiner,0.06934657913282144
6038,0.0025021352880351317,HOG8-ML04-H1-GPS-Sniper-Specialist-Refiner,Refiner,0.20859483983151772
6041,0.002498487485862645,HOG8-ML04-H1-GPS-Sniper-Specialist-Refiner,Refiner,0.14578756752002972
6052,0.0024984271463902763,HOG8-ML04-H1-GPS-Sniper-Specialist-Polisher,Polisher,0.0024150400076093457
6062,0.002492536464438312,HOG8-ML04-H1-GPS-Sniper-Specialist-Refiner,Refiner,0.23577561428897695
6073,0.0024856996293911244,HOG8-ML04-H1-GPS-Sniper-Specialist-Refiner,Refiner,0.27429227795583705
6083,0.0024756632040237696,HOG8-ML04-H1-GPS-Sniper-Specialist-Refiner,Refiner,0.40376661961418153
6097,0.0024548250377668516,HOG8-ML04-H1-GPS-Sniper-Specialist-Exploiter,Exploiter,0.841720562920234
6106,0.002446267021951419,HOG8-ML04-H1-GPS-Sniper-Specialist-Refiner,Refiner,0.3486201942610783
6117,0.00243468805462524,HOG8-ML04-H1-GPS-Sniper-Specialist-Refiner,Refiner,0.4733321106108224
6130,0.0024331555742923287,HOG8-ML04-H1-GPS-Sniper-Specialist-Refiner,Refiner,0.06294360092661601
6136,0.0024274233176982416,HOG8-ML04-H1-GPS-Sniper-Specialist-Refiner,Refiner,0.23558939899493966
6147,0.0024220309062690025,HOG8-ML04-H1-GPS-Sniper-Specialist-Refiner,Refiner,0.22214549023745686
6157,0.0024162967939383136,HOG8-ML04-H1-GPS-Sniper-Specialist-Refiner,Refiner,0.23674810737745489
6166,0.002410696875361867,HOG8-ML04-H1-GPS-Sniper-Specialist-Refiner,Refiner,0.23175623915467708
6177,0.0024078064845457275,HOG8-ML04-H1-GPS-Sniper-Specialist-Refiner,Refiner,0.11989855902997941
6186,0.0024062430063350316,HOG8-ML04-H1-GPS-Sniper-Specialist-Refiner,Refiner,0.06493371542650542
6196,0.002393720405495222,HOG8-ML04-H1-GPS-Sniper-Specialist-Exploiter,Exploiter,0.5204212877436304
6206,0.002390345214116723,HOG8-ML04-H1-GPS-Sniper-Specialist-Refiner,Refiner,0.14100190526640138
6212,0.002390280017621727,HOG8-ML04-H1-GPS-Sniper-Specialist-Polisher,Polisher,0.0027274928579801164
6222,0.002385972296602563,HOG8-ML04-H1-GPS-Sniper-Specialist-Refiner,Refiner,0.18021825842187295
6232,0.002374321162981372,HOG8-ML04-H1-GPS-Sniper-Specialist-Refiner,Refiner,0.48831805959278496
6240,0.0023714969910119464,HOG8-ML04-H1-GPS-Sniper-Specialist-Refiner,Refiner,0.11894650199214148
6252,0.002366147817292259,HOG8-ML04-H1-GPS-Sniper-Specialist-Refiner,Refiner,0.2255610586882899
6267,0.0023609561187985777,HOG8-ML04-H1-GPS-Sniper-Specialist-Refiner,Refiner,0.21941564494573218
6283,0.0023466328537165597,HOG8-ML04-H1-GPS-Sniper-Specialist-Exploiter,Exploiter,0.6066722277458836
6293,0.0023397193025159056,HOG8-ML04-H1-GPS-Sniper-Specialist-Refiner,Refiner,0.2946158019438125
6302,0.002335169626795091,HOG8-ML04-H1-GPS-Sniper-Specialist-Refiner,Refiner,0.19445391231001463
6313,0.0023301110725924214,HOG8-ML04-H1-GPS-Sniper-Specialist-Refiner,Refiner,0.21662470017701096
6327,0.0023258147325168135,HOG8-ML04-H1-GPS-Sniper-Specialist-Refiner,Refiner,0.18438348824409712
6337,0.002324721905994333,HOG8-ML04-H1-GPS-Sniper-Specialist-Polisher,Polisher,0.04698682604430582
6352,0.0023154555165399698,HOG8-ML04-H1-GPS-Sniper-Specialist-Refiner,Refiner,0.3986020620560987
6357,0.0023127280850324646,HOG8-ML04-H1-GPS-Sniper-Specialist-Refiner,Refiner,0.1177924381627007
6368,0.0022948599698035857,HOG8-ML04-H1-GPS-Sniper-Specialist-Exploiter,Exploiter,0.7725990506414424
6386,0.0022941482068705482,HOG8-ML04-H1-GPS-Sniper-Specialist-Polisher,Polisher,0.031015527849328376
6435,0.0022913990051597138,HOG8-ML04-H1-GPS-Sniper-Specialist-Refiner,Refiner,0.11983540133114004
6451,0.0022824511502385824,HOG8-ML04-H1-GPS-Sniper-Specialist-Refiner,Refiner,0.3904974603280689
6472,0.002278611122133928,HOG8-ML04-H1-GPS-Sniper-Specialist-Refiner,Refiner,0.16824141468496445
6478,0.002278389091181882,HOG8-ML04-H1-GPS-Sniper-Specialist-Polisher,Polisher,0.009744135358995529
6492,0.0022774600036584475,HOG8-ML04-H1-GPS-Sniper-Specialist-Polisher,Polisher,0.040778264214410505
6502,0.0022764823266411237,HOG8-ML04-H1-GPS-Sniper-Specialist-Polisher,Polisher,0.042928394604221196
6518,0.0022676131586653815,HOG8-ML04-H1-GPS-Sniper-Specialist-Refiner,Refiner,0.38959968509082693
6552,0.0022638716441270314,HOG8-ML04-H1-GPS-Sniper-Specialist-Refiner,Refiner,0.16499791968715694
6567,0.002237128889907151,HOG8-ML04-H1-GPS-Sniper-Specialist-Exploiter,Exploiter,1.1812840312416446
6578,0.0022335038410122698,HOG8-ML04-H1-GPS-Sniper-Specialist-Refiner,Refiner,0.16204023430370199
6587,0.002226395593148837,HOG8-ML04-H1-GPS-Sniper-Specialist-Refiner,Refiner,0.31825545731818966
6597,0.002210303960006551,HOG8-ML04-H1-GPS-Sniper-Specialist-Exploiter,Exploiter,0.7227661243942292
6608,0.0021985066929861487,HOG8-ML04-H1-GPS-Sniper-Specialist-Exploiter,Exploiter,0.5337395776265711
6617,0.002196099920941522,HOG8-ML04-H1-GPS-Sniper-Specialist-Refiner,Refiner,0.1094730369620991
6627,0.0021945169501574116,HOG8-ML04-H1-GPS-Sniper-Specialist-Refiner,Refiner,0.07208100000438647
6642,0.002177212999403318,HOG8-ML04-H1-GPS-Sniper-Specialist-Exploiter,Exploiter,0.7885084119697732
6653,0.002173059559292394,HOG8-ML04-H1-GPS-Sniper-Specialist-Refiner,Refiner,0.19076866214111093
6661,0.0021680459128478923,HOG8-ML04-H1-GPS-Sniper-Specialist-Refiner,Refiner,0.2307183170871824
6672,0.0021621405951188304,HOG8-ML04-H1-GPS-Sniper-Specialist-Refiner,Refiner,0.272379735782661
6682,0.002160446937223631,HOG8-ML04-H1-GPS-Sniper-Specialist-Refiner,Refiner,0.07833245900025604
6691,0.002151956715956276,HOG8-ML04-H1-GPS-Sniper-Specialist-Refiner,Refiner,0.39298448488004606
6703,0.002143744789619512,HOG8-ML04-H1-GPS-Sniper-Specialist-Refiner,Refiner,0.3816027653286133
6713,0.0021411538241246633,HOG8-ML04-H1-GPS-Sniper-Specialist-Refiner,Refiner,0.12086165794523807
6727,0.0021335496859335354,HOG8-ML04-H1-GPS-Sniper-Specialist-Refiner,Refiner,0.3551420783248271
6733,0.0021335387219794163,HOG8-ML04-H1-GPS-Sniper-Specialist-Polisher,Polisher,0.0005138832337228017
6746,0.0021309639928648863,HOG8-ML04-H1-GPS-Sniper-Specialist-Refiner,Refiner,0.12067880877930724
6757,0.002119012728603875,HOG8-ML04-H1-GPS-Sniper-Specialist-Exploiter,Exploiter,0.5608383952533968
6765,0.0021190127269035547,HOG8-ML04-H1-GPS-Sniper-Specialist-Polisher,Polisher,8.024116217185264E-08
6777,0.0021162238796559795,HOG8-ML04-H1-GPS-Sniper-Specialist-Refiner,Refiner,0.13161068889144417
6790,0.002113847419849728,HOG8-ML04-H1-GPS-Sniper-Specialist-Refiner,Refiner,0.11229718316181524
6795,0.0021119074747411514,HOG8-ML04-H1-GPS-Sniper-Specialist-Refiner,Refiner,0.09177318525263567
6816,0.00210518065435221,HOG8-ML04-H1-GPS-Sniper-Specialist-Refiner,Refiner,0.3185187073484848
6827,0.002103401995591374,HOG8-ML04-H1-GPS-Sniper-Specialist-Refiner,Refiner,0.08448960221815974
6838,0.0020949166735310886,HOG8-ML04-H1-GPS-Sniper-Specialist-Refiner,Refiner,0.40340943281742087
6847,0.0020919310473301467,HOG8-ML04-H1-GPS-Sniper-Specialist-Refiner,Refiner,0.1425176589916306
6862,0.002090898599867169,HOG8-ML04-H1-GPS-Sniper-Specialist-Polisher,Polisher,0.049353799891997965
6888,0.002090874578427067,HOG8-ML02-H2-GPS-GradientEstimation-Escape-Specialist-Polisher,Polisher,0.001148857247469307
6893,0.0020888668982098108,HOG8-ML04-H1-GPS-Sniper-Specialist-Refiner,Refiner,0.09602107357231426
6898,0.002085116054845901,HOG8-ML04-H1-GPS-Sniper-Specialist-Refiner,Refiner,0.17956354074662834
6913,0.002074000899328871,HOG8-ML04-H1-GPS-Sniper-Specialist-Exploiter,Exploiter,0.5330713123232659
6922,0.00207078396953877,HOG8-ML04-H1-GPS-Sniper-Specialist-Refiner,Refiner,0.15510744431893364
6930,0.002061326718549402,HOG8-ML04-H1-GPS-Sniper-Specialist-Refiner,Refiner,0.4566990631801468
6942,0.0020607252229204462,HOG8-ML04-H1-GPS-Sniper-Specialist-Polisher,Polisher,0.02918002389155193
6958,0.002056620591704044,HOG8-ML04-H1-GPS-Sniper-Specialist-Refiner,Refiner,0.1991838198876902
6967,0.0020528412409976096,HOG8-ML04-H1-GPS-Sniper-Specialist-Refiner,Refiner,0.1837650912219612
6981,0.002035490574528887,HOG8-ML04-H1-GPS-Sniper-Specialist-Exploiter,Exploiter,0.8452025476792633
6991,0.002023702439033146,HOG8-ML04-H1-GPS-Sniper-Specialist-Exploiter,Exploiter,0.5791299475051467
7005,0.0020207924804347263,HOG8-ML04-H1-GPS-Sniper-Specialist-Refiner,Refiner,0.14379379805510473
7016,0.0020139668401005033,HOG8-ML04-H1-GPS-Sniper-Specialist-Refiner,Refiner,0.33777047372793906
7036,0.002013308144369628,HOG8-ML04-H1-GPS-Sniper-Specialist-Polisher,Polisher,0.03270638412510071
7047,0.002012874351502956,HOG8-ML04-H1-GPS-Sniper-Specialist-Polisher,Polisher,0.021546272878543816
7058,0.0020015302752786263,HOG8-ML04-H1-GPS-Sniper-Specialist-Exploiter,Exploiter,0.5635759736249526
7066,0.0020013454254221236,HOG8-ML04-H1-GPS-Sniper-Specialist-Polisher,Polisher,0.009235426452742952
7078,0.00199379448327483,HOG8-ML04-H1-GPS-Sniper-Specialist-Refiner,Refiner,0.3772932973677426
7088,0.0019936167696564693,HOG8-ML04-H1-GPS-Sniper-Specialist-Polisher,Polisher,0.008913336848478191
7096,0.001993203554123793,HOG8-ML04-H1-GPS-Sniper-Specialist-Polisher,Polisher,0.02072692901491967
7107,0.001983128945234408,HOG8-ML04-H1-GPS-Sniper-Specialist-Exploiter,Exploiter,0.5054480696937134
7117,0.001982290222801944,HOG8-ML04-H1-GPS-Sniper-Specialist-Polisher,Polisher,0.0422928844077227
7125,0.001982284241795648,HOG8-ML04-H1-GPS-Sniper-Specialist-Polisher,Polisher,0.00030172202974621166
7133,0.0019762789439768157,HOG8-ML04-H1-GPS-Sniper-Specialist-Refiner,Refiner,0.30294837098601674
7146,0.0019717087689731837,HOG8-ML04-H1-GPS-Sniper-Specialist-Refiner,Refiner,0.23125151525601678
7155,0.001968472620550341,HOG8-ML04-H1-GPS-Sniper-Specialist-Refiner,Refiner,0.16412912869115595
7167,0.0019648369103430663,HOG8-ML04-H1-GPS-Sniper-Specialist-Refiner,Refiner,0.18469701683014184
7176,0.0019611034193025177,HOG8-ML04-H1-GPS-Sniper-Specialist-Refiner,Refiner,0.19001531480273054
7187,0.0019415742579747953,HOG8-ML04-H1-GPS-Sniper-Specialist-Exploiter,Exploiter,0.9958251632985299
7212,0.0019332570751811446,HOG8-ML04-H1-GPS-Sniper-Specialist-Refiner,Refiner,0.4283731492364439
7217,0.0019286887829485491,HOG8-ML04-H1-GPS-Sniper-Specialist-Refiner,Refiner,0.2363002981467135
7227,0.0019199006432014199,HOG8-ML04-H1-GPS-Sniper-Specialist-Refiner,Refiner,0.45565359350999535
7241,0.0019189103823214128,HOG8-ML04-H1-GPS-Sniper-Specialist-Refiner,Refiner,0.051578756615017984
7253,0.0019141611766836687,HOG8-ML04-H1-GPS-Sniper-Specialist-Refiner,Refiner,0.2474949159428031
7261,0.0019118083877982313,HOG8-ML04-H1-GPS-Sniper-Specialist-Refiner,Refiner,0.12291487854296897
7272,0.001907004287137703,HOG8-ML04-H1-GPS-Sniper-Specialist-Refiner,Refiner,0.2512856775391073
7282,0.0019016300156144224,HOG8-ML04-H1-GPS-Sniper-Specialist-Refiner,Refiner,0.2818174851272694
7297,0.0018689245250391381,HOG8-ML04-H1-GPS-Sniper-Specialist-Exploiter,Exploiter,1.719866130989576
7315,0.0018627294016666943,HOG8-ML04-H1-GPS-Sniper-Specialist-Refiner,Refiner,0.3314806611740572
7321,0.0018581170420663394,HOG8-ML04-H1-GPS-Sniper-Specialist-Refiner,Refiner,0.2476129703127004
7332,0.0018541534119942836,HOG8-ML04-H1-GPS-Sniper-Specialist-Refiner,Refiner,0.21331433824254611
7343,0.0018514629309326108,HOG8-ML04-H1-GPS-Sniper-Specialist-Refiner,Refiner,0.14510563388489817
7356,0.0018445927844560552,HOG8-ML04-H1-GPS-Sniper-Specialist-Refiner,Refiner,0.3710658399785016
7376,0.0018315645666920326,HOG8-ML04-H1-GPS-Sniper-Specialist-Exploiter,Exploiter,0.7062923521011367
7386,0.0018308752947119068,HOG8-ML04-H1-GPS-Sniper-Specialist-Polisher,Polisher,0.03763296105748022
7394,0.001830414202522979,HOG8-ML04-H1-GPS-Sniper-Specialist-Polisher,Polisher,0.02518424877214158
7407,0.0018289257890195425,HOG8-ML04-H1-GPS-Sniper-Specialist-Refiner,Refiner,0.08131566622378618
7417,0.0018285794894286273,HOG8-ML04-H1-GPS-Sniper-Specialist-Polisher,Polisher,0.018934589527599115
7424,0.0018234847179989465,HOG8-ML04-H1-GPS-Sniper-Specialist-Refiner,Refiner,0.2786190843293718
7437,0.001818927398849055,HOG8-ML04-H1-GPS-Sniper-Specialist-Refiner,Refiner,0.24992362726749917
7447,0.0018170040949838733,HOG8-ML04-H1-GPS-Sniper-Specialist-Refiner,Refiner,0.10573835252571014
7456,0.001814842095888886,HOG8-ML04-H1-GPS-Sniper-Specialist-Refiner,Refiner,0.11898702380230883
7468,0.001804936582326181,HOG8-ML04-H1-GPS-Sniper-Specialist-Exploiter,Exploiter,0.5458058078520213
7478,0.0018048988638701899,HOG8-ML04-H1-GPS-Sniper-Specialist-Polisher,Polisher,0.002089738573669271
7485,0.0017921089096031963,HOG8-ML04-H1-GPS-Sniper-Specialist-Exploiter,Exploiter,0.7086244289371687
7498,0.0017744186035993223,HOG8-ML04-H1-GPS-Sniper-Specialist-Exploiter,Exploiter,0.9871222618825649
7512,0.0017591835704262207,HOG8-ML04-H1-GPS-Sniper-Specialist-Exploiter,Exploiter,0.8585929578397146
7522,0.0017578265393926888,HOG8-ML04-H1-GPS-Sniper-Specialist-Refiner,Refiner,0.07713981964958244
7543,0.0017540311901448184,HOG8-ML04-H1-GPS-Sniper-Specialist-Refiner,Refiner,0.21591147720307446
7547,0.0017481031211460808,HOG8-ML04-H1-GPS-Sniper-Specialist-Refiner,Refiner,0.33796827741975055
7556,0.0017444482197977772,HOG8-ML04-H1-GPS-Sniper-Specialist-Refiner,Refiner,0.20907813183854793
7571,0.00174389166105611,HOG8-ML04-H1-GPS-Sniper-Specialist-Polisher,Polisher,0.03190457219370387
7602,0.0017382672732080735,HOG8-ML04-H1-GPS-Sniper-Specialist-Refiner,Refiner,0.3225193384221115
7621,0.0017359358374206637,HOG8-ML04-H1-GPS-Sniper-Specialist-Refiner,Refiner,0.13412412598132822
7627,0.0017324386392873206,HOG8-ML04-H1-GPS-Sniper-Specialist-Refiner,Refiner,0.20145895130199407
7635,0.001721470344559606,HOG8-ML04-H1-GPS-Sniper-Specialist-Exploiter,Exploiter,0.6331130280161964
7647,0.001719634603578036,HOG8-ML04-H1-GPS-Sniper-Specialist-Refiner,Refiner,0.10663796721050849
7662,0.0017154233411258045,HOG8-ML04-H1-GPS-Sniper-Specialist-Refiner,Refiner,0.24489286523247975
7680,0.0017049660140061008,HOG8-ML04-H1-GPS-Sniper-Specialist-Exploiter,Exploiter,0.6096062044276899
7689,0.0017043634046630149,HOG8-ML04-H1-GPS-Sniper-Specialist-Polisher,Polisher,0.03534436100987012
7709,0.0017020648469936726,HOG8-ML04-H1-GPS-Sniper-Specialist-Refiner,Refiner,0.13486312033300107
7718,0.0016992843520391712,HOG8-ML04-H1-GPS-Sniper-Specialist-Refiner,Refiner,0.1633601069555334
7732,0.0016989401691758078,HOG8-ML04-H1-GPS-Sniper-Specialist-Polisher,Polisher,0.02025457734312155
7741,0.0016945138766671557,HOG8-ML04-H1-GPS-Sniper-Specialist-Refiner,Refiner,0.26053257136179414
7752,0.0016900811769063545,HOG8-ML04-H1-GPS-Sniper-Specialist-Refiner,Refiner,0.26159123403105783
7762,0.0016893874986959882,HOG8-ML04-H1-GPS-Sniper-Specialist-Polisher,Polisher,0.041044076452946394
7777,0.001686821729173907,HOG8-ML04-H1-GPS-Sniper-Specialist-Refiner,Refiner,0.1518757256142643
7785,0.0016820702609116943,HOG8-ML04-H1-GPS-Sniper-Specialist-Refiner,Refiner,0.28168170827036354
7791,0.0016794780232605123,HOG8-ML04-H1-GPS-Sniper-Specialist-Refiner,Refiner,0.1541099507803539
7815,0.0016679409299332915,HOG8-ML04-H1-GPS-Sniper-Specialist-Exploiter,Exploiter,0.6869451798376528
7827,0.0016657301367984899,HOG8-ML04-H1-GPS-Sniper-Specialist-Refiner,Refiner,0.13254624879851495
7838,0.001663797785976866,HOG8-ML04-H1-GPS-Sniper-Specialist-Refiner,Refiner,0.11600623527997966
7845,0.0016606004252502002,HOG8-ML04-H1-GPS-Sniper-Specialist-Refiner,Refiner,0.19217243547348656
7853,0.001660185030805691,HOG8-ML04-H1-GPS-Sniper-Specialist-Polisher,Polisher,0.025014713846452492
7863,0.0016587096434075813,HOG8-ML04-H1-GPS-Sniper-Specialist-Refiner,Refiner,0.08886885321412583
7875,0.0016510431067849848,HOG8-ML04-H1-GPS-Sniper-Specialist-Refiner,Refiner,0.4621988334767706
7888,0.0016501073220375072,HOG8-ML04-H1-GPS-Sniper-Specialist-Refiner,Refiner,0.05667839583545507
7897,0.0016429544499759233,HOG8-ML04-H1-GPS-Sniper-Specialist-Refiner,Refiner,0.4334792025982681
7918,0.001642833362821899,HOG8-ML04-H1-GPS-Sniper-Specialist-Polisher,Polisher,0.007370085885586689
7932,0.00164211359673709,HOG8-ML04-H1-GPS-Sniper-Specialist-Polisher,Polisher,0.04381248281765355
7956,0.0016400232413679248,HOG8-ML04-H1-GPS-Sniper-Specialist-Refiner,Refiner,0.12729663607431446
7967,0.0016352648726942764,HOG8-ML04-H1-GPS-Sniper-Specialist-Refiner,Refiner,0.29014031957738934
7986,0.0016341760913048246,HOG8-ML04-H1-GPS-Sniper-Specialist-Refiner,Refiner,0.06658134762339482
8001,0.0016316369483615006,HOG8-ML04-H1-GPS-Sniper-Specialist-Refiner,Refiner,0.15537756040088843
8009,0.0016286064203738131,HOG8-ML04-H1-GPS-Sniper-Specialist-Refiner,Refiner,0.18573543524683614
8024,0.0016179053301548577,HOG8-ML04-H1-GPS-Sniper-Specialist-Exploiter,Exploiter,0.6570703691871269
8047,0.0016172611163672997,HOG8-ML04-H1-GPS-Sniper-Specialist-Polisher,Polisher,0.03981776779833321
8058,0.0016169999087410022,HOG8-ML04-H1-GPS-Sniper-Specialist-Polisher,Polisher,0.016151233938293905
8078,0.0016098541315654003,HOG8-ML04-H1-GPS-Sniper-Specialist-Refiner,Refiner,0.44191574390165833
8098,0.0016038128494960658,HOG8-ML04-H1-GPS-Sniper-Specialist-Refiner,Refiner,0.37526891106960364
8107,0.0016026857790198922,HOG8-ML04-H1-GPS-Sniper-Specialist-Refiner,Refiner,0.070274438599723
8117,0.001589931460714246,HOG8-ML04-H1-GPS-Sniper-Specialist-Exploiter,Exploiter,0.7958090395889063
8129,0.0015830762692149443,HOG8-ML04-H1-GPS-Sniper-Specialist-Refiner,Refiner,0.43116270535474227
8147,0.0015813862669605246,HOG8-ML04-H1-GPS-Sniper-Specialist-Refiner,Refiner,0.1067543167239668
8158,0.0015808412616409523,HOG8-ML04-H1-GPS-Sniper-Specialist-Polisher,Polisher,0.03446376960258991
8169,0.001574121715158148,HOG8-ML04-H1-GPS-Sniper-Specialist-Refiner,Refiner,0.42506143063531554
8177,0.0015708269178774728,HOG8-ML04-H1-GPS-Sniper-Specialist-Refiner,Refiner,0.2093101981217567
8186,0.0015660966711313637,HOG8-ML04-H1-GPS-Sniper-Specialist-Refiner,Refiner,0.30113099618261513
8201,0.001563903496630237,HOG8-ML04-H1-GPS-Sniper-Specialist-Refiner,Refiner,0.1400408123939264
8211,0.0015618497993719273,HOG8-ML04-H1-GPS-Sniper-Specialist-Refiner,Refiner,0.13131866913367324
8222,0.0015574411890805565,HOG8-ML04-H1-GPS-Sniper-Specialist-Refiner,Refiner,0.28226851859530233
8234,0.0015412649749593846,HOG8-ML04-H1-GPS-Sniper-Specialist-Exploiter,Exploiter,1.0386404465597565
8265,0.0015407196815220505,HOG8-ML04-H1-GPS-Sniper-Specialist-Polisher,Polisher,0.03537960352005635
8277,0.0015344226921110834,HOG8-ML04-H1-GPS-Sniper-Specialist-Refiner,Refiner,0.40870441823306564
8282,0.0015330767283433069,HOG8-ML04-H1-GPS-Sniper-Specialist-Refiner,Refiner,0.08771792640297565
8293,0.001527846242441271,HOG8-ML04-H1-GPS-Sniper-Specialist-Refiner,Refiner,0.3411757419139759
8302,0.0015244617679634866,HOG8-ML04-H1-GPS-Sniper-Specialist-Refiner,Refiner,0.2215193115490855
8317,0.0015189362142658549,HOG8-ML04-H1-GPS-Sniper-Specialist-Refiner,Refiner,0.36245931605180637
8326,0.0015135093719798687,HOG8-ML04-H1-GPS-Sniper-Specialist-Refiner,Refiner,0.35727914279857564
8338,0.00151325840082444,HOG8-ML04-H1-GPS-Sniper-Specialist-Polisher,Polisher,0.016582068144075948
8348,0.0015097809878269084,HOG8-ML04-H1-GPS-Sniper-Specialist-Refiner,Refiner,0.2297963781755339
8357,0.0015074553419343242,HOG8-ML04-H1-GPS-Sniper-Specialist-Refiner,Refiner,0.15403862622032874
8367,0.001504015836918131,HOG8-ML04-H1-GPS-Sniper-Specialist-Refiner,Refiner,0.2281662959102798
8379,0.0014938746899675866,HOG8-ML04-H1-GPS-Sniper-Specialist-Exploiter,Exploiter,0.6742712876830157
8387,0.0014883990020771911,HOG8-ML04-H1-GPS-Sniper-Specialist-Refiner,Refiner,0.36654265094445704
8401,0.0014871023948415136,HOG8-ML04-H1-GPS-Sniper-Specialist-Refiner,Refiner,0.08711422366368383
8412,0.0014844365607746862,HOG8-ML04-H1-GPS-Sniper-Specialist-Refiner,Refiner,0.1792636523264717
8421,0.0014812136978652139,HOG8-ML04-H1-GPS-Sniper-Specialist-Refiner,Refiner,0.21711018137349436
8437,0.0014806553991877575,HOG8-ML04-H1-GPS-Sniper-Specialist-Polisher,Polisher,0.03769197370109415
8445,0.0014794542555561052,HOG8-ML04-H1-GPS-Sniper-Specialist-Refiner,Refiner,0.08112242945328191
8453,0.0014780756438040438,HOG8-ML04-H1-GPS-Sniper-Specialist-Refiner,Refiner,0.09318380388470661
8467,0.0014679392745327955,HOG8-ML04-H1-GPS-Sniper-Specialist-Exploiter,Exploiter,0.6857814966195448
8482,0.001467501841416427,HOG8-ML04-H1-GPS-Sniper-Specialist-Polisher,Polisher,0.029799128884795384
8512,0.001466702235884795,HOG8-ML04-H1-GPS-Sniper-Specialist-Refiner,Refiner,0.05448753174034296
8521,0.0014535244935379912,HOG8-ML04-H1-GPS-Sniper-Specialist-Exploiter,Exploiter,0.898460643503032
8543,0.0014478526990919587,HOG8-ML04-H1-GPS-Sniper-Specialist-Refiner,Refiner,0.39020976056804324
8550,0.0014467083009853875,HOG8-ML04-H1-GPS-Sniper-Specialist-Refiner,Refiner,0.07904105903099719
8572,0.0014446901660513632,HOG8-ML04-H1-GPS-Sniper-Specialist-Refiner,Refiner,0.13949840010247788
8586,0.0014264971368334327,HOG8-ML04-H1-GPS-Sniper-Specialist-Exploiter,Exploiter,1.259303181086627
8591,0.0014263899497718312,HOG8-ML04-H1-GPS-Sniper-Specialist-Polisher,Polisher,0.00751400467858255
8601,0.001424178095738057,HOG8-ML04-H1-GPS-Sniper-Specialist-Refiner,Refiner,0.15506657447551978
8618,0.0014217580391302285,HOG8-ML04-H1-GPS-Sniper-Specialist-Refiner,Refiner,0.1699265432511961
8624,0.0014169994362111804,HOG8-ML04-H1-GPS-Sniper-Specialist-Refiner,Refiner,0.3346985062211597
8648,0.0014141060700158738,HOG8-ML04-H1-GPS-Sniper-Specialist-Refiner,Refiner,0.20418965042378565
8656,0.001406575273487005,HOG8-ML04-H1-GPS-Sniper-Specialist-Exploiter,Exploiter,0.5325482075601528
8667,0.0013993042846023615,HOG8-ML04-H1-GPS-Sniper-Specialist-Exploiter,Exploiter,0.5169285300045191
8673,0.0013978018090184225,HOG8-ML04-H1-GPS-Sniper-Specialist-Refiner,Refiner,0.10737304248060342
8685,0.0013867197771595574,HOG8-ML04-H1-GPS-Sniper-Specialist-Exploiter,Exploiter,0.792818537461131
8698,0.0013829808564629854,HOG8-ML04-H1-GPS-Sniper-Specialist-Refiner,Refiner,0.2696233772788993
8710,0.0013808733385756663,HOG8-ML04-H1-GPS-Sniper-Specialist-Refiner,Refiner,0.1523895198888807
8718,0.0013787406787520607,HOG8-ML04-H1-GPS-Sniper-Specialist-Refiner,Refiner,0.15444282716077581
8752,0.0013722962082672824,HOG8-ML04-H1-GPS-Sniper-Specialist-Refiner,Refiner,0.46741715712713794
8766,0.0013645251984593849,HOG8-ML04-H1-GPS-Sniper-Specialist-Exploiter,Exploiter,0.5662778750740335
8777,0.0013639882419778896,HOG8-ML04-H1-GPS-Sniper-Specialist-Polisher,Polisher,0.03935115907728085
8789,0.0013512092975060158,HOG8-ML04-H1-GPS-Sniper-Specialist-Exploiter,Exploiter,0.9368808380153814
8800,0.0013459347598535855,HOG8-ML04-H1-GPS-Sniper-Specialist-Refiner,Refiner,0.39035682052853077
8812,0.0013369955177795568,HOG8-ML04-H1-GPS-Sniper-Specialist-Exploiter,Exploiter,0.6641660755534047
8819,0.0013336950947675143,HOG8-ML04-H1-GPS-Sniper-Specialist-Refiner,Refiner,0.24685370804560805
8826,0.0013319624618103798,HOG8-ML04-H2-GPS-Sniper-Specialist-Refiner,Refiner,0.12991222386077667
8832,0.001328878320833718,HOG8-ML04-H1-GPS-Sniper-Specialist-Refiner,Refiner,0.23154864082804888
8843,0.001322598406444075,HOG8-ML04-H1-GPS-Sniper-Specialist-Refiner,Refiner,0.47257256674209014
8852,0.0013204400746032242,HOG8-ML04-H1-GPS-Sniper-Specialist-Refiner,Refiner,0.1631887525597138
8863,0.0013180678234943483,HOG8-ML04-H2-GPS-Sniper-Specialist-Refiner,Refiner,0.17965609757707204
8872,0.0013164348495284767,HOG8-ML04-H1-GPS-Sniper-Specialist-Refiner,Refiner,0.12389149759702077
8887,0.0013087520615675718,HOG8-ML04-H2-GPS-Sniper-Specialist-Exploiter,Exploiter,0.5836056348444932
8902,0.0013072893266469854,HOG8-ML04-H2-GPS-Sniper-Specialist-Refiner,Refiner,0.1117656249446085
8925,0.0013052878348788271,HOG8-ML04-H1-GPS-Sniper-Specialist-Refiner,Refiner,0.15310243320748407
8947,0.0012998174059113783,HOG8-ML04-H1-GPS-Sniper-Specialist-Refiner,Refiner,0.41909752173218373
8978,0.0012932230645742644,HOG8-ML04-H1-GPS-Sniper-Specialist-Exploiter,Exploiter,0.5073282837361478
9000,0.0012922523709483578,HOG8-ML04-H1-GPS-Sniper-Specialist-Refiner,Refiner,0.07506003043845695
9008,0.0012900337304595764,HOG8-ML04-H1-GPS-Sniper-Specialist-Refiner,Refiner,0.1716878636603441
9017,0.0012891969802556805,HOG8-ML04-H1-GPS-Sniper-Specialist-Refiner,Refiner,0.06486266088544902
9027,0.0012882043049608606,HOG8-ML04-H1-GPS-Sniper-Specialist-Refiner,Refiner,0.07699950512007715
9029,0.0012834251640165084,HOG8-ML04-H1-GPS-Sniper-Specialist-Refiner,Refiner,0.3709924680384782
9061,0.0012798427342100307,HOG8-ML04-H1-GPS-Sniper-Specialist-Refiner,Refiner,0.2791304009706697
9077,0.0012754461583001767,HOG8-ML04-H1-GPS-Sniper-Specialist-Refiner,Refiner,0.34352469974114913
9087,0.001274955625492136,HOG8-ML04-H1-GPS-Sniper-Specialist-Polisher,Polisher,0.038459703284880235
9103,0.0012724621714398953,HOG8-ML04-H1-GPS-Sniper-Specialist-Refiner,Refiner,0.19557183029631467
9120,0.001272222972642443,HOG8-ML04-H1-GPS-Sniper-Specialist-Polisher,Polisher,0.01879810675876805
9134,0.0012714949401554049,HOG8-ML04-H1-GPS-Sniper-Specialist-Refiner,Refiner,0.057225227235604706
9142,0.0012697582271181695,HOG8-ML04-H1-GPS-Sniper-Specialist-Refiner,Refiner,0.1365882774982276
9165,0.0012691671064782065,HOG8-ML04-H1-GPS-Sniper-Specialist-Polisher,Polisher,0.046553794835773925
9179,0.0012677768229490834,HOG8-ML04-H1-GPS-Sniper-Specialist-Refiner,Refiner,0.10954298468867525
9181,0.0012671375881119808,HOG8-ML04-H1-GPS-Sniper-Specialist-Refiner,Refiner,0.05042171662482924
9191,0.0012669182742142363,HOG8-ML04-H1-GPS-Sniper-Specialist-Polisher,Polisher,0.017307820382098205
9202,0.0012600617795549848,HOG8-ML04-H1-GPS-Sniper-Specialist-Exploiter,Exploiter,0.5411947083566987
9227,0.0012551417900640385,HOG8-ML04-H1-GPS-Sniper-Specialist-Refiner,Refiner,0.3904562118124039
9239,0.0012549706764525125,HOG8-ML04-H1-GPS-Sniper-Specialist-Polisher,Polisher,0.013633010459898282
9247,0.0012500109456507248,HOG8-ML04-H1-GPS-Sniper-Specialist-Refiner,Refiner,0.3952069076074045
9253,0.0012498582397086273,HOG8-ML04-H1-GPS-Sniper-Specialist-Polisher,Polisher,0.012216368394921809
9263,0.0012492157826236461,HOG8-ML04-H1-GPS-Sniper-Specialist-Refiner,Refiner,0.051402396253424895
9272,0.0012477221188519716,HOG8-ML04-H1-GPS-Sniper-Specialist-Refiner,Refiner,0.11956811564912324
9279,0.001242455815342247,HOG8-ML04-H1-GPS-Sniper-Specialist-Refiner,Refiner,0.42207342726039976
9293,0.0012422289246106948,HOG8-ML04-H1-GPS-Sniper-Specialist-Polisher,Polisher,0.018261472862895443
9297,0.0012369150751213955,HOG8-ML04-H1-GPS-Sniper-Specialist-Refiner,Refiner,0.42776732887334745
9312,0.0012326676718059186,HOG8-ML04-H1-GPS-Sniper-Specialist-Refiner,Refiner,0.3433868178104349
9322,0.0012323707681090174,HOG8-ML04-H1-GPS-Sniper-Specialist-Polisher,Polisher,0.02408627269881214
9330,0.0012282377103547213,HOG8-ML04-H1-GPS-Sniper-Specialist-Refiner,Refiner,0.3353745367263073
9343,0.0012243364871932947,HOG8-ML04-H1-GPS-Sniper-Specialist-Refiner,Refiner,0.3176276976791305
9351,0.0012229759553329517,HOG8-ML04-H1-GPS-Sniper-Specialist-Refiner,Refiner,0.11112401489087066
9361,0.001222971069701986,HOG8-ML04-H1-GPS-Sniper-Specialist-Polisher,Polisher,0.00039948708267382007
9372,0.0012177255671158144,HOG8-ML04-H1-GPS-Sniper-Specialist-Refiner,Refiner,0.4289146911259125
9388,0.0012171204144919097,HOG8-ML04-H1-GPS-Sniper-Specialist-Polisher,Polisher,0.049695320542379316
9396,0.0012124412052065586,HOG8-ML04-H1-GPS-Sniper-Specialist-Refiner,Refiner,0.38444916621535663
9416,0.001209622325380079,HOG8-ML04-H1-GPS-Sniper-Specialist-Refiner,Refiner,0.2324962080119473
9426,0.001209460691805257,HOG8-ML04-H1-GPS-Sniper-Specialist-Polisher,Polisher,0.013362317430045846
9437,0.0012090482361430627,HOG8-ML04-H1-GPS-Sniper-Specialist-Polisher,Polisher,0.03410244458451447
9447,0.0012084729384488667,HOG8-ML04-H1-GPS-Sniper-Specialist-Polisher,Polisher,0.047582691657628934
9458,0.0012082430688618105,HOG8-ML04-H1-GPS-Sniper-Specialist-Polisher,Polisher,0.019021492310063795
9466,0.0012075159765201088,HOG8-ML04-H1-GPS-Sniper-Specialist-Refiner,Refiner,0.06017765468222863
9477,0.0012062044033707294,HOG8-ML04-H1-GPS-Sniper-Specialist-Refiner,Refiner,0.10861745723308956
9488,0.0012057270900104047,HOG8-ML04-H1-GPS-Sniper-Specialist-Polisher,Polisher,0.03957151532450458
9511,0.001204663536931285,HOG8-ML04-H1-GPS-Sniper-Specialist-Refiner,Refiner,0.08820844185482997
9533,0.0012045637977354728,HOG8-ML04-H1-GPS-Sniper-Specialist-Polisher,Polisher,0.008279423486677765
9553,0.0012044606537813278,HOG8-ML04-H1-GPS-Sniper-Specialist-Polisher,Polisher,0.008562763909968641
9562,0.0012027217567904826,HOG8-ML04-H1-GPS-Sniper-Specialist-Refiner,Refiner,0.14437142345712875
9571,0.0011986197061081354,HOG8-ML04-H1-GPS-Sniper-Specialist-Refiner,Refiner,0.3410639791944634
9582,0.0011954909760300578,HOG8-ML04-H1-GPS-Sniper-Specialist-Refiner,Refiner,0.26102775234995196
9591,0.001192393921680693,HOG8-ML04-H1-GPS-Sniper-Specialist-Refiner,Refiner,0.25906129042055187
9603,0.0011844927731569058,HOG8-ML04-H1-GPS-Sniper-Specialist-Exploiter,Exploiter,0.662629050695807
9636,0.0011794062687669146,HOG8-ML04-H1-GPS-Sniper-Specialist-Refiner,Refiner,0.4294246875339458
9658,0.001172418308633748,HOG8-ML04-H1-GPS-Sniper-Specialist-Exploiter,Exploiter,0.5924981338680285
9667,0.0011691722468717622,HOG8-ML04-H1-GPS-Sniper-Specialist-Refiner,Refiner,0.27686890746090403
9673,0.0011663144415801755,HOG8-ML04-H1-GPS-Sniper-Specialist-Refiner,Refiner,0.24442979203731563
9682,0.0011656607011030168,HOG8-ML04-H1-GPS-Sniper-Specialist-Refiner,Refiner,0.056051820491309405
9698,0.0011634935946369905,HOG8-ML04-H1-GPS-Sniper-Specialist-Refiner,Refiner,0.1859122868237421
9706,0.0011630969355939584,HOG8-ML04-H1-GPS-Sniper-Specialist-Polisher,Polisher,0.03409206933845425
9718,0.0011600836673503166,HOG8-ML04-H1-GPS-Sniper-Specialist-Refiner,Refiner,0.25907283833595385
9723,0.0011583285871598443,HOG8-ML04-H1-GPS-Sniper-Specialist-Refiner,Refiner,0.15128910438684012
9736,0.0011582696078449902,HOG8-ML04-H1-GPS-Sniper-Specialist-Polisher,Polisher,0.00509176027492308
9747,0.0011576487103190617,HOG8-ML04-H1-GPS-Sniper-Specialist-Refiner,Refiner,0.05360561321157244
9758,0.0011549323784064772,HOG8-ML04-H1-GPS-Sniper-Specialist-Refiner,Refiner,0.23464215770912342
9772,0.0011529139001183288,HOG8-ML04-H1-GPS-Sniper-Specialist-Refiner,Refiner,0.17477025719318348
9802,0.0011518002706530424,HOG8-ML04-H1-GPS-Sniper-Specialist-Refiner,Refiner,0.09659259595812753
9818,0.001147323095375886,HOG8-ML04-H1-GPS-Sniper-Specialist-Refiner,Refiner,0.3887110804912353
9837,0.0011470857928106946,HOG8-ML04-H1-GPS-Sniper-Specialist-Polisher,Polisher,0.020683150731279062
9848,0.0011456850179096707,HOG8-ML04-H1-GPS-Sniper-Specialist-Refiner,Refiner,0.12211596637350104
9858,0.001138820892465522,HOG8-ML04-H1-GPS-Sniper-Specialist-Exploiter,Exploiter,0.5991284983958685
9886,0.001138804292208607,HOG8-ML04-H1-GPS-Sniper-Specialist-Polisher,Polisher,0.00145767056303582
9899,0.0011351002039948132,HOG8-ML04-H1-GPS-Sniper-Specialist-Refiner,Refiner,0.32526117429799467
9908,0.0011339049907067827,HOG8-ML04-H1-GPS-Sniper-Specialist-Refiner,Refiner,0.10529583941789045
9924,0.0011310665623433722,HOG8-ML04-H1-GPS-Sniper-Specialist-Refiner,Refiner,0.2503232975137778
9943,0.0011306613191283306,HOG8-ML04-H1-GPS-Sniper-Specialist-Polisher,Polisher,0.035828414395172856
9952,0.001128893325511659,HOG8-ML04-H1-GPS-Sniper-Specialist-Refiner,Refiner,0.15636809951494143
9973,0.001128075545577188,HOG8-ML04-H1-GPS-Sniper-Specialist-Refiner,Refiner,0.0724408512292767
9981,0.0011262318166781792,HOG8-ML04-H1-GPS-Sniper-Specialist-Refiner,Refiner,0.16344019744398902
9991,0.0011240342483973902,HOG8-ML04-H1-GPS-Sniper-Specialist-Refiner,Refiner,0.1951257501560111
10001,0.0011226508824214538,HOG8-ML04-H1-GPS-Sniper-Specialist-Refiner,Refiner,0.12307151476111554
10011,0.0011226457373732326,HOG8-ML04-H1-GPS-Sniper-Specialist-Polisher,Polisher,0.0004582945866605216
10020,0.0011150620455288181,HOG8-ML04-H1-GPS-Sniper-Specialist-Exploiter,Exploiter,0.6755195866292419
10027,0.0011140988671413164,HOG8-ML04-H1-GPS-Sniper-Specialist-Refiner,Refiner,0.08637890522449869
10000,0.0011140988671413164,Final,Final,0
