TimeMs,BestQuality,Source,Role,DeltaPct
6,1119417.330024617,HOG8-ML01-H2-GPS-GradientEstimation-Escape-Specialist-Global Explorer,Global Explorer,100
6,889154.462186591,HOG8-ML00-H1-GPS-GradientEstimation-Escape-Specialist-Local Explorer,Local Explorer,20.569885927437117
6,828445.726153356,HOG8-ML00-H2-GPS-GradientEstimation-Escape-Specialist-Local Explorer,Local Explorer,6.8276928942066215
9,781361.390410367,HOG8-ML00-H2-GPS-GradientEstimation-Escape-Specialist-Local Explorer,Local Explorer,5.6834544806708385
14,729751.2495817416,HOG8-ML05-H2-GPS-JADE-Specialist-Local Explorer,Local Explorer,6.6051562646984685
16,566.420606629727,HOG8-ML06-H2-GPS-Spray-Specialist-Global Explorer,Global Explorer,99.92238168732779
25,28.650223160491574,HOG8-ML01-H1-GPS-GradientEstimation-Escape-Specialist-Global Explorer,Global Explorer,94.94188191157734
26,26.18445139743069,HOG8-ML02-H1-GPS-GradientEstimation-Escape-Specialist-Local Explorer,Local Explorer,8.606466166941292
37,26.070498504246746,HOG8-ML01-H2-GPS-GradientEstimation-Escape-Specialist-Refiner,Refiner,0.4351929756111815
41,25.247076414239316,HOG8-ML02-H1-GPS-GradientEstimation-Escape-Specialist-Exploiter,Exploiter,3.1584439778675457
51,25.159062177944776,HOG8-ML01-H2-GPS-GradientEstimation-Escape-Specialist-Refiner,Refiner,0.3486115970437699
51,24.54264124858791,HOG8-ML02-H1-GPS-GradientEstimation-Escape-Specialist-Exploiter,Exploiter,2.450095019428986
62,24.2481964673869,HOG8-ML02-H1-GPS-GradientEstimation-Escape-Specialist-Exploiter,Exploiter,1.1997273570461757
70,24.052338361040658,HOG8-ML01-H2-GPS-GradientEstimation-Escape-Specialist-Exploiter,Exploiter,0.8077223665259663
72,24.00226569064756,HOG8-ML02-H1-GPS-GradientEstimation-Escape-Specialist-Refiner,Refiner,0.20818213032543315
81,23.90555229689691,HOG8-ML00-H1-GPS-GradientEstimation-Escape-Specialist-Refiner,Refiner,0.4029344354284654
86,23.71370421125073,HOG8-ML02-H1-GPS-GradientEstimation-Escape-Specialist-Exploiter,Exploiter,0.8025252178385563
97,23.498369210019884,HOG8-ML02-H1-GPS-GradientEstimation-Escape-Specialist-Exploiter,Exploiter,0.9080614285839024
105,23.26852472738662,HOG8-ML02-H1-GPS-GradientEstimation-Escape-Specialist-Exploiter,Exploiter,0.9781295058350576
116,23.015097463988834,HOG8-ML02-H1-GPS-GradientEstimation-Escape-Specialist-Exploiter,Exploiter,1.08914194761779
126,22.858200560653525,HOG8-ML01-H2-GPS-GradientEstimation-Escape-Specialist-Exploiter,Exploiter,0.6817129650691303
130,22.74922227253132,HOG8-ML02-H1-GPS-GradientEstimation-Escape-Specialist-Refiner,Refiner,0.47675794878531735
136,22.635177186666727,HOG8-ML01-H2-GPS-GradientEstimation-Escape-Specialist-Exploiter,Exploiter,0.5013142185625269
141,22.500847495697926,HOG8-ML02-H1-GPS-GradientEstimation-Escape-Specialist-Exploiter,Exploiter,0.5934554426546679
150,22.300914193013284,HOG8-ML02-H1-GPS-GradientEstimation-Escape-Specialist-Exploiter,Exploiter,0.8885589874908842
157,22.20997641756398,HOG8-ML01-H2-GPS-GradientEstimation-Escape-Specialist-Refiner,Refiner,0.407775998159731
160,22.16643422093109,HOG8-ML00-H1-GPS-GradientEstimation-Escape-Specialist-Refiner,Refiner,0.19604791925152315
161,22.045990822290943,HOG8-ML02-H1-GPS-GradientEstimation-Escape-Specialist-Exploiter,Exploiter,0.5433593758910364
170,21.96849689809203,HOG8-ML01-H2-GPS-GradientEstimation-Escape-Specialist-Refiner,Refiner,0.3515102805928627
172,21.840474530324602,HOG8-ML02-H1-GPS-GradientEstimation-Escape-Specialist-Exploiter,Exploiter,0.5827543339050537
180,21.762145018179954,HOG8-ML01-H2-GPS-GradientEstimation-Escape-Specialist-Refiner,Refiner,0.35864381992200417
186,21.603943241898005,HOG8-ML02-H1-GPS-GradientEstimation-Escape-Specialist-Exploiter,Exploiter,0.7269585610691788
190,21.572405039540858,HOG8-ML01-H2-GPS-GradientEstimation-Escape-Specialist-Refiner,Refiner,0.14598354570744815
194,21.414964471668657,HOG8-ML02-H1-GPS-GradientEstimation-Escape-Specialist-Exploiter,Exploiter,0.7298239004117602
201,21.404599650588157,HOG8-ML01-H2-GPS-GradientEstimation-Escape-Specialist-Polisher,Polisher,0.04839989855791197
206,21.254983233823264,HOG8-ML02-H1-GPS-GradientEstimation-Escape-Specialist-Exploiter,Exploiter,0.6989918952339835
212,21.18267332742897,HOG8-ML01-H2-GPS-GradientEstimation-Escape-Specialist-Refiner,Refiner,0.3402021333012763
216,21.015463788343272,HOG8-ML02-H1-GPS-GradientEstimation-Escape-Specialist-Exploiter,Exploiter,0.7893693893167905
224,20.939383723250533,HOG8-ML01-H2-GPS-GradientEstimation-Escape-Specialist-Refiner,Refiner,0.36201944367717914
226,20.78633998485625,HOG8-ML02-H1-GPS-GradientEstimation-Escape-Specialist-Exploiter,Exploiter,0.7308894111546627
236,20.71201653586945,HOG8-ML01-H2-GPS-GradientEstimation-Escape-Specialist-Refiner,Refiner,0.357559094294382
236,20.594290476555148,HOG8-ML02-H1-GPS-GradientEstimation-Escape-Specialist-Exploiter,Exploiter,0.5683949658422695
247,20.515765818280183,HOG8-ML01-H2-GPS-GradientEstimation-Escape-Specialist-Refiner,Refiner,0.3812933412994183
247,20.40389475044128,HOG8-ML02-H1-GPS-GradientEstimation-Escape-Specialist-Exploiter,Exploiter,0.5452931605371555
259,20.343044819571293,HOG8-ML00-H1-GPS-GradientEstimation-Escape-Specialist-Refiner,Refiner,0.29822703760355523
260,20.24950748614901,HOG8-ML02-H1-GPS-GradientEstimation-Escape-Specialist-Refiner,Refiner,0.4598000655845495
270,20.098638891159748,HOG8-ML01-H2-GPS-GradientEstimation-Escape-Specialist-Exploiter,Exploiter,0.7450482195305681
270,20.02902044457101,HOG8-ML02-H1-GPS-GradientEstimation-Escape-Specialist-Refiner,Refiner,0.3463838868181215
280,19.877703740770222,HOG8-ML01-H2-GPS-GradientEstimation-Escape-Specialist-Exploiter,Exploiter,0.7554872901525406
282,19.811397365146853,HOG8-ML02-H1-GPS-GradientEstimation-Escape-Specialist-Refiner,Refiner,0.3335716060973976
290,19.684018838915062,HOG8-ML01-H2-GPS-GradientEstimation-Escape-Specialist-Exploiter,Exploiter,0.6429557889534896
292,19.61557594375061,HOG8-ML02-H1-GPS-GradientEstimation-Escape-Specialist-Refiner,Refiner,0.3477079336519494
303,19.504514432918185,HOG8-ML01-H2-GPS-GradientEstimation-Escape-Specialist-Exploiter,Exploiter,0.5661904149585172
306,19.425204842028958,HOG8-ML02-H1-GPS-GradientEstimation-Escape-Specialist-Refiner,Refiner,0.4066217139729207
314,19.28820623546698,HOG8-ML01-H2-GPS-GradientEstimation-Escape-Specialist-Exploiter,Exploiter,0.7052620946656037
317,19.23722495106566,HOG8-ML02-H1-GPS-GradientEstimation-Escape-Specialist-Refiner,Refiner,0.2643132481006788
327,19.01810043854717,HOG8-ML02-H1-GPS-GradientEstimation-Escape-Specialist-Exploiter,Exploiter,1.139065083845953
337,18.830731935516507,HOG8-ML02-H1-GPS-GradientEstimation-Escape-Specialist-Exploiter,Exploiter,0.9852114496718644
347,18.725136317433385,HOG8-ML00-H1-GPS-GradientEstimation-Escape-Specialist-Exploiter,Exploiter,0.5607621543587402
347,18.684126882782415,HOG8-ML01-H2-GPS-GradientEstimation-Escape-Specialist-Refiner,Refiner,0.21900740243364622
351,18.65376068347693,HOG8-ML02-H1-GPS-GradientEstimation-Escape-Specialist-Refiner,Refiner,0.16252404779732785
359,18.58250778952978,HOG8-ML01-H2-GPS-GradientEstimation-Escape-Specialist-Refiner,Refiner,0.381976027012403
361,18.436754792960553,HOG8-ML02-H1-GPS-GradientEstimation-Escape-Specialist-Exploiter,Exploiter,0.7843559019055144
372,18.287830216621167,HOG8-ML02-H1-GPS-GradientEstimation-Escape-Specialist-Exploiter,Exploiter,0.8077591637561282
380,18.262540249893647,HOG8-ML01-H2-GPS-GradientEstimation-Escape-Specialist-Refiner,Refiner,0.13828850349088975
391,18.17691257069537,HOG8-ML02-H1-GPS-GradientEstimation-Escape-Specialist-Refiner,Refiner,0.46887058441266805
406,18.09758883810484,HOG8-ML01-H2-GPS-GradientEstimation-Escape-Specialist-Refiner,Refiner,0.4363982732602006
410,18.033092865192152,HOG8-ML02-H1-GPS-GradientEstimation-Escape-Specialist-Refiner,Refiner,0.3563788164801854
416,18.023755813958775,HOG8-ML01-H2-GPS-GradientEstimation-Escape-Specialist-Refiner,Refiner,0.0517773146468934
420,17.881530144046906,HOG8-ML02-H1-GPS-GradientEstimation-Escape-Specialist-Exploiter,Exploiter,0.7891011805748108
430,17.812050801129875,HOG8-ML01-H2-GPS-GradientEstimation-Escape-Specialist-Refiner,Refiner,0.38855367721515727
430,17.700544712704435,HOG8-ML02-H1-GPS-GradientEstimation-Escape-Specialist-Exploiter,Exploiter,0.6260148798720391
441,17.630320845191704,HOG8-ML01-H2-GPS-GradientEstimation-Escape-Specialist-Refiner,Refiner,0.39673280485163714
446,17.48089311977158,HOG8-ML02-H1-GPS-GradientEstimation-Escape-Specialist-Exploiter,Exploiter,0.8475610099907983
450,17.449725507627594,HOG8-ML01-H2-GPS-GradientEstimation-Escape-Specialist-Refiner,Refiner,0.1782953075133983
456,17.300340057298904,HOG8-ML02-H1-GPS-GradientEstimation-Escape-Specialist-Exploiter,Exploiter,0.8560905457417729
465,17.198244625296606,HOG8-ML02-H1-GPS-GradientEstimation-Escape-Specialist-Exploiter,Exploiter,0.5901354058021762
477,17.017144388225947,HOG8-ML02-H1-GPS-GradientEstimation-Escape-Specialist-Exploiter,Exploiter,1.0530158223489952
487,16.870710657624972,HOG8-ML01-H2-GPS-GradientEstimation-Escape-Specialist-Exploiter,Exploiter,0.860507070165614
487,16.801387742525616,HOG8-ML02-H1-GPS-GradientEstimation-Escape-Specialist-Refiner,Refiner,0.4109069055014847
497,16.588580858118345,HOG8-ML02-H1-GPS-GradientEstimation-Escape-Specialist-Exploiter,Exploiter,1.2666030191579993
516,16.297772643300203,HOG8-ML02-H1-GPS-GradientEstimation-Escape-Specialist-Exploiter,Exploiter,1.7530626477660534
526,16.114587538042343,HOG8-ML02-H1-GPS-GradientEstimation-Escape-Specialist-Exploiter,Exploiter,1.1239885919820105
539,15.97336285735756,HOG8-ML00-H1-GPS-GradientEstimation-Escape-Specialist-Exploiter,Exploiter,0.8763778802987534
539,15.903659170314043,HOG8-ML02-H1-GPS-GradientEstimation-Escape-Specialist-Refiner,Refiner,0.43637452968403073
550,15.761182028150587,HOG8-ML01-H2-GPS-GradientEstimation-Escape-Specialist-Exploiter,Exploiter,0.8958764812402742
552,15.693687666339114,HOG8-ML02-H1-GPS-GradientEstimation-Escape-Specialist-Refiner,Refiner,0.42823159894304536
560,15.576604208092657,HOG8-ML01-H2-GPS-GradientEstimation-Escape-Specialist-Exploiter,Exploiter,0.7460544693876212
561,15.509762407830534,HOG8-ML02-H1-GPS-GradientEstimation-Escape-Specialist-Refiner,Refiner,0.4291166378060531
571,15.338112725449253,HOG8-ML02-H1-GPS-GradientEstimation-Escape-Specialist-Exploiter,Exploiter,1.1067202570080548
582,15.159526355521098,HOG8-ML02-H1-GPS-GradientEstimation-Escape-Specialist-Exploiter,Exploiter,1.1643307956124316
596,14.978299696541601,HOG8-ML02-H1-GPS-GradientEstimation-Escape-Specialist-Exploiter,Exploiter,1.1954638603434635
607,14.836135950513832,HOG8-ML01-H2-GPS-GradientEstimation-Escape-Specialist-Exploiter,Exploiter,0.9491314028159961
607,14.802635467901661,HOG8-ML02-H1-GPS-GradientEstimation-Escape-Specialist-Refiner,Refiner,0.2258032868120928
621,14.627639296531415,HOG8-ML01-H2-GPS-GradientEstimation-Escape-Specialist-Exploiter,Exploiter,1.1821960471141197
621,14.596390086950317,HOG8-ML02-H1-GPS-GradientEstimation-Escape-Specialist-Refiner,Refiner,0.21363125619667211
629,14.44628730505477,HOG8-ML00-H1-GPS-GradientEstimation-Escape-Specialist-Exploiter,Exploiter,1.0283555112009728
629,14.37573902604256,HOG8-ML02-H1-GPS-GradientEstimation-Escape-Specialist-Refiner,Refiner,0.48834885754713087
641,14.164382638569167,HOG8-ML02-H1-GPS-GradientEstimation-Escape-Specialist-Exploiter,Exploiter,1.4702297189070204
651,14.058763714591114,HOG8-ML01-H2-GPS-GradientEstimation-Escape-Specialist-Exploiter,Exploiter,0.7456655660406685
656,13.957030820569214,HOG8-ML02-H1-GPS-GradientEstimation-Escape-Specialist-Exploiter,Exploiter,0.7236261743009103
668,13.769001661025591,HOG8-ML02-H1-GPS-GradientEstimation-Escape-Specialist-Exploiter,Exploiter,1.34720028895053
676,13.669378405422474,HOG8-ML01-H2-GPS-GradientEstimation-Escape-Specialist-Exploiter,Exploiter,0.7235328897163936
676,13.598849997702898,HOG8-ML02-H1-GPS-GradientEstimation-Escape-Specialist-Exploiter,Exploiter,0.5159591433330936
686,13.457341496130907,HOG8-ML01-H2-GPS-GradientEstimation-Escape-Specialist-Exploiter,Exploiter,1.0405916794132921
689,13.383431392449554,HOG8-ML02-H1-GPS-GradientEstimation-Escape-Specialist-Exploiter,Exploiter,0.5492177166092034
697,13.280949842884032,HOG8-ML01-H2-GPS-GradientEstimation-Escape-Specialist-Exploiter,Exploiter,0.7657344858758532
700,13.178702476880419,HOG8-ML02-H1-GPS-GradientEstimation-Escape-Specialist-Exploiter,Exploiter,0.7698799198341811
710,13.097869980667605,HOG8-ML01-H2-GPS-GradientEstimation-Escape-Specialist-Exploiter,Exploiter,0.613357015644139
711,12.993557774047467,HOG8-ML02-H1-GPS-GradientEstimation-Escape-Specialist-Exploiter,Exploiter,0.7964058795369201
720,12.927775974158108,HOG8-ML01-H2-GPS-GradientEstimation-Escape-Specialist-Exploiter,Exploiter,0.5062647277464531
726,12.788415350056729,HOG8-ML02-H1-GPS-GradientEstimation-Escape-Specialist-Exploiter,Exploiter,1.0779938048118447
730,12.763781024273811,HOG8-ML01-H2-GPS-GradientEstimation-Escape-Specialist-Refiner,Refiner,0.19263001011934228
732,12.645916732157596,HOG8-ML02-H1-GPS-GradientEstimation-Escape-Specialist-Exploiter,Exploiter,0.9234277201407924
741,12.532280048368754,HOG8-ML01-H2-GPS-GradientEstimation-Escape-Specialist-Exploiter,Exploiter,0.8986037643271262
746,12.433341325482795,HOG8-ML02-H1-GPS-GradientEstimation-Escape-Specialist-Exploiter,Exploiter,0.7894710499933147
756,12.218742734469922,HOG8-ML02-H1-GPS-GradientEstimation-Escape-Specialist-Exploiter,Exploiter,1.725992920125515
765,12.150300314763749,HOG8-ML01-H2-GPS-GradientEstimation-Escape-Specialist-Exploiter,Exploiter,0.5601428984431616
766,12.042860185394828,HOG8-ML02-H1-GPS-GradientEstimation-Escape-Specialist-Exploiter,Exploiter,0.8842590436910562
777,11.97469031505019,HOG8-ML01-H2-GPS-GradientEstimation-Escape-Specialist-Exploiter,Exploiter,0.5660604648330335
779,11.829423702369533,HOG8-ML02-H1-GPS-GradientEstimation-Escape-Specialist-Exploiter,Exploiter,1.2131137328710704
786,11.801009216531082,HOG8-ML01-H2-GPS-GradientEstimation-Escape-Specialist-Refiner,Refiner,0.24020177612507185
790,11.662815012728831,HOG8-ML02-H1-GPS-GradientEstimation-Escape-Specialist-Exploiter,Exploiter,1.1710371652677383
796,11.59718596025007,HOG8-ML01-H2-GPS-GradientEstimation-Escape-Specialist-Exploiter,Exploiter,0.5627205130762549
800,11.482830411661338,HOG8-ML02-H1-GPS-GradientEstimation-Escape-Specialist-Exploiter,Exploiter,0.9860629033688937
806,11.445588547573452,HOG8-ML00-H1-GPS-GradientEstimation-Escape-Specialist-Refiner,Refiner,0.3243265183997208
809,11.30471978387886,HOG8-ML02-H1-GPS-GradientEstimation-Escape-Specialist-Exploiter,Exploiter,1.2307690697518419
816,11.278173507538794,HOG8-ML00-H1-GPS-GradientEstimation-Escape-Specialist-Refiner,Refiner,0.2348247178839555
820,11.136174907989016,HOG8-ML02-H1-GPS-GradientEstimation-Escape-Specialist-Exploiter,Exploiter,1.2590567032406461
826,11.098536717684212,HOG8-ML00-H1-GPS-GradientEstimation-Escape-Specialist-Refiner,Refiner,0.3379813141925673
831,10.96839316913186,HOG8-ML02-H1-GPS-GradientEstimation-Escape-Specialist-Exploiter,Exploiter,1.1726189844917474
836,10.887041344527548,HOG8-ML00-H1-GPS-GradientEstimation-Escape-Specialist-Exploiter,Exploiter,0.7416931846795807
840,10.84928748007259,HOG8-ML01-H2-GPS-GradientEstimation-Escape-Specialist-Refiner,Refiner,0.34677800203206743
843,10.750169776882082,HOG8-ML02-H1-GPS-GradientEstimation-Escape-Specialist-Exploiter,Exploiter,0.9135872136540067
851,10.579644605766777,HOG8-ML02-H1-GPS-GradientEstimation-Escape-Specialist-Exploiter,Exploiter,1.5862556094882696
862,10.391034658094366,HOG8-ML02-H1-GPS-GradientEstimation-Escape-Specialist-Exploiter,Exploiter,1.7827626040444051
871,10.324600785280719,HOG8-ML00-H1-GPS-GradientEstimation-Escape-Specialist-Exploiter,Exploiter,0.6393383815912568
877,10.21758568621452,HOG8-ML02-H1-GPS-GradientEstimation-Escape-Specialist-Exploiter,Exploiter,1.0365059268806358
885,10.078269706166077,HOG8-ML02-H1-GPS-GradientEstimation-Escape-Specialist-Exploiter,Exploiter,1.3634921626975558
897,9.945839863062329,HOG8-ML01-H2-GPS-GradientEstimation-Escape-Specialist-Exploiter,Exploiter,1.3140136845387818
897,9.870610455555866,HOG8-ML02-H1-GPS-GradientEstimation-Escape-Specialist-Exploiter,Exploiter,0.7563906974397977
906,9.743023929624917,HOG8-ML01-H2-GPS-GradientEstimation-Escape-Specialist-Exploiter,Exploiter,1.2925900227288867
906,9.660435764416944,HOG8-ML02-H1-GPS-GradientEstimation-Escape-Specialist-Exploiter,Exploiter,0.8476646039722128
919,9.445982788969904,HOG8-ML02-H1-GPS-GradientEstimation-Escape-Specialist-Exploiter,Exploiter,2.2199099572397336
928,9.273041043503392,HOG8-ML02-H1-GPS-GradientEstimation-Escape-Specialist-Exploiter,Exploiter,1.830849677901763
966,9.215316121449344,HOG8-ML02-H1-GPS-GradientEstimation-Escape-Specialist-Exploiter,Exploiter,0.6225026049516865
980,9.027089922650973,HOG8-ML02-H1-GPS-GradientEstimation-Escape-Specialist-Exploiter,Exploiter,2.0425365371922624
990,8.823212190271457,HOG8-ML02-H1-GPS-GradientEstimation-Escape-Specialist-Exploiter,Exploiter,2.2585100417349455
1001,8.674455236786402,HOG8-ML01-H2-GPS-GradientEstimation-Escape-Specialist-Exploiter,Exploiter,1.6859727532006497
1001,8.648081605202956,HOG8-ML02-H1-GPS-GradientEstimation-Escape-Specialist-Refiner,Refiner,0.3040379005196984
1006,8.644671701487383,HOG8-ML00-H1-GPS-GradientEstimation-Escape-Specialist-Polisher,Polisher,0.03942959688911275
1016,8.573205783569593,HOG8-ML00-H1-GPS-GradientEstimation-Escape-Specialist-Exploiter,Exploiter,0.8267048233363611
1020,8.363768163065316,HOG8-ML02-H1-GPS-GradientEstimation-Escape-Specialist-Exploiter,Exploiter,2.4429323848222615
1030,8.298428091002254,HOG8-ML01-H2-GPS-GradientEstimation-Escape-Specialist-Exploiter,Exploiter,0.7812276809824322
1030,8.264885390804334,HOG8-ML00-H1-GPS-GradientEstimation-Escape-Specialist-Refiner,Refiner,0.4042054691573361
1034,8.199587200626327,HOG8-ML02-H1-GPS-GradientEstimation-Escape-Specialist-Exploiter,Exploiter,0.7900677031850795
1042,8.191077686420646,HOG8-ML00-H1-GPS-GradientEstimation-Escape-Specialist-Refiner,Refiner,0.10377978790238124
1042,8.122143018346282,HOG8-ML01-H2-GPS-GradientEstimation-Escape-Specialist-Exploiter,Exploiter,0.8415823987195943
1046,8.013330763144484,HOG8-ML02-H1-GPS-GradientEstimation-Escape-Specialist-Exploiter,Exploiter,1.3396988326358314
1062,7.837534049337283,HOG8-ML02-H1-GPS-GradientEstimation-Escape-Specialist-Exploiter,Exploiter,2.1938032885867944
1079,7.736573705118796,HOG8-ML02-H1-GPS-GradientEstimation-Escape-Specialist-Exploiter,Exploiter,1.2881646648415401
1091,7.570130029561263,HOG8-ML02-H1-GPS-GradientEstimation-Escape-Specialist-Exploiter,Exploiter,2.1513874474873607
1096,7.560215854368992,HOG8-ML01-H2-GPS-GradientEstimation-Escape-Specialist-Refiner,Refiner,0.13096439762006648
1100,7.354084282306716,HOG8-ML02-H1-GPS-GradientEstimation-Escape-Specialist-Exploiter,Exploiter,2.726530247719765
1108,7.3512880059396855,HOG8-ML01-H2-GPS-GradientEstimation-Escape-Specialist-Polisher,Polisher,0.038023447375470136
1112,7.178455762717932,HOG8-ML02-H1-GPS-GradientEstimation-Escape-Specialist-Exploiter,Exploiter,2.351047096537487
1124,7.003479214786083,HOG8-ML02-H1-GPS-GradientEstimation-Escape-Specialist-Exploiter,Exploiter,2.4375235247754596
1137,7.002280573273014,HOG8-ML00-H1-GPS-GradientEstimation-Escape-Specialist-Polisher,Polisher,0.017114943534611928
1137,6.824253000854593,HOG8-ML02-H1-GPS-GradientEstimation-Escape-Specialist-Exploiter,Exploiter,2.542422722933059
1147,6.653582853187375,HOG8-ML02-H1-GPS-GradientEstimation-Escape-Specialist-Exploiter,Exploiter,2.500935232703792
1155,6.4397059612879355,HOG8-ML02-H1-GPS-GradientEstimation-Escape-Specialist-Exploiter,Exploiter,3.2144619916618704
1168,6.232759879796955,HOG8-ML02-H1-GPS-GradientEstimation-Escape-Specialist-Exploiter,Exploiter,3.213595197281204
1181,6.053345912992069,HOG8-ML02-H1-GPS-GradientEstimation-Escape-Specialist-Exploiter,Exploiter,2.878563754500534
1191,6.053224277422051,HOG8-ML00-H1-GPS-GradientEstimation-Escape-Specialist-Polisher,Polisher,0.002009394007319559
1196,5.916514028193345,HOG8-ML01-H2-GPS-GradientEstimation-Escape-Specialist-Exploiter,Exploiter,2.2584699155889894
1196,5.849184242616411,HOG8-ML02-H1-GPS-GradientEstimation-Escape-Specialist-Exploiter,Exploiter,1.1379975650542626
1206,5.64379883484706,HOG8-ML02-H1-GPS-GradientEstimation-Escape-Specialist-Exploiter,Exploiter,3.5113513141360553
1213,5.642677012912786,HOG8-ML00-H1-GPS-GradientEstimation-Escape-Specialist-Polisher,Polisher,0.01987707158071135
1215,5.464856141620586,HOG8-ML02-H1-GPS-GradientEstimation-Escape-Specialist-Exploiter,Exploiter,3.151356543804878
1226,5.4257205800527135,HOG8-ML00-H1-GPS-GradientEstimation-Escape-Specialist-Exploiter,Exploiter,0.7161315971305074
1226,5.25975239937476,HOG8-ML02-H1-GPS-GradientEstimation-Escape-Specialist-Exploiter,Exploiter,3.058914999937969
1236,5.080841176014861,HOG8-ML02-H1-GPS-GradientEstimation-Escape-Specialist-Exploiter,Exploiter,3.4015141735790926
1251,4.90215286602346,HOG8-ML02-H1-GPS-GradientEstimation-Escape-Specialist-Exploiter,Exploiter,3.516904067675547
1259,4.833514625302855,HOG8-ML00-H1-GPS-GradientEstimation-Escape-Specialist-Exploiter,Exploiter,1.4001652456889482
1259,4.694971803661777,HOG8-ML02-H1-GPS-GradientEstimation-Escape-Specialist-Exploiter,Exploiter,2.8662956953895073
1271,4.491079047358722,HOG8-ML02-H1-GPS-GradientEstimation-Escape-Specialist-Exploiter,Exploiter,4.342789793626264
1282,4.326222172675006,HOG8-ML02-H1-GPS-GradientEstimation-Escape-Specialist-Exploiter,Exploiter,3.6707631494634025
1293,4.136166867305432,HOG8-ML02-H1-GPS-GradientEstimation-Escape-Specialist-Exploiter,Exploiter,4.393100903832186
1306,3.930403233515317,HOG8-ML02-H1-GPS-GradientEstimation-Escape-Specialist-Exploiter,Exploiter,4.97474208346345
1317,3.7236849453730896,HOG8-ML02-H1-GPS-GradientEstimation-Escape-Specialist-Local Explorer,Local Explorer,5.259467689714381
1330,3.5175180384019935,HOG8-ML02-H1-GPS-GradientEstimation-Escape-Specialist-Local Explorer,Local Explorer,5.536636691760706
1341,3.2986039485894385,HOG8-ML02-H1-GPS-GradientEstimation-Escape-Specialist-Local Explorer,Local Explorer,6.223538512740863
1357,3.0935979801654248,HOG8-ML02-H1-GPS-GradientEstimation-Escape-Specialist-Local Explorer,Local Explorer,6.214931274537496
1364,2.927753677074731,HOG8-ML02-H1-GPS-GradientEstimation-Escape-Specialist-Local Explorer,Local Explorer,5.360887360090192
1376,2.712463444159653,HOG8-ML02-H1-GPS-GradientEstimation-Escape-Specialist-Local Explorer,Local Explorer,7.353427120623938
1387,2.537938285389939,HOG8-ML02-H1-GPS-GradientEstimation-Escape-Specialist-Local Explorer,Local Explorer,6.4341939481431005
1397,2.5344382908496366,HOG8-ML00-H1-GPS-GradientEstimation-Escape-Specialist-Refiner,Refiner,0.1379069995693178
1400,2.36904353713197,HOG8-ML02-H1-GPS-GradientEstimation-Escape-Specialist-Local Explorer,Local Explorer,6.525893895890444
1406,2.3555476856734265,HOG8-ML00-H1-GPS-GradientEstimation-Escape-Specialist-Exploiter,Exploiter,0.569675113479845
1410,2.3018042530517664,HOG8-ML01-H2-GPS-GradientEstimation-Escape-Specialist-Exploiter,Exploiter,2.2815684415361543
1410,2.156791435371059,HOG8-ML02-H1-GPS-GradientEstimation-Escape-Specialist-Local Explorer,Local Explorer,6.29996306108338
1424,1.9545839566513554,HOG8-ML02-H1-GPS-GradientEstimation-Escape-Specialist-Local Explorer,Local Explorer,9.375383980274163
1435,1.9264226062355134,HOG8-ML01-H2-GPS-GradientEstimation-Escape-Specialist-Exploiter,Exploiter,1.4407848954254576
1436,1.7956341536592126,HOG8-ML02-H1-GPS-GradientEstimation-Escape-Specialist-Local Explorer,Local Explorer,6.7891880085376926
1445,1.7874455695387677,HOG8-ML00-H1-GPS-GradientEstimation-Escape-Specialist-Refiner,Refiner,0.45602742093972615
1447,1.6382683311247295,HOG8-ML02-H1-GPS-GradientEstimation-Escape-Specialist-Local Explorer,Local Explorer,8.345833907128812
1455,1.489148421055829,HOG8-ML02-H1-GPS-GradientEstimation-Escape-Specialist-Local Explorer,Local Explorer,9.10228851011997
1465,1.369320125092234,HOG8-ML02-H1-GPS-GradientEstimation-Escape-Specialist-Local Explorer,Local Explorer,8.046766478698942
1475,1.3403027477562424,HOG8-ML01-H2-GPS-GradientEstimation-Escape-Specialist-Exploiter,Exploiter,2.119108366572579
1478,1.3105505862047775,HOG8-ML00-H1-GPS-GradientEstimation-Escape-Specialist-Exploiter,Exploiter,2.2198090395078283
1480,1.2099635067700447,HOG8-ML02-H1-GPS-GradientEstimation-Escape-Specialist-Local Explorer,Local Explorer,7.675177173131701
1487,1.1908453148328488,HOG8-ML01-H2-GPS-GradientEstimation-Escape-Specialist-Exploiter,Exploiter,1.580063516810621
1488,1.1639276855695642,HOG8-ML00-H1-GPS-GradientEstimation-Escape-Specialist-Exploiter,Exploiter,2.260379994614407
1489,1.0740711057660075,HOG8-ML02-H1-GPS-GradientEstimation-Escape-Specialist-Local Explorer,Local Explorer,7.72011705861139
1496,1.0676539836023744,HOG8-ML01-H2-GPS-GradientEstimation-Escape-Specialist-Exploiter,Exploiter,0.5974578525745307
1499,0.9641135105747813,HOG8-ML02-H1-GPS-GradientEstimation-Escape-Specialist-Local Explorer,Local Explorer,9.697942837082559
1517,0.9100209493915397,HOG8-ML01-H2-GPS-GradientEstimation-Escape-Specialist-Local Explorer,Local Explorer,5.610600887751588
1517,0.9077341453206272,HOG8-ML00-H1-GPS-GradientEstimation-Escape-Specialist-Refiner,Refiner,0.2512913655934434
1522,0.8402944946774102,HOG8-ML02-H1-GPS-GradientEstimation-Escape-Specialist-Local Explorer,Local Explorer,7.429449579578849
1530,0.774090763186607,HOG8-ML02-H1-GPS-GradientEstimation-Escape-Specialist-Local Explorer,Local Explorer,7.87863444425147
1540,0.6941894628475473,HOG8-ML02-H1-GPS-GradientEstimation-Escape-Specialist-Local Explorer,Local Explorer,10.321955013406889
1550,0.6831685672712862,HOG8-ML01-H1-GPS-GradientEstimation-Escape-Specialist-Exploiter,Exploiter,1.587591884649725
1550,0.6631947629899891,HOG8-ML00-H1-GPS-GradientEstimation-Escape-Specialist-Exploiter,Exploiter,2.9237007143165927
1552,0.6200453725713002,HOG8-ML02-H1-GPS-GradientEstimation-Escape-Specialist-Local Explorer,Local Explorer,6.5062923935272785
1560,0.6055613967561794,HOG8-ML00-H1-GPS-GradientEstimation-Escape-Specialist-Exploiter,Exploiter,2.335954182684478
1567,0.5666934204777808,HOG8-ML02-H1-GPS-GradientEstimation-Escape-Specialist-Local Explorer,Local Explorer,6.418502977006671
1572,0.5541953875899093,HOG8-ML00-H1-GPS-GradientEstimation-Escape-Specialist-Exploiter,Exploiter,2.2054310913534905
1574,0.5227570129231309,HOG8-ML02-H1-GPS-GradientEstimation-Escape-Specialist-Local Explorer,Local Explorer,5.6727961601228545
1587,0.481502624201528,HOG8-ML02-H1-GPS-GradientEstimation-Escape-Specialist-Local Explorer,Local Explorer,7.891694936987712
1595,0.466624347942322,HOG8-ML01-H2-GPS-GradientEstimation-Escape-Specialist-Exploiter,Exploiter,3.089967844698363
1597,0.4441912289362874,HOG8-ML02-H1-GPS-GradientEstimation-Escape-Specialist-Exploiter,Exploiter,4.807532891277141
1604,0.41317241699115326,HOG8-ML02-H1-GPS-GradientEstimation-Escape-Specialist-Local Explorer,Local Explorer,6.983211266781521
1616,0.3838457163686248,HOG8-ML02-H1-GPS-GradientEstimation-Escape-Specialist-Local Explorer,Local Explorer,7.097932828162726
1625,0.3570324252054352,HOG8-ML02-H1-GPS-GradientEstimation-Escape-Specialist-Local Explorer,Local Explorer,6.98543451698691
1637,0.3382237883891886,HOG8-ML01-H2-GPS-GradientEstimation-Escape-Specialist-Local Explorer,Local Explorer,5.2680472384053605
1637,0.32939764641450636,HOG8-ML02-H1-GPS-GradientEstimation-Escape-Specialist-Exploiter,Exploiter,2.6095568312084945
1648,0.31058747883852034,HOG8-ML00-H1-GPS-GradientEstimation-Escape-Specialist-Local Explorer,Local Explorer,5.710474188487597
1648,0.3079732808465608,HOG8-ML02-H1-GPS-GradientEstimation-Escape-Specialist-Exploiter,Exploiter,0.8416945852858158
1658,0.29127484972450374,HOG8-ML00-H1-GPS-GradientEstimation-Escape-Specialist-Local Explorer,Local Explorer,5.422038910699067
1660,0.28863895660056393,HOG8-ML02-H1-GPS-GradientEstimation-Escape-Specialist-Exploiter,Exploiter,0.9049504708123299
1669,0.2682505726310777,HOG8-ML02-H1-GPS-GradientEstimation-Escape-Specialist-Local Explorer,Local Explorer,7.063628627822717
1679,0.25332022277201877,HOG8-ML02-H1-GPS-GradientEstimation-Escape-Specialist-Local Explorer,Local Explorer,5.565822176116098
1689,0.2427545668136486,HOG8-ML00-H1-GPS-GradientEstimation-Escape-Specialist-Exploiter,Exploiter,4.170869519516793
1691,0.23783945422947306,HOG8-ML02-H1-GPS-GradientEstimation-Escape-Specialist-Exploiter,Exploiter,2.0247250746671406
1699,0.23007232291093252,HOG8-ML00-H1-GPS-GradientEstimation-Escape-Specialist-Exploiter,Exploiter,3.2657034736745687
1701,0.22504833500309412,HOG8-ML02-H1-GPS-GradientEstimation-Escape-Specialist-Exploiter,Exploiter,2.183655923612908
1712,0.2133143443560812,HOG8-ML02-H1-GPS-GradientEstimation-Escape-Specialist-Local Explorer,Local Explorer,5.213986873909371
1722,0.2078566763212336,HOG8-ML00-H1-GPS-GradientEstimation-Escape-Specialist-Exploiter,Exploiter,2.558509626402444
1724,0.2037017186453891,HOG8-ML02-H1-GPS-GradientEstimation-Escape-Specialist-Exploiter,Exploiter,1.9989531966840441
1731,0.20166090474689716,HOG8-ML01-H1-GPS-GradientEstimation-Escape-Specialist-Exploiter,Exploiter,1.0018638586180357
1736,0.19086979338462895,HOG8-ML02-H1-GPS-GradientEstimation-Escape-Specialist-Local Explorer,Local Explorer,5.351117201329647
1741,0.18926836510237313,HOG8-ML01-H1-GPS-GradientEstimation-Escape-Specialist-Exploiter,Exploiter,0.839016092519532
1747,0.1797167461923192,HOG8-ML02-H1-GPS-GradientEstimation-Escape-Specialist-Local Explorer,Local Explorer,5.046600843668497
1755,0.17054690686525606,HOG8-ML02-H1-GPS-GradientEstimation-Escape-Specialist-Local Explorer,Local Explorer,5.102384458513551
1766,0.16250478140576577,HOG8-ML02-H1-GPS-GradientEstimation-Escape-Specialist-Exploiter,Exploiter,4.715491829965659
1776,0.15950242108176155,HOG8-ML01-H1-GPS-GradientEstimation-Escape-Specialist-Exploiter,Exploiter,1.8475519907980358
1779,0.15604227844606056,HOG8-ML00-H1-GPS-GradientEstimation-Escape-Specialist-Exploiter,Exploiter,2.1693354948683248
1781,0.15308370139959995,HOG8-ML02-H1-GPS-GradientEstimation-Escape-Specialist-Exploiter,Exploiter,1.8960098993192416
1786,0.15178625403301255,HOG8-ML01-H1-GPS-GradientEstimation-Escape-Specialist-Exploiter,Exploiter,0.8475411521443633
1790,0.14645606749282997,HOG8-ML02-H1-GPS-GradientEstimation-Escape-Specialist-Exploiter,Exploiter,3.511639821497471
1798,0.14503746641458604,HOG8-ML01-H1-GPS-GradientEstimation-Escape-Specialist-Exploiter,Exploiter,0.9686188510512759
1801,0.1393772711433857,HOG8-ML02-H1-GPS-GradientEstimation-Escape-Specialist-Exploiter,Exploiter,3.902574563058636
1809,0.13839698918124366,HOG8-ML01-H1-GPS-GradientEstimation-Escape-Specialist-Exploiter,Exploiter,0.7033298572286997
1811,0.13320461453426294,HOG8-ML02-H1-GPS-GradientEstimation-Escape-Specialist-Exploiter,Exploiter,3.751797403757696
1826,0.13101110621000805,HOG8-ML01-H2-GPS-GradientEstimation-Escape-Specialist-Exploiter,Exploiter,1.6467209727863208
1826,0.12649398315002996,HOG8-ML02-H1-GPS-GradientEstimation-Escape-Specialist-Exploiter,Exploiter,3.447893228790265
1835,0.1208421632838322,HOG8-ML02-H1-GPS-GradientEstimation-Escape-Specialist-Exploiter,Exploiter,4.468054310136118
1849,0.11875972571064902,HOG8-ML01-H2-GPS-GradientEstimation-Escape-Specialist-Exploiter,Exploiter,1.7232706835047111
1859,0.11467680969474665,HOG8-ML02-H1-GPS-GradientEstimation-Escape-Specialist-Exploiter,Exploiter,3.4379634943332134
1862,0.11456222338112555,HOG8-ML00-H1-GPS-GradientEstimation-Escape-Specialist-Refiner,Refiner,0.09992108598601028
1869,0.11095856889803353,HOG8-ML02-H1-GPS-GradientEstimation-Escape-Specialist-Exploiter,Exploiter,3.145587067652647
1874,0.11089785491011722,HOG8-ML00-H1-GPS-GradientEstimation-Escape-Specialist-Refiner,Refiner,0.05471770996983743
1882,0.10569374423228409,HOG8-ML02-H1-GPS-GradientEstimation-Escape-Specialist-Exploiter,Exploiter,4.692706348604371
1891,0.10193406212640391,HOG8-ML02-H1-GPS-GradientEstimation-Escape-Specialist-Exploiter,Exploiter,3.5571472400651194
1899,0.10192156979129713,HOG8-ML00-H1-GPS-GradientEstimation-Escape-Specialist-Polisher,Polisher,0.012255309801435467
1900,0.09876363347142647,HOG8-ML01-H2-GPS-GradientEstimation-Escape-Specialist-Exploiter,Exploiter,3.0983984315951023
1907,0.09807662030561526,HOG8-ML02-H1-GPS-GradientEstimation-Escape-Specialist-Exploiter,Exploiter,0.6956134982720877
1911,0.09798269417148128,HOG8-ML00-H1-GPS-GradientEstimation-Escape-Specialist-Refiner,Refiner,0.09576811868240759
1917,0.09481216896907714,HOG8-ML02-H1-GPS-GradientEstimation-Escape-Specialist-Exploiter,Exploiter,3.235801208788308
1927,0.09150282852474723,HOG8-ML01-H2-GPS-GradientEstimation-Escape-Specialist-Exploiter,Exploiter,3.4904174013878437
1927,0.09058513261120349,HOG8-ML02-H1-GPS-GradientEstimation-Escape-Specialist-Exploiter,Exploiter,1.0029153506391806
1935,0.0871733647286962,HOG8-ML01-H2-GPS-GradientEstimation-Escape-Specialist-Exploiter,Exploiter,3.766366272433233
1940,0.08641132980055533,HOG8-ML02-H1-GPS-GradientEstimation-Escape-Specialist-Exploiter,Exploiter,0.8741602787875727
1946,0.08504027089157465,HOG8-ML00-H1-GPS-GradientEstimation-Escape-Specialist-Exploiter,Exploiter,1.5866656746808514
1949,0.08322879111247043,HOG8-ML01-H2-GPS-GradientEstimation-Escape-Specialist-Exploiter,Exploiter,2.1301434721601864
1957,0.08191630090649445,HOG8-ML00-H1-GPS-GradientEstimation-Escape-Specialist-Exploiter,Exploiter,1.5769665622108637
1960,0.08003647884431972,HOG8-ML02-H1-GPS-GradientEstimation-Escape-Specialist-Exploiter,Exploiter,2.2948082876941673
1967,0.07912482926581431,HOG8-ML00-H1-GPS-GradientEstimation-Escape-Specialist-Exploiter,Exploiter,1.1390425861670845
1972,0.07744856300220446,HOG8-ML01-H2-GPS-GradientEstimation-Escape-Specialist-Exploiter,Exploiter,2.1185085379186765
1972,0.07724298054043649,HOG8-ML02-H1-GPS-GradientEstimation-Escape-Specialist-Refiner,Refiner,0.2654438685481037
1976,0.0760211127027892,HOG8-ML00-H1-GPS-GradientEstimation-Escape-Specialist-Exploiter,Exploiter,1.5818496763050744
1980,0.07399071561292489,HOG8-ML02-H1-GPS-GradientEstimation-Escape-Specialist-Exploiter,Exploiter,2.670833164205736
1990,0.07275767485573147,HOG8-ML00-H1-GPS-GradientEstimation-Escape-Specialist-Exploiter,Exploiter,1.6664803779489774
1990,0.07192126705379479,HOG8-ML01-H2-GPS-GradientEstimation-Escape-Specialist-Exploiter,Exploiter,1.1495801695081151
1994,0.0709433943673021,HOG8-ML02-H1-GPS-GradientEstimation-Escape-Specialist-Exploiter,Exploiter,1.3596432968307826
1999,0.07031102596690048,HOG8-ML00-H1-GPS-GradientEstimation-Escape-Specialist-Exploiter,Exploiter,0.8913703749888267
2000,0.06954628444476643,HOG8-ML01-H2-GPS-GradientEstimation-Escape-Specialist-Exploiter,Exploiter,1.0876551886670698
2009,0.06831464320679975,HOG8-ML02-H1-GPS-GradientEstimation-Escape-Specialist-Exploiter,Exploiter,1.770966267716067
2018,0.06702636430514873,HOG8-ML00-H1-GPS-GradientEstimation-Escape-Specialist-Exploiter,Exploiter,1.8858019908721293
2020,0.06653863857752015,HOG8-ML01-H2-GPS-GradientEstimation-Escape-Specialist-Exploiter,Exploiter,0.7276625141237318
2025,0.06522147035742837,HOG8-ML02-H1-GPS-GradientEstimation-Escape-Specialist-Exploiter,Exploiter,1.9795539077001587
2031,0.06466928357658766,HOG8-ML00-H1-GPS-GradientEstimation-Escape-Specialist-Exploiter,Exploiter,0.846633444193453
2031,0.0638475948929689,HOG8-ML01-H2-GPS-GradientEstimation-Escape-Specialist-Exploiter,Exploiter,1.2706011852530206
2037,0.06298504399786187,HOG8-ML02-H1-GPS-GradientEstimation-Escape-Specialist-Exploiter,Exploiter,1.3509528378523472
2039,0.06174489818335086,HOG8-ML01-H2-GPS-GradientEstimation-Escape-Specialist-Exploiter,Exploiter,1.9689528430798655
2047,0.06095866478610955,HOG8-ML02-H1-GPS-GradientEstimation-Escape-Specialist-Exploiter,Exploiter,1.273357670631509
2055,0.05981568737444737,HOG8-ML01-H2-GPS-GradientEstimation-Escape-Specialist-Exploiter,Exploiter,1.8750040140686062
2056,0.05926584508131773,HOG8-ML02-H1-GPS-GradientEstimation-Escape-Specialist-Exploiter,Exploiter,0.9192275760163331
2061,0.05809676401177763,HOG8-ML01-H2-GPS-GradientEstimation-Escape-Specialist-Exploiter,Exploiter,1.9726050779095796
2069,0.05698249945182105,HOG8-ML02-H1-GPS-GradientEstimation-Escape-Specialist-Exploiter,Exploiter,1.917945997354843
2075,0.056967885792886835,HOG8-ML00-H1-GPS-GradientEstimation-Escape-Specialist-Polisher,Polisher,0.025645872109510144
2075,0.05589522307253439,HOG8-ML01-H2-GPS-GradientEstimation-Escape-Specialist-Exploiter,Exploiter,1.8829252752195027
2079,0.05483895031448506,HOG8-ML02-H1-GPS-GradientEstimation-Escape-Specialist-Exploiter,Exploiter,1.8897370830394924
2084,0.05382910472719548,HOG8-ML01-H2-GPS-GradientEstimation-Escape-Specialist-Exploiter,Exploiter,1.8414750492093968
2090,0.0528138244932911,HOG8-ML02-H1-GPS-GradientEstimation-Escape-Specialist-Exploiter,Exploiter,1.8861176292078354
2095,0.05214444008632181,HOG8-ML01-H2-GPS-GradientEstimation-Escape-Specialist-Exploiter,Exploiter,1.2674416469390852
2104,0.05080424649910249,HOG8-ML02-H1-GPS-GradientEstimation-Escape-Specialist-Exploiter,Exploiter,2.570156252518414
2106,0.050494613923151126,HOG8-ML01-H2-GPS-GradientEstimation-Escape-Specialist-Exploiter,Exploiter,0.6094619983328305
2115,0.049222692553654024,HOG8-ML02-H1-GPS-GradientEstimation-Escape-Specialist-Exploiter,Exploiter,2.518924833117582
2116,0.04921335802497514,HOG8-ML00-H1-GPS-GradientEstimation-Escape-Specialist-Polisher,Polisher,0.0189638725445794
2116,0.04868321360852739,HOG8-ML01-H2-GPS-GradientEstimation-Escape-Specialist-Exploiter,Exploiter,1.0772368269986903
2126,0.04748504836740938,HOG8-ML02-H1-GPS-GradientEstimation-Escape-Specialist-Exploiter,Exploiter,2.4611465684100544
2126,0.04729118307480332,HOG8-ML01-H2-GPS-GradientEstimation-Escape-Specialist-Refiner,Refiner,0.4082659684919309
2136,0.04611383920275401,HOG8-ML02-H1-GPS-GradientEstimation-Escape-Specialist-Exploiter,Exploiter,2.489563160615012
2140,0.04609989807738098,HOG8-ML00-H1-GPS-GradientEstimation-Escape-Specialist-Polisher,Polisher,0.030231977241665518
2140,0.04585679968087491,HOG8-ML01-H2-GPS-GradientEstimation-Escape-Specialist-Exploiter,Exploiter,0.5273295747813052
2150,0.04466660923473773,HOG8-ML02-H1-GPS-GradientEstimation-Escape-Specialist-Exploiter,Exploiter,2.595450302724808
2150,0.044474120934352435,HOG8-ML01-H2-GPS-GradientEstimation-Escape-Specialist-Refiner,Refiner,0.4309445101903934
2156,0.04444066243214691,HOG8-ML00-H1-GPS-GradientEstimation-Escape-Specialist-Refiner,Refiner,0.07523139637749074
2159,0.043228379003940456,HOG8-ML01-H2-GPS-GradientEstimation-Escape-Specialist-Exploiter,Exploiter,2.7278698423035324
2166,0.042889803504099114,HOG8-ML00-H1-GPS-GradientEstimation-Escape-Specialist-Exploiter,Exploiter,0.7832250656691985
2170,0.04221623943627824,HOG8-ML02-H1-GPS-GradientEstimation-Escape-Specialist-Exploiter,Exploiter,1.5704526782373829
2170,0.04193184904831921,HOG8-ML01-H2-GPS-GradientEstimation-Escape-Specialist-Exploiter,Exploiter,0.6736516368026838
2177,0.041406776541349374,HOG8-ML00-H1-GPS-GradientEstimation-Escape-Specialist-Exploiter,Exploiter,1.2522045149136645
2180,0.04083451877900908,HOG8-ML02-H1-GPS-GradientEstimation-Escape-Specialist-Exploiter,Exploiter,1.382038907976404
2181,0.04054406049599968,HOG8-ML01-H2-GPS-GradientEstimation-Escape-Specialist-Exploiter,Exploiter,0.7113057572230057
2189,0.04028764527292604,HOG8-ML00-H1-GPS-GradientEstimation-Escape-Specialist-Exploiter,Exploiter,0.6324359719691576
2191,0.03961012711135929,HOG8-ML02-H1-GPS-GradientEstimation-Escape-Specialist-Exploiter,Exploiter,1.681702062696753
2196,0.03940506787287175,HOG8-ML01-H2-GPS-GradientEstimation-Escape-Specialist-Exploiter,Exploiter,0.5176939672802422
2203,0.03917431676239996,HOG8-ML00-H1-GPS-GradientEstimation-Escape-Specialist-Exploiter,Exploiter,0.5855873950432792
2203,0.03851733265669999,HOG8-ML02-H1-GPS-GradientEstimation-Escape-Specialist-Exploiter,Exploiter,1.6770786576437706
2205,0.03839124102039917,HOG8-ML01-H2-GPS-GradientEstimation-Escape-Specialist-Refiner,Refiner,0.3273633650197376
2210,0.0379284644303576,HOG8-ML02-H1-GPS-GradientEstimation-Escape-Specialist-Exploiter,Exploiter,1.2054223248362124
2218,0.037071738503076726,HOG8-ML01-H2-GPS-GradientEstimation-Escape-Specialist-Exploiter,Exploiter,2.2587941277030903
2227,0.03663614253575828,HOG8-ML02-H1-GPS-GradientEstimation-Escape-Specialist-Exploiter,Exploiter,1.175008200066724
2230,0.03591101564589315,HOG8-ML01-H2-GPS-GradientEstimation-Escape-Specialist-Exploiter,Exploiter,1.979266482974786
2234,0.03549149890059203,HOG8-ML02-H1-GPS-GradientEstimation-Escape-Specialist-Exploiter,Exploiter,1.1682118641194652
2241,0.03495641760188152,HOG8-ML01-H2-GPS-GradientEstimation-Escape-Specialist-Exploiter,Exploiter,1.5076322930435093
2245,0.03461055725500799,HOG8-ML02-H1-GPS-GradientEstimation-Escape-Specialist-Exploiter,Exploiter,0.9894044372982815
2251,0.033905811386373226,HOG8-ML01-H2-GPS-GradientEstimation-Escape-Specialist-Exploiter,Exploiter,2.0362164741880533
2256,0.033641048432716675,HOG8-ML00-H1-GPS-GradientEstimation-Escape-Specialist-Exploiter,Exploiter,0.7808777989101884
2256,0.0335005137021408,HOG8-ML02-H1-GPS-GradientEstimation-Escape-Specialist-Refiner,Refiner,0.4177477728048514
2262,0.03301749224166117,HOG8-ML01-H2-GPS-GradientEstimation-Escape-Specialist-Exploiter,Exploiter,1.4418329962765917
2268,0.032614539791632376,HOG8-ML02-H1-GPS-GradientEstimation-Escape-Specialist-Exploiter,Exploiter,1.2204211242922782
2268,0.03260180436543529,HOG8-ML00-H1-GPS-GradientEstimation-Escape-Specialist-Polisher,Polisher,0.03904830875569127
2272,0.03219566718889423,HOG8-ML01-H2-GPS-GradientEstimation-Escape-Specialist-Exploiter,Exploiter,1.2457506093486361
2278,0.03181185593878294,HOG8-ML00-H1-GPS-GradientEstimation-Escape-Specialist-Exploiter,Exploiter,1.1921208150756533
2286,0.031197267183848874,HOG8-ML01-H2-GPS-GradientEstimation-Escape-Specialist-Exploiter,Exploiter,1.9319487555732306
2290,0.030907679176529507,HOG8-ML02-H1-GPS-GradientEstimation-Escape-Specialist-Exploiter,Exploiter,0.9282479956106225
2291,0.030893033071521178,HOG8-ML00-H1-GPS-GradientEstimation-Escape-Specialist-Polisher,Polisher,0.047386621702254494
2296,0.030311213208998624,HOG8-ML01-H2-GPS-GradientEstimation-Escape-Specialist-Exploiter,Exploiter,1.8833368066371776
2300,0.029954087393047304,HOG8-ML02-H1-GPS-GradientEstimation-Escape-Specialist-Exploiter,Exploiter,1.1781970371456418
2301,0.02993956318958361,HOG8-ML00-H1-GPS-GradientEstimation-Escape-Specialist-Polisher,Polisher,0.04848821889684226
2306,0.029543750724686145,HOG8-ML01-H2-GPS-GradientEstimation-Escape-Specialist-Exploiter,Exploiter,1.3220382087443923
2313,0.029206147243266093,HOG8-ML02-H1-GPS-GradientEstimation-Escape-Specialist-Exploiter,Exploiter,1.1427238354605989
2313,0.029198347409891547,HOG8-ML00-H1-GPS-GradientEstimation-Escape-Specialist-Polisher,Polisher,0.026706135902071534
2321,0.0286845138376757,HOG8-ML01-H2-GPS-GradientEstimation-Escape-Specialist-Exploiter,Exploiter,1.759803611494033
2321,0.028510710290248424,HOG8-ML00-H1-GPS-GradientEstimation-Escape-Specialist-Exploiter,Exploiter,0.6059142170260345
2325,0.028391402188665493,HOG8-ML02-H1-GPS-GradientEstimation-Escape-Specialist-Refiner,Refiner,0.4184676578322174
2330,0.028004343805880946,HOG8-ML01-H2-GPS-GradientEstimation-Escape-Specialist-Exploiter,Exploiter,1.363294353031528
2336,0.027742983310844876,HOG8-ML02-H1-GPS-GradientEstimation-Escape-Specialist-Exploiter,Exploiter,0.9332855532975702
2340,0.027378160090302,HOG8-ML01-H2-GPS-GradientEstimation-Escape-Specialist-Exploiter,Exploiter,1.3150107775188855
2346,0.027080397386701885,HOG8-ML02-H1-GPS-GradientEstimation-Escape-Specialist-Exploiter,Exploiter,1.0875920902573377
2354,0.02658698704856284,HOG8-ML01-H2-GPS-GradientEstimation-Escape-Specialist-Exploiter,Exploiter,1.8220203015977106
2356,0.02630307091179982,HOG8-ML02-H1-GPS-GradientEstimation-Escape-Specialist-Exploiter,Exploiter,1.0678763119883745
2366,0.0258572116106284,HOG8-ML01-H2-GPS-GradientEstimation-Escape-Specialist-Exploiter,Exploiter,1.6950845879041598
2366,0.025697679460717614,HOG8-ML00-H1-GPS-GradientEstimation-Escape-Specialist-Exploiter,Exploiter,0.6169735248839097
2370,0.025601095751638075,HOG8-ML02-H1-GPS-GradientEstimation-Escape-Specialist-Refiner,Refiner,0.37584603398598776
2378,0.02526367720396973,HOG8-ML01-H2-GPS-GradientEstimation-Escape-Specialist-Exploiter,Exploiter,1.3179847883923392
2379,0.025036517889987838,HOG8-ML00-H1-GPS-GradientEstimation-Escape-Specialist-Exploiter,Exploiter,0.899153801514675
2381,0.024917180503145814,HOG8-ML02-H1-GPS-GradientEstimation-Escape-Specialist-Refiner,Refiner,0.4766532924682294
2385,0.024610113193301725,HOG8-ML01-H2-GPS-GradientEstimation-Escape-Specialist-Exploiter,Exploiter,1.2323517494498286
2392,0.024359549891098477,HOG8-ML02-H1-GPS-GradientEstimation-Escape-Specialist-Exploiter,Exploiter,1.0181314496003397
2396,0.024058843716867652,HOG8-ML01-H2-GPS-GradientEstimation-Escape-Specialist-Exploiter,Exploiter,1.23444881196557
2401,0.023819430620795185,HOG8-ML02-H1-GPS-GradientEstimation-Escape-Specialist-Exploiter,Exploiter,0.9951147232591826
2406,0.023788608364253373,HOG8-ML00-H1-GPS-GradientEstimation-Escape-Specialist-Refiner,Refiner,0.12939963608913052
2410,0.02342027783648356,HOG8-ML01-H2-GPS-GradientEstimation-Escape-Specialist-Exploiter,Exploiter,1.5483483612404008
2412,0.023206785813677196,HOG8-ML02-H1-GPS-GradientEstimation-Escape-Specialist-Exploiter,Exploiter,0.911569129524974
2415,0.023189247179684683,HOG8-ML00-H1-GPS-GradientEstimation-Escape-Specialist-Refiner,Refiner,0.07557545509889455
2419,0.022915485220978034,HOG8-ML01-H2-GPS-GradientEstimation-Escape-Specialist-Exploiter,Exploiter,1.1805556109060893
2427,0.0227289390535676,HOG8-ML02-H1-GPS-GradientEstimation-Escape-Specialist-Exploiter,Exploiter,0.8140616077361579
2427,0.022710783568609234,HOG8-ML00-H1-GPS-GradientEstimation-Escape-Specialist-Refiner,Refiner,0.07987827727275403
2430,0.02246057516754244,HOG8-ML01-H2-GPS-GradientEstimation-Escape-Specialist-Exploiter,Exploiter,1.1017162851775393
2436,0.022250979887952393,HOG8-ML02-H1-GPS-GradientEstimation-Escape-Specialist-Exploiter,Exploiter,0.9331696896744348
2436,0.022197130209840932,HOG8-ML00-H1-GPS-GradientEstimation-Escape-Specialist-Refiner,Refiner,0.24201036710575363
2441,0.02198367856925676,HOG8-ML01-H2-GPS-GradientEstimation-Escape-Specialist-Exploiter,Exploiter,0.9616181847216458
2444,0.02185722273814588,HOG8-ML02-H1-GPS-GradientEstimation-Escape-Specialist-Exploiter,Exploiter,0.5752259828240127
2448,0.02174727441598006,HOG8-ML00-H1-GPS-GradientEstimation-Escape-Specialist-Exploiter,Exploiter,0.5030297009049338
2449,0.02161100071829916,HOG8-ML01-H2-GPS-GradientEstimation-Escape-Specialist-Exploiter,Exploiter,0.626624261386813
2457,0.021333181993838657,HOG8-ML02-H1-GPS-GradientEstimation-Escape-Specialist-Exploiter,Exploiter,1.285543080960897
2457,0.0213164082816018,HOG8-ML00-H1-GPS-GradientEstimation-Escape-Specialist-Refiner,Refiner,0.07862733389562783
2461,0.02119097832651653,HOG8-ML01-H2-GPS-GradientEstimation-Escape-Specialist-Exploiter,Exploiter,0.5884197442095803
2467,0.02088151188671803,HOG8-ML02-H1-GPS-GradientEstimation-Escape-Specialist-Exploiter,Exploiter,1.4603688184195744
2470,0.020815229239229682,HOG8-ML00-H1-GPS-GradientEstimation-Escape-Specialist-Refiner,Refiner,0.3174226456778184
2475,0.020661021017500336,HOG8-ML01-H2-GPS-GradientEstimation-Escape-Specialist-Exploiter,Exploiter,0.740843254508654
2480,0.020389330638907355,HOG8-ML02-H1-GPS-GradientEstimation-Escape-Specialist-Exploiter,Exploiter,1.3149900886449595
2481,0.02027207199450725,HOG8-ML00-H1-GPS-GradientEstimation-Escape-Specialist-Exploiter,Exploiter,0.5750980572964437
2486,0.02023314340028607,HOG8-ML01-H2-GPS-GradientEstimation-Escape-Specialist-Refiner,Refiner,0.19203066283371303
2489,0.019979489436553588,HOG8-ML02-H1-GPS-GradientEstimation-Escape-Specialist-Exploiter,Exploiter,1.25365574055535
2491,0.019950027676706204,HOG8-ML00-H1-GPS-GradientEstimation-Escape-Specialist-Refiner,Refiner,0.14746002364546143
2497,0.01984422176504404,HOG8-ML01-H2-GPS-GradientEstimation-Escape-Specialist-Exploiter,Exploiter,0.5303547111651512
2501,0.019529615317998645,HOG8-ML02-H1-GPS-GradientEstimation-Escape-Specialist-Exploiter,Exploiter,1.5853806250017866
2504,0.01949215059604615,HOG8-ML00-H1-GPS-GradientEstimation-Escape-Specialist-Refiner,Refiner,0.19183543220110166
2506,0.01940500513744732,HOG8-ML01-H2-GPS-GradientEstimation-Escape-Specialist-Refiner,Refiner,0.4470797522799059
2511,0.019138554817190814,HOG8-ML02-H1-GPS-GradientEstimation-Escape-Specialist-Exploiter,Exploiter,1.3731010034226543
2521,0.01891385706744534,HOG8-ML00-H1-GPS-GradientEstimation-Escape-Specialist-Exploiter,Exploiter,1.1740580827118843
2526,0.018861220674698212,HOG8-ML01-H2-GPS-GradientEstimation-Escape-Specialist-Refiner,Refiner,0.2782953924174797
2534,0.018680315296175927,HOG8-ML00-H1-GPS-GradientEstimation-Escape-Specialist-Exploiter,Exploiter,0.9591392924264144
2536,0.018648092186603807,HOG8-ML01-H2-GPS-GradientEstimation-Escape-Specialist-Refiner,Refiner,0.1724976750189893
2547,0.01854949613144285,HOG8-ML00-H1-GPS-GradientEstimation-Escape-Specialist-Exploiter,Exploiter,0.5287192607927302
2549,0.01835792826257654,HOG8-ML01-H2-GPS-GradientEstimation-Escape-Specialist-Exploiter,Exploiter,1.0327389353804945
2557,0.018309063961305355,HOG8-ML00-H1-GPS-GradientEstimation-Escape-Specialist-Refiner,Refiner,0.26617546692780314
2565,0.018020215576308698,HOG8-ML02-H1-GPS-GradientEstimation-Escape-Specialist-Exploiter,Exploiter,1.5776250801631027
2576,0.01774098197668176,HOG8-ML02-H1-GPS-GradientEstimation-Escape-Specialist-Exploiter,Exploiter,1.54955748694843
2591,0.017566746626156163,HOG8-ML01-H2-GPS-GradientEstimation-Escape-Specialist-Exploiter,Exploiter,0.9821065753553349
2591,0.0174596413859961,HOG8-ML02-H1-GPS-GradientEstimation-Escape-Specialist-Exploiter,Exploiter,0.6097044742512902
2601,0.017112842357870195,HOG8-ML02-H1-GPS-GradientEstimation-Escape-Specialist-Exploiter,Exploiter,1.9862895259925795
2610,0.01693480300855902,HOG8-ML01-H2-GPS-GradientEstimation-Escape-Specialist-Exploiter,Exploiter,1.0403844410411156
2612,0.0167963670352879,HOG8-ML02-H1-GPS-GradientEstimation-Escape-Specialist-Exploiter,Exploiter,0.8174643259868584
2620,0.01665650628974866,HOG8-ML01-H2-GPS-GradientEstimation-Escape-Specialist-Exploiter,Exploiter,0.8326845040085346
2625,0.016494430613107656,HOG8-ML02-H1-GPS-GradientEstimation-Escape-Specialist-Exploiter,Exploiter,0.9730472514560579
2630,0.016359875458149625,HOG8-ML01-H2-GPS-GradientEstimation-Escape-Specialist-Exploiter,Exploiter,0.8157611384966715
2636,0.0162176315220467,HOG8-ML02-H1-GPS-GradientEstimation-Escape-Specialist-Exploiter,Exploiter,0.8694683310200026
2636,0.016189503577760653,HOG8-ML00-H1-GPS-GradientEstimation-Escape-Specialist-Refiner,Refiner,0.1734405190289967
2640,0.016015947622462792,HOG8-ML01-H2-GPS-GradientEstimation-Escape-Specialist-Exploiter,Exploiter,1.072027653375811
2646,0.015887003118158396,HOG8-ML02-H1-GPS-GradientEstimation-Escape-Specialist-Exploiter,Exploiter,0.805100686790132
2650,0.015757959212441594,HOG8-ML01-H2-GPS-GradientEstimation-Escape-Specialist-Exploiter,Exploiter,0.8122608446479683
2657,0.01562096252549144,HOG8-ML02-H1-GPS-GradientEstimation-Escape-Specialist-Exploiter,Exploiter,0.8693808957316536
2661,0.015480528267000363,HOG8-ML01-H2-GPS-GradientEstimation-Escape-Specialist-Exploiter,Exploiter,0.8990115574626503
2667,0.015361752399249634,HOG8-ML02-H1-GPS-GradientEstimation-Escape-Specialist-Exploiter,Exploiter,0.7672597840470446
2669,0.015321618149559128,HOG8-ML00-H1-GPS-GradientEstimation-Escape-Specialist-Refiner,Refiner,0.2612608812290662
2677,0.01510626575599381,HOG8-ML02-H1-GPS-GradientEstimation-Escape-Specialist-Exploiter,Exploiter,1.4055460165055373
2679,0.015076253816627397,HOG8-ML00-H1-GPS-GradientEstimation-Escape-Specialist-Refiner,Refiner,0.19867212619706942
2684,0.014948219669225469,HOG8-ML01-H2-GPS-GradientEstimation-Escape-Specialist-Exploiter,Exploiter,0.8492437773946281
2686,0.014869624128408424,HOG8-ML02-H1-GPS-GradientEstimation-Escape-Specialist-Exploiter,Exploiter,0.5257852945448255
2690,0.014840126055572314,HOG8-ML00-H1-GPS-GradientEstimation-Escape-Specialist-Refiner,Refiner,0.19837806646204093
2696,0.014620216683515506,HOG8-ML02-H1-GPS-GradientEstimation-Escape-Specialist-Exploiter,Exploiter,1.4818564965911074
2702,0.014565625301613493,HOG8-ML00-H1-GPS-GradientEstimation-Escape-Specialist-Refiner,Refiner,0.3733965308706107
2707,0.014459099479940441,HOG8-ML01-H2-GPS-GradientEstimation-Escape-Specialist-Exploiter,Exploiter,0.7313508309269214
2712,0.01434697818257772,HOG8-ML02-H1-GPS-GradientEstimation-Escape-Specialist-Exploiter,Exploiter,0.775437623333807
2715,0.0142937224555258,HOG8-ML00-H1-GPS-GradientEstimation-Escape-Specialist-Refiner,Refiner,0.37119821591833124
2720,0.014138871303256528,HOG8-ML02-H1-GPS-GradientEstimation-Escape-Specialist-Exploiter,Exploiter,1.0833507698997424
2731,0.014075696905457428,HOG8-ML00-H1-GPS-GradientEstimation-Escape-Specialist-Refiner,Refiner,0.44681358535705407
2731,0.013976461706340301,HOG8-ML02-H1-GPS-GradientEstimation-Escape-Specialist-Exploiter,Exploiter,0.7050109119545721
2740,0.013828236358841757,HOG8-ML00-H1-GPS-GradientEstimation-Escape-Specialist-Exploiter,Exploiter,1.0605355676773527
2742,0.013728084618209653,HOG8-ML02-H1-GPS-GradientEstimation-Escape-Specialist-Exploiter,Exploiter,0.7242553427145254
2750,0.013592876666783936,HOG8-ML00-H1-GPS-GradientEstimation-Escape-Specialist-Exploiter,Exploiter,0.9849003352322787
2752,0.013484179362403028,HOG8-ML02-H1-GPS-GradientEstimation-Escape-Specialist-Exploiter,Exploiter,0.7996637286243027
2762,0.013348272683922354,HOG8-ML00-H1-GPS-GradientEstimation-Escape-Specialist-Exploiter,Exploiter,1.0078972908029773
2766,0.01326931971911477,HOG8-ML02-H1-GPS-GradientEstimation-Escape-Specialist-Exploiter,Exploiter,0.5914845064761188
2772,0.013171547500687344,HOG8-ML00-H1-GPS-GradientEstimation-Escape-Specialist-Exploiter,Exploiter,0.7368291705759543
2776,0.013092180405396406,HOG8-ML02-H1-GPS-GradientEstimation-Escape-Specialist-Exploiter,Exploiter,0.6025646970243775
2787,0.01292623198788247,HOG8-ML02-H1-GPS-GradientEstimation-Escape-Specialist-Exploiter,Exploiter,1.267538426567466
2796,0.012913276687254626,HOG8-ML01-H1-GPS-GradientEstimation-Escape-Specialist-Refiner,Refiner,0.10022488100158529
2796,0.012765681798248631,HOG8-ML02-H1-GPS-GradientEstimation-Escape-Specialist-Exploiter,Exploiter,1.1429700809529661
2808,0.0125986993966157,HOG8-ML02-H1-GPS-GradientEstimation-Escape-Specialist-Exploiter,Exploiter,1.3080570569747416
2816,0.012588101073438395,HOG8-ML01-H1-GPS-GradientEstimation-Escape-Specialist-Refiner,Refiner,0.08412235932981992
2820,0.012439375110986892,HOG8-ML00-H1-GPS-GradientEstimation-Escape-Specialist-Exploiter,Exploiter,1.1814805234232109
2820,0.01242523677890777,HOG8-ML02-H1-GPS-GradientEstimation-Escape-Specialist-Refiner,Refiner,0.11365789642145303
2830,0.01227670296417457,HOG8-ML02-H1-GPS-GradientEstimation-Escape-Specialist-Exploiter,Exploiter,1.1954203962160397
2830,0.012274139637333068,HOG8-ML00-H1-GPS-GradientEstimation-Escape-Specialist-Polisher,Polisher,0.020879603008906806
2840,0.012121930352524696,HOG8-ML02-H1-GPS-GradientEstimation-Escape-Specialist-Exploiter,Exploiter,1.240081091675146
2840,0.012090110297598928,HOG8-ML00-H1-GPS-GradientEstimation-Escape-Specialist-Refiner,Refiner,0.2624998989467183
2850,0.012089009894283551,HOG8-ML01-H1-GPS-GradientEstimation-Escape-Specialist-Polisher,Polisher,0.009101681360134756
2850,0.011963563613908877,HOG8-ML02-H1-GPS-GradientEstimation-Escape-Specialist-Exploiter,Exploiter,1.0376886235653868
2851,0.011908499319735422,HOG8-ML00-H1-GPS-GradientEstimation-Escape-Specialist-Refiner,Refiner,0.4602666559104285
2861,0.011857578460119143,HOG8-ML02-H1-GPS-GradientEstimation-Escape-Specialist-Refiner,Refiner,0.4276009785035616
2865,0.011762930784930303,HOG8-ML00-H1-GPS-GradientEstimation-Escape-Specialist-Exploiter,Exploiter,0.7982040811045107
2871,0.011685136474874593,HOG8-ML02-H1-GPS-GradientEstimation-Escape-Specialist-Exploiter,Exploiter,0.6613514223459771
2877,0.011644626763444028,HOG8-ML01-H2-GPS-GradientEstimation-Escape-Specialist-Refiner,Refiner,0.3466772640411082
2877,0.011612334231518442,HOG8-ML00-H1-GPS-GradientEstimation-Escape-Specialist-Refiner,Refiner,0.27731701995775926
2886,0.011508079657187746,HOG8-ML01-H2-GPS-GradientEstimation-Escape-Specialist-Exploiter,Exploiter,0.8977917122616546
2886,0.011503372522177391,HOG8-ML02-H1-GPS-GradientEstimation-Escape-Specialist-Polisher,Polisher,0.04090287129195321
2886,0.011442469272344255,HOG8-ML00-H1-GPS-GradientEstimation-Escape-Specialist-Exploiter,Exploiter,0.5294382122783605
2894,0.011344216260864702,HOG8-ML02-H1-GPS-GradientEstimation-Escape-Specialist-Exploiter,Exploiter,0.8586696554827065
2899,0.011297003700528312,HOG8-ML00-H1-GPS-GradientEstimation-Escape-Specialist-Refiner,Refiner,0.41618177272645723
2906,0.011216001962916543,HOG8-ML02-H1-GPS-GradientEstimation-Escape-Specialist-Exploiter,Exploiter,0.717019660779443
2909,0.011141109370381635,HOG8-ML00-H1-GPS-GradientEstimation-Escape-Specialist-Exploiter,Exploiter,0.6677298451134871
2916,0.011078466231357114,HOG8-ML02-H1-GPS-GradientEstimation-Escape-Specialist-Exploiter,Exploiter,0.5622702097428078
2922,0.01100174110106994,HOG8-ML00-H1-GPS-GradientEstimation-Escape-Specialist-Exploiter,Exploiter,0.6925609437704267
2926,0.010948210711945724,HOG8-ML02-H1-GPS-GradientEstimation-Escape-Specialist-Refiner,Refiner,0.48656288702348316
2931,0.010876866569311253,HOG8-ML00-H1-GPS-GradientEstimation-Escape-Specialist-Exploiter,Exploiter,0.6516511648485785
2939,0.010817315314264863,HOG8-ML02-H1-GPS-GradientEstimation-Escape-Specialist-Exploiter,Exploiter,0.547503774794958
2946,0.010767203910449802,HOG8-ML00-H1-GPS-GradientEstimation-Escape-Specialist-Refiner,Refiner,0.4632517621907468
2950,0.010694929980638892,HOG8-ML02-H1-GPS-GradientEstimation-Escape-Specialist-Exploiter,Exploiter,0.6712413957421814
2954,0.01062970744160034,HOG8-ML00-H1-GPS-GradientEstimation-Escape-Specialist-Exploiter,Exploiter,0.6098454048472002
2961,0.010594703314075029,HOG8-ML02-H1-GPS-GradientEstimation-Escape-Specialist-Refiner,Refiner,0.3293047124544515
2966,0.010586534969727843,HOG8-ML01-H2-GPS-GradientEstimation-Escape-Specialist-Refiner,Refiner,0.07709837741594834
2966,0.010521328689714261,HOG8-ML00-H1-GPS-GradientEstimation-Escape-Specialist-Exploiter,Exploiter,0.6159359998341177
2969,0.010496660498557945,HOG8-ML02-H1-GPS-GradientEstimation-Escape-Specialist-Refiner,Refiner,0.23445889662617003
2977,0.010475203866985455,HOG8-ML01-H2-GPS-GradientEstimation-Escape-Specialist-Refiner,Refiner,0.2044138854966092
2977,0.01039818593839729,HOG8-ML00-H1-GPS-GradientEstimation-Escape-Specialist-Exploiter,Exploiter,0.7352403787662918
2983,0.010397489105132707,HOG8-ML02-H1-GPS-GradientEstimation-Escape-Specialist-Polisher,Polisher,0.006701488785739316
2987,0.010386798436238121,HOG8-ML01-H2-GPS-GradientEstimation-Escape-Specialist-Refiner,Refiner,0.10281971720757868
2987,0.010324494006167468,HOG8-ML00-H1-GPS-GradientEstimation-Escape-Specialist-Exploiter,Exploiter,0.5998424871063438
2991,0.010311917286769137,HOG8-ML02-H1-GPS-GradientEstimation-Escape-Specialist-Refiner,Refiner,0.12181439004001772
2998,0.010275616348912388,HOG8-ML01-H2-GPS-GradientEstimation-Escape-Specialist-Refiner,Refiner,0.3520289859512824
2998,0.01020657013849278,HOG8-ML00-H1-GPS-GradientEstimation-Escape-Specialist-Exploiter,Exploiter,0.6719422765031183
3003,0.010197004085858441,HOG8-ML02-H1-GPS-GradientEstimation-Escape-Specialist-Refiner,Refiner,0.09372445889791609
3008,0.01017739013796616,HOG8-ML01-H2-GPS-GradientEstimation-Escape-Specialist-Refiner,Refiner,0.19235010329633503
3011,0.01010639867360162,HOG8-ML00-H1-GPS-GradientEstimation-Escape-Specialist-Exploiter,Exploiter,0.6975409550205952
3023,0.0100151130368286,HOG8-ML00-H1-GPS-GradientEstimation-Escape-Specialist-Exploiter,Exploiter,0.9032459506219759
3031,0.009981814956392415,HOG8-ML02-H1-GPS-GradientEstimation-Escape-Specialist-Refiner,Refiner,0.3324783286393043
3037,0.009958716216314218,HOG8-ML01-H2-GPS-GradientEstimation-Escape-Specialist-Refiner,Refiner,0.2314082176348599
3037,0.009917395235196871,HOG8-ML00-H1-GPS-GradientEstimation-Escape-Specialist-Refiner,Refiner,0.4149227693591157
3042,0.00988298892137993,HOG8-ML02-H1-GPS-GradientEstimation-Escape-Specialist-Refiner,Refiner,0.3469289364896315
3046,0.009857713939959989,HOG8-ML01-H2-GPS-GradientEstimation-Escape-Specialist-Refiner,Refiner,0.255742282228639
3049,0.009809629108944395,HOG8-ML00-H1-GPS-GradientEstimation-Escape-Specialist-Refiner,Refiner,0.48778886573968316
3056,0.00979954205713765,HOG8-ML02-H1-GPS-GradientEstimation-Escape-Specialist-Refiner,Refiner,0.10282806510541714
3060,0.009735519819513712,HOG8-ML00-H1-GPS-GradientEstimation-Escape-Specialist-Exploiter,Exploiter,0.653318667858634
3066,0.009705189466126233,HOG8-ML02-H1-GPS-GradientEstimation-Escape-Specialist-Refiner,Refiner,0.3115432349763763
3070,0.009646893649278385,HOG8-ML00-H1-GPS-GradientEstimation-Escape-Specialist-Exploiter,Exploiter,0.60066644810301
3076,0.009618292436433602,HOG8-ML02-H1-GPS-GradientEstimation-Escape-Specialist-Refiner,Refiner,0.2964810630717645
3080,0.009591069904407713,HOG8-ML01-H2-GPS-GradientEstimation-Escape-Specialist-Refiner,Refiner,0.283028741388351
3080,0.009565228755848145,HOG8-ML00-H1-GPS-GradientEstimation-Escape-Specialist-Refiner,Refiner,0.2694292588535108
3090,0.009543469211588527,HOG8-ML02-H1-GPS-GradientEstimation-Escape-Specialist-Refiner,Refiner,0.22748587425380956
3090,0.009482331954374063,HOG8-ML00-H1-GPS-GradientEstimation-Escape-Specialist-Exploiter,Exploiter,0.6406187923803016
3105,0.009469367522889023,HOG8-ML02-H1-GPS-GradientEstimation-Escape-Specialist-Refiner,Refiner,0.1367219745883194
3105,0.009441932333345667,HOG8-ML01-H2-GPS-GradientEstimation-Escape-Specialist-Refiner,Refiner,0.2897256810134425
3105,0.00941200727341321,HOG8-ML00-H1-GPS-GradientEstimation-Escape-Specialist-Refiner,Refiner,0.31693787750174407
3111,0.009403458250876164,HOG8-ML01-H2-GPS-GradientEstimation-Escape-Specialist-Refiner,Refiner,0.09083102348630766
3117,0.00936801562442869,HOG8-ML00-H1-GPS-GradientEstimation-Escape-Specialist-Refiner,Refiner,0.3769105524998903
3120,0.009349141566815156,HOG8-ML02-H1-GPS-GradientEstimation-Escape-Specialist-Refiner,Refiner,0.20147337889058117
3122,0.00931442894954621,HOG8-ML01-H2-GPS-GradientEstimation-Escape-Specialist-Refiner,Refiner,0.37129202741092243
3126,0.009285120539223538,HOG8-ML00-H1-GPS-GradientEstimation-Escape-Specialist-Refiner,Refiner,0.31465600823655443
3135,0.009218216432689462,HOG8-ML00-H1-GPS-GradientEstimation-Escape-Specialist-Exploiter,Exploiter,0.7205518361495723
3141,0.009200072705478318,HOG8-ML02-H1-GPS-GradientEstimation-Escape-Specialist-Refiner,Refiner,0.19682470403713645
3147,0.009175980260908745,HOG8-ML01-H2-GPS-GradientEstimation-Escape-Specialist-Refiner,Refiner,0.26187232797875093
3147,0.009149544230946341,HOG8-ML00-H1-GPS-GradientEstimation-Escape-Specialist-Refiner,Refiner,0.28810033599380763
3157,0.009142029634701348,HOG8-ML02-H1-GPS-GradientEstimation-Escape-Specialist-Refiner,Refiner,0.0821308259221947
3157,0.009097705111679677,HOG8-ML01-H2-GPS-GradientEstimation-Escape-Specialist-Refiner,Refiner,0.4848433530933222
3157,0.009084937097615355,HOG8-ML00-H1-GPS-GradientEstimation-Escape-Specialist-Refiner,Refiner,0.14034323939485346
3165,0.009027445463762732,HOG8-ML00-H1-GPS-GradientEstimation-Escape-Specialist-Exploiter,Exploiter,0.6328236864481269
3177,0.009008092125627051,HOG8-ML02-H1-GPS-GradientEstimation-Escape-Specialist-Refiner,Refiner,0.21438332929694573
3178,0.008966380388017316,HOG8-ML00-H1-GPS-GradientEstimation-Escape-Specialist-Refiner,Refiner,0.4630474136811931
3186,0.0089529433072734,HOG8-ML02-H1-GPS-GradientEstimation-Escape-Specialist-Refiner,Refiner,0.1498607036778429
3186,0.00890537387904381,HOG8-ML00-H1-GPS-GradientEstimation-Escape-Specialist-Exploiter,Exploiter,0.5313272584999605
3194,0.008901538884914,HOG8-ML02-H1-GPS-GradientEstimation-Escape-Specialist-Polisher,Polisher,0.04306381946336576
3197,0.008846497064092107,HOG8-ML00-H1-GPS-GradientEstimation-Escape-Specialist-Exploiter,Exploiter,0.6183405086863847
3206,0.00883364562377178,HOG8-ML04-H1-GPS-Sniper-Specialist-Refiner,Refiner,0.14527151512309322
3206,0.008832848647930283,HOG8-ML02-H1-GPS-GradientEstimation-Escape-Specialist-Polisher,Polisher,0.00902204905472179
3210,0.008778399266084995,HOG8-ML00-H1-GPS-GradientEstimation-Escape-Specialist-Exploiter,Exploiter,0.6164419205580575
3220,0.008774668446356815,HOG8-ML02-H1-GPS-GradientEstimation-Escape-Specialist-Polisher,Polisher,0.04250000045673144
3225,0.008711791441198411,HOG8-ML00-H1-GPS-GradientEstimation-Escape-Specialist-Exploiter,Exploiter,0.716574142291501
3236,0.008648233166452845,HOG8-ML00-H1-GPS-GradientEstimation-Escape-Specialist-Exploiter,Exploiter,0.7295660734598967
3249,0.008605483642492494,HOG8-ML00-H1-GPS-GradientEstimation-Escape-Specialist-Refiner,Refiner,0.4943151177535242
3259,0.0085734053339334,HOG8-ML00-H1-GPS-GradientEstimation-Escape-Specialist-Refiner,Refiner,0.37276590011393473
3269,0.008541789868677343,HOG8-ML00-H1-GPS-GradientEstimation-Escape-Specialist-Refiner,Refiner,0.3687620499047545
3269,0.00854065998372147,HOG8-ML04-H1-GPS-Sniper-Specialist-Polisher,Polisher,0.013227730642455889
3280,0.008501701539327939,HOG8-ML00-H1-GPS-GradientEstimation-Escape-Specialist-Refiner,Refiner,0.45615262131715806
3292,0.008466975127253314,HOG8-ML04-H1-GPS-Sniper-Specialist-Refiner,Refiner,0.40846425758401894
3293,0.008444040346234704,HOG8-ML00-H1-GPS-GradientEstimation-Escape-Specialist-Refiner,Refiner,0.2708733718230456
3299,0.008425258791622998,HOG8-ML04-H1-GPS-Sniper-Specialist-Refiner,Refiner,0.22242379052678415
3306,0.008393944550872163,HOG8-ML00-H1-GPS-GradientEstimation-Escape-Specialist-Refiner,Refiner,0.3716709661425489
3316,0.008346115191959458,HOG8-ML00-H1-GPS-GradientEstimation-Escape-Specialist-Exploiter,Exploiter,0.5698078969050933
3327,0.008302643187236579,HOG8-ML00-H1-GPS-GradientEstimation-Escape-Specialist-Exploiter,Exploiter,0.5208651417219801
3337,0.0082661980461719,HOG8-ML00-H1-GPS-GradientEstimation-Escape-Specialist-Refiner,Refiner,0.4389582960846091
3341,0.008253199133843392,HOG8-ML04-H1-GPS-Sniper-Specialist-Refiner,Refiner,0.15725382159852663
3347,0.008213463968617305,HOG8-ML00-H1-GPS-GradientEstimation-Escape-Specialist-Refiner,Refiner,0.48145167203281836
3359,0.008164297178459679,HOG8-ML00-H1-GPS-GradientEstimation-Escape-Specialist-Exploiter,Exploiter,0.5986121123254114
3371,0.008127550008647465,HOG8-ML04-H1-GPS-Sniper-Specialist-Refiner,Refiner,0.4500959361102776
3371,0.008121905595553904,HOG8-ML00-H1-GPS-GradientEstimation-Escape-Specialist-Refiner,Refiner,0.06944790358172437
3381,0.00809654156567807,HOG8-ML04-H1-GPS-Sniper-Specialist-Refiner,Refiner,0.3122916115858012
3386,0.008084264954394255,HOG8-ML00-H1-GPS-GradientEstimation-Escape-Specialist-Refiner,Refiner,0.15162784238466873
3389,0.0080458577486507,HOG8-ML04-H1-GPS-Sniper-Specialist-Refiner,Refiner,0.47508593496404844
3397,0.008041258100190416,HOG8-ML00-H1-GPS-GradientEstimation-Escape-Specialist-Refiner,Refiner,0.05716790681585271
3401,0.007991378841266222,HOG8-ML04-H1-GPS-Sniper-Specialist-Exploiter,Exploiter,0.6202917292632686
3412,0.00793113811122243,HOG8-ML04-H1-GPS-Sniper-Specialist-Exploiter,Exploiter,0.7538214773740763
3419,0.00784550159295272,HOG8-ML04-H1-GPS-Sniper-Specialist-Exploiter,Exploiter,1.0797506873387555
3422,0.007845140328084602,HOG8-ML04-H1-GPS-Sniper-Specialist-Polisher,Polisher,0.00460473895566265
3432,0.0078113992035752245,HOG8-ML04-H1-GPS-Sniper-Specialist-Refiner,Refiner,0.4300894961507339
3442,0.007732085872188475,HOG8-ML04-H1-GPS-Sniper-Specialist-Exploiter,Exploiter,1.0153537070599157
3446,0.007720511758675136,HOG8-ML04-H1-GPS-Sniper-Specialist-Refiner,Refiner,0.1496894072913714
3450,0.0076813668820069885,HOG8-ML04-H1-GPS-Sniper-Specialist-Exploiter,Exploiter,0.5070243772916009
3462,0.007578791184967692,HOG8-ML04-H1-GPS-Sniper-Specialist-Exploiter,Exploiter,1.335383384428263
3471,0.007522217418744353,HOG8-ML04-H1-GPS-Sniper-Specialist-Exploiter,Exploiter,0.7464747984553444
3486,0.007472068782286017,HOG8-ML04-H1-GPS-Sniper-Specialist-Exploiter,Exploiter,0.6666735839537408
3494,0.007416189977069029,HOG8-ML04-H1-GPS-Sniper-Specialist-Exploiter,Exploiter,0.7478357981588678
3507,0.007396728878443623,HOG8-ML04-H1-GPS-Sniper-Specialist-Refiner,Refiner,0.2624137014502019
3513,0.007391226021911174,HOG8-ML06-H2-GPS-Spray-Specialist-Refiner,Refiner,0.07439581229597703
3519,0.007354278127887599,HOG8-ML04-H1-GPS-Sniper-Specialist-Refiner,Refiner,0.49988856942060833
3526,0.007331483347169679,HOG8-ML04-H1-GPS-Sniper-Specialist-Refiner,Refiner,0.30995266049948855
3537,0.007279547129541872,HOG8-ML04-H1-GPS-Sniper-Specialist-Exploiter,Exploiter,0.7083998580977079
3541,0.007275525467729289,HOG8-ML04-H1-GPS-Sniper-Specialist-Refiner,Refiner,0.055246044032907005
3546,0.007170549727178784,HOG8-ML04-H1-GPS-Sniper-Specialist-Exploiter,Exploiter,1.4428612890728842
3557,0.007155010151269854,HOG8-ML04-H1-GPS-Sniper-Specialist-Refiner,Refiner,0.21671387132328085
3566,0.0071072238183143305,HOG8-ML04-H1-GPS-Sniper-Specialist-Exploiter,Exploiter,0.6678723292522872
3576,0.007034377088907343,HOG8-ML04-H1-GPS-Sniper-Specialist-Exploiter,Exploiter,1.024967431295349
3587,0.00699150864009437,HOG8-ML04-H1-GPS-Sniper-Specialist-Exploiter,Exploiter,0.6094135738127088
3600,0.006944387454903111,HOG8-ML04-H1-GPS-Sniper-Specialist-Exploiter,Exploiter,0.6739773576339836
3613,0.006928939829236867,HOG8-ML04-H1-GPS-Sniper-Specialist-Refiner,Refiner,0.22244763510908105
3620,0.0069175065028655065,HOG8-ML04-H1-GPS-Sniper-Specialist-Refiner,Refiner,0.16500830795379637
3621,0.00690506240509845,HOG8-ML04-H1-GPS-Sniper-Specialist-Refiner,Refiner,0.17989282354707012
3630,0.00686981554171107,HOG8-ML04-H1-GPS-Sniper-Specialist-Exploiter,Exploiter,0.5104495994323652
3642,0.006831158013812697,HOG8-ML04-H1-GPS-Sniper-Specialist-Exploiter,Exploiter,0.5627156604665433
3651,0.00679694570882456,HOG8-ML04-H1-GPS-Sniper-Specialist-Exploiter,Exploiter,0.5008273109619047
3659,0.00678052513240895,HOG8-ML04-H1-GPS-Sniper-Specialist-Refiner,Refiner,0.24158757652413118
3669,0.00674679053700885,HOG8-ML04-H1-GPS-Sniper-Specialist-Refiner,Refiner,0.49752186949147653
3680,0.0067082673135845355,HOG8-ML04-H1-GPS-Sniper-Specialist-Exploiter,Exploiter,0.5709859111973142
3692,0.006673510444541262,HOG8-ML04-H1-GPS-Sniper-Specialist-Exploiter,Exploiter,0.51811991708931
3700,0.00663499997294063,HOG8-ML04-H1-GPS-Sniper-Specialist-Exploiter,Exploiter,0.5770646786375009
3711,0.006618502668165839,HOG8-ML04-H1-GPS-Sniper-Specialist-Refiner,Refiner,0.24864061555496297
3720,0.006545220281800198,HOG8-ML04-H1-GPS-Sniper-Specialist-Exploiter,Exploiter,1.1072351261278464
3730,0.006537626530786852,HOG8-ML04-H1-GPS-Sniper-Specialist-Refiner,Refiner,0.11601979286259957
3741,0.006499184239583384,HOG8-ML04-H1-GPS-Sniper-Specialist-Exploiter,Exploiter,0.5880160180829614
3751,0.006473603646393723,HOG8-ML04-H1-GPS-Sniper-Specialist-Refiner,Refiner,0.39359698458557796
3759,0.006465262642750966,HOG8-ML04-H1-GPS-Sniper-Specialist-Refiner,Refiner,0.12884637519325182
3771,0.006411483874468025,HOG8-ML04-H1-GPS-Sniper-Specialist-Exploiter,Exploiter,0.8318110377656482
3780,0.006380619276258449,HOG8-ML04-H1-GPS-Sniper-Specialist-Refiner,Refiner,0.4813955523226949
3790,0.006311679783454736,HOG8-ML04-H1-GPS-Sniper-Specialist-Exploiter,Exploiter,1.0804514392549514
3801,0.006285963391944984,HOG8-ML04-H1-GPS-Sniper-Specialist-Refiner,Refiner,0.40744132136050737
3814,0.006252744510106866,HOG8-ML04-H1-GPS-Sniper-Specialist-Exploiter,Exploiter,0.5284612678572959
3824,0.006230512341316846,HOG8-ML04-H1-GPS-Sniper-Specialist-Refiner,Refiner,0.3555585671873201
3835,0.006212990116198514,HOG8-ML04-H1-GPS-Sniper-Specialist-Refiner,Refiner,0.28123249194348615
3845,0.006205454627200699,HOG8-ML04-H1-GPS-Sniper-Specialist-Refiner,Refiner,0.12128602905979655
3859,0.006185682737186893,HOG8-ML04-H1-GPS-Sniper-Specialist-Refiner,Refiner,0.31862113578495
3871,0.006146740027346121,HOG8-ML04-H1-GPS-Sniper-Specialist-Exploiter,Exploiter,0.629562030504035
3880,0.006132053682819646,HOG8-ML04-H1-GPS-Sniper-Specialist-Refiner,Refiner,0.23892900075711637
3886,0.006090416645646362,HOG8-ML04-H1-GPS-Sniper-Specialist-Exploiter,Exploiter,0.6790064035143561
3899,0.0060492312146520275,HOG8-ML04-H1-GPS-Sniper-Specialist-Exploiter,Exploiter,0.6762333907611329
3909,0.006029542459042771,HOG8-ML04-H1-GPS-Sniper-Specialist-Refiner,Refiner,0.32547533580080934
3915,0.006005195413762282,HOG8-ML04-H1-GPS-Sniper-Specialist-Refiner,Refiner,0.40379590069848786
3920,0.00600045869300107,HOG8-ML04-H1-GPS-Sniper-Specialist-Refiner,Refiner,0.07887704620496935
3925,0.005967434993546812,HOG8-ML04-H1-GPS-Sniper-Specialist-Exploiter,Exploiter,0.5503529170657642
3940,0.005940990454925506,HOG8-ML04-H1-GPS-Sniper-Specialist-Refiner,Refiner,0.4431474938546151
3949,0.005904565229045684,HOG8-ML04-H1-GPS-Sniper-Specialist-Exploiter,Exploiter,0.6131170577731393
3955,0.005868833469149022,HOG8-ML04-H1-GPS-Sniper-Specialist-Exploiter,Exploiter,0.6051547998977219
3970,0.005835850838434592,HOG8-ML04-H1-GPS-Sniper-Specialist-Exploiter,Exploiter,0.5619963641464985
3980,0.0058253596084942945,HOG8-ML04-H1-GPS-Sniper-Specialist-Refiner,Refiner,0.17977207147246926
3990,0.0057947720745494475,HOG8-ML04-H1-GPS-Sniper-Specialist-Exploiter,Exploiter,0.5250754631567386
4002,0.005776282366137329,HOG8-ML04-H1-GPS-Sniper-Specialist-Refiner,Refiner,0.31907568018636245
4010,0.005746841265922176,HOG8-ML04-H1-GPS-Sniper-Specialist-Exploiter,Exploiter,0.5096894221748607
4021,0.005693030741048299,HOG8-ML04-H1-GPS-Sniper-Specialist-Exploiter,Exploiter,0.9363495942190747
4032,0.005648550838334919,HOG8-ML04-H1-GPS-Sniper-Specialist-Exploiter,Exploiter,0.781304453402431
4042,0.00563710843281335,HOG8-ML04-H1-GPS-Sniper-Specialist-Refiner,Refiner,0.20257240926138098
4055,0.005609161839970154,HOG8-ML04-H1-GPS-Sniper-Specialist-Refiner,Refiner,0.4957611366941359
4065,0.0055897914609003094,HOG8-ML04-H1-GPS-Sniper-Specialist-Refiner,Refiner,0.34533464397146874
4075,0.00556491372685381,HOG8-ML04-H1-GPS-Sniper-Specialist-Refiner,Refiner,0.44505656821931694
4089,0.005494679089977972,HOG8-ML04-H1-GPS-Sniper-Specialist-Exploiter,Exploiter,1.2620974973415493
4099,0.005489980980716176,HOG8-ML04-H1-GPS-Sniper-Specialist-Refiner,Refiner,0.08550288715431886
4104,0.005485840947327631,HOG8-ML00-H2-GPS-GradientEstimation-Escape-Specialist-Refiner,Refiner,0.07541070548490364
4112,0.00544597740813154,HOG8-ML04-H1-GPS-Sniper-Specialist-Exploiter,Exploiter,0.7266623217632636
4115,0.005440288966236119,HOG8-ML04-H1-GPS-Sniper-Specialist-Refiner,Refiner,0.10445217578258673
4124,0.0054210636735092564,HOG8-ML04-H1-GPS-Sniper-Specialist-Refiner,Refiner,0.3533873447932536
4137,0.005370366181266276,HOG8-ML04-H1-GPS-Sniper-Specialist-Exploiter,Exploiter,0.9351945539898463
4145,0.005346574807909914,HOG8-ML04-H1-GPS-Sniper-Specialist-Refiner,Refiner,0.44301212530636286
4160,0.0053262139158126885,HOG8-ML04-H1-GPS-Sniper-Specialist-Refiner,Refiner,0.38082123282186137
4169,0.005307608841793848,HOG8-ML04-H1-GPS-Sniper-Specialist-Refiner,Refiner,0.3493114304629161
4181,0.0052853712176837205,HOG8-ML04-H1-GPS-Sniper-Specialist-Refiner,Refiner,0.4189763182060712
4190,0.005244325541730691,HOG8-ML04-H1-GPS-Sniper-Specialist-Exploiter,Exploiter,0.7765902197313896
4200,0.005219251960955667,HOG8-ML04-H1-GPS-Sniper-Specialist-Refiner,Refiner,0.4781087782500517
4211,0.005206919100428398,HOG8-ML04-H1-GPS-Sniper-Specialist-Refiner,Refiner,0.23629555766858365
4220,0.005191301461220027,HOG8-ML04-H1-GPS-Sniper-Specialist-Refiner,Refiner,0.2999401163556791
4230,0.005171375325679722,HOG8-ML04-H1-GPS-Sniper-Specialist-Refiner,Refiner,0.3838369951958559
4241,0.005145006334836484,HOG8-ML04-H1-GPS-Sniper-Specialist-Exploiter,Exploiter,0.5099028630216851
4251,0.005126205659977455,HOG8-ML04-H1-GPS-Sniper-Specialist-Refiner,Refiner,0.3654159710500465
4262,0.005115356999135389,HOG8-ML04-H1-GPS-Sniper-Specialist-Refiner,Refiner,0.2116314007213205
4270,0.005089153730830503,HOG8-ML04-H1-GPS-Sniper-Specialist-Exploiter,Exploiter,0.5122471082529506
4282,0.005085697867400576,HOG8-ML04-H1-GPS-Sniper-Specialist-Refiner,Refiner,0.06790644599692311
4296,0.005052616180437536,HOG8-ML04-H1-GPS-Sniper-Specialist-Exploiter,Exploiter,0.6504847087966914
4305,0.0050296546837915335,HOG8-ML04-H1-GPS-Sniper-Specialist-Refiner,Refiner,0.4544476727700676
4314,0.0049885503705025674,HOG8-ML04-H1-GPS-Sniper-Specialist-Exploiter,Exploiter,0.8172392713445725
4327,0.004984209060425364,HOG8-ML04-H1-GPS-Sniper-Specialist-Refiner,Refiner,0.08702548345253765
4339,0.004964927951801793,HOG8-ML04-H1-GPS-Sniper-Specialist-Refiner,Refiner,0.38684389819567305
4344,0.004957320401911897,HOG8-ML04-H1-GPS-Sniper-Specialist-Refiner,Refiner,0.153225786229883
4355,0.004944325280745553,HOG8-ML04-H1-GPS-Sniper-Specialist-Refiner,Refiner,0.26214002954766635
4365,0.004919837669412711,HOG8-ML04-H1-GPS-Sniper-Specialist-Refiner,Refiner,0.49526699685805525
4375,0.004903443777499094,HOG8-ML04-H1-GPS-Sniper-Specialist-Refiner,Refiner,0.3332201795099812
4386,0.004851149632150973,HOG8-ML04-H1-GPS-Sniper-Specialist-Exploiter,Exploiter,1.0664779228853067
4394,0.004829075340258692,HOG8-ML04-H1-GPS-Sniper-Specialist-Refiner,Refiner,0.45503217930000417
4409,0.00480997619796401,HOG8-ML04-H1-GPS-Sniper-Specialist-Refiner,Refiner,0.39550309218532154
4419,0.004787511163368634,HOG8-ML04-H1-GPS-Sniper-Specialist-Refiner,Refiner,0.46705084746334724
4429,0.004756393186120964,HOG8-ML04-H1-GPS-Sniper-Specialist-Exploiter,Exploiter,0.6499823433471472
4440,0.004749216555954323,HOG8-ML04-H1-GPS-Sniper-Specialist-Refiner,Refiner,0.1508838711564584
4446,0.004737934944647436,HOG8-ML04-H1-GPS-Sniper-Specialist-Refiner,Refiner,0.23754678637980595
4454,0.004714845895614078,HOG8-ML04-H1-GPS-Sniper-Specialist-Refiner,Refiner,0.48732304903092766
4470,0.004676049538634213,HOG8-ML04-H1-GPS-Sniper-Specialist-Exploiter,Exploiter,0.8228552499659721
4474,0.0046657010513658295,HOG8-ML04-H1-GPS-Sniper-Specialist-Refiner,Refiner,0.2213083326616267
4485,0.004599715096176,HOG8-ML04-H1-GPS-Sniper-Specialist-Exploiter,Exploiter,1.4142773929013883
4500,0.0045802167113608745,HOG8-ML04-H1-GPS-Sniper-Specialist-Refiner,Refiner,0.4239041855295729
4509,0.004552874000156111,HOG8-ML04-H1-GPS-Sniper-Specialist-Exploiter,Exploiter,0.596974181089328
4519,0.00452650937277167,HOG8-ML04-H1-GPS-Sniper-Specialist-Exploiter,Exploiter,0.579076587305894
4530,0.0045065565319198884,HOG8-ML04-H1-GPS-Sniper-Specialist-Refiner,Refiner,0.4407997246576799
4541,0.004499647960833956,HOG8-ML04-H1-GPS-Sniper-Specialist-Refiner,Refiner,0.15330044207810262
4550,0.004480202357141296,HOG8-ML04-H1-GPS-Sniper-Specialist-Refiner,Refiner,0.4321583346501616
4559,0.004444555991667486,HOG8-ML04-H1-GPS-Sniper-Specialist-Exploiter,Exploiter,0.7956418624036111
4569,0.004434910711098736,HOG8-ML04-H1-GPS-Sniper-Specialist-Refiner,Refiner,0.21701336616825523
4580,0.004426545536029065,HOG8-ML04-H1-GPS-Sniper-Specialist-Refiner,Refiner,0.18862104819237457
4590,0.004407181723674575,HOG8-ML04-H1-GPS-Sniper-Specialist-Refiner,Refiner,0.43744749030327146
4600,0.00438737235404661,HOG8-ML04-H1-GPS-Sniper-Specialist-Refiner,Refiner,0.44947930151262383
4610,0.004341583805506376,HOG8-ML04-H1-GPS-Sniper-Specialist-Exploiter,Exploiter,1.0436440047766085
4619,0.004336734399343963,HOG8-ML00-H2-GPS-GradientEstimation-Escape-Specialist-Refiner,Refiner,0.11169670746105685
4621,0.004317777989207202,HOG8-ML04-H1-GPS-Sniper-Specialist-Refiner,Refiner,0.43711254578165165
4631,0.004291843243672752,HOG8-ML04-H1-GPS-Sniper-Specialist-Exploiter,Exploiter,0.600650278899868
4639,0.00428769776760572,HOG8-ML04-H1-GPS-Sniper-Specialist-Refiner,Refiner,0.09658964299647443
4650,0.004281627342159594,HOG8-ML01-H1-GPS-GradientEstimation-Escape-Specialist-Refiner,Refiner,0.14157773647176614
4654,0.004270961290968628,HOG8-ML04-H1-GPS-Sniper-Specialist-Refiner,Refiner,0.24911208609729313
4662,0.004251148691466521,HOG8-ML04-H1-GPS-Sniper-Specialist-Refiner,Refiner,0.46389087028259074
4671,0.004248359129695903,HOG8-ML04-H1-GPS-Sniper-Specialist-Refiner,Refiner,0.06561901201475011
4684,0.004232998403191274,HOG8-ML04-H1-GPS-Sniper-Specialist-Refiner,Refiner,0.36156845586000164
4691,0.004217860752510657,HOG8-ML04-H1-GPS-Sniper-Specialist-Refiner,Refiner,0.3576105927468536
4702,0.0042093254192565556,HOG8-ML04-H1-GPS-Sniper-Specialist-Refiner,Refiner,0.20236166518822155
4709,0.00417902126823159,HOG8-ML04-H1-GPS-Sniper-Specialist-Exploiter,Exploiter,0.7199289198770825
4722,0.004153905193964685,HOG8-ML04-H1-GPS-Sniper-Specialist-Exploiter,Exploiter,0.6010037435759141
4730,0.004120071470009576,HOG8-ML04-H1-GPS-Sniper-Specialist-Exploiter,Exploiter,0.8145039998569754
4745,0.004112107721087169,HOG8-ML04-H1-GPS-Sniper-Specialist-Refiner,Refiner,0.19329152371203748
4755,0.004069245975537936,HOG8-ML04-H1-GPS-Sniper-Specialist-Exploiter,Exploiter,1.0423303195447784
4766,0.004046893546617595,HOG8-ML04-H1-GPS-Sniper-Specialist-Exploiter,Exploiter,0.5493014935619855
4780,0.0040380414804617225,HOG8-ML04-H1-GPS-Sniper-Specialist-Refiner,Refiner,0.21873731181466816
4782,0.004023751090631505,HOG8-ML04-H1-GPS-Sniper-Specialist-Refiner,Refiner,0.35389408205345413
4794,0.003996887033399871,HOG8-ML04-H1-GPS-Sniper-Specialist-Exploiter,Exploiter,0.6676371531574511
4805,0.003987892257334474,HOG8-ML04-H1-GPS-Sniper-Specialist-Refiner,Refiner,0.2250445406695829
4814,0.003975768964801127,HOG8-ML04-H1-GPS-Sniper-Specialist-Refiner,Refiner,0.3040025093719543
4829,0.003912221492274755,HOG8-ML04-H1-GPS-Sniper-Specialist-Exploiter,Exploiter,1.5983693491493076
4840,0.0038877377800686356,HOG8-ML04-H1-GPS-Sniper-Specialist-Exploiter,Exploiter,0.6258263304995965
4849,0.0038769945363293905,HOG8-ML04-H1-GPS-Sniper-Specialist-Refiner,Refiner,0.276336634490184
4860,0.0038561804800062,HOG8-ML04-H1-GPS-Sniper-Specialist-Exploiter,Exploiter,0.5368606049906018
4870,0.0038250476490216266,HOG8-ML04-H1-GPS-Sniper-Specialist-Exploiter,Exploiter,0.8073489077078497
4880,0.0037895321469116733,HOG8-ML04-H1-GPS-Sniper-Specialist-Exploiter,Exploiter,0.9284982925385902
4890,0.003771339641925205,HOG8-ML04-H1-GPS-Sniper-Specialist-Refiner,Refiner,0.4800725863031516
4905,0.0037595996820510395,HOG8-ML04-H1-GPS-Sniper-Specialist-Refiner,Refiner,0.3112941550969018
4909,0.0037580235650255312,HOG8-ML04-H1-GPS-Sniper-Specialist-Polisher,Polisher,0.041922469379730765
4923,0.003752921803466187,HOG8-ML04-H1-GPS-Sniper-Specialist-Refiner,Refiner,0.13575650793742558
4933,0.003740056026203871,HOG8-ML04-H1-GPS-Sniper-Specialist-Refiner,Refiner,0.3428202860617366
4945,0.003729236898286235,HOG8-ML04-H1-GPS-Sniper-Specialist-Refiner,Refiner,0.2892771616744328
4949,0.003727775519365909,HOG8-ML04-H2-GPS-Sniper-Specialist-Polisher,Polisher,0.039187076610702594
4955,0.003725557648153185,HOG8-ML04-H2-GPS-Sniper-Specialist-Refiner,Refiner,0.059495836087813926
4958,0.0037057594431920693,HOG8-ML04-H1-GPS-Sniper-Specialist-Exploiter,Exploiter,0.5314158800073912
4964,0.003703954061711065,HOG8-ML04-H1-GPS-Sniper-Specialist-Polisher,Polisher,0.04871825893397278
4974,0.003675841845127994,HOG8-ML04-H1-GPS-Sniper-Specialist-Exploiter,Exploiter,0.7589785433268617
4985,0.0036755647584251028,HOG8-ML04-H1-GPS-Sniper-Specialist-Polisher,Polisher,0.00753804746138805
4998,0.003658850490007621,HOG8-ML04-H1-GPS-Sniper-Specialist-Refiner,Refiner,0.45474014242762645
5009,0.0036492625861920753,HOG8-ML04-H1-GPS-Sniper-Specialist-Refiner,Refiner,0.2620468871775511
5020,0.0036177874715881955,HOG8-ML04-H1-GPS-Sniper-Specialist-Exploiter,Exploiter,0.8625061600931093
5030,0.0035931987945194304,HOG8-ML04-H1-GPS-Sniper-Specialist-Exploiter,Exploiter,0.6796606285435206
5044,0.003588082216996401,HOG8-ML04-H1-GPS-Sniper-Specialist-Refiner,Refiner,0.1423961716460945
5055,0.003583356849332195,HOG8-ML04-H1-GPS-Sniper-Specialist-Refiner,Refiner,0.13169619251817732
5065,0.003568063067965108,HOG8-ML04-H1-GPS-Sniper-Specialist-Refiner,Refiner,0.42680040001980557
5075,0.003553620795515911,HOG8-ML04-H1-GPS-Sniper-Specialist-Refiner,Refiner,0.40476505527223694
5085,0.0035348821603073425,HOG8-ML04-H1-GPS-Sniper-Specialist-Exploiter,Exploiter,0.527311052215067
5096,0.003521419349397643,HOG8-ML04-H1-GPS-Sniper-Specialist-Refiner,Refiner,0.3808560030903324
5102,0.003516347407954246,HOG8-ML04-H1-GPS-Sniper-Specialist-Refiner,Refiner,0.1440311686895371
5115,0.0035042557042094203,HOG8-ML04-H1-GPS-Sniper-Specialist-Refiner,Refiner,0.34387113507252376
5125,0.00349507243182,HOG8-ML04-H1-GPS-Sniper-Specialist-Refiner,Refiner,0.2620605676232216
5135,0.0034930061086410067,HOG8-ML04-H1-GPS-Sniper-Specialist-Refiner,Refiner,0.059121040244574645
5149,0.003478517601629584,HOG8-ML04-H1-GPS-Sniper-Specialist-Refiner,Refiner,0.41478619162964414
5158,0.003466604914810421,HOG8-ML04-H1-GPS-Sniper-Specialist-Refiner,Refiner,0.34246446858806184
5169,0.0034650257213447574,HOG8-ML04-H1-GPS-Sniper-Specialist-Polisher,Polisher,0.04555446912674231
5173,0.0034484178058447066,HOG8-ML04-H1-GPS-Sniper-Specialist-Refiner,Refiner,0.47930136269249424
5190,0.0034474472965009004,HOG8-ML04-H1-GPS-Sniper-Specialist-Polisher,Polisher,0.028143612475299454
5200,0.0034387417038213002,HOG8-ML04-H1-GPS-Sniper-Specialist-Refiner,Refiner,0.25252286491620085
5206,0.0034328225887713436,HOG8-ML04-H1-GPS-Sniper-Specialist-Refiner,Refiner,0.17213026041993762
5219,0.0034258002807207146,HOG8-ML04-H1-GPS-Sniper-Specialist-Refiner,Refiner,0.20456367519832763
5230,0.0034140719017229787,HOG8-ML04-H1-GPS-Sniper-Specialist-Refiner,Refiner,0.3423544292333494
5239,0.003384303145708365,HOG8-ML04-H1-GPS-Sniper-Specialist-Exploiter,Exploiter,0.8719428550872133
5250,0.0033794274547326096,HOG8-ML04-H1-GPS-Sniper-Specialist-Refiner,Refiner,0.14406779670250033
5259,0.003379231315034672,HOG8-ML04-H1-GPS-Sniper-Specialist-Polisher,Polisher,0.005803932783437988
5269,0.00337099523991051,HOG8-ML04-H1-GPS-Sniper-Specialist-Refiner,Refiner,0.24372629028140883
5279,0.003361815951674081,HOG8-ML04-H1-GPS-Sniper-Specialist-Refiner,Refiner,0.27230202308659984
5289,0.0033497857933073843,HOG8-ML04-H1-GPS-Sniper-Specialist-Refiner,Refiner,0.35784702493026
5300,0.003343109066458458,HOG8-ML04-H1-GPS-Sniper-Specialist-Refiner,Refiner,0.19931802392457013
5310,0.0033398813013474776,HOG8-ML04-H1-GPS-Sniper-Specialist-Refiner,Refiner,0.09654979980655384
5320,0.003323928882512472,HOG8-ML04-H1-GPS-Sniper-Specialist-Refiner,Refiner,0.4776343048050777
5320,0.003320149581336368,HOG8-ML04-H2-GPS-Sniper-Specialist-Refiner,Refiner,0.11369982059444989
5330,0.0033060079682479034,HOG8-ML04-H1-GPS-Sniper-Specialist-Refiner,Refiner,0.4259330112100726
5342,0.0033002315095287385,HOG8-ML04-H1-GPS-Sniper-Specialist-Refiner,Refiner,0.17472609789946528
5355,0.0032790415043939267,HOG8-ML04-H1-GPS-Sniper-Specialist-Exploiter,Exploiter,0.6420763232406574
5368,0.0032717418232409597,HOG8-ML04-H1-GPS-Sniper-Specialist-Refiner,Refiner,0.222616308551918
5381,0.003266194097871207,HOG8-ML04-H1-GPS-Sniper-Specialist-Refiner,Refiner,0.16956488835226285
5383,0.0032587355604578967,HOG8-ML04-H1-GPS-Sniper-Specialist-Refiner,Refiner,0.22835560869365876
5399,0.003246438885247559,HOG8-ML04-H1-GPS-Sniper-Specialist-Refiner,Refiner,0.37734498495513474
5404,0.0032282160766040637,HOG8-ML04-H1-GPS-Sniper-Specialist-Exploiter,Exploiter,0.5613168547944472
5420,0.0032215923463094253,HOG8-ML04-H1-GPS-Sniper-Specialist-Refiner,Refiner,0.20518237123725308
5425,0.003217909202946857,HOG8-ML04-H1-GPS-Sniper-Specialist-Refiner,Refiner,0.11432679764054086
5435,0.0031906523530901773,HOG8-ML04-H2-GPS-Sniper-Specialist-Exploiter,Exploiter,0.8470360143076345
5446,0.003186447576228659,HOG8-ML04-H2-GPS-Sniper-Specialist-Refiner,Refiner,0.13178423708385936
5460,0.0031733648888820935,HOG8-ML04-H2-GPS-Sniper-Specialist-Refiner,Refiner,0.4105728098012462
5469,0.0031698226139173355,HOG8-ML04-H2-GPS-Sniper-Specialist-Refiner,Refiner,0.11162520191637655
5479,0.003159307836914143,HOG8-ML04-H2-GPS-Sniper-Specialist-Refiner,Refiner,0.33171499745842126
5490,0.003145721600724633,HOG8-ML04-H2-GPS-Sniper-Specialist-Refiner,Refiner,0.43003837836772774
5501,0.0031318645021616524,HOG8-ML04-H2-GPS-Sniper-Specialist-Refiner,Refiner,0.4405061960914968
5510,0.0031075655709480107,HOG8-ML04-H2-GPS-Sniper-Specialist-Exploiter,Exploiter,0.7758615098727998
5520,0.003103821205429142,HOG8-ML04-H2-GPS-Sniper-Specialist-Refiner,Refiner,0.12049192312702633
5538,0.003097030861765397,HOG8-ML04-H2-GPS-Sniper-Specialist-Refiner,Refiner,0.2187736732988197
5554,0.0030858285532606527,HOG8-ML04-H2-GPS-Sniper-Specialist-Refiner,Refiner,0.36171123262100036
5570,0.0030766444325624424,HOG8-ML04-H2-GPS-Sniper-Specialist-Refiner,Refiner,0.297622519841741
5578,0.0030613824472018425,HOG8-ML04-H2-GPS-Sniper-Specialist-Refiner,Refiner,0.4960594470739232
5584,0.003049535679985659,HOG8-ML04-H2-GPS-Sniper-Specialist-Refiner,Refiner,0.38697442807290494
5598,0.003045887537386309,HOG8-ML04-H2-GPS-Sniper-Specialist-Refiner,Refiner,0.11962944468212329
5603,0.003043136119939222,HOG8-ML04-H2-GPS-Sniper-Specialist-Refiner,Refiner,0.09033220738832469
5615,0.0030359868627530817,HOG8-ML04-H2-GPS-Sniper-Specialist-Refiner,Refiner,0.23493057505041623
5629,0.003028482143832965,HOG8-ML04-H2-GPS-Sniper-Specialist-Refiner,Refiner,0.2471920749127146
5640,0.0030220995549780265,HOG8-ML04-H2-GPS-Sniper-Specialist-Refiner,Refiner,0.21075207155952952
5649,0.0030148407714167946,HOG8-ML04-H2-GPS-Sniper-Specialist-Refiner,Refiner,0.2401900873607964
5660,0.0029938554250920285,HOG8-ML04-H2-GPS-Sniper-Specialist-Exploiter,Exploiter,0.6960681480668764
5671,0.0029897337630009468,HOG8-ML04-H2-GPS-Sniper-Specialist-Refiner,Refiner,0.13767071237099152
5684,0.0029823761179827053,HOG8-ML04-H2-GPS-Sniper-Specialist-Refiner,Refiner,0.24609699730775378
5700,0.0029610607374348434,HOG8-ML04-H2-GPS-Sniper-Specialist-Exploiter,Exploiter,0.7147113477517976
5714,0.0029561238340784298,HOG8-ML04-H2-GPS-Sniper-Specialist-Refiner,Refiner,0.16672752753766396
5723,0.0029446929283629994,HOG8-ML04-H2-GPS-Sniper-Specialist-Refiner,Refiner,0.38668561795869283
5734,0.0029345545755069787,HOG8-ML04-H2-GPS-Sniper-Specialist-Refiner,Refiner,0.3442923626558495
5741,0.002931601284214997,HOG8-ML04-H2-GPS-Sniper-Specialist-Refiner,Refiner,0.10063848587554801
5754,0.0029124063642871766,HOG8-ML04-H2-GPS-Sniper-Specialist-Exploiter,Exploiter,0.6547588865912286
5764,0.0029030814161457867,HOG8-ML04-H2-GPS-Sniper-Specialist-Refiner,Refiner,0.32018018693185224
5770,0.0028729280055738195,HOG8-ML04-H2-GPS-Sniper-Specialist-Exploiter,Exploiter,1.0386691328829416
5790,0.002869503898364311,HOG8-ML04-H2-GPS-Sniper-Specialist-Refiner,Refiner,0.1191852772803621
5791,0.0028686670440112327,HOG8-ML04-H2-GPS-Sniper-Specialist-Polisher,Polisher,0.029163729436139856
5804,0.002857347275812597,HOG8-ML04-H2-GPS-Sniper-Specialist-Refiner,Refiner,0.3946002803729892
5814,0.002846076266873228,HOG8-ML04-H2-GPS-Sniper-Specialist-Refiner,Refiner,0.3944570908400915
5826,0.0028407005869802793,HOG8-ML04-H2-GPS-Sniper-Specialist-Refiner,Refiner,0.18888038790521924
5834,0.0028315860717179485,HOG8-ML04-H2-GPS-Sniper-Specialist-Refiner,Refiner,0.3208544858301914
5845,0.0028298767419583128,HOG8-ML04-H2-GPS-Sniper-Specialist-Refiner,Refiner,0.06036651248954183
5859,0.002811651339522201,HOG8-ML04-H2-GPS-Sniper-Specialist-Exploiter,Exploiter,0.6440352035792111
5870,0.0028103799544938295,HOG8-ML04-H2-GPS-Sniper-Specialist-Polisher,Polisher,0.04521844549144524
5880,0.002808011556561741,HOG8-ML04-H2-GPS-Sniper-Specialist-Refiner,Refiner,0.08427322890277578
5890,0.0027916916458094534,HOG8-ML04-H2-GPS-Sniper-Specialist-Exploiter,Exploiter,0.5811910109184364
5899,0.002778110686941964,HOG8-ML04-H2-GPS-Sniper-Specialist-Refiner,Refiner,0.4864777558035611
5909,0.002776436392653526,HOG8-ML04-H2-GPS-Sniper-Specialist-Refiner,Refiner,0.06026737150206641
5921,0.0027718166753250167,HOG8-ML04-H2-GPS-Sniper-Specialist-Refiner,Refiner,0.166390173415581
5928,0.0027620195216067076,HOG8-ML04-H2-GPS-Sniper-Specialist-Refiner,Refiner,0.3534560494395004
5940,0.00275753613227551,HOG8-ML04-H2-GPS-Sniper-Specialist-Refiner,Refiner,0.16232286905015936
5949,0.0027545495671945064,HOG8-ML04-H2-GPS-Sniper-Specialist-Refiner,Refiner,0.10830556474120061
5961,0.0027392322516775914,HOG8-ML04-H2-GPS-Sniper-Specialist-Exploiter,Exploiter,0.556073330439853
5970,0.0027318663514154275,HOG8-ML04-H2-GPS-Sniper-Specialist-Refiner,Refiner,0.26890382360432624
5980,0.002730435816165974,HOG8-ML04-H2-GPS-Sniper-Specialist-Refiner,Refiner,0.05236475967106745
5999,0.0027268665120787398,HOG8-ML04-H2-GPS-Sniper-Specialist-Refiner,Refiner,0.1307228709095318
6021,0.002724760830492366,HOG8-ML04-H2-GPS-Sniper-Specialist-Refiner,Refiner,0.07721982638484892
6026,0.0027102600015795355,HOG8-ML04-H2-GPS-Sniper-Specialist-Exploiter,Exploiter,0.532187219904001
6035,0.002706399007113552,HOG8-ML04-H2-GPS-Sniper-Specialist-Refiner,Refiner,0.14245845283232603
6050,0.0026920962177953913,HOG8-ML04-H2-GPS-Sniper-Specialist-Exploiter,Exploiter,0.5284804376799912
6054,0.0026908783127629603,HOG8-ML04-H2-GPS-Sniper-Specialist-Polisher,Polisher,0.045240026132062974
6070,0.002686545730907309,HOG8-ML04-H2-GPS-Sniper-Specialist-Refiner,Refiner,0.16100995110413646
6079,0.002670112900727559,HOG8-ML04-H2-GPS-Sniper-Specialist-Exploiter,Exploiter,0.6116713365679467
6089,0.0026674498899547754,HOG8-ML04-H2-GPS-Sniper-Specialist-Refiner,Refiner,0.09973401394592918
6099,0.0026650238795638296,HOG8-ML04-H2-GPS-Sniper-Specialist-Refiner,Refiner,0.0909486772397012
6109,0.00264627030447397,HOG8-ML04-H2-GPS-Sniper-Specialist-Exploiter,Exploiter,0.7036925722755238
6122,0.0026442776155899245,HOG8-ML04-H2-GPS-Sniper-Specialist-Refiner,Refiner,0.07530178911339686
6130,0.002643118678100101,HOG8-ML04-H2-GPS-Sniper-Specialist-Polisher,Polisher,0.0438281322275183
6139,0.0026414339660224147,HOG8-ML04-H2-GPS-Sniper-Specialist-Refiner,Refiner,0.06373955477842409
6149,0.002635265187392168,HOG8-ML04-H2-GPS-Sniper-Specialist-Refiner,Refiner,0.2335390060700944
6160,0.002618043230162684,HOG8-ML04-H2-GPS-Sniper-Specialist-Exploiter,Exploiter,0.653518944198808
6171,0.0026078299594423523,HOG8-ML04-H2-GPS-Sniper-Specialist-Refiner,Refiner,0.39011085083179303
6181,0.002592523005539574,HOG8-ML04-H2-GPS-Sniper-Specialist-Exploiter,Exploiter,0.5869613487396106
6192,0.0025804256080199047,HOG8-ML04-H2-GPS-Sniper-Specialist-Refiner,Refiner,0.46662642891962586
6201,0.0025630272442501954,HOG8-ML04-H2-GPS-Sniper-Specialist-Exploiter,Exploiter,0.6742439586568811
6220,0.0025516809679537993,HOG8-ML04-H2-GPS-Sniper-Specialist-Refiner,Refiner,0.442690428743976
6225,0.0025508587835030823,HOG8-ML04-H2-GPS-Sniper-Specialist-Polisher,Polisher,0.032221287106135144
6240,0.0025432208239480544,HOG8-ML04-H2-GPS-Sniper-Specialist-Refiner,Refiner,0.29942698531271567
6250,0.002538248494767751,HOG8-ML04-H2-GPS-Sniper-Specialist-Refiner,Refiner,0.19551307277299268
6260,0.0025364211585461992,HOG8-ML04-H2-GPS-Sniper-Specialist-Refiner,Refiner,0.07199201438781591
6269,0.00252880427031984,HOG8-ML04-H2-GPS-Sniper-Specialist-Refiner,Refiner,0.30030061059438606
6290,0.002515122744298073,HOG8-ML04-H2-GPS-Sniper-Specialist-Exploiter,Exploiter,0.5410274801551282
6301,0.0025026032406557167,HOG8-ML04-H2-GPS-Sniper-Specialist-Refiner,Refiner,0.49776909181624956
6320,0.0024990689039388683,HOG8-ML04-H2-GPS-Sniper-Specialist-Refiner,Refiner,0.14122641014091727
6327,0.0024953409050815422,HOG8-ML04-H2-GPS-Sniper-Specialist-Refiner,Refiner,0.14917551298606696
6340,0.002492841803233404,HOG8-ML04-H2-GPS-Sniper-Specialist-Refiner,Refiner,0.10015071860719389
6345,0.002484433665717424,HOG8-ML04-H2-GPS-Sniper-Specialist-Refiner,Refiner,0.3372912595205051
6361,0.002472300632302637,HOG8-ML04-H2-GPS-Sniper-Specialist-Refiner,Refiner,0.4883621399198628
6370,0.002468013903598424,HOG8-ML04-H2-GPS-Sniper-Specialist-Refiner,Refiner,0.1733902684893283
6380,0.0024679952395495037,HOG8-ML04-H2-GPS-Sniper-Specialist-Polisher,Polisher,0.0007562375922317891
6390,0.0024522470899203414,HOG8-ML04-H2-GPS-Sniper-Specialist-Exploiter,Exploiter,0.6380948138310366
6400,0.002451505456022419,HOG8-ML04-H2-GPS-Sniper-Specialist-Polisher,Polisher,0.030243033052039417
6412,0.0024452049768492953,HOG8-ML04-H2-GPS-Sniper-Specialist-Refiner,Refiner,0.25700449320420304
6420,0.0024372492310318922,HOG8-ML04-H2-GPS-Sniper-Specialist-Refiner,Refiner,0.32536110030555626
6432,0.002435071745596015,HOG8-ML04-H2-GPS-Sniper-Specialist-Refiner,Refiner,0.08934192729051575
6441,0.0024306551289409476,HOG8-ML04-H2-GPS-Sniper-Specialist-Refiner,Refiner,0.18137521668735906
6452,0.0024252312838360904,HOG8-ML04-H2-GPS-Sniper-Specialist-Refiner,Refiner,0.2231433427258952
6460,0.002417898269330773,HOG8-ML04-H2-GPS-Sniper-Specialist-Refiner,Refiner,0.3023635128818961
6472,0.0024124705699078465,HOG8-ML04-H2-GPS-Sniper-Specialist-Refiner,Refiner,0.22448005740244248
6481,0.002410030641055246,HOG8-ML04-H2-GPS-Sniper-Specialist-Refiner,Refiner,0.1011381810429237
6494,0.002405020153062329,HOG8-ML04-H2-GPS-Sniper-Specialist-Refiner,Refiner,0.20790142281024174
6504,0.0024032347896718797,HOG8-ML04-H2-GPS-Sniper-Specialist-Refiner,Refiner,0.07423486194808669
6514,0.0024002763819340857,HOG8-ML04-H2-GPS-Sniper-Specialist-Refiner,Refiner,0.12310106987914911
6525,0.002396102682287295,HOG8-ML04-H2-GPS-Sniper-Specialist-Refiner,Refiner,0.17388412760315677
6549,0.0023949485865439922,HOG8-ML04-H2-GPS-Sniper-Specialist-Polisher,Polisher,0.04816553780579609
6560,0.0023860549132068824,HOG8-ML04-H2-GPS-Sniper-Specialist-Refiner,Refiner,0.3713513261653685
6565,0.00238140426168374,HOG8-ML04-H2-GPS-Sniper-Specialist-Refiner,Refiner,0.19490966018430445
6582,0.0023732137607595342,HOG8-ML04-H2-GPS-Sniper-Specialist-Refiner,Refiner,0.34393576328005354
6590,0.0023654935646681818,HOG8-ML04-H2-GPS-Sniper-Specialist-Refiner,Refiner,0.32530555059994565
6600,0.0023633068100188635,HOG8-ML04-H2-GPS-Sniper-Specialist-Refiner,Refiner,0.09244390608287209
6610,0.002361008307515691,HOG8-ML04-H2-GPS-Sniper-Specialist-Refiner,Refiner,0.09725789700383324
6621,0.0023565616281480484,HOG8-ML04-H2-GPS-Sniper-Specialist-Refiner,Refiner,0.1883381499966556
6634,0.0023544130108442865,HOG8-ML04-H2-GPS-Sniper-Specialist-Refiner,Refiner,0.09117594371807092
6655,0.0023466846002173276,HOG8-ML04-H2-GPS-Sniper-Specialist-Refiner,Refiner,0.32825212022539374
6660,0.0023363525979227667,HOG8-ML04-H2-GPS-Sniper-Specialist-Refiner,Refiner,0.4402808240018282
6676,0.0023215920202574207,HOG8-ML04-H2-GPS-Sniper-Specialist-Exploiter,Exploiter,0.6317786826555879
6685,0.0023200318703358257,HOG8-ML04-H2-GPS-Sniper-Specialist-Refiner,Refiner,0.06720172657304169
6694,0.002315367910916674,HOG8-ML04-H2-GPS-Sniper-Specialist-Refiner,Refiner,0.20102997199243025
6709,0.0023074379955553524,HOG8-ML04-H2-GPS-Sniper-Specialist-Refiner,Refiner,0.3424905097774379
6715,0.0023073273230842053,HOG8-ML04-H2-GPS-Sniper-Specialist-Polisher,Polisher,0.004796335648468308
6724,0.0022862445085952534,HOG8-ML04-H2-GPS-Sniper-Specialist-Exploiter,Exploiter,0.9137331438857375
6736,0.002281516481300123,HOG8-ML04-H2-GPS-Sniper-Specialist-Refiner,Refiner,0.20680322149950084
6765,0.00227940307061489,HOG8-ML04-H2-GPS-Sniper-Specialist-Refiner,Refiner,0.09263183950477784
6780,0.0022779830624981238,HOG8-ML04-H2-GPS-Sniper-Specialist-Refiner,Refiner,0.06229736789742588
6790,0.0022697026404675915,HOG8-ML04-H2-GPS-Sniper-Specialist-Refiner,Refiner,0.3634979630380432
6799,0.0022694569709891498,HOG8-ML04-H2-GPS-Sniper-Specialist-Polisher,Polisher,0.010823861860208362
6802,0.0022686907000712023,HOG8-ML04-H2-GPS-Sniper-Specialist-Polisher,Polisher,0.03376450524256986
6820,0.0022576875062940024,HOG8-ML04-H2-GPS-Sniper-Specialist-Refiner,Refiner,0.4850019342369836
6829,0.002254653259104615,HOG8-ML04-H2-GPS-Sniper-Specialist-Refiner,Refiner,0.13439624309956072
6840,0.0022462847666210096,HOG8-ML04-H2-GPS-Sniper-Specialist-Refiner,Refiner,0.37116538650953457
6850,0.002239948031106367,HOG8-ML04-H2-GPS-Sniper-Specialist-Refiner,Refiner,0.282098494759183
6860,0.0022330928614848825,HOG8-ML04-H2-GPS-Sniper-Specialist-Refiner,Refiner,0.30604145838591207
6869,0.002228711359827517,HOG8-ML04-H2-GPS-Sniper-Specialist-Refiner,Refiner,0.1962077678423032
6884,0.00222507603444471,HOG8-ML04-H2-GPS-Sniper-Specialist-Refiner,Refiner,0.16311333303781916
6894,0.0022175544084684744,HOG8-ML04-H2-GPS-Sniper-Specialist-Refiner,Refiner,0.3380390539378895
6922,0.0022107446749341404,HOG8-ML04-H2-GPS-Sniper-Specialist-Refiner,Refiner,0.3070830419460601
6932,0.002209755845706306,HOG8-ML04-H2-GPS-Sniper-Specialist-Polisher,Polisher,0.04472833245041303
6940,0.002207453229052402,HOG8-ML04-H2-GPS-Sniper-Specialist-Refiner,Refiner,0.1042023107837147
6952,0.002204189206255143,HOG8-ML04-H2-GPS-Sniper-Specialist-Refiner,Refiner,0.14786373519951063
6962,0.002200459085793056,HOG8-ML04-H2-GPS-Sniper-Specialist-Refiner,Refiner,0.16922868742399202
6974,0.0021922648872958403,HOG8-ML04-H2-GPS-Sniper-Specialist-Refiner,Refiner,0.37238586030161946
6981,0.002190646577522645,HOG8-ML04-H2-GPS-Sniper-Specialist-Refiner,Refiner,0.07381908010175119
6990,0.00218847795683482,HOG8-ML04-H2-GPS-Sniper-Specialist-Refiner,Refiner,0.09899454846236508
7001,0.0021882009555386035,HOG8-ML04-H2-GPS-Sniper-Specialist-Polisher,Polisher,0.012657257769100287
7012,0.002178899494089178,HOG8-ML04-H2-GPS-Sniper-Specialist-Refiner,Refiner,0.42507345707359123
7015,0.002174461184180288,HOG8-ML04-H2-GPS-Sniper-Specialist-Refiner,Refiner,0.20369502682111335
7034,0.002172046386091543,HOG8-ML04-H2-GPS-Sniper-Specialist-Refiner,Refiner,0.11105271072730777
7041,0.0021680497672392886,HOG8-ML04-H2-GPS-Sniper-Specialist-Refiner,Refiner,0.18400246319996214
7055,0.0021655897015209276,HOG8-ML04-H2-GPS-Sniper-Specialist-Refiner,Refiner,0.11346906125192706
7069,0.0021632349328840166,HOG8-ML04-H2-GPS-Sniper-Specialist-Refiner,Refiner,0.10873567764278051
7080,0.0021574254241480796,HOG8-ML04-H2-GPS-Sniper-Specialist-Refiner,Refiner,0.2685565329786761
7105,0.002149762235622145,HOG8-ML04-H2-GPS-Sniper-Specialist-Refiner,Refiner,0.3552006220080898
7114,0.0021471224151581956,HOG8-ML04-H2-GPS-Sniper-Specialist-Refiner,Refiner,0.12279592692656276
7129,0.0021411336856331964,HOG8-ML04-H2-GPS-Sniper-Specialist-Refiner,Refiner,0.27891886753731926
7140,0.002135093015693243,HOG8-ML04-H2-GPS-Sniper-Specialist-Refiner,Refiner,0.2821248379064692
7149,0.002133744295464202,HOG8-ML04-H2-GPS-Sniper-Specialist-Refiner,Refiner,0.06316915558842583
7160,0.0021314272461579508,HOG8-ML04-H2-GPS-Sniper-Specialist-Refiner,Refiner,0.10859076746809625
7169,0.0021311913151531264,HOG8-ML04-H2-GPS-Sniper-Specialist-Polisher,Polisher,0.011069155902442219
7180,0.002130998467548902,HOG8-ML04-H2-GPS-Sniper-Specialist-Polisher,Polisher,0.009048817103046058
7191,0.002129727170524322,HOG8-ML04-H2-GPS-Sniper-Specialist-Refiner,Refiner,0.05965734109805701
7210,0.002127869554090342,HOG8-ML04-H2-GPS-Sniper-Specialist-Refiner,Refiner,0.08722321148407909
7225,0.00212433781328557,HOG8-ML04-H2-GPS-Sniper-Specialist-Refiner,Refiner,0.16597543763822006
7242,0.002123444653544083,HOG8-ML04-H2-GPS-Sniper-Specialist-Polisher,Polisher,0.04204414834124943
7252,0.002123264033276265,HOG8-ML04-H2-GPS-Sniper-Specialist-Polisher,Polisher,0.008506003088724219
7262,0.0021163443786115046,HOG8-ML04-H2-GPS-Sniper-Specialist-Refiner,Refiner,0.32589704136245745
7272,0.002115598098149876,HOG8-ML04-H2-GPS-Sniper-Specialist-Polisher,Polisher,0.03526271381778557
7281,0.0021099778944770613,HOG8-ML04-H2-GPS-Sniper-Specialist-Refiner,Refiner,0.26565554571682115
7290,0.002101227834457417,HOG8-ML04-H2-GPS-Sniper-Specialist-Refiner,Refiner,0.41469913227753996
7301,0.0021008495395859216,HOG8-ML04-H2-GPS-Sniper-Specialist-Polisher,Polisher,0.018003515149182178
7311,0.002091220508674607,HOG8-ML00-H2-GPS-GradientEstimation-Escape-Specialist-Refiner,Refiner,0.458339863463632
7314,0.0020894951063882413,HOG8-ML04-H2-GPS-Sniper-Specialist-Refiner,Refiner,0.08250695128556208
7322,0.002066897408677801,HOG8-ML04-H2-GPS-Sniper-Specialist-Exploiter,Exploiter,1.0814908176311124
7331,0.0020659184236887394,HOG8-ML04-H2-GPS-Sniper-Specialist-Polisher,Polisher,0.047364953139494737
7343,0.0020580052244529956,HOG8-ML04-H2-GPS-Sniper-Specialist-Refiner,Refiner,0.38303541635562877
7351,0.00204633572976728,HOG8-ML04-H2-GPS-Sniper-Specialist-Exploiter,Exploiter,0.5670294004631314
7365,0.002042923640498213,HOG8-ML04-H2-GPS-Sniper-Specialist-Refiner,Refiner,0.16674142074697354
7375,0.002035959792164408,HOG8-ML04-H2-GPS-Sniper-Specialist-Refiner,Refiner,0.34087658470224774
7380,0.002035623196914327,HOG8-ML04-H2-GPS-Sniper-Specialist-Polisher,Polisher,0.016532509697689966
7384,0.0020331150048023107,HOG8-ML04-H2-GPS-Sniper-Specialist-Refiner,Refiner,0.12321495038072044
7394,0.0020205786558410146,HOG8-ML04-H2-GPS-Sniper-Specialist-Exploiter,Exploiter,0.6166079602818673
7405,0.0020176140744813153,HOG8-ML04-H2-GPS-Sniper-Specialist-Refiner,Refiner,0.1467194237219847
7420,0.0020156943343980606,HOG8-ML04-H2-GPS-Sniper-Specialist-Refiner,Refiner,0.0951490231722413
7442,0.002015302072193395,HOG8-ML04-H2-GPS-Sniper-Specialist-Polisher,Polisher,0.019460401211216994
7450,0.002013380537570999,HOG8-ML04-H2-GPS-Sniper-Specialist-Refiner,Refiner,0.09534722605156187
7460,0.002007511864010649,HOG8-ML04-H2-GPS-Sniper-Specialist-Refiner,Refiner,0.2914835745571483
7470,0.002002094779883985,HOG8-ML04-H2-GPS-Sniper-Specialist-Refiner,Refiner,0.2698407030004688
7480,0.0019947612957730747,HOG8-ML04-H2-GPS-Sniper-Specialist-Refiner,Refiner,0.3662905565007845
7491,0.001993809890683258,HOG8-ML04-H2-GPS-Sniper-Specialist-Polisher,Polisher,0.047695184974396114
7504,0.001986489104201913,HOG8-ML04-H2-GPS-Sniper-Specialist-Refiner,Refiner,0.3671757530923104
7511,0.001981765258053691,HOG8-ML04-H2-GPS-Sniper-Specialist-Refiner,Refiner,0.2377987444396038
7521,0.001981501550138394,HOG8-ML04-H2-GPS-Sniper-Specialist-Polisher,Polisher,0.013306718049746783
7532,0.0019708470866921773,HOG8-ML04-H2-GPS-Sniper-Specialist-Exploiter,Exploiter,0.5376964477001154
7544,0.001967959122062301,HOG8-ML04-H2-GPS-Sniper-Specialist-Refiner,Refiner,0.14653418062603377
7555,0.0019675843129366003,HOG8-ML04-H2-GPS-Sniper-Specialist-Polisher,Polisher,0.019045574752981926
7569,0.0019529102482314382,HOG8-ML04-H2-GPS-Sniper-Specialist-Exploiter,Exploiter,0.7457908974310347
7581,0.0019524576811415118,HOG8-ML04-H2-GPS-Sniper-Specialist-Polisher,Polisher,0.023173983051000796
7590,0.0019475025095886,HOG8-ML04-H2-GPS-Sniper-Specialist-Refiner,Refiner,0.25379149575291365
7600,0.0019108927210015,HOG8-ML04-H2-GPS-Sniper-Specialist-Exploiter,Exploiter,1.879832678358587
7621,0.0019075795270123103,HOG8-ML04-H2-GPS-Sniper-Specialist-Refiner,Refiner,0.1733846150951528
7636,0.001904666061124929,HOG8-ML04-H2-GPS-Sniper-Specialist-Refiner,Refiner,0.15273103145242517
7649,0.0018987762049789952,HOG8-ML04-H2-GPS-Sniper-Specialist-Refiner,Refiner,0.3092330076199946
7662,0.0018987749274588187,HOG8-ML04-H2-GPS-Sniper-Specialist-Polisher,Polisher,6.728124004827485E-05
7669,0.0018987569236267852,HOG8-ML04-H2-GPS-Sniper-Specialist-Polisher,Polisher,0.0009481814707545921
7681,0.0018792810063850553,HOG8-ML04-H2-GPS-Sniper-Specialist-Exploiter,Exploiter,1.025719353508891
7692,0.001873458251856476,HOG8-ML04-H2-GPS-Sniper-Specialist-Refiner,Refiner,0.3098394816313205
7700,0.001872470971036659,HOG8-ML04-H2-GPS-Sniper-Specialist-Refiner,Refiner,0.05269830906765822
7705,0.001872266174719737,HOG8-ML04-H2-GPS-Sniper-Specialist-Polisher,Polisher,0.010937222530542223
7721,0.001861429167106434,HOG8-ML04-H2-GPS-Sniper-Specialist-Exploiter,Exploiter,0.5788176787910555
7730,0.001860229142271254,HOG8-ML04-H2-GPS-Sniper-Specialist-Refiner,Refiner,0.0644679290722401
7759,0.0018540659527725688,HOG8-ML04-H2-GPS-Sniper-Specialist-Refiner,Refiner,0.3313134580377674
7770,0.0018520063189503332,HOG8-ML04-H2-GPS-Sniper-Specialist-Refiner,Refiner,0.11108740868444344
7782,0.0018478542698421576,HOG8-ML04-H2-GPS-Sniper-Specialist-Refiner,Refiner,0.2241919514901439
7797,0.0018461448722072466,HOG8-ML04-H2-GPS-Sniper-Specialist-Refiner,Refiner,0.09250716697789359
7809,0.0018452322588738432,HOG8-ML04-H2-GPS-Sniper-Specialist-Polisher,Polisher,0.04943346251653096
7820,0.001842034442811986,HOG8-ML04-H2-GPS-Sniper-Specialist-Refiner,Refiner,0.17330154762245295
7830,0.0018414320169240083,HOG8-ML04-H2-GPS-Sniper-Specialist-Polisher,Polisher,0.032704376963667084
7842,0.0018377203129994193,HOG8-ML04-H2-GPS-Sniper-Specialist-Refiner,Refiner,0.201566166465875
7854,0.0018366329265275974,HOG8-ML04-H2-GPS-Sniper-Specialist-Refiner,Refiner,0.05917040063877297
7862,0.0018338923415738035,HOG8-ML04-H2-GPS-Sniper-Specialist-Refiner,Refiner,0.14921789292841384
7877,0.0018323908720941089,HOG8-ML04-H2-GPS-Sniper-Specialist-Refiner,Refiner,0.0818733709529572
7905,0.00182925381102679,HOG8-ML04-H2-GPS-Sniper-Specialist-Refiner,Refiner,0.17120043081930847
7925,0.001828497708497049,HOG8-ML04-H2-GPS-Sniper-Specialist-Polisher,Polisher,0.04133393218499143
7932,0.001827578549098399,HOG8-ML04-H2-GPS-Sniper-Specialist-Refiner,Refiner,0.05026855622397472
7943,0.0018161978535682411,HOG8-ML04-H2-GPS-Sniper-Specialist-Exploiter,Exploiter,0.6227199118621902
7955,0.001812324140870229,HOG8-ML04-H2-GPS-Sniper-Specialist-Refiner,Refiner,0.21328693294078616
7966,0.0018123177807303742,HOG8-ML04-H2-GPS-Sniper-Specialist-Polisher,Polisher,0.00035093831790087914
7974,0.0018118566443119752,HOG8-ML04-H2-GPS-Sniper-Specialist-Polisher,Polisher,0.025444567354687843
7995,0.0018103883418194018,HOG8-ML04-H2-GPS-Sniper-Specialist-Refiner,Refiner,0.08103855772380941
8005,0.0018095715090714122,HOG8-ML04-H2-GPS-Sniper-Specialist-Polisher,Polisher,0.04511920062237276
8016,0.0018051621086999817,HOG8-ML04-H2-GPS-Sniper-Specialist-Refiner,Refiner,0.24367096571349603
8040,0.001801881352193016,HOG8-ML04-H2-GPS-Sniper-Specialist-Refiner,Refiner,0.1817430407581681
8069,0.0017999980807386303,HOG8-ML04-H2-GPS-Sniper-Specialist-Refiner,Refiner,0.10451695124618712
8080,0.0017994433656246657,HOG8-ML04-H2-GPS-Sniper-Specialist-Polisher,Polisher,0.03081753919076368
8092,0.0017879148691819413,HOG8-ML04-H2-GPS-Sniper-Specialist-Exploiter,Exploiter,0.6406701462772825
8102,0.0017804907625931677,HOG8-ML04-H2-GPS-Sniper-Specialist-Refiner,Refiner,0.41523825975956685
8115,0.0017764292093384035,HOG8-ML04-H2-GPS-Sniper-Specialist-Refiner,Refiner,0.22811425591721396
8120,0.0017752473037503582,HOG8-ML04-H2-GPS-Sniper-Specialist-Refiner,Refiner,0.06653265898985869
8131,0.001774949374408499,HOG8-ML04-H2-GPS-Sniper-Specialist-Polisher,Polisher,0.016782413426553264
8146,0.001770409920218136,HOG8-ML04-H2-GPS-Sniper-Specialist-Refiner,Refiner,0.25575119244602923
8160,0.001769868738159219,HOG8-ML04-H2-GPS-Sniper-Specialist-Polisher,Polisher,0.030568178179337133
8185,0.001763182841261561,HOG8-ML04-H2-GPS-Sniper-Specialist-Refiner,Refiner,0.3777623025655505
8201,0.001763174760639986,HOG8-ML04-H2-GPS-Sniper-Specialist-Polisher,Polisher,0.00045829742586887053
8214,0.0017609389195765543,HOG8-ML00-H2-GPS-GradientEstimation-Escape-Specialist-Refiner,Refiner,0.12680768312610108
8222,0.0017575682584828926,HOG8-ML04-H2-GPS-Sniper-Specialist-Refiner,Refiner,0.19141272057705816
8231,0.0017462499809395614,HOG8-ML04-H2-GPS-Sniper-Specialist-Exploiter,Exploiter,0.6439737113311852
8239,0.0017358536529759063,HOG8-ML04-H2-GPS-Sniper-Specialist-Exploiter,Exploiter,0.5953516436439087
8250,0.001728462223868903,HOG8-ML04-H2-GPS-Sniper-Specialist-Refiner,Refiner,0.4258094623548208
8260,0.0017261141545754119,HOG8-ML04-H2-GPS-Sniper-Specialist-Refiner,Refiner,0.13584730178455334
8271,0.0017242168557767405,HOG8-ML04-H2-GPS-Sniper-Specialist-Refiner,Refiner,0.10991734200442273
8282,0.0017221700679040759,HOG8-ML04-H2-GPS-Sniper-Specialist-Refiner,Refiner,0.1187082625835095
8290,0.0017206865003278607,HOG8-ML04-H2-GPS-Sniper-Specialist-Refiner,Refiner,0.08614524220716321
8300,0.0017177912433771474,HOG8-ML04-H2-GPS-Sniper-Specialist-Refiner,Refiner,0.1682617344973407
8310,0.0017144817392608985,HOG8-ML04-H2-GPS-Sniper-Specialist-Refiner,Refiner,0.1926604370006268
8320,0.0017131035132848752,HOG8-ML04-H2-GPS-Sniper-Specialist-Refiner,Refiner,0.08038732314626014
8331,0.001712749534038044,HOG8-ML04-H2-GPS-Sniper-Specialist-Polisher,Polisher,0.020663038986620613
8340,0.0017094715727447958,HOG8-ML04-H2-GPS-Sniper-Specialist-Refiner,Refiner,0.19138591067194619
8350,0.0017086473332642849,HOG8-ML04-H2-GPS-Sniper-Specialist-Polisher,Polisher,0.048216039017687465
8361,0.0017047784591304946,HOG8-ML04-H2-GPS-Sniper-Specialist-Refiner,Refiner,0.22642906224533701
8370,0.0017047342953078503,HOG8-ML04-H2-GPS-Sniper-Specialist-Polisher,Polisher,0.002590590138428888
8382,0.0017024678628145043,HOG8-ML04-H2-GPS-Sniper-Specialist-Refiner,Refiner,0.13294931061011217
8392,0.0017011233378657724,HOG8-ML04-H2-GPS-Sniper-Specialist-Refiner,Refiner,0.07897505604065899
8405,0.0017009335989002692,HOG8-ML04-H2-GPS-Sniper-Specialist-Polisher,Polisher,0.011153745368119505
8421,0.0016959249511330993,HOG8-ML04-H2-GPS-Sniper-Specialist-Refiner,Refiner,0.29446462639154297
8437,0.0016905931010380835,HOG8-ML04-H2-GPS-Sniper-Specialist-Refiner,Refiner,0.31439186571631045
8445,0.0016895879589874452,HOG8-ML04-H2-GPS-Sniper-Specialist-Refiner,Refiner,0.059454995410846624
8454,0.0016875743882197255,HOG8-ML04-H2-GPS-Sniper-Specialist-Refiner,Refiner,0.11917525554138098
8469,0.0016869990872089354,HOG8-ML04-H2-GPS-Sniper-Specialist-Polisher,Polisher,0.03409040898025455
8485,0.0016853383120810747,HOG8-ML04-H2-GPS-Sniper-Specialist-Refiner,Refiner,0.09844552616850233
8499,0.0016843523430526961,HOG8-ML04-H2-GPS-Sniper-Specialist-Refiner,Refiner,0.05850273629400311
8514,0.001676421543254837,HOG8-ML04-H2-GPS-Sniper-Specialist-Refiner,Refiner,0.4708515905576814
8569,0.0016751065015022945,HOG8-ML04-H2-GPS-Sniper-Specialist-Refiner,Refiner,0.07844338184709726
8575,0.0016726150505605346,HOG8-ML04-H2-GPS-Sniper-Specialist-Refiner,Refiner,0.1487338828621049
8589,0.0016722146413614652,HOG8-ML04-H2-GPS-Sniper-Specialist-Polisher,Polisher,0.02393911252533569
8595,0.0016718129160107457,HOG8-ML04-H2-GPS-Sniper-Specialist-Polisher,Polisher,0.024023551808662374
8609,0.001665143242187483,HOG8-ML04-H2-GPS-Sniper-Specialist-Refiner,Refiner,0.39894857608696016
8614,0.0016622419419948054,HOG8-ML04-H2-GPS-Sniper-Specialist-Refiner,Refiner,0.1742372739576563
8629,0.001660442595351577,HOG8-ML04-H2-GPS-Sniper-Specialist-Refiner,Refiner,0.10824817962834671
8639,0.0016494600483712546,HOG8-ML04-H2-GPS-Sniper-Specialist-Exploiter,Exploiter,0.6614228646668177
8649,0.001649253481252273,HOG8-ML04-H2-GPS-Sniper-Specialist-Polisher,Polisher,0.012523317505356622
8658,0.0016478202110481086,HOG8-ML04-H2-GPS-Sniper-Specialist-Refiner,Refiner,0.08690417940341251
8669,0.0016475753558016165,HOG8-ML04-H2-GPS-Sniper-Specialist-Polisher,Polisher,0.01485934235120909
8698,0.001644224959873192,HOG8-ML04-H2-GPS-Sniper-Specialist-Refiner,Refiner,0.2033531223095126
8711,0.0016395003209232204,HOG8-ML04-H2-GPS-Sniper-Specialist-Refiner,Refiner,0.2873474777037733
8719,0.0016359736057634325,HOG8-ML04-H2-GPS-Sniper-Specialist-Refiner,Refiner,0.21510914726762714
8730,0.0016166973101883566,HOG8-ML04-H2-GPS-Sniper-Specialist-Exploiter,Exploiter,1.178276685343007
8751,0.0016150405922446941,HOG8-ML04-H2-GPS-Sniper-Specialist-Refiner,Refiner,0.10247545617982465
8759,0.0016062847112094704,HOG8-ML04-H2-GPS-Sniper-Specialist-Exploiter,Exploiter,0.5421461898399873
8770,0.0016019284044631722,HOG8-ML04-H2-GPS-Sniper-Specialist-Refiner,Refiner,0.2712038977833513
8784,0.0016005110826339379,HOG8-ML04-H2-GPS-Sniper-Specialist-Refiner,Refiner,0.08847597840736944
8793,0.0015968431766606832,HOG8-ML04-H2-GPS-Sniper-Specialist-Refiner,Refiner,0.2291709200300244
8812,0.001586294446671581,HOG8-ML04-H2-GPS-Sniper-Specialist-Exploiter,Exploiter,0.6605989957737507
8828,0.0015847133794510235,HOG8-ML04-H2-GPS-Sniper-Specialist-Refiner,Refiner,0.09967047567209092
8844,0.0015846975227311298,HOG8-ML04-H2-GPS-Sniper-Specialist-Polisher,Polisher,0.0010006049106000292
8854,0.0015765521473617254,HOG8-ML04-H2-GPS-Sniper-Specialist-Exploiter,Exploiter,0.5140018995780545
8870,0.0015764647414952936,HOG8-ML04-H2-GPS-Sniper-Specialist-Polisher,Polisher,0.0055441151488744055
8895,0.0015576609722059076,HOG8-ML04-H2-GPS-Sniper-Specialist-Exploiter,Exploiter,1.1927808338771018
8905,0.001548166576668847,HOG8-ML04-H2-GPS-Sniper-Specialist-Exploiter,Exploiter,0.6095290121838904
8915,0.0015481389835573772,HOG8-ML04-H2-GPS-Sniper-Specialist-Polisher,Polisher,0.0017823089508321069
8929,0.0015462989846711656,HOG8-ML04-H2-GPS-Sniper-Specialist-Refiner,Refiner,0.11885230626927143
8940,0.0015462349134933346,HOG8-ML04-H2-GPS-Sniper-Specialist-Polisher,Polisher,0.004143518069019435
8950,0.001542705230920448,HOG8-ML04-H2-GPS-Sniper-Specialist-Refiner,Refiner,0.22827595872299697
8959,0.0015425859260363374,HOG8-ML04-H2-GPS-Sniper-Specialist-Polisher,Polisher,0.007733485420246309
8969,0.0015422389332911614,HOG8-ML04-H2-GPS-Sniper-Specialist-Polisher,Polisher,0.02249422475074809
8979,0.001538039396931788,HOG8-ML04-H2-GPS-Sniper-Specialist-Refiner,Refiner,0.27230128021807726
8992,0.0015373499243035364,HOG8-ML04-H2-GPS-Sniper-Specialist-Polisher,Polisher,0.04482802128651297
8999,0.0015345655154593374,HOG8-ML04-H2-GPS-Sniper-Specialist-Refiner,Refiner,0.18111744113562156
9019,0.0015318966790478388,HOG8-ML04-H2-GPS-Sniper-Specialist-Refiner,Refiner,0.17391479116482952
9044,0.00153145711351714,HOG8-ML04-H2-GPS-Sniper-Specialist-Polisher,Polisher,0.028694202207681287
9063,0.0015312751125021562,HOG8-ML04-H2-GPS-Sniper-Specialist-Polisher,Polisher,0.011884173143180651
9064,0.0015312585648570216,HOG8-ML04-H2-GPS-Sniper-Specialist-Polisher,Polisher,0.0010806448168240506
9074,0.001531258563305403,HOG8-ML04-H2-GPS-Sniper-Specialist-Polisher,Polisher,1.0132963029289411E-07
9081,0.001531214284408776,HOG8-ML04-H2-GPS-Sniper-Specialist-Polisher,Polisher,0.0028916668737767647
9091,0.0015303447772610185,HOG8-ML04-H2-GPS-Sniper-Specialist-Refiner,Refiner,0.05678546475245575
9100,0.0015282080003273877,HOG8-ML04-H2-GPS-Sniper-Specialist-Refiner,Refiner,0.13962715888475113
9114,0.00152786330792059,HOG8-ML04-H2-GPS-Sniper-Specialist-Polisher,Polisher,0.022555333221907503
9135,0.0015244303853887387,HOG8-ML04-H2-GPS-Sniper-Specialist-Refiner,Refiner,0.22468780512331846
9161,0.0015239060753333502,HOG8-ML04-H2-GPS-Sniper-Specialist-Polisher,Polisher,0.034393833947018206
9180,0.0015234579320953798,HOG8-ML04-H2-GPS-Sniper-Specialist-Polisher,Polisher,0.02940753667330828
9190,0.0015214230848773877,HOG8-ML04-H2-GPS-Sniper-Specialist-Refiner,Refiner,0.1335676670240144
9200,0.001521305752048094,HOG8-ML04-H2-GPS-Sniper-Specialist-Polisher,Polisher,0.007712044759929115
9213,0.001521053733020895,HOG8-ML04-H2-GPS-Sniper-Specialist-Polisher,Polisher,0.01656596820592213
9225,0.0015194813843057253,HOG8-ML04-H2-GPS-Sniper-Specialist-Refiner,Refiner,0.10337233202451367
9235,0.0015188251648470127,HOG8-ML04-H2-GPS-Sniper-Specialist-Polisher,Polisher,0.043187068001656476
9244,0.0015178129407955416,HOG8-ML04-H2-GPS-Sniper-Specialist-Refiner,Refiner,0.06664519886151715
9254,0.0015164896099533094,HOG8-ML04-H2-GPS-Sniper-Specialist-Refiner,Refiner,0.0871866886006782
9274,0.001515206149845883,HOG8-ML04-H2-GPS-Sniper-Specialist-Refiner,Refiner,0.08463362353441996
9284,0.0015123589520113067,HOG8-ML04-H2-GPS-Sniper-Specialist-Refiner,Refiner,0.18790828131642964
9304,0.0015122304145993957,HOG8-ML04-H2-GPS-Sniper-Specialist-Polisher,Polisher,0.008499133868986564
9312,0.0015112613066829424,HOG8-ML04-H2-GPS-Sniper-Specialist-Refiner,Refiner,0.06408467301658062
9319,0.0015010784268552472,HOG8-ML00-H1-GPS-GradientEstimation-Escape-Specialist-Exploiter,Exploiter,0.6738000756497554
9330,0.0015010746688324343,HOG8-ML00-H1-GPS-GradientEstimation-Escape-Specialist-Polisher,Polisher,0.000250354861253556
9336,0.001498766355722971,HOG8-ML04-H2-GPS-Sniper-Specialist-Refiner,Refiner,0.15377736746825854
9349,0.0014960518205363103,HOG8-ML04-H2-GPS-Sniper-Specialist-Refiner,Refiner,0.18111796920816242
9371,0.0014959635193663567,HOG8-ML04-H2-GPS-Sniper-Specialist-Polisher,Polisher,0.005902280171150043
9379,0.0014921404563175888,HOG8-ML04-H2-GPS-Sniper-Specialist-Refiner,Refiner,0.2555585747429966
9400,0.001489633335630971,HOG8-ML04-H2-GPS-Sniper-Specialist-Refiner,Refiner,0.16802176202669195
9410,0.0014881773303326402,HOG8-ML04-H2-GPS-Sniper-Specialist-Refiner,Refiner,0.09774252921870853
9420,0.0014880158878388594,HOG8-ML04-H2-GPS-Sniper-Specialist-Polisher,Polisher,0.010848337122883162
9430,0.0014851836955835829,HOG8-ML04-H2-GPS-Sniper-Specialist-Refiner,Refiner,0.19033346877699547
9439,0.0014850547692625612,HOG8-ML04-H2-GPS-Sniper-Specialist-Polisher,Polisher,0.008680833314092385
9449,0.0014735429545354045,HOG8-ML04-H2-GPS-Sniper-Specialist-Exploiter,Exploiter,0.775177789090779
9460,0.0014725306221708722,HOG8-ML04-H2-GPS-Sniper-Specialist-Refiner,Refiner,0.06870056698492703
9471,0.0014711041363328528,HOG8-ML04-H2-GPS-Sniper-Specialist-Refiner,Refiner,0.09687308477948424
9491,0.0014665141049448704,HOG8-ML04-H2-GPS-Sniper-Specialist-Refiner,Refiner,0.31201267637138874
9509,0.0014563667070377486,HOG8-ML04-H2-GPS-Sniper-Specialist-Exploiter,Exploiter,0.6919400142764585
9551,0.0014561826994936582,HOG8-ML04-H2-GPS-Sniper-Specialist-Polisher,Polisher,0.012634698609988287
9561,0.001455711900837705,HOG8-ML04-H2-GPS-Sniper-Specialist-Polisher,Polisher,0.03233101561479569
9575,0.001447868879895391,HOG8-ML04-H2-GPS-Sniper-Specialist-Exploiter,Exploiter,0.5387756284605838
9599,0.001444383084755049,HOG8-ML04-H2-GPS-Sniper-Specialist-Refiner,Refiner,0.2407535094333952
9620,0.0014409193461796328,HOG8-ML04-H2-GPS-Sniper-Specialist-Refiner,Refiner,0.2398074729602296
9625,0.0014397185207249918,HOG8-ML04-H2-GPS-Sniper-Specialist-Refiner,Refiner,0.08333745103949648
9636,0.0014364470557191819,HOG8-ML04-H2-GPS-Sniper-Specialist-Refiner,Refiner,0.22722948678624397
9650,0.0014319984489908192,HOG8-ML04-H2-GPS-Sniper-Specialist-Refiner,Refiner,0.3096951405657879
9664,0.0014310198971927601,HOG8-ML04-H2-GPS-Sniper-Specialist-Refiner,Refiner,0.06833469678327458
9680,0.0014254984787028023,HOG8-ML04-H2-GPS-Sniper-Specialist-Refiner,Refiner,0.38583799573920885
9689,0.0014252498736635297,HOG8-ML04-H2-GPS-Sniper-Specialist-Polisher,Polisher,0.01743986703506135
9699,0.0014235535523665346,HOG8-ML04-H2-GPS-Sniper-Specialist-Refiner,Refiner,0.11901922100402043
9719,0.0014216749025627654,HOG8-ML04-H2-GPS-Sniper-Specialist-Refiner,Refiner,0.13196902923997175
9734,0.0014209214397944959,HOG8-ML04-H2-GPS-Sniper-Specialist-Refiner,Refiner,0.05299824642829869
9745,0.0014209014766893532,HOG8-ML04-H2-GPS-Sniper-Specialist-Polisher,Polisher,0.00140494080697314
9756,0.0014183906542028389,HOG8-ML04-H2-GPS-Sniper-Specialist-Refiner,Refiner,0.17670630425160816
9765,0.0014175989173859363,HOG8-ML04-H2-GPS-Sniper-Specialist-Refiner,Refiner,0.05581937631615224
9779,0.0014157819511906489,HOG8-ML04-H2-GPS-Sniper-Specialist-Refiner,Refiner,0.12817209247294548
9790,0.0014155393302285758,HOG8-ML04-H2-GPS-Sniper-Specialist-Polisher,Polisher,0.017136887630830287
9794,0.0014080603512350222,HOG8-ML04-H2-GPS-Sniper-Specialist-Exploiter,Exploiter,0.5283483711007778
9810,0.001407694273499003,HOG8-ML04-H2-GPS-Sniper-Specialist-Polisher,Polisher,0.02599872482014323
9839,0.0014070055966658058,HOG8-ML04-H2-GPS-Sniper-Specialist-Polisher,Polisher,0.0489223296679002
9851,0.0014059708413483919,HOG8-ML04-H2-GPS-Sniper-Specialist-Refiner,Refiner,0.07354308468039876
9860,0.0014057347351196787,HOG8-ML04-H2-GPS-Sniper-Specialist-Polisher,Polisher,0.01679310991163242
9869,0.0014050007914176675,HOG8-ML04-H2-GPS-Sniper-Specialist-Refiner,Refiner,0.05221068268962843
9920,0.0014031313963144487,HOG8-ML04-H2-GPS-Sniper-Specialist-Refiner,Refiner,0.13305295731062206
9935,0.0014007322361987082,HOG8-ML04-H2-GPS-Sniper-Specialist-Refiner,Refiner,0.170986133019492
9950,0.0013979390700274335,HOG8-ML04-H2-GPS-Sniper-Specialist-Refiner,Refiner,0.19940757405960663
9959,0.0013972160446678382,HOG8-ML04-H2-GPS-Sniper-Specialist-Refiner,Refiner,0.05172080637113133
9979,0.0013964179850809626,HOG8-ML04-H2-GPS-Sniper-Specialist-Refiner,Refiner,0.05711783728230038
9999,0.0013958218250886122,HOG8-ML04-H2-GPS-Sniper-Specialist-Polisher,Polisher,0.042692087807491945
10009,0.0013943520685352172,HOG8-ML04-H2-GPS-Sniper-Specialist-Refiner,Refiner,0.10529686002737124
10015,0.0013929799117028798,HOG8-ML04-H2-GPS-Sniper-Specialist-Refiner,Refiner,0.09840820430516277
10034,0.0013905593785166223,HOG8-ML04-H2-GPS-Sniper-Specialist-Refiner,Refiner,0.173766553696989
10000,0.0013905593785166223,Final,Final,0
