TimeMs,BestQuality,Source,Role,DeltaPct
12,192192.14673908398,HOG8-ML05-H2-GPS-JADE-Specialist-Global Explorer,Global Explorer,100
12,173355.4099308754,HOG8-ML04-H1-GPS-Sniper-Specialist-Local Explorer,Local Explorer,9.800991938438012
12,78927.23844222288,HOG8-ML03-H2-GPS-JADE-Specialist-Global Explorer,Global Explorer,54.47085356396162
22,591.0274033676138,HOG8-ML00-H1-GPS-GradientEstimation-Escape-Specialist-Global Explorer,Global Explorer,99.25117435370521
23,457.1895872574456,HOG8-ML02-H2-GPS-GradientEstimation-Escape-Specialist-Local Explorer,Local Explorer,22.64494257754784
25,53.25871548457407,HOG8-ML06-H1-GPS-Spray-Specialist-Global Explorer,Global Explorer,88.35084678895282
36,30.718178637168442,HOG8-ML06-H1-GPS-Spray-Specialist-Local Explorer,Local Explorer,42.322719656906294
46,22.743967819444933,HOG8-ML06-H1-GPS-Spray-Specialist-Local Explorer,Local Explorer,25.95925660799061
55,21.610259020459115,HOG8-ML06-H1-GPS-Spray-Specialist-Exploiter,Exploiter,4.984657065934446
66,20.686614013235967,HOG8-ML06-H1-GPS-Spray-Specialist-Exploiter,Exploiter,4.274104286990282
78,20.052397407716107,HOG8-ML06-H1-GPS-Spray-Specialist-Exploiter,Exploiter,3.065830904535986
85,19.82729885787212,HOG8-ML06-H1-GPS-Spray-Specialist-Exploiter,Exploiter,1.1225518089790643
97,19.380760539168918,HOG8-ML06-H1-GPS-Spray-Specialist-Exploiter,Exploiter,2.252138941890766
105,19.33795405985653,HOG8-ML06-H1-GPS-Spray-Specialist-Refiner,Refiner,0.2208709984619885
105,19.113117639354122,HOG8-ML06-H1-GPS-Spray-Specialist-Exploiter,Exploiter,1.1626691210790585
115,19.03368469649298,HOG8-ML06-H1-GPS-Spray-Specialist-Refiner,Refiner,0.41559385737044463
125,18.95629041177041,HOG8-ML06-H1-GPS-Spray-Specialist-Refiner,Refiner,0.4066174571906679
139,18.89314904181186,HOG8-ML06-H1-GPS-Spray-Specialist-Refiner,Refiner,0.3330892732016008
149,18.798150868853693,HOG8-ML06-H1-GPS-Spray-Specialist-Exploiter,Exploiter,0.5028180995551862
163,18.716033685061532,HOG8-ML06-H1-GPS-Spray-Specialist-Refiner,Refiner,0.43683649719089557
174,18.60276793629677,HOG8-ML06-H1-GPS-Spray-Specialist-Exploiter,Exploiter,0.605180299793782
184,18.594157126434894,HOG8-ML06-H1-GPS-Spray-Specialist-Polisher,Polisher,0.046287788416029416
194,18.56539756042435,HOG8-ML06-H1-GPS-Spray-Specialist-Refiner,Refiner,0.15466990955807072
204,18.53357325761223,HOG8-ML06-H1-GPS-Spray-Specialist-Refiner,Refiner,0.17141729773652598
216,18.501338742140916,HOG8-ML06-H1-GPS-Spray-Specialist-Refiner,Refiner,0.173924990196227
227,18.49024654387956,HOG8-ML06-H1-GPS-Spray-Specialist-Refiner,Refiner,0.05995348993903066
236,18.48072399091978,HOG8-ML06-H1-GPS-Spray-Specialist-Refiner,Refiner,0.051500410971706725
246,18.46548875902773,HOG8-ML06-H1-GPS-Spray-Specialist-Refiner,Refiner,0.08243850132461464
256,18.45350095296459,HOG8-ML06-H1-GPS-Spray-Specialist-Refiner,Refiner,0.06492005827508092
270,18.44268029264046,HOG8-ML06-H1-GPS-Spray-Specialist-Refiner,Refiner,0.058637438780364225
276,18.43462280113497,HOG8-ML06-H1-GPS-Spray-Specialist-Polisher,Polisher,0.04368937365739056
288,18.425146209705368,HOG8-ML06-H1-GPS-Spray-Specialist-Refiner,Refiner,0.05140648404815684
298,18.423056853485846,HOG8-ML06-H1-GPS-Spray-Specialist-Polisher,Polisher,0.011339699537475918
308,18.419649517506656,HOG8-ML06-H1-GPS-Spray-Specialist-Polisher,Polisher,0.018494954481702644
322,18.378482902012394,HOG8-ML06-H1-GPS-Spray-Specialist-Refiner,Refiner,0.22349293592766853
334,18.35729044938008,HOG8-ML06-H1-GPS-Spray-Specialist-Refiner,Refiner,0.11531121880572932
343,18.348141701939817,HOG8-ML06-H1-GPS-Spray-Specialist-Polisher,Polisher,0.049837134001292714
354,18.346657288717275,HOG8-ML06-H1-GPS-Spray-Specialist-Polisher,Polisher,0.008090264652714483
363,18.32693078877667,HOG8-ML06-H1-GPS-Spray-Specialist-Refiner,Refiner,0.10752094853123105
383,18.313851093596547,HOG8-ML06-H1-GPS-Spray-Specialist-Refiner,Refiner,0.07136871596707488
394,18.271347453278363,HOG8-ML06-H1-GPS-Spray-Specialist-Refiner,Refiner,0.23208466696032953
404,18.095685012573824,HOG8-ML06-H1-GPS-Spray-Specialist-Exploiter,Exploiter,0.9614093386036514
424,18.067686646487225,HOG8-ML06-H1-GPS-Spray-Specialist-Refiner,Refiner,0.15472399120091185
432,18.052869985136667,HOG8-ML06-H1-GPS-Spray-Specialist-Refiner,Refiner,0.08200641089510337
442,18.03100903289843,HOG8-ML06-H1-GPS-Spray-Specialist-Refiner,Refiner,0.1210940546086786
453,17.985904899929757,HOG8-ML06-H1-GPS-Spray-Specialist-Refiner,Refiner,0.25014758123840947
466,17.979988380452163,HOG8-ML06-H1-GPS-Spray-Specialist-Polisher,Polisher,0.03289531169275455
476,17.97580106960597,HOG8-ML06-H1-GPS-Spray-Specialist-Polisher,Polisher,0.023288729434018083
490,17.952780534477114,HOG8-ML06-H1-GPS-Spray-Specialist-Refiner,Refiner,0.1280640291896716
495,17.937118220344217,HOG8-ML06-H1-GPS-Spray-Specialist-Refiner,Refiner,0.08724171780977326
505,17.904511508776103,HOG8-ML06-H1-GPS-Spray-Specialist-Refiner,Refiner,0.18178344574398636
533,17.901752875210665,HOG8-ML06-H1-GPS-Spray-Specialist-Polisher,Polisher,0.01540747740638552
546,17.897577287007437,HOG8-ML06-H1-GPS-Spray-Specialist-Polisher,Polisher,0.02332502427184382
553,17.886607393858267,HOG8-ML06-H1-GPS-Spray-Specialist-Refiner,Refiner,0.06129261504647025
564,17.880813203998315,HOG8-ML06-H1-GPS-Spray-Specialist-Polisher,Polisher,0.032394012639541524
574,17.856165623547724,HOG8-ML06-H1-GPS-Spray-Specialist-Refiner,Refiner,0.13784373322058496
584,17.851788742738574,HOG8-ML06-H1-GPS-Spray-Specialist-Polisher,Polisher,0.02451187394553887
594,17.846486517338604,HOG8-ML06-H1-GPS-Spray-Specialist-Polisher,Polisher,0.029701367612957084
606,17.823862392311135,HOG8-ML06-H1-GPS-Spray-Specialist-Refiner,Refiner,0.12677075123716597
616,17.81969784952608,HOG8-ML06-H1-GPS-Spray-Specialist-Polisher,Polisher,0.023364985059870665
627,17.815805292392493,HOG8-ML06-H1-GPS-Spray-Specialist-Polisher,Polisher,0.02184412534070808
639,17.815055349191212,HOG8-ML06-H1-GPS-Spray-Specialist-Polisher,Polisher,0.0042094263434818945
646,17.80621459266232,HOG8-ML06-H1-GPS-Spray-Specialist-Polisher,Polisher,0.049625198213553365
669,17.797739792535772,HOG8-ML06-H1-GPS-Spray-Specialist-Polisher,Polisher,0.04759461974608513
680,17.79453701770813,HOG8-ML06-H1-GPS-Spray-Specialist-Polisher,Polisher,0.0179954020284373
688,17.793729070001525,HOG8-ML06-H1-GPS-Spray-Specialist-Polisher,Polisher,0.004540425557578293
699,17.783421187482727,HOG8-ML06-H1-GPS-Spray-Specialist-Refiner,Refiner,0.05792986101028493
709,17.781784190389622,HOG8-ML06-H1-GPS-Spray-Specialist-Polisher,Polisher,0.009205186537766625
724,17.78124200173294,HOG8-ML06-H1-GPS-Spray-Specialist-Polisher,Polisher,0.003049124041072305
744,17.780236817105756,HOG8-ML06-H1-GPS-Spray-Specialist-Polisher,Polisher,0.005653061957582718
754,17.777830077952743,HOG8-ML06-H1-GPS-Spray-Specialist-Polisher,Polisher,0.013536035418255552
773,17.775171748854085,HOG8-ML06-H1-GPS-Spray-Specialist-Polisher,Polisher,0.01495305718977857
783,17.76444636620909,HOG8-ML06-H1-GPS-Spray-Specialist-Refiner,Refiner,0.06033912243737952
813,17.764018715703404,HOG8-ML06-H1-GPS-Spray-Specialist-Polisher,Polisher,0.0024073393387508708
825,17.755614540394504,HOG8-ML06-H1-GPS-Spray-Specialist-Polisher,Polisher,0.0473101016352289
834,17.75214615714586,HOG8-ML06-H1-GPS-Spray-Specialist-Polisher,Polisher,0.019534008472387156
844,17.721696016479093,HOG8-ML06-H1-GPS-Spray-Specialist-Refiner,Refiner,0.17152934860503158
866,17.720468341178595,HOG8-ML06-H1-GPS-Spray-Specialist-Polisher,Polisher,0.006927527135984517
887,17.72021353592777,HOG8-ML06-H1-GPS-Spray-Specialist-Polisher,Polisher,0.0014379148785468754
897,17.719142575021625,HOG8-ML06-H1-GPS-Spray-Specialist-Polisher,Polisher,0.006043724608470211
909,17.716504958623982,HOG8-ML06-H1-GPS-Spray-Specialist-Polisher,Polisher,0.014885688663967663
920,17.716352755505767,HOG8-ML06-H1-GPS-Spray-Specialist-Polisher,Polisher,0.0008591035227939888
936,17.71351422129819,HOG8-ML06-H1-GPS-Spray-Specialist-Polisher,Polisher,0.016022113844478374
946,17.707840797764007,HOG8-ML06-H1-GPS-Spray-Specialist-Polisher,Polisher,0.03202878583721117
958,17.70466207975832,HOG8-ML06-H1-GPS-Spray-Specialist-Polisher,Polisher,0.0179509068439707
968,17.700552121359415,HOG8-ML06-H1-GPS-Spray-Specialist-Polisher,Polisher,0.023213989515255985
978,17.698999495479157,HOG8-ML06-H1-GPS-Spray-Specialist-Polisher,Polisher,0.00877162401270238
989,17.697368237370917,HOG8-ML06-H1-GPS-Spray-Specialist-Polisher,Polisher,0.009216668482627763
1003,17.696274882032327,HOG8-ML06-H1-GPS-Spray-Specialist-Polisher,Polisher,0.006178067404852175
1009,17.69623112165263,HOG8-ML06-H1-GPS-Spray-Specialist-Polisher,Polisher,0.00024728582703701854
1019,17.69565766964417,HOG8-ML06-H1-GPS-Spray-Specialist-Polisher,Polisher,0.0032405318653331273
1039,17.692072586312637,HOG8-ML06-H1-GPS-Spray-Specialist-Polisher,Polisher,0.020259678382470916
1053,17.682031469323903,HOG8-ML06-H1-GPS-Spray-Specialist-Refiner,Refiner,0.056754893694607
1064,17.681827439274876,HOG8-ML06-H1-GPS-Spray-Specialist-Polisher,Polisher,0.001153883530749494
1074,17.675232624805208,HOG8-ML06-H1-GPS-Spray-Specialist-Polisher,Polisher,0.037297131715130084
1083,17.66657107773261,HOG8-ML06-H1-GPS-Spray-Specialist-Polisher,Polisher,0.049003864653205734
1095,17.652475997000884,HOG8-ML06-H1-GPS-Spray-Specialist-Refiner,Refiner,0.07978390752629073
1104,17.65219272145071,HOG8-ML06-H1-GPS-Spray-Specialist-Polisher,Polisher,0.0016047355069192257
1113,17.641551670523548,HOG8-ML06-H1-GPS-Spray-Specialist-Refiner,Refiner,0.06028175136696613
1123,17.636124025509346,HOG8-ML06-H1-GPS-Spray-Specialist-Polisher,Polisher,0.030766256367743623
1133,17.63311535186395,HOG8-ML06-H1-GPS-Spray-Specialist-Polisher,Polisher,0.0170597215184293
1142,17.627797334988422,HOG8-ML06-H1-GPS-Spray-Specialist-Polisher,Polisher,0.030159258698239176
1152,17.627487284195304,HOG8-ML06-H1-GPS-Spray-Specialist-Polisher,Polisher,0.0017588742780844432
1163,17.62461504181095,HOG8-ML06-H1-GPS-Spray-Specialist-Polisher,Polisher,0.016294111225527926
1174,17.62420408541146,HOG8-ML06-H1-GPS-Spray-Specialist-Polisher,Polisher,0.002331718443306198
1185,17.623846999837355,HOG8-ML06-H1-GPS-Spray-Specialist-Polisher,Polisher,0.002026108937315801
1196,17.621306877152257,HOG8-ML06-H1-GPS-Spray-Specialist-Polisher,Polisher,0.014412986478609597
1203,17.62017152817186,HOG8-ML06-H1-GPS-Spray-Specialist-Polisher,Polisher,0.006443046411444725
1216,17.619781798156517,HOG8-ML06-H1-GPS-Spray-Specialist-Polisher,Polisher,0.0022118400761279573
1227,17.61765473777382,HOG8-ML06-H1-GPS-Spray-Specialist-Polisher,Polisher,0.012072001838980016
1234,17.616316293301182,HOG8-ML06-H1-GPS-Spray-Specialist-Polisher,Polisher,0.007597177334660982
1250,17.604753518744253,HOG8-ML06-H1-GPS-Spray-Specialist-Refiner,Refiner,0.06563673338066331
1256,17.60296915622888,HOG8-ML06-H1-GPS-Spray-Specialist-Polisher,Polisher,0.010135685872984263
1267,17.60232925383459,HOG8-ML06-H1-GPS-Spray-Specialist-Polisher,Polisher,0.00363519579345526
1277,17.60080707590531,HOG8-ML06-H1-GPS-Spray-Specialist-Polisher,Polisher,0.00864759377768118
1287,17.600568165926887,HOG8-ML06-H1-GPS-Spray-Specialist-Polisher,Polisher,0.0013573808143609333
1297,17.59915981589124,HOG8-ML06-H1-GPS-Spray-Specialist-Polisher,Polisher,0.00800173052579496
1317,17.58588021111794,HOG8-ML06-H1-GPS-Spray-Specialist-Refiner,Refiner,0.07545590194204321
1339,17.585552320140522,HOG8-ML06-H1-GPS-Spray-Specialist-Polisher,Polisher,0.0018645127424978428
1363,17.5635022592801,HOG8-ML06-H1-GPS-Spray-Specialist-Refiner,Refiner,0.1253873660548548
1378,17.5610715976215,HOG8-ML06-H1-GPS-Spray-Specialist-Polisher,Polisher,0.01383927660165835
1393,17.557594354982584,HOG8-ML06-H1-GPS-Spray-Specialist-Polisher,Polisher,0.01980085679615542
1412,17.554414057629693,HOG8-ML06-H1-GPS-Spray-Specialist-Polisher,Polisher,0.018113514235443298
1423,17.55171343423177,HOG8-ML06-H1-GPS-Spray-Specialist-Polisher,Polisher,0.015384298154611377
1433,17.551605248186476,HOG8-ML06-H1-GPS-Spray-Specialist-Polisher,Polisher,0.0006163845239440348
1444,17.55154334028002,HOG8-ML06-H1-GPS-Spray-Specialist-Polisher,Polisher,0.0003527193415127841
1454,17.55072868562909,HOG8-ML06-H1-GPS-Spray-Specialist-Polisher,Polisher,0.004641498671295156
1464,17.550712454076454,HOG8-ML06-H1-GPS-Spray-Specialist-Polisher,Polisher,9.248363943199015E-05
1473,17.54018919182252,HOG8-ML06-H1-GPS-Spray-Specialist-Refiner,Refiner,0.05995917420143869
1493,17.540005666685673,HOG8-ML06-H1-GPS-Spray-Specialist-Polisher,Polisher,0.0010463121853507057
1514,17.53993151661016,HOG8-ML06-H1-GPS-Spray-Specialist-Polisher,Polisher,0.00042274829849928147
1524,17.518034252068823,HOG8-ML06-H1-GPS-Spray-Specialist-Refiner,Refiner,0.12484236053373879
1533,17.517988863408313,HOG8-ML06-H1-GPS-Spray-Specialist-Polisher,Polisher,0.00025909676769076057
1542,17.516033891711338,HOG8-ML06-H1-GPS-Spray-Specialist-Polisher,Polisher,0.011159795295100637
1556,17.51510703312168,HOG8-ML06-H1-GPS-Spray-Specialist-Polisher,Polisher,0.005291486619561697
1565,17.510104818260327,HOG8-ML06-H1-GPS-Spray-Specialist-Polisher,Polisher,0.028559430735384715
1578,17.230194020585866,HOG8-ML05-H2-GPS-JADE-Specialist-Exploiter,Exploiter,1.5985672306344918
1588,14.848993163055193,HOG8-ML05-H2-GPS-JADE-Specialist-Local Explorer,Local Explorer,13.819930609520249
1602,14.73225566420467,HOG8-ML05-H2-GPS-JADE-Specialist-Exploiter,Exploiter,0.7861644056848867
1612,14.727347896216477,HOG8-ML05-H2-GPS-JADE-Specialist-Polisher,Polisher,0.033313079137757454
1622,11.697794631822356,HOG8-ML05-H2-GPS-JADE-Specialist-Local Explorer,Local Explorer,20.57093568878363
1633,11.315475364403039,HOG8-ML05-H2-GPS-JADE-Specialist-Exploiter,Exploiter,3.268302098408079
1644,11.129526439127936,HOG8-ML05-H2-GPS-JADE-Specialist-Exploiter,Exploiter,1.6433151881543822
1654,10.455036273951684,HOG8-ML05-H2-GPS-JADE-Specialist-Local Explorer,Local Explorer,6.060367158165465
1664,10.139687648854006,HOG8-ML05-H2-GPS-JADE-Specialist-Exploiter,Exploiter,3.0162365470061308
1679,10.10496198016618,HOG8-ML05-H2-GPS-JADE-Specialist-Refiner,Refiner,0.34247276533956866
1689,9.911232926528756,HOG8-ML05-H2-GPS-JADE-Specialist-Exploiter,Exploiter,1.9171675659707783
1733,9.908929251592925,HOG8-ML05-H2-GPS-JADE-Specialist-Polisher,Polisher,0.023243071300090935
1762,9.796516791852175,HOG8-ML05-H2-GPS-JADE-Specialist-Exploiter,Exploiter,1.1344561746939346
1782,9.607530791230719,HOG8-ML05-H2-GPS-JADE-Specialist-Exploiter,Exploiter,1.9291142416928981
1792,9.203008730226768,HOG8-ML05-H2-GPS-JADE-Specialist-Exploiter,Exploiter,4.210468535507356
1812,9.181650288119554,HOG8-ML05-H2-GPS-JADE-Specialist-Refiner,Refiner,0.23208108058252241
1833,9.150411154852803,HOG8-ML05-H2-GPS-JADE-Specialist-Refiner,Refiner,0.34023440543333494
1856,9.118486234653304,HOG8-ML05-H2-GPS-JADE-Specialist-Refiner,Refiner,0.3488905543065998
1866,9.11837518565433,HOG8-ML05-H2-GPS-JADE-Specialist-Polisher,Polisher,0.001217844674175854
1886,9.057985460865417,HOG8-ML05-H2-GPS-JADE-Specialist-Exploiter,Exploiter,0.662286027492284
1909,8.97274296601369,HOG8-ML05-H2-GPS-JADE-Specialist-Exploiter,Exploiter,0.941075642260774
1919,8.963490185091445,HOG8-ML05-H2-GPS-JADE-Specialist-Refiner,Refiner,0.10312098493507542
1938,8.908373691494258,HOG8-ML05-H2-GPS-JADE-Specialist-Exploiter,Exploiter,0.614899915758918
1963,8.876549001499948,HOG8-ML05-H2-GPS-JADE-Specialist-Refiner,Refiner,0.35724466772983693
1978,8.843687127463225,HOG8-ML05-H2-GPS-JADE-Specialist-Refiner,Refiner,0.3702100222864722
2017,8.836491431325303,HOG8-ML05-H2-GPS-JADE-Specialist-Refiner,Refiner,0.08136534043109991
2030,8.831395661632946,HOG8-ML05-H2-GPS-JADE-Specialist-Refiner,Refiner,0.057667341523043196
2055,8.82904656200521,HOG8-ML05-H2-GPS-JADE-Specialist-Polisher,Polisher,0.026599415514145824
2074,8.821387235610041,HOG8-ML05-H2-GPS-JADE-Specialist-Refiner,Refiner,0.08675145545307245
2095,8.768193948655847,HOG8-ML05-H2-GPS-JADE-Specialist-Exploiter,Exploiter,0.6030036493519314
2116,8.76440460660781,HOG8-ML05-H2-GPS-JADE-Specialist-Polisher,Polisher,0.04321690498894782
2133,8.756844290573055,HOG8-ML05-H2-GPS-JADE-Specialist-Refiner,Refiner,0.08626160445691296
2139,8.755612526091978,HOG8-ML05-H2-GPS-JADE-Specialist-Polisher,Polisher,0.014066305625674399
2208,8.753231456662332,HOG8-ML05-H2-GPS-JADE-Specialist-Polisher,Polisher,0.02719477846410084
2219,8.720803226254388,HOG8-ML05-H2-GPS-JADE-Specialist-Refiner,Refiner,0.3704715289261839
2244,8.711128982368335,HOG8-ML05-H2-GPS-JADE-Specialist-Refiner,Refiner,0.11093294545310145
2250,8.655697807791187,HOG8-ML05-H2-GPS-JADE-Specialist-Exploiter,Exploiter,0.6363259537235957
2264,8.647993191958404,HOG8-ML05-H2-GPS-JADE-Specialist-Refiner,Refiner,0.08901207047509657
2275,8.633478516283049,HOG8-ML05-H2-GPS-JADE-Specialist-Refiner,Refiner,0.16783865751481755
2283,8.607301248456404,HOG8-ML05-H2-GPS-JADE-Specialist-Refiner,Refiner,0.3032064975580088
2294,8.475264732740875,HOG8-ML05-H2-GPS-JADE-Specialist-Exploiter,Exploiter,1.5340059782293223
2304,8.466630433127008,HOG8-ML05-H2-GPS-JADE-Specialist-Refiner,Refiner,0.10187645915662805
2343,8.455378646908311,HOG8-ML05-H2-GPS-JADE-Specialist-Refiner,Refiner,0.13289568155322537
2384,8.45536119375475,HOG8-ML05-H2-GPS-JADE-Specialist-Polisher,Polisher,0.0002064148075378148
2403,8.455299304577416,HOG8-ML05-H2-GPS-JADE-Specialist-Polisher,Polisher,0.0007319519050312588
2415,8.455233060256354,HOG8-ML05-H2-GPS-JADE-Specialist-Polisher,Polisher,0.0007834651225846179
2440,8.438714658799865,HOG8-ML05-H2-GPS-JADE-Specialist-Refiner,Refiner,0.19536305313845662
2460,8.438511646597005,HOG8-ML05-H2-GPS-JADE-Specialist-Polisher,Polisher,0.002405724225410424
2515,8.422177884204887,HOG8-ML05-H2-GPS-JADE-Specialist-Refiner,Refiner,0.19356212417749769
2564,8.420618880213782,HOG8-ML05-H2-GPS-JADE-Specialist-Polisher,Polisher,0.01851069892537454
2583,8.420129026242948,HOG8-ML05-H2-GPS-JADE-Specialist-Polisher,Polisher,0.005817315541789826
2636,8.394780434168554,HOG8-ML05-H2-GPS-JADE-Specialist-Refiner,Refiner,0.30104754921676796
2646,8.390792701593766,HOG8-ML05-H2-GPS-JADE-Specialist-Polisher,Polisher,0.04750252381298584
2679,8.36897700777537,HOG8-ML05-H2-GPS-JADE-Specialist-Refiner,Refiner,0.25999562370610296
2690,8.354260783700443,HOG8-ML05-H2-GPS-JADE-Specialist-Refiner,Refiner,0.17584256787006394
2760,8.353797178140956,HOG8-ML05-H2-GPS-JADE-Specialist-Polisher,Polisher,0.005549330712675329
2774,8.353560821793229,HOG8-ML05-H2-GPS-JADE-Specialist-Polisher,Polisher,0.0028293283004992647
2783,8.322769928994148,HOG8-ML05-H2-GPS-JADE-Specialist-Refiner,Refiner,0.36859602097768374
2819,8.303329807152549,HOG8-ML05-H2-GPS-JADE-Specialist-Refiner,Refiner,0.23357754698799926
2880,8.292867857972233,HOG8-ML05-H2-GPS-JADE-Specialist-Refiner,Refiner,0.1259970327964566
2930,8.279220371462655,HOG8-ML05-H2-GPS-JADE-Specialist-Refiner,Refiner,0.16456896146558422
2995,8.278256761430127,HOG8-ML05-H2-GPS-JADE-Specialist-Polisher,Polisher,0.0116388982210152
3010,8.273054044294225,HOG8-ML04-H1-GPS-Sniper-Specialist-Refiner,Refiner,0.06284797978412394
3012,7.93596769599743,HOG8-ML00-H1-GPS-GradientEstimation-Escape-Specialist-Exploiter,Exploiter,4.074509201704992
3015,7.894474188560464,HOG8-ML01-H2-GPS-GradientEstimation-Escape-Specialist-Exploiter,Exploiter,0.5228537845220037
3024,7.764795338091778,HOG8-ML02-H1-GPS-GradientEstimation-Escape-Specialist-Exploiter,Exploiter,1.6426534227776413
3030,7.682662875188397,HOG8-ML02-H2-GPS-GradientEstimation-Escape-Specialist-Exploiter,Exploiter,1.0577543815026726
3030,7.646608973858168,HOG8-ML01-H2-GPS-GradientEstimation-Escape-Specialist-Refiner,Refiner,0.4692891243043758
3030,7.63465048250219,HOG8-ML00-H1-GPS-GradientEstimation-Escape-Specialist-Refiner,Refiner,0.15638947142270662
3034,7.600978177414892,HOG8-ML02-H1-GPS-GradientEstimation-Escape-Specialist-Refiner,Refiner,0.44104579724338594
3038,7.48047103773749,HOG8-ML02-H2-GPS-GradientEstimation-Escape-Specialist-Exploiter,Exploiter,1.5854162038705752
3043,7.356222704757972,HOG8-ML00-H1-GPS-GradientEstimation-Escape-Specialist-Exploiter,Exploiter,1.660969374157191
3043,7.311120079015467,HOG8-ML02-H1-GPS-GradientEstimation-Escape-Specialist-Exploiter,Exploiter,0.6131220811644639
3048,7.192578724492148,HOG8-ML02-H2-GPS-GradientEstimation-Escape-Specialist-Exploiter,Exploiter,1.621384319258531
3053,7.10227316437203,HOG8-ML00-H1-GPS-GradientEstimation-Escape-Specialist-Exploiter,Exploiter,1.2555380146568282
3058,6.984765921703641,HOG8-ML02-H2-GPS-GradientEstimation-Escape-Specialist-Exploiter,Exploiter,1.654501874946948
3063,6.865380666442749,HOG8-ML00-H1-GPS-GradientEstimation-Escape-Specialist-Exploiter,Exploiter,1.7092234242228235
3068,6.793075443085963,HOG8-ML02-H1-GPS-GradientEstimation-Escape-Specialist-Exploiter,Exploiter,1.0531859319936432
3072,6.705980942742739,HOG8-ML01-H2-GPS-GradientEstimation-Escape-Specialist-Exploiter,Exploiter,1.28210706730585
3072,6.627380188358981,HOG8-ML00-H1-GPS-GradientEstimation-Escape-Specialist-Exploiter,Exploiter,1.172099280550748
3079,6.544212935433365,HOG8-ML02-H1-GPS-GradientEstimation-Escape-Specialist-Exploiter,Exploiter,1.2549039071532309
3082,6.517362600820438,HOG8-ML00-H1-GPS-GradientEstimation-Escape-Specialist-Refiner,Refiner,0.4102912737992857
3082,6.447163275501599,HOG8-ML01-H2-GPS-GradientEstimation-Escape-Specialist-Exploiter,Exploiter,1.0771124704646946
3085,6.386227493521767,HOG8-ML00-H1-GPS-GradientEstimation-Escape-Specialist-Exploiter,Exploiter,0.9451564878367508
3089,6.311963458743746,HOG8-ML02-H1-GPS-GradientEstimation-Escape-Specialist-Exploiter,Exploiter,1.1628780035373878
3094,6.2736115793769205,HOG8-ML02-H2-GPS-GradientEstimation-Escape-Specialist-Exploiter,Exploiter,0.6076061691025416
3094,6.2313465875913465,HOG8-ML01-H1-GPS-GradientEstimation-Escape-Specialist-Exploiter,Exploiter,0.6736947490423311
3103,6.118451408860696,HOG8-ML02-H2-GPS-GradientEstimation-Escape-Specialist-Exploiter,Exploiter,1.8117300513417436
3109,6.077572691141768,HOG8-ML00-H1-GPS-GradientEstimation-Escape-Specialist-Exploiter,Exploiter,0.6681219639944804
3112,6.033028242491727,HOG8-ML01-H1-GPS-GradientEstimation-Escape-Specialist-Exploiter,Exploiter,0.7329315651784074
3123,5.860576289313448,HOG8-ML00-H1-GPS-GradientEstimation-Escape-Specialist-Exploiter,Exploiter,2.8584642114497045
3135,5.6530541591853565,HOG8-ML01-H1-GPS-GradientEstimation-Escape-Specialist-Exploiter,Exploiter,3.540985047946575
3149,5.464730079487803,HOG8-ML01-H1-GPS-GradientEstimation-Escape-Specialist-Exploiter,Exploiter,3.3313687503162352
3149,5.429150600458887,HOG8-ML00-H2-GPS-GradientEstimation-Escape-Specialist-Exploiter,Exploiter,0.6510747742595023
3160,5.235660522106776,HOG8-ML01-H1-GPS-GradientEstimation-Escape-Specialist-Exploiter,Exploiter,3.5639106849560753
3160,5.205157916015429,HOG8-ML00-H2-GPS-GradientEstimation-Escape-Specialist-Exploiter,Exploiter,0.5825932747655153
3169,5.194270250515161,HOG8-ML02-H1-GPS-GradientEstimation-Escape-Specialist-Refiner,Refiner,0.2091707048266118
3169,4.974224222310423,HOG8-ML01-H1-GPS-GradientEstimation-Escape-Specialist-Exploiter,Exploiter,4.236322285751577
3179,4.930870679167832,HOG8-ML00-H1-GPS-GradientEstimation-Escape-Specialist-Exploiter,Exploiter,0.8715639103710183
3184,4.763047392705019,HOG8-ML01-H1-GPS-GradientEstimation-Escape-Specialist-Exploiter,Exploiter,3.403522367192479
3189,4.719308885358137,HOG8-ML00-H1-GPS-GradientEstimation-Escape-Specialist-Exploiter,Exploiter,0.9182883087384575
3193,4.530026853779528,HOG8-ML01-H1-GPS-GradientEstimation-Escape-Specialist-Exploiter,Exploiter,4.010799805155038
3199,4.461758097523684,HOG8-ML00-H1-GPS-GradientEstimation-Escape-Specialist-Exploiter,Exploiter,1.5070276282995068
3203,4.308739365894135,HOG8-ML01-H1-GPS-GradientEstimation-Escape-Specialist-Exploiter,Exploiter,3.429561358659853
3206,4.268287138020286,HOG8-ML00-H2-GPS-GradientEstimation-Escape-Specialist-Exploiter,Exploiter,0.9388413742090972
3212,4.228055825446624,HOG8-ML00-H1-GPS-GradientEstimation-Escape-Specialist-Exploiter,Exploiter,0.9425634047741592
3214,4.096340576067701,HOG8-ML01-H1-GPS-GradientEstimation-Escape-Specialist-Exploiter,Exploiter,3.115267508678412
3224,3.8653316531364332,HOG8-ML01-H1-GPS-GradientEstimation-Escape-Specialist-Local Explorer,Local Explorer,5.639397375328238
3232,3.824939739412175,HOG8-ML00-H1-GPS-GradientEstimation-Escape-Specialist-Exploiter,Exploiter,1.0449792501371267
3240,3.638150676575031,HOG8-ML01-H1-GPS-GradientEstimation-Escape-Specialist-Exploiter,Exploiter,4.883451127673195
3243,3.608815297841643,HOG8-ML00-H1-GPS-GradientEstimation-Escape-Specialist-Exploiter,Exploiter,0.806326657174209
3250,3.4605833600215234,HOG8-ML00-H2-GPS-GradientEstimation-Escape-Specialist-Exploiter,Exploiter,4.107495828583241
3250,3.4205919988952806,HOG8-ML01-H1-GPS-GradientEstimation-Escape-Specialist-Exploiter,Exploiter,1.1556248460373475
3252,3.393592366993557,HOG8-ML00-H1-GPS-GradientEstimation-Escape-Specialist-Exploiter,Exploiter,0.7893262894388945
3257,3.2052772589025285,HOG8-ML01-H1-GPS-GradientEstimation-Escape-Specialist-Local Explorer,Local Explorer,5.549137542935365
3270,3.10167814182103,HOG8-ML00-H2-GPS-GradientEstimation-Escape-Specialist-Exploiter,Exploiter,3.2321421428912553
3270,3.020298962829132,HOG8-ML01-H1-GPS-GradientEstimation-Escape-Specialist-Exploiter,Exploiter,2.6237144948933886
3275,2.9877306390212954,HOG8-ML00-H1-GPS-GradientEstimation-Escape-Specialist-Exploiter,Exploiter,1.0783145711287312
3280,2.8070773931880977,HOG8-ML01-H1-GPS-GradientEstimation-Escape-Specialist-Local Explorer,Local Explorer,6.0465037735923595
3294,2.7038673008409484,HOG8-ML00-H2-GPS-GradientEstimation-Escape-Specialist-Exploiter,Exploiter,3.676781146027823
3294,2.5881216274548358,HOG8-ML01-H1-GPS-GradientEstimation-Escape-Specialist-Exploiter,Exploiter,4.280745336507962
3303,2.3683380554030813,HOG8-ML01-H1-GPS-GradientEstimation-Escape-Specialist-Local Explorer,Local Explorer,8.492010951892167
3314,2.2809694612316456,HOG8-ML00-H2-GPS-GradientEstimation-Escape-Specialist-Exploiter,Exploiter,3.689025473880921
3314,2.160514694195485,HOG8-ML01-H1-GPS-GradientEstimation-Escape-Specialist-Local Explorer,Local Explorer,5.280858384273105
3322,2.134749885730063,HOG8-ML00-H2-GPS-GradientEstimation-Escape-Specialist-Exploiter,Exploiter,1.1925310452478257
3327,1.9800178764148102,HOG8-ML01-H1-GPS-GradientEstimation-Escape-Specialist-Local Explorer,Local Explorer,7.248250033859863
3335,1.8432406405230393,HOG8-ML01-H1-GPS-GradientEstimation-Escape-Specialist-Local Explorer,Local Explorer,6.9078788389239945
3349,1.6466788069707703,HOG8-ML01-H1-GPS-GradientEstimation-Escape-Specialist-Local Explorer,Local Explorer,10.663926848775017
3360,1.5213040412367858,HOG8-ML01-H1-GPS-GradientEstimation-Escape-Specialist-Local Explorer,Local Explorer,7.6137960361938415
3375,1.4310895788513531,HOG8-ML01-H1-GPS-GradientEstimation-Escape-Specialist-Local Explorer,Local Explorer,5.930074458494852
3383,1.2873696718582046,HOG8-ML01-H1-GPS-GradientEstimation-Escape-Specialist-Local Explorer,Local Explorer,10.042691185586271
3397,1.2421616504160329,HOG8-ML01-H2-GPS-GradientEstimation-Escape-Specialist-Exploiter,Exploiter,3.5116581064798535
3399,1.1375712352722966,HOG8-ML01-H1-GPS-GradientEstimation-Escape-Specialist-Local Explorer,Local Explorer,8.420032538333972
3404,1.1155155622540793,HOG8-ML01-H2-GPS-GradientEstimation-Escape-Specialist-Exploiter,Exploiter,1.9388388466888336
3410,0.9767884785739805,HOG8-ML01-H1-GPS-GradientEstimation-Escape-Specialist-Local Explorer,Local Explorer,12.436140594917234
3419,0.9687773898657257,HOG8-ML01-H2-GPS-GradientEstimation-Escape-Specialist-Exploiter,Exploiter,0.8201457003209416
3424,0.8646666272789273,HOG8-ML01-H1-GPS-GradientEstimation-Escape-Specialist-Local Explorer,Local Explorer,10.746613584905026
3429,0.8491572733268188,HOG8-ML01-H2-GPS-GradientEstimation-Escape-Specialist-Exploiter,Exploiter,1.7936801841093193
3433,0.7519570817135653,HOG8-ML01-H1-GPS-GradientEstimation-Escape-Specialist-Local Explorer,Local Explorer,11.44666537830426
3444,0.6713590914696028,HOG8-ML01-H1-GPS-GradientEstimation-Escape-Specialist-Local Explorer,Local Explorer,10.718429575833667
3455,0.6036735924546365,HOG8-ML01-H1-GPS-GradientEstimation-Escape-Specialist-Local Explorer,Local Explorer,10.081862281302099
3463,0.5491315784869798,HOG8-ML01-H1-GPS-GradientEstimation-Escape-Specialist-Local Explorer,Local Explorer,9.035017375181155
3474,0.4882139955953362,HOG8-ML01-H1-GPS-GradientEstimation-Escape-Specialist-Local Explorer,Local Explorer,11.093440129502225
3489,0.44375733844724663,HOG8-ML01-H1-GPS-GradientEstimation-Escape-Specialist-Local Explorer,Local Explorer,9.105977614156343
3499,0.3987528651070317,HOG8-ML01-H1-GPS-GradientEstimation-Escape-Specialist-Local Explorer,Local Explorer,10.141685430530641
3508,0.3701314060466244,HOG8-ML01-H1-GPS-GradientEstimation-Escape-Specialist-Local Explorer,Local Explorer,7.1777438019723805
3533,0.36099484857080044,HOG8-ML01-H2-GPS-GradientEstimation-Escape-Specialist-Exploiter,Exploiter,2.468463179985617
3535,0.3353392531488382,HOG8-ML01-H1-GPS-GradientEstimation-Escape-Specialist-Local Explorer,Local Explorer,7.10691455114504
3544,0.3323691014595727,HOG8-ML00-H1-GPS-GradientEstimation-Escape-Specialist-Exploiter,Exploiter,0.8857154840585354
3551,0.3222695983022942,HOG8-ML01-H1-GPS-GradientEstimation-Escape-Specialist-Exploiter,Exploiter,3.038640810149728
3558,0.3182200433227422,HOG8-ML01-H2-GPS-GradientEstimation-Escape-Specialist-Exploiter,Exploiter,1.2565736888881018
3563,0.3054478446934271,HOG8-ML01-H1-GPS-GradientEstimation-Escape-Specialist-Exploiter,Exploiter,4.013637386241368
3563,0.3010512679584984,HOG8-ML00-H1-GPS-GradientEstimation-Escape-Specialist-Exploiter,Exploiter,1.4393870545531218
3574,0.2939689465708868,HOG8-ML01-H1-GPS-GradientEstimation-Escape-Specialist-Exploiter,Exploiter,2.352529997843407
3579,0.2819593446695372,HOG8-ML02-H1-GPS-GradientEstimation-Escape-Specialist-Exploiter,Exploiter,4.0853301144356164
3584,0.26915429852966316,HOG8-ML01-H1-GPS-GradientEstimation-Escape-Specialist-Exploiter,Exploiter,4.5414512347096885
3588,0.2584500405287322,HOG8-ML00-H1-GPS-GradientEstimation-Escape-Specialist-Exploiter,Exploiter,3.976996859944721
3594,0.25216417517391415,HOG8-ML01-H1-GPS-GradientEstimation-Escape-Specialist-Exploiter,Exploiter,2.432139434746677
3600,0.24750385571966182,HOG8-ML00-H1-GPS-GradientEstimation-Escape-Specialist-Exploiter,Exploiter,1.8481290813963436
3610,0.23508479294421547,HOG8-ML01-H1-GPS-GradientEstimation-Escape-Specialist-Local Explorer,Local Explorer,5.017724972136577
3610,0.23290988345438307,HOG8-ML00-H1-GPS-GradientEstimation-Escape-Specialist-Exploiter,Exploiter,0.925159582886544
3615,0.22984204381099224,HOG8-ML02-H1-GPS-GradientEstimation-Escape-Specialist-Exploiter,Exploiter,1.3171788152097401
3616,0.21673443443591162,HOG8-ML01-H1-GPS-GradientEstimation-Escape-Specialist-Local Explorer,Local Explorer,5.702877140206561
3619,0.21454610023924314,HOG8-ML00-H1-GPS-GradientEstimation-Escape-Specialist-Exploiter,Exploiter,1.0096845950501527
3633,0.20550019981796663,HOG8-ML01-H1-GPS-GradientEstimation-Escape-Specialist-Exploiter,Exploiter,4.216296829068115
3634,0.20297938262652457,HOG8-ML02-H1-GPS-GradientEstimation-Escape-Specialist-Exploiter,Exploiter,1.226673839575349
3643,0.20092342928599705,HOG8-ML00-H1-GPS-GradientEstimation-Escape-Specialist-Exploiter,Exploiter,1.012887769153584
3643,0.19059585714347002,HOG8-ML01-H1-GPS-GradientEstimation-Escape-Specialist-Local Explorer,Local Explorer,5.140053690715493
3652,0.17921102485972817,HOG8-ML01-H1-GPS-GradientEstimation-Escape-Specialist-Local Explorer,Local Explorer,5.9732842331257885
3654,0.17830769873064642,HOG8-ML00-H1-GPS-GradientEstimation-Escape-Specialist-Exploiter,Exploiter,0.5040572307361143
3663,0.16624096589580803,HOG8-ML01-H1-GPS-GradientEstimation-Escape-Specialist-Local Explorer,Local Explorer,6.767365021667701
3680,0.15967190544034293,HOG8-ML02-H1-GPS-GradientEstimation-Escape-Specialist-Exploiter,Exploiter,3.951529287662028
3680,0.15635970009204617,HOG8-ML00-H1-GPS-GradientEstimation-Escape-Specialist-Exploiter,Exploiter,2.0743820518471114
3692,0.14746033645392073,HOG8-ML01-H1-GPS-GradientEstimation-Escape-Specialist-Local Explorer,Local Explorer,5.691596768787954
3692,0.14619574920867648,HOG8-ML00-H1-GPS-GradientEstimation-Escape-Specialist-Exploiter,Exploiter,0.8575778922350544
3700,0.14087015148954168,HOG8-ML00-H1-GPS-GradientEstimation-Escape-Specialist-Exploiter,Exploiter,3.642785613098202
3713,0.1321565104053112,HOG8-ML00-H1-GPS-GradientEstimation-Escape-Specialist-Local Explorer,Local Explorer,6.185583668430559
3723,0.12702193054568894,HOG8-ML01-H1-GPS-GradientEstimation-Escape-Specialist-Exploiter,Exploiter,3.8852265725502315
3724,0.12612123951762522,HOG8-ML00-H1-GPS-GradientEstimation-Escape-Specialist-Exploiter,Exploiter,0.709083088403978
3734,0.12170431981467358,HOG8-ML01-H1-GPS-GradientEstimation-Escape-Specialist-Exploiter,Exploiter,3.502122021512781
3734,0.11952712504639613,HOG8-ML00-H1-GPS-GradientEstimation-Escape-Specialist-Exploiter,Exploiter,1.7889215202819366
3743,0.11446626890270924,HOG8-ML00-H1-GPS-GradientEstimation-Escape-Specialist-Exploiter,Exploiter,4.2340649804154955
3754,0.1095305555226667,HOG8-ML01-H1-GPS-GradientEstimation-Escape-Specialist-Exploiter,Exploiter,4.311936981398118
3754,0.10885437043786884,HOG8-ML00-H1-GPS-GradientEstimation-Escape-Specialist-Exploiter,Exploiter,0.6173483568773889
3764,0.10486806279379798,HOG8-ML01-H1-GPS-GradientEstimation-Escape-Specialist-Exploiter,Exploiter,3.6620556694562283
3764,0.10417816583734042,HOG8-ML00-H1-GPS-GradientEstimation-Escape-Specialist-Exploiter,Exploiter,0.6578713652926967
3774,0.10317960346553703,HOG8-ML02-H1-GPS-GradientEstimation-Escape-Specialist-Exploiter,Exploiter,0.95851406460976
3774,0.09980732970743181,HOG8-ML00-H1-GPS-GradientEstimation-Escape-Specialist-Exploiter,Exploiter,3.26835308998992
3790,0.09751506776221384,HOG8-ML01-H1-GPS-GradientEstimation-Escape-Specialist-Exploiter,Exploiter,2.2966869787392756
3790,0.09598489444586689,HOG8-ML00-H1-GPS-GradientEstimation-Escape-Specialist-Exploiter,Exploiter,1.5691660288625526
3801,0.09426749617880936,HOG8-ML01-H1-GPS-GradientEstimation-Escape-Specialist-Exploiter,Exploiter,1.7892380639394194
3804,0.09279859765749492,HOG8-ML00-H1-GPS-GradientEstimation-Escape-Specialist-Exploiter,Exploiter,1.5582237577713915
3812,0.09213992252619427,HOG8-ML01-H1-GPS-GradientEstimation-Escape-Specialist-Exploiter,Exploiter,0.7097899622704591
3813,0.09132802884439165,HOG8-ML00-H1-GPS-GradientEstimation-Escape-Specialist-Exploiter,Exploiter,0.8811529894349659
3824,0.09001559074182727,HOG8-ML01-H1-GPS-GradientEstimation-Escape-Specialist-Exploiter,Exploiter,1.4370594867437219
3832,0.08594326057097301,HOG8-ML01-H1-GPS-GradientEstimation-Escape-Specialist-Exploiter,Exploiter,4.5240276015452325
3844,0.08518109793758794,HOG8-ML00-H1-GPS-GradientEstimation-Escape-Specialist-Exploiter,Exploiter,0.8868207097584737
3844,0.08449270266978469,HOG8-ML02-H1-GPS-GradientEstimation-Escape-Specialist-Exploiter,Exploiter,0.8081549598100184
3844,0.0819283844556284,HOG8-ML01-H1-GPS-GradientEstimation-Escape-Specialist-Exploiter,Exploiter,3.0349582071935637
3849,0.08174323049443202,HOG8-ML00-H1-GPS-GradientEstimation-Escape-Specialist-Refiner,Refiner,0.22599488861721348
3860,0.0800344354702539,HOG8-ML02-H1-GPS-GradientEstimation-Escape-Specialist-Exploiter,Exploiter,2.090442246828638
3860,0.07819724931606337,HOG8-ML00-H1-GPS-GradientEstimation-Escape-Specialist-Exploiter,Exploiter,2.295494612282684
3869,0.07661158027448153,HOG8-ML02-H1-GPS-GradientEstimation-Escape-Specialist-Exploiter,Exploiter,2.0277810990163605
3869,0.07476145365443711,HOG8-ML01-H1-GPS-GradientEstimation-Escape-Specialist-Exploiter,Exploiter,2.4149438158250374
3870,0.07415979261246629,HOG8-ML00-H1-GPS-GradientEstimation-Escape-Specialist-Exploiter,Exploiter,0.8047744025307757
3879,0.07315762367271934,HOG8-ML02-H1-GPS-GradientEstimation-Escape-Specialist-Exploiter,Exploiter,1.3513642695630728
3879,0.07162852638980642,HOG8-ML01-H1-GPS-GradientEstimation-Escape-Specialist-Exploiter,Exploiter,2.0901407210184253
3883,0.07106770991698541,HOG8-ML00-H1-GPS-GradientEstimation-Escape-Specialist-Exploiter,Exploiter,0.782951292015999
3890,0.07003494004807448,HOG8-ML02-H1-GPS-GradientEstimation-Escape-Specialist-Exploiter,Exploiter,1.453219570628231
3892,0.06865970055391807,HOG8-ML00-H1-GPS-GradientEstimation-Escape-Specialist-Exploiter,Exploiter,1.9636477067195277
3903,0.06535013852702315,HOG8-ML00-H1-GPS-GradientEstimation-Escape-Specialist-Exploiter,Exploiter,4.820239529439746
3913,0.06298160789301771,HOG8-ML00-H1-GPS-GradientEstimation-Escape-Specialist-Exploiter,Exploiter,3.62436972191883
3913,0.06256338801555067,HOG8-ML01-H1-GPS-GradientEstimation-Escape-Specialist-Exploiter,Exploiter,0.6640349325114733
3922,0.0617948466407231,HOG8-ML00-H2-GPS-GradientEstimation-Escape-Specialist-Exploiter,Exploiter,1.2284203256967825
3923,0.060517803634458245,HOG8-ML00-H1-GPS-GradientEstimation-Escape-Specialist-Exploiter,Exploiter,2.0665849592436367
3929,0.06003799271543337,HOG8-ML01-H1-GPS-GradientEstimation-Escape-Specialist-Exploiter,Exploiter,0.792842585502681
3933,0.05941198282315231,HOG8-ML00-H2-GPS-GradientEstimation-Escape-Specialist-Exploiter,Exploiter,1.042689576995362
3936,0.058027109232572566,HOG8-ML00-H1-GPS-GradientEstimation-Escape-Specialist-Exploiter,Exploiter,2.3309667928471725
3940,0.057274446671172076,HOG8-ML01-H1-GPS-GradientEstimation-Escape-Specialist-Exploiter,Exploiter,1.2970878118084763
3947,0.05581955200191646,HOG8-ML00-H1-GPS-GradientEstimation-Escape-Specialist-Exploiter,Exploiter,2.54021601921107
3949,0.054617805895805734,HOG8-ML01-H1-GPS-GradientEstimation-Escape-Specialist-Exploiter,Exploiter,2.1529124885657773
3960,0.054301679301439365,HOG8-ML02-H1-GPS-GradientEstimation-Escape-Specialist-Exploiter,Exploiter,0.578797681784293
3960,0.052580658636855626,HOG8-ML01-H1-GPS-GradientEstimation-Escape-Specialist-Exploiter,Exploiter,3.169369136873305
3970,0.052291889360542715,HOG8-ML02-H1-GPS-GradientEstimation-Escape-Specialist-Exploiter,Exploiter,0.5491929614409637
3970,0.05138664251109237,HOG8-ML00-H1-GPS-GradientEstimation-Escape-Specialist-Exploiter,Exploiter,1.731141981137525
3973,0.05025136006556449,HOG8-ML01-H1-GPS-GradientEstimation-Escape-Specialist-Exploiter,Exploiter,2.209294847941888
3984,0.04899723500893663,HOG8-ML00-H1-GPS-GradientEstimation-Escape-Specialist-Exploiter,Exploiter,2.495703708300767
3993,0.048080766605448466,HOG8-ML00-H1-GPS-GradientEstimation-Escape-Specialist-Exploiter,Exploiter,1.8704492270247657
4001,0.04745301790658417,HOG8-ML01-H1-GPS-GradientEstimation-Escape-Specialist-Exploiter,Exploiter,1.3056129158996423
4008,0.046914371356885906,HOG8-ML01-H1-GPS-GradientEstimation-Escape-Specialist-Exploiter,Exploiter,1.135115475181453
4015,0.04671324113429433,HOG8-ML00-H1-GPS-GradientEstimation-Escape-Specialist-Refiner,Refiner,0.42871771863155694
4020,0.04638071961505277,HOG8-ML01-H1-GPS-GradientEstimation-Escape-Specialist-Exploiter,Exploiter,0.7118356833463982
4029,0.04577723295326155,HOG8-ML00-H1-GPS-GradientEstimation-Escape-Specialist-Exploiter,Exploiter,1.3011584701574268
4039,0.04521672759025748,HOG8-ML02-H1-GPS-GradientEstimation-Escape-Specialist-Exploiter,Exploiter,1.2244194916200852
4039,0.04479247190295225,HOG8-ML00-H2-GPS-GradientEstimation-Escape-Specialist-Exploiter,Exploiter,0.9382715422259864
4044,0.044465734995014494,HOG8-ML00-H1-GPS-GradientEstimation-Escape-Specialist-Exploiter,Exploiter,0.7294460297830064
4048,0.04360930877093373,HOG8-ML02-H1-GPS-GradientEstimation-Escape-Specialist-Exploiter,Exploiter,1.926036360754599
4048,0.042926457546741854,HOG8-ML00-H2-GPS-GradientEstimation-Escape-Specialist-Exploiter,Exploiter,1.5658382199513543
4053,0.04281944621492943,HOG8-ML00-H1-GPS-GradientEstimation-Escape-Specialist-Refiner,Refiner,0.24928992031522557
4059,0.04209328213254371,HOG8-ML02-H1-GPS-GradientEstimation-Escape-Specialist-Exploiter,Exploiter,1.695874530326224
4059,0.04132662237140772,HOG8-ML00-H2-GPS-GradientEstimation-Escape-Specialist-Exploiter,Exploiter,1.8213351924469212
4068,0.040927178786316507,HOG8-ML01-H1-GPS-GradientEstimation-Escape-Specialist-Exploiter,Exploiter,0.9665527017944017
4068,0.03995561963921509,HOG8-ML00-H2-GPS-GradientEstimation-Escape-Specialist-Exploiter,Exploiter,2.3738727562287947
4080,0.03880349647171871,HOG8-ML00-H2-GPS-GradientEstimation-Escape-Specialist-Exploiter,Exploiter,2.88350719598303
4085,0.03855516243986734,HOG8-ML00-H1-GPS-GradientEstimation-Escape-Specialist-Exploiter,Exploiter,0.6399784927432138
4090,0.03754030492933462,HOG8-ML00-H2-GPS-GradientEstimation-Escape-Specialist-Exploiter,Exploiter,2.6322221106331645
4094,0.037308892797933965,HOG8-ML00-H1-GPS-GradientEstimation-Escape-Specialist-Exploiter,Exploiter,0.6164364723095929
4103,0.036853828407338765,HOG8-ML01-H1-GPS-GradientEstimation-Escape-Specialist-Exploiter,Exploiter,1.2197209739239432
4103,0.036114905449062984,HOG8-ML00-H1-GPS-GradientEstimation-Escape-Specialist-Exploiter,Exploiter,2.005010036158518
4110,0.03588517406595335,HOG8-ML00-H1-GPS-GradientEstimation-Escape-Specialist-Exploiter,Exploiter,0.6361123759098521
4112,0.03567937187555342,HOG8-ML01-H1-GPS-GradientEstimation-Escape-Specialist-Exploiter,Exploiter,0.5735019984066013
4112,0.03492403549079301,HOG8-ML00-H2-GPS-GradientEstimation-Escape-Specialist-Exploiter,Exploiter,2.117011441218645
4113,0.03486861974751418,HOG8-ML00-H1-GPS-GradientEstimation-Escape-Specialist-Refiner,Refiner,0.15867508579711437
4120,0.034783639788545435,HOG8-ML02-H1-GPS-GradientEstimation-Escape-Specialist-Refiner,Refiner,0.24371471995189004
4120,0.0345578757860776,HOG8-ML00-H1-GPS-GradientEstimation-Escape-Specialist-Exploiter,Exploiter,0.6490522666411147
4125,0.03434116190911378,HOG8-ML01-H1-GPS-GradientEstimation-Escape-Specialist-Exploiter,Exploiter,0.6271041608730166
4125,0.03361415519074327,HOG8-ML00-H2-GPS-GradientEstimation-Escape-Specialist-Exploiter,Exploiter,2.1170125818531824
4139,0.0330893373958156,HOG8-ML00-H1-GPS-GradientEstimation-Escape-Specialist-Exploiter,Exploiter,1.561299970056051
4150,0.032519590885875554,HOG8-ML01-H1-GPS-GradientEstimation-Escape-Specialist-Exploiter,Exploiter,1.7218432122853369
4150,0.03189441767197014,HOG8-ML00-H1-GPS-GradientEstimation-Escape-Specialist-Exploiter,Exploiter,1.9224510422022236
4164,0.031387526318257176,HOG8-ML00-H2-GPS-GradientEstimation-Escape-Specialist-Exploiter,Exploiter,1.5892792241146223
4170,0.030947693304428023,HOG8-ML00-H1-GPS-GradientEstimation-Escape-Specialist-Exploiter,Exploiter,1.4012987496033291
4179,0.030758803898794,HOG8-ML00-H2-GPS-GradientEstimation-Escape-Specialist-Exploiter,Exploiter,0.6103505155487551
4179,0.030259717896098593,HOG8-ML00-H1-GPS-GradientEstimation-Escape-Specialist-Exploiter,Exploiter,1.6225793575639462
4188,0.02985537942916755,HOG8-ML00-H2-GPS-GradientEstimation-Escape-Specialist-Exploiter,Exploiter,1.3362268224687406
4189,0.029369346268477294,HOG8-ML00-H1-GPS-GradientEstimation-Escape-Specialist-Exploiter,Exploiter,1.6279584114594132
4199,0.02893274543559753,HOG8-ML00-H2-GPS-GradientEstimation-Escape-Specialist-Exploiter,Exploiter,1.4865868272606952
4199,0.028658573308735863,HOG8-ML00-H1-GPS-GradientEstimation-Escape-Specialist-Exploiter,Exploiter,0.9476187715125637
4210,0.02849594712309724,HOG8-ML01-H1-GPS-GradientEstimation-Escape-Specialist-Exploiter,Exploiter,0.567460856779807
4214,0.02769660148676764,HOG8-ML00-H1-GPS-GradientEstimation-Escape-Specialist-Exploiter,Exploiter,2.8051204365188287
4224,0.026868772243501864,HOG8-ML00-H1-GPS-GradientEstimation-Escape-Specialist-Exploiter,Exploiter,2.9889199353981475
4233,0.02620519871818883,HOG8-ML00-H2-GPS-GradientEstimation-Escape-Specialist-Exploiter,Exploiter,2.4696830926970126
4233,0.026097022840091022,HOG8-ML00-H1-GPS-GradientEstimation-Escape-Specialist-Refiner,Refiner,0.4128031207133119
4242,0.02548447369209246,HOG8-ML00-H2-GPS-GradientEstimation-Escape-Specialist-Exploiter,Exploiter,2.3471993405222666
4248,0.025244898962199988,HOG8-ML00-H1-GPS-GradientEstimation-Escape-Specialist-Exploiter,Exploiter,0.9400811364089873
4254,0.024794053122014364,HOG8-ML00-H2-GPS-GradientEstimation-Escape-Specialist-Exploiter,Exploiter,1.7858888675319733
4260,0.02455728591190192,HOG8-ML00-H1-GPS-GradientEstimation-Escape-Specialist-Exploiter,Exploiter,0.9549354796784746
4268,0.02431082199106932,HOG8-ML01-H1-GPS-GradientEstimation-Escape-Specialist-Exploiter,Exploiter,1.003628502419923
4269,0.024210742473719044,HOG8-ML00-H2-GPS-GradientEstimation-Escape-Specialist-Refiner,Refiner,0.41166653018578014
4269,0.024007822653012455,HOG8-ML00-H1-GPS-GradientEstimation-Escape-Specialist-Exploiter,Exploiter,0.8381396023969935
4281,0.023553838261892404,HOG8-ML00-H1-GPS-GradientEstimation-Escape-Specialist-Exploiter,Exploiter,1.8909852745979254
4289,0.02345348551587196,HOG8-ML01-H1-GPS-GradientEstimation-Escape-Specialist-Refiner,Refiner,0.42605686981728513
4289,0.023253492816723637,HOG8-ML00-H1-GPS-GradientEstimation-Escape-Specialist-Exploiter,Exploiter,0.8527205860850774
4301,0.02313654556655158,HOG8-ML00-H1-GPS-GradientEstimation-Escape-Specialist-Exploiter,Exploiter,0.5029233719587657
4308,0.02254421560359863,HOG8-ML00-H1-GPS-GradientEstimation-Escape-Specialist-Exploiter,Exploiter,2.5601486671773586
4319,0.022426404491562316,HOG8-ML01-H1-GPS-GradientEstimation-Escape-Specialist-Exploiter,Exploiter,0.5225780045215125
4320,0.02232084709109263,HOG8-ML00-H1-GPS-GradientEstimation-Escape-Specialist-Refiner,Refiner,0.4706835663710568
4324,0.022134726941165868,HOG8-ML00-H2-GPS-GradientEstimation-Escape-Specialist-Exploiter,Exploiter,0.8338399934697667
4329,0.021761110511687314,HOG8-ML01-H1-GPS-GradientEstimation-Escape-Specialist-Exploiter,Exploiter,1.687919758267751
4340,0.021117307438442895,HOG8-ML00-H1-GPS-GradientEstimation-Escape-Specialist-Exploiter,Exploiter,2.958502843403372
4349,0.020923596526511185,HOG8-ML00-H2-GPS-GradientEstimation-Escape-Specialist-Exploiter,Exploiter,0.9173087643696013
4349,0.020645637706905768,HOG8-ML01-H1-GPS-GradientEstimation-Escape-Specialist-Exploiter,Exploiter,1.32844666189787
4354,0.02060506481209783,HOG8-ML00-H1-GPS-GradientEstimation-Escape-Specialist-Refiner,Refiner,0.1965204242364838
4362,0.020149196587955314,HOG8-ML01-H1-GPS-GradientEstimation-Escape-Specialist-Exploiter,Exploiter,2.2124085912841283
4363,0.019979433436789366,HOG8-ML00-H1-GPS-GradientEstimation-Escape-Specialist-Exploiter,Exploiter,0.8425306211336876
4369,0.019644403767795894,HOG8-ML01-H1-GPS-GradientEstimation-Escape-Specialist-Exploiter,Exploiter,1.6768727204073839
4374,0.01962709987796261,HOG8-ML00-H1-GPS-GradientEstimation-Escape-Specialist-Refiner,Refiner,0.08808559444115269
4374,0.019392652784663657,HOG8-ML00-H1-GPS-GradientEstimation-Escape-Specialist-Exploiter,Exploiter,1.194507057877625
4381,0.01924653577425745,HOG8-ML01-H1-GPS-GradientEstimation-Escape-Specialist-Exploiter,Exploiter,0.7534658204253645
4384,0.019161962790211276,HOG8-ML00-H1-GPS-GradientEstimation-Escape-Specialist-Refiner,Refiner,0.43941925465511655
4390,0.018927528955778507,HOG8-ML00-H1-GPS-GradientEstimation-Escape-Specialist-Exploiter,Exploiter,1.2234333037768295
4390,0.01871643929297891,HOG8-ML01-H1-GPS-GradientEstimation-Escape-Specialist-Exploiter,Exploiter,1.1152520928261618
4400,0.01849027511710723,HOG8-ML00-H1-GPS-GradientEstimation-Escape-Specialist-Exploiter,Exploiter,1.208371807967342
4403,0.01841886765921493,HOG8-ML01-H1-GPS-GradientEstimation-Escape-Specialist-Refiner,Refiner,0.38618926673640025
4410,0.018127964432619683,HOG8-ML00-H1-GPS-GradientEstimation-Escape-Specialist-Exploiter,Exploiter,1.5793762785939216
4423,0.01798252056234221,HOG8-ML01-H1-GPS-GradientEstimation-Escape-Specialist-Exploiter,Exploiter,0.8023177164655078
4424,0.017855726735500732,HOG8-ML00-H1-GPS-GradientEstimation-Escape-Specialist-Exploiter,Exploiter,0.7050948525369709
4433,0.017722984428028755,HOG8-ML01-H1-GPS-GradientEstimation-Escape-Specialist-Exploiter,Exploiter,0.7434158768125554
4438,0.01751613263641847,HOG8-ML00-H1-GPS-GradientEstimation-Escape-Specialist-Exploiter,Exploiter,1.1671385959305522
4443,0.01731002711931994,HOG8-ML01-H1-GPS-GradientEstimation-Escape-Specialist-Exploiter,Exploiter,1.1766610893891427
4450,0.01718858332566106,HOG8-ML00-H1-GPS-GradientEstimation-Escape-Specialist-Exploiter,Exploiter,0.7015806088676521
4454,0.01693068632097961,HOG8-ML01-H1-GPS-GradientEstimation-Escape-Specialist-Exploiter,Exploiter,1.5003970937874318
4460,0.016864611436566552,HOG8-ML00-H2-GPS-GradientEstimation-Escape-Specialist-Refiner,Refiner,0.3902670167078989
4465,0.016748350954633645,HOG8-ML00-H1-GPS-GradientEstimation-Escape-Specialist-Exploiter,Exploiter,0.6893753963451891
4470,0.016547897229850665,HOG8-ML01-H1-GPS-GradientEstimation-Escape-Specialist-Exploiter,Exploiter,1.1968564865039553
4474,0.01636990449235249,HOG8-ML00-H1-GPS-GradientEstimation-Escape-Specialist-Exploiter,Exploiter,1.075621482450926
4479,0.016138327823537756,HOG8-ML01-H1-GPS-GradientEstimation-Escape-Specialist-Exploiter,Exploiter,1.414648869349964
4484,0.0160243472783419,HOG8-ML00-H1-GPS-GradientEstimation-Escape-Specialist-Exploiter,Exploiter,0.7062723377673379
4493,0.015791236520979156,HOG8-ML01-H1-GPS-GradientEstimation-Escape-Specialist-Exploiter,Exploiter,1.4547285659354763
4493,0.015704527549901315,HOG8-ML00-H1-GPS-GradientEstimation-Escape-Specialist-Exploiter,Exploiter,0.5490955123282802
4503,0.01541721729723701,HOG8-ML01-H1-GPS-GradientEstimation-Escape-Specialist-Exploiter,Exploiter,1.8294740274826704
4505,0.015364231448837444,HOG8-ML00-H1-GPS-GradientEstimation-Escape-Specialist-Refiner,Refiner,0.3436797145556345
4514,0.01508974857938305,HOG8-ML01-H1-GPS-GradientEstimation-Escape-Specialist-Exploiter,Exploiter,1.7865056925783458
4519,0.014982418372119199,HOG8-ML00-H1-GPS-GradientEstimation-Escape-Specialist-Exploiter,Exploiter,0.7112789633254405
4529,0.014755210366109849,HOG8-ML00-H1-GPS-GradientEstimation-Escape-Specialist-Exploiter,Exploiter,1.5164975397574147
4544,0.014506234812500155,HOG8-ML01-H1-GPS-GradientEstimation-Escape-Specialist-Exploiter,Exploiter,1.687373798353608
4553,0.014288834925728413,HOG8-ML00-H1-GPS-GradientEstimation-Escape-Specialist-Exploiter,Exploiter,1.4986651573046883
4553,0.014247665711830455,HOG8-ML01-H1-GPS-GradientEstimation-Escape-Specialist-Refiner,Refiner,0.2881215586291655
4563,0.014007566737923582,HOG8-ML00-H1-GPS-GradientEstimation-Escape-Specialist-Exploiter,Exploiter,1.6851811290568692
4565,0.013965331868087945,HOG8-ML01-H1-GPS-GradientEstimation-Escape-Specialist-Refiner,Refiner,0.3015146786435987
4574,0.013703396123835688,HOG8-ML01-H1-GPS-GradientEstimation-Escape-Specialist-Exploiter,Exploiter,1.8756141760641127
4585,0.013478846000702656,HOG8-ML01-H1-GPS-GradientEstimation-Escape-Specialist-Exploiter,Exploiter,1.6386457860796237
4600,0.013316459523689908,HOG8-ML01-H1-GPS-GradientEstimation-Escape-Specialist-Exploiter,Exploiter,1.2047505921818695
4600,0.013283576202839,HOG8-ML00-H1-GPS-GradientEstimation-Escape-Specialist-Refiner,Refiner,0.24693741450127946
4613,0.013162236239840353,HOG8-ML00-H1-GPS-GradientEstimation-Escape-Specialist-Exploiter,Exploiter,0.9134585532223833
4620,0.01307953228262768,HOG8-ML00-H2-GPS-GradientEstimation-Escape-Specialist-Exploiter,Exploiter,0.6283427504692529
4630,0.012980090701964703,HOG8-ML00-H2-GPS-GradientEstimation-Escape-Specialist-Exploiter,Exploiter,0.7602839192885777
4635,0.01289226486189124,HOG8-ML00-H1-GPS-GradientEstimation-Escape-Specialist-Exploiter,Exploiter,0.6766196176130731
4650,0.012653014785470117,HOG8-ML00-H2-GPS-GradientEstimation-Escape-Specialist-Exploiter,Exploiter,1.8557645144906356
4650,0.012636266904662824,HOG8-ML01-H1-GPS-GradientEstimation-Escape-Specialist-Refiner,Refiner,0.1323627695948386
4660,0.012421050010252193,HOG8-ML00-H2-GPS-GradientEstimation-Escape-Specialist-Exploiter,Exploiter,1.703168317307508
4663,0.012383471464188448,HOG8-ML01-H1-GPS-GradientEstimation-Escape-Specialist-Refiner,Refiner,0.3025392058861979
4668,0.012215163545240772,HOG8-ML00-H1-GPS-GradientEstimation-Escape-Specialist-Exploiter,Exploiter,1.3591335792584731
4674,0.012175249774299606,HOG8-ML01-H1-GPS-GradientEstimation-Escape-Specialist-Refiner,Refiner,0.3267559275267905
4679,0.012020107688603286,HOG8-ML00-H1-GPS-GradientEstimation-Escape-Specialist-Exploiter,Exploiter,1.2742415028216127
4684,0.011992929263620358,HOG8-ML01-H1-GPS-GradientEstimation-Escape-Specialist-Refiner,Refiner,0.22610799908803786
4690,0.011863244885200502,HOG8-ML00-H1-GPS-GradientEstimation-Escape-Specialist-Exploiter,Exploiter,1.081340309520908
4694,0.011824013621215441,HOG8-ML01-H1-GPS-GradientEstimation-Escape-Specialist-Refiner,Refiner,0.3306958961455944
4704,0.011682493685963398,HOG8-ML00-H1-GPS-GradientEstimation-Escape-Specialist-Exploiter,Exploiter,1.1968857596554126
4709,0.011607371009784432,HOG8-ML01-H1-GPS-GradientEstimation-Escape-Specialist-Exploiter,Exploiter,0.6430363088424014
4713,0.011526699602494618,HOG8-ML00-H1-GPS-GradientEstimation-Escape-Specialist-Exploiter,Exploiter,0.6950015401576459
4719,0.011409421500081892,HOG8-ML01-H1-GPS-GradientEstimation-Escape-Specialist-Exploiter,Exploiter,1.0174473739850445
4723,0.01134795117999297,HOG8-ML00-H2-GPS-GradientEstimation-Escape-Specialist-Exploiter,Exploiter,0.5387680706552949
4734,0.011340447916955858,HOG8-ML01-H1-GPS-GradientEstimation-Escape-Specialist-Refiner,Refiner,0.06611997988095464
4734,0.011255821655992804,HOG8-ML00-H1-GPS-GradientEstimation-Escape-Specialist-Exploiter,Exploiter,0.7462338488105371
4740,0.011231199220520148,HOG8-ML00-H2-GPS-GradientEstimation-Escape-Specialist-Refiner,Refiner,0.2187528927268224
4750,0.011207483762539619,HOG8-ML01-H1-GPS-GradientEstimation-Escape-Specialist-Refiner,Refiner,0.21115695229766135
4750,0.011162317477967419,HOG8-ML00-H2-GPS-GradientEstimation-Escape-Specialist-Refiner,Refiner,0.4030011154079553
4760,0.011078257327090033,HOG8-ML00-H1-GPS-GradientEstimation-Escape-Specialist-Exploiter,Exploiter,0.7530707762371618
4764,0.011030551260215795,HOG8-ML00-H2-GPS-GradientEstimation-Escape-Specialist-Refiner,Refiner,0.43062789990968464
4769,0.010995009497660125,HOG8-ML00-H1-GPS-GradientEstimation-Escape-Specialist-Refiner,Refiner,0.3222120247413127
4773,0.01092118263553626,HOG8-ML00-H2-GPS-GradientEstimation-Escape-Specialist-Exploiter,Exploiter,0.6714579204281332
4782,0.010838813810794316,HOG8-ML00-H1-GPS-GradientEstimation-Escape-Specialist-Exploiter,Exploiter,0.7542115857849095
4783,0.010761629845763057,HOG8-ML00-H2-GPS-GradientEstimation-Escape-Specialist-Exploiter,Exploiter,0.7121071214858625
4789,0.010679577112675885,HOG8-ML00-H1-GPS-GradientEstimation-Escape-Specialist-Exploiter,Exploiter,0.7624563775483928
4795,0.010592509947511694,HOG8-ML00-H2-GPS-GradientEstimation-Escape-Specialist-Exploiter,Exploiter,0.8152679103824122
4803,0.010539146140329244,HOG8-ML00-H1-GPS-GradientEstimation-Escape-Specialist-Exploiter,Exploiter,0.5037881243150105
4810,0.01045495057340531,HOG8-ML00-H2-GPS-GradientEstimation-Escape-Specialist-Exploiter,Exploiter,0.7988841392164557
4813,0.010431312995958696,HOG8-ML00-H1-GPS-GradientEstimation-Escape-Specialist-Refiner,Refiner,0.22608980578772583
4818,0.010323171037469547,HOG8-ML00-H2-GPS-GradientEstimation-Escape-Specialist-Exploiter,Exploiter,1.03670514470273
4824,0.010301925514508762,HOG8-ML00-H1-GPS-GradientEstimation-Escape-Specialist-Refiner,Refiner,0.20580423286286229
4830,0.010213540615023334,HOG8-ML00-H2-GPS-GradientEstimation-Escape-Specialist-Exploiter,Exploiter,0.8579454332197435
4838,0.010091767301546619,HOG8-ML00-H2-GPS-GradientEstimation-Escape-Specialist-Exploiter,Exploiter,1.1922732582822086
4854,0.009966694430666383,HOG8-ML00-H2-GPS-GradientEstimation-Escape-Specialist-Exploiter,Exploiter,1.2393554780149185
4873,0.009836622714977277,HOG8-ML00-H2-GPS-GradientEstimation-Escape-Specialist-Exploiter,Exploiter,1.3050637459987742
4883,0.009742007245031116,HOG8-ML00-H2-GPS-GradientEstimation-Escape-Specialist-Exploiter,Exploiter,0.9618694615795244
4894,0.009649611453181198,HOG8-ML00-H2-GPS-GradientEstimation-Escape-Specialist-Exploiter,Exploiter,0.9484266386379848
4907,0.009533458548179188,HOG8-ML00-H2-GPS-GradientEstimation-Escape-Specialist-Exploiter,Exploiter,1.2037055125542713
4920,0.009515551776837229,HOG8-ML00-H1-GPS-GradientEstimation-Escape-Specialist-Refiner,Refiner,0.1878307987753188
4920,0.00944437681278808,HOG8-ML00-H2-GPS-GradientEstimation-Escape-Specialist-Exploiter,Exploiter,0.7479856735413101
4928,0.00934354154848065,HOG8-ML00-H2-GPS-GradientEstimation-Escape-Specialist-Exploiter,Exploiter,1.067675150052203
4942,0.009228017847921247,HOG8-ML00-H2-GPS-GradientEstimation-Escape-Specialist-Exploiter,Exploiter,1.236401635932025
4949,0.009131368719423926,HOG8-ML00-H2-GPS-GradientEstimation-Escape-Specialist-Exploiter,Exploiter,1.047344403642358
4963,0.009045939303934897,HOG8-ML00-H2-GPS-GradientEstimation-Escape-Specialist-Exploiter,Exploiter,0.9355598061362463
4972,0.008975321734122622,HOG8-ML00-H2-GPS-GradientEstimation-Escape-Specialist-Exploiter,Exploiter,0.7806549153116445
4984,0.00888254226146219,HOG8-ML00-H2-GPS-GradientEstimation-Escape-Specialist-Exploiter,Exploiter,1.0337175135204295
4998,0.008798743552683175,HOG8-ML00-H2-GPS-GradientEstimation-Escape-Specialist-Exploiter,Exploiter,0.9434090636707138
5004,0.008721550326919496,HOG8-ML00-H2-GPS-GradientEstimation-Escape-Specialist-Exploiter,Exploiter,0.8773210095450302
5019,0.008672532373853143,HOG8-ML00-H2-GPS-GradientEstimation-Escape-Specialist-Exploiter,Exploiter,0.5620325656444025
5044,0.008585102927583656,HOG8-ML00-H2-GPS-GradientEstimation-Escape-Specialist-Exploiter,Exploiter,1.0081189957050845
5055,0.008550682643534795,HOG8-ML00-H2-GPS-GradientEstimation-Escape-Specialist-Refiner,Refiner,0.4009303597079757
5069,0.008500941357106566,HOG8-ML00-H2-GPS-GradientEstimation-Escape-Specialist-Exploiter,Exploiter,0.5817229863610791
5081,0.00844623847076571,HOG8-ML00-H2-GPS-GradientEstimation-Escape-Specialist-Exploiter,Exploiter,0.6434921033201416
5093,0.008392042561868538,HOG8-ML00-H2-GPS-GradientEstimation-Escape-Specialist-Exploiter,Exploiter,0.6416573375799769
5103,0.008335515202994545,HOG8-ML00-H2-GPS-GradientEstimation-Escape-Specialist-Exploiter,Exploiter,0.6735828429998755
5113,0.008273162673364882,HOG8-ML00-H2-GPS-GradientEstimation-Escape-Specialist-Exploiter,Exploiter,0.7480345019017266
5129,0.008214459161870014,HOG8-ML00-H2-GPS-GradientEstimation-Escape-Specialist-Exploiter,Exploiter,0.7095655411667553
5139,0.00815997110368304,HOG8-ML00-H2-GPS-GradientEstimation-Escape-Specialist-Exploiter,Exploiter,0.6633188760606156
5148,0.008102393128475147,HOG8-ML00-H2-GPS-GradientEstimation-Escape-Specialist-Exploiter,Exploiter,0.7056149400076326
5165,0.008062162911018179,HOG8-ML00-H2-GPS-GradientEstimation-Escape-Specialist-Refiner,Refiner,0.4965226547152135
5173,0.008028103739492597,HOG8-ML00-H2-GPS-GradientEstimation-Escape-Specialist-Refiner,Refiner,0.4224569994614515
5189,0.007981664945689247,HOG8-ML00-H2-GPS-GradientEstimation-Escape-Specialist-Exploiter,Exploiter,0.5784528365634398
5202,0.007937788613728822,HOG8-ML00-H2-GPS-GradientEstimation-Escape-Specialist-Exploiter,Exploiter,0.5497140290776202
5213,0.007895117499760653,HOG8-ML00-H2-GPS-GradientEstimation-Escape-Specialist-Exploiter,Exploiter,0.5375692909529913
5223,0.007843984873514627,HOG8-ML00-H2-GPS-GradientEstimation-Escape-Specialist-Exploiter,Exploiter,0.6476487050075728
5234,0.007805356790133836,HOG8-ML00-H2-GPS-GradientEstimation-Escape-Specialist-Refiner,Refiner,0.49245484283401975
5250,0.007759718772419915,HOG8-ML00-H2-GPS-GradientEstimation-Escape-Specialist-Exploiter,Exploiter,0.5847012371248527
5260,0.007714410649188771,HOG8-ML00-H2-GPS-GradientEstimation-Escape-Specialist-Exploiter,Exploiter,0.5838887279289171
5268,0.007686976952671469,HOG8-ML00-H2-GPS-GradientEstimation-Escape-Specialist-Refiner,Refiner,0.35561623259174674
5283,0.007645477238228884,HOG8-ML00-H2-GPS-GradientEstimation-Escape-Specialist-Exploiter,Exploiter,0.5398704158747721
5299,0.007626675419414251,HOG8-ML00-H2-GPS-GradientEstimation-Escape-Specialist-Refiner,Refiner,0.24592080034742922
5309,0.007612780945575545,HOG8-ML00-H2-GPS-GradientEstimation-Escape-Specialist-Refiner,Refiner,0.18218257726474466
5319,0.007592585915302415,HOG8-ML00-H2-GPS-GradientEstimation-Escape-Specialist-Refiner,Refiner,0.26527796369692236
5332,0.0075472574714513675,HOG8-ML00-H2-GPS-GradientEstimation-Escape-Specialist-Exploiter,Exploiter,0.5970092977109545
5343,0.007504450663322511,HOG8-ML00-H2-GPS-GradientEstimation-Escape-Specialist-Exploiter,Exploiter,0.5671836198881488
5353,0.007472757521127133,HOG8-ML00-H2-GPS-GradientEstimation-Escape-Specialist-Refiner,Refiner,0.42232461264987864
5368,0.007444248654246158,HOG8-ML00-H2-GPS-GradientEstimation-Escape-Specialist-Refiner,Refiner,0.38150397360511357
5379,0.007415740881203054,HOG8-ML00-H2-GPS-GradientEstimation-Escape-Specialist-Refiner,Refiner,0.382950306567787
5388,0.007381561962702867,HOG8-ML00-H2-GPS-GradientEstimation-Escape-Specialist-Refiner,Refiner,0.4608968820205301
5400,0.007380403421368,HOG8-ML01-H1-GPS-GradientEstimation-Escape-Specialist-Polisher,Polisher,0.015695070240156976
5400,0.007348925641687903,HOG8-ML00-H2-GPS-GradientEstimation-Escape-Specialist-Refiner,Refiner,0.4265048654245811
5410,0.007315122168529182,HOG8-ML00-H2-GPS-GradientEstimation-Escape-Specialist-Refiner,Refiner,0.45997843503771246
5418,0.00728363139458004,HOG8-ML00-H2-GPS-GradientEstimation-Escape-Specialist-Refiner,Refiner,0.4304886948384868
5428,0.007263025663485141,HOG8-ML00-H2-GPS-GradientEstimation-Escape-Specialist-Refiner,Refiner,0.2829046388897752
5440,0.007227637746841324,HOG8-ML00-H2-GPS-GradientEstimation-Escape-Specialist-Refiner,Refiner,0.4872338097568563
5452,0.0071965116304952975,HOG8-ML00-H2-GPS-GradientEstimation-Escape-Specialist-Refiner,Refiner,0.43065407310472603
5468,0.007177149075633056,HOG8-ML00-H2-GPS-GradientEstimation-Escape-Specialist-Refiner,Refiner,0.26905472896329913
5479,0.00714416693210789,HOG8-ML00-H2-GPS-GradientEstimation-Escape-Specialist-Refiner,Refiner,0.4595437990433063
5491,0.007125734896743987,HOG8-ML00-H2-GPS-GradientEstimation-Escape-Specialist-Refiner,Refiner,0.258001185289562
5502,0.0071165255094427435,HOG8-ML00-H2-GPS-GradientEstimation-Escape-Specialist-Refiner,Refiner,0.1292412282339011
5514,0.0070942626791579075,HOG8-ML00-H2-GPS-GradientEstimation-Escape-Specialist-Refiner,Refiner,0.3128328600142864
5522,0.007068451943830152,HOG8-ML00-H2-GPS-GradientEstimation-Escape-Specialist-Refiner,Refiner,0.3638254811678227
5538,0.0070383174932181925,HOG8-ML00-H2-GPS-GradientEstimation-Escape-Specialist-Refiner,Refiner,0.4263232013377828
5549,0.007022044967249353,HOG8-ML01-H1-GPS-GradientEstimation-Escape-Specialist-Refiner,Refiner,0.2311990896193388
5549,0.007009376984724756,HOG8-ML00-H2-GPS-GradientEstimation-Escape-Specialist-Refiner,Refiner,0.18040303905316035
5560,0.006989024888873865,HOG8-ML00-H2-GPS-GradientEstimation-Escape-Specialist-Refiner,Refiner,0.2903552754437871
5574,0.006980203970358823,HOG8-ML01-H1-GPS-GradientEstimation-Escape-Specialist-Refiner,Refiner,0.12621100447195058
5574,0.006970091110189675,HOG8-ML00-H2-GPS-GradientEstimation-Escape-Specialist-Refiner,Refiner,0.14487914983704234
5583,0.006953871939521214,HOG8-ML01-H1-GPS-GradientEstimation-Escape-Specialist-Refiner,Refiner,0.23269668089059228
5583,0.006946198059780554,HOG8-ML00-H2-GPS-GradientEstimation-Escape-Specialist-Refiner,Refiner,0.11035405609134252
5594,0.0069299690105576635,HOG8-ML01-H1-GPS-GradientEstimation-Escape-Specialist-Refiner,Refiner,0.2336393100689048
5594,0.006920594528200716,HOG8-ML00-H2-GPS-GradientEstimation-Escape-Specialist-Refiner,Refiner,0.1352745206026961
5610,0.0069012614672045395,HOG8-ML00-H2-GPS-GradientEstimation-Escape-Specialist-Refiner,Refiner,0.27935549348248134
5620,0.006886250024497396,HOG8-ML01-H1-GPS-GradientEstimation-Escape-Specialist-Refiner,Refiner,0.21751737386677797
5620,0.006878897122629562,HOG8-ML00-H2-GPS-GradientEstimation-Escape-Specialist-Refiner,Refiner,0.10677657421204291
5629,0.006859262236118542,HOG8-ML00-H2-GPS-GradientEstimation-Escape-Specialist-Refiner,Refiner,0.28543654834474963
5639,0.00683718415247422,HOG8-ML00-H2-GPS-GradientEstimation-Escape-Specialist-Refiner,Refiner,0.3218725700275148
5650,0.006816284358179031,HOG8-ML00-H2-GPS-GradientEstimation-Escape-Specialist-Refiner,Refiner,0.30567838790221746
5664,0.006802914211970255,HOG8-ML01-H1-GPS-GradientEstimation-Escape-Specialist-Refiner,Refiner,0.19615006514118222
5664,0.006799328448041191,HOG8-ML00-H2-GPS-GradientEstimation-Escape-Specialist-Refiner,Refiner,0.05270923338639491
5674,0.00678014074963948,HOG8-ML00-H2-GPS-GradientEstimation-Escape-Specialist-Refiner,Refiner,0.28219990471615947
5688,0.006769994579180791,HOG8-ML01-H1-GPS-GradientEstimation-Escape-Specialist-Refiner,Refiner,0.14964542526980934
5694,0.00676343078717483,HOG8-ML00-H2-GPS-GradientEstimation-Escape-Specialist-Refiner,Refiner,0.09695416930090511
5700,0.006762163974531167,HOG8-ML01-H1-GPS-GradientEstimation-Escape-Specialist-Polisher,Polisher,0.018730326124788553
5704,0.006755561944814506,HOG8-ML00-H2-GPS-GradientEstimation-Escape-Specialist-Refiner,Refiner,0.09763190809224355
5714,0.006745362991277324,HOG8-ML00-H2-GPS-GradientEstimation-Escape-Specialist-Refiner,Refiner,0.15097120891639962
5724,0.006729838789149268,HOG8-ML01-H1-GPS-GradientEstimation-Escape-Specialist-Refiner,Refiner,0.23014628194406728
5733,0.006712398010452643,HOG8-ML01-H1-GPS-GradientEstimation-Escape-Specialist-Refiner,Refiner,0.2591559655893299
5745,0.006691862228732666,HOG8-ML01-H1-GPS-GradientEstimation-Escape-Specialist-Refiner,Refiner,0.3059380818598332
5761,0.006674736386113587,HOG8-ML01-H1-GPS-GradientEstimation-Escape-Specialist-Refiner,Refiner,0.25592043042288826
5769,0.006663903838561028,HOG8-ML00-H2-GPS-GradientEstimation-Escape-Specialist-Refiner,Refiner,0.16229176593544434
5769,0.006660810825952157,HOG8-ML01-H1-GPS-GradientEstimation-Escape-Specialist-Polisher,Polisher,0.04641442439449209
5778,0.0066415216021493955,HOG8-ML01-H1-GPS-GradientEstimation-Escape-Specialist-Refiner,Refiner,0.28959272837483907
5789,0.0066260785762265444,HOG8-ML01-H1-GPS-GradientEstimation-Escape-Specialist-Refiner,Refiner,0.2325224074834485
5803,0.0066106644909605244,HOG8-ML01-H1-GPS-GradientEstimation-Escape-Specialist-Refiner,Refiner,0.23262756528912293
5813,0.006595017241467229,HOG8-ML01-H1-GPS-GradientEstimation-Escape-Specialist-Refiner,Refiner,0.23669707507757654
5825,0.00658303430796762,HOG8-ML01-H1-GPS-GradientEstimation-Escape-Specialist-Refiner,Refiner,0.181696772894912
5825,0.0065805916087949565,HOG8-ML00-H2-GPS-GradientEstimation-Escape-Specialist-Polisher,Polisher,0.03710597664221418
5834,0.00656815489530367,HOG8-ML01-H1-GPS-GradientEstimation-Escape-Specialist-Refiner,Refiner,0.18899081162648929
5839,0.006566125466348508,HOG8-ML00-H2-GPS-GradientEstimation-Escape-Specialist-Polisher,Polisher,0.03089800693666661
5843,0.006554363288999944,HOG8-ML01-H1-GPS-GradientEstimation-Escape-Specialist-Refiner,Refiner,0.17913421558642692
5849,0.006552250693498211,HOG8-ML00-H2-GPS-GradientEstimation-Escape-Specialist-Polisher,Polisher,0.0322318951297499
5854,0.006540462056741707,HOG8-ML01-H1-GPS-GradientEstimation-Escape-Specialist-Refiner,Refiner,0.17991736439818606
5860,0.006535926377489717,HOG8-ML00-H2-GPS-GradientEstimation-Escape-Specialist-Refiner,Refiner,0.0693479942646454
5865,0.006524369555825461,HOG8-ML01-H1-GPS-GradientEstimation-Escape-Specialist-Refiner,Refiner,0.1768199486465858
5869,0.006520989786170328,HOG8-ML00-H2-GPS-GradientEstimation-Escape-Specialist-Refiner,Refiner,0.05180224121600906
5879,0.006511167653026995,HOG8-ML01-H1-GPS-GradientEstimation-Escape-Specialist-Refiner,Refiner,0.15062334807153796
5884,0.006507137170270122,HOG8-ML00-H2-GPS-GradientEstimation-Escape-Specialist-Refiner,Refiner,0.06190107476343789
5890,0.006497926110115105,HOG8-ML01-H1-GPS-GradientEstimation-Escape-Specialist-Refiner,Refiner,0.14155318866030872
5890,0.006494080155676268,HOG8-ML00-H2-GPS-GradientEstimation-Escape-Specialist-Refiner,Refiner,0.05918741416357197
5899,0.006488428646842891,HOG8-ML01-H1-GPS-GradientEstimation-Escape-Specialist-Refiner,Refiner,0.08702554785125782
5903,0.006483590847807622,HOG8-ML00-H2-GPS-GradientEstimation-Escape-Specialist-Refiner,Refiner,0.07456041051823928
5913,0.006481046405234875,HOG8-ML01-H1-GPS-GradientEstimation-Escape-Specialist-Polisher,Polisher,0.03924434210106305
5914,0.006471212139743651,HOG8-ML00-H2-GPS-GradientEstimation-Escape-Specialist-Refiner,Refiner,0.1517388532086503
5928,0.006465017997399467,HOG8-ML00-H2-GPS-GradientEstimation-Escape-Specialist-Refiner,Refiner,0.09571842508673685
5943,0.00645393134928042,HOG8-ML00-H2-GPS-GradientEstimation-Escape-Specialist-Refiner,Refiner,0.17148673249643354
5958,0.006445222523474096,HOG8-ML00-H2-GPS-GradientEstimation-Escape-Specialist-Refiner,Refiner,0.13493830868366746
5963,0.006444955026269577,HOG8-ML01-H1-GPS-GradientEstimation-Escape-Specialist-Polisher,Polisher,0.004150317596399537
5968,0.006436029793110608,HOG8-ML00-H2-GPS-GradientEstimation-Escape-Specialist-Refiner,Refiner,0.1384840254523158
5973,0.00643344673321831,HOG8-ML01-H1-GPS-GradientEstimation-Escape-Specialist-Polisher,Polisher,0.04013436816378909
5980,0.006425015455729455,HOG8-ML00-H2-GPS-GradientEstimation-Escape-Specialist-Refiner,Refiner,0.13105381669394517
5987,0.006415009237180377,HOG8-ML00-H2-GPS-GradientEstimation-Escape-Specialist-Refiner,Refiner,0.15573843546407473
5996,0.006413005797196442,HOG8-ML01-H1-GPS-GradientEstimation-Escape-Specialist-Polisher,Polisher,0.031230508170175388
6000,0.00640600832530577,HOG8-ML00-H2-GPS-GradientEstimation-Escape-Specialist-Refiner,Refiner,0.10911376212588712
6011,0.006404108275697678,HOG8-ML01-H1-GPS-GradientEstimation-Escape-Specialist-Polisher,Polisher,0.02966042989026617
6011,0.006397137500213955,HOG8-ML00-H2-GPS-GradientEstimation-Escape-Specialist-Refiner,Refiner,0.10884849511641345
6019,0.006385176794018349,HOG8-ML00-H2-GPS-GradientEstimation-Escape-Specialist-Refiner,Refiner,0.18696965940166826
6040,0.006370103320679729,HOG8-ML00-H2-GPS-GradientEstimation-Escape-Specialist-Refiner,Refiner,0.23606978827494493
6049,0.006368216525513861,HOG8-ML01-H1-GPS-GradientEstimation-Escape-Specialist-Polisher,Polisher,0.029619537876918903
6053,0.006359827726220302,HOG8-ML00-H2-GPS-GradientEstimation-Escape-Specialist-Refiner,Refiner,0.131729178176494
6059,0.006358454414581084,HOG8-ML01-H1-GPS-GradientEstimation-Escape-Specialist-Polisher,Polisher,0.021593535207814502
6063,0.006348744287467445,HOG8-ML00-H2-GPS-GradientEstimation-Escape-Specialist-Refiner,Refiner,0.1527120661803037
6071,0.006348496355523535,HOG8-ML01-H1-GPS-GradientEstimation-Escape-Specialist-Polisher,Polisher,0.0039052123173330686
6073,0.0063393462591214865,HOG8-ML00-H2-GPS-GradientEstimation-Escape-Specialist-Refiner,Refiner,0.14413013554126133
6083,0.0063303502676453315,HOG8-ML00-H2-GPS-GradientEstimation-Escape-Specialist-Refiner,Refiner,0.14190724261529264
6095,0.0063229896050596875,HOG8-ML00-H2-GPS-GradientEstimation-Escape-Specialist-Refiner,Refiner,0.11627575528110397
6104,0.00631976839812806,HOG8-ML01-H1-GPS-GradientEstimation-Escape-Specialist-Refiner,Refiner,0.050944365447792135
6107,0.006314355087907463,HOG8-ML00-H2-GPS-GradientEstimation-Escape-Specialist-Refiner,Refiner,0.08565678169788896
6120,0.0063109907158637926,HOG8-ML01-H1-GPS-GradientEstimation-Escape-Specialist-Refiner,Refiner,0.05328132480407591
6120,0.006305495849629441,HOG8-ML00-H2-GPS-GradientEstimation-Escape-Specialist-Refiner,Refiner,0.08706820342072878
6129,0.006302178244774338,HOG8-ML01-H1-GPS-GradientEstimation-Escape-Specialist-Refiner,Refiner,0.052614495897220837
6129,0.00629731638597378,HOG8-ML00-H2-GPS-GradientEstimation-Escape-Specialist-Refiner,Refiner,0.07714568854966804
6138,0.006288443778985471,HOG8-ML00-H2-GPS-GradientEstimation-Escape-Specialist-Refiner,Refiner,0.1408950486920249
6148,0.0062857325858679735,HOG8-ML01-H1-GPS-GradientEstimation-Escape-Specialist-Polisher,Polisher,0.04311389610507021
6153,0.006280515271179472,HOG8-ML00-H2-GPS-GradientEstimation-Escape-Specialist-Refiner,Refiner,0.0830024920282454
6163,0.0062727479842106535,HOG8-ML00-H2-GPS-GradientEstimation-Escape-Specialist-Refiner,Refiner,0.12367276622128943
6172,0.00627143120371745,HOG8-ML01-H1-GPS-GradientEstimation-Escape-Specialist-Polisher,Polisher,0.020992083477893646
6172,0.006270320279378251,HOG8-ML00-H2-GPS-GradientEstimation-Escape-Specialist-Polisher,Polisher,0.01771404808747273
6179,0.006268901805890294,HOG8-ML00-H1-GPS-GradientEstimation-Escape-Specialist-Polisher,Polisher,0.02262202606494905
6182,0.006267589958458639,HOG8-ML01-H1-GPS-GradientEstimation-Escape-Specialist-Polisher,Polisher,0.020926271814021905
6188,0.006262812602830547,HOG8-ML00-H2-GPS-GradientEstimation-Escape-Specialist-Refiner,Refiner,0.0762231680718793
6193,0.006261246597513179,HOG8-ML01-H1-GPS-GradientEstimation-Escape-Specialist-Polisher,Polisher,0.02500482477569296
6210,0.0062571895429177765,HOG8-ML01-H1-GPS-GradientEstimation-Escape-Specialist-Refiner,Refiner,0.06479627550549179
6210,0.006256284223533544,HOG8-ML00-H2-GPS-GradientEstimation-Escape-Specialist-Polisher,Polisher,0.014468466681772832
6218,0.006248700959975804,HOG8-ML01-H1-GPS-GradientEstimation-Escape-Specialist-Refiner,Refiner,0.12121034286158262
6228,0.006242945955477017,HOG8-ML01-H1-GPS-GradientEstimation-Escape-Specialist-Refiner,Refiner,0.09209921447112362
6240,0.006237447417292468,HOG8-ML01-H1-GPS-GradientEstimation-Escape-Specialist-Refiner,Refiner,0.08807601769681644
6250,0.006230023443112213,HOG8-ML01-H1-GPS-GradientEstimation-Escape-Specialist-Refiner,Refiner,0.11902263351628534
6259,0.00622295859101789,HOG8-ML01-H1-GPS-GradientEstimation-Escape-Specialist-Refiner,Refiner,0.11340008844002042
6274,0.006216186305640794,HOG8-ML01-H1-GPS-GradientEstimation-Escape-Specialist-Refiner,Refiner,0.10882742152375227
6284,0.006209497415608379,HOG8-ML01-H1-GPS-GradientEstimation-Escape-Specialist-Refiner,Refiner,0.10760440089039106
6295,0.006203277321183651,HOG8-ML01-H1-GPS-GradientEstimation-Escape-Specialist-Refiner,Refiner,0.10017065808084448
6305,0.006198292940688615,HOG8-ML01-H1-GPS-GradientEstimation-Escape-Specialist-Refiner,Refiner,0.08035076036363617
6315,0.006191382632174307,HOG8-ML01-H1-GPS-GradientEstimation-Escape-Specialist-Refiner,Refiner,0.11148728497397965
6330,0.0061889962219907795,HOG8-ML00-H2-GPS-GradientEstimation-Escape-Specialist-Polisher,Polisher,0.038544059143212045
6330,0.006185016500653246,HOG8-ML01-H1-GPS-GradientEstimation-Escape-Specialist-Refiner,Refiner,0.06430317930058911
6338,0.006181966911352722,HOG8-ML00-H2-GPS-GradientEstimation-Escape-Specialist-Polisher,Polisher,0.049306081886796055
6338,0.006178197034289365,HOG8-ML01-H1-GPS-GradientEstimation-Escape-Specialist-Refiner,Refiner,0.06098183826306845
6348,0.006172554529945817,HOG8-ML01-H1-GPS-GradientEstimation-Escape-Specialist-Refiner,Refiner,0.09132930387670928
6358,0.006170825989250944,HOG8-ML00-H2-GPS-GradientEstimation-Escape-Specialist-Polisher,Polisher,0.028003652077708715
6362,0.006167195597424627,HOG8-ML01-H1-GPS-GradientEstimation-Escape-Specialist-Refiner,Refiner,0.05883153783044625
6368,0.0061661866033990865,HOG8-ML00-H2-GPS-GradientEstimation-Escape-Specialist-Polisher,Polisher,0.01636066198324305
6372,0.006161464632197729,HOG8-ML01-H1-GPS-GradientEstimation-Escape-Specialist-Refiner,Refiner,0.0765784674559521
6383,0.006156870816932982,HOG8-ML01-H1-GPS-GradientEstimation-Escape-Specialist-Refiner,Refiner,0.07455719603974136
6394,0.006151542633185696,HOG8-ML01-H1-GPS-GradientEstimation-Escape-Specialist-Refiner,Refiner,0.08654045059110808
6405,0.006149935454124322,HOG8-ML00-H2-GPS-GradientEstimation-Escape-Specialist-Polisher,Polisher,0.026126439451200714
6405,0.0061474705904163715,HOG8-ML01-H1-GPS-GradientEstimation-Escape-Specialist-Polisher,Polisher,0.04007950532712345
6412,0.006141314879815073,HOG8-ML01-H1-GPS-GradientEstimation-Escape-Specialist-Refiner,Refiner,0.10013403904517479
6424,0.006136491722065788,HOG8-ML01-H1-GPS-GradientEstimation-Escape-Specialist-Refiner,Refiner,0.07853623928546026
6435,0.006132642996682888,HOG8-ML01-H1-GPS-GradientEstimation-Escape-Specialist-Refiner,Refiner,0.06271866006208324
6444,0.006131769414811045,HOG8-ML00-H2-GPS-GradientEstimation-Escape-Specialist-Polisher,Polisher,0.014244786013389073
6450,0.006127663728752775,HOG8-ML01-H1-GPS-GradientEstimation-Escape-Specialist-Refiner,Refiner,0.06695760685900673
6460,0.006124502869211899,HOG8-ML01-H1-GPS-GradientEstimation-Escape-Specialist-Refiner,Refiner,0.05158343670271299
6469,0.006120688652943283,HOG8-ML01-H1-GPS-GradientEstimation-Escape-Specialist-Refiner,Refiner,0.06227797341381763
6484,0.00611860011626644,HOG8-ML01-H1-GPS-GradientEstimation-Escape-Specialist-Polisher,Polisher,0.0341225766456576
6493,0.006116290044291502,HOG8-ML01-H1-GPS-GradientEstimation-Escape-Specialist-Polisher,Polisher,0.03775491012718647
6503,0.006115462513848547,HOG8-ML01-H1-GPS-GradientEstimation-Escape-Specialist-Polisher,Polisher,0.013529941140165409
6514,0.006111867767721158,HOG8-ML01-H1-GPS-GradientEstimation-Escape-Specialist-Refiner,Refiner,0.05878126338357371
6526,0.0061074392934981955,HOG8-ML01-H1-GPS-GradientEstimation-Escape-Specialist-Refiner,Refiner,0.07245697045919662
6539,0.006102455693904798,HOG8-ML01-H1-GPS-GradientEstimation-Escape-Specialist-Refiner,Refiner,0.08159883961029248
6552,0.006097998388429223,HOG8-ML01-H1-GPS-GradientEstimation-Escape-Specialist-Refiner,Refiner,0.07304117717768563
6565,0.006093090900570786,HOG8-ML01-H1-GPS-GradientEstimation-Escape-Specialist-Refiner,Refiner,0.08047702780225066
6579,0.006089026188650383,HOG8-ML01-H1-GPS-GradientEstimation-Escape-Specialist-Refiner,Refiner,0.06671018021449075
6589,0.006085308362908064,HOG8-ML01-H1-GPS-GradientEstimation-Escape-Specialist-Refiner,Refiner,0.061057805092847243
6599,0.006082819122578018,HOG8-ML01-H1-GPS-GradientEstimation-Escape-Specialist-Polisher,Polisher,0.040905738568960764
6609,0.006078262573742582,HOG8-ML01-H1-GPS-GradientEstimation-Escape-Specialist-Refiner,Refiner,0.07490850448803836
6619,0.006074718497073556,HOG8-ML01-H1-GPS-GradientEstimation-Escape-Specialist-Refiner,Refiner,0.058307396661942006
6635,0.006070770582637313,HOG8-ML01-H1-GPS-GradientEstimation-Escape-Specialist-Refiner,Refiner,0.06498925733175212
6645,0.006067394774115913,HOG8-ML01-H1-GPS-GradientEstimation-Escape-Specialist-Refiner,Refiner,0.05560757856761842
6655,0.0060644353338047755,HOG8-ML01-H1-GPS-GradientEstimation-Escape-Specialist-Polisher,Polisher,0.048776129151228594
6664,0.006060546720879651,HOG8-ML01-H1-GPS-GradientEstimation-Escape-Specialist-Refiner,Refiner,0.06412159930947221
6678,0.006057280056035887,HOG8-ML01-H1-GPS-GradientEstimation-Escape-Specialist-Refiner,Refiner,0.05390049766484004
6689,0.006054011684638372,HOG8-ML01-H1-GPS-GradientEstimation-Escape-Specialist-Refiner,Refiner,0.053957739567583506
6699,0.006051564266991017,HOG8-ML01-H1-GPS-GradientEstimation-Escape-Specialist-Polisher,Polisher,0.04042637799271609
6710,0.00604783798948432,HOG8-ML01-H1-GPS-GradientEstimation-Escape-Specialist-Refiner,Refiner,0.06157544301432561
6722,0.006044896444296409,HOG8-ML01-H1-GPS-GradientEstimation-Escape-Specialist-Polisher,Polisher,0.04863796274017508
6733,0.006041893943119192,HOG8-ML01-H1-GPS-GradientEstimation-Escape-Specialist-Polisher,Polisher,0.04967001841776963
6750,0.0060395559747305535,HOG8-ML01-H1-GPS-GradientEstimation-Escape-Specialist-Polisher,Polisher,0.03869595214098048
6760,0.006037553662259269,HOG8-ML01-H1-GPS-GradientEstimation-Escape-Specialist-Polisher,Polisher,0.03315330596589927
6768,0.006037011402436552,HOG8-ML01-H1-GPS-GradientEstimation-Escape-Specialist-Polisher,Polisher,0.008981449326188228
6782,0.0060361127428437515,HOG8-ML01-H1-GPS-GradientEstimation-Escape-Specialist-Polisher,Polisher,0.014885835604648031
6793,0.006033421378820946,HOG8-ML01-H1-GPS-GradientEstimation-Escape-Specialist-Polisher,Polisher,0.04458770300466318
6808,0.006030670537319972,HOG8-ML01-H1-GPS-GradientEstimation-Escape-Specialist-Polisher,Polisher,0.04559339267484838
6818,0.006028533804088197,HOG8-ML01-H1-GPS-GradientEstimation-Escape-Specialist-Polisher,Polisher,0.035431105356389506
6829,0.0060255224294032995,HOG8-ML01-H1-GPS-GradientEstimation-Escape-Specialist-Polisher,Polisher,0.049952024534645
6840,0.006023299234751579,HOG8-ML01-H1-GPS-GradientEstimation-Escape-Specialist-Polisher,Polisher,0.03689629700608549
6854,0.006020874717035375,HOG8-ML01-H1-GPS-GradientEstimation-Escape-Specialist-Polisher,Polisher,0.04025232055905387
6865,0.006018383663548134,HOG8-ML01-H1-GPS-GradientEstimation-Escape-Specialist-Polisher,Polisher,0.041373614371892284
6873,0.006015971395560804,HOG8-ML01-H1-GPS-GradientEstimation-Escape-Specialist-Polisher,Polisher,0.0400816585014512
6884,0.006013547137512244,HOG8-ML01-H1-GPS-GradientEstimation-Escape-Specialist-Polisher,Polisher,0.04029703416390606
6899,0.006010886293283928,HOG8-ML01-H1-GPS-GradientEstimation-Escape-Specialist-Polisher,Polisher,0.044247499312299605
6909,0.006008649218820588,HOG8-ML01-H1-GPS-GradientEstimation-Escape-Specialist-Polisher,Polisher,0.0372170484382636
6919,0.006006094046710276,HOG8-ML01-H1-GPS-GradientEstimation-Escape-Specialist-Polisher,Polisher,0.04252490064336338
6930,0.006004485021889754,HOG8-ML01-H1-GPS-GradientEstimation-Escape-Specialist-Polisher,Polisher,0.026789870554946183
6943,0.006002866793112963,HOG8-ML01-H1-GPS-GradientEstimation-Escape-Specialist-Polisher,Polisher,0.026950334140091247
6953,0.006000852431279157,HOG8-ML01-H1-GPS-GradientEstimation-Escape-Specialist-Polisher,Polisher,0.03355666389462008
6962,0.005998839308193269,HOG8-ML01-H1-GPS-GradientEstimation-Escape-Specialist-Polisher,Polisher,0.03354728530556796
6973,0.005996881148200616,HOG8-ML01-H1-GPS-GradientEstimation-Escape-Specialist-Polisher,Polisher,0.03264231448872155
6991,0.005994836649867841,HOG8-ML01-H1-GPS-GradientEstimation-Escape-Specialist-Polisher,Polisher,0.034092693889528465
6999,0.005993042241287828,HOG8-ML01-H1-GPS-GradientEstimation-Escape-Specialist-Polisher,Polisher,0.02993256838870727
7008,0.005991529276304311,HOG8-ML01-H1-GPS-GradientEstimation-Escape-Specialist-Polisher,Polisher,0.025245358243828696
7020,0.005989217321390876,HOG8-ML01-H1-GPS-GradientEstimation-Escape-Specialist-Polisher,Polisher,0.03858705860919158
7046,0.005986890114248931,HOG8-ML01-H1-GPS-GradientEstimation-Escape-Specialist-Polisher,Polisher,0.038856615431756066
7054,0.005985993982189161,HOG8-ML01-H1-GPS-GradientEstimation-Escape-Specialist-Polisher,Polisher,0.014968239648121369
7065,0.0059852277080929845,HOG8-ML01-H1-GPS-GradientEstimation-Escape-Specialist-Polisher,Polisher,0.012801117048504099
7080,0.005984123215754279,HOG8-ML01-H1-GPS-GradientEstimation-Escape-Specialist-Polisher,Polisher,0.018453639403092054
7090,0.005983279038587195,HOG8-ML01-H1-GPS-GradientEstimation-Escape-Specialist-Polisher,Polisher,0.014106948280432323
7099,0.005982739286884439,HOG8-ML01-H1-GPS-GradientEstimation-Escape-Specialist-Polisher,Polisher,0.0090210016827802
7109,0.005981941984705184,HOG8-ML01-H1-GPS-GradientEstimation-Escape-Specialist-Polisher,Polisher,0.013326707734078916
7120,0.005980762374800511,HOG8-ML00-H1-GPS-GradientEstimation-Escape-Specialist-Polisher,Polisher,0.01971951429300541
7123,0.005980235120268256,HOG8-ML01-H1-GPS-GradientEstimation-Escape-Specialist-Polisher,Polisher,0.00881584151338902
7127,0.005979784856834164,HOG8-ML00-H1-GPS-GradientEstimation-Escape-Specialist-Polisher,Polisher,0.007529192833340987
7132,0.005978313442581732,HOG8-ML01-H1-GPS-GradientEstimation-Escape-Specialist-Polisher,Polisher,0.02460647477558673
7139,0.005977813435602885,HOG8-ML00-H1-GPS-GradientEstimation-Escape-Specialist-Polisher,Polisher,0.00836367955026058
7143,0.0059773313524151914,HOG8-ML00-H1-GPS-GradientEstimation-Escape-Specialist-Polisher,Polisher,0.00806454053621128
7149,0.005976777607410409,HOG8-ML01-H1-GPS-GradientEstimation-Escape-Specialist-Polisher,Polisher,0.009264084122732087
7149,0.005976285924587099,HOG8-ML00-H1-GPS-GradientEstimation-Escape-Specialist-Polisher,Polisher,0.008226553765367793
7154,0.005975785267397468,HOG8-ML00-H1-GPS-GradientEstimation-Escape-Specialist-Polisher,Polisher,0.008377396864021868
7158,0.005975083723000581,HOG8-ML01-H1-GPS-GradientEstimation-Escape-Specialist-Polisher,Polisher,0.01173978591088381
7164,0.005974559135725867,HOG8-ML00-H1-GPS-GradientEstimation-Escape-Specialist-Polisher,Polisher,0.008779580321105093
7169,0.005973814228748129,HOG8-ML01-H1-GPS-GradientEstimation-Escape-Specialist-Polisher,Polisher,0.012467982336702457
7172,0.0059733149136528005,HOG8-ML00-H1-GPS-GradientEstimation-Escape-Specialist-Polisher,Polisher,0.008358396766434047
7181,0.005972394273513635,HOG8-ML01-H1-GPS-GradientEstimation-Escape-Specialist-Polisher,Polisher,0.01541254985671573
7183,0.005971959706717954,HOG8-ML00-H1-GPS-GradientEstimation-Escape-Specialist-Polisher,Polisher,0.007276257657811768
7189,0.005970949029150609,HOG8-ML01-H1-GPS-GradientEstimation-Escape-Specialist-Polisher,Polisher,0.016923717121002317
7192,0.005970675708687022,HOG8-ML00-H1-GPS-GradientEstimation-Escape-Specialist-Polisher,Polisher,0.004577504551657358
7200,0.005970088009126113,HOG8-ML00-H1-GPS-GradientEstimation-Escape-Specialist-Polisher,Polisher,0.009843099668835446
7202,0.005969262092046689,HOG8-ML01-H1-GPS-GradientEstimation-Escape-Specialist-Polisher,Polisher,0.013834252998640238
7210,0.005968815641750905,HOG8-ML00-H1-GPS-GradientEstimation-Escape-Specialist-Polisher,Polisher,0.007479153853527519
7212,0.005967911441649241,HOG8-ML01-H1-GPS-GradientEstimation-Escape-Specialist-Polisher,Polisher,0.015148735627536545
7222,0.005966768434449085,HOG8-ML01-H1-GPS-GradientEstimation-Escape-Specialist-Polisher,Polisher,0.01915254962027143
7232,0.005966116008907344,HOG8-ML00-H1-GPS-GradientEstimation-Escape-Specialist-Polisher,Polisher,0.010934319789825462
7234,0.005965264669758217,HOG8-ML01-H1-GPS-GradientEstimation-Escape-Specialist-Polisher,Polisher,0.014269570820543465
7244,0.005964866764543339,HOG8-ML00-H1-GPS-GradientEstimation-Escape-Specialist-Polisher,Polisher,0.006670369831119003
7248,0.005964025709530464,HOG8-ML01-H1-GPS-GradientEstimation-Escape-Specialist-Polisher,Polisher,0.014100147515020155
7253,0.00596360482252389,HOG8-ML00-H1-GPS-GradientEstimation-Escape-Specialist-Polisher,Polisher,0.007057095778471029
7260,0.005962813325976317,HOG8-ML01-H1-GPS-GradientEstimation-Escape-Specialist-Polisher,Polisher,0.013272115962204832
7270,0.00596258304411179,HOG8-ML02-H1-GPS-GradientEstimation-Escape-Specialist-Polisher,Polisher,0.003861966691522654
7270,0.00596236738017179,HOG8-ML00-H1-GPS-GradientEstimation-Escape-Specialist-Polisher,Polisher,0.003616954907030856
7270,0.005961732948945894,HOG8-ML01-H1-GPS-GradientEstimation-Escape-Specialist-Polisher,Polisher,0.010640592661334505
7279,0.005960652954172047,HOG8-ML01-H1-GPS-GradientEstimation-Escape-Specialist-Polisher,Polisher,0.018115450374840587
7283,0.005960447427448367,HOG8-ML00-H1-GPS-GradientEstimation-Escape-Specialist-Polisher,Polisher,0.003448057205479347
7289,0.005959473879040902,HOG8-ML01-H1-GPS-GradientEstimation-Escape-Specialist-Polisher,Polisher,0.016333478640908717
7295,0.005959350582738959,HOG8-ML00-H1-GPS-GradientEstimation-Escape-Specialist-Polisher,Polisher,0.0020689125323123995
7299,0.00595906165827973,HOG8-ML00-H1-GPS-GradientEstimation-Escape-Specialist-Polisher,Polisher,0.004848254104496609
7299,0.0059583100953458906,HOG8-ML01-H1-GPS-GradientEstimation-Escape-Specialist-Polisher,Polisher,0.012612101987487842
7309,0.005958090210898157,HOG8-ML00-H1-GPS-GradientEstimation-Escape-Specialist-Polisher,Polisher,0.0036903827463703616
7309,0.005957899520731105,HOG8-ML00-H1-GPS-GradientEstimation-Escape-Specialist-Polisher,Polisher,0.003200525005528143
7314,0.005957059405418436,HOG8-ML01-H1-GPS-GradientEstimation-Escape-Specialist-Polisher,Polisher,0.014100864067043866
7320,0.005956711068539544,HOG8-ML00-H1-GPS-GradientEstimation-Escape-Specialist-Polisher,Polisher,0.005847463575316542
7325,0.005956529134189043,HOG8-ML00-H1-GPS-GradientEstimation-Escape-Specialist-Polisher,Polisher,0.003054275226838582
7325,0.005955808058305086,HOG8-ML01-H1-GPS-GradientEstimation-Escape-Specialist-Polisher,Polisher,0.01210563849705421
7330,0.0059552524420283795,HOG8-ML00-H1-GPS-GradientEstimation-Escape-Specialist-Polisher,Polisher,0.009328982251739008
7332,0.005954727152594911,HOG8-ML01-H1-GPS-GradientEstimation-Escape-Specialist-Polisher,Polisher,0.008820607330794324
7344,0.005954134531678212,HOG8-ML00-H1-GPS-GradientEstimation-Escape-Specialist-Polisher,Polisher,0.009952108661110777
7349,0.005953637252581673,HOG8-ML01-H1-GPS-GradientEstimation-Escape-Specialist-Polisher,Polisher,0.008351828362175049
7353,0.005952970810012664,HOG8-ML00-H1-GPS-GradientEstimation-Escape-Specialist-Polisher,Polisher,0.011193872598134695
7358,0.005952345652881932,HOG8-ML01-H1-GPS-GradientEstimation-Escape-Specialist-Polisher,Polisher,0.010501599128964395
7367,0.005951840995475758,HOG8-ML00-H1-GPS-GradientEstimation-Escape-Specialist-Polisher,Polisher,0.00847829470268683
7369,0.005951298924999834,HOG8-ML01-H1-GPS-GradientEstimation-Escape-Specialist-Polisher,Polisher,0.009107610171975956
7379,0.005951137668178134,HOG8-ML00-H1-GPS-GradientEstimation-Escape-Specialist-Polisher,Polisher,0.0027096071585826745
7382,0.005950832353998027,HOG8-ML01-H1-GPS-GradientEstimation-Escape-Specialist-Polisher,Polisher,0.0051303498109239514
7393,0.005950260818179449,HOG8-ML00-H1-GPS-GradientEstimation-Escape-Specialist-Polisher,Polisher,0.009604300450397505
7398,0.005949903248043939,HOG8-ML00-H1-GPS-GradientEstimation-Escape-Specialist-Polisher,Polisher,0.006009318691003106
7400,0.005949445943495585,HOG8-ML00-H1-GPS-GradientEstimation-Escape-Specialist-Polisher,Polisher,0.007685915708032274
7410,0.005949283713162334,HOG8-ML00-H1-GPS-GradientEstimation-Escape-Specialist-Polisher,Polisher,0.0027268141401945423
7419,0.005949146038162271,HOG8-ML00-H1-GPS-GradientEstimation-Escape-Specialist-Polisher,Polisher,0.002314144134006265
7419,0.005949115320934064,HOG8-ML01-H1-GPS-GradientEstimation-Escape-Specialist-Polisher,Polisher,0.0005163300414909874
7423,0.005948814258627884,HOG8-ML00-H1-GPS-GradientEstimation-Escape-Specialist-Polisher,Polisher,0.005060623133665155
7428,0.0059483646032161925,HOG8-ML00-H1-GPS-GradientEstimation-Escape-Specialist-Polisher,Polisher,0.007558740147910351
7435,0.005948055586695521,HOG8-ML02-H1-GPS-GradientEstimation-Escape-Specialist-Polisher,Polisher,0.005194982844603293
7439,0.0059474573112174725,HOG8-ML00-H1-GPS-GradientEstimation-Escape-Specialist-Polisher,Polisher,0.010058337036840403
7444,0.005947248212608064,HOG8-ML02-H1-GPS-GradientEstimation-Escape-Specialist-Polisher,Polisher,0.0035157647792398968
7450,0.0059467837812765,HOG8-ML00-H1-GPS-GradientEstimation-Escape-Specialist-Polisher,Polisher,0.007809180228597087
7450,0.005946502275315123,HOG8-ML00-H1-GPS-GradientEstimation-Escape-Specialist-Polisher,Polisher,0.0047337514147198605
7454,0.005946369793842655,HOG8-ML02-H1-GPS-GradientEstimation-Escape-Specialist-Polisher,Polisher,0.0022278890402266656
7459,0.005945615550289321,HOG8-ML00-H1-GPS-GradientEstimation-Escape-Specialist-Polisher,Polisher,0.01268410104792228
7466,0.005945460028069034,HOG8-ML02-H1-GPS-GradientEstimation-Escape-Specialist-Polisher,Polisher,0.0026157463255315574
7470,0.005944748493288675,HOG8-ML00-H1-GPS-GradientEstimation-Escape-Specialist-Polisher,Polisher,0.011967699336960664
7480,0.005944585804439949,HOG8-ML02-H1-GPS-GradientEstimation-Escape-Specialist-Polisher,Polisher,0.0027366817773657446
7483,0.005943875596586143,HOG8-ML00-H1-GPS-GradientEstimation-Escape-Specialist-Polisher,Polisher,0.011947137734573345
7488,0.005943751777234175,HOG8-ML02-H1-GPS-GradientEstimation-Escape-Specialist-Polisher,Polisher,0.0020831417137797447
7495,0.005943049001372791,HOG8-ML00-H1-GPS-GradientEstimation-Escape-Specialist-Polisher,Polisher,0.0118237754153125
7505,0.005942473110880745,HOG8-ML00-H1-GPS-GradientEstimation-Escape-Specialist-Polisher,Polisher,0.00969015217464049
7510,0.005942058758148046,HOG8-ML02-H1-GPS-GradientEstimation-Escape-Specialist-Polisher,Polisher,0.006972732143121749
7510,0.005907768374092485,HOG8-ML04-H2-GPS-Sniper-Specialist-Exploiter,Exploiter,0.5770791816647773
7517,0.005904533593435278,HOG8-ML04-H2-GPS-Sniper-Specialist-Refiner,Refiner,0.05475469673781373
7530,0.0058845872525405095,HOG8-ML04-H2-GPS-Sniper-Specialist-Refiner,Refiner,0.3378139962984614
7560,0.005876381694488959,HOG8-ML04-H2-GPS-Sniper-Specialist-Refiner,Refiner,0.13944152239407448
7570,0.0058747026541640275,HOG8-ML04-H2-GPS-Sniper-Specialist-Polisher,Polisher,0.02857269000253174
7579,0.005873700613380172,HOG8-ML04-H2-GPS-Sniper-Specialist-Polisher,Polisher,0.017056876625834907
7588,0.005853336452623353,HOG8-ML04-H2-GPS-Sniper-Specialist-Refiner,Refiner,0.34670069343388576
7599,0.005853335072823168,HOG8-ML04-H2-GPS-Sniper-Specialist-Polisher,Polisher,2.3572883531761114E-05
7614,0.005828075758613886,HOG8-ML04-H2-GPS-Sniper-Specialist-Refiner,Refiner,0.4315371304567831
7619,0.005816244710534815,HOG8-ML04-H2-GPS-Sniper-Specialist-Refiner,Refiner,0.20300093150960125
7630,0.005801454391196648,HOG8-ML04-H2-GPS-Sniper-Specialist-Refiner,Refiner,0.25429327812458546
7644,0.005777408572783163,HOG8-ML04-H2-GPS-Sniper-Specialist-Refiner,Refiner,0.41447914250559176
7653,0.005771331154672734,HOG8-ML04-H2-GPS-Sniper-Specialist-Refiner,Refiner,0.10519280459165396
7668,0.005749537225046508,HOG8-ML04-H2-GPS-Sniper-Specialist-Refiner,Refiner,0.37762396650173935
7679,0.005738486844252351,HOG8-ML04-H2-GPS-Sniper-Specialist-Refiner,Refiner,0.19219600398478212
7690,0.005737049619612564,HOG8-ML04-H2-GPS-Sniper-Specialist-Polisher,Polisher,0.025045359147719572
7706,0.005723025678796321,HOG8-ML04-H2-GPS-Sniper-Specialist-Refiner,Refiner,0.2444451721020647
7713,0.005722950033536516,HOG8-ML04-H2-GPS-Sniper-Specialist-Polisher,Polisher,0.0013217704069627926
7724,0.005718762085354543,HOG8-ML04-H2-GPS-Sniper-Specialist-Refiner,Refiner,0.07317813640571542
7734,0.005717426909643643,HOG8-ML04-H2-GPS-Sniper-Specialist-Polisher,Polisher,0.023347285495927256
7740,0.005713772896732574,HOG8-ML04-H2-GPS-Sniper-Specialist-Refiner,Refiner,0.06391009397785725
7754,0.005704290508522227,HOG8-ML04-H2-GPS-Sniper-Specialist-Refiner,Refiner,0.1659566871439702
7764,0.005675575366717582,HOG8-ML04-H2-GPS-Sniper-Specialist-Exploiter,Exploiter,0.5033955013641792
7784,0.005661793408717916,HOG8-ML04-H2-GPS-Sniper-Specialist-Refiner,Refiner,0.24282926591875062
7795,0.0056603285636908605,HOG8-ML04-H2-GPS-Sniper-Specialist-Polisher,Polisher,0.025872456328064435
7805,0.005649569622331338,HOG8-ML04-H2-GPS-Sniper-Specialist-Refiner,Refiner,0.19007626922115398
7826,0.005647634568491784,HOG8-ML04-H2-GPS-Sniper-Specialist-Polisher,Polisher,0.034251349552441565
7865,0.005647628292100445,HOG8-ML04-H2-GPS-Sniper-Specialist-Polisher,Polisher,0.00011113309940347274
7874,0.005638780498076944,HOG8-ML04-H2-GPS-Sniper-Specialist-Refiner,Refiner,0.1566638873149178
7891,0.005631191624158743,HOG8-ML04-H2-GPS-Sniper-Specialist-Refiner,Refiner,0.13458360226629068
7905,0.005629534955701036,HOG8-ML04-H2-GPS-Sniper-Specialist-Polisher,Polisher,0.02941950067192517
7915,0.005618839179216653,HOG8-ML04-H2-GPS-Sniper-Specialist-Refiner,Refiner,0.1899939616424452
7925,0.00560975727852774,HOG8-ML04-H2-GPS-Sniper-Specialist-Refiner,Refiner,0.16163304197255116
7937,0.005609719302501116,HOG8-ML04-H2-GPS-Sniper-Specialist-Polisher,Polisher,0.0006769638103429478
7950,0.005601514141897954,HOG8-ML04-H2-GPS-Sniper-Specialist-Refiner,Refiner,0.14626686578603415
7966,0.005595819335521075,HOG8-ML04-H2-GPS-Sniper-Specialist-Refiner,Refiner,0.10166548245024037
7979,0.005583088945967852,HOG8-ML04-H2-GPS-Sniper-Specialist-Refiner,Refiner,0.22749822304685674
7989,0.005552489124930976,HOG8-ML04-H2-GPS-Sniper-Specialist-Exploiter,Exploiter,0.5480804861433407
8011,0.0055521034486229,HOG8-ML04-H2-GPS-Sniper-Specialist-Polisher,Polisher,0.006946007446356315
8021,0.005533353906029078,HOG8-ML04-H2-GPS-Sniper-Specialist-Refiner,Refiner,0.33770160745965544
8029,0.005523957072483179,HOG8-ML04-H2-GPS-Sniper-Specialist-Refiner,Refiner,0.1698216616085291
8040,0.005523503506217066,HOG8-ML04-H2-GPS-Sniper-Specialist-Polisher,Polisher,0.008210894113794902
8050,0.005521062291596946,HOG8-ML04-H2-GPS-Sniper-Specialist-Polisher,Polisher,0.044196851099513206
8073,0.005518170621732145,HOG8-ML04-H2-GPS-Sniper-Specialist-Refiner,Refiner,0.05237524432938252
8084,0.00550783970365403,HOG8-ML04-H2-GPS-Sniper-Specialist-Refiner,Refiner,0.18721635821533628
8094,0.005507087403871578,HOG8-ML04-H2-GPS-Sniper-Specialist-Polisher,Polisher,0.01365870873026567
8104,0.005498037798637196,HOG8-ML04-H2-GPS-Sniper-Specialist-Refiner,Refiner,0.164326522728137
8114,0.005486463795514573,HOG8-ML04-H2-GPS-Sniper-Specialist-Refiner,Refiner,0.21051152332004675
8123,0.005468660024636099,HOG8-ML04-H2-GPS-Sniper-Specialist-Refiner,Refiner,0.324503569913822
8133,0.005465305287031018,HOG8-ML04-H2-GPS-Sniper-Specialist-Refiner,Refiner,0.06134478263355012
8143,0.005463022017103686,HOG8-ML04-H2-GPS-Sniper-Specialist-Polisher,Polisher,0.04177753679652569
8153,0.005462785838780562,HOG8-ML04-H2-GPS-Sniper-Specialist-Polisher,Polisher,0.004323217486308477
8169,0.005445145326564062,HOG8-ML04-H2-GPS-Sniper-Specialist-Refiner,Refiner,0.3229215410801851
8179,0.0054451440740204285,HOG8-ML04-H2-GPS-Sniper-Specialist-Polisher,Polisher,2.3002942216031987E-05
8199,0.0053832180923176366,HOG8-ML04-H2-GPS-Sniper-Specialist-Exploiter,Exploiter,1.137269847426991
8219,0.005366502068048598,HOG8-ML04-H2-GPS-Sniper-Specialist-Refiner,Refiner,0.3105210300302244
8228,0.005364818261797405,HOG8-ML04-H2-GPS-Sniper-Specialist-Polisher,Polisher,0.03137623408771755
8238,0.005359260282074107,HOG8-ML04-H2-GPS-Sniper-Specialist-Refiner,Refiner,0.1036005219948646
8250,0.0053450738448070165,HOG8-ML04-H2-GPS-Sniper-Specialist-Refiner,Refiner,0.2647088687694877
8259,0.005341179904811917,HOG8-ML04-H2-GPS-Sniper-Specialist-Refiner,Refiner,0.07285100464762957
8276,0.005328387354380518,HOG8-ML04-H2-GPS-Sniper-Specialist-Refiner,Refiner,0.23950794879374196
8304,0.005301445926759026,HOG8-ML04-H2-GPS-Sniper-Specialist-Exploiter,Exploiter,0.5056206658726335
8310,0.005300427240861021,HOG8-ML04-H2-GPS-Sniper-Specialist-Polisher,Polisher,0.019215246407842168
8320,0.0053002916860518225,HOG8-ML04-H2-GPS-Sniper-Specialist-Polisher,Polisher,0.0025574317510418
8335,0.005290572674013247,HOG8-ML04-H2-GPS-Sniper-Specialist-Refiner,Refiner,0.1833674939843846
8343,0.0052854851324329955,HOG8-ML04-H2-GPS-Sniper-Specialist-Refiner,Refiner,0.09616239854790372
8350,0.005284336435449755,HOG8-ML04-H2-GPS-Sniper-Specialist-Polisher,Polisher,0.021733047288163505
8364,0.005263870207893221,HOG8-ML04-H2-GPS-Sniper-Specialist-Refiner,Refiner,0.38729985886660995
8395,0.005263706056086269,HOG8-ML04-H2-GPS-Sniper-Specialist-Polisher,Polisher,0.0031184622809624874
8403,0.0052555664595515805,HOG8-ML04-H2-GPS-Sniper-Specialist-Refiner,Refiner,0.15463622869436536
8415,0.005243322532007325,HOG8-ML04-H2-GPS-Sniper-Specialist-Refiner,Refiner,0.23297065384841414
8430,0.005241546285200777,HOG8-ML04-H2-GPS-Sniper-Specialist-Polisher,Polisher,0.033876359802502705
8444,0.005218301756992488,HOG8-ML04-H2-GPS-Sniper-Specialist-Refiner,Refiner,0.4434670027415154
8455,0.005216052084938615,HOG8-ML04-H2-GPS-Sniper-Specialist-Polisher,Polisher,0.043111191315416963
8469,0.005212224905180284,HOG8-ML04-H2-GPS-Sniper-Specialist-Refiner,Refiner,0.07337311238478889
8478,0.005211291834300617,HOG8-ML04-H2-GPS-Sniper-Specialist-Polisher,Polisher,0.017901585151078248
8489,0.0051924143076554005,HOG8-ML04-H2-GPS-Sniper-Specialist-Refiner,Refiner,0.3622427460493602
8509,0.005192254726939893,HOG8-ML04-H2-GPS-Sniper-Specialist-Polisher,Polisher,0.0030733432667747313
8519,0.005179044515971605,HOG8-ML04-H2-GPS-Sniper-Specialist-Refiner,Refiner,0.2544214731944406
8531,0.005178382283683567,HOG8-ML04-H2-GPS-Sniper-Specialist-Polisher,Polisher,0.01278676570544515
8540,0.005172408838005501,HOG8-ML04-H2-GPS-Sniper-Specialist-Refiner,Refiner,0.1153535090850182
8560,0.005133565176345438,HOG8-ML04-H2-GPS-Sniper-Specialist-Exploiter,Exploiter,0.7509781781874989
8574,0.005123993376482627,HOG8-ML04-H2-GPS-Sniper-Specialist-Refiner,Refiner,0.18645521258630263
8595,0.005110658666299521,HOG8-ML04-H2-GPS-Sniper-Specialist-Refiner,Refiner,0.26024058197083244
8620,0.005110460054606308,HOG8-ML04-H2-GPS-Sniper-Specialist-Polisher,Polisher,0.003886224969845549
8630,0.00510102663643198,HOG8-ML04-H2-GPS-Sniper-Specialist-Refiner,Refiner,0.18459039056230095
8644,0.0051000578251549356,HOG8-ML04-H2-GPS-Sniper-Specialist-Polisher,Polisher,0.018992476340448195
8654,0.005097478083598081,HOG8-ML04-H2-GPS-Sniper-Specialist-Refiner,Refiner,0.05058259426257707
8724,0.005097477744677487,HOG8-ML04-H2-GPS-Sniper-Specialist-Polisher,Polisher,6.64878962279884E-06
8743,0.0050895639916738854,HOG8-ML04-H2-GPS-Sniper-Specialist-Refiner,Refiner,0.1552484071532131
8758,0.005087075632153095,HOG8-ML04-H2-GPS-Sniper-Specialist-Polisher,Polisher,0.04889140847547594
8770,0.005082345115776242,HOG8-ML04-H2-GPS-Sniper-Specialist-Refiner,Refiner,0.09299087961173257
8784,0.0050816049058178036,HOG8-ML04-H2-GPS-Sniper-Specialist-Polisher,Polisher,0.014564338736873508
8792,0.005072843256381181,HOG8-ML04-H2-GPS-Sniper-Specialist-Refiner,Refiner,0.17241894242096426
8799,0.005060661863020964,HOG8-ML04-H2-GPS-Sniper-Specialist-Refiner,Refiner,0.24012950419656068
8813,0.005057985191536364,HOG8-ML04-H2-GPS-Sniper-Specialist-Refiner,Refiner,0.05289172754573098
8824,0.00505171369164816,HOG8-ML04-H2-GPS-Sniper-Specialist-Refiner,Refiner,0.12399205712777461
8834,0.005049485940824731,HOG8-ML04-H2-GPS-Sniper-Specialist-Polisher,Polisher,0.04409891295130508
8844,0.005048884324533816,HOG8-ML04-H2-GPS-Sniper-Specialist-Polisher,Polisher,0.011914406693386847
8854,0.005038552871620552,HOG8-ML04-H2-GPS-Sniper-Specialist-Refiner,Refiner,0.2046284337127854
8864,0.005034632033796714,HOG8-ML04-H2-GPS-Sniper-Specialist-Refiner,Refiner,0.07781674468320693
8875,0.0050336461203880755,HOG8-ML04-H2-GPS-Sniper-Specialist-Polisher,Polisher,0.019582630905706548
8884,0.005033645540274097,HOG8-ML04-H2-GPS-Sniper-Specialist-Polisher,Polisher,1.1524727100026264E-05
8896,0.005028764191957364,HOG8-ML04-H2-GPS-Sniper-Specialist-Refiner,Refiner,0.0969744150174562
8917,0.00502875991678116,HOG8-ML04-H2-GPS-Sniper-Specialist-Polisher,Polisher,8.50144496800747E-05
8928,0.0050283900111079225,HOG8-ML04-H2-GPS-Sniper-Specialist-Polisher,Polisher,0.0073558030082818025
8938,0.0050214652129938545,HOG8-ML04-H2-GPS-Sniper-Specialist-Refiner,Refiner,0.13771402175986527
8945,0.004992674066870253,HOG8-ML04-H2-GPS-Sniper-Specialist-Exploiter,Exploiter,0.5733614573112953
8958,0.0049855891419854515,HOG8-ML04-H2-GPS-Sniper-Specialist-Refiner,Refiner,0.14190641708047555
8969,0.0049853530329402405,HOG8-ML04-H2-GPS-Sniper-Specialist-Polisher,Polisher,0.004735830380058431
8979,0.0049852398379468185,HOG8-ML04-H2-GPS-Sniper-Specialist-Polisher,Polisher,0.002270551206183951
8999,0.004981381311129246,HOG8-ML04-H2-GPS-Sniper-Specialist-Refiner,Refiner,0.07739902076932025
9009,0.004980455703417758,HOG8-ML04-H2-GPS-Sniper-Specialist-Polisher,Polisher,0.01858134629083002
9018,0.004978875535105857,HOG8-ML04-H2-GPS-Sniper-Specialist-Polisher,Polisher,0.031727384119020825
9032,0.004974986511266014,HOG8-ML04-H2-GPS-Sniper-Specialist-Refiner,Refiner,0.07811048523751828
9044,0.004974437320894672,HOG8-ML04-H2-GPS-Sniper-Specialist-Polisher,Polisher,0.01103903236919653
9060,0.004959832073207329,HOG8-ML04-H2-GPS-Sniper-Specialist-Refiner,Refiner,0.2936060250672944
9084,0.004959221213965855,HOG8-ML04-H2-GPS-Sniper-Specialist-Polisher,Polisher,0.01231612749096174
9090,0.004940553580822682,HOG8-ML04-H2-GPS-Sniper-Specialist-Refiner,Refiner,0.37642267480633146
9100,0.004936550013560509,HOG8-ML04-H2-GPS-Sniper-Specialist-Refiner,Refiner,0.0810347908726892
9119,0.004928306590076876,HOG8-ML04-H2-GPS-Sniper-Specialist-Refiner,Refiner,0.16698754111654918
9138,0.004924676693077119,HOG8-ML04-H2-GPS-Sniper-Specialist-Refiner,Refiner,0.07365404187850563
9169,0.00492346690598802,HOG8-ML04-H2-GPS-Sniper-Specialist-Polisher,Polisher,0.024565817504318604
9182,0.004913892032295259,HOG8-ML04-H2-GPS-Sniper-Specialist-Refiner,Refiner,0.19447421655492905
9224,0.0049116462081586956,HOG8-ML04-H2-GPS-Sniper-Specialist-Polisher,Polisher,0.04570357105535229
9234,0.004905650410407041,HOG8-ML04-H2-GPS-Sniper-Specialist-Refiner,Refiner,0.12207307891384876
9244,0.004897160048300855,HOG8-ML04-H2-GPS-Sniper-Specialist-Refiner,Refiner,0.17307311764764724
9279,0.004868391937825782,HOG8-ML04-H2-GPS-Sniper-Specialist-Exploiter,Exploiter,0.5874447678109765
9295,0.004861311151967534,HOG8-ML04-H2-GPS-Sniper-Specialist-Refiner,Refiner,0.1454440387848092
9309,0.004859664295339078,HOG8-ML04-H2-GPS-Sniper-Specialist-Polisher,Polisher,0.03387679942661652
9345,0.0048575638353174,HOG8-ML04-H2-GPS-Sniper-Specialist-Polisher,Polisher,0.043222327593553454
9351,0.004853874019860529,HOG8-ML04-H2-GPS-Sniper-Specialist-Refiner,Refiner,0.07596020519676053
9359,0.004851522311040633,HOG8-ML04-H2-GPS-Sniper-Specialist-Polisher,Polisher,0.04845014127424435
9375,0.004841997467154668,HOG8-ML04-H2-GPS-Sniper-Specialist-Refiner,Refiner,0.1963269109221488
9404,0.0048390692850173046,HOG8-ML04-H2-GPS-Sniper-Specialist-Refiner,Refiner,0.06047467305025643
9414,0.004837867005833479,HOG8-ML04-H2-GPS-Sniper-Specialist-Polisher,Polisher,0.024845256660167007
9423,0.004837808001374655,HOG8-ML04-H2-GPS-Sniper-Specialist-Polisher,Polisher,0.0012196378848975753
9453,0.004825598394668661,HOG8-ML04-H2-GPS-Sniper-Specialist-Refiner,Refiner,0.25237890181925926
9463,0.004824080848067828,HOG8-ML04-H2-GPS-Sniper-Specialist-Polisher,Polisher,0.03144784287290161
9480,0.0048239638314709656,HOG8-ML04-H2-GPS-Sniper-Specialist-Polisher,Polisher,0.0024256765288177182
9498,0.0048223219267827236,HOG8-ML04-H2-GPS-Sniper-Specialist-Polisher,Polisher,0.034036422029750865
9508,0.004820930580418151,HOG8-ML04-H2-GPS-Sniper-Specialist-Polisher,Polisher,0.028852208245263036
9518,0.004815542196670265,HOG8-ML04-H2-GPS-Sniper-Specialist-Refiner,Refiner,0.1117706147807421
9536,0.004814283819715532,HOG8-ML04-H2-GPS-Sniper-Specialist-Polisher,Polisher,0.026131573628465063
9555,0.004804824420387718,HOG8-ML04-H2-GPS-Sniper-Specialist-Refiner,Refiner,0.19648611677351283
9600,0.004804709620937184,HOG8-ML04-H2-GPS-Sniper-Specialist-Polisher,Polisher,0.0023892538101138463
9618,0.00479751261166057,HOG8-ML04-H2-GPS-Sniper-Specialist-Refiner,Refiner,0.14979072294510146
9644,0.004797494612850041,HOG8-ML04-H2-GPS-Sniper-Specialist-Polisher,Polisher,0.00037516963446964404
9662,0.004793387219771585,HOG8-ML04-H2-GPS-Sniper-Specialist-Refiner,Refiner,0.08561537656455476
9673,0.004784690259890001,HOG8-ML04-H2-GPS-Sniper-Specialist-Refiner,Refiner,0.18143662263943378
9685,0.0047836953698289246,HOG8-ML04-H2-GPS-Sniper-Specialist-Polisher,Polisher,0.020793196780508387
9692,0.004776443334264809,HOG8-ML04-H2-GPS-Sniper-Specialist-Refiner,Refiner,0.1515990255118293
9713,0.00477355015860178,HOG8-ML04-H2-GPS-Sniper-Specialist-Refiner,Refiner,0.06057175727962277
9723,0.0047655048653313225,HOG8-ML04-H2-GPS-Sniper-Specialist-Refiner,Refiner,0.16853899096377928
9735,0.004761111052014205,HOG8-ML04-H2-GPS-Sniper-Specialist-Refiner,Refiner,0.09220037417404403
9774,0.004743833946297808,HOG8-ML04-H2-GPS-Sniper-Specialist-Refiner,Refiner,0.3628797044985513
9804,0.004741697380911485,HOG8-ML04-H2-GPS-Sniper-Specialist-Polisher,Polisher,0.04503878952150204
9824,0.004719537814436995,HOG8-ML04-H2-GPS-Sniper-Specialist-Refiner,Refiner,0.4673340513820558
9849,0.004717864022836372,HOG8-ML04-H2-GPS-Sniper-Specialist-Polisher,Polisher,0.03546515922602422
9857,0.004716834410449561,HOG8-ML04-H2-GPS-Sniper-Specialist-Polisher,Polisher,0.021823697796868925
9873,0.0047131718759305,HOG8-ML04-H2-GPS-Sniper-Specialist-Refiner,Refiner,0.07764814704851265
9884,0.0047122999395514415,HOG8-ML04-H2-GPS-Sniper-Specialist-Polisher,Polisher,0.018499991131486773
9893,0.004710231489145372,HOG8-ML04-H2-GPS-Sniper-Specialist-Polisher,Polisher,0.04389471028166642
9902,0.004696940606938001,HOG8-ML04-H2-GPS-Sniper-Specialist-Refiner,Refiner,0.28217046737511625
9913,0.004696929667514316,HOG8-ML04-H2-GPS-Sniper-Specialist-Polisher,Polisher,0.00023290530155858634
9945,0.004696908073913125,HOG8-ML04-H2-GPS-Sniper-Specialist-Polisher,Polisher,0.0004597386531108262
9961,0.00469053187821016,HOG8-ML04-H2-GPS-Sniper-Specialist-Refiner,Refiner,0.13575304439911484
9986,0.004689911789039195,HOG8-ML04-H2-GPS-Sniper-Specialist-Polisher,Polisher,0.013220018263731634
10000,0.004673470832019571,HOG8-ML04-H2-GPS-Sniper-Specialist-Refiner,Refiner,0.35056004801727514
10015,0.004660531507980301,HOG8-ML04-H2-GPS-Sniper-Specialist-Refiner,Refiner,0.2768675467196339
10023,0.004653495643714054,HOG8-ML04-H2-GPS-Sniper-Specialist-Refiner,Refiner,0.15096699280327455
10034,0.004641361565202236,HOG8-ML04-H2-GPS-Sniper-Specialist-Refiner,Refiner,0.2607519043927522
10043,0.004626669205233153,HOG8-ML04-H2-GPS-Sniper-Specialist-Refiner,Refiner,0.31655279948961085
10052,0.0046232713704348095,HOG8-ML04-H2-GPS-Sniper-Specialist-Refiner,Refiner,0.07344019309832071
10063,0.004614806016844072,HOG8-ML04-H2-GPS-Sniper-Specialist-Refiner,Refiner,0.18310310843685787
10000,0.0045967374315986536,Final,Final,0
