TimeMs,BestQuality,Source,Role,DeltaPct
8,159665.81394457206,HOG8-ML00-H1-GPS-GradientEstimation-Escape-Specialist-Global Explorer,Global Explorer,100
8,140236.77656121817,HOG8-ML00-H2-GPS-GradientEstimation-Escape-Specialist-Local Explorer,Local Explorer,12.168564392938038
8,97225.61308012297,HOG8-ML01-H2-GPS-GradientEstimation-Escape-Specialist-Local Explorer,Local Explorer,30.67038799363685
16,417.43580836496363,HOG8-ML00-H1-GPS-GradientEstimation-Escape-Specialist-Global Explorer,Global Explorer,99.57065242877826
16,109.80619884450152,HOG8-ML06-H2-GPS-Spray-Specialist-Global Explorer,Global Explorer,73.69506960253442
24,81.5058070678013,HOG8-ML06-H1-GPS-Spray-Specialist-Local Explorer,Local Explorer,25.773036563060437
37,41.35596480401477,HOG8-ML06-H1-GPS-Spray-Specialist-Local Explorer,Local Explorer,49.26010024094056
45,28.363086770259006,HOG8-ML06-H1-GPS-Spray-Specialist-Local Explorer,Local Explorer,31.417180315654093
56,24.44934245366124,HOG8-ML06-H1-GPS-Spray-Specialist-Local Explorer,Local Explorer,13.798724900075554
67,22.23067211916083,HOG8-ML06-H1-GPS-Spray-Specialist-Local Explorer,Local Explorer,9.074560343311692
76,21.69713576100088,HOG8-ML06-H1-GPS-Spray-Specialist-Exploiter,Exploiter,2.4000010224616166
87,21.0968512512814,HOG8-ML06-H1-GPS-Spray-Specialist-Exploiter,Exploiter,2.7666532409243145
96,20.756303628511155,HOG8-ML06-H1-GPS-Spray-Specialist-Exploiter,Exploiter,1.6142106644922216
105,20.632343039819595,HOG8-ML06-H1-GPS-Spray-Specialist-Exploiter,Exploiter,0.5972189986722191
119,20.534913699065065,HOG8-ML06-H1-GPS-Spray-Specialist-Refiner,Refiner,0.4722165609911373
128,20.41200819330356,HOG8-ML06-H1-GPS-Spray-Specialist-Exploiter,Exploiter,0.5985197092262468
137,20.322317536925084,HOG8-ML06-H1-GPS-Spray-Specialist-Refiner,Refiner,0.43940143237792895
147,20.239913287579164,HOG8-ML06-H1-GPS-Spray-Specialist-Refiner,Refiner,0.4054864766097373
157,20.183387639551547,HOG8-ML06-H1-GPS-Spray-Specialist-Refiner,Refiner,0.2792781136187221
166,20.042629205021917,HOG8-ML06-H1-GPS-Spray-Specialist-Exploiter,Exploiter,0.6973974688659227
181,20.027714852252426,HOG8-ML06-H1-GPS-Spray-Specialist-Refiner,Refiner,0.07441315516506228
193,19.99189785771333,HOG8-ML06-H1-GPS-Spray-Specialist-Refiner,Refiner,0.17883715043540652
198,19.951022291934127,HOG8-ML06-H1-GPS-Spray-Specialist-Refiner,Refiner,0.20446065736291313
209,19.8637724323178,HOG8-ML06-H1-GPS-Spray-Specialist-Refiner,Refiner,0.4373202452467909
221,19.840355033369967,HOG8-ML06-H1-GPS-Spray-Specialist-Refiner,Refiner,0.11788998805550154
231,19.81932763484496,HOG8-ML06-H1-GPS-Spray-Specialist-Refiner,Refiner,0.10598297505080136
240,19.809872847461868,HOG8-ML06-H1-GPS-Spray-Specialist-Polisher,Polisher,0.04770488463225747
251,19.80221857925567,HOG8-ML06-H1-GPS-Spray-Specialist-Polisher,Polisher,0.03863865389312571
261,19.774272178141455,HOG8-ML06-H1-GPS-Spray-Specialist-Refiner,Refiner,0.14112762669678766
274,19.747320671215267,HOG8-ML06-H1-GPS-Spray-Specialist-Refiner,Refiner,0.1362958225890145
282,19.727554450505963,HOG8-ML06-H1-GPS-Spray-Specialist-Refiner,Refiner,0.10009570937953208
291,19.71174293986209,HOG8-ML06-H1-GPS-Spray-Specialist-Refiner,Refiner,0.08014937017936302
300,19.71031234497102,HOG8-ML06-H1-GPS-Spray-Specialist-Polisher,Polisher,0.007257576843595212
307,19.7074086739942,HOG8-ML06-H1-GPS-Spray-Specialist-Polisher,Polisher,0.014731734972031051
313,19.699246566443183,HOG8-ML06-H1-GPS-Spray-Specialist-Polisher,Polisher,0.04141644234427599
323,19.675970562728608,HOG8-ML06-H1-GPS-Spray-Specialist-Refiner,Refiner,0.11815682206965301
331,19.652458055024702,HOG8-ML06-H2-GPS-Spray-Specialist-Refiner,Refiner,0.11949859158889255
343,19.58707465173658,HOG8-ML06-H2-GPS-Spray-Specialist-Refiner,Refiner,0.3326983479881105
352,19.582348632733247,HOG8-ML06-H2-GPS-Spray-Specialist-Polisher,Polisher,0.024128253388328313
362,19.557812560909525,HOG8-ML06-H2-GPS-Spray-Specialist-Refiner,Refiner,0.12529687977624804
376,19.50787067999609,HOG8-ML06-H1-GPS-Spray-Specialist-Refiner,Refiner,0.25535514648124
387,19.466420387876326,HOG8-ML06-H1-GPS-Spray-Specialist-Refiner,Refiner,0.21247983852110855
397,19.418792922072733,HOG8-ML06-H1-GPS-Spray-Specialist-Refiner,Refiner,0.24466473473086864
405,19.3948575859391,HOG8-ML06-H1-GPS-Spray-Specialist-Refiner,Refiner,0.12325861977974027
412,14.698581049577102,HOG8-ML05-H1-GPS-JADE-Specialist-Local Explorer,Local Explorer,24.21402949494565
420,8.486054031420524,HOG8-ML05-H1-GPS-JADE-Specialist-Local Explorer,Local Explorer,42.26616839545421
432,8.268307397848206,HOG8-ML05-H1-GPS-JADE-Specialist-Exploiter,Exploiter,2.565935036073161
441,7.881676751807987,HOG8-ML05-H1-GPS-JADE-Specialist-Exploiter,Exploiter,4.676055538777356
449,7.567574972850764,HOG8-ML05-H1-GPS-JADE-Specialist-Exploiter,Exploiter,3.9852151876841555
466,7.388630998208816,HOG8-ML05-H1-GPS-JADE-Specialist-Exploiter,Exploiter,2.3646144938626
478,7.13364307242556,HOG8-ML05-H1-GPS-JADE-Specialist-Exploiter,Exploiter,3.4510848605793334
483,6.016147333360195,HOG8-ML05-H1-GPS-JADE-Specialist-Local Explorer,Local Explorer,15.665147915585266
495,5.849002579029468,HOG8-ML05-H1-GPS-JADE-Specialist-Exploiter,Exploiter,2.7782689663182008
507,5.8409977863055875,HOG8-ML05-H1-GPS-JADE-Specialist-Refiner,Refiner,0.1368573977481324
523,5.606050913146143,HOG8-ML05-H1-GPS-JADE-Specialist-Exploiter,Exploiter,4.022375658321339
533,5.5456404370047885,HOG8-ML05-H1-GPS-JADE-Specialist-Exploiter,Exploiter,1.0775941402831857
543,5.509946175251722,HOG8-ML05-H1-GPS-JADE-Specialist-Exploiter,Exploiter,0.6436454393055676
553,5.421018293460648,HOG8-ML05-H1-GPS-JADE-Specialist-Exploiter,Exploiter,1.6139519146393704
564,5.093376024709029,HOG8-ML05-H1-GPS-JADE-Specialist-Local Explorer,Local Explorer,6.0439247944773165
578,5.006564289559401,HOG8-ML05-H1-GPS-JADE-Specialist-Exploiter,Exploiter,1.7044045978244202
586,4.976229990855056,HOG8-ML05-H1-GPS-JADE-Specialist-Exploiter,Exploiter,0.6058905259162288
599,4.96482557268602,HOG8-ML05-H1-GPS-JADE-Specialist-Refiner,Refiner,0.2291778754196294
608,4.959561110005164,HOG8-ML05-H1-GPS-JADE-Specialist-Refiner,Refiner,0.10603519909779346
627,4.645059881283496,HOG8-ML05-H1-GPS-JADE-Specialist-Local Explorer,Local Explorer,6.3413116956500355
659,4.585159000954919,HOG8-ML05-H1-GPS-JADE-Specialist-Exploiter,Exploiter,1.2895609929580827
668,4.555478131259756,HOG8-ML05-H1-GPS-JADE-Specialist-Exploiter,Exploiter,0.6473247642880323
690,4.532051681642381,HOG8-ML05-H1-GPS-JADE-Specialist-Exploiter,Exploiter,0.5142478778818501
702,4.5262798874802375,HOG8-ML05-H1-GPS-JADE-Specialist-Refiner,Refiner,0.12735499432900768
712,4.514935164777208,HOG8-ML05-H1-GPS-JADE-Specialist-Refiner,Refiner,0.25064121055370225
732,4.263159391739693,HOG8-ML05-H1-GPS-JADE-Specialist-Local Explorer,Local Explorer,5.576509160125209
741,4.212040392116725,HOG8-ML05-H1-GPS-JADE-Specialist-Exploiter,Exploiter,1.1990872244189712
762,4.141903641082025,HOG8-ML05-H1-GPS-JADE-Specialist-Exploiter,Exploiter,1.6651490609151858
782,4.033180998794185,HOG8-ML05-H1-GPS-JADE-Specialist-Exploiter,Exploiter,2.624943786945209
802,4.032651033580457,HOG8-ML05-H1-GPS-JADE-Specialist-Polisher,Polisher,0.013140129686376088
832,3.9710515929278936,HOG8-ML05-H1-GPS-JADE-Specialist-Exploiter,Exploiter,1.527517261960339
854,3.9670977091446566,HOG8-ML05-H1-GPS-JADE-Specialist-Refiner,Refiner,0.0995676759848309
898,3.966515045600932,HOG8-ML05-H1-GPS-JADE-Specialist-Polisher,Polisher,0.014687400877003376
927,3.722681051081213,HOG8-ML05-H1-GPS-JADE-Specialist-Local Explorer,Local Explorer,6.147310465647757
948,3.7196208269199817,HOG8-ML05-H1-GPS-JADE-Specialist-Refiner,Refiner,0.08220484428400354
1022,3.5426265961938586,HOG8-ML05-H1-GPS-JADE-Specialist-Exploiter,Exploiter,4.758394442927201
1036,3.0120769913673664,HOG8-ML05-H1-GPS-JADE-Specialist-Local Explorer,Local Explorer,14.976165012606923
1127,3.0112703805628778,HOG8-ML05-H1-GPS-JADE-Specialist-Polisher,Polisher,0.026779222669287003
1137,2.9779328948439314,HOG8-ML05-H1-GPS-JADE-Specialist-Exploiter,Exploiter,1.1070904138709319
1148,2.970151476227407,HOG8-ML05-H1-GPS-JADE-Specialist-Refiner,Refiner,0.2613026851611579
1192,2.9451336482243313,HOG8-ML05-H1-GPS-JADE-Specialist-Exploiter,Exploiter,0.8423081517327987
1201,2.9450358644380437,HOG8-ML05-H1-GPS-JADE-Specialist-Polisher,Polisher,0.0033201816272962507
1229,2.9449626657624974,HOG8-ML05-H1-GPS-JADE-Specialist-Polisher,Polisher,0.002485493519115225
1242,2.944906745688948,HOG8-ML05-H1-GPS-JADE-Specialist-Polisher,Polisher,0.0018988381143028284
1282,2.8220814903745897,HOG8-ML05-H1-GPS-JADE-Specialist-Exploiter,Exploiter,4.17076892143231
1328,2.8202328224687996,HOG8-ML05-H1-GPS-JADE-Specialist-Refiner,Refiner,0.06550724747302378
1335,2.813172734811201,HOG8-ML05-H1-GPS-JADE-Specialist-Refiner,Refiner,0.25033705023751407
1348,2.7100563571935705,HOG8-ML05-H1-GPS-JADE-Specialist-Exploiter,Exploiter,3.6654833292542515
1357,2.709219414515877,HOG8-ML05-H1-GPS-JADE-Specialist-Polisher,Polisher,0.03088285140167517
1378,2.7060210675375145,HOG8-ML05-H1-GPS-JADE-Specialist-Refiner,Refiner,0.11805418790466722
1409,2.7019141048942044,HOG8-ML05-H1-GPS-JADE-Specialist-Refiner,Refiner,0.1517712737930553
1431,2.65509306202201,HOG8-ML05-H1-GPS-JADE-Specialist-Exploiter,Exploiter,1.732884209286422
1441,2.6310377660117665,HOG8-ML05-H1-GPS-JADE-Specialist-Exploiter,Exploiter,0.9060057575505116
1528,2.6300530965270155,HOG8-ML05-H1-GPS-JADE-Specialist-Polisher,Polisher,0.03742513685934915
1568,2.6248179398544775,HOG8-ML05-H1-GPS-JADE-Specialist-Refiner,Refiner,0.19905136818153807
1597,2.6225976235769903,HOG8-ML05-H1-GPS-JADE-Specialist-Refiner,Refiner,0.08458934403695428
1607,2.6202455159600926,HOG8-ML05-H1-GPS-JADE-Specialist-Refiner,Refiner,0.08968617967744824
1688,2.6198664577246826,HOG8-ML05-H1-GPS-JADE-Specialist-Polisher,Polisher,0.014466515946734291
1709,2.61986435578956,HOG8-ML05-H1-GPS-JADE-Specialist-Polisher,Polisher,8.023062078782915E-05
1867,2.6180194475585385,HOG8-ML05-H1-GPS-JADE-Specialist-Refiner,Refiner,0.07041999052142638
1919,2.6177221244719537,HOG8-ML05-H1-GPS-JADE-Specialist-Polisher,Polisher,0.011356794421908617
2100,2.615026497768754,HOG8-ML05-H1-GPS-JADE-Specialist-Refiner,Refiner,0.10297604463053665
2110,2.614051519167253,HOG8-ML05-H1-GPS-JADE-Specialist-Polisher,Polisher,0.03728369874388907
2151,2.6074883223319163,HOG8-ML05-H1-GPS-JADE-Specialist-Refiner,Refiner,0.25107373696397545
2214,2.606910558548283,HOG8-ML05-H1-GPS-JADE-Specialist-Polisher,Polisher,0.022157866583149163
2254,2.6067644324456882,HOG8-ML05-H1-GPS-JADE-Specialist-Polisher,Polisher,0.005605336251963388
2320,2.606635535617061,HOG8-ML05-H1-GPS-JADE-Specialist-Polisher,Polisher,0.004944705667405214
2331,2.6021352771261372,HOG8-ML05-H1-GPS-JADE-Specialist-Refiner,Refiner,0.17264624952097934
2390,2.598008051319584,HOG8-ML05-H1-GPS-JADE-Specialist-Refiner,Refiner,0.1586091946423192
2420,2.597419071511327,HOG8-ML05-H1-GPS-JADE-Specialist-Polisher,Polisher,0.022670438144240117
2560,2.597214165538113,HOG8-ML05-H1-GPS-JADE-Specialist-Polisher,Polisher,0.00788882993357902
2609,2.596490314291949,HOG8-ML05-H1-GPS-JADE-Specialist-Polisher,Polisher,0.02787029486319075
2649,2.596351590986592,HOG8-ML05-H1-GPS-JADE-Specialist-Polisher,Polisher,0.005342723775765939
2705,2.587489073478624,HOG8-ML05-H1-GPS-JADE-Specialist-Refiner,Refiner,0.3413450450522573
2745,2.5819816159854287,HOG8-ML05-H1-GPS-JADE-Specialist-Refiner,Refiner,0.21284949759385074
2765,2.581578641846139,HOG8-ML05-H1-GPS-JADE-Specialist-Polisher,Polisher,0.015607165318104552
2805,2.581573423104746,HOG8-ML05-H1-GPS-JADE-Specialist-Polisher,Polisher,0.00020215310539900916
2821,2.5705877285607976,HOG8-ML05-H1-GPS-JADE-Specialist-Refiner,Refiner,0.42554259528812316
2826,2.570449527764675,HOG8-ML05-H1-GPS-JADE-Specialist-Polisher,Polisher,0.005376233403244494
2880,2.5699298612925987,HOG8-ML05-H1-GPS-JADE-Specialist-Polisher,Polisher,0.02021694907692923
2910,2.5647403833074573,HOG8-ML05-H1-GPS-JADE-Specialist-Refiner,Refiner,0.20193072438682047
2981,2.5614080647503177,HOG8-ML05-H1-GPS-JADE-Specialist-Refiner,Refiner,0.12992810417880785
3010,2.540641992140949,HOG8-ML02-H2-GPS-GradientEstimation-Escape-Specialist-Exploiter,Exploiter,0.8107287899631506
3022,2.53920506517161,HOG8-ML01-H2-GPS-GradientEstimation-Escape-Specialist-Refiner,Refiner,0.05655763282603184
3023,2.5381936003571886,HOG8-ML00-H1-GPS-GradientEstimation-Escape-Specialist-Polisher,Polisher,0.039833916066677
3027,2.537990556871916,HOG8-ML00-H2-GPS-GradientEstimation-Escape-Specialist-Polisher,Polisher,0.007999527114247543
3027,2.5370661736019287,HOG8-ML00-H1-GPS-GradientEstimation-Escape-Specialist-Polisher,Polisher,0.036421856160352865
3027,2.53392097077179,HOG8-ML02-H1-GPS-GradientEstimation-Escape-Specialist-Refiner,Refiner,0.12397007468171578
3029,2.533152952677291,HOG8-ML02-H2-GPS-GradientEstimation-Escape-Specialist-Polisher,Polisher,0.030309473079767862
3035,2.532104185265751,HOG8-ML00-H1-GPS-GradientEstimation-Escape-Specialist-Polisher,Polisher,0.041401661531396565
3035,2.52859970856975,HOG8-ML02-H1-GPS-GradientEstimation-Escape-Specialist-Refiner,Refiner,0.13840175757355286
3041,2.5258680829957947,HOG8-ML02-H2-GPS-GradientEstimation-Escape-Specialist-Refiner,Refiner,0.10802918171260126
3044,2.52474981927073,HOG8-ML00-H2-GPS-GradientEstimation-Escape-Specialist-Polisher,Polisher,0.044272451621406056
3044,2.5217963248693454,HOG8-ML02-H1-GPS-GradientEstimation-Escape-Specialist-Refiner,Refiner,0.11698166601859959
3051,2.5199124219717532,HOG8-ML02-H2-GPS-GradientEstimation-Escape-Specialist-Refiner,Refiner,0.07470479986878838
3055,2.5185765843188266,HOG8-ML01-H1-GPS-GradientEstimation-Escape-Specialist-Refiner,Refiner,0.0530112729823131
3060,2.517675399603848,HOG8-ML00-H2-GPS-GradientEstimation-Escape-Specialist-Polisher,Polisher,0.03578150930925218
3060,2.5127006260548397,HOG8-ML02-H2-GPS-GradientEstimation-Escape-Specialist-Refiner,Refiner,0.1975939213526489
3069,2.5115139557274437,HOG8-ML00-H2-GPS-GradientEstimation-Escape-Specialist-Polisher,Polisher,0.04722688867472131
3070,2.5072798747858074,HOG8-ML02-H2-GPS-GradientEstimation-Escape-Specialist-Refiner,Refiner,0.16858679729732895
3080,2.505228568864359,HOG8-ML01-H1-GPS-GradientEstimation-Escape-Specialist-Refiner,Refiner,0.08181399859174718
3080,2.5042563012476604,HOG8-ML00-H2-GPS-GradientEstimation-Escape-Specialist-Polisher,Polisher,0.038809537332527275
3080,2.501454684296148,HOG8-ML02-H2-GPS-GradientEstimation-Escape-Specialist-Refiner,Refiner,0.11187420992478149
3090,2.498265822095462,HOG8-ML00-H2-GPS-GradientEstimation-Escape-Specialist-Refiner,Refiner,0.12748031058509546
3090,2.495021110616367,HOG8-ML02-H2-GPS-GradientEstimation-Escape-Specialist-Refiner,Refiner,0.12987855216996963
3101,2.4941828519757516,HOG8-ML00-H2-GPS-GradientEstimation-Escape-Specialist-Polisher,Polisher,0.03359725643397074
3101,2.4919830067063957,HOG8-ML01-H1-GPS-GradientEstimation-Escape-Specialist-Refiner,Refiner,0.08819903751696916
3101,2.4887961713013547,HOG8-ML02-H1-GPS-GradientEstimation-Escape-Specialist-Refiner,Refiner,0.1278835127071365
3110,2.4878992688490915,HOG8-ML00-H2-GPS-GradientEstimation-Escape-Specialist-Polisher,Polisher,0.03603760173715518
3111,2.482936691123637,HOG8-ML02-H1-GPS-GradientEstimation-Escape-Specialist-Refiner,Refiner,0.1994685953563626
3124,2.4806300592218746,HOG8-ML00-H1-GPS-GradientEstimation-Escape-Specialist-Refiner,Refiner,0.09289934415196624
3126,2.4775490212885343,HOG8-ML02-H1-GPS-GradientEstimation-Escape-Specialist-Refiner,Refiner,0.12420384578855019
3135,2.4734709342523935,HOG8-ML01-H1-GPS-GradientEstimation-Escape-Specialist-Refiner,Refiner,0.1646016688711094
3135,2.470248661000639,HOG8-ML02-H1-GPS-GradientEstimation-Escape-Specialist-Refiner,Refiner,0.130273342093205
3144,2.4671796579609175,HOG8-ML01-H1-GPS-GradientEstimation-Escape-Specialist-Refiner,Refiner,0.12423862780187368
3147,2.4629356906698994,HOG8-ML02-H1-GPS-GradientEstimation-Escape-Specialist-Refiner,Refiner,0.17201695374408757
3154,2.4607836299360026,HOG8-ML01-H1-GPS-GradientEstimation-Escape-Specialist-Refiner,Refiner,0.08737786950951158
3156,2.4589137778555874,HOG8-ML02-H2-GPS-GradientEstimation-Escape-Specialist-Refiner,Refiner,0.07598604191234254
3160,2.4558142236314127,HOG8-ML02-H1-GPS-GradientEstimation-Escape-Specialist-Refiner,Refiner,0.12605379871749112
3165,2.454901153120195,HOG8-ML01-H1-GPS-GradientEstimation-Escape-Specialist-Polisher,Polisher,0.037179950438894174
3170,2.4531027257574136,HOG8-ML00-H2-GPS-GradientEstimation-Escape-Specialist-Refiner,Refiner,0.07325864670745545
3175,2.4485542541478647,HOG8-ML02-H1-GPS-GradientEstimation-Escape-Specialist-Refiner,Refiner,0.18541708676894447
3180,2.4465624572721194,HOG8-ML02-H2-GPS-GradientEstimation-Escape-Specialist-Refiner,Refiner,0.08134583386792958
3185,2.44239554790337,HOG8-ML02-H1-GPS-GradientEstimation-Escape-Specialist-Refiner,Refiner,0.17031690142892764
3190,2.4404185786638375,HOG8-ML02-H2-GPS-GradientEstimation-Escape-Specialist-Refiner,Refiner,0.08094386026987742
3195,2.440232811376736,HOG8-ML00-H2-GPS-GradientEstimation-Escape-Specialist-Polisher,Polisher,0.007612107559155803
3195,2.4362724141310474,HOG8-ML02-H1-GPS-GradientEstimation-Escape-Specialist-Refiner,Refiner,0.16229587714846533
3200,2.433194020830706,HOG8-ML02-H2-GPS-GradientEstimation-Escape-Specialist-Refiner,Refiner,0.12635669486244713
3206,2.42987094017339,HOG8-ML02-H1-GPS-GradientEstimation-Escape-Specialist-Refiner,Refiner,0.13657277754535105
3209,2.427853684747557,HOG8-ML02-H2-GPS-GradientEstimation-Escape-Specialist-Refiner,Refiner,0.08301903580479536
3225,2.423094100936633,HOG8-ML02-H2-GPS-GradientEstimation-Escape-Specialist-Refiner,Refiner,0.1960408010097568
3239,2.4189325491654357,HOG8-ML02-H2-GPS-GradientEstimation-Escape-Specialist-Refiner,Refiner,0.17174536348336025
3246,2.4157530209497153,HOG8-ML02-H1-GPS-GradientEstimation-Escape-Specialist-Refiner,Refiner,0.1314434425555726
3253,2.4145656063764385,HOG8-ML02-H2-GPS-GradientEstimation-Escape-Specialist-Polisher,Polisher,0.04915297892538927
3257,2.4112183434454275,HOG8-ML02-H1-GPS-GradientEstimation-Escape-Specialist-Refiner,Refiner,0.1386279553627131
3261,2.4097128259569294,HOG8-ML02-H2-GPS-GradientEstimation-Escape-Specialist-Refiner,Refiner,0.06243804061090897
3270,2.4043779210081766,HOG8-ML02-H1-GPS-GradientEstimation-Escape-Specialist-Refiner,Refiner,0.22139173146635055
3275,2.4025694557449544,HOG8-ML02-H2-GPS-GradientEstimation-Escape-Specialist-Refiner,Refiner,0.07521551613915578
3280,2.3990548719737834,HOG8-ML02-H1-GPS-GradientEstimation-Escape-Specialist-Refiner,Refiner,0.14628437745127432
3285,2.3971755270593755,HOG8-ML02-H2-GPS-GradientEstimation-Escape-Specialist-Refiner,Refiner,0.07833688742857671
3291,2.396070981026593,HOG8-ML00-H2-GPS-GradientEstimation-Escape-Specialist-Polisher,Polisher,0.046076977689542296
3291,2.3928662243791017,HOG8-ML02-H1-GPS-GradientEstimation-Escape-Specialist-Refiner,Refiner,0.13375048873211853
3295,2.391773549064023,HOG8-ML02-H2-GPS-GradientEstimation-Escape-Specialist-Polisher,Polisher,0.04566386971182919
3300,2.391111402720947,HOG8-ML00-H2-GPS-GradientEstimation-Escape-Specialist-Polisher,Polisher,0.027684324184250684
3300,2.3876957242038896,HOG8-ML02-H1-GPS-GradientEstimation-Escape-Specialist-Refiner,Refiner,0.14284899119172398
3305,2.384744802727607,HOG8-ML02-H2-GPS-GradientEstimation-Escape-Specialist-Refiner,Refiner,0.12358867364754032
3312,2.381206732834498,HOG8-ML02-H1-GPS-GradientEstimation-Escape-Specialist-Refiner,Refiner,0.1483626209841048
3316,2.3773141820202723,HOG8-ML02-H2-GPS-GradientEstimation-Escape-Specialist-Refiner,Refiner,0.16346967109370836
3320,2.37432860937472,HOG8-ML02-H1-GPS-GradientEstimation-Escape-Specialist-Refiner,Refiner,0.12558595191719124
3330,2.371073966722603,HOG8-ML02-H2-GPS-GradientEstimation-Escape-Specialist-Refiner,Refiner,0.137076335569829
3332,2.3689599470114517,HOG8-ML02-H1-GPS-GradientEstimation-Escape-Specialist-Refiner,Refiner,0.08915874160067604
3340,2.3651362287817252,HOG8-ML02-H2-GPS-GradientEstimation-Escape-Specialist-Refiner,Refiner,0.1614091548719632
3345,2.362767461863723,HOG8-ML02-H1-GPS-GradientEstimation-Escape-Specialist-Refiner,Refiner,0.10015350867219543
3350,2.3596544970226874,HOG8-ML02-H2-GPS-GradientEstimation-Escape-Specialist-Refiner,Refiner,0.1317507918693051
3355,2.3575814338398517,HOG8-ML02-H1-GPS-GradientEstimation-Escape-Specialist-Refiner,Refiner,0.0878545221536172
3360,2.352602178946386,HOG8-ML02-H2-GPS-GradientEstimation-Escape-Specialist-Refiner,Refiner,0.211201819881832
3367,2.3502529381683104,HOG8-ML02-H1-GPS-GradientEstimation-Escape-Specialist-Refiner,Refiner,0.09985711987768034
3371,2.346417862824742,HOG8-ML02-H2-GPS-GradientEstimation-Escape-Specialist-Refiner,Refiner,0.16317713218378974
3381,2.342956663558688,HOG8-ML02-H1-GPS-GradientEstimation-Escape-Specialist-Refiner,Refiner,0.14750992655192555
3385,2.3411633877071694,HOG8-ML00-H2-GPS-GradientEstimation-Escape-Specialist-Refiner,Refiner,0.07653901070431611
3385,2.3400643872394395,HOG8-ML02-H2-GPS-GradientEstimation-Escape-Specialist-Polisher,Polisher,0.046942493356097105
3391,2.3369731586438656,HOG8-ML02-H1-GPS-GradientEstimation-Escape-Specialist-Refiner,Refiner,0.13210015127919983
3396,2.335050352037039,HOG8-ML02-H2-GPS-GradientEstimation-Escape-Specialist-Refiner,Refiner,0.08227765046058291
3400,2.331485963141824,HOG8-ML02-H1-GPS-GradientEstimation-Escape-Specialist-Refiner,Refiner,0.15264719632728949
3405,2.329612019081768,HOG8-ML00-H2-GPS-GradientEstimation-Escape-Specialist-Refiner,Refiner,0.08037552400832135
3405,2.3275877958666125,HOG8-ML02-H2-GPS-GradientEstimation-Escape-Specialist-Refiner,Refiner,0.08689100153052863
3411,2.3242399870922608,HOG8-ML02-H1-GPS-GradientEstimation-Escape-Specialist-Refiner,Refiner,0.14383168619017606
3415,2.3213113699327437,HOG8-ML02-H2-GPS-GradientEstimation-Escape-Specialist-Refiner,Refiner,0.12600321721428318
3420,2.3182081458654027,HOG8-ML02-H1-GPS-GradientEstimation-Escape-Specialist-Refiner,Refiner,0.13368409372116644
3429,2.315072305411149,HOG8-ML02-H2-GPS-GradientEstimation-Escape-Specialist-Refiner,Refiner,0.1352700127400771
3431,2.31169633787981,HOG8-ML02-H1-GPS-GradientEstimation-Escape-Specialist-Refiner,Refiner,0.14582557630914314
3441,2.310768798820208,HOG8-ML00-H2-GPS-GradientEstimation-Escape-Specialist-Polisher,Polisher,0.04012374135836737
3441,2.309785187592076,HOG8-ML02-H2-GPS-GradientEstimation-Escape-Specialist-Polisher,Polisher,0.04256640597858519
3446,2.305677061602303,HOG8-ML02-H1-GPS-GradientEstimation-Escape-Specialist-Refiner,Refiner,0.1778574913304172
3451,2.3048948624421617,HOG8-ML00-H2-GPS-GradientEstimation-Escape-Specialist-Polisher,Polisher,0.033924922668821106
3451,2.3036311533235097,HOG8-ML02-H2-GPS-GradientEstimation-Escape-Specialist-Refiner,Refiner,0.054827191436969305
3455,2.300299276834196,HOG8-ML02-H1-GPS-GradientEstimation-Escape-Specialist-Refiner,Refiner,0.14463584955893574
3460,2.298442840716281,HOG8-ML00-H2-GPS-GradientEstimation-Escape-Specialist-Refiner,Refiner,0.08070411257398144
3460,2.2982852775333993,HOG8-ML02-H2-GPS-GradientEstimation-Escape-Specialist-Polisher,Polisher,0.006855214325571194
3465,2.293182291407125,HOG8-ML02-H1-GPS-GradientEstimation-Escape-Specialist-Refiner,Refiner,0.2220344957241801
3470,2.2909844102662964,HOG8-ML02-H2-GPS-GradientEstimation-Escape-Specialist-Refiner,Refiner,0.09584415286409181
3480,2.286831546415829,HOG8-ML02-H1-GPS-GradientEstimation-Escape-Specialist-Refiner,Refiner,0.18126984329783463
3484,2.286054690654979,HOG8-ML00-H2-GPS-GradientEstimation-Escape-Specialist-Polisher,Polisher,0.033970834540367485
3485,2.2847765567255696,HOG8-ML02-H2-GPS-GradientEstimation-Escape-Specialist-Refiner,Refiner,0.055910032889163026
3491,2.281418259353819,HOG8-ML02-H1-GPS-GradientEstimation-Escape-Specialist-Refiner,Refiner,0.14698581188891835
3494,2.2793786789118533,HOG8-ML02-H2-GPS-GradientEstimation-Escape-Specialist-Refiner,Refiner,0.08939967205062999
3501,2.27849117427247,HOG8-ML00-H2-GPS-GradientEstimation-Escape-Specialist-Polisher,Polisher,0.03893625256716605
3501,2.2744653643836683,HOG8-ML02-H1-GPS-GradientEstimation-Escape-Specialist-Refiner,Refiner,0.17668753490288153
3505,2.273318246627434,HOG8-ML02-H2-GPS-GradientEstimation-Escape-Specialist-Refiner,Refiner,0.050434610884696876
3510,2.2680159809180434,HOG8-ML02-H1-GPS-GradientEstimation-Escape-Specialist-Refiner,Refiner,0.2332390424111095
3527,2.265298337949633,HOG8-ML00-H2-GPS-GradientEstimation-Escape-Specialist-Refiner,Refiner,0.11982468339178577
3527,2.2606586367418227,HOG8-ML02-H1-GPS-GradientEstimation-Escape-Specialist-Refiner,Refiner,0.20481634273435387
3535,2.259763082319358,HOG8-ML00-H2-GPS-GradientEstimation-Escape-Specialist-Polisher,Polisher,0.03961475686375251
3535,2.2556585736714903,HOG8-ML02-H1-GPS-GradientEstimation-Escape-Specialist-Refiner,Refiner,0.18163446778920547
3545,2.252652410585376,HOG8-ML00-H2-GPS-GradientEstimation-Escape-Specialist-Refiner,Refiner,0.13327207943626787
3545,2.249140946867536,HOG8-ML02-H1-GPS-GradientEstimation-Escape-Specialist-Refiner,Refiner,0.15588129359590072
3554,2.2464164242497335,HOG8-ML02-H2-GPS-GradientEstimation-Escape-Specialist-Refiner,Refiner,0.12113614407301082
3556,2.2418286441648623,HOG8-ML02-H1-GPS-GradientEstimation-Escape-Specialist-Refiner,Refiner,0.2042266088934738
3566,2.2400029064787708,HOG8-ML02-H2-GPS-GradientEstimation-Escape-Specialist-Refiner,Refiner,0.08143966269873602
3569,2.2356095640667206,HOG8-ML02-H1-GPS-GradientEstimation-Escape-Specialist-Refiner,Refiner,0.1961311031938063
3576,2.233522061477233,HOG8-ML02-H2-GPS-GradientEstimation-Escape-Specialist-Refiner,Refiner,0.09337509657502319
3579,2.2325914014005765,HOG8-ML00-H2-GPS-GradientEstimation-Escape-Specialist-Polisher,Polisher,0.04166782557056048
3581,2.228124674646089,HOG8-ML02-H1-GPS-GradientEstimation-Escape-Specialist-Refiner,Refiner,0.20006915513897608
3590,2.2262317302463828,HOG8-ML00-H2-GPS-GradientEstimation-Escape-Specialist-Refiner,Refiner,0.08495684380888119
3590,2.222929028624574,HOG8-ML02-H1-GPS-GradientEstimation-Escape-Specialist-Refiner,Refiner,0.1483539012106018
3600,2.22016006247843,HOG8-ML00-H2-GPS-GradientEstimation-Escape-Specialist-Refiner,Refiner,0.12456385743711146
3600,2.216010933127039,HOG8-ML02-H1-GPS-GradientEstimation-Escape-Specialist-Refiner,Refiner,0.18688424413684368
3610,2.2136161380870876,HOG8-ML02-H2-GPS-GradientEstimation-Escape-Specialist-Refiner,Refiner,0.10806783505224467
3614,2.2126612307562143,HOG8-ML00-H2-GPS-GradientEstimation-Escape-Specialist-Polisher,Polisher,0.04313789163546723
3614,2.2091263487678185,HOG8-ML02-H1-GPS-GradientEstimation-Escape-Specialist-Refiner,Refiner,0.15975703552177728
3621,2.2072958912041534,HOG8-ML02-H2-GPS-GradientEstimation-Escape-Specialist-Refiner,Refiner,0.08285888965500544
3624,2.2064526370980526,HOG8-ML00-H2-GPS-GradientEstimation-Escape-Specialist-Polisher,Polisher,0.03820303881600267
3626,2.203039668478523,HOG8-ML02-H1-GPS-GradientEstimation-Escape-Specialist-Refiner,Refiner,0.1546812545234695
3634,2.199897385707106,HOG8-ML00-H2-GPS-GradientEstimation-Escape-Specialist-Refiner,Refiner,0.14263396235563536
3635,2.1970116970713955,HOG8-ML02-H1-GPS-GradientEstimation-Escape-Specialist-Refiner,Refiner,0.13117378358003376
3644,2.19374487753287,HOG8-ML00-H2-GPS-GradientEstimation-Escape-Specialist-Refiner,Refiner,0.1486937708561193
3644,2.1905918798444985,HOG8-ML02-H1-GPS-GradientEstimation-Escape-Specialist-Refiner,Refiner,0.14372672595901134
3658,2.186402388743878,HOG8-ML00-H2-GPS-GradientEstimation-Escape-Specialist-Refiner,Refiner,0.19124927555733412
3659,2.183170086828619,HOG8-ML02-H1-GPS-GradientEstimation-Escape-Specialist-Refiner,Refiner,0.14783655249828676
3664,2.1822245077802447,HOG8-ML00-H2-GPS-GradientEstimation-Escape-Specialist-Polisher,Polisher,0.043312202474701786
3671,2.1766537866565296,HOG8-ML02-H1-GPS-GradientEstimation-Escape-Specialist-Refiner,Refiner,0.2552771772039884
3680,2.1748326936043663,HOG8-ML00-H2-GPS-GradientEstimation-Escape-Specialist-Refiner,Refiner,0.08366480068291837
3681,2.1694401661585885,HOG8-ML02-H1-GPS-GradientEstimation-Escape-Specialist-Refiner,Refiner,0.24795136939203852
3690,2.16856982791656,HOG8-ML00-H2-GPS-GradientEstimation-Escape-Specialist-Polisher,Polisher,0.04011810307585647
3695,2.162910949134391,HOG8-ML02-H1-GPS-GradientEstimation-Escape-Specialist-Refiner,Refiner,0.26094980707194865
3699,2.162270871315572,HOG8-ML00-H2-GPS-GradientEstimation-Escape-Specialist-Polisher,Polisher,0.029593350529539965
3707,2.156903825948711,HOG8-ML02-H1-GPS-GradientEstimation-Escape-Specialist-Refiner,Refiner,0.24821336854968734
3709,2.155858655546862,HOG8-ML00-H2-GPS-GradientEstimation-Escape-Specialist-Polisher,Polisher,0.04845697750984894
3716,2.150428274481823,HOG8-ML02-H1-GPS-GradientEstimation-Escape-Specialist-Refiner,Refiner,0.25188947573474557
3724,2.149540513753925,HOG8-ML00-H2-GPS-GradientEstimation-Escape-Specialist-Polisher,Polisher,0.041282973184100506
3727,2.145107236627732,HOG8-ML02-H1-GPS-GradientEstimation-Escape-Specialist-Refiner,Refiner,0.2062430132312802
3734,2.1421249562850155,HOG8-ML00-H2-GPS-GradientEstimation-Escape-Specialist-Refiner,Refiner,0.13902709812329853
3740,2.1388223935507926,HOG8-ML02-H1-GPS-GradientEstimation-Escape-Specialist-Refiner,Refiner,0.1541722729354869
3745,2.137967667449643,HOG8-ML02-H2-GPS-GradientEstimation-Escape-Specialist-Polisher,Polisher,0.03996246269568923
3750,2.134961120680399,HOG8-ML00-H2-GPS-GradientEstimation-Escape-Specialist-Refiner,Refiner,0.14062639089534026
3750,2.131360557179,HOG8-ML02-H1-GPS-GradientEstimation-Escape-Specialist-Refiner,Refiner,0.16864773163885277
3759,2.128545931129191,HOG8-ML00-H2-GPS-GradientEstimation-Escape-Specialist-Refiner,Refiner,0.13205771498063879
3761,2.126177888746577,HOG8-ML02-H1-GPS-GradientEstimation-Escape-Specialist-Refiner,Refiner,0.11125164592326967
3765,2.125145192051736,HOG8-ML02-H2-GPS-GradientEstimation-Escape-Specialist-Polisher,Polisher,0.048570568827128846
3774,2.122419295159079,HOG8-ML00-H2-GPS-GradientEstimation-Escape-Specialist-Refiner,Refiner,0.12826873678337272
3776,2.119750362333002,HOG8-ML02-H1-GPS-GradientEstimation-Escape-Specialist-Refiner,Refiner,0.12574955533829515
3785,2.115855527970442,HOG8-ML00-H2-GPS-GradientEstimation-Escape-Specialist-Refiner,Refiner,0.18374023808509007
3785,2.114472871853534,HOG8-ML02-H1-GPS-GradientEstimation-Escape-Specialist-Refiner,Refiner,0.06534737833608956
3795,2.112573301209438,HOG8-ML00-H2-GPS-GradientEstimation-Escape-Specialist-Refiner,Refiner,0.08983660511239841
3800,2.1122372070925355,HOG8-ML02-H1-GPS-GradientEstimation-Escape-Specialist-Polisher,Polisher,0.01590922865067903
3809,2.1072917745235724,HOG8-ML00-H2-GPS-GradientEstimation-Escape-Specialist-Refiner,Refiner,0.2341324427179459
3825,2.1001223773342965,HOG8-ML00-H2-GPS-GradientEstimation-Escape-Specialist-Refiner,Refiner,0.3402185343269225
3834,2.0936566014176097,HOG8-ML00-H2-GPS-GradientEstimation-Escape-Specialist-Refiner,Refiner,0.3078761498124652
3847,2.093515449409112,HOG8-ML02-H1-GPS-GradientEstimation-Escape-Specialist-Polisher,Polisher,0.006741889209622059
3848,2.087239107072599,HOG8-ML00-H2-GPS-GradientEstimation-Escape-Specialist-Refiner,Refiner,0.29979918888511486
3861,2.0810153793701964,HOG8-ML00-H2-GPS-GradientEstimation-Escape-Specialist-Refiner,Refiner,0.29817991054851256
3870,2.0735646093658713,HOG8-ML00-H2-GPS-GradientEstimation-Escape-Specialist-Refiner,Refiner,0.358035316710637
3879,2.06725041398043,HOG8-ML00-H2-GPS-GradientEstimation-Escape-Specialist-Refiner,Refiner,0.30450921842132966
3890,2.0605705495567017,HOG8-ML00-H2-GPS-GradientEstimation-Escape-Specialist-Refiner,Refiner,0.32312797610553484
3905,2.054437936874903,HOG8-ML00-H2-GPS-GradientEstimation-Escape-Specialist-Refiner,Refiner,0.29761721495621624
3915,2.0480684451633704,HOG8-ML00-H2-GPS-GradientEstimation-Escape-Specialist-Refiner,Refiner,0.3100357327523648
3924,2.0419536527855033,HOG8-ML00-H2-GPS-GradientEstimation-Escape-Specialist-Refiner,Refiner,0.29856386842478233
3935,2.0353448149746933,HOG8-ML00-H2-GPS-GradientEstimation-Escape-Specialist-Refiner,Refiner,0.323652684368945
3945,2.028919471349858,HOG8-ML00-H2-GPS-GradientEstimation-Escape-Specialist-Refiner,Refiner,0.31568821054604784
3955,2.0248090613224687,HOG8-ML00-H2-GPS-GradientEstimation-Escape-Specialist-Refiner,Refiner,0.20259108778992196
3965,2.018584633113956,HOG8-ML00-H2-GPS-GradientEstimation-Escape-Specialist-Refiner,Refiner,0.30740815652253545
3980,2.0119424079703077,HOG8-ML00-H2-GPS-GradientEstimation-Escape-Specialist-Refiner,Refiner,0.3290535870869999
3989,2.004520839400736,HOG8-ML00-H2-GPS-GradientEstimation-Escape-Specialist-Refiner,Refiner,0.3688757958563442
4000,1.9981467980250318,HOG8-ML00-H2-GPS-GradientEstimation-Escape-Specialist-Refiner,Refiner,0.3179832930851263
4014,1.9906641495937292,HOG8-ML00-H2-GPS-GradientEstimation-Escape-Specialist-Refiner,Refiner,0.37447941456045625
4030,1.9845238083721428,HOG8-ML00-H2-GPS-GradientEstimation-Escape-Specialist-Refiner,Refiner,0.3084569148863973
4039,1.9769616358665862,HOG8-ML00-H2-GPS-GradientEstimation-Escape-Specialist-Refiner,Refiner,0.38105728304462333
4051,1.9707831492482064,HOG8-ML00-H2-GPS-GradientEstimation-Escape-Specialist-Refiner,Refiner,0.3125243558745912
4062,1.96938537549773,HOG8-ML02-H1-GPS-GradientEstimation-Escape-Specialist-Refiner,Refiner,0.07092478698174672
4064,1.9632921498080935,HOG8-ML00-H2-GPS-GradientEstimation-Escape-Specialist-Refiner,Refiner,0.3093973259599572
4075,1.9589631751143683,HOG8-ML00-H2-GPS-GradientEstimation-Escape-Specialist-Refiner,Refiner,0.22049569617788772
4086,1.95856342006156,HOG8-ML02-H1-GPS-GradientEstimation-Escape-Specialist-Polisher,Polisher,0.020406460820019057
4089,1.9555227654066525,HOG8-ML00-H2-GPS-GradientEstimation-Escape-Specialist-Refiner,Refiner,0.15524923133773105
4096,1.953472766678284,HOG8-ML02-H1-GPS-GradientEstimation-Escape-Specialist-Refiner,Refiner,0.10483123820561197
4105,1.9501847052215124,HOG8-ML02-H1-GPS-GradientEstimation-Escape-Specialist-Refiner,Refiner,0.16831877632789838
4121,1.9469923914541443,HOG8-ML00-H2-GPS-GradientEstimation-Escape-Specialist-Refiner,Refiner,0.1636928932331859
4121,1.9447240701993747,HOG8-ML02-H1-GPS-GradientEstimation-Escape-Specialist-Refiner,Refiner,0.11650385819307069
4130,1.9428066551791425,HOG8-ML00-H2-GPS-GradientEstimation-Escape-Specialist-Refiner,Refiner,0.09859573651677753
4130,1.9363059248977743,HOG8-ML02-H1-GPS-GradientEstimation-Escape-Specialist-Refiner,Refiner,0.33460510669131904
4142,1.9296297758092387,HOG8-ML02-H1-GPS-GradientEstimation-Escape-Specialist-Refiner,Refiner,0.34478792853397405
4154,1.923355601872152,HOG8-ML02-H1-GPS-GradientEstimation-Escape-Specialist-Refiner,Refiner,0.32514910454547646
4165,1.9179083680529938,HOG8-ML02-H1-GPS-GradientEstimation-Escape-Specialist-Refiner,Refiner,0.28321511705147084
4175,1.916024854399924,HOG8-ML00-H2-GPS-GradientEstimation-Escape-Specialist-Refiner,Refiner,0.09820665493950592
4175,1.9106631544554498,HOG8-ML02-H1-GPS-GradientEstimation-Escape-Specialist-Refiner,Refiner,0.27983457167383924
4189,1.9096916421938386,HOG8-ML00-H2-GPS-GradientEstimation-Escape-Specialist-Refiner,Refiner,0.05084686221879186
4192,1.9052372034021092,HOG8-ML02-H1-GPS-GradientEstimation-Escape-Specialist-Refiner,Refiner,0.23325434815288454
4200,1.9022171296085464,HOG8-ML00-H2-GPS-GradientEstimation-Escape-Specialist-Refiner,Refiner,0.15851431980070557
4200,1.898955071450141,HOG8-ML02-H1-GPS-GradientEstimation-Escape-Specialist-Refiner,Refiner,0.17148716135663197
4209,1.8944309526199108,HOG8-ML02-H1-GPS-GradientEstimation-Escape-Specialist-Refiner,Refiner,0.23824254181935128
4220,1.891290081915132,HOG8-ML02-H1-GPS-GradientEstimation-Escape-Specialist-Refiner,Refiner,0.1657949422983817
4235,1.8903078893623795,HOG8-ML00-H2-GPS-GradientEstimation-Escape-Specialist-Refiner,Refiner,0.05193241175134136
4238,1.8880650996913628,HOG8-ML02-H1-GPS-GradientEstimation-Escape-Specialist-Refiner,Refiner,0.11864679207222535
4245,1.8839578264295456,HOG8-ML02-H1-GPS-GradientEstimation-Escape-Specialist-Refiner,Refiner,0.21753875237080872
4256,1.8805358550493207,HOG8-ML02-H1-GPS-GradientEstimation-Escape-Specialist-Refiner,Refiner,0.18163736641122688
4271,1.872956646582482,HOG8-ML02-H1-GPS-GradientEstimation-Escape-Specialist-Refiner,Refiner,0.4030345098971752
4281,1.8646738235348108,HOG8-ML02-H1-GPS-GradientEstimation-Escape-Specialist-Refiner,Refiner,0.44223250243323176
4290,1.8579886314017338,HOG8-ML02-H1-GPS-GradientEstimation-Escape-Specialist-Refiner,Refiner,0.35851804474865856
4306,1.855105735707422,HOG8-ML00-H2-GPS-GradientEstimation-Escape-Specialist-Refiner,Refiner,0.15516218159724152
4306,1.8509033260711485,HOG8-ML02-H1-GPS-GradientEstimation-Escape-Specialist-Refiner,Refiner,0.22653208145416412
4315,1.8490294833735406,HOG8-ML00-H2-GPS-GradientEstimation-Escape-Specialist-Refiner,Refiner,0.10123936086848331
4316,1.845337349738031,HOG8-ML02-H1-GPS-GradientEstimation-Escape-Specialist-Refiner,Refiner,0.19967954371248345
4330,1.8434310009151464,HOG8-ML00-H2-GPS-GradientEstimation-Escape-Specialist-Refiner,Refiner,0.10330625038046136
4331,1.837643852182298,HOG8-ML02-H1-GPS-GradientEstimation-Escape-Specialist-Refiner,Refiner,0.3139335689795559
4339,1.8357799337932188,HOG8-ML00-H2-GPS-GradientEstimation-Escape-Specialist-Refiner,Refiner,0.10142979483569015
4340,1.8354958643778594,HOG8-ML02-H1-GPS-GradientEstimation-Escape-Specialist-Polisher,Polisher,0.01547404512546594
4349,1.833612859790216,HOG8-ML00-H2-GPS-GradientEstimation-Escape-Specialist-Refiner,Refiner,0.10258833180654967
4355,1.8315588144843598,HOG8-ML02-H1-GPS-GradientEstimation-Escape-Specialist-Refiner,Refiner,0.1120217550225505
4361,1.8296705055457756,HOG8-ML00-H2-GPS-GradientEstimation-Escape-Specialist-Refiner,Refiner,0.1030984603743548
4370,1.8281986344181658,HOG8-ML02-H1-GPS-GradientEstimation-Escape-Specialist-Refiner,Refiner,0.08044460044300589
4375,1.8249747576602027,HOG8-ML00-H2-GPS-GradientEstimation-Escape-Specialist-Refiner,Refiner,0.17634171130365778
4380,1.8239399851818932,HOG8-ML02-H1-GPS-GradientEstimation-Escape-Specialist-Refiner,Refiner,0.05670064607557644
4390,1.817805383093202,HOG8-ML00-H2-GPS-GradientEstimation-Escape-Specialist-Refiner,Refiner,0.3363379353778153
4399,1.8102582501605364,HOG8-ML00-H2-GPS-GradientEstimation-Escape-Specialist-Refiner,Refiner,0.41517826951437503
4409,1.8077968571780958,HOG8-ML00-H1-GPS-GradientEstimation-Escape-Specialist-Refiner,Refiner,0.13596916253370783
4414,1.8035403541518575,HOG8-ML00-H2-GPS-GradientEstimation-Escape-Specialist-Refiner,Refiner,0.23545250725142317
4425,1.7960113536297722,HOG8-ML00-H2-GPS-GradientEstimation-Escape-Specialist-Refiner,Refiner,0.4174567264188558
4440,1.7907926880506186,HOG8-ML00-H2-GPS-GradientEstimation-Escape-Specialist-Refiner,Refiner,0.2905697432595008
4450,1.7884790830013255,HOG8-ML00-H1-GPS-GradientEstimation-Escape-Specialist-Refiner,Refiner,0.12919446593293915
4455,1.7865207272258445,HOG8-ML00-H2-GPS-GradientEstimation-Escape-Specialist-Refiner,Refiner,0.10949838855227632
4470,1.7810104852213071,HOG8-ML00-H1-GPS-GradientEstimation-Escape-Specialist-Refiner,Refiner,0.30843426110671945
4481,1.777803310077819,HOG8-ML00-H2-GPS-GradientEstimation-Escape-Specialist-Refiner,Refiner,0.18007615171842156
4487,1.7743349533939718,HOG8-ML00-H1-GPS-GradientEstimation-Escape-Specialist-Refiner,Refiner,0.19509226156718837
4491,1.7700893628940921,HOG8-ML00-H2-GPS-GradientEstimation-Escape-Specialist-Refiner,Refiner,0.23927784839940686
4501,1.764813153453219,HOG8-ML00-H2-GPS-GradientEstimation-Escape-Specialist-Refiner,Refiner,0.2980758797536954
4512,1.7583670877752717,HOG8-ML00-H2-GPS-GradientEstimation-Escape-Specialist-Refiner,Refiner,0.365254852352738
4530,1.7478398883614747,HOG8-ML00-H2-GPS-GradientEstimation-Escape-Specialist-Exploiter,Exploiter,0.5986917912070482
4539,1.7430955826629086,HOG8-ML00-H2-GPS-GradientEstimation-Escape-Specialist-Refiner,Refiner,0.2714382324237766
4555,1.7366596846755145,HOG8-ML00-H2-GPS-GradientEstimation-Escape-Specialist-Refiner,Refiner,0.36922232213807443
4565,1.7303456110335291,HOG8-ML00-H2-GPS-GradientEstimation-Escape-Specialist-Refiner,Refiner,0.3635757597013073
4574,1.7239386575445637,HOG8-ML00-H2-GPS-GradientEstimation-Escape-Specialist-Refiner,Refiner,0.37027016152794023
4585,1.7207057562948629,HOG8-ML00-H2-GPS-GradientEstimation-Escape-Specialist-Refiner,Refiner,0.18752994693589903
4602,1.7172284254156907,HOG8-ML00-H2-GPS-GradientEstimation-Escape-Specialist-Refiner,Refiner,0.20208747872500024
4615,1.7130252589568076,HOG8-ML00-H2-GPS-GradientEstimation-Escape-Specialist-Refiner,Refiner,0.24476455180187312
4626,1.7068551016510074,HOG8-ML00-H2-GPS-GradientEstimation-Escape-Specialist-Refiner,Refiner,0.3601906786568725
4635,1.7043741022516694,HOG8-ML00-H1-GPS-GradientEstimation-Escape-Specialist-Refiner,Refiner,0.14535500974500817
4641,1.6989767075507631,HOG8-ML00-H2-GPS-GradientEstimation-Escape-Specialist-Refiner,Refiner,0.3166789904737295
4650,1.692612268810238,HOG8-ML00-H2-GPS-GradientEstimation-Escape-Specialist-Refiner,Refiner,0.37460423749422694
4660,1.6850382593729225,HOG8-ML00-H2-GPS-GradientEstimation-Escape-Specialist-Refiner,Refiner,0.4474745679729385
4671,1.678484855737198,HOG8-ML00-H2-GPS-GradientEstimation-Escape-Specialist-Refiner,Refiner,0.3889172010944869
4686,1.6783348338692234,HOG8-ML00-H1-GPS-GradientEstimation-Escape-Specialist-Polisher,Polisher,0.008937933962397684
4686,1.671820201952664,HOG8-ML00-H2-GPS-GradientEstimation-Escape-Specialist-Refiner,Refiner,0.38816044242736936
4691,1.6717918708686166,HOG8-ML02-H1-GPS-GradientEstimation-Escape-Specialist-Polisher,Polisher,0.0016946250568295503
4695,1.6645133153650284,HOG8-ML00-H2-GPS-GradientEstimation-Escape-Specialist-Refiner,Refiner,0.43537450028432073
4705,1.6599872420544395,HOG8-ML00-H2-GPS-GradientEstimation-Escape-Specialist-Refiner,Refiner,0.27191571667279774
4717,1.6547574007238572,HOG8-ML00-H2-GPS-GradientEstimation-Escape-Specialist-Refiner,Refiner,0.31505310390877855
4730,1.651248253379131,HOG8-ML00-H2-GPS-GradientEstimation-Escape-Specialist-Refiner,Refiner,0.21206415775455303
4740,1.6470251727357974,HOG8-ML00-H1-GPS-GradientEstimation-Escape-Specialist-Refiner,Refiner,0.25575080153402124
4755,1.6440828351704866,HOG8-ML00-H2-GPS-GradientEstimation-Escape-Specialist-Refiner,Refiner,0.17864557348710308
4755,1.6426367163908828,HOG8-ML00-H1-GPS-GradientEstimation-Escape-Specialist-Refiner,Refiner,0.08795899748286153
4765,1.6394025419280172,HOG8-ML00-H2-GPS-GradientEstimation-Escape-Specialist-Refiner,Refiner,0.1968892105353417
4765,1.637303316159938,HOG8-ML00-H1-GPS-GradientEstimation-Escape-Specialist-Refiner,Refiner,0.12804821966485436
4774,1.6320143276474341,HOG8-ML00-H1-GPS-GradientEstimation-Escape-Specialist-Refiner,Refiner,0.32303046480772923
4784,1.6254067969693538,HOG8-ML00-H1-GPS-GradientEstimation-Escape-Specialist-Refiner,Refiner,0.4048696488838565
4797,1.6240061836390893,HOG8-ML02-H1-GPS-GradientEstimation-Escape-Specialist-Refiner,Refiner,0.08617001804569357
4799,1.6197930393726703,HOG8-ML00-H1-GPS-GradientEstimation-Escape-Specialist-Refiner,Refiner,0.25942907784859537
4809,1.6124849166322828,HOG8-ML00-H1-GPS-GradientEstimation-Escape-Specialist-Refiner,Refiner,0.45117632702125116
4820,1.6068983087482718,HOG8-ML00-H1-GPS-GradientEstimation-Escape-Specialist-Refiner,Refiner,0.3464595436761526
4830,1.6036485902571231,HOG8-ML00-H1-GPS-GradientEstimation-Escape-Specialist-Refiner,Refiner,0.2022354789632004
4840,1.5981494961374185,HOG8-ML00-H1-GPS-GradientEstimation-Escape-Specialist-Refiner,Refiner,0.34291141794493224
4856,1.593880483860705,HOG8-ML00-H1-GPS-GradientEstimation-Escape-Specialist-Refiner,Refiner,0.267122211472163
4864,1.5882996100078852,HOG8-ML00-H1-GPS-GradientEstimation-Escape-Specialist-Refiner,Refiner,0.35014380998641637
4875,1.5818330112158094,HOG8-ML00-H1-GPS-GradientEstimation-Escape-Specialist-Refiner,Refiner,0.4071397330409015
4884,1.5743118833095762,HOG8-ML00-H1-GPS-GradientEstimation-Escape-Specialist-Refiner,Refiner,0.4754691457888132
4901,1.5677661387545485,HOG8-ML00-H1-GPS-GradientEstimation-Escape-Specialist-Refiner,Refiner,0.41578448491838543
4910,1.5614916796571299,HOG8-ML00-H1-GPS-GradientEstimation-Escape-Specialist-Refiner,Refiner,0.40021652096677773
4921,1.5538955281167837,HOG8-ML00-H1-GPS-GradientEstimation-Escape-Specialist-Refiner,Refiner,0.4864676283138543
4934,1.5480992082263085,HOG8-ML00-H1-GPS-GradientEstimation-Escape-Specialist-Refiner,Refiner,0.3730186351395116
4954,1.54388056310798,HOG8-ML00-H1-GPS-GradientEstimation-Escape-Specialist-Refiner,Refiner,0.2725048301757085
4969,1.5399080826663922,HOG8-ML00-H1-GPS-GradientEstimation-Escape-Specialist-Refiner,Refiner,0.2573049066432138
4985,1.535039293938945,HOG8-ML00-H1-GPS-GradientEstimation-Escape-Specialist-Refiner,Refiner,0.31617398351574255
4994,1.5283867414179264,HOG8-ML00-H1-GPS-GradientEstimation-Escape-Specialist-Refiner,Refiner,0.4333799497697546
5006,1.522249649690595,HOG8-ML00-H1-GPS-GradientEstimation-Escape-Specialist-Refiner,Refiner,0.4015404976385621
5015,1.5155128575851324,HOG8-ML00-H1-GPS-GradientEstimation-Escape-Specialist-Refiner,Refiner,0.4425550110543246
5029,1.5102491789447072,HOG8-ML00-H1-GPS-GradientEstimation-Escape-Specialist-Refiner,Refiner,0.3473199593180967
5041,1.5058992579115897,HOG8-ML00-H1-GPS-GradientEstimation-Escape-Specialist-Refiner,Refiner,0.2880267106754537
5060,1.5026587957154889,HOG8-ML00-H1-GPS-GradientEstimation-Escape-Specialist-Refiner,Refiner,0.215184527057593
5069,1.4968750723015645,HOG8-ML00-H1-GPS-GradientEstimation-Escape-Specialist-Refiner,Refiner,0.3848993151615967
5084,1.4926595389213184,HOG8-ML00-H1-GPS-GradientEstimation-Escape-Specialist-Refiner,Refiner,0.2816222581463884
5094,1.4862756443330123,HOG8-ML00-H1-GPS-GradientEstimation-Escape-Specialist-Refiner,Refiner,0.4276859137562941
5104,1.4797362273673662,HOG8-ML00-H1-GPS-GradientEstimation-Escape-Specialist-Refiner,Refiner,0.4399868214607487
5119,1.4720117554366081,HOG8-ML00-H1-GPS-GradientEstimation-Escape-Specialist-Exploiter,Exploiter,0.52201681542263
5131,1.4643166425062661,HOG8-ML00-H1-GPS-GradientEstimation-Escape-Specialist-Exploiter,Exploiter,0.5227616492817718
5141,1.4579024143909043,HOG8-ML00-H1-GPS-GradientEstimation-Escape-Specialist-Refiner,Refiner,0.4380355948412575
5156,1.451382517892493,HOG8-ML00-H1-GPS-GradientEstimation-Escape-Specialist-Refiner,Refiner,0.4472107621232775
5166,1.4459199940619865,HOG8-ML00-H1-GPS-GradientEstimation-Escape-Specialist-Refiner,Refiner,0.3763669303691603
5176,1.4402912242143557,HOG8-ML00-H1-GPS-GradientEstimation-Escape-Specialist-Refiner,Refiner,0.38928639694772876
5190,1.431732065144569,HOG8-ML00-H1-GPS-GradientEstimation-Escape-Specialist-Exploiter,Exploiter,0.5942658627567126
5195,1.4305438447135514,HOG8-ML00-H1-GPS-GradientEstimation-Escape-Specialist-Refiner,Refiner,0.08299181529455008
5210,1.4252412591282737,HOG8-ML00-H1-GPS-GradientEstimation-Escape-Specialist-Refiner,Refiner,0.37066921121453067
5220,1.4229466530337656,HOG8-ML00-H1-GPS-GradientEstimation-Escape-Specialist-Refiner,Refiner,0.16099773142349355
5230,1.4152935511996407,HOG8-ML00-H1-GPS-GradientEstimation-Escape-Specialist-Exploiter,Exploiter,0.5378347682822947
5244,1.408724583673591,HOG8-ML00-H1-GPS-GradientEstimation-Escape-Specialist-Refiner,Refiner,0.46414169841172503
5254,1.402368759700183,HOG8-ML00-H1-GPS-GradientEstimation-Escape-Specialist-Refiner,Refiner,0.4511757689947957
5265,1.3961605911889656,HOG8-ML00-H1-GPS-GradientEstimation-Escape-Specialist-Refiner,Refiner,0.44269158652284013
5281,1.3911690492080127,HOG8-ML00-H1-GPS-GradientEstimation-Escape-Specialist-Refiner,Refiner,0.35751918600583
5296,1.3861439338970265,HOG8-ML00-H1-GPS-GradientEstimation-Escape-Specialist-Refiner,Refiner,0.36121528967647243
5300,1.382700451321495,HOG8-ML00-H1-GPS-GradientEstimation-Escape-Specialist-Refiner,Refiner,0.24842171807153807
5314,1.38047188368814,HOG8-ML00-H1-GPS-GradientEstimation-Escape-Specialist-Refiner,Refiner,0.1611750130858195
5325,1.3764683656727272,HOG8-ML00-H1-GPS-GradientEstimation-Escape-Specialist-Refiner,Refiner,0.2900108334489769
5335,1.3720223515438574,HOG8-ML00-H1-GPS-GradientEstimation-Escape-Specialist-Refiner,Refiner,0.3230015480012054
5346,1.3644837357290858,HOG8-ML00-H1-GPS-GradientEstimation-Escape-Specialist-Exploiter,Exploiter,0.549452842826423
5356,1.3575967458579135,HOG8-ML00-H1-GPS-GradientEstimation-Escape-Specialist-Exploiter,Exploiter,0.5047322801170935
5370,1.3509731397342388,HOG8-ML00-H1-GPS-GradientEstimation-Escape-Specialist-Refiner,Refiner,0.4878920153487064
5380,1.3467744080968598,HOG8-ML00-H1-GPS-GradientEstimation-Escape-Specialist-Refiner,Refiner,0.31079312488810973
5390,1.343256359708359,HOG8-ML00-H1-GPS-GradientEstimation-Escape-Specialist-Refiner,Refiner,0.2612203177718576
5405,1.3399877212209161,HOG8-ML00-H1-GPS-GradientEstimation-Escape-Specialist-Refiner,Refiner,0.24333690764379742
5420,1.3336998196055436,HOG8-ML00-H1-GPS-GradientEstimation-Escape-Specialist-Refiner,Refiner,0.46925068907671463
5430,1.3313449914283666,HOG8-ML00-H1-GPS-GradientEstimation-Escape-Specialist-Refiner,Refiner,0.1765635821914929
5441,1.3238461222822202,HOG8-ML00-H1-GPS-GradientEstimation-Escape-Specialist-Exploiter,Exploiter,0.5632551438152062
5450,1.3171495285144403,HOG8-ML00-H1-GPS-GradientEstimation-Escape-Specialist-Exploiter,Exploiter,0.505843817877821
5465,1.3107201189980997,HOG8-ML00-H1-GPS-GradientEstimation-Escape-Specialist-Refiner,Refiner,0.48813057114267844
5475,1.3030751366155504,HOG8-ML00-H1-GPS-GradientEstimation-Escape-Specialist-Exploiter,Exploiter,0.5832658148555036
5486,1.298736844217496,HOG8-ML00-H1-GPS-GradientEstimation-Escape-Specialist-Refiner,Refiner,0.33292726383546417
5495,1.2934981386660906,HOG8-ML00-H1-GPS-GradientEstimation-Escape-Specialist-Refiner,Refiner,0.403369287221674
5509,1.2877668844314047,HOG8-ML00-H1-GPS-GradientEstimation-Escape-Specialist-Refiner,Refiner,0.4430817535304852
5525,1.2834335804356167,HOG8-ML00-H1-GPS-GradientEstimation-Escape-Specialist-Refiner,Refiner,0.33649754844420676
5547,1.279058415034593,HOG8-ML00-H1-GPS-GradientEstimation-Escape-Specialist-Refiner,Refiner,0.34089535038804164
5555,1.273878784898628,HOG8-ML00-H1-GPS-GradientEstimation-Escape-Specialist-Refiner,Refiner,0.40495649573791526
5566,1.2669795198953486,HOG8-ML00-H1-GPS-GradientEstimation-Escape-Specialist-Exploiter,Exploiter,0.5415950940597802
5581,1.260549500251472,HOG8-ML00-H1-GPS-GradientEstimation-Escape-Specialist-Exploiter,Exploiter,0.5075077807420121
5590,1.2541542841358488,HOG8-ML00-H1-GPS-GradientEstimation-Escape-Specialist-Exploiter,Exploiter,0.5073355797885999
5601,1.2521255272904108,HOG8-ML00-H1-GPS-GradientEstimation-Escape-Specialist-Refiner,Refiner,0.16176294026184299
5616,1.246353028968462,HOG8-ML00-H1-GPS-GradientEstimation-Escape-Specialist-Refiner,Refiner,0.46101594417937997
5625,1.2421558897776714,HOG8-ML00-H1-GPS-GradientEstimation-Escape-Specialist-Refiner,Refiner,0.3367536398787587
5641,1.2401574200055958,HOG8-ML00-H1-GPS-GradientEstimation-Escape-Specialist-Refiner,Refiner,0.16088719528056392
5649,1.2342482288385266,HOG8-ML00-H1-GPS-GradientEstimation-Escape-Specialist-Refiner,Refiner,0.4764871839449676
5659,1.2281814669397255,HOG8-ML00-H1-GPS-GradientEstimation-Escape-Specialist-Refiner,Refiner,0.49153498923876227
5674,1.2211796659516665,HOG8-ML00-H1-GPS-GradientEstimation-Escape-Specialist-Exploiter,Exploiter,0.5700949881213806
5685,1.2147119183059725,HOG8-ML00-H1-GPS-GradientEstimation-Escape-Specialist-Exploiter,Exploiter,0.5296311284919488
5695,1.2070734047428855,HOG8-ML00-H1-GPS-GradientEstimation-Escape-Specialist-Exploiter,Exploiter,0.6288333429492969
5709,1.2008366958300476,HOG8-ML00-H1-GPS-GradientEstimation-Escape-Specialist-Exploiter,Exploiter,0.516680169435624
5725,1.1965022632484863,HOG8-ML00-H1-GPS-GradientEstimation-Escape-Specialist-Refiner,Refiner,0.36095104326947913
5736,1.19186598633317,HOG8-ML00-H1-GPS-GradientEstimation-Escape-Specialist-Refiner,Refiner,0.3874858458461159
5742,1.1917087702412783,HOG8-ML02-H2-GPS-GradientEstimation-Escape-Specialist-Polisher,Polisher,0.013190752458282579
5751,1.1889084273751394,HOG8-ML00-H1-GPS-GradientEstimation-Escape-Specialist-Refiner,Refiner,0.23498550451818695
5761,1.1864300651904571,HOG8-ML00-H1-GPS-GradientEstimation-Escape-Specialist-Refiner,Refiner,0.20845694484258387
5766,1.183173211266748,HOG8-ML02-H2-GPS-GradientEstimation-Escape-Specialist-Refiner,Refiner,0.2745087147792738
5775,1.1819814031224716,HOG8-ML00-H1-GPS-GradientEstimation-Escape-Specialist-Refiner,Refiner,0.1007298114027055
5775,1.17876231262338,HOG8-ML02-H1-GPS-GradientEstimation-Escape-Specialist-Refiner,Refiner,0.27234696676171727
5786,1.1768807081903232,HOG8-ML00-H1-GPS-GradientEstimation-Escape-Specialist-Refiner,Refiner,0.15962543193878984
5786,1.173223613783938,HOG8-ML02-H2-GPS-GradientEstimation-Escape-Specialist-Refiner,Refiner,0.3107446983312905
5791,1.1720388084668663,HOG8-ML02-H1-GPS-GradientEstimation-Escape-Specialist-Refiner,Refiner,0.10098716929592619
5796,1.1712379988218458,HOG8-ML00-H1-GPS-GradientEstimation-Escape-Specialist-Refiner,Refiner,0.06832620551771891
5796,1.167698204500538,HOG8-ML02-H2-GPS-GradientEstimation-Escape-Specialist-Refiner,Refiner,0.3022267314472802
5801,1.1654275290310776,HOG8-ML02-H1-GPS-GradientEstimation-Escape-Specialist-Refiner,Refiner,0.19445739153393662
5806,1.162419682563756,HOG8-ML02-H2-GPS-GradientEstimation-Escape-Specialist-Refiner,Refiner,0.25808953301645776
5812,1.160028645429854,HOG8-ML02-H1-GPS-GradientEstimation-Escape-Specialist-Refiner,Refiner,0.20569482517953172
5816,1.155763402889867,HOG8-ML02-H2-GPS-GradientEstimation-Escape-Specialist-Refiner,Refiner,0.3676842426944261
5820,1.153535430148132,HOG8-ML02-H1-GPS-GradientEstimation-Escape-Specialist-Refiner,Refiner,0.19277066016834438
5825,1.1525203608283492,HOG8-ML02-H2-GPS-GradientEstimation-Escape-Specialist-Refiner,Refiner,0.08799637126468149
5830,1.1502127129252524,HOG8-ML02-H1-GPS-GradientEstimation-Escape-Specialist-Refiner,Refiner,0.2002262156512546
5839,1.1471920554819162,HOG8-ML00-H1-GPS-GradientEstimation-Escape-Specialist-Refiner,Refiner,0.26261728890598157
5854,1.1428771213595945,HOG8-ML00-H1-GPS-GradientEstimation-Escape-Specialist-Refiner,Refiner,0.37613005614033945
5855,1.1416379774185805,HOG8-ML02-H2-GPS-GradientEstimation-Escape-Specialist-Refiner,Refiner,0.10842319947221195
5865,1.1385426616292738,HOG8-ML02-H2-GPS-GradientEstimation-Escape-Specialist-Refiner,Refiner,0.271129364170747
5876,1.1376654065053886,HOG8-ML00-H1-GPS-GradientEstimation-Escape-Specialist-Refiner,Refiner,0.07705070292489336
5879,1.1339216288089,HOG8-ML02-H1-GPS-GradientEstimation-Escape-Specialist-Refiner,Refiner,0.32907546235307455
5891,1.1295962596606435,HOG8-ML02-H1-GPS-GradientEstimation-Escape-Specialist-Refiner,Refiner,0.3814522131304629
5901,1.123302053608075,HOG8-ML02-H2-GPS-GradientEstimation-Escape-Specialist-Exploiter,Exploiter,0.5572084714993221
5910,1.1180777206540153,HOG8-ML02-H1-GPS-GradientEstimation-Escape-Specialist-Refiner,Refiner,0.4650871007739068
5917,1.116814555814534,HOG8-ML02-H2-GPS-GradientEstimation-Escape-Specialist-Refiner,Refiner,0.11297647883928219
5919,1.1155823373297609,HOG8-ML00-H1-GPS-GradientEstimation-Escape-Specialist-Refiner,Refiner,0.1103333116816659
5920,1.1112933206445403,HOG8-ML02-H1-GPS-GradientEstimation-Escape-Specialist-Refiner,Refiner,0.3844643771867744
5925,1.110361778591615,HOG8-ML02-H2-GPS-GradientEstimation-Escape-Specialist-Refiner,Refiner,0.0838250384142652
5935,1.1081929104946917,HOG8-ML00-H1-GPS-GradientEstimation-Escape-Specialist-Refiner,Refiner,0.19532985903695088
5937,1.1049028688975469,HOG8-ML02-H2-GPS-GradientEstimation-Escape-Specialist-Refiner,Refiner,0.296883472722831
5945,1.1014355985084012,HOG8-ML00-H1-GPS-GradientEstimation-Escape-Specialist-Refiner,Refiner,0.31380770986731255
5946,1.1004741854648943,HOG8-ML02-H1-GPS-GradientEstimation-Escape-Specialist-Refiner,Refiner,0.0872872680716801
5955,1.0965342230590516,HOG8-ML00-H1-GPS-GradientEstimation-Escape-Specialist-Refiner,Refiner,0.3580240643426159
5955,1.095947523778533,HOG8-ML02-H1-GPS-GradientEstimation-Escape-Specialist-Refiner,Refiner,0.053504876380587096
5965,1.0917445594483328,HOG8-ML00-H1-GPS-GradientEstimation-Escape-Specialist-Refiner,Refiner,0.3835005088299742
5981,1.0886100089237507,HOG8-ML00-H1-GPS-GradientEstimation-Escape-Specialist-Refiner,Refiner,0.2871139129986622
5981,1.086554577495965,HOG8-ML02-H1-GPS-GradientEstimation-Escape-Specialist-Refiner,Refiner,0.18881246827940976
5990,1.0831346414418441,HOG8-ML00-H1-GPS-GradientEstimation-Escape-Specialist-Refiner,Refiner,0.3147505081615325
5992,1.0818290916036548,HOG8-ML02-H1-GPS-GradientEstimation-Escape-Specialist-Refiner,Refiner,0.12053439971704669
5997,1.0796993926624197,HOG8-ML02-H2-GPS-GradientEstimation-Escape-Specialist-Refiner,Refiner,0.19686094206231675
6001,1.0754348394847868,HOG8-ML00-H1-GPS-GradientEstimation-Escape-Specialist-Refiner,Refiner,0.3949759726285424
6006,1.0733393300483178,HOG8-ML02-H2-GPS-GradientEstimation-Escape-Specialist-Refiner,Refiner,0.19485229225722986
6012,1.0689493869004616,HOG8-ML02-H1-GPS-GradientEstimation-Escape-Specialist-Refiner,Refiner,0.4089986293205724
6021,1.0670393893985837,HOG8-ML02-H2-GPS-GradientEstimation-Escape-Specialist-Refiner,Refiner,0.17867988188067316
6025,1.0625446364599516,HOG8-ML00-H1-GPS-GradientEstimation-Escape-Specialist-Refiner,Refiner,0.4212358965647453
6025,1.062214202772037,HOG8-ML02-H1-GPS-GradientEstimation-Escape-Specialist-Polisher,Polisher,0.031098334750013806
6036,1.0590205540757884,HOG8-ML02-H1-GPS-GradientEstimation-Escape-Specialist-Refiner,Refiner,0.3006595739271893
6045,1.0538637531577515,HOG8-ML00-H1-GPS-GradientEstimation-Escape-Specialist-Refiner,Refiner,0.48694058847019284
6055,1.0475362692385375,HOG8-ML00-H1-GPS-GradientEstimation-Escape-Specialist-Exploiter,Exploiter,0.6004081552529544
6068,1.0431905708006712,HOG8-ML00-H1-GPS-GradientEstimation-Escape-Specialist-Refiner,Refiner,0.4148494486997739
6080,1.0398368686396604,HOG8-ML00-H1-GPS-GradientEstimation-Escape-Specialist-Refiner,Refiner,0.3214850914954869
6092,1.035683277288078,HOG8-ML00-H1-GPS-GradientEstimation-Escape-Specialist-Refiner,Refiner,0.39944643980706995
6101,1.02898618232731,HOG8-ML00-H1-GPS-GradientEstimation-Escape-Specialist-Exploiter,Exploiter,0.6466354249055867
6109,1.0237466500866361,HOG8-ML00-H1-GPS-GradientEstimation-Escape-Specialist-Exploiter,Exploiter,0.509193644255111
6126,1.0171633827546545,HOG8-ML00-H1-GPS-GradientEstimation-Escape-Specialist-Exploiter,Exploiter,0.6430563002501204
6134,1.0107615426464156,HOG8-ML00-H1-GPS-GradientEstimation-Escape-Specialist-Exploiter,Exploiter,0.62938169194624
6145,1.0062741978317051,HOG8-ML00-H1-GPS-GradientEstimation-Escape-Specialist-Refiner,Refiner,0.4439568212064665
6158,1.0043008478264563,HOG8-ML00-H1-GPS-GradientEstimation-Escape-Specialist-Refiner,Refiner,0.1961046014596133
6174,1.0011281067109865,HOG8-ML00-H1-GPS-GradientEstimation-Escape-Specialist-Refiner,Refiner,0.31591540745349306
6185,0.9989809383317061,HOG8-ML00-H1-GPS-GradientEstimation-Escape-Specialist-Refiner,Refiner,0.21447488736826356
6186,0.9986873824017639,HOG8-ML02-H1-GPS-GradientEstimation-Escape-Specialist-Polisher,Polisher,0.029385538670279022
6195,0.9931885332784313,HOG8-ML02-H1-GPS-GradientEstimation-Escape-Specialist-Exploiter,Exploiter,0.5506076496238848
6203,0.9880484991658962,HOG8-ML00-H1-GPS-GradientEstimation-Escape-Specialist-Exploiter,Exploiter,0.5175285396789907
6210,0.9868257604499968,HOG8-ML02-H1-GPS-GradientEstimation-Escape-Specialist-Refiner,Refiner,0.12375290453167268
6216,0.9814137094400555,HOG8-ML02-H1-GPS-GradientEstimation-Escape-Specialist-Exploiter,Exploiter,0.5484302525172666
6220,0.9804609077499874,HOG8-ML00-H1-GPS-GradientEstimation-Escape-Specialist-Refiner,Refiner,0.09708461181082148
6226,0.9759060403817806,HOG8-ML02-H1-GPS-GradientEstimation-Escape-Specialist-Refiner,Refiner,0.464563893593627
6230,0.9739650585888031,HOG8-ML00-H1-GPS-GradientEstimation-Escape-Specialist-Refiner,Refiner,0.1988902325287587
6239,0.9710580296971495,HOG8-ML00-H1-GPS-GradientEstimation-Escape-Specialist-Refiner,Refiner,0.29847363270564026
6250,0.9622925149346416,HOG8-ML00-H1-GPS-GradientEstimation-Escape-Specialist-Exploiter,Exploiter,0.9026767190465049
6264,0.9588184290846249,HOG8-ML00-H1-GPS-GradientEstimation-Escape-Specialist-Refiner,Refiner,0.3610218094913372
6280,0.9568388165797923,HOG8-ML00-H1-GPS-GradientEstimation-Escape-Specialist-Refiner,Refiner,0.20646375213318563
6287,0.9493534719955232,HOG8-ML02-H1-GPS-GradientEstimation-Escape-Specialist-Exploiter,Exploiter,0.7822994275070642
6300,0.9441876687396089,HOG8-ML02-H1-GPS-GradientEstimation-Escape-Specialist-Exploiter,Exploiter,0.5441390807847253
6310,0.937545095545862,HOG8-ML02-H1-GPS-GradientEstimation-Escape-Specialist-Exploiter,Exploiter,0.7035225531608651
6322,0.9309590021876165,HOG8-ML02-H1-GPS-GradientEstimation-Escape-Specialist-Exploiter,Exploiter,0.7024828341095275
6336,0.9268168523390562,HOG8-ML02-H1-GPS-GradientEstimation-Escape-Specialist-Refiner,Refiner,0.44493364786493017
6345,0.924840175203746,HOG8-ML02-H1-GPS-GradientEstimation-Escape-Specialist-Refiner,Refiner,0.21327591641451077
6356,0.9170250928010899,HOG8-ML02-H1-GPS-GradientEstimation-Escape-Specialist-Exploiter,Exploiter,0.8450197787887356
6370,0.9131246187161048,HOG8-ML02-H1-GPS-GradientEstimation-Escape-Specialist-Refiner,Refiner,0.42533995150240733
6380,0.9097159678203488,HOG8-ML02-H1-GPS-GradientEstimation-Escape-Specialist-Refiner,Refiner,0.3732952573930991
6389,0.9051575400094748,HOG8-ML02-H1-GPS-GradientEstimation-Escape-Specialist-Exploiter,Exploiter,0.5010825325838637
6401,0.8989596895329275,HOG8-ML02-H1-GPS-GradientEstimation-Escape-Specialist-Exploiter,Exploiter,0.6847261612031017
6410,0.8925817888648839,HOG8-ML02-H1-GPS-GradientEstimation-Escape-Specialist-Exploiter,Exploiter,0.7094757131276178
6420,0.8872467601458082,HOG8-ML02-H1-GPS-GradientEstimation-Escape-Specialist-Exploiter,Exploiter,0.5977075474350017
6435,0.8809567585389706,HOG8-ML02-H1-GPS-GradientEstimation-Escape-Specialist-Exploiter,Exploiter,0.7089348633748614
6445,0.8766344862546902,HOG8-ML02-H1-GPS-GradientEstimation-Escape-Specialist-Refiner,Refiner,0.4906338753162752
6460,0.8704214458758037,HOG8-ML02-H1-GPS-GradientEstimation-Escape-Specialist-Exploiter,Exploiter,0.7087378464234174
6470,0.8681120465738474,HOG8-ML02-H1-GPS-GradientEstimation-Escape-Specialist-Refiner,Refiner,0.2653196693278397
6485,0.8630932501281549,HOG8-ML02-H1-GPS-GradientEstimation-Escape-Specialist-Exploiter,Exploiter,0.5781277273481141
6496,0.8574521028949192,HOG8-ML02-H1-GPS-GradientEstimation-Escape-Specialist-Exploiter,Exploiter,0.6535964952104533
6507,0.8514052465889357,HOG8-ML02-H1-GPS-GradientEstimation-Escape-Specialist-Exploiter,Exploiter,0.7052121378638223
6520,0.8447437643116218,HOG8-ML02-H1-GPS-GradientEstimation-Escape-Specialist-Exploiter,Exploiter,0.7824102921613896
6539,0.8351192996122093,HOG8-ML02-H1-GPS-GradientEstimation-Escape-Specialist-Exploiter,Exploiter,1.1393353944737796
6550,0.8310679205767805,HOG8-ML02-H1-GPS-GradientEstimation-Escape-Specialist-Refiner,Refiner,0.4851257823056084
6566,0.8267907924918677,HOG8-ML02-H1-GPS-GradientEstimation-Escape-Specialist-Exploiter,Exploiter,0.5146544559131023
6580,0.8193777356825834,HOG8-ML02-H1-GPS-GradientEstimation-Escape-Specialist-Exploiter,Exploiter,0.8966061156706937
6595,0.8140646850168558,HOG8-ML02-H1-GPS-GradientEstimation-Escape-Specialist-Exploiter,Exploiter,0.6484250711671563
6601,0.808953296043436,HOG8-ML02-H1-GPS-GradientEstimation-Escape-Specialist-Exploiter,Exploiter,0.6278848680573766
6614,0.8025085620383127,HOG8-ML02-H1-GPS-GradientEstimation-Escape-Specialist-Exploiter,Exploiter,0.7966756593544196
6625,0.7962744854944594,HOG8-ML02-H1-GPS-GradientEstimation-Escape-Specialist-Exploiter,Exploiter,0.7768236799890486
6641,0.7887460610566823,HOG8-ML02-H1-GPS-GradientEstimation-Escape-Specialist-Exploiter,Exploiter,0.9454559420050022
6651,0.7837813170198862,HOG8-ML02-H1-GPS-GradientEstimation-Escape-Specialist-Exploiter,Exploiter,0.6294477122516313
6659,0.7817927391731949,HOG8-ML02-H1-GPS-GradientEstimation-Escape-Specialist-Refiner,Refiner,0.25371590308535125
6671,0.7754719731992011,HOG8-ML02-H1-GPS-GradientEstimation-Escape-Specialist-Exploiter,Exploiter,0.808496377272379
6692,0.7680213719576532,HOG8-ML02-H1-GPS-GradientEstimation-Escape-Specialist-Exploiter,Exploiter,0.9607827876500262
6700,0.7659199953966169,HOG8-ML02-H1-GPS-GradientEstimation-Escape-Specialist-Refiner,Refiner,0.2736091257043985
6710,0.7621201741094544,HOG8-ML02-H1-GPS-GradientEstimation-Escape-Specialist-Refiner,Refiner,0.49611203650517477
6719,0.7566207463541432,HOG8-ML02-H1-GPS-GradientEstimation-Escape-Specialist-Exploiter,Exploiter,0.7215958771511781
6731,0.7506193691847228,HOG8-ML02-H1-GPS-GradientEstimation-Escape-Specialist-Exploiter,Exploiter,0.7931816829420372
6741,0.7452196327196929,HOG8-ML02-H1-GPS-GradientEstimation-Escape-Specialist-Exploiter,Exploiter,0.7193707872066715
6755,0.7409140846151139,HOG8-ML02-H1-GPS-GradientEstimation-Escape-Specialist-Exploiter,Exploiter,0.577755592517857
6764,0.7369111513285138,HOG8-ML02-H1-GPS-GradientEstimation-Escape-Specialist-Exploiter,Exploiter,0.5402695629250301
6775,0.734770878796398,HOG8-ML02-H1-GPS-GradientEstimation-Escape-Specialist-Refiner,Refiner,0.2904383422963923
6786,0.7338447155088863,HOG8-ML02-H1-GPS-GradientEstimation-Escape-Specialist-Refiner,Refiner,0.12604790339933333
6796,0.728722842440334,HOG8-ML02-H1-GPS-GradientEstimation-Escape-Specialist-Exploiter,Exploiter,0.6979505282668008
6805,0.7224110080467346,HOG8-ML02-H1-GPS-GradientEstimation-Escape-Specialist-Exploiter,Exploiter,0.8661502049891058
6815,0.7161680601675652,HOG8-ML02-H1-GPS-GradientEstimation-Escape-Specialist-Exploiter,Exploiter,0.8641822743052091
6827,0.7101008259394331,HOG8-ML02-H1-GPS-GradientEstimation-Escape-Specialist-Exploiter,Exploiter,0.8471802312312652
6835,0.704806555800542,HOG8-ML02-H1-GPS-GradientEstimation-Escape-Specialist-Exploiter,Exploiter,0.745565973942795
6850,0.6988525816865563,HOG8-ML02-H1-GPS-GradientEstimation-Escape-Specialist-Exploiter,Exploiter,0.8447671300706003
6860,0.6976188972211865,HOG8-ML02-H1-GPS-GradientEstimation-Escape-Specialist-Refiner,Refiner,0.17653000041760988
6869,0.6936366036457216,HOG8-ML02-H1-GPS-GradientEstimation-Escape-Specialist-Exploiter,Exploiter,0.570840840368227
6880,0.6930171966374332,HOG8-ML02-H1-GPS-GradientEstimation-Escape-Specialist-Refiner,Refiner,0.08929848930012581
6891,0.6884136443921296,HOG8-ML02-H1-GPS-GradientEstimation-Escape-Specialist-Exploiter,Exploiter,0.664276769413569
6901,0.6843797077599588,HOG8-ML02-H1-GPS-GradientEstimation-Escape-Specialist-Exploiter,Exploiter,0.5859756942692135
6911,0.6782554647456438,HOG8-ML02-H1-GPS-GradientEstimation-Escape-Specialist-Exploiter,Exploiter,0.8948604034973896
6927,0.6730175993081656,HOG8-ML02-H1-GPS-GradientEstimation-Escape-Specialist-Exploiter,Exploiter,0.7722555452527688
6936,0.6704620766859302,HOG8-ML02-H1-GPS-GradientEstimation-Escape-Specialist-Refiner,Refiner,0.37971111377509803
6945,0.6659507980664061,HOG8-ML02-H1-GPS-GradientEstimation-Escape-Specialist-Exploiter,Exploiter,0.6728611171899741
6956,0.6598123129033648,HOG8-ML02-H1-GPS-GradientEstimation-Escape-Specialist-Exploiter,Exploiter,0.9217625657727897
6971,0.6570125421322219,HOG8-ML02-H1-GPS-GradientEstimation-Escape-Specialist-Refiner,Refiner,0.4243283607156566
6987,0.650838969270661,HOG8-ML02-H1-GPS-GradientEstimation-Escape-Specialist-Exploiter,Exploiter,0.939643076146716
6998,0.6458717237549833,HOG8-ML02-H1-GPS-GradientEstimation-Escape-Specialist-Exploiter,Exploiter,0.7632065303717285
7008,0.6396979173410944,HOG8-ML02-H1-GPS-GradientEstimation-Escape-Specialist-Exploiter,Exploiter,0.9558873978869148
7020,0.6348248412215083,HOG8-ML02-H1-GPS-GradientEstimation-Escape-Specialist-Exploiter,Exploiter,0.761777705927361
7040,0.6256954497888045,HOG8-ML02-H1-GPS-GradientEstimation-Escape-Specialist-Exploiter,Exploiter,1.4380961235129497
7050,0.6229014318189092,HOG8-ML02-H1-GPS-GradientEstimation-Escape-Specialist-Refiner,Refiner,0.44654599467494893
7061,0.619557685412192,HOG8-ML02-H1-GPS-GradientEstimation-Escape-Specialist-Exploiter,Exploiter,0.5368018495242911
7075,0.6166971504904177,HOG8-ML02-H1-GPS-GradientEstimation-Escape-Specialist-Refiner,Refiner,0.4617059862426174
7092,0.614749695147806,HOG8-ML02-H1-GPS-GradientEstimation-Escape-Specialist-Refiner,Refiner,0.3157879586541107
7100,0.6106291052573629,HOG8-ML02-H1-GPS-GradientEstimation-Escape-Specialist-Exploiter,Exploiter,0.6702874231523345
7109,0.6037495452534161,HOG8-ML02-H1-GPS-GradientEstimation-Escape-Specialist-Exploiter,Exploiter,1.1266348008497415
7123,0.5978839166004262,HOG8-ML02-H1-GPS-GradientEstimation-Escape-Specialist-Exploiter,Exploiter,0.971533427909726
7132,0.5917297119257953,HOG8-ML02-H1-GPS-GradientEstimation-Escape-Specialist-Exploiter,Exploiter,1.0293310296125326
7146,0.5847766919550564,HOG8-ML02-H1-GPS-GradientEstimation-Escape-Specialist-Exploiter,Exploiter,1.1750330988298856
7245,0.5807709326141594,HOG8-ML02-H1-GPS-GradientEstimation-Escape-Specialist-Exploiter,Exploiter,0.6850066693843113
7255,0.5760987524576998,HOG8-ML02-H1-GPS-GradientEstimation-Escape-Specialist-Exploiter,Exploiter,0.804478994055225
7262,0.5710860398070501,HOG8-ML02-H1-GPS-GradientEstimation-Escape-Specialist-Exploiter,Exploiter,0.8701134361539501
7274,0.5661033226606111,HOG8-ML02-H1-GPS-GradientEstimation-Escape-Specialist-Exploiter,Exploiter,0.8724985026988975
7288,0.5602655803300445,HOG8-ML02-H1-GPS-GradientEstimation-Escape-Specialist-Exploiter,Exploiter,1.0312149914842477
7298,0.5533882038882284,HOG8-ML02-H1-GPS-GradientEstimation-Escape-Specialist-Exploiter,Exploiter,1.2275207835835122
7307,0.5484094795418892,HOG8-ML02-H1-GPS-GradientEstimation-Escape-Specialist-Exploiter,Exploiter,0.8996802446018087
7318,0.5446977313943103,HOG8-ML02-H1-GPS-GradientEstimation-Escape-Specialist-Exploiter,Exploiter,0.6768205667559751
7333,0.5409738656957997,HOG8-ML02-H1-GPS-GradientEstimation-Escape-Specialist-Exploiter,Exploiter,0.6836572807047079
7345,0.5348115990558183,HOG8-ML02-H1-GPS-GradientEstimation-Escape-Specialist-Exploiter,Exploiter,1.1391061621905765
7354,0.5329231172032658,HOG8-ML02-H1-GPS-GradientEstimation-Escape-Specialist-Refiner,Refiner,0.35311161087129395
7369,0.5264393644825908,HOG8-ML02-H1-GPS-GradientEstimation-Escape-Specialist-Exploiter,Exploiter,1.2166394197161496
7378,0.5204608815999942,HOG8-ML02-H1-GPS-GradientEstimation-Escape-Specialist-Exploiter,Exploiter,1.1356451067204192
7389,0.5147533095315026,HOG8-ML02-H1-GPS-GradientEstimation-Escape-Specialist-Exploiter,Exploiter,1.0966380510568732
7398,0.5091373770358878,HOG8-ML02-H1-GPS-GradientEstimation-Escape-Specialist-Exploiter,Exploiter,1.0909949274004755
7409,0.5023156969427495,HOG8-ML02-H1-GPS-GradientEstimation-Escape-Specialist-Exploiter,Exploiter,1.3398505788070405
7423,0.4966697732979465,HOG8-ML02-H1-GPS-GradientEstimation-Escape-Specialist-Exploiter,Exploiter,1.1239791388495013
7433,0.4899791323256387,HOG8-ML02-H1-GPS-GradientEstimation-Escape-Specialist-Exploiter,Exploiter,1.3471004945360587
7443,0.4844820954455836,HOG8-ML02-H1-GPS-GradientEstimation-Escape-Specialist-Exploiter,Exploiter,1.121892039353582
7452,0.4788495423696847,HOG8-ML02-H1-GPS-GradientEstimation-Escape-Specialist-Exploiter,Exploiter,1.1625926177351542
7467,0.47412709452248203,HOG8-ML02-H1-GPS-GradientEstimation-Escape-Specialist-Exploiter,Exploiter,0.9862070294215304
7473,0.4685401436720909,HOG8-ML02-H1-GPS-GradientEstimation-Escape-Specialist-Exploiter,Exploiter,1.1783656565794947
7488,0.4639475669641523,HOG8-ML02-H1-GPS-GradientEstimation-Escape-Specialist-Exploiter,Exploiter,0.980188521723069
7503,0.460321930813883,HOG8-ML02-H1-GPS-GradientEstimation-Escape-Specialist-Exploiter,Exploiter,0.7814754098170377
7512,0.45813197824322327,HOG8-ML02-H1-GPS-GradientEstimation-Escape-Specialist-Refiner,Refiner,0.47574369676190303
7525,0.4526370182137551,HOG8-ML02-H1-GPS-GradientEstimation-Escape-Specialist-Exploiter,Exploiter,1.1994273027042126
7544,0.4480477692704375,HOG8-ML02-H1-GPS-GradientEstimation-Escape-Specialist-Exploiter,Exploiter,1.0138916523947212
7559,0.44250925472418456,HOG8-ML02-H1-GPS-GradientEstimation-Escape-Specialist-Exploiter,Exploiter,1.2361437610260548
7569,0.43801874134272956,HOG8-ML02-H1-GPS-GradientEstimation-Escape-Specialist-Exploiter,Exploiter,1.0147840601105482
7579,0.4336986406991825,HOG8-ML02-H1-GPS-GradientEstimation-Escape-Specialist-Exploiter,Exploiter,0.9862821463538161
7588,0.42718023428845964,HOG8-ML02-H1-GPS-GradientEstimation-Escape-Specialist-Exploiter,Exploiter,1.5029805950542752
7598,0.4226440953907312,HOG8-ML02-H1-GPS-GradientEstimation-Escape-Specialist-Exploiter,Exploiter,1.0618793974126903
7608,0.4173542459748233,HOG8-ML02-H1-GPS-GradientEstimation-Escape-Specialist-Exploiter,Exploiter,1.2516084984027773
7618,0.4126760200241272,HOG8-ML02-H1-GPS-GradientEstimation-Escape-Specialist-Exploiter,Exploiter,1.1209244894032597
7632,0.40642652626592946,HOG8-ML02-H1-GPS-GradientEstimation-Escape-Specialist-Exploiter,Exploiter,1.5143825797855528
7643,0.4010352192585741,HOG8-ML02-H1-GPS-GradientEstimation-Escape-Specialist-Exploiter,Exploiter,1.326514550339108
7652,0.39492250061458095,HOG8-ML02-H1-GPS-GradientEstimation-Escape-Specialist-Exploiter,Exploiter,1.5242348677740138
7663,0.39045111864194304,HOG8-ML02-H1-GPS-GradientEstimation-Escape-Specialist-Exploiter,Exploiter,1.1322175783044819
7678,0.38521513243942834,HOG8-ML02-H1-GPS-GradientEstimation-Escape-Specialist-Exploiter,Exploiter,1.3410093997748986
7687,0.380308657323404,HOG8-ML02-H1-GPS-GradientEstimation-Escape-Specialist-Exploiter,Exploiter,1.273697397335714
7697,0.37649672893343156,HOG8-ML02-H1-GPS-GradientEstimation-Escape-Specialist-Exploiter,Exploiter,1.0023249054598575
7712,0.37294126883684003,HOG8-ML02-H1-GPS-GradientEstimation-Escape-Specialist-Exploiter,Exploiter,0.9443535158097387
7729,0.36704793839185235,HOG8-ML02-H1-GPS-GradientEstimation-Escape-Specialist-Exploiter,Exploiter,1.5802301695836165
7743,0.36473292156110027,HOG8-ML02-H1-GPS-GradientEstimation-Escape-Specialist-Exploiter,Exploiter,0.6307123916551249
7753,0.35935088739376225,HOG8-ML02-H1-GPS-GradientEstimation-Escape-Specialist-Exploiter,Exploiter,1.4756096445317484
7768,0.354148309295857,HOG8-ML02-H1-GPS-GradientEstimation-Escape-Specialist-Exploiter,Exploiter,1.4477710450745254
7777,0.3499742226761534,HOG8-ML02-H1-GPS-GradientEstimation-Escape-Specialist-Exploiter,Exploiter,1.1786267250584381
7790,0.34407069754503344,HOG8-ML02-H1-GPS-GradientEstimation-Escape-Specialist-Exploiter,Exploiter,1.686845701371201
7800,0.33910715565503896,HOG8-ML02-H1-GPS-GradientEstimation-Escape-Specialist-Exploiter,Exploiter,1.4425936080606903
7807,0.3347581659279557,HOG8-ML02-H1-GPS-GradientEstimation-Escape-Specialist-Exploiter,Exploiter,1.2824824408917272
7817,0.32996320096427345,HOG8-ML02-H1-GPS-GradientEstimation-Escape-Specialist-Exploiter,Exploiter,1.4323668402204701
7833,0.3241405725720618,HOG8-ML02-H1-GPS-GradientEstimation-Escape-Specialist-Exploiter,Exploiter,1.7646296239083006
7842,0.3192424572032475,HOG8-ML02-H1-GPS-GradientEstimation-Escape-Specialist-Exploiter,Exploiter,1.511108384225909
7852,0.3142399700843439,HOG8-ML02-H1-GPS-GradientEstimation-Escape-Specialist-Exploiter,Exploiter,1.5669867857578692
7867,0.3085767893978095,HOG8-ML02-H1-GPS-GradientEstimation-Escape-Specialist-Exploiter,Exploiter,1.8021834348489605
7878,0.3037133542358388,HOG8-ML02-H1-GPS-GradientEstimation-Escape-Specialist-Exploiter,Exploiter,1.576085865518849
7887,0.29805432740121024,HOG8-ML02-H1-GPS-GradientEstimation-Escape-Specialist-Exploiter,Exploiter,1.8632788962694773
7897,0.2934074810487802,HOG8-ML02-H1-GPS-GradientEstimation-Escape-Specialist-Exploiter,Exploiter,1.55906018642531
7913,0.2887113091562016,HOG8-ML02-H1-GPS-GradientEstimation-Escape-Specialist-Exploiter,Exploiter,1.6005631062276462
7922,0.28414315418128777,HOG8-ML02-H1-GPS-GradientEstimation-Escape-Specialist-Exploiter,Exploiter,1.5822570263232385
7932,0.2793186698463592,HOG8-ML02-H1-GPS-GradientEstimation-Escape-Specialist-Exploiter,Exploiter,1.697906236322854
7944,0.2746726325333511,HOG8-ML02-H1-GPS-GradientEstimation-Escape-Specialist-Exploiter,Exploiter,1.6633464979493455
7960,0.27233140213461315,HOG8-ML02-H1-GPS-GradientEstimation-Escape-Specialist-Exploiter,Exploiter,0.8523711944449668
7972,0.27024052733359893,HOG8-ML02-H1-GPS-GradientEstimation-Escape-Specialist-Exploiter,Exploiter,0.7677685293085306
7989,0.26717302826748346,HOG8-ML02-H1-GPS-GradientEstimation-Escape-Specialist-Exploiter,Exploiter,1.13509957088294
7998,0.2635588551610841,HOG8-ML02-H1-GPS-GradientEstimation-Escape-Specialist-Exploiter,Exploiter,1.352746244572622
8003,0.2588640697523727,HOG8-ML02-H1-GPS-GradientEstimation-Escape-Specialist-Exploiter,Exploiter,1.781304371595496
8018,0.2553238126466263,HOG8-ML02-H1-GPS-GradientEstimation-Escape-Specialist-Exploiter,Exploiter,1.3676123956225306
8027,0.2514030231864319,HOG8-ML02-H1-GPS-GradientEstimation-Escape-Specialist-Exploiter,Exploiter,1.535614488735869
8042,0.246125356531108,HOG8-ML02-H1-GPS-GradientEstimation-Escape-Specialist-Exploiter,Exploiter,2.09928527844716
8052,0.24201254816055245,HOG8-ML02-H1-GPS-GradientEstimation-Escape-Specialist-Exploiter,Exploiter,1.6710218030850197
8062,0.23744849540045848,HOG8-ML02-H1-GPS-GradientEstimation-Escape-Specialist-Exploiter,Exploiter,1.8858744287367095
8078,0.23242805756674517,HOG8-ML02-H1-GPS-GradientEstimation-Escape-Specialist-Exploiter,Exploiter,2.114327077645326
8087,0.228168519963531,HOG8-ML02-H1-GPS-GradientEstimation-Escape-Specialist-Exploiter,Exploiter,1.8326262533906825
8099,0.22465121715697356,HOG8-ML02-H1-GPS-GradientEstimation-Escape-Specialist-Exploiter,Exploiter,1.541537284424519
8108,0.2197022303791621,HOG8-ML02-H1-GPS-GradientEstimation-Escape-Specialist-Exploiter,Exploiter,2.202964595715232
8118,0.21551174259174552,HOG8-ML02-H1-GPS-GradientEstimation-Escape-Specialist-Exploiter,Exploiter,1.9073487693705364
8134,0.21151133713135495,HOG8-ML02-H1-GPS-GradientEstimation-Escape-Specialist-Exploiter,Exploiter,1.8562354943084174
8143,0.2080516469965433,HOG8-ML02-H1-GPS-GradientEstimation-Escape-Specialist-Exploiter,Exploiter,1.6356996186275712
8154,0.204641445693382,HOG8-ML02-H1-GPS-GradientEstimation-Escape-Specialist-Exploiter,Exploiter,1.6391128608647652
8162,0.20146925650170353,HOG8-ML02-H1-GPS-GradientEstimation-Escape-Specialist-Exploiter,Exploiter,1.5501205930842668
8178,0.1979609407905177,HOG8-ML02-H1-GPS-GradientEstimation-Escape-Specialist-Exploiter,Exploiter,1.7413652941912514
8189,0.1941794987614974,HOG8-ML02-H1-GPS-GradientEstimation-Escape-Specialist-Exploiter,Exploiter,1.9101960285296038
8204,0.19242939680962895,HOG8-ML00-H1-GPS-GradientEstimation-Escape-Specialist-Exploiter,Exploiter,0.9012804971847345
8204,0.19135485963393664,HOG8-ML02-H1-GPS-GradientEstimation-Escape-Specialist-Exploiter,Exploiter,0.5584059366747127
8213,0.19009278023431084,HOG8-ML02-H1-GPS-GradientEstimation-Escape-Specialist-Exploiter,Exploiter,0.6595491758297499
8223,0.1849854428995073,HOG8-ML02-H1-GPS-GradientEstimation-Escape-Specialist-Exploiter,Exploiter,2.6867602906897172
8233,0.18106954169618283,HOG8-ML02-H1-GPS-GradientEstimation-Escape-Specialist-Exploiter,Exploiter,2.1168699233548702
8247,0.17729140699975413,HOG8-ML02-H1-GPS-GradientEstimation-Escape-Specialist-Exploiter,Exploiter,2.086565559859898
8254,0.17416903491890293,HOG8-ML02-H1-GPS-GradientEstimation-Escape-Specialist-Exploiter,Exploiter,1.7611525192845523
8268,0.17014807728131698,HOG8-ML02-H1-GPS-GradientEstimation-Escape-Specialist-Exploiter,Exploiter,2.3086524188746855
8283,0.16614112839559284,HOG8-ML02-H1-GPS-GradientEstimation-Escape-Specialist-Exploiter,Exploiter,2.3549774700652018
8292,0.16261803042823048,HOG8-ML02-H1-GPS-GradientEstimation-Escape-Specialist-Exploiter,Exploiter,2.1205453468292537
8303,0.1590267781176724,HOG8-ML02-H1-GPS-GradientEstimation-Escape-Specialist-Exploiter,Exploiter,2.2083973721124512
8312,0.15560406794902235,HOG8-ML02-H1-GPS-GradientEstimation-Escape-Specialist-Exploiter,Exploiter,2.1522854258654576
8323,0.15146277458503027,HOG8-ML02-H1-GPS-GradientEstimation-Escape-Specialist-Exploiter,Exploiter,2.6614300118097245
8338,0.14792720454884117,HOG8-ML02-H1-GPS-GradientEstimation-Escape-Specialist-Exploiter,Exploiter,2.3342831569510487
8348,0.1451951255567817,HOG8-ML02-H1-GPS-GradientEstimation-Escape-Specialist-Exploiter,Exploiter,1.8469077411365602
8359,0.14166209901369503,HOG8-ML02-H1-GPS-GradientEstimation-Escape-Specialist-Exploiter,Exploiter,2.4332955597087276
8367,0.13905025884929992,HOG8-ML02-H1-GPS-GradientEstimation-Escape-Specialist-Exploiter,Exploiter,1.843711326162558
8377,0.1351617293129276,HOG8-ML02-H1-GPS-GradientEstimation-Escape-Specialist-Exploiter,Exploiter,2.7964921234606437
8388,0.13192953118943734,HOG8-ML02-H1-GPS-GradientEstimation-Escape-Specialist-Exploiter,Exploiter,2.391355999897761
8398,0.12928419335130723,HOG8-ML02-H1-GPS-GradientEstimation-Escape-Specialist-Exploiter,Exploiter,2.0051142562855646
8411,0.12613455819985894,HOG8-ML02-H1-GPS-GradientEstimation-Escape-Specialist-Exploiter,Exploiter,2.4362105450042906
8422,0.12294685106534198,HOG8-ML02-H1-GPS-GradientEstimation-Escape-Specialist-Exploiter,Exploiter,2.5272274149215117
8433,0.11941984861530847,HOG8-ML02-H1-GPS-GradientEstimation-Escape-Specialist-Exploiter,Exploiter,2.8687212559506974
8447,0.11835268711718919,HOG8-ML02-H1-GPS-GradientEstimation-Escape-Specialist-Exploiter,Exploiter,0.8936215465797194
8467,0.11643828308563003,HOG8-ML02-H1-GPS-GradientEstimation-Escape-Specialist-Exploiter,Exploiter,1.6175416698934506
8477,0.11556612978770034,HOG8-ML02-H1-GPS-GradientEstimation-Escape-Specialist-Exploiter,Exploiter,0.7490262436180924
8488,0.11290065622726281,HOG8-ML02-H1-GPS-GradientEstimation-Escape-Specialist-Exploiter,Exploiter,2.306448753916147
8498,0.11020666295647805,HOG8-ML02-H1-GPS-GradientEstimation-Escape-Specialist-Exploiter,Exploiter,2.3861626325376717
8508,0.10720787011768224,HOG8-ML02-H1-GPS-GradientEstimation-Escape-Specialist-Exploiter,Exploiter,2.721063099406313
8518,0.10602839842686118,HOG8-ML02-H2-GPS-GradientEstimation-Escape-Specialist-Exploiter,Exploiter,1.1001726734486441
8522,0.10554159672804372,HOG8-ML01-H1-GPS-GradientEstimation-Escape-Specialist-Refiner,Refiner,0.45912388194117165
8522,0.10445290277992973,HOG8-ML02-H1-GPS-GradientEstimation-Escape-Specialist-Exploiter,Exploiter,1.0315306778229858
8527,0.10372274906269544,HOG8-ML02-H2-GPS-GradientEstimation-Escape-Specialist-Exploiter,Exploiter,0.6990267362627988
8534,0.10176827880628043,HOG8-ML02-H1-GPS-GradientEstimation-Escape-Specialist-Exploiter,Exploiter,1.8843216884211356
8538,0.10155105282524839,HOG8-ML02-H2-GPS-GradientEstimation-Escape-Specialist-Refiner,Refiner,0.2134515622943237
8543,0.10145553635336033,HOG8-ML01-H1-GPS-GradientEstimation-Escape-Specialist-Refiner,Refiner,0.09405758899656844
8547,0.09889324066892599,HOG8-ML02-H1-GPS-GradientEstimation-Escape-Specialist-Exploiter,Exploiter,2.525535595721552
8552,0.09863556446763509,HOG8-ML02-H2-GPS-GradientEstimation-Escape-Specialist-Refiner,Refiner,0.26055997310629686
8558,0.0962281919527722,HOG8-ML02-H1-GPS-GradientEstimation-Escape-Specialist-Exploiter,Exploiter,2.4406739372924817
8562,0.09599243932248072,HOG8-ML02-H2-GPS-GradientEstimation-Escape-Specialist-Refiner,Refiner,0.24499330758202595
8569,0.09554609817904605,HOG8-ML01-H1-GPS-GradientEstimation-Escape-Specialist-Refiner,Refiner,0.464975311165095
8570,0.09368564982542928,HOG8-ML02-H1-GPS-GradientEstimation-Escape-Specialist-Exploiter,Exploiter,1.9471735519020756
8574,0.0933539949776087,HOG8-ML02-H2-GPS-GradientEstimation-Escape-Specialist-Refiner,Refiner,0.3540081628708056
8577,0.09244225560941345,HOG8-ML01-H1-GPS-GradientEstimation-Escape-Specialist-Exploiter,Exploiter,0.9766474036959327
8579,0.09056464281875526,HOG8-ML02-H1-GPS-GradientEstimation-Escape-Specialist-Exploiter,Exploiter,2.03111961978889
8589,0.08838238576232302,HOG8-ML02-H1-GPS-GradientEstimation-Escape-Specialist-Exploiter,Exploiter,2.4096126131690676
8598,0.08595926368217388,HOG8-ML02-H1-GPS-GradientEstimation-Escape-Specialist-Exploiter,Exploiter,2.7416346133327645
8608,0.08344762682955259,HOG8-ML02-H1-GPS-GradientEstimation-Escape-Specialist-Exploiter,Exploiter,2.9218920044590266
8623,0.08156444594715644,HOG8-ML02-H1-GPS-GradientEstimation-Escape-Specialist-Exploiter,Exploiter,2.2567219152231597
8633,0.0787344219175618,HOG8-ML02-H1-GPS-GradientEstimation-Escape-Specialist-Exploiter,Exploiter,3.4696784815140345
8643,0.07600788455497393,HOG8-ML02-H1-GPS-GradientEstimation-Escape-Specialist-Exploiter,Exploiter,3.4629546978101584
8657,0.07379763407631787,HOG8-ML02-H1-GPS-GradientEstimation-Escape-Specialist-Exploiter,Exploiter,2.907922634075491
8667,0.07161623571186859,HOG8-ML02-H1-GPS-GradientEstimation-Escape-Specialist-Exploiter,Exploiter,2.9559191046604325
8678,0.06937195222114251,HOG8-ML02-H1-GPS-GradientEstimation-Escape-Specialist-Exploiter,Exploiter,3.1337635501472625
8687,0.06727451971638858,HOG8-ML02-H1-GPS-GradientEstimation-Escape-Specialist-Exploiter,Exploiter,3.0234589594188965
8703,0.06551525073250049,HOG8-ML02-H1-GPS-GradientEstimation-Escape-Specialist-Exploiter,Exploiter,2.6150598938568406
8717,0.064141746214922,HOG8-ML02-H1-GPS-GradientEstimation-Escape-Specialist-Exploiter,Exploiter,2.0964653301664464
8729,0.06345871532321809,HOG8-ML02-H1-GPS-GradientEstimation-Escape-Specialist-Exploiter,Exploiter,1.0648772944460394
8742,0.06282923365787632,HOG8-ML02-H1-GPS-GradientEstimation-Escape-Specialist-Exploiter,Exploiter,0.9919546308739347
8749,0.062259898215117314,HOG8-ML01-H1-GPS-GradientEstimation-Escape-Specialist-Exploiter,Exploiter,0.9061632772081964
8754,0.061775226704966026,HOG8-ML02-H1-GPS-GradientEstimation-Escape-Specialist-Exploiter,Exploiter,0.7784649895775212
8759,0.060735403325172715,HOG8-ML02-H2-GPS-GradientEstimation-Escape-Specialist-Exploiter,Exploiter,1.683236849553674
8763,0.060322520648917397,HOG8-ML01-H1-GPS-GradientEstimation-Escape-Specialist-Exploiter,Exploiter,0.6798056053810602
8763,0.05982655082994465,HOG8-ML02-H1-GPS-GradientEstimation-Escape-Specialist-Exploiter,Exploiter,0.8221967743346461
8768,0.058664106447892536,HOG8-ML02-H2-GPS-GradientEstimation-Escape-Specialist-Exploiter,Exploiter,1.9430242357717187
8772,0.058083536659491536,HOG8-ML01-H1-GPS-GradientEstimation-Escape-Specialist-Exploiter,Exploiter,0.9896507823172628
8778,0.05674361918169281,HOG8-ML02-H2-GPS-GradientEstimation-Escape-Specialist-Exploiter,Exploiter,2.3068799781491416
8783,0.056249994094352704,HOG8-ML01-H1-GPS-GradientEstimation-Escape-Specialist-Exploiter,Exploiter,0.8699217541262563
8788,0.055156563912299686,HOG8-ML02-H2-GPS-GradientEstimation-Escape-Specialist-Exploiter,Exploiter,1.9438760832915256
8793,0.054640626881324886,HOG8-ML01-H1-GPS-GradientEstimation-Escape-Specialist-Exploiter,Exploiter,0.9354045908210543
8803,0.05342020514168491,HOG8-ML02-H2-GPS-GradientEstimation-Escape-Specialist-Exploiter,Exploiter,2.233542712258102
8808,0.05286639291680914,HOG8-ML01-H1-GPS-GradientEstimation-Escape-Specialist-Exploiter,Exploiter,1.0367092814542942
8812,0.05186108283021018,HOG8-ML02-H2-GPS-GradientEstimation-Escape-Specialist-Exploiter,Exploiter,1.9016052186138765
8817,0.0513441711982415,HOG8-ML01-H1-GPS-GradientEstimation-Escape-Specialist-Exploiter,Exploiter,0.9967235617910557
8822,0.05016823328608172,HOG8-ML02-H2-GPS-GradientEstimation-Escape-Specialist-Exploiter,Exploiter,2.290304594886625
8828,0.04925666134540299,HOG8-ML01-H1-GPS-GradientEstimation-Escape-Specialist-Exploiter,Exploiter,1.8170301821882746
8833,0.04849512667829535,HOG8-ML02-H2-GPS-GradientEstimation-Escape-Specialist-Exploiter,Exploiter,1.546054170759816
8838,0.04769099115167334,HOG8-ML01-H1-GPS-GradientEstimation-Escape-Specialist-Exploiter,Exploiter,1.6581780102492425
8843,0.046771598198271036,HOG8-ML02-H2-GPS-GradientEstimation-Escape-Specialist-Exploiter,Exploiter,1.9278126354688847
8852,0.0459580321702687,HOG8-ML01-H1-GPS-GradientEstimation-Escape-Specialist-Exploiter,Exploiter,1.7394445760726913
8852,0.04509227917673624,HOG8-ML02-H2-GPS-GradientEstimation-Escape-Specialist-Exploiter,Exploiter,1.8837903901649873
8863,0.04408845373609123,HOG8-ML01-H1-GPS-GradientEstimation-Escape-Specialist-Exploiter,Exploiter,2.2261581338804923
8863,0.04361895592203361,HOG8-ML02-H2-GPS-GradientEstimation-Escape-Specialist-Exploiter,Exploiter,1.064899705641715
8873,0.04171031649155787,HOG8-ML02-H2-GPS-GradientEstimation-Escape-Specialist-Exploiter,Exploiter,4.375710949815777
8888,0.040963419507744306,HOG8-ML01-H1-GPS-GradientEstimation-Escape-Specialist-Exploiter,Exploiter,1.7906768556041368
8888,0.04044424055626956,HOG8-ML02-H2-GPS-GradientEstimation-Escape-Specialist-Exploiter,Exploiter,1.2674209275341268
8898,0.03951617743429851,HOG8-ML01-H1-GPS-GradientEstimation-Escape-Specialist-Exploiter,Exploiter,2.2946731331988834
8898,0.03908880347470689,HOG8-ML02-H2-GPS-GradientEstimation-Escape-Specialist-Exploiter,Exploiter,1.081516450578236
8907,0.03827990353279959,HOG8-ML01-H1-GPS-GradientEstimation-Escape-Specialist-Exploiter,Exploiter,2.0693903880447766
8907,0.0377712193176544,HOG8-ML02-H2-GPS-GradientEstimation-Escape-Specialist-Exploiter,Exploiter,1.3288544855117954
8917,0.03638641360057584,HOG8-ML02-H2-GPS-GradientEstimation-Escape-Specialist-Exploiter,Exploiter,3.666298684806546
8927,0.03526374347293308,HOG8-ML01-H1-GPS-GradientEstimation-Escape-Specialist-Exploiter,Exploiter,3.085410230221177
8928,0.03478139233647075,HOG8-ML02-H2-GPS-GradientEstimation-Escape-Specialist-Exploiter,Exploiter,1.36783871749908
8942,0.03392785231938769,HOG8-ML01-H1-GPS-GradientEstimation-Escape-Specialist-Exploiter,Exploiter,2.4540133667623767
8943,0.033487976971719,HOG8-ML02-H2-GPS-GradientEstimation-Escape-Specialist-Exploiter,Exploiter,1.2965021880189271
8952,0.03246463118620986,HOG8-ML01-H1-GPS-GradientEstimation-Escape-Specialist-Exploiter,Exploiter,3.0558602759831284
8952,0.03199091389143317,HOG8-ML02-H2-GPS-GradientEstimation-Escape-Specialist-Exploiter,Exploiter,1.4591796594255184
8964,0.031396602991362536,HOG8-ML01-H1-GPS-GradientEstimation-Escape-Specialist-Exploiter,Exploiter,1.8577490536454693
8969,0.03116446645414344,HOG8-ML02-H2-GPS-GradientEstimation-Escape-Specialist-Exploiter,Exploiter,0.739368323646221
8972,0.03075224446471656,HOG8-ML01-H1-GPS-GradientEstimation-Escape-Specialist-Exploiter,Exploiter,1.3227307774815922
8982,0.03035081672840203,HOG8-ML02-H2-GPS-GradientEstimation-Escape-Specialist-Exploiter,Exploiter,1.3053607738293889
8988,0.02973597920814987,HOG8-ML01-H1-GPS-GradientEstimation-Escape-Specialist-Exploiter,Exploiter,2.025769275845542
9000,0.02836604896736809,HOG8-ML01-H1-GPS-GradientEstimation-Escape-Specialist-Exploiter,Exploiter,4.606978741787386
9013,0.027597793660020038,HOG8-ML01-H1-GPS-GradientEstimation-Escape-Specialist-Exploiter,Exploiter,2.708362057161512
9028,0.026647151412226407,HOG8-ML01-H1-GPS-GradientEstimation-Escape-Specialist-Exploiter,Exploiter,3.444631333593864
9040,0.026101588253876068,HOG8-ML02-H2-GPS-GradientEstimation-Escape-Specialist-Exploiter,Exploiter,2.047360147096324
9042,0.02544136869239376,HOG8-ML01-H1-GPS-GradientEstimation-Escape-Specialist-Exploiter,Exploiter,2.52942294185591
9048,0.025395300460113436,HOG8-ML02-H2-GPS-GradientEstimation-Escape-Specialist-Refiner,Refiner,0.18107607667387932
9053,0.02451793533475212,HOG8-ML01-H1-GPS-GradientEstimation-Escape-Specialist-Exploiter,Exploiter,3.4548326244036005
9064,0.024032910925782032,HOG8-ML02-H2-GPS-GradientEstimation-Escape-Specialist-Exploiter,Exploiter,1.9782432833265777
9068,0.023540248363623166,HOG8-ML01-H1-GPS-GradientEstimation-Escape-Specialist-Exploiter,Exploiter,2.0499496031932916
9078,0.022339060113979552,HOG8-ML01-H1-GPS-GradientEstimation-Escape-Specialist-Local Explorer,Local Explorer,5.102699984677368
9088,0.02140045691761426,HOG8-ML01-H1-GPS-GradientEstimation-Escape-Specialist-Exploiter,Exploiter,4.201623486289486
9097,0.02119982809364741,HOG8-ML02-H2-GPS-GradientEstimation-Escape-Specialist-Exploiter,Exploiter,0.9374978522150973
9103,0.02042822145925289,HOG8-ML01-H1-GPS-GradientEstimation-Escape-Specialist-Exploiter,Exploiter,3.6396834492527548
9112,0.01971986213766711,HOG8-ML01-H1-GPS-GradientEstimation-Escape-Specialist-Exploiter,Exploiter,3.467552586497581
9118,0.01952344068441908,HOG8-ML02-H2-GPS-GradientEstimation-Escape-Specialist-Exploiter,Exploiter,0.9960589575970966
9123,0.01869014593994039,HOG8-ML01-H1-GPS-GradientEstimation-Escape-Specialist-Exploiter,Exploiter,4.2681756661043355
9127,0.018496802347491504,HOG8-ML02-H2-GPS-GradientEstimation-Escape-Specialist-Exploiter,Exploiter,1.0344680724815345
9135,0.01771066979495323,HOG8-ML01-H1-GPS-GradientEstimation-Escape-Specialist-Exploiter,Exploiter,4.250099761945543
9138,0.017676685377440826,HOG8-ML02-H2-GPS-GradientEstimation-Escape-Specialist-Refiner,Refiner,0.19188668698508507
9148,0.016901843479583296,HOG8-ML01-H1-GPS-GradientEstimation-Escape-Specialist-Exploiter,Exploiter,4.383411716126323
9158,0.016018323720128604,HOG8-ML01-H1-GPS-GradientEstimation-Escape-Specialist-Local Explorer,Local Explorer,5.2273573620649545
9168,0.015359594165562682,HOG8-ML01-H1-GPS-GradientEstimation-Escape-Specialist-Exploiter,Exploiter,4.1123501189963
9172,0.0153306439943429,HOG8-ML02-H2-GPS-GradientEstimation-Escape-Specialist-Refiner,Refiner,0.1884826572090773
9178,0.0147483614448537,HOG8-ML01-H1-GPS-GradientEstimation-Escape-Specialist-Exploiter,Exploiter,3.798161053795683
9183,0.014624027352342812,HOG8-ML02-H2-GPS-GradientEstimation-Escape-Specialist-Exploiter,Exploiter,0.8430366517378327
9193,0.013969408041186671,HOG8-ML01-H1-GPS-GradientEstimation-Escape-Specialist-Exploiter,Exploiter,4.476327179812538
9198,0.013803374770583052,HOG8-ML02-H2-GPS-GradientEstimation-Escape-Specialist-Exploiter,Exploiter,1.1885490789165514
9203,0.01325409499076862,HOG8-ML01-H1-GPS-GradientEstimation-Escape-Specialist-Exploiter,Exploiter,3.9793151236103963
9208,0.013147051093164993,HOG8-ML02-H2-GPS-GradientEstimation-Escape-Specialist-Exploiter,Exploiter,0.8076288700072055
9212,0.012633744337948083,HOG8-ML01-H1-GPS-GradientEstimation-Escape-Specialist-Exploiter,Exploiter,3.9043489797021644
9218,0.012509229232281855,HOG8-ML02-H2-GPS-GradientEstimation-Escape-Specialist-Exploiter,Exploiter,0.9855756324925844
9223,0.011990771078278091,HOG8-ML01-H1-GPS-GradientEstimation-Escape-Specialist-Exploiter,Exploiter,4.144605110167848
9228,0.011871472741171722,HOG8-ML02-H2-GPS-GradientEstimation-Escape-Specialist-Exploiter,Exploiter,0.9949179775642982
9243,0.011370113859891832,HOG8-ML01-H1-GPS-GradientEstimation-Escape-Specialist-Exploiter,Exploiter,4.2232239605884425
9254,0.010978718268149525,HOG8-ML01-H1-GPS-GradientEstimation-Escape-Specialist-Exploiter,Exploiter,3.442319017780097
9264,0.010606381225067026,HOG8-ML02-H2-GPS-GradientEstimation-Escape-Specialist-Exploiter,Exploiter,3.3914436456821253
9277,0.010143662967637976,HOG8-ML01-H1-GPS-GradientEstimation-Escape-Specialist-Exploiter,Exploiter,4.362640259766123
9293,0.00990011011621644,HOG8-ML01-H1-GPS-GradientEstimation-Escape-Specialist-Exploiter,Exploiter,2.4010345394810546
9304,0.009548245189215019,HOG8-ML01-H1-GPS-GradientEstimation-Escape-Specialist-Exploiter,Exploiter,3.5541516495363377
9313,0.009186848060876645,HOG8-ML02-H2-GPS-GradientEstimation-Escape-Specialist-Exploiter,Exploiter,3.7849586094267993
9319,0.009110090884188012,HOG8-ML01-H1-GPS-GradientEstimation-Escape-Specialist-Exploiter,Exploiter,0.835511550642846
9328,0.00869009378532917,HOG8-ML02-H2-GPS-GradientEstimation-Escape-Specialist-Exploiter,Exploiter,4.610240492636728
9328,0.008624378755340879,HOG8-ML01-H1-GPS-GradientEstimation-Escape-Specialist-Exploiter,Exploiter,0.7562062229895871
9338,0.008567555360199756,HOG8-ML00-H2-GPS-GradientEstimation-Escape-Specialist-Exploiter,Exploiter,0.6588694299393192
9338,0.008222211041634779,HOG8-ML01-H1-GPS-GradientEstimation-Escape-Specialist-Exploiter,Exploiter,4.030838483626973
9343,0.007839475762869877,HOG8-ML02-H2-GPS-GradientEstimation-Escape-Specialist-Exploiter,Exploiter,4.654894855250577
9348,0.007758744535715149,HOG8-ML01-H1-GPS-GradientEstimation-Escape-Specialist-Exploiter,Exploiter,1.0298039001165782
9358,0.007414660554695733,HOG8-ML02-H2-GPS-GradientEstimation-Escape-Specialist-Exploiter,Exploiter,4.434789410007308
9358,0.007318248231980689,HOG8-ML01-H1-GPS-GradientEstimation-Escape-Specialist-Exploiter,Exploiter,1.3002931422664432
9368,0.006898320543530298,HOG8-ML01-H1-GPS-GradientEstimation-Escape-Specialist-Local Explorer,Local Explorer,5.738090252463836
9378,0.006572900088861407,HOG8-ML02-H2-GPS-GradientEstimation-Escape-Specialist-Exploiter,Exploiter,4.717386682967231
9383,0.006442283255879049,HOG8-ML01-H1-GPS-GradientEstimation-Escape-Specialist-Exploiter,Exploiter,1.987202471002182
9388,0.006203795626677401,HOG8-ML02-H2-GPS-GradientEstimation-Escape-Specialist-Exploiter,Exploiter,3.7019115696909313
9392,0.006053247962439678,HOG8-ML01-H1-GPS-GradientEstimation-Escape-Specialist-Exploiter,Exploiter,2.4267025108038998
9402,0.005824474974918795,HOG8-ML02-H2-GPS-GradientEstimation-Escape-Specialist-Exploiter,Exploiter,3.7793427419530214
9408,0.005634858201539255,HOG8-ML01-H1-GPS-GradientEstimation-Escape-Specialist-Exploiter,Exploiter,3.255517007044622
9413,0.005339684083952666,HOG8-ML01-H1-GPS-GradientEstimation-Escape-Specialist-Local Explorer,Local Explorer,5.2383592812674085
9423,0.005234074369776727,HOG8-ML02-H2-GPS-GradientEstimation-Escape-Specialist-Exploiter,Exploiter,1.9778270121509214
9428,0.004969365082346546,HOG8-ML01-H1-GPS-GradientEstimation-Escape-Specialist-Local Explorer,Local Explorer,5.057423122581125
9431,0.004922937675531423,HOG8-ML02-H2-GPS-GradientEstimation-Escape-Specialist-Exploiter,Exploiter,0.9342724079592085
9439,0.004644009922370825,HOG8-ML01-H1-GPS-GradientEstimation-Escape-Specialist-Local Explorer,Local Explorer,5.665880243557792
9444,0.004551460898802686,HOG8-ML02-H2-GPS-GradientEstimation-Escape-Specialist-Exploiter,Exploiter,1.9928687732194004
9449,0.0043543586659377026,HOG8-ML01-H1-GPS-GradientEstimation-Escape-Specialist-Exploiter,Exploiter,4.3305267747512355
9453,0.004315963801586894,HOG8-ML02-H2-GPS-GradientEstimation-Escape-Specialist-Exploiter,Exploiter,0.8817570461329993
9463,0.004074116739634308,HOG8-ML01-H1-GPS-GradientEstimation-Escape-Specialist-Local Explorer,Local Explorer,5.603547042346922
9469,0.004023591140405453,HOG8-ML02-H2-GPS-GradientEstimation-Escape-Specialist-Exploiter,Exploiter,1.2401608117245586
9473,0.003794380352303734,HOG8-ML01-H1-GPS-GradientEstimation-Escape-Specialist-Local Explorer,Local Explorer,5.696671955556141
9479,0.0037144909208609534,HOG8-ML02-H2-GPS-GradientEstimation-Escape-Specialist-Exploiter,Exploiter,2.1054671389038817
9484,0.0035399931216030175,HOG8-ML01-H1-GPS-GradientEstimation-Escape-Specialist-Exploiter,Exploiter,4.697758130944371
9488,0.003461772066263814,HOG8-ML02-H2-GPS-GradientEstimation-Escape-Specialist-Exploiter,Exploiter,2.209638625054239
9493,0.003336278946976373,HOG8-ML01-H1-GPS-GradientEstimation-Escape-Specialist-Exploiter,Exploiter,3.625112135787782
9505,0.0032789083981250152,HOG8-ML00-H2-GPS-GradientEstimation-Escape-Specialist-Exploiter,Exploiter,1.719596885127125
9505,0.003104618933352014,HOG8-ML01-H1-GPS-GradientEstimation-Escape-Specialist-Local Explorer,Local Explorer,5.315472212418785
9513,0.0029195727906645304,HOG8-ML01-H1-GPS-GradientEstimation-Escape-Specialist-Local Explorer,Local Explorer,5.9603496164887435
9528,0.0028303505781435818,HOG8-ML00-H2-GPS-GradientEstimation-Escape-Specialist-Exploiter,Exploiter,3.056002330417684
9528,0.002679604741277688,HOG8-ML01-H1-GPS-GradientEstimation-Escape-Specialist-Local Explorer,Local Explorer,5.326048229854531
9538,0.002677985554539937,HOG8-ML01-H2-GPS-GradientEstimation-Escape-Specialist-Refiner,Refiner,0.06042632754034772
9538,0.002551745433528473,HOG8-ML02-H2-GPS-GradientEstimation-Escape-Specialist-Exploiter,Exploiter,4.713995592599503
9553,0.002530791514361387,HOG8-ML00-H2-GPS-GradientEstimation-Escape-Specialist-Exploiter,Exploiter,0.8211602494419495
9553,0.0024519229336594146,HOG8-ML01-H1-GPS-GradientEstimation-Escape-Specialist-Exploiter,Exploiter,3.1163602475517953
9553,0.0023984511003094676,HOG8-ML02-H2-GPS-GradientEstimation-Escape-Specialist-Exploiter,Exploiter,2.1808121542442636
9564,0.0023898949728903022,HOG8-ML01-H1-GPS-GradientEstimation-Escape-Specialist-Refiner,Refiner,0.35673553728326407
9567,0.0022703326189507183,HOG8-ML02-H2-GPS-GradientEstimation-Escape-Specialist-Local Explorer,Local Explorer,5.002828797743654
9582,0.002268975970980593,HOG8-ML01-H1-GPS-GradientEstimation-Escape-Specialist-Refiner,Refiner,0.05975547189874504
9582,0.002180210599495901,HOG8-ML02-H2-GPS-GradientEstimation-Escape-Specialist-Exploiter,Exploiter,3.9121336065242707
9592,0.002093655489885815,HOG8-ML02-H2-GPS-GradientEstimation-Escape-Specialist-Exploiter,Exploiter,3.970034345769119
9604,0.0019841119821160883,HOG8-ML02-H2-GPS-GradientEstimation-Escape-Specialist-Local Explorer,Local Explorer,5.232164904824
9618,0.0019005993151685009,HOG8-ML01-H1-GPS-GradientEstimation-Escape-Specialist-Exploiter,Exploiter,4.20907023899527
9618,0.0018513966757732728,HOG8-ML02-H2-GPS-GradientEstimation-Escape-Specialist-Exploiter,Exploiter,2.5887960183162515
9628,0.001809387650024111,HOG8-ML00-H2-GPS-GradientEstimation-Escape-Specialist-Exploiter,Exploiter,2.2690451105847416
9628,0.001752522382860426,HOG8-ML01-H1-GPS-GradientEstimation-Escape-Specialist-Exploiter,Exploiter,3.1427907205472088
9628,0.0017045550378878946,HOG8-ML02-H2-GPS-GradientEstimation-Escape-Specialist-Exploiter,Exploiter,2.7370460680930164
9635,0.0017006991226327225,HOG8-ML00-H1-GPS-GradientEstimation-Escape-Specialist-Refiner,Refiner,0.22621242315237497
9636,0.0016642161128856672,HOG8-ML00-H2-GPS-GradientEstimation-Escape-Specialist-Exploiter,Exploiter,2.145177195751047
9640,0.0016297693049208205,HOG8-ML01-H1-GPS-GradientEstimation-Escape-Specialist-Exploiter,Exploiter,2.069851847853926
9640,0.0015677921962916567,HOG8-ML02-H2-GPS-GradientEstimation-Escape-Specialist-Exploiter,Exploiter,3.802814818148439
9649,0.0014986983075821014,HOG8-ML01-H1-GPS-GradientEstimation-Escape-Specialist-Exploiter,Exploiter,4.407082065658
9649,0.0014570496534362589,HOG8-ML02-H2-GPS-GradientEstimation-Escape-Specialist-Exploiter,Exploiter,2.7789885352600208
9658,0.0013904331185195845,HOG8-ML01-H1-GPS-GradientEstimation-Escape-Specialist-Exploiter,Exploiter,4.572015425800217
9659,0.0013565376850775065,HOG8-ML02-H2-GPS-GradientEstimation-Escape-Specialist-Exploiter,Exploiter,2.4377607948641886
9668,0.001301743760320642,HOG8-ML00-H2-GPS-GradientEstimation-Escape-Specialist-Exploiter,Exploiter,4.03924825381714
9674,0.0012925171619237097,HOG8-ML00-H1-GPS-GradientEstimation-Escape-Specialist-Exploiter,Exploiter,0.7087876030732483
9674,0.0012749918543367067,HOG8-ML01-H1-GPS-GradientEstimation-Escape-Specialist-Exploiter,Exploiter,1.3559052137396217
9674,0.0012212148876298403,HOG8-ML02-H2-GPS-GradientEstimation-Escape-Specialist-Exploiter,Exploiter,4.217828257016041
9679,0.001182014397736841,HOG8-ML00-H1-GPS-GradientEstimation-Escape-Specialist-Exploiter,Exploiter,3.2099584020860115
9679,0.0011110400231824327,HOG8-ML02-H2-GPS-GradientEstimation-Escape-Specialist-Local Explorer,Local Explorer,6.004527076006876
9689,0.0011021744225236068,HOG8-ML00-H2-GPS-GradientEstimation-Escape-Specialist-Exploiter,Exploiter,0.797955111772797
9689,0.0010312344361474777,HOG8-ML02-H2-GPS-GradientEstimation-Escape-Specialist-Local Explorer,Local Explorer,6.436366597375806
9700,0.001006769444076129,HOG8-ML00-H2-GPS-GradientEstimation-Escape-Specialist-Exploiter,Exploiter,2.3723986722889077
9700,0.0009355056072502409,HOG8-ML02-H2-GPS-GradientEstimation-Escape-Specialist-Local Explorer,Local Explorer,7.078466400148249
9709,0.0009271912704657065,HOG8-ML00-H2-GPS-GradientEstimation-Escape-Specialist-Exploiter,Exploiter,0.8887532816583437
9713,0.0008664838825438794,HOG8-ML02-H2-GPS-GradientEstimation-Escape-Specialist-Local Explorer,Local Explorer,6.5474503325872835
9719,0.000835936074468737,HOG8-ML02-H1-GPS-GradientEstimation-Escape-Specialist-Exploiter,Exploiter,3.5254906283378498
9723,0.0008217554662918248,HOG8-ML00-H1-GPS-GradientEstimation-Escape-Specialist-Exploiter,Exploiter,1.6963747121362591
9724,0.0007971763008317933,HOG8-ML01-H1-GPS-GradientEstimation-Escape-Specialist-Exploiter,Exploiter,2.9910559124048257
9724,0.0007840333784081301,HOG8-ML02-H2-GPS-GradientEstimation-Escape-Specialist-Exploiter,Exploiter,1.6486845394111165
9733,0.0007627797497719752,HOG8-ML00-H2-GPS-GradientEstimation-Escape-Specialist-Exploiter,Exploiter,2.7108066086813056
9733,0.0007113529116853255,HOG8-ML02-H2-GPS-GradientEstimation-Escape-Specialist-Local Explorer,Local Explorer,6.742029806378998
9743,0.0007054599333054133,HOG8-ML00-H2-GPS-GradientEstimation-Escape-Specialist-Exploiter,Exploiter,0.8284183958635468
9743,0.0006893169990513364,HOG8-ML02-H1-GPS-GradientEstimation-Escape-Specialist-Exploiter,Exploiter,2.2882850594277726
9748,0.0006768605519631031,HOG8-ML00-H1-GPS-GradientEstimation-Escape-Specialist-Exploiter,Exploiter,1.8070709275088692
9748,0.0006560158904760952,HOG8-ML01-H1-GPS-GradientEstimation-Escape-Specialist-Exploiter,Exploiter,3.079609444892593
9748,0.0006531679718374796,HOG8-ML02-H2-GPS-GradientEstimation-Escape-Specialist-Refiner,Refiner,0.43412342291720973
9753,0.000647766112037089,HOG8-ML00-H2-GPS-GradientEstimation-Escape-Specialist-Exploiter,Exploiter,0.8270245990773609
9753,0.0006330271250955762,HOG8-ML02-H1-GPS-GradientEstimation-Escape-Specialist-Exploiter,Exploiter,2.275356284872896
9758,0.0006219321746468831,HOG8-ML00-H1-GPS-GradientEstimation-Escape-Specialist-Exploiter,Exploiter,1.7526816796386142
9758,0.0006026783734491535,HOG8-ML01-H1-GPS-GradientEstimation-Escape-Specialist-Exploiter,Exploiter,3.0958040092814603
9762,0.0005760117143448387,HOG8-ML00-H2-GPS-GradientEstimation-Escape-Specialist-Exploiter,Exploiter,4.424691556742015
9762,0.0005628060233625583,HOG8-ML02-H1-GPS-GradientEstimation-Escape-Specialist-Exploiter,Exploiter,2.2926080587268345
9768,0.0005436858219985533,HOG8-ML01-H1-GPS-GradientEstimation-Escape-Specialist-Exploiter,Exploiter,3.3972986375960983
9768,0.0005363598748323821,HOG8-ML02-H2-GPS-GradientEstimation-Escape-Specialist-Exploiter,Exploiter,1.347459666915997
9772,0.0005091393543895102,HOG8-ML02-H1-GPS-GradientEstimation-Escape-Specialist-Local Explorer,Local Explorer,5.075047877393633
9778,0.0004928454102883155,HOG8-ML01-H1-GPS-GradientEstimation-Escape-Specialist-Exploiter,Exploiter,3.2002916216783426
9778,0.00048579768601395235,HOG8-ML02-H2-GPS-GradientEstimation-Escape-Specialist-Exploiter,Exploiter,1.4300070827970575
9782,0.0004683035291518236,HOG8-ML02-H1-GPS-GradientEstimation-Escape-Specialist-Exploiter,Exploiter,3.6011198418154504
9788,0.0004605414392686179,HOG8-ML00-H1-GPS-GradientEstimation-Escape-Specialist-Exploiter,Exploiter,1.6574912209745922
9788,0.0004533017348073582,HOG8-ML01-H1-GPS-GradientEstimation-Escape-Specialist-Exploiter,Exploiter,1.5719984878574698
9788,0.00044714916495379263,HOG8-ML02-H2-GPS-GradientEstimation-Escape-Specialist-Exploiter,Exploiter,1.357279132448119
9798,0.00041184231931874993,HOG8-ML02-H2-GPS-GradientEstimation-Escape-Specialist-Local Explorer,Local Explorer,7.895988274671437
9807,0.00039470601540737816,HOG8-ML00-H2-GPS-GradientEstimation-Escape-Specialist-Exploiter,Exploiter,4.160889521921359
9807,0.0003917368489955676,HOG8-ML02-H1-GPS-GradientEstimation-Escape-Specialist-Exploiter,Exploiter,0.7522475705737783
9812,0.00038041376119671397,HOG8-ML00-H1-GPS-GradientEstimation-Escape-Specialist-Exploiter,Exploiter,2.890483197556363
9812,0.00037974156205974365,HOG8-ML01-H1-GPS-GradientEstimation-Escape-Specialist-Refiner,Refiner,0.17670210847675571
9812,0.0003686115442777565,HOG8-ML02-H2-GPS-GradientEstimation-Escape-Specialist-Exploiter,Exploiter,2.9309453833857866
9817,0.0003571913738578863,HOG8-ML02-H1-GPS-GradientEstimation-Escape-Specialist-Exploiter,Exploiter,3.0981586434701778
9823,0.00035469121763146013,HOG8-ML00-H2-GPS-GradientEstimation-Escape-Specialist-Exploiter,Exploiter,0.6999486576125697
9828,0.00035235002668825596,HOG8-ML00-H1-GPS-GradientEstimation-Escape-Specialist-Exploiter,Exploiter,0.6600645369338609
9828,0.0003470360418478221,HOG8-ML01-H1-GPS-GradientEstimation-Escape-Specialist-Exploiter,Exploiter,1.508155083846626
9828,0.0003316149563010847,HOG8-ML02-H1-GPS-GradientEstimation-Escape-Specialist-Exploiter,Exploiter,4.443655323126252
9834,0.00032428288665609816,HOG8-ML00-H2-GPS-GradientEstimation-Escape-Specialist-Exploiter,Exploiter,2.2110189862273555
9842,0.0003226232380143378,HOG8-ML02-H2-GPS-GradientEstimation-Escape-Specialist-Exploiter,Exploiter,0.5117903873602849
9849,0.000307539186565235,HOG8-ML00-H2-GPS-GradientEstimation-Escape-Specialist-Exploiter,Exploiter,4.675438614385379
9849,0.00030198112813299065,HOG8-ML02-H1-GPS-GradientEstimation-Escape-Specialist-Exploiter,Exploiter,1.8072683661291358
9859,0.00029189398644057234,HOG8-ML00-H2-GPS-GradientEstimation-Escape-Specialist-Exploiter,Exploiter,3.3403218786493154
9862,0.0002865638714944326,HOG8-ML02-H1-GPS-GradientEstimation-Escape-Specialist-Exploiter,Exploiter,1.8260447949395895
9869,0.0002850665112974517,HOG8-ML00-H2-GPS-GradientEstimation-Escape-Specialist-Exploiter,Exploiter,0.5225223225705867
9873,0.0002774397948562192,HOG8-ML02-H1-GPS-GradientEstimation-Escape-Specialist-Exploiter,Exploiter,2.6754164866719257
9879,0.000277237339735259,HOG8-ML00-H1-GPS-GradientEstimation-Escape-Specialist-Refiner,Refiner,0.07297263215793597
9883,0.00027238211354822545,HOG8-ML00-H2-GPS-GradientEstimation-Escape-Specialist-Exploiter,Exploiter,1.7512886942537946
9883,0.00026798034494793493,HOG8-ML02-H1-GPS-GradientEstimation-Escape-Specialist-Exploiter,Exploiter,1.6160270375136756
9889,0.0002655670642497774,HOG8-ML00-H1-GPS-GradientEstimation-Escape-Specialist-Exploiter,Exploiter,0.9005439181095148
9889,0.000265362865380812,HOG8-ML01-H2-GPS-GradientEstimation-Escape-Specialist-Refiner,Refiner,0.07689163923330458
9893,0.0002588320299247137,HOG8-ML00-H2-GPS-GradientEstimation-Escape-Specialist-Exploiter,Exploiter,2.461096222610546
9893,0.0002553182969022641,HOG8-ML02-H1-GPS-GradientEstimation-Escape-Specialist-Exploiter,Exploiter,1.3575340824208089
9898,0.0002536008570339788,HOG8-ML01-H2-GPS-GradientEstimation-Escape-Specialist-Exploiter,Exploiter,0.6726661931881507
9898,0.0002532140107892938,HOG8-ML00-H1-GPS-GradientEstimation-Escape-Specialist-Refiner,Refiner,0.1525413790826338
9904,0.0002463697303935808,HOG8-ML00-H2-GPS-GradientEstimation-Escape-Specialist-Exploiter,Exploiter,2.702962752486985
9904,0.00024565883232917666,HOG8-ML02-H1-GPS-GradientEstimation-Escape-Specialist-Refiner,Refiner,0.28854927237549993
9913,0.00024374156364499698,HOG8-ML00-H1-GPS-GradientEstimation-Escape-Specialist-Exploiter,Exploiter,0.7804599028666686
9913,0.00024350325610178467,HOG8-ML01-H2-GPS-GradientEstimation-Escape-Specialist-Refiner,Refiner,0.0977705811223073
9913,0.00023796763093023572,HOG8-ML02-H1-GPS-GradientEstimation-Escape-Specialist-Exploiter,Exploiter,2.2733269608662034
9923,0.00023467693826685138,HOG8-ML00-H1-GPS-GradientEstimation-Escape-Specialist-Exploiter,Exploiter,1.382832047585942
9923,0.00023437190202178938,HOG8-ML01-H2-GPS-GradientEstimation-Escape-Specialist-Refiner,Refiner,0.12998134683142132
9928,0.00023162767419875578,HOG8-ML00-H2-GPS-GradientEstimation-Escape-Specialist-Exploiter,Exploiter,1.1708860146462758
9928,0.0002314392177266824,HOG8-ML02-H1-GPS-GradientEstimation-Escape-Specialist-Refiner,Refiner,0.08136181167699236
9933,0.00023008468276197654,HOG8-ML00-H1-GPS-GradientEstimation-Escape-Specialist-Exploiter,Exploiter,0.5852659622732929
9938,0.00022942092899734838,HOG8-ML00-H2-GPS-GradientEstimation-Escape-Specialist-Refiner,Refiner,0.28848237816631206
9938,0.00022942061776941248,HOG8-ML02-H1-GPS-GradientEstimation-Escape-Specialist-Polisher,Polisher,0.0001356580401155183
9942,0.00022941927094989007,HOG8-ML00-H1-GPS-GradientEstimation-Escape-Specialist-Polisher,Polisher,0.0005870525219187383
10000,0.00022941927094989007,Final,Final,0
