TimeMs,BestQuality,Source,Role,DeltaPct
8,1055821.5126474404,HOG8-ML03-H2-GPS-JADE-Specialist-Global Explorer,Global Explorer,100
8,876427.1102535746,HOG8-ML02-H1-GPS-GradientEstimation-Escape-Specialist-Local Explorer,Local Explorer,16.9909781383446
9,737332.6365711178,HOG8-ML00-H1-GPS-GradientEstimation-Escape-Specialist-Local Explorer,Local Explorer,15.870626553554795
10,193167.10190734078,HOG8-ML02-H1-GPS-GradientEstimation-Escape-Specialist-Global Explorer,Global Explorer,73.80190536449837
15,350.39159874657673,HOG8-ML06-H1-GPS-Spray-Specialist-Global Explorer,Global Explorer,99.81860700125084
16,31.187689037585343,HOG8-ML06-H2-GPS-Spray-Specialist-Global Explorer,Global Explorer,91.09919040606277
26,29.856798570413574,HOG8-ML06-H2-GPS-Spray-Specialist-Exploiter,Exploiter,4.267358397628848
27,29.36061536165594,HOG8-ML02-H2-GPS-GradientEstimation-Escape-Specialist-Exploiter,Exploiter,1.6618768003121467
27,27.09706622318638,HOG8-ML00-H2-GPS-GradientEstimation-Escape-Specialist-Local Explorer,Local Explorer,7.709474445912622
31,26.824856221732134,HOG8-ML00-H1-GPS-GradientEstimation-Escape-Specialist-Exploiter,Exploiter,1.0045737026000379
41,25.856940472474776,HOG8-ML01-H1-GPS-GradientEstimation-Escape-Specialist-Exploiter,Exploiter,3.60827935574619
41,25.810900956031027,HOG8-ML00-H1-GPS-GradientEstimation-Escape-Specialist-Refiner,Refiner,0.17805477215202076
49,25.18446826880482,HOG8-ML00-H2-GPS-GradientEstimation-Escape-Specialist-Exploiter,Exploiter,2.427008217548611
51,24.96399837676776,HOG8-ML01-H1-GPS-GradientEstimation-Escape-Specialist-Exploiter,Exploiter,0.8754200790895844
51,24.891493080467384,HOG8-ML00-H1-GPS-GradientEstimation-Escape-Specialist-Refiner,Refiner,0.2904394368485845
60,24.69972108181731,HOG8-ML01-H1-GPS-GradientEstimation-Escape-Specialist-Exploiter,Exploiter,0.7704318822102365
66,24.179283726074974,HOG8-ML00-H1-GPS-GradientEstimation-Escape-Specialist-Exploiter,Exploiter,2.1070576223043034
75,23.89223186947524,HOG8-ML00-H1-GPS-GradientEstimation-Escape-Specialist-Exploiter,Exploiter,1.1871809762924366
87,23.663286941554546,HOG8-ML00-H1-GPS-GradientEstimation-Escape-Specialist-Exploiter,Exploiter,0.9582400219930642
97,23.390538035615823,HOG8-ML00-H1-GPS-GradientEstimation-Escape-Specialist-Exploiter,Exploiter,1.1526247668482401
107,23.378400972410297,HOG8-ML00-H2-GPS-GradientEstimation-Escape-Specialist-Refiner,Refiner,0.05188877308869385
111,23.17269993944189,HOG8-ML00-H1-GPS-GradientEstimation-Escape-Specialist-Exploiter,Exploiter,0.8798764004910407
121,22.967426309804953,HOG8-ML00-H1-GPS-GradientEstimation-Escape-Specialist-Exploiter,Exploiter,0.885842522336144
131,22.702825822030164,HOG8-ML00-H1-GPS-GradientEstimation-Escape-Specialist-Exploiter,Exploiter,1.1520685174108054
143,22.6590576997056,HOG8-ML00-H2-GPS-GradientEstimation-Escape-Specialist-Refiner,Refiner,0.19278711235186155
143,22.499377996723986,HOG8-ML00-H1-GPS-GradientEstimation-Escape-Specialist-Exploiter,Exploiter,0.7047058403654963
151,22.434921735929326,HOG8-ML00-H2-GPS-GradientEstimation-Escape-Specialist-Refiner,Refiner,0.28648018982589435
157,22.292151397095445,HOG8-ML00-H1-GPS-GradientEstimation-Escape-Specialist-Exploiter,Exploiter,0.6363754708590543
165,22.194012671462257,HOG8-ML00-H2-GPS-GradientEstimation-Escape-Specialist-Refiner,Refiner,0.44023891586334196
167,22.050940975000707,HOG8-ML00-H1-GPS-GradientEstimation-Escape-Specialist-Exploiter,Exploiter,0.6446409605123664
178,21.844749144653548,HOG8-ML00-H1-GPS-GradientEstimation-Escape-Specialist-Exploiter,Exploiter,0.93507043795056
188,21.833971116040498,HOG8-ML00-H2-GPS-GradientEstimation-Escape-Specialist-Polisher,Polisher,0.049339218965981035
190,21.642129389416326,HOG8-ML00-H1-GPS-GradientEstimation-Escape-Specialist-Exploiter,Exploiter,0.8786387304654558
201,21.410163880371307,HOG8-ML00-H1-GPS-GradientEstimation-Escape-Specialist-Exploiter,Exploiter,1.0718238712612849
214,21.22406055315542,HOG8-ML00-H1-GPS-GradientEstimation-Escape-Specialist-Exploiter,Exploiter,0.8692288777224348
222,21.020655741481,HOG8-ML00-H1-GPS-GradientEstimation-Escape-Specialist-Exploiter,Exploiter,0.9583689754606375
227,21.006427438111334,HOG8-ML00-H2-GPS-GradientEstimation-Escape-Specialist-Refiner,Refiner,0.06768724793674756
237,20.794918192424543,HOG8-ML00-H1-GPS-GradientEstimation-Escape-Specialist-Exploiter,Exploiter,1.0068787103848815
237,20.78225456084023,HOG8-ML00-H2-GPS-GradientEstimation-Escape-Specialist-Refiner,Refiner,0.06089772254514993
247,20.56051613151019,HOG8-ML00-H1-GPS-GradientEstimation-Escape-Specialist-Exploiter,Exploiter,1.0669604141403295
259,20.33254073392752,HOG8-ML00-H1-GPS-GradientEstimation-Escape-Specialist-Exploiter,Exploiter,1.1088019197790753
269,20.137529210481528,HOG8-ML00-H1-GPS-GradientEstimation-Escape-Specialist-Exploiter,Exploiter,0.9591104525397021
280,19.916427808119,HOG8-ML00-H1-GPS-GradientEstimation-Escape-Specialist-Exploiter,Exploiter,1.097956954160223
291,19.779590216343845,HOG8-ML00-H2-GPS-GradientEstimation-Escape-Specialist-Exploiter,Exploiter,0.68705890982806
291,19.722661072300678,HOG8-ML00-H1-GPS-GradientEstimation-Escape-Specialist-Refiner,Refiner,0.28781761108542325
301,19.543007939556052,HOG8-ML00-H1-GPS-GradientEstimation-Escape-Specialist-Exploiter,Exploiter,0.9108970239159985
312,19.410786530730444,HOG8-ML00-H2-GPS-GradientEstimation-Escape-Specialist-Exploiter,Exploiter,0.6765663158637141
312,19.350949771829217,HOG8-ML00-H1-GPS-GradientEstimation-Escape-Specialist-Refiner,Refiner,0.3082655038552694
327,19.12685372891576,HOG8-ML00-H1-GPS-GradientEstimation-Escape-Specialist-Exploiter,Exploiter,1.1580622427106604
339,19.069636457232622,HOG8-ML00-H1-GPS-GradientEstimation-Escape-Specialist-Refiner,Refiner,0.2991462814223107
350,18.928877933501884,HOG8-ML00-H2-GPS-GradientEstimation-Escape-Specialist-Exploiter,Exploiter,0.7381290358965004
362,18.85866115214753,HOG8-ML00-H2-GPS-GradientEstimation-Escape-Specialist-Refiner,Refiner,0.37095057404368653
373,18.630473979794477,HOG8-ML00-H2-GPS-GradientEstimation-Escape-Specialist-Exploiter,Exploiter,1.2099860669434004
387,18.45211591666718,HOG8-ML00-H2-GPS-GradientEstimation-Escape-Specialist-Exploiter,Exploiter,0.9573458158967669
399,18.24111891943269,HOG8-ML00-H2-GPS-GradientEstimation-Escape-Specialist-Exploiter,Exploiter,1.1434840220351206
411,18.012168538504035,HOG8-ML00-H2-GPS-GradientEstimation-Escape-Specialist-Exploiter,Exploiter,1.2551334265177607
421,17.79360759477341,HOG8-ML00-H2-GPS-GradientEstimation-Escape-Specialist-Exploiter,Exploiter,1.2134071656248133
431,17.610756957184186,HOG8-ML00-H2-GPS-GradientEstimation-Escape-Specialist-Exploiter,Exploiter,1.0276198157979608
440,17.427478134699395,HOG8-ML00-H2-GPS-GradientEstimation-Escape-Specialist-Exploiter,Exploiter,1.0407208669700236
451,17.25447633584776,HOG8-ML00-H2-GPS-GradientEstimation-Escape-Specialist-Exploiter,Exploiter,0.9926955438674586
464,17.040049769020143,HOG8-ML00-H2-GPS-GradientEstimation-Escape-Specialist-Exploiter,Exploiter,1.2427300756854882
477,17.019192161189736,HOG8-ML00-H1-GPS-GradientEstimation-Escape-Specialist-Refiner,Refiner,0.122403444315803
477,16.858974187916058,HOG8-ML00-H2-GPS-GradientEstimation-Escape-Specialist-Exploiter,Exploiter,0.94139587682097
486,16.6429379833625,HOG8-ML00-H2-GPS-GradientEstimation-Escape-Specialist-Exploiter,Exploiter,1.2814314924831225
496,16.435820022585297,HOG8-ML00-H2-GPS-GradientEstimation-Escape-Specialist-Exploiter,Exploiter,1.2444795563394762
523,16.33166828188836,HOG8-ML00-H1-GPS-GradientEstimation-Escape-Specialist-Exploiter,Exploiter,0.6336875224589836
523,16.14573349827408,HOG8-ML00-H2-GPS-GradientEstimation-Escape-Specialist-Exploiter,Exploiter,1.1384922863053646
527,16.001049364212005,HOG8-ML00-H2-GPS-GradientEstimation-Escape-Specialist-Exploiter,Exploiter,0.8961137261279659
539,15.817949145719224,HOG8-ML00-H2-GPS-GradientEstimation-Escape-Specialist-Exploiter,Exploiter,1.1443013162768143
550,15.606597291682032,HOG8-ML00-H2-GPS-GradientEstimation-Escape-Specialist-Exploiter,Exploiter,1.336152064279391
561,15.384444457305447,HOG8-ML00-H2-GPS-GradientEstimation-Escape-Specialist-Exploiter,Exploiter,1.4234546469331117
572,15.215332103004176,HOG8-ML00-H2-GPS-GradientEstimation-Escape-Specialist-Exploiter,Exploiter,1.0992425158450656
585,15.0052473036907,HOG8-ML00-H2-GPS-GradientEstimation-Escape-Specialist-Exploiter,Exploiter,1.380744093466064
597,14.943480277600734,HOG8-ML00-H1-GPS-GradientEstimation-Escape-Specialist-Refiner,Refiner,0.41163617526498997
597,14.784965221904052,HOG8-ML00-H2-GPS-GradientEstimation-Escape-Specialist-Exploiter,Exploiter,1.060763977012006
606,14.77204340055101,HOG8-ML00-H1-GPS-GradientEstimation-Escape-Specialist-Refiner,Refiner,0.08739838855960975
606,14.611350446599973,HOG8-ML00-H2-GPS-GradientEstimation-Escape-Specialist-Exploiter,Exploiter,1.0878180465205136
620,14.40693446324542,HOG8-ML00-H2-GPS-GradientEstimation-Escape-Specialist-Exploiter,Exploiter,1.3990218364936937
630,14.18432748508774,HOG8-ML00-H2-GPS-GradientEstimation-Escape-Specialist-Exploiter,Exploiter,1.5451377163239612
640,14.003106022357974,HOG8-ML00-H2-GPS-GradientEstimation-Escape-Specialist-Exploiter,Exploiter,1.277617588287411
651,13.832215668965143,HOG8-ML00-H2-GPS-GradientEstimation-Escape-Specialist-Exploiter,Exploiter,1.2203746305996712
661,13.667555927109422,HOG8-ML00-H2-GPS-GradientEstimation-Escape-Specialist-Exploiter,Exploiter,1.1904075659054505
671,13.665638867010431,HOG8-ML00-H1-GPS-GradientEstimation-Escape-Specialist-Polisher,Polisher,0.014026356352336714
677,13.440713574795346,HOG8-ML00-H2-GPS-GradientEstimation-Escape-Specialist-Exploiter,Exploiter,1.645918602152339
687,13.29840789505429,HOG8-ML00-H2-GPS-GradientEstimation-Escape-Specialist-Exploiter,Exploiter,1.058765808445728
697,13.08590413500007,HOG8-ML00-H2-GPS-GradientEstimation-Escape-Specialist-Exploiter,Exploiter,1.5979639196752962
707,12.877686314622409,HOG8-ML00-H2-GPS-GradientEstimation-Escape-Specialist-Exploiter,Exploiter,1.5911611320822274
720,12.745289934653853,HOG8-ML00-H2-GPS-GradientEstimation-Escape-Specialist-Exploiter,Exploiter,1.028106887634172
730,12.591216374813138,HOG8-ML00-H2-GPS-GradientEstimation-Escape-Specialist-Exploiter,Exploiter,1.208866652941301
741,12.498870217889056,HOG8-ML00-H2-GPS-GradientEstimation-Escape-Specialist-Exploiter,Exploiter,0.7334172821365105
750,12.381409476879433,HOG8-ML00-H2-GPS-GradientEstimation-Escape-Specialist-Exploiter,Exploiter,0.9397708669820953
761,12.25334588348917,HOG8-ML00-H2-GPS-GradientEstimation-Escape-Specialist-Exploiter,Exploiter,1.0343216063518865
772,12.068857970951266,HOG8-ML00-H2-GPS-GradientEstimation-Escape-Specialist-Exploiter,Exploiter,1.505612542827938
787,11.886988884179875,HOG8-ML00-H2-GPS-GradientEstimation-Escape-Specialist-Exploiter,Exploiter,1.5069287186006706
790,11.879501943177864,HOG8-ML00-H1-GPS-GradientEstimation-Escape-Specialist-Refiner,Refiner,0.06298433585628097
795,11.676476876436894,HOG8-ML00-H2-GPS-GradientEstimation-Escape-Specialist-Exploiter,Exploiter,1.7090368578757051
800,11.658568720570997,HOG8-ML00-H1-GPS-GradientEstimation-Escape-Specialist-Refiner,Refiner,0.1533695142413639
806,11.501319958675621,HOG8-ML00-H2-GPS-GradientEstimation-Escape-Specialist-Exploiter,Exploiter,1.3487827336636795
816,11.293572714928107,HOG8-ML00-H2-GPS-GradientEstimation-Escape-Specialist-Exploiter,Exploiter,1.8062904474786579
826,11.239326482053393,HOG8-ML00-H1-GPS-GradientEstimation-Escape-Specialist-Refiner,Refiner,0.48032836237030874
827,11.090156955745565,HOG8-ML00-H2-GPS-GradientEstimation-Escape-Specialist-Exploiter,Exploiter,1.3272105454541014
836,11.064955909821638,HOG8-ML00-H1-GPS-GradientEstimation-Escape-Specialist-Refiner,Refiner,0.22723795546347797
839,10.908068464359431,HOG8-ML00-H2-GPS-GradientEstimation-Escape-Specialist-Exploiter,Exploiter,1.417876824280413
846,10.886173537865961,HOG8-ML00-H1-GPS-GradientEstimation-Escape-Specialist-Refiner,Refiner,0.20072230537430705
849,10.727065329854902,HOG8-ML00-H2-GPS-GradientEstimation-Escape-Specialist-Exploiter,Exploiter,1.461562296959756
857,10.675879553630265,HOG8-ML00-H1-GPS-GradientEstimation-Escape-Specialist-Refiner,Refiner,0.4771647664173327
860,10.519642673933383,HOG8-ML00-H2-GPS-GradientEstimation-Escape-Specialist-Exploiter,Exploiter,1.463456747634015
867,10.470693812156878,HOG8-ML00-H1-GPS-GradientEstimation-Escape-Specialist-Refiner,Refiner,0.4653091677514469
870,10.30969154493005,HOG8-ML00-H2-GPS-GradientEstimation-Escape-Specialist-Exploiter,Exploiter,1.5376465983552818
880,10.134965276532585,HOG8-ML00-H2-GPS-GradientEstimation-Escape-Specialist-Exploiter,Exploiter,1.6947768770384803
892,10.112339360780037,HOG8-ML00-H1-GPS-GradientEstimation-Escape-Specialist-Refiner,Refiner,0.22324611022533383
892,9.967568635888474,HOG8-ML00-H2-GPS-GradientEstimation-Escape-Specialist-Exploiter,Exploiter,1.4316244711193697
907,9.905561194691582,HOG8-ML00-H1-GPS-GradientEstimation-Escape-Specialist-Exploiter,Exploiter,0.62209194099384
907,9.750034883287396,HOG8-ML00-H2-GPS-GradientEstimation-Escape-Specialist-Exploiter,Exploiter,1.5700908645896108
916,9.571163856516932,HOG8-ML00-H2-GPS-GradientEstimation-Escape-Specialist-Exploiter,Exploiter,1.8345680698749927
927,9.362464804936598,HOG8-ML00-H2-GPS-GradientEstimation-Escape-Specialist-Exploiter,Exploiter,2.180498157893644
939,9.186646224865918,HOG8-ML00-H2-GPS-GradientEstimation-Escape-Specialist-Exploiter,Exploiter,1.8779091161760737
958,8.97737177759989,HOG8-ML00-H2-GPS-GradientEstimation-Escape-Specialist-Exploiter,Exploiter,2.278028805545758
968,8.864132110493923,HOG8-ML00-H1-GPS-GradientEstimation-Escape-Specialist-Exploiter,Exploiter,1.2613899692616022
968,8.807601184362293,HOG8-ML00-H2-GPS-GradientEstimation-Escape-Specialist-Exploiter,Exploiter,0.6377491380651419
974,8.604472156656929,HOG8-ML00-H2-GPS-GradientEstimation-Escape-Specialist-Exploiter,Exploiter,2.306292297453422
988,8.38739890024027,HOG8-ML00-H2-GPS-GradientEstimation-Escape-Specialist-Exploiter,Exploiter,2.5227957330156365
997,8.208876377729506,HOG8-ML00-H2-GPS-GradientEstimation-Escape-Specialist-Exploiter,Exploiter,2.128461095437451
1008,8.027988334519828,HOG8-ML00-H2-GPS-GradientEstimation-Escape-Specialist-Exploiter,Exploiter,2.2035664186687476
1023,7.987839397981272,HOG8-ML00-H1-GPS-GradientEstimation-Escape-Specialist-Exploiter,Exploiter,0.5001120438344141
1023,7.825002482978733,HOG8-ML00-H2-GPS-GradientEstimation-Escape-Specialist-Exploiter,Exploiter,2.0385602024458835
1033,7.691143155699512,HOG8-ML00-H2-GPS-GradientEstimation-Escape-Specialist-Exploiter,Exploiter,1.7106617866307021
1048,7.62785590320866,HOG8-ML00-H1-GPS-GradientEstimation-Escape-Specialist-Exploiter,Exploiter,0.8228588547848463
1048,7.48653325317731,HOG8-ML00-H2-GPS-GradientEstimation-Escape-Specialist-Exploiter,Exploiter,1.8527178780593223
1058,7.421471334933147,HOG8-ML00-H1-GPS-GradientEstimation-Escape-Specialist-Exploiter,Exploiter,0.869052684919953
1058,7.266302509670373,HOG8-ML00-H2-GPS-GradientEstimation-Escape-Specialist-Exploiter,Exploiter,2.0908094670175275
1065,7.2193306151561965,HOG8-ML00-H1-GPS-GradientEstimation-Escape-Specialist-Exploiter,Exploiter,0.6464346130877976
1067,7.055542445176125,HOG8-ML00-H2-GPS-GradientEstimation-Escape-Specialist-Exploiter,Exploiter,2.2687445514161073
1078,7.015520537597451,HOG8-ML00-H1-GPS-GradientEstimation-Escape-Specialist-Exploiter,Exploiter,0.5672406889995657
1078,6.848885773898931,HOG8-ML00-H2-GPS-GradientEstimation-Escape-Specialist-Exploiter,Exploiter,2.375230217137767
1088,6.827010836449216,HOG8-ML00-H1-GPS-GradientEstimation-Escape-Specialist-Refiner,Refiner,0.31939410543361624
1089,6.676066246472657,HOG8-ML00-H2-GPS-GradientEstimation-Escape-Specialist-Exploiter,Exploiter,2.2109909240317926
1102,6.623219227545427,HOG8-ML00-H1-GPS-GradientEstimation-Escape-Specialist-Exploiter,Exploiter,0.7915891930394248
1102,6.497139251827552,HOG8-ML00-H2-GPS-GradientEstimation-Escape-Specialist-Exploiter,Exploiter,1.9036056543850766
1112,6.408286032296505,HOG8-ML00-H1-GPS-GradientEstimation-Escape-Specialist-Exploiter,Exploiter,1.3675744983617801
1114,6.289780893193771,HOG8-ML00-H2-GPS-GradientEstimation-Escape-Specialist-Exploiter,Exploiter,1.8492485901142965
1124,6.19627985677292,HOG8-ML00-H1-GPS-GradientEstimation-Escape-Specialist-Exploiter,Exploiter,1.48655474663719
1124,6.1111915528571945,HOG8-ML00-H2-GPS-GradientEstimation-Escape-Specialist-Exploiter,Exploiter,1.3732159599395513
1132,5.940965562936012,HOG8-ML00-H2-GPS-GradientEstimation-Escape-Specialist-Exploiter,Exploiter,2.7854795329005206
1144,5.766996853315798,HOG8-ML00-H2-GPS-GradientEstimation-Escape-Specialist-Exploiter,Exploiter,2.928290153801845
1158,5.560628747363229,HOG8-ML00-H2-GPS-GradientEstimation-Escape-Specialist-Exploiter,Exploiter,3.578432782287981
1167,5.383729585323654,HOG8-ML00-H2-GPS-GradientEstimation-Escape-Specialist-Exploiter,Exploiter,3.1812798529924926
1178,5.205602556876835,HOG8-ML00-H2-GPS-GradientEstimation-Escape-Specialist-Exploiter,Exploiter,3.308617671519075
1189,5.025084335806742,HOG8-ML00-H2-GPS-GradientEstimation-Escape-Specialist-Exploiter,Exploiter,3.467768026808354
1193,5.016619620820287,HOG8-ML00-H1-GPS-GradientEstimation-Escape-Specialist-Refiner,Refiner,0.16844921240701938
1200,4.822566152749788,HOG8-ML00-H2-GPS-GradientEstimation-Escape-Specialist-Exploiter,Exploiter,3.868211719005489
1210,4.648226527143582,HOG8-ML00-H2-GPS-GradientEstimation-Escape-Specialist-Exploiter,Exploiter,3.6150800234600973
1224,4.484788902154535,HOG8-ML00-H2-GPS-GradientEstimation-Escape-Specialist-Exploiter,Exploiter,3.516128657556682
1232,4.2996019307812565,HOG8-ML00-H2-GPS-GradientEstimation-Escape-Specialist-Exploiter,Exploiter,4.129223814398777
1245,4.094979046116574,HOG8-ML00-H2-GPS-GradientEstimation-Escape-Specialist-Exploiter,Exploiter,4.759112307578241
1258,3.937308782685978,HOG8-ML00-H1-GPS-GradientEstimation-Escape-Specialist-Exploiter,Exploiter,3.8503313852147976
1259,3.880374251037024,HOG8-ML00-H2-GPS-GradientEstimation-Escape-Specialist-Exploiter,Exploiter,1.4460265829116474
1268,3.717475553228434,HOG8-ML00-H2-GPS-GradientEstimation-Escape-Specialist-Exploiter,Exploiter,4.1980151209655965
1278,3.534886594921422,HOG8-ML00-H2-GPS-GradientEstimation-Escape-Specialist-Exploiter,Exploiter,4.911638440996416
1290,3.424890705350527,HOG8-ML00-H2-GPS-GradientEstimation-Escape-Specialist-Exploiter,Exploiter,3.1117232934410546
1300,3.219823499159049,HOG8-ML00-H2-GPS-GradientEstimation-Escape-Specialist-Local Explorer,Local Explorer,5.98755475236369
1310,3.049786392670206,HOG8-ML00-H2-GPS-GradientEstimation-Escape-Specialist-Local Explorer,Local Explorer,5.280944950344435
1322,2.845860205821866,HOG8-ML00-H2-GPS-GradientEstimation-Escape-Specialist-Local Explorer,Local Explorer,6.686572782226715
1332,2.731054416071796,HOG8-ML00-H2-GPS-GradientEstimation-Escape-Specialist-Exploiter,Exploiter,4.0341331424223865
1343,2.604342100074175,HOG8-ML00-H2-GPS-GradientEstimation-Escape-Specialist-Exploiter,Exploiter,4.639684777130042
1359,2.4575103647842376,HOG8-ML00-H2-GPS-GradientEstimation-Escape-Specialist-Local Explorer,Local Explorer,5.637958825983559
1373,2.351912128319702,HOG8-ML00-H2-GPS-GradientEstimation-Escape-Specialist-Exploiter,Exploiter,4.296959963129467
1380,2.222206349152952,HOG8-ML00-H2-GPS-GradientEstimation-Escape-Specialist-Local Explorer,Local Explorer,5.5149075343821226
1393,2.0120429414931147,HOG8-ML00-H2-GPS-GradientEstimation-Escape-Specialist-Local Explorer,Local Explorer,9.457420897926335
1403,1.8499557256215282,HOG8-ML00-H2-GPS-GradientEstimation-Escape-Specialist-Local Explorer,Local Explorer,8.05585271213463
1413,1.6865427566471842,HOG8-ML00-H2-GPS-GradientEstimation-Escape-Specialist-Local Explorer,Local Explorer,8.833344858533966
1422,1.530829036376653,HOG8-ML00-H2-GPS-GradientEstimation-Escape-Specialist-Local Explorer,Local Explorer,9.232717027588864
1433,1.3605772795765287,HOG8-ML00-H2-GPS-GradientEstimation-Escape-Specialist-Local Explorer,Local Explorer,11.121539555004539
1447,1.2502281646408098,HOG8-ML00-H2-GPS-GradientEstimation-Escape-Specialist-Local Explorer,Local Explorer,8.11046285956388
1452,1.2368589145980455,HOG8-ML00-H1-GPS-GradientEstimation-Escape-Specialist-Exploiter,Exploiter,1.0693448140808135
1455,1.1095904310071532,HOG8-ML00-H2-GPS-GradientEstimation-Escape-Specialist-Local Explorer,Local Explorer,10.289652448537518
1467,0.9782708649969922,HOG8-ML00-H2-GPS-GradientEstimation-Escape-Specialist-Local Explorer,Local Explorer,11.83495840811864
1478,0.8829197226572492,HOG8-ML00-H2-GPS-GradientEstimation-Escape-Specialist-Local Explorer,Local Explorer,9.746906071871642
1488,0.801823195110825,HOG8-ML00-H2-GPS-GradientEstimation-Escape-Specialist-Local Explorer,Local Explorer,9.18503975676914
1498,0.7280322960267529,HOG8-ML00-H2-GPS-GradientEstimation-Escape-Specialist-Local Explorer,Local Explorer,9.202889057589934
1520,0.626521931025925,HOG8-ML00-H2-GPS-GradientEstimation-Escape-Specialist-Local Explorer,Local Explorer,13.943112902383895
1532,0.5644447463015372,HOG8-ML00-H2-GPS-GradientEstimation-Escape-Specialist-Local Explorer,Local Explorer,9.90822214678693
1543,0.518111480754607,HOG8-ML00-H2-GPS-GradientEstimation-Escape-Specialist-Local Explorer,Local Explorer,8.208645018050724
1558,0.5136668035208046,HOG8-ML00-H1-GPS-GradientEstimation-Escape-Specialist-Exploiter,Exploiter,0.8578611744578394
1558,0.47889116588738256,HOG8-ML00-H2-GPS-GradientEstimation-Escape-Specialist-Local Explorer,Local Explorer,6.770076904923752
1567,0.4675425669786405,HOG8-ML00-H1-GPS-GradientEstimation-Escape-Specialist-Exploiter,Exploiter,2.3697657666566436
1567,0.44280035850068333,HOG8-ML00-H2-GPS-GradientEstimation-Escape-Specialist-Local Explorer,Local Explorer,5.291969165042357
1578,0.43219399001166003,HOG8-ML00-H1-GPS-GradientEstimation-Escape-Specialist-Exploiter,Exploiter,2.395293564110096
1578,0.4095816810582503,HOG8-ML00-H2-GPS-GradientEstimation-Escape-Specialist-Local Explorer,Local Explorer,5.2319813500413686
1587,0.38026856688032373,HOG8-ML00-H2-GPS-GradientEstimation-Escape-Specialist-Local Explorer,Local Explorer,7.1568420985502295
1598,0.3677124689514372,HOG8-ML00-H1-GPS-GradientEstimation-Escape-Specialist-Exploiter,Exploiter,3.3019026610311717
1598,0.3557122893345733,HOG8-ML00-H2-GPS-GradientEstimation-Escape-Specialist-Exploiter,Exploiter,3.263468234048049
1608,0.33165592411599243,HOG8-ML00-H2-GPS-GradientEstimation-Escape-Specialist-Local Explorer,Local Explorer,6.762871550933143
1620,0.3062241944943572,HOG8-ML00-H2-GPS-GradientEstimation-Escape-Specialist-Local Explorer,Local Explorer,7.6681065442813505
1631,0.2872466093181225,HOG8-ML00-H2-GPS-GradientEstimation-Escape-Specialist-Local Explorer,Local Explorer,6.197284707555794
1640,0.26984301335485655,HOG8-ML00-H2-GPS-GradientEstimation-Escape-Specialist-Local Explorer,Local Explorer,6.058764628964399
1650,0.2571534855557966,HOG8-ML00-H2-GPS-GradientEstimation-Escape-Specialist-Exploiter,Exploiter,4.702559329328502
1662,0.24633474535561853,HOG8-ML00-H2-GPS-GradientEstimation-Escape-Specialist-Exploiter,Exploiter,4.20711396417399
1673,0.23464910733844724,HOG8-ML00-H2-GPS-GradientEstimation-Escape-Specialist-Exploiter,Exploiter,4.743804208497442
1683,0.2302797065539886,HOG8-ML00-H1-GPS-GradientEstimation-Escape-Specialist-Exploiter,Exploiter,1.8620998963172728
1688,0.22174494066626133,HOG8-ML00-H2-GPS-GradientEstimation-Escape-Specialist-Exploiter,Exploiter,3.7062605365646157
1694,0.21565533131371473,HOG8-ML00-H1-GPS-GradientEstimation-Escape-Specialist-Exploiter,Exploiter,2.746222454613657
1695,0.20800778285032162,HOG8-ML00-H2-GPS-GradientEstimation-Escape-Specialist-Exploiter,Exploiter,3.5461903106249597
1707,0.20365099828752314,HOG8-ML00-H1-GPS-GradientEstimation-Escape-Specialist-Exploiter,Exploiter,2.0945295907189854
1708,0.1964386451966171,HOG8-ML00-H2-GPS-GradientEstimation-Escape-Specialist-Exploiter,Exploiter,3.541526018312628
1718,0.19318813091471262,HOG8-ML00-H1-GPS-GradientEstimation-Escape-Specialist-Exploiter,Exploiter,1.6547224089491224
1718,0.18645261550076492,HOG8-ML00-H2-GPS-GradientEstimation-Escape-Specialist-Exploiter,Exploiter,3.4865058127826996
1729,0.1770247488620265,HOG8-ML00-H2-GPS-GradientEstimation-Escape-Specialist-Local Explorer,Local Explorer,5.056441076687258
1738,0.16850892984303095,HOG8-ML00-H2-GPS-GradientEstimation-Escape-Specialist-Exploiter,Exploiter,4.810524558706073
1749,0.1604699720746211,HOG8-ML00-H2-GPS-GradientEstimation-Escape-Specialist-Exploiter,Exploiter,4.77064199262216
1758,0.15332936864209853,HOG8-ML00-H2-GPS-GradientEstimation-Escape-Specialist-Exploiter,Exploiter,4.4498066150357865
1770,0.14609220728296626,HOG8-ML00-H2-GPS-GradientEstimation-Escape-Specialist-Exploiter,Exploiter,4.720009886706868
1782,0.1408330192135881,HOG8-ML00-H1-GPS-GradientEstimation-Escape-Specialist-Exploiter,Exploiter,3.5999100617267263
1782,0.1379012956488997,HOG8-ML00-H2-GPS-GradientEstimation-Escape-Specialist-Exploiter,Exploiter,2.08170184879878
1792,0.1319938770171926,HOG8-ML00-H2-GPS-GradientEstimation-Escape-Specialist-Exploiter,Exploiter,4.283802123765061
1807,0.1300420849428703,HOG8-ML00-H1-GPS-GradientEstimation-Escape-Specialist-Exploiter,Exploiter,1.478698950609695
1807,0.12701334349972704,HOG8-ML00-H2-GPS-GradientEstimation-Escape-Specialist-Exploiter,Exploiter,2.32904712691576
1814,0.1216915814803371,HOG8-ML00-H2-GPS-GradientEstimation-Escape-Specialist-Exploiter,Exploiter,4.189923572401177
1828,0.11557308319952214,HOG8-ML00-H2-GPS-GradientEstimation-Escape-Specialist-Local Explorer,Local Explorer,5.027873092275969
1837,0.11187447609887251,HOG8-ML00-H1-GPS-GradientEstimation-Escape-Specialist-Exploiter,Exploiter,3.200232267114015
1837,0.10999344164606602,HOG8-ML00-H2-GPS-GradientEstimation-Escape-Specialist-Exploiter,Exploiter,1.6813794516848224
1847,0.10725765193527252,HOG8-ML00-H1-GPS-GradientEstimation-Escape-Specialist-Exploiter,Exploiter,2.487229847390945
1849,0.104477088235778,HOG8-ML00-H2-GPS-GradientEstimation-Escape-Specialist-Exploiter,Exploiter,2.592415225696459
1859,0.10291698056993744,HOG8-ML00-H1-GPS-GradientEstimation-Escape-Specialist-Exploiter,Exploiter,1.4932533938156902
1864,0.10022976184929142,HOG8-ML00-H2-GPS-GradientEstimation-Escape-Specialist-Exploiter,Exploiter,2.61105476060864
1869,0.09885776563222307,HOG8-ML00-H1-GPS-GradientEstimation-Escape-Specialist-Exploiter,Exploiter,1.3688511194223187
1874,0.0955974592287078,HOG8-ML00-H2-GPS-GradientEstimation-Escape-Specialist-Exploiter,Exploiter,3.2979770306001717
1879,0.0951423063196549,HOG8-ML00-H1-GPS-GradientEstimation-Escape-Specialist-Refiner,Refiner,0.4761140230348516
1885,0.09123016652677123,HOG8-ML00-H2-GPS-GradientEstimation-Escape-Specialist-Exploiter,Exploiter,4.111882446637185
1892,0.09118733160072681,HOG8-ML00-H1-GPS-GradientEstimation-Escape-Specialist-Polisher,Polisher,0.046952589998664
1898,0.08768437269828905,HOG8-ML00-H2-GPS-GradientEstimation-Escape-Specialist-Exploiter,Exploiter,3.841497323088511
1905,0.08503116198658975,HOG8-ML00-H2-GPS-GradientEstimation-Escape-Specialist-Exploiter,Exploiter,3.0258649632228836
1919,0.0839478806713374,HOG8-ML00-H1-GPS-GradientEstimation-Escape-Specialist-Exploiter,Exploiter,1.273981549756062
1919,0.08243683638612084,HOG8-ML00-H2-GPS-GradientEstimation-Escape-Specialist-Exploiter,Exploiter,1.7999790740786175
1928,0.0803698562388856,HOG8-ML00-H1-GPS-GradientEstimation-Escape-Specialist-Exploiter,Exploiter,2.5073501578273167
1928,0.07948997220098744,HOG8-ML00-H2-GPS-GradientEstimation-Escape-Specialist-Exploiter,Exploiter,1.094793594358126
1938,0.07673704455178676,HOG8-ML00-H1-GPS-GradientEstimation-Escape-Specialist-Exploiter,Exploiter,3.4632389130040284
1938,0.07603817611191961,HOG8-ML00-H2-GPS-GradientEstimation-Escape-Specialist-Exploiter,Exploiter,0.9107315038638342
1948,0.07285062153943693,HOG8-ML00-H2-GPS-GradientEstimation-Escape-Specialist-Exploiter,Exploiter,4.192045016691301
1959,0.07023898018193243,HOG8-ML00-H2-GPS-GradientEstimation-Escape-Specialist-Exploiter,Exploiter,3.584926665437866
1968,0.06786912542828613,HOG8-ML00-H2-GPS-GradientEstimation-Escape-Specialist-Exploiter,Exploiter,3.3739879871659926
1981,0.06557806394768459,HOG8-ML00-H2-GPS-GradientEstimation-Escape-Specialist-Exploiter,Exploiter,3.3757050295607396
1991,0.06332007087454863,HOG8-ML00-H2-GPS-GradientEstimation-Escape-Specialist-Exploiter,Exploiter,3.4432139914000617
2008,0.06084688692049274,HOG8-ML00-H2-GPS-GradientEstimation-Escape-Specialist-Exploiter,Exploiter,3.9058452081581367
2022,0.05802460651554077,HOG8-ML00-H2-GPS-GradientEstimation-Escape-Specialist-Exploiter,Exploiter,4.638331635009991
2037,0.05585087006352706,HOG8-ML00-H2-GPS-GradientEstimation-Escape-Specialist-Exploiter,Exploiter,3.7462321290046376
2048,0.05415849009710934,HOG8-ML00-H1-GPS-GradientEstimation-Escape-Specialist-Exploiter,Exploiter,3.030176547818758
2048,0.05375737988452527,HOG8-ML00-H2-GPS-GradientEstimation-Escape-Specialist-Exploiter,Exploiter,0.7406229602502775
2057,0.05241888922746936,HOG8-ML00-H1-GPS-GradientEstimation-Escape-Specialist-Exploiter,Exploiter,2.48987331587047
2057,0.052140153351596996,HOG8-ML00-H2-GPS-GradientEstimation-Escape-Specialist-Exploiter,Exploiter,0.5317470094850759
2067,0.05087684409588081,HOG8-ML00-H1-GPS-GradientEstimation-Escape-Specialist-Exploiter,Exploiter,2.422910510441555
2067,0.05043778724809041,HOG8-ML00-H2-GPS-GradientEstimation-Escape-Specialist-Exploiter,Exploiter,0.8629797220970873
2078,0.0489584878693538,HOG8-ML00-H1-GPS-GradientEstimation-Escape-Specialist-Exploiter,Exploiter,2.9329188678724494
2078,0.048667188462057635,HOG8-ML00-H2-GPS-GradientEstimation-Escape-Specialist-Exploiter,Exploiter,0.5949926559690715
2090,0.04722946646882753,HOG8-ML00-H1-GPS-GradientEstimation-Escape-Specialist-Exploiter,Exploiter,2.9541915994407515
2093,0.04689013806509308,HOG8-ML00-H2-GPS-GradientEstimation-Escape-Specialist-Exploiter,Exploiter,0.7184675777745925
2100,0.04579297372965517,HOG8-ML00-H1-GPS-GradientEstimation-Escape-Specialist-Exploiter,Exploiter,2.339861601419947
2100,0.04555357070913519,HOG8-ML00-H2-GPS-GradientEstimation-Escape-Specialist-Exploiter,Exploiter,0.5227942215181915
2109,0.04451675383918498,HOG8-ML00-H1-GPS-GradientEstimation-Escape-Specialist-Exploiter,Exploiter,2.2760386371694272
2112,0.04414696364921241,HOG8-ML00-H2-GPS-GradientEstimation-Escape-Specialist-Exploiter,Exploiter,0.8306764489352025
2122,0.04289021060120816,HOG8-ML00-H2-GPS-GradientEstimation-Escape-Specialist-Exploiter,Exploiter,2.8467485510222024
2133,0.041676801796983826,HOG8-ML00-H1-GPS-GradientEstimation-Escape-Specialist-Exploiter,Exploiter,2.8291043275738827
2133,0.041444525150566194,HOG8-ML00-H2-GPS-GradientEstimation-Escape-Specialist-Exploiter,Exploiter,0.5573283851028157
2146,0.040254072506777434,HOG8-ML00-H2-GPS-GradientEstimation-Escape-Specialist-Exploiter,Exploiter,2.8724002494030185
2159,0.039208458056528575,HOG8-ML00-H1-GPS-GradientEstimation-Escape-Specialist-Exploiter,Exploiter,2.597537056835213
2159,0.03892169613521054,HOG8-ML00-H2-GPS-GradientEstimation-Escape-Specialist-Exploiter,Exploiter,0.7313777065769709
2168,0.038116002850303074,HOG8-ML00-H1-GPS-GradientEstimation-Escape-Specialist-Exploiter,Exploiter,2.0700364190413523
2168,0.0378734037655933,HOG8-ML00-H2-GPS-GradientEstimation-Escape-Specialist-Exploiter,Exploiter,0.6364756705013417
2178,0.03684133538563362,HOG8-ML00-H1-GPS-GradientEstimation-Escape-Specialist-Exploiter,Exploiter,2.725047863000045
2180,0.036665048907642384,HOG8-ML00-H2-GPS-GradientEstimation-Escape-Specialist-Refiner,Refiner,0.47850186793168736
2191,0.035670066261533184,HOG8-ML00-H2-GPS-GradientEstimation-Escape-Specialist-Exploiter,Exploiter,2.7137087655754013
2202,0.034758024278341876,HOG8-ML00-H2-GPS-GradientEstimation-Escape-Specialist-Exploiter,Exploiter,2.556883344438471
2213,0.03401317955021637,HOG8-ML00-H1-GPS-GradientEstimation-Escape-Specialist-Exploiter,Exploiter,2.1429432299166296
2213,0.033844032988055675,HOG8-ML00-H2-GPS-GradientEstimation-Escape-Specialist-Refiner,Refiner,0.49729711952089156
2223,0.03297123498298441,HOG8-ML00-H1-GPS-GradientEstimation-Escape-Specialist-Exploiter,Exploiter,2.578882975853658
2228,0.03283638889667985,HOG8-ML00-H2-GPS-GradientEstimation-Escape-Specialist-Refiner,Refiner,0.40898099926845993
2236,0.03198636465288548,HOG8-ML00-H2-GPS-GradientEstimation-Escape-Specialist-Exploiter,Exploiter,2.588665417713819
2249,0.031326006804665824,HOG8-ML00-H1-GPS-GradientEstimation-Escape-Specialist-Exploiter,Exploiter,2.0644979677616595
2260,0.03069601892777537,HOG8-ML00-H1-GPS-GradientEstimation-Escape-Specialist-Exploiter,Exploiter,2.0110698462742516
2270,0.029987088458143078,HOG8-ML00-H1-GPS-GradientEstimation-Escape-Specialist-Exploiter,Exploiter,2.3095192614401663
2278,0.02995361087641254,HOG8-ML00-H2-GPS-GradientEstimation-Escape-Specialist-Refiner,Refiner,0.11163998724740586
2283,0.02906707163710863,HOG8-ML00-H1-GPS-GradientEstimation-Escape-Specialist-Exploiter,Exploiter,2.959707405433475
2298,0.028926564868405155,HOG8-ML00-H2-GPS-GradientEstimation-Escape-Specialist-Refiner,Refiner,0.48338811166686546
2298,0.02866045065709354,HOG8-ML00-H1-GPS-GradientEstimation-Escape-Specialist-Exploiter,Exploiter,0.9199647884988819
2307,0.028002845942624834,HOG8-ML00-H1-GPS-GradientEstimation-Escape-Specialist-Exploiter,Exploiter,2.29446746088044
2318,0.02782960981963175,HOG8-ML00-H2-GPS-GradientEstimation-Escape-Specialist-Exploiter,Exploiter,0.6186375604394961
2320,0.0273057507672933,HOG8-ML00-H1-GPS-GradientEstimation-Escape-Specialist-Exploiter,Exploiter,1.8823801545679844
2332,0.026677144974111906,HOG8-ML00-H1-GPS-GradientEstimation-Escape-Specialist-Exploiter,Exploiter,2.3021003836830376
2343,0.02643946566653256,HOG8-ML00-H2-GPS-GradientEstimation-Escape-Specialist-Exploiter,Exploiter,0.8909473176758393
2343,0.025966031607473183,HOG8-ML00-H1-GPS-GradientEstimation-Escape-Specialist-Exploiter,Exploiter,1.7906339902271795
2355,0.02536572795166736,HOG8-ML00-H1-GPS-GradientEstimation-Escape-Specialist-Exploiter,Exploiter,2.311880632668766
2369,0.024671405662056195,HOG8-ML00-H1-GPS-GradientEstimation-Escape-Specialist-Exploiter,Exploiter,2.7372456683843205
2378,0.02412338108474391,HOG8-ML00-H1-GPS-GradientEstimation-Escape-Specialist-Exploiter,Exploiter,2.221294501087668
2388,0.02404339266708661,HOG8-ML00-H2-GPS-GradientEstimation-Escape-Specialist-Refiner,Refiner,0.331580458710603
2388,0.023629535095121414,HOG8-ML00-H1-GPS-GradientEstimation-Escape-Specialist-Exploiter,Exploiter,1.7212944017327905
2399,0.02311110718928317,HOG8-ML00-H1-GPS-GradientEstimation-Escape-Specialist-Exploiter,Exploiter,2.193982673595971
2410,0.022597140608673016,HOG8-ML00-H1-GPS-GradientEstimation-Escape-Specialist-Exploiter,Exploiter,2.223894235791896
2421,0.022141839557593305,HOG8-ML00-H1-GPS-GradientEstimation-Escape-Specialist-Exploiter,Exploiter,2.014861344470116
2430,0.021576834177234418,HOG8-ML00-H1-GPS-GradientEstimation-Escape-Specialist-Exploiter,Exploiter,2.5517544686801985
2443,0.021054225378517498,HOG8-ML00-H1-GPS-GradientEstimation-Escape-Specialist-Exploiter,Exploiter,2.4220828432204433
2453,0.020541210977208735,HOG8-ML00-H1-GPS-GradientEstimation-Escape-Specialist-Exploiter,Exploiter,2.436633939675658
2467,0.020132003022253594,HOG8-ML00-H1-GPS-GradientEstimation-Escape-Specialist-Exploiter,Exploiter,1.9921316002701739
2475,0.01972805828311421,HOG8-ML00-H1-GPS-GradientEstimation-Escape-Specialist-Exploiter,Exploiter,2.006480620397637
2489,0.0193519230858755,HOG8-ML00-H1-GPS-GradientEstimation-Escape-Specialist-Exploiter,Exploiter,1.9066001926842042
2497,0.019054535158653733,HOG8-ML00-H1-GPS-GradientEstimation-Escape-Specialist-Exploiter,Exploiter,1.5367357853898458
2508,0.018614649271704982,HOG8-ML00-H1-GPS-GradientEstimation-Escape-Specialist-Exploiter,Exploiter,2.3085626770012
2523,0.018520065058109048,HOG8-ML00-H2-GPS-GradientEstimation-Escape-Specialist-Exploiter,Exploiter,0.5081170867919932
2527,0.017997939494840506,HOG8-ML00-H1-GPS-GradientEstimation-Escape-Specialist-Exploiter,Exploiter,2.8192425978543065
2537,0.017654974593513853,HOG8-ML00-H1-GPS-GradientEstimation-Escape-Specialist-Exploiter,Exploiter,1.9055786993003925
2548,0.017284919918487407,HOG8-ML00-H1-GPS-GradientEstimation-Escape-Specialist-Exploiter,Exploiter,2.0960362931499095
2559,0.01697006509678165,HOG8-ML00-H1-GPS-GradientEstimation-Escape-Specialist-Exploiter,Exploiter,1.8215578850845386
2570,0.01667348585331504,HOG8-ML00-H1-GPS-GradientEstimation-Escape-Specialist-Exploiter,Exploiter,1.7476612009158348
2584,0.016457592088457505,HOG8-ML00-H1-GPS-GradientEstimation-Escape-Specialist-Exploiter,Exploiter,1.2948328067499393
2593,0.01610438284285775,HOG8-ML00-H1-GPS-GradientEstimation-Escape-Specialist-Exploiter,Exploiter,2.1461781511007216
2609,0.01584963707525189,HOG8-ML00-H2-GPS-GradientEstimation-Escape-Specialist-Exploiter,Exploiter,1.581841229754651
2609,0.015789656388778432,HOG8-ML00-H1-GPS-GradientEstimation-Escape-Specialist-Refiner,Refiner,0.3784357092132713
2618,0.01547862534234222,HOG8-ML00-H1-GPS-GradientEstimation-Escape-Specialist-Exploiter,Exploiter,1.9698405005017037
2629,0.015222761746620368,HOG8-ML00-H1-GPS-GradientEstimation-Escape-Specialist-Exploiter,Exploiter,1.6530123965332384
2639,0.014924954752839299,HOG8-ML00-H1-GPS-GradientEstimation-Escape-Specialist-Exploiter,Exploiter,1.956326971005676
2650,0.014690613280894984,HOG8-ML00-H1-GPS-GradientEstimation-Escape-Specialist-Exploiter,Exploiter,1.5701318752724094
2660,0.014449839469942449,HOG8-ML00-H1-GPS-GradientEstimation-Escape-Specialist-Exploiter,Exploiter,1.6389636453480128
2670,0.014246458819108881,HOG8-ML00-H1-GPS-GradientEstimation-Escape-Specialist-Exploiter,Exploiter,1.4074941888221348
2682,0.014020780489846025,HOG8-ML00-H1-GPS-GradientEstimation-Escape-Specialist-Exploiter,Exploiter,1.58410122914301
2692,0.014007684467568988,HOG8-ML00-H2-GPS-GradientEstimation-Escape-Specialist-Refiner,Refiner,0.09340437421811867
2698,0.013774445097666621,HOG8-ML00-H1-GPS-GradientEstimation-Escape-Specialist-Exploiter,Exploiter,1.6650815517894473
2707,0.013531545502856268,HOG8-ML00-H1-GPS-GradientEstimation-Escape-Specialist-Exploiter,Exploiter,1.7634074773110118
2717,0.013310984711585701,HOG8-ML00-H1-GPS-GradientEstimation-Escape-Specialist-Exploiter,Exploiter,1.629974870379809
2728,0.013088966851838265,HOG8-ML00-H1-GPS-GradientEstimation-Escape-Specialist-Exploiter,Exploiter,1.6679296427573445
2740,0.012908081897972884,HOG8-ML00-H1-GPS-GradientEstimation-Escape-Specialist-Exploiter,Exploiter,1.381965100171199
2750,0.012738132708381256,HOG8-ML00-H1-GPS-GradientEstimation-Escape-Specialist-Exploiter,Exploiter,1.3166107167194003
2761,0.012569335514823065,HOG8-ML00-H1-GPS-GradientEstimation-Escape-Specialist-Exploiter,Exploiter,1.3251329486238401
2774,0.012372239728156967,HOG8-ML00-H1-GPS-GradientEstimation-Escape-Specialist-Exploiter,Exploiter,1.5680684665761553
2789,0.01218631652731805,HOG8-ML00-H1-GPS-GradientEstimation-Escape-Specialist-Exploiter,Exploiter,1.5027448944089754
2799,0.01201975104096983,HOG8-ML00-H1-GPS-GradientEstimation-Escape-Specialist-Exploiter,Exploiter,1.3668238960872998
2809,0.011861199712844968,HOG8-ML00-H1-GPS-GradientEstimation-Escape-Specialist-Exploiter,Exploiter,1.3190899510683147
2820,0.011713535437105196,HOG8-ML00-H1-GPS-GradientEstimation-Escape-Specialist-Exploiter,Exploiter,1.2449354139097768
2828,0.011574738548472041,HOG8-ML00-H1-GPS-GradientEstimation-Escape-Specialist-Exploiter,Exploiter,1.1849273806222955
2838,0.011465310992487529,HOG8-ML00-H1-GPS-GradientEstimation-Escape-Specialist-Exploiter,Exploiter,0.9453998077473439
2849,0.011314973394157973,HOG8-ML00-H1-GPS-GradientEstimation-Escape-Specialist-Exploiter,Exploiter,1.3112387307074604
2857,0.0113128544780151,HOG8-ML00-H2-GPS-GradientEstimation-Escape-Specialist-Polisher,Polisher,0.018726655989896156
2861,0.01116339625460297,HOG8-ML00-H1-GPS-GradientEstimation-Escape-Specialist-Exploiter,Exploiter,1.3211362676199996
2870,0.011045174559567508,HOG8-ML00-H1-GPS-GradientEstimation-Escape-Specialist-Exploiter,Exploiter,1.0590119022848037
2883,0.010920414041419992,HOG8-ML00-H1-GPS-GradientEstimation-Escape-Specialist-Exploiter,Exploiter,1.1295477266988636
2893,0.010814196982134545,HOG8-ML00-H1-GPS-GradientEstimation-Escape-Specialist-Exploiter,Exploiter,0.9726468143293522
2903,0.010702641064971902,HOG8-ML00-H1-GPS-GradientEstimation-Escape-Specialist-Exploiter,Exploiter,1.0315691247989864
2913,0.010598492444740416,HOG8-ML00-H1-GPS-GradientEstimation-Escape-Specialist-Exploiter,Exploiter,0.973111399319449
2922,0.010583657859424056,HOG8-ML00-H2-GPS-GradientEstimation-Escape-Specialist-Refiner,Refiner,0.13996882475225447
2924,0.010496600853096219,HOG8-ML00-H1-GPS-GradientEstimation-Escape-Specialist-Exploiter,Exploiter,0.8225606636586305
2937,0.01038756094531772,HOG8-ML00-H1-GPS-GradientEstimation-Escape-Specialist-Exploiter,Exploiter,1.0388116048666776
2949,0.01027073077429386,HOG8-ML00-H1-GPS-GradientEstimation-Escape-Specialist-Exploiter,Exploiter,1.1247122557343188
2958,0.010171545511106606,HOG8-ML00-H1-GPS-GradientEstimation-Escape-Specialist-Exploiter,Exploiter,0.9657079458795776
2969,0.01011577914953268,HOG8-ML00-H2-GPS-GradientEstimation-Escape-Specialist-Exploiter,Exploiter,0.5482584874936941
2969,0.010082965976363984,HOG8-ML00-H1-GPS-GradientEstimation-Escape-Specialist-Refiner,Refiner,0.32437613241301205
2979,0.009985947940131006,HOG8-ML00-H1-GPS-GradientEstimation-Escape-Specialist-Exploiter,Exploiter,0.96219739767448
2991,0.009882428965873791,HOG8-ML00-H1-GPS-GradientEstimation-Escape-Specialist-Exploiter,Exploiter,1.0366464443620673
3002,0.009801789250033496,HOG8-ML00-H1-GPS-GradientEstimation-Escape-Specialist-Exploiter,Exploiter,0.815990847176966
3014,0.009732776157887276,HOG8-ML00-H1-GPS-GradientEstimation-Escape-Specialist-Exploiter,Exploiter,0.7040866762768171
3023,0.009721858872391399,HOG8-ML00-H2-GPS-GradientEstimation-Escape-Specialist-Refiner,Refiner,0.11217031316425241
3030,0.009640085053493213,HOG8-ML00-H1-GPS-GradientEstimation-Escape-Specialist-Exploiter,Exploiter,0.841133573029031
3041,0.009550481747426015,HOG8-ML00-H1-GPS-GradientEstimation-Escape-Specialist-Exploiter,Exploiter,0.9294866753766791
3053,0.009455146506079702,HOG8-ML00-H1-GPS-GradientEstimation-Escape-Specialist-Exploiter,Exploiter,0.9982244233073069
3068,0.00940171843401601,HOG8-ML00-H2-GPS-GradientEstimation-Escape-Specialist-Exploiter,Exploiter,0.5650686853909328
3068,0.00938776023194449,HOG8-ML00-H1-GPS-GradientEstimation-Escape-Specialist-Refiner,Refiner,0.14846437031148474
3074,0.009312815984479465,HOG8-ML00-H1-GPS-GradientEstimation-Escape-Specialist-Exploiter,Exploiter,0.7983187215413291
3087,0.009243093698229708,HOG8-ML00-H1-GPS-GradientEstimation-Escape-Specialist-Exploiter,Exploiter,0.7486702879768633
3097,0.009176290363732378,HOG8-ML00-H1-GPS-GradientEstimation-Escape-Specialist-Exploiter,Exploiter,0.7227378265149947
3113,0.009127371159594982,HOG8-ML00-H2-GPS-GradientEstimation-Escape-Specialist-Exploiter,Exploiter,0.5331043613303715
3117,0.009099570133367272,HOG8-ML00-H1-GPS-GradientEstimation-Escape-Specialist-Refiner,Refiner,0.30458963201561967
3128,0.009047821536888902,HOG8-ML00-H1-GPS-GradientEstimation-Escape-Specialist-Exploiter,Exploiter,0.5686927593272999
3137,0.009010110388903595,HOG8-ML00-H2-GPS-GradientEstimation-Escape-Specialist-Refiner,Refiner,0.4167980969955596
3142,0.009008608335883591,HOG8-ML00-H1-GPS-GradientEstimation-Escape-Specialist-Polisher,Polisher,0.016670750469978922
3157,0.008959746186144767,HOG8-ML00-H1-GPS-GradientEstimation-Escape-Specialist-Exploiter,Exploiter,0.5423939849198853
3168,0.008913328148794265,HOG8-ML00-H1-GPS-GradientEstimation-Escape-Specialist-Exploiter,Exploiter,0.5180731282576129
3173,0.008895043625115936,HOG8-ML00-H1-GPS-GradientEstimation-Escape-Specialist-Refiner,Refiner,0.20513688459682586
3178,0.008852318662941637,HOG8-ML00-H1-GPS-GradientEstimation-Escape-Specialist-Refiner,Refiner,0.4803232448873192
3187,0.008796074988559374,HOG8-ML00-H2-GPS-GradientEstimation-Escape-Specialist-Exploiter,Exploiter,0.6353552840084155
3190,0.008793128636304784,HOG8-ML00-H1-GPS-GradientEstimation-Escape-Specialist-Polisher,Polisher,0.03349621573738804
3195,0.008779363576986469,HOG8-ML00-H1-GPS-GradientEstimation-Escape-Specialist-Refiner,Refiner,0.1565433634336028
3198,0.008739867445913659,HOG8-ML00-H2-GPS-GradientEstimation-Escape-Specialist-Refiner,Refiner,0.4498746489590955
3202,0.008739445007554955,HOG8-ML00-H1-GPS-GradientEstimation-Escape-Specialist-Polisher,Polisher,0.004833464137959405
3208,0.00868303960687992,HOG8-ML00-H2-GPS-GradientEstimation-Escape-Specialist-Exploiter,Exploiter,0.6454117009292346
3212,0.008672599514042065,HOG8-ML00-H1-GPS-GradientEstimation-Escape-Specialist-Refiner,Refiner,0.12023546258595975
3219,0.008629374670314582,HOG8-ML00-H2-GPS-GradientEstimation-Escape-Specialist-Refiner,Refiner,0.49840700769702057
3222,0.008619308011642072,HOG8-ML00-H1-GPS-GradientEstimation-Escape-Specialist-Refiner,Refiner,0.1166557144301535
3227,0.008615446586265445,HOG8-ML00-H1-GPS-GradientEstimation-Escape-Specialist-Polisher,Polisher,0.0447997144482075
3232,0.00857870430338907,HOG8-ML00-H1-GPS-GradientEstimation-Escape-Specialist-Refiner,Refiner,0.42646985862518344
3232,0.00856787948678891,HOG8-ML00-H2-GPS-GradientEstimation-Escape-Specialist-Refiner,Refiner,0.12618241889843318
3242,0.008516132387153846,HOG8-ML00-H2-GPS-GradientEstimation-Escape-Specialist-Exploiter,Exploiter,0.6039662405949356
3255,0.008476304268344125,HOG8-ML00-H2-GPS-GradientEstimation-Escape-Specialist-Refiner,Refiner,0.4676784836013103
3262,0.008471354117377417,HOG8-ML00-H1-GPS-GradientEstimation-Escape-Specialist-Refiner,Refiner,0.058399873458943284
3268,0.008428847924865058,HOG8-ML00-H2-GPS-GradientEstimation-Escape-Specialist-Exploiter,Exploiter,0.501763849361061
3268,0.008426583195684827,HOG8-ML00-H1-GPS-GradientEstimation-Escape-Specialist-Polisher,Polisher,0.02686878681900562
3272,0.008419829489653495,HOG8-ML00-H1-GPS-GradientEstimation-Escape-Specialist-Refiner,Refiner,0.08014762181177815
3278,0.008379217048261278,HOG8-ML00-H1-GPS-GradientEstimation-Escape-Specialist-Refiner,Refiner,0.48234280090971476
3278,0.00837293539051664,HOG8-ML00-H2-GPS-GradientEstimation-Escape-Specialist-Refiner,Refiner,0.07496712053713993
3283,0.008372512798570823,HOG8-ML00-H1-GPS-GradientEstimation-Escape-Specialist-Polisher,Polisher,0.005047118198183817
3288,0.008327137480579462,HOG8-ML00-H2-GPS-GradientEstimation-Escape-Specialist-Exploiter,Exploiter,0.5419557913259501
3298,0.008289502609644481,HOG8-ML00-H1-GPS-GradientEstimation-Escape-Specialist-Refiner,Refiner,0.45195448042922687
3299,0.008275890880619311,HOG8-ML00-H2-GPS-GradientEstimation-Escape-Specialist-Refiner,Refiner,0.16420441208780862
3310,0.008229812835996478,HOG8-ML00-H2-GPS-GradientEstimation-Escape-Specialist-Exploiter,Exploiter,0.5567744341668359
3322,0.008203622427745479,HOG8-ML00-H1-GPS-GradientEstimation-Escape-Specialist-Refiner,Refiner,0.3182382002230357
3322,0.008194798756030894,HOG8-ML00-H2-GPS-GradientEstimation-Escape-Specialist-Refiner,Refiner,0.10755823774558744
3333,0.008160305821117679,HOG8-ML00-H1-GPS-GradientEstimation-Escape-Specialist-Refiner,Refiner,0.42091253171812565
3333,0.008152906617332218,HOG8-ML00-H2-GPS-GradientEstimation-Escape-Specialist-Refiner,Refiner,0.09067311872445538
3344,0.008132854804011956,HOG8-ML00-H1-GPS-GradientEstimation-Escape-Specialist-Refiner,Refiner,0.24594680475836547
3345,0.008124111052806648,HOG8-ML00-H2-GPS-GradientEstimation-Escape-Specialist-Refiner,Refiner,0.10751146326865453
3357,0.008081808757946334,HOG8-ML00-H1-GPS-GradientEstimation-Escape-Specialist-Exploiter,Exploiter,0.5207005983220776
3368,0.008041399590994579,HOG8-ML00-H1-GPS-GradientEstimation-Escape-Specialist-Exploiter,Exploiter,0.5000015239413163
3378,0.00800005522972835,HOG8-ML00-H1-GPS-GradientEstimation-Escape-Specialist-Exploiter,Exploiter,0.5141438477019599
3387,0.007996308262696292,HOG8-ML00-H1-GPS-GradientEstimation-Escape-Specialist-Polisher,Polisher,0.046836764552996034
3389,0.007965173223944282,HOG8-ML00-H1-GPS-GradientEstimation-Escape-Specialist-Refiner,Refiner,0.3893676647917477
3400,0.007928758680086193,HOG8-ML00-H2-GPS-GradientEstimation-Escape-Specialist-Refiner,Refiner,0.45717202670021606
3412,0.007903646648054256,HOG8-ML00-H1-GPS-GradientEstimation-Escape-Specialist-Refiner,Refiner,0.3167208518403777
3412,0.00790309164499583,HOG8-ML00-H2-GPS-GradientEstimation-Escape-Specialist-Polisher,Polisher,0.007022113755081828
3422,0.007871035332293762,HOG8-ML00-H1-GPS-GradientEstimation-Escape-Specialist-Refiner,Refiner,0.40561737282100147
3434,0.007834110860432906,HOG8-ML00-H2-GPS-GradientEstimation-Escape-Specialist-Refiner,Refiner,0.4691183599362165
3448,0.007798959493407065,HOG8-ML00-H2-GPS-GradientEstimation-Escape-Specialist-Refiner,Refiner,0.4486963186004553
3457,0.007771634643736024,HOG8-ML00-H1-GPS-GradientEstimation-Escape-Specialist-Refiner,Refiner,0.35036532365811013
3457,0.007767583469073183,HOG8-ML00-H2-GPS-GradientEstimation-Escape-Specialist-Refiner,Refiner,0.05212770348264449
3465,0.0077434036019962856,HOG8-ML00-H1-GPS-GradientEstimation-Escape-Specialist-Refiner,Refiner,0.3112920147323812
3469,0.007737092475721233,HOG8-ML00-H2-GPS-GradientEstimation-Escape-Specialist-Refiner,Refiner,0.08150325876627652
3478,0.007714655821788318,HOG8-ML00-H1-GPS-GradientEstimation-Escape-Specialist-Refiner,Refiner,0.2899881835886154
3478,0.007708546609761906,HOG8-ML00-H2-GPS-GradientEstimation-Escape-Specialist-Refiner,Refiner,0.07918968995554868
3487,0.007686117813967673,HOG8-ML00-H1-GPS-GradientEstimation-Escape-Specialist-Refiner,Refiner,0.2909601112851792
3499,0.0076538223019243,HOG8-ML00-H2-GPS-GradientEstimation-Escape-Specialist-Refiner,Refiner,0.42017976857814404
3512,0.0076261050152298,HOG8-ML00-H2-GPS-GradientEstimation-Escape-Specialist-Refiner,Refiner,0.3621365325862238
3523,0.007605521139970983,HOG8-ML00-H1-GPS-GradientEstimation-Escape-Specialist-Refiner,Refiner,0.2699133465603972
3531,0.007590680103770984,HOG8-ML00-H2-GPS-GradientEstimation-Escape-Specialist-Refiner,Refiner,0.19513503318006725
3537,0.007584560180321748,HOG8-ML00-H1-GPS-GradientEstimation-Escape-Specialist-Refiner,Refiner,0.08062417814440326
3541,0.00756974771225786,HOG8-ML00-H2-GPS-GradientEstimation-Escape-Specialist-Refiner,Refiner,0.19529765354514061
3543,0.0075605857264726874,HOG8-ML00-H1-GPS-GradientEstimation-Escape-Specialist-Refiner,Refiner,0.1210342290580784
3549,0.007559888006464626,HOG8-ML00-H1-GPS-GradientEstimation-Escape-Specialist-Polisher,Polisher,0.009228385647662289
3552,0.00753910481098671,HOG8-ML00-H2-GPS-GradientEstimation-Escape-Specialist-Refiner,Refiner,0.2749140656600281
3554,0.0075331541910928735,HOG8-ML00-H1-GPS-GradientEstimation-Escape-Specialist-Refiner,Refiner,0.07893005924475707
3562,0.007515564934550176,HOG8-ML00-H2-GPS-GradientEstimation-Escape-Specialist-Refiner,Refiner,0.23349125872792015
3568,0.007509694706178776,HOG8-ML00-H1-GPS-GradientEstimation-Escape-Specialist-Refiner,Refiner,0.07810761296750204
3572,0.007491028770932884,HOG8-ML00-H2-GPS-GradientEstimation-Escape-Specialist-Refiner,Refiner,0.24855784390987767
3577,0.007486842194389278,HOG8-ML00-H1-GPS-GradientEstimation-Escape-Specialist-Refiner,Refiner,0.05588787163454805
3583,0.0074779394537246215,HOG8-ML00-H1-GPS-GradientEstimation-Escape-Specialist-Refiner,Refiner,0.11891182468528617
3584,0.007462032545622037,HOG8-ML00-H2-GPS-GradientEstimation-Escape-Specialist-Refiner,Refiner,0.21271779747644176
3588,0.007457684190820293,HOG8-ML00-H1-GPS-GradientEstimation-Escape-Specialist-Refiner,Refiner,0.058273061329584874
3593,0.007453186217427627,HOG8-ML00-H1-GPS-GradientEstimation-Escape-Specialist-Refiner,Refiner,0.06031327255989922
3598,0.007435010161735787,HOG8-ML00-H1-GPS-GradientEstimation-Escape-Specialist-Refiner,Refiner,0.24386960370504765
3608,0.007416541577320622,HOG8-ML00-H1-GPS-GradientEstimation-Escape-Specialist-Refiner,Refiner,0.24840025788011544
3608,0.007416073469626489,HOG8-ML00-H2-GPS-GradientEstimation-Escape-Specialist-Polisher,Polisher,0.006311670867787879
3613,0.007407806367558186,HOG8-ML00-H1-GPS-GradientEstimation-Escape-Specialist-Refiner,Refiner,0.11147546072947868
3619,0.007388151679363175,HOG8-ML00-H1-GPS-GradientEstimation-Escape-Specialist-Refiner,Refiner,0.2653240003827224
3628,0.007363361312250676,HOG8-ML00-H1-GPS-GradientEstimation-Escape-Specialist-Refiner,Refiner,0.33554220579612454
3637,0.00735987210075499,HOG8-ML00-H1-GPS-GradientEstimation-Escape-Specialist-Polisher,Polisher,0.047386123642758696
3640,0.0073412091606410695,HOG8-ML00-H1-GPS-GradientEstimation-Escape-Specialist-Refiner,Refiner,0.253576962458441
3647,0.007299900167307274,HOG8-ML04-H2-GPS-Sniper-Specialist-Exploiter,Exploiter,0.5627001278654271
3653,0.0072998938414878985,HOG8-ML04-H2-GPS-Sniper-Specialist-Polisher,Polisher,8.665624502090922E-05
3657,0.0072622543744686775,HOG8-ML04-H2-GPS-Sniper-Specialist-Exploiter,Exploiter,0.5156166354817715
3667,0.007252561891327257,HOG8-ML04-H2-GPS-Sniper-Specialist-Refiner,Refiner,0.13346383425366595
3677,0.0072293504275930485,HOG8-ML04-H2-GPS-Sniper-Specialist-Refiner,Refiner,0.3200450279778411
3688,0.007159998872425895,HOG8-ML04-H2-GPS-Sniper-Specialist-Exploiter,Exploiter,0.9593054847977981
3702,0.007115455677420485,HOG8-ML04-H2-GPS-Sniper-Specialist-Exploiter,Exploiter,0.6221117600584015
3712,0.0070223765270309236,HOG8-ML04-H2-GPS-Sniper-Specialist-Exploiter,Exploiter,1.3081263464956978
3720,0.007007037188576168,HOG8-ML04-H2-GPS-Sniper-Specialist-Refiner,Refiner,0.21843514650218676
3732,0.006942342780354192,HOG8-ML04-H2-GPS-Sniper-Specialist-Exploiter,Exploiter,0.9232776490390322
3741,0.006915783303410097,HOG8-ML04-H2-GPS-Sniper-Specialist-Refiner,Refiner,0.3825722495186158
3755,0.006898316856087077,HOG8-ML04-H2-GPS-Sniper-Specialist-Refiner,Refiner,0.2525592048901815
3762,0.006864945941115183,HOG8-ML04-H2-GPS-Sniper-Specialist-Refiner,Refiner,0.483754452978589
3772,0.006830136732271997,HOG8-ML04-H2-GPS-Sniper-Specialist-Exploiter,Exploiter,0.5070572899155475
3780,0.006802183657106332,HOG8-ML04-H2-GPS-Sniper-Specialist-Refiner,Refiner,0.4092608429577777
3792,0.006797511797857584,HOG8-ML04-H2-GPS-Sniper-Specialist-Refiner,Refiner,0.06868175698060258
3802,0.00675719059394276,HOG8-ML04-H2-GPS-Sniper-Specialist-Exploiter,Exploiter,0.5931759313390522
3810,0.00670021940947961,HOG8-ML04-H2-GPS-Sniper-Specialist-Exploiter,Exploiter,0.8431193951258332
3821,0.0066671041898956574,HOG8-ML04-H2-GPS-Sniper-Specialist-Refiner,Refiner,0.4942408234736419
3822,0.006660083317410102,HOG8-ML04-H2-GPS-Sniper-Specialist-Refiner,Refiner,0.10530617619859005
3828,0.0066586739107483695,HOG8-ML04-H2-GPS-Sniper-Specialist-Polisher,Polisher,0.021161997449019403
3831,0.006637673577704772,HOG8-ML04-H2-GPS-Sniper-Specialist-Refiner,Refiner,0.31538311269003105
3833,0.006633088551654314,HOG8-ML04-H2-GPS-Sniper-Specialist-Refiner,Refiner,0.06907579887415571
3843,0.006538985633704634,HOG8-ML04-H2-GPS-Sniper-Specialist-Exploiter,Exploiter,1.4186893061485009
3852,0.006505838412821631,HOG8-ML04-H2-GPS-Sniper-Specialist-Exploiter,Exploiter,0.5069168635598196
3862,0.006468783078238172,HOG8-ML04-H2-GPS-Sniper-Specialist-Exploiter,Exploiter,0.5695704724302874
3873,0.006445613089682064,HOG8-ML04-H2-GPS-Sniper-Specialist-Refiner,Refiner,0.35818156639159004
3878,0.006422828507589699,HOG8-ML04-H2-GPS-Sniper-Specialist-Refiner,Refiner,0.35348975769020524
3881,0.006420189624723881,HOG8-ML04-H2-GPS-Sniper-Specialist-Polisher,Polisher,0.04108599291884557
3892,0.006368281168118608,HOG8-ML04-H2-GPS-Sniper-Specialist-Exploiter,Exploiter,0.8085190569041016
3902,0.006334946035373913,HOG8-ML04-H2-GPS-Sniper-Specialist-Exploiter,Exploiter,0.5234557310625699
3911,0.006306565504701989,HOG8-ML04-H2-GPS-Sniper-Specialist-Refiner,Refiner,0.4479995648494803
3922,0.006264864787786824,HOG8-ML04-H2-GPS-Sniper-Specialist-Exploiter,Exploiter,0.6612270479720536
3933,0.006239548915069596,HOG8-ML04-H2-GPS-Sniper-Specialist-Refiner,Refiner,0.4040928826840866
3943,0.006223865695551849,HOG8-ML04-H2-GPS-Sniper-Specialist-Refiner,Refiner,0.2513518161524305
3957,0.006188115588275026,HOG8-ML04-H2-GPS-Sniper-Specialist-Exploiter,Exploiter,0.574403578508665
3968,0.006150822112266057,HOG8-ML04-H2-GPS-Sniper-Specialist-Exploiter,Exploiter,0.6026628862529841
3978,0.006136145821242464,HOG8-ML04-H2-GPS-Sniper-Specialist-Refiner,Refiner,0.23860698221666177
3988,0.006132903962344672,HOG8-ML04-H2-GPS-Sniper-Specialist-Refiner,Refiner,0.0528321684691514
3998,0.006111558585000946,HOG8-ML04-H2-GPS-Sniper-Specialist-Refiner,Refiner,0.3480468221055575
4008,0.006085523152799068,HOG8-ML04-H2-GPS-Sniper-Specialist-Refiner,Refiner,0.42600315189277255
4018,0.0060832182448693085,HOG8-ML06-H2-GPS-Spray-Specialist-Polisher,Polisher,0.0378752635046621
4018,0.006046805745675044,HOG8-ML04-H2-GPS-Sniper-Specialist-Exploiter,Exploiter,0.5985729547838499
4028,0.006026916646137709,HOG8-ML04-H2-GPS-Sniper-Specialist-Refiner,Refiner,0.3289191082673847
4038,0.005977274262886826,HOG8-ML04-H2-GPS-Sniper-Specialist-Exploiter,Exploiter,0.8236779462130969
4048,0.00595240679292359,HOG8-ML04-H2-GPS-Sniper-Specialist-Refiner,Refiner,0.41603361113341586
4057,0.005913045194637919,HOG8-ML04-H2-GPS-Sniper-Specialist-Exploiter,Exploiter,0.6612719804779679
4065,0.0058889309630069725,HOG8-ML04-H2-GPS-Sniper-Specialist-Refiner,Refiner,0.40781409302966165
4078,0.005852766450983054,HOG8-ML04-H2-GPS-Sniper-Specialist-Exploiter,Exploiter,0.6141099675152573
4088,0.005826012947155747,HOG8-ML04-H2-GPS-Sniper-Specialist-Refiner,Refiner,0.4571086861464209
4098,0.005799108400903503,HOG8-ML04-H2-GPS-Sniper-Specialist-Refiner,Refiner,0.4618003168938899
4109,0.005792287012454133,HOG8-ML04-H2-GPS-Sniper-Specialist-Refiner,Refiner,0.11762822795840226
4123,0.0057778185615960705,HOG8-ML04-H2-GPS-Sniper-Specialist-Refiner,Refiner,0.24978822401158385
4133,0.005732100799698865,HOG8-ML04-H2-GPS-Sniper-Specialist-Exploiter,Exploiter,0.7912633705925268
4141,0.005728132738458661,HOG8-ML04-H2-GPS-Sniper-Specialist-Refiner,Refiner,0.06922525229166188
4153,0.005716177400643924,HOG8-ML04-H2-GPS-Sniper-Specialist-Refiner,Refiner,0.20871265315604778
4161,0.005654483472740427,HOG8-ML04-H2-GPS-Sniper-Specialist-Exploiter,Exploiter,1.0792864458081224
4173,0.0056502475337671795,HOG8-ML04-H2-GPS-Sniper-Specialist-Refiner,Refiner,0.07491292517996015
4184,0.005641612910863864,HOG8-ML04-H2-GPS-Sniper-Specialist-Refiner,Refiner,0.1528184889549138
4194,0.00563515805865549,HOG8-ML04-H2-GPS-Sniper-Specialist-Refiner,Refiner,0.11441501411670137
4204,0.005625158299542933,HOG8-ML04-H2-GPS-Sniper-Specialist-Refiner,Refiner,0.17745303695958195
4219,0.005607792675155652,HOG8-ML04-H2-GPS-Sniper-Specialist-Refiner,Refiner,0.3087135234699388
4229,0.005597800599029432,HOG8-ML04-H2-GPS-Sniper-Specialist-Refiner,Refiner,0.17818198184266684
4238,0.005553405134414264,HOG8-ML04-H2-GPS-Sniper-Specialist-Exploiter,Exploiter,0.7930876391500082
4249,0.005536559233155702,HOG8-ML04-H2-GPS-Sniper-Specialist-Refiner,Refiner,0.3033436396377566
4258,0.005522877547017704,HOG8-ML04-H2-GPS-Sniper-Specialist-Refiner,Refiner,0.2471153213003651
4269,0.005499778081654676,HOG8-ML04-H2-GPS-Sniper-Specialist-Refiner,Refiner,0.41825054360478225
4280,0.0054466829241665606,HOG8-ML04-H2-GPS-Sniper-Specialist-Exploiter,Exploiter,0.965405452725858
4291,0.005423614216980831,HOG8-ML04-H2-GPS-Sniper-Specialist-Refiner,Refiner,0.4235368114302227
4299,0.005412279320889201,HOG8-ML04-H2-GPS-Sniper-Specialist-Refiner,Refiner,0.20899156241867664
4308,0.005397654533436182,HOG8-ML04-H2-GPS-Sniper-Specialist-Refiner,Refiner,0.2702149424656125
4319,0.005339647822756927,HOG8-ML04-H2-GPS-Sniper-Specialist-Exploiter,Exploiter,1.0746651220438106
4329,0.005329456912464325,HOG8-ML04-H2-GPS-Sniper-Specialist-Refiner,Refiner,0.19085360366220216
4338,0.005312183954219037,HOG8-ML04-H2-GPS-Sniper-Specialist-Refiner,Refiner,0.3241035349191201
4342,0.0053069702143735825,HOG8-ML04-H2-GPS-Sniper-Specialist-Refiner,Refiner,0.09814682417602626
4350,0.005302118631825556,HOG8-ML04-H2-GPS-Sniper-Specialist-Refiner,Refiner,0.09141906496641486
4361,0.005296655198580657,HOG8-ML04-H2-GPS-Sniper-Specialist-Refiner,Refiner,0.10304245574788058
4372,0.005269304964985096,HOG8-ML04-H2-GPS-Sniper-Specialist-Exploiter,Exploiter,0.5163680203855842
4382,0.0052503818443574175,HOG8-ML04-H2-GPS-Sniper-Specialist-Refiner,Refiner,0.3591198602742489
4389,0.0052280749763678,HOG8-ML04-H2-GPS-Sniper-Specialist-Refiner,Refiner,0.4248618224518389
4402,0.005213099014504894,HOG8-ML04-H2-GPS-Sniper-Specialist-Refiner,Refiner,0.2864526987581619
4411,0.005192704490808581,HOG8-ML04-H2-GPS-Sniper-Specialist-Refiner,Refiner,0.39121688729809495
4421,0.005185708615194516,HOG8-ML04-H2-GPS-Sniper-Specialist-Refiner,Refiner,0.13472508644479964
4431,0.0051623515099227055,HOG8-ML04-H2-GPS-Sniper-Specialist-Refiner,Refiner,0.45041299087596604
4440,0.00511550892577906,HOG8-ML04-H2-GPS-Sniper-Specialist-Exploiter,Exploiter,0.9073885041266244
4451,0.005113418354985645,HOG8-ML04-H2-GPS-Sniper-Specialist-Polisher,Polisher,0.04086730809674988
4465,0.005074860157331538,HOG8-ML04-H2-GPS-Sniper-Specialist-Exploiter,Exploiter,0.7540591240009158
4474,0.005059740631904016,HOG8-ML04-H2-GPS-Sniper-Specialist-Refiner,Refiner,0.29792989282037713
4488,0.005038965079266718,HOG8-ML04-H2-GPS-Sniper-Specialist-Refiner,Refiner,0.41060509122343236
4498,0.005015279185744269,HOG8-ML04-H2-GPS-Sniper-Specialist-Refiner,Refiner,0.4700547265133145
4509,0.00499360172928702,HOG8-ML04-H2-GPS-Sniper-Specialist-Refiner,Refiner,0.43222830981904986
4520,0.004971246589088772,HOG8-ML04-H2-GPS-Sniper-Specialist-Refiner,Refiner,0.4476756739957265
4532,0.004961552097489871,HOG8-ML04-H2-GPS-Sniper-Specialist-Refiner,Refiner,0.19501127987050162
4539,0.004942702791722959,HOG8-ML04-H2-GPS-Sniper-Specialist-Refiner,Refiner,0.3799074442138464
4549,0.004924613973224726,HOG8-ML04-H2-GPS-Sniper-Specialist-Refiner,Refiner,0.36597018393508385
4558,0.004906735767492173,HOG8-ML04-H2-GPS-Sniper-Specialist-Refiner,Refiner,0.3630377087373254
4571,0.0048853268021513754,HOG8-ML04-H2-GPS-Sniper-Specialist-Refiner,Refiner,0.4363178772053487
4579,0.0048522319128666575,HOG8-ML04-H2-GPS-Sniper-Specialist-Exploiter,Exploiter,0.67743450182583
4590,0.004841329987918778,HOG8-ML04-H2-GPS-Sniper-Specialist-Refiner,Refiner,0.22467856326015134
4604,0.004811039704154075,HOG8-ML04-H2-GPS-Sniper-Specialist-Exploiter,Exploiter,0.6256603834130425
4614,0.004783303286924686,HOG8-ML04-H2-GPS-Sniper-Specialist-Exploiter,Exploiter,0.5765160741749794
4622,0.004767613351828048,HOG8-ML04-H2-GPS-Sniper-Specialist-Refiner,Refiner,0.3280146408346558
4633,0.004750230986062889,HOG8-ML04-H2-GPS-Sniper-Specialist-Refiner,Refiner,0.36459260603619137
4644,0.004743096454379255,HOG8-ML04-H2-GPS-Sniper-Specialist-Refiner,Refiner,0.15019336332414476
4653,0.004732587424652745,HOG8-ML04-H2-GPS-Sniper-Specialist-Refiner,Refiner,0.22156474842098395
4662,0.004723075155072852,HOG8-ML04-H2-GPS-Sniper-Specialist-Refiner,Refiner,0.20099511591359162
4672,0.004666129129326117,HOG8-ML04-H2-GPS-Sniper-Specialist-Exploiter,Exploiter,1.205698064862926
4684,0.0046572368816400825,HOG8-ML04-H2-GPS-Sniper-Specialist-Refiner,Refiner,0.19057011581929847
4693,0.004632466677590212,HOG8-ML04-H2-GPS-Sniper-Specialist-Exploiter,Exploiter,0.5318648091000088
4708,0.004614848753237874,HOG8-ML04-H2-GPS-Sniper-Specialist-Refiner,Refiner,0.3803141086273856
4713,0.004595487872676897,HOG8-ML04-H2-GPS-Sniper-Specialist-Refiner,Refiner,0.41953445489178715
4724,0.004584008890870846,HOG8-ML04-H2-GPS-Sniper-Specialist-Refiner,Refiner,0.24978809919836606
4738,0.004547833223623965,HOG8-ML04-H2-GPS-Sniper-Specialist-Exploiter,Exploiter,0.7891709660277036
4748,0.004471749578605114,HOG8-ML04-H2-GPS-Sniper-Specialist-Exploiter,Exploiter,1.672964712593911
4755,0.0044437146169419225,HOG8-ML04-H2-GPS-Sniper-Specialist-Exploiter,Exploiter,0.6269349651716524
4769,0.004433479758702045,HOG8-ML04-H2-GPS-Sniper-Specialist-Refiner,Refiner,0.23032213186814915
4779,0.004423339063815737,HOG8-ML04-H2-GPS-Sniper-Specialist-Refiner,Refiner,0.22872992408287263
4788,0.00441783337946359,HOG8-ML04-H2-GPS-Sniper-Specialist-Refiner,Refiner,0.12446896502202551
4798,0.004405670812374779,HOG8-ML04-H2-GPS-Sniper-Specialist-Refiner,Refiner,0.27530615222722665
4810,0.004379569485238352,HOG8-ML04-H2-GPS-Sniper-Specialist-Exploiter,Exploiter,0.5924484204110954
4819,0.004339984217635326,HOG8-ML04-H2-GPS-Sniper-Specialist-Exploiter,Exploiter,0.9038620744904398
4829,0.004332922169583121,HOG8-ML04-H2-GPS-Sniper-Specialist-Refiner,Refiner,0.16272059293461613
4839,0.00431172813653009,HOG8-ML04-H2-GPS-Sniper-Specialist-Refiner,Refiner,0.48913948193697504
4850,0.004278544672838306,HOG8-ML04-H2-GPS-Sniper-Specialist-Exploiter,Exploiter,0.7696093687040414
4862,0.004267975685147512,HOG8-ML04-H2-GPS-Sniper-Specialist-Refiner,Refiner,0.24702295988376807
4871,0.00426154828754668,HOG8-ML04-H2-GPS-Sniper-Specialist-Refiner,Refiner,0.1505959282570313
4883,0.004249419391133527,HOG8-ML04-H2-GPS-Sniper-Specialist-Refiner,Refiner,0.284612436484549
4891,0.004243300097748724,HOG8-ML04-H2-GPS-Sniper-Specialist-Refiner,Refiner,0.14400304657081303
4903,0.0042309517199049665,HOG8-ML04-H2-GPS-Sniper-Specialist-Refiner,Refiner,0.29100882707563225
4915,0.004218624588584107,HOG8-ML04-H2-GPS-Sniper-Specialist-Refiner,Refiner,0.2913559912032463
4924,0.004212187601458897,HOG8-ML04-H2-GPS-Sniper-Specialist-Refiner,Refiner,0.15258497147693406
4932,0.0041860280594286665,HOG8-ML04-H2-GPS-Sniper-Specialist-Exploiter,Exploiter,0.621044086953054
4949,0.004183654642501138,HOG8-ML04-H2-GPS-Sniper-Specialist-Refiner,Refiner,0.05669854319734274
4953,0.0041765472160910765,HOG8-ML04-H2-GPS-Sniper-Specialist-Refiner,Refiner,0.16988559088646046
4965,0.004148645962102409,HOG8-ML04-H2-GPS-Sniper-Specialist-Exploiter,Exploiter,0.6680459371121541
4971,0.004137653472008236,HOG8-ML04-H2-GPS-Sniper-Specialist-Refiner,Refiner,0.2649657308574606
4979,0.004137105239551008,HOG8-ML04-H2-GPS-Sniper-Specialist-Polisher,Polisher,0.013249839817113689
4983,0.004109263984085567,HOG8-ML04-H2-GPS-Sniper-Specialist-Exploiter,Exploiter,0.6729646420225631
4999,0.004091759295544996,HOG8-ML04-H2-GPS-Sniper-Specialist-Refiner,Refiner,0.4259811150698319
5009,0.00409140115411138,HOG8-ML04-H2-GPS-Sniper-Specialist-Polisher,Polisher,0.008752749312655609
5020,0.004081949810983737,HOG8-ML04-H2-GPS-Sniper-Specialist-Refiner,Refiner,0.23100504623324103
5028,0.0040707961712285355,HOG8-ML04-H2-GPS-Sniper-Specialist-Refiner,Refiner,0.2732429420173053
5034,0.004062333128604694,HOG8-ML04-H2-GPS-Sniper-Specialist-Refiner,Refiner,0.20789649660319953
5050,0.004043253021260601,HOG8-ML04-H2-GPS-Sniper-Specialist-Refiner,Refiner,0.4696834735128345
5062,0.004015885666147468,HOG8-ML04-H2-GPS-Sniper-Specialist-Exploiter,Exploiter,0.6768647662965271
5071,0.004011429027854054,HOG8-ML04-H2-GPS-Sniper-Specialist-Refiner,Refiner,0.11097522847780454
5081,0.003998253076847066,HOG8-ML04-H2-GPS-Sniper-Specialist-Refiner,Refiner,0.32846027975312253
5094,0.0039763493659542605,HOG8-ML04-H2-GPS-Sniper-Specialist-Exploiter,Exploiter,0.5478320274333044
5101,0.003951213136726344,HOG8-ML04-H2-GPS-Sniper-Specialist-Exploiter,Exploiter,0.6321433786259906
5114,0.003945314370342091,HOG8-ML04-H2-GPS-Sniper-Specialist-Refiner,Refiner,0.14929000740111975
5121,0.003927006793040307,HOG8-ML04-H2-GPS-Sniper-Specialist-Refiner,Refiner,0.46403342251777546
5131,0.003919532401664723,HOG8-ML04-H2-GPS-Sniper-Specialist-Refiner,Refiner,0.1903330391185168
5143,0.003910791764257674,HOG8-ML04-H2-GPS-Sniper-Specialist-Refiner,Refiner,0.2230020449208887
5152,0.0038837178369132176,HOG8-ML04-H2-GPS-Sniper-Specialist-Exploiter,Exploiter,0.6922876229794689
5162,0.003869382845613713,HOG8-ML04-H2-GPS-Sniper-Specialist-Refiner,Refiner,0.3691048603803346
5172,0.0038528287883345105,HOG8-ML04-H2-GPS-Sniper-Specialist-Refiner,Refiner,0.4278216433912173
5182,0.0038431460048753887,HOG8-ML04-H2-GPS-Sniper-Specialist-Refiner,Refiner,0.2513162144250757
5191,0.0038347360629366395,HOG8-ML04-H2-GPS-Sniper-Specialist-Refiner,Refiner,0.21882962364897007
5203,0.0038259988660917753,HOG8-ML04-H2-GPS-Sniper-Specialist-Refiner,Refiner,0.22784349956469319
5212,0.003774499311902587,HOG8-ML04-H2-GPS-Sniper-Specialist-Exploiter,Exploiter,1.3460420661806103
5223,0.0037708480854664267,HOG8-ML04-H2-GPS-Sniper-Specialist-Refiner,Refiner,0.09673406018769816
5235,0.003760437482609357,HOG8-ML04-H2-GPS-Sniper-Specialist-Refiner,Refiner,0.2760812056363141
5245,0.0037410788710153515,HOG8-ML04-H2-GPS-Sniper-Specialist-Exploiter,Exploiter,0.5147967938180619
5259,0.003740581124095491,HOG8-ML04-H2-GPS-Sniper-Specialist-Polisher,Polisher,0.013304903131470628
5264,0.0037172424852463686,HOG8-ML04-H2-GPS-Sniper-Specialist-Exploiter,Exploiter,0.6239308298591145
5279,0.00371644449005412,HOG8-ML04-H2-GPS-Sniper-Specialist-Polisher,Polisher,0.021467396744118957
5284,0.0036890975047854197,HOG8-ML04-H2-GPS-Sniper-Specialist-Exploiter,Exploiter,0.7358373128371916
5294,0.003679433810302847,HOG8-ML04-H2-GPS-Sniper-Specialist-Refiner,Refiner,0.2619528074288378
5304,0.0036707296102616166,HOG8-ML04-H2-GPS-Sniper-Specialist-Refiner,Refiner,0.2365635717337206
5319,0.003661094743288837,HOG8-ML04-H2-GPS-Sniper-Specialist-Refiner,Refiner,0.26247825352881343
5330,0.0036563914127364346,HOG8-ML04-H2-GPS-Sniper-Specialist-Refiner,Refiner,0.12846787319623393
5338,0.0036545630705028262,HOG8-ML04-H2-GPS-Sniper-Specialist-Refiner,Refiner,0.0500040074276413
5348,0.0036337738892166386,HOG8-ML04-H2-GPS-Sniper-Specialist-Exploiter,Exploiter,0.5688554523517176
5359,0.003616766352848441,HOG8-ML04-H2-GPS-Sniper-Specialist-Refiner,Refiner,0.4680405794831667
5372,0.003603651326538854,HOG8-ML04-H2-GPS-Sniper-Specialist-Refiner,Refiner,0.3626174607397052
5379,0.0035916387423181933,HOG8-ML04-H2-GPS-Sniper-Specialist-Refiner,Refiner,0.33334479759999874
5389,0.003585643469326358,HOG8-ML04-H2-GPS-Sniper-Specialist-Refiner,Refiner,0.16692305161976453
5403,0.0035738533581011114,HOG8-ML04-H2-GPS-Sniper-Specialist-Refiner,Refiner,0.32881437672501584
5412,0.00356417588736924,HOG8-ML04-H2-GPS-Sniper-Specialist-Refiner,Refiner,0.27078533342547106
5419,0.0035618435465403415,HOG8-ML04-H2-GPS-Sniper-Specialist-Refiner,Refiner,0.06543843240631728
5432,0.003546867614068175,HOG8-ML04-H2-GPS-Sniper-Specialist-Refiner,Refiner,0.4204545280129607
5439,0.00350513402037145,HOG8-ML04-H2-GPS-Sniper-Specialist-Exploiter,Exploiter,1.1766324046376664
5452,0.003489615101538205,HOG8-ML04-H2-GPS-Sniper-Specialist-Refiner,Refiner,0.4427482299692647
5464,0.0034824087671437884,HOG8-ML04-H2-GPS-Sniper-Specialist-Refiner,Refiner,0.20650800116150939
5474,0.0034781901616054104,HOG8-ML04-H2-GPS-Sniper-Specialist-Refiner,Refiner,0.12114044675570902
5485,0.003456023712310335,HOG8-ML04-H2-GPS-Sniper-Specialist-Exploiter,Exploiter,0.63729837257788
5499,0.0034558575736768253,HOG8-ML04-H2-GPS-Sniper-Specialist-Polisher,Polisher,0.004807219143724728
5504,0.0034437938910050828,HOG8-ML04-H2-GPS-Sniper-Specialist-Refiner,Refiner,0.3490792781401446
5508,0.003443427318891094,HOG8-ML04-H2-GPS-Sniper-Specialist-Polisher,Polisher,0.010644426629199892
5519,0.0034409184907617275,HOG8-ML04-H2-GPS-Sniper-Specialist-Refiner,Refiner,0.0728584603950419
5552,0.003417362707142061,HOG8-ML04-H2-GPS-Sniper-Specialist-Exploiter,Exploiter,0.6845783671688229
5560,0.003417074631971124,HOG8-ML04-H2-GPS-Sniper-Specialist-Polisher,Polisher,0.008429751115820672
5570,0.0034064411297798376,HOG8-ML04-H2-GPS-Sniper-Specialist-Refiner,Refiner,0.31118729722190497
5579,0.0033795812774201415,HOG8-ML04-H2-GPS-Sniper-Specialist-Exploiter,Exploiter,0.7885018803020384
5589,0.0033719131283710766,HOG8-ML04-H2-GPS-Sniper-Specialist-Refiner,Refiner,0.2268964235391473
5599,0.0033539816133999496,HOG8-ML04-H2-GPS-Sniper-Specialist-Exploiter,Exploiter,0.5317905381444246
5610,0.0033470991297899896,HOG8-ML04-H2-GPS-Sniper-Specialist-Refiner,Refiner,0.20520337924521737
5623,0.0033360780158416944,HOG8-ML04-H2-GPS-Sniper-Specialist-Refiner,Refiner,0.3292736044237417
5632,0.0033324852928154104,HOG8-ML04-H2-GPS-Sniper-Specialist-Refiner,Refiner,0.1076930158474589
5643,0.0033258443165749448,HOG8-ML04-H2-GPS-Sniper-Specialist-Refiner,Refiner,0.19927998646485004
5654,0.0033252735508600257,HOG8-ML04-H2-GPS-Sniper-Specialist-Polisher,Polisher,0.017161528339572567
5659,0.003315031162872752,HOG8-ML04-H2-GPS-Sniper-Specialist-Refiner,Refiner,0.3080164031805599
5671,0.003297759843175529,HOG8-ML04-H2-GPS-Sniper-Specialist-Exploiter,Exploiter,0.5210002213751802
5678,0.0032934484470163103,HOG8-ML04-H2-GPS-Sniper-Specialist-Refiner,Refiner,0.13073711744476257
5693,0.003268371445802285,HOG8-ML04-H2-GPS-Sniper-Specialist-Exploiter,Exploiter,0.7614207909264201
5702,0.003262932238331164,HOG8-ML04-H2-GPS-Sniper-Specialist-Refiner,Refiner,0.16641950161774627
5709,0.0032580298625625977,HOG8-ML04-H2-GPS-Sniper-Specialist-Refiner,Refiner,0.1502444859557838
5721,0.0032473878112027413,HOG8-ML04-H2-GPS-Sniper-Specialist-Refiner,Refiner,0.3266406941858393
5732,0.0032303518307932417,HOG8-ML04-H2-GPS-Sniper-Specialist-Exploiter,Exploiter,0.5246056646123184
5744,0.003220849553041905,HOG8-ML04-H2-GPS-Sniper-Specialist-Refiner,Refiner,0.2941561244430619
5753,0.0031986157523831854,HOG8-ML04-H2-GPS-Sniper-Specialist-Exploiter,Exploiter,0.6903085751931781
5770,0.0031884842614438263,HOG8-ML04-H2-GPS-Sniper-Specialist-Refiner,Refiner,0.31674610905703277
5791,0.003180739516213345,HOG8-ML04-H2-GPS-Sniper-Specialist-Refiner,Refiner,0.2428973956099789
5799,0.0031739838238223923,HOG8-ML04-H2-GPS-Sniper-Specialist-Refiner,Refiner,0.21239376429653586
5812,0.0031642778496908824,HOG8-ML04-H2-GPS-Sniper-Specialist-Refiner,Refiner,0.305797844924776
5829,0.0031484979660667657,HOG8-ML04-H2-GPS-Sniper-Specialist-Refiner,Refiner,0.4986883065802256
5839,0.0031474885343480688,HOG8-ML04-H2-GPS-Sniper-Specialist-Polisher,Polisher,0.032060739107225976
5850,0.0031278517783024547,HOG8-ML04-H2-GPS-Sniper-Specialist-Exploiter,Exploiter,0.6238864997067068
5859,0.003118469334490478,HOG8-ML04-H2-GPS-Sniper-Specialist-Refiner,Refiner,0.29996446369555396
5862,0.003092042748254045,HOG8-ML04-H2-GPS-Sniper-Specialist-Exploiter,Exploiter,0.8474217124456945
5870,0.0030824192549988153,HOG8-ML04-H2-GPS-Sniper-Specialist-Refiner,Refiner,0.31123415938099414
5881,0.0030478302384851766,HOG8-ML04-H2-GPS-Sniper-Specialist-Exploiter,Exploiter,1.122138607768724
5891,0.0030349573397178,HOG8-ML04-H2-GPS-Sniper-Specialist-Refiner,Refiner,0.422362722333731
5899,0.003031190222224922,HOG8-ML04-H2-GPS-Sniper-Specialist-Refiner,Refiner,0.12412423211286804
5911,0.0030242078684636717,HOG8-ML04-H2-GPS-Sniper-Specialist-Refiner,Refiner,0.2303502337152965
5921,0.0029977729333552244,HOG8-ML04-H2-GPS-Sniper-Specialist-Exploiter,Exploiter,0.874111048519842
5933,0.0029935289561476407,HOG8-ML04-H2-GPS-Sniper-Specialist-Refiner,Refiner,0.14157100293895908
5940,0.0029746007673244748,HOG8-ML04-H2-GPS-Sniper-Specialist-Exploiter,Exploiter,0.6323035153641727
5952,0.0029681915493645363,HOG8-ML04-H2-GPS-Sniper-Specialist-Refiner,Refiner,0.21546481229826672
5961,0.0029652872898063183,HOG8-ML04-H2-GPS-Sniper-Specialist-Refiner,Refiner,0.09784609618067827
5972,0.0029578437108166984,HOG8-ML04-H2-GPS-Sniper-Specialist-Refiner,Refiner,0.2510238726348197
5984,0.002954037709717876,HOG8-ML04-H2-GPS-Sniper-Specialist-Refiner,Refiner,0.12867485475665644
5992,0.002940424773079236,HOG8-ML04-H2-GPS-Sniper-Specialist-Refiner,Refiner,0.46082474146682756
6000,0.0029363626805239797,HOG8-ML06-H2-GPS-Spray-Specialist-Refiner,Refiner,0.1381464539561256
6003,0.0029248609917145443,HOG8-ML04-H2-GPS-Sniper-Specialist-Refiner,Refiner,0.39169850801206146
6013,0.002922469539069995,HOG8-ML04-H2-GPS-Sniper-Specialist-Refiner,Refiner,0.08176295048974651
6022,0.002916741933118065,HOG8-ML04-H2-GPS-Sniper-Specialist-Refiner,Refiner,0.1959851377527938
6034,0.002896254551699546,HOG8-ML04-H2-GPS-Sniper-Specialist-Exploiter,Exploiter,0.7024063797312949
6042,0.0028926557879497636,HOG8-ML04-H2-GPS-Sniper-Specialist-Refiner,Refiner,0.1242557822712938
6054,0.0028843929617913843,HOG8-ML04-H2-GPS-Sniper-Specialist-Refiner,Refiner,0.2856484408826184
6061,0.002883016045343691,HOG8-ML04-H2-GPS-Sniper-Specialist-Polisher,Polisher,0.04773678434016747
6079,0.0028806565734164325,HOG8-ML04-H2-GPS-Sniper-Specialist-Refiner,Refiner,0.08184040220897325
6083,0.002878651459925978,HOG8-ML04-H2-GPS-Sniper-Specialist-Refiner,Refiner,0.06960612760849298
6098,0.0028763479553757325,HOG8-ML04-H2-GPS-Sniper-Specialist-Refiner,Refiner,0.08002026581934678
6103,0.002873571125774765,HOG8-ML04-H2-GPS-Sniper-Specialist-Refiner,Refiner,0.09654011420203706
6114,0.002851658833263751,HOG8-ML04-H2-GPS-Sniper-Specialist-Exploiter,Exploiter,0.7625456810332465
6124,0.002841422882612821,HOG8-ML04-H2-GPS-Sniper-Specialist-Refiner,Refiner,0.35894723911326815
6134,0.0028362694301857505,HOG8-ML04-H2-GPS-Sniper-Specialist-Refiner,Refiner,0.1813687240503857
6149,0.002825054701953605,HOG8-ML04-H2-GPS-Sniper-Specialist-Refiner,Refiner,0.3954041923094369
6152,0.00282486679212345,HOG8-ML04-H2-GPS-Sniper-Specialist-Polisher,Polisher,0.006651546606347063
6163,0.0028231139723868333,HOG8-ML04-H2-GPS-Sniper-Specialist-Refiner,Refiner,0.06204964218149667
6173,0.0028183337928122843,HOG8-ML04-H2-GPS-Sniper-Specialist-Refiner,Refiner,0.16932293989206487
6184,0.0028155087567665604,HOG8-ML04-H2-GPS-Sniper-Specialist-Refiner,Refiner,0.10023780905330103
6199,0.002792568599164487,HOG8-ML04-H2-GPS-Sniper-Specialist-Exploiter,Exploiter,0.8147784142720488
6209,0.002791095668909873,HOG8-ML04-H2-GPS-Sniper-Specialist-Refiner,Refiner,0.05274464000829457
6219,0.0027818174365770373,HOG8-ML04-H2-GPS-Sniper-Specialist-Refiner,Refiner,0.33242258358201227
6225,0.0027815797582615032,HOG8-ML04-H2-GPS-Sniper-Specialist-Polisher,Polisher,0.008543994023797682
6238,0.0027711945395147517,HOG8-ML04-H2-GPS-Sniper-Specialist-Refiner,Refiner,0.3733568565095656
6249,0.0027692193884382146,HOG8-ML04-H2-GPS-Sniper-Specialist-Refiner,Refiner,0.07127435654095107
6261,0.0027644249835543796,HOG8-ML04-H2-GPS-Sniper-Specialist-Refiner,Refiner,0.17313199899770246
6270,0.0027621229067260576,HOG8-ML04-H2-GPS-Sniper-Specialist-Refiner,Refiner,0.08327506957204668
6279,0.0027558480809406123,HOG8-ML04-H2-GPS-Sniper-Specialist-Refiner,Refiner,0.22717402510096493
6289,0.00274936484778897,HOG8-ML04-H2-GPS-Sniper-Specialist-Refiner,Refiner,0.23525364828635748
6299,0.002736216581553654,HOG8-ML04-H2-GPS-Sniper-Specialist-Refiner,Refiner,0.47822922613889735
6309,0.0027262697921578106,HOG8-ML04-H2-GPS-Sniper-Specialist-Refiner,Refiner,0.3635234675098463
6319,0.0027177124268831826,HOG8-ML04-H2-GPS-Sniper-Specialist-Refiner,Refiner,0.31388548922206805
6341,0.0027173336693058557,HOG8-ML04-H2-GPS-Sniper-Specialist-Polisher,Polisher,0.013936631910731707
6349,0.0026987326233690575,HOG8-ML04-H2-GPS-Sniper-Specialist-Exploiter,Exploiter,0.6845330092108226
6361,0.0026921483605573003,HOG8-ML04-H2-GPS-Sniper-Specialist-Refiner,Refiner,0.24397610770115816
6374,0.0026650251334842633,HOG8-ML04-H2-GPS-Sniper-Specialist-Exploiter,Exploiter,1.0074937722756947
6382,0.002664176210737703,HOG8-ML04-H2-GPS-Sniper-Specialist-Polisher,Polisher,0.03185421165053608
6399,0.002658942827765866,HOG8-ML04-H2-GPS-Sniper-Specialist-Refiner,Refiner,0.19643531650589208
6403,0.0026531843788307244,HOG8-ML04-H2-GPS-Sniper-Specialist-Refiner,Refiner,0.2165691144243186
6418,0.0026505025043625768,HOG8-ML04-H2-GPS-Sniper-Specialist-Refiner,Refiner,0.10108134547850724
6426,0.0026473251583609015,HOG8-ML04-H2-GPS-Sniper-Specialist-Refiner,Refiner,0.11987711750679492
6441,0.002639089989867163,HOG8-ML04-H2-GPS-Sniper-Specialist-Refiner,Refiner,0.31107506638275667
6459,0.0026305143825750017,HOG8-ML04-H2-GPS-Sniper-Specialist-Refiner,Refiner,0.3249456185688045
6469,0.0026269065944624173,HOG8-ML04-H2-GPS-Sniper-Specialist-Refiner,Refiner,0.13715143078034592
6484,0.002613531872795638,HOG8-ML04-H2-GPS-Sniper-Specialist-Exploiter,Exploiter,0.5091434044504494
6503,0.0025959887474207785,HOG8-ML04-H2-GPS-Sniper-Specialist-Exploiter,Exploiter,0.6712420673903602
6512,0.002589051871847895,HOG8-ML04-H2-GPS-Sniper-Specialist-Refiner,Refiner,0.2672151633852697
6521,0.002580543035286287,HOG8-ML04-H2-GPS-Sniper-Specialist-Refiner,Refiner,0.32864681677986823
6534,0.002578391597371391,HOG8-ML04-H2-GPS-Sniper-Specialist-Refiner,Refiner,0.08337151853224772
6549,0.002574774201879219,HOG8-ML04-H2-GPS-Sniper-Specialist-Refiner,Refiner,0.1402965901634134
6558,0.0025737351019629877,HOG8-ML04-H2-GPS-Sniper-Specialist-Polisher,Polisher,0.04035693364772327
6564,0.002572176812543246,HOG8-ML04-H2-GPS-Sniper-Specialist-Refiner,Refiner,0.060545835449544345
6580,0.0025693603025510685,HOG8-ML04-H2-GPS-Sniper-Specialist-Refiner,Refiner,0.1094990818066145
6584,0.002569091187291371,HOG8-ML04-H2-GPS-Sniper-Specialist-Polisher,Polisher,0.01047401796588086
6593,0.0025517954335277392,HOG8-ML04-H2-GPS-Sniper-Specialist-Exploiter,Exploiter,0.6732245958878179
6609,0.002550952862795917,HOG8-ML04-H2-GPS-Sniper-Specialist-Polisher,Polisher,0.033018741265527736
6615,0.0025504171627854016,HOG8-ML04-H2-GPS-Sniper-Specialist-Polisher,Polisher,0.020999996445579743
6629,0.0025475354732933755,HOG8-ML04-H2-GPS-Sniper-Specialist-Refiner,Refiner,0.11298894683091484
6634,0.0025333034292791745,HOG8-ML04-H2-GPS-Sniper-Specialist-Exploiter,Exploiter,0.5586593067456785
6648,0.002532435791712361,HOG8-ML04-H2-GPS-Sniper-Specialist-Polisher,Polisher,0.034249255607739774
6659,0.002525656772974414,HOG8-ML04-H2-GPS-Sniper-Specialist-Refiner,Refiner,0.2676876847236209
6669,0.002525328046715923,HOG8-ML04-H2-GPS-Sniper-Specialist-Polisher,Polisher,0.013015476291486448
6679,0.002523981858133874,HOG8-ML04-H2-GPS-Sniper-Specialist-Refiner,Refiner,0.053307473609207574
6689,0.0025210709855694948,HOG8-ML04-H2-GPS-Sniper-Specialist-Refiner,Refiner,0.11532858506881265
6700,0.0025132262162778727,HOG8-ML04-H2-GPS-Sniper-Specialist-Refiner,Refiner,0.31116812404431277
6705,0.0025103414519109897,HOG8-ML04-H2-GPS-Sniper-Specialist-Refiner,Refiner,0.11478331509510553
6716,0.0024966501151243428,HOG8-ML04-H2-GPS-Sniper-Specialist-Exploiter,Exploiter,0.5453973911088628
6731,0.0024934532191173333,HOG8-ML04-H2-GPS-Sniper-Specialist-Refiner,Refiner,0.12804741792384755
6751,0.0024875173961196075,HOG8-ML04-H2-GPS-Sniper-Specialist-Refiner,Refiner,0.23805632093739795
6758,0.0024821942981622692,HOG8-ML04-H2-GPS-Sniper-Specialist-Refiner,Refiner,0.21399239119460844
6773,0.0024798024047039775,HOG8-ML04-H2-GPS-Sniper-Specialist-Refiner,Refiner,0.09636205594633046
6781,0.002475938795707875,HOG8-ML04-H2-GPS-Sniper-Specialist-Refiner,Refiner,0.1558030990200477
6799,0.0024721723097807426,HOG8-ML04-H2-GPS-Sniper-Specialist-Refiner,Refiner,0.15212354738581305
6809,0.002468479419762161,HOG8-ML04-H2-GPS-Sniper-Specialist-Refiner,Refiner,0.14937834243879808
6819,0.0024668340006848742,HOG8-ML06-H1-GPS-Spray-Specialist-Refiner,Refiner,0.06665719244463071
6821,0.002461748632764991,HOG8-ML04-H2-GPS-Sniper-Specialist-Refiner,Refiner,0.20614957952060095
6831,0.002456372600358278,HOG8-ML04-H2-GPS-Sniper-Specialist-Refiner,Refiner,0.2183826705602749
6844,0.0024544646116330805,HOG8-ML04-H2-GPS-Sniper-Specialist-Refiner,Refiner,0.07767505324392233
6859,0.002429705343152531,HOG8-ML04-H2-GPS-Sniper-Specialist-Exploiter,Exploiter,1.0087441620955329
6872,0.0024233585302512093,HOG8-ML04-H2-GPS-Sniper-Specialist-Refiner,Refiner,0.2612173907922009
6882,0.0024187524661486363,HOG8-ML04-H2-GPS-Sniper-Specialist-Refiner,Refiner,0.19006944474268464
6893,0.0024135294431257047,HOG8-ML04-H2-GPS-Sniper-Specialist-Refiner,Refiner,0.21593871617826949
6894,0.0024087265029958047,HOG8-ML04-H2-GPS-Sniper-Specialist-Refiner,Refiner,0.19900068522387288
6908,0.0024080404731190953,HOG8-ML04-H2-GPS-Sniper-Specialist-Polisher,Polisher,0.028481019985295963
6921,0.0024039586486894506,HOG8-ML04-H2-GPS-Sniper-Specialist-Refiner,Refiner,0.16950813224321024
6938,0.002390421574195139,HOG8-ML04-H2-GPS-Sniper-Specialist-Exploiter,Exploiter,0.5631159463450562
6948,0.002362281753845641,HOG8-ML04-H2-GPS-Sniper-Specialist-Exploiter,Exploiter,1.1771906952844957
6969,0.0023545899013168647,HOG8-ML04-H2-GPS-Sniper-Specialist-Refiner,Refiner,0.3256111391562097
6978,0.0023496969330859684,HOG8-ML04-H2-GPS-Sniper-Specialist-Refiner,Refiner,0.2078055387972153
6989,0.0023465223789053656,HOG8-ML04-H2-GPS-Sniper-Specialist-Refiner,Refiner,0.13510483568761678
7000,0.002338602038726271,HOG8-ML04-H2-GPS-Sniper-Specialist-Refiner,Refiner,0.3375352500490339
7008,0.0023134450279965633,HOG8-ML04-H2-GPS-Sniper-Specialist-Exploiter,Exploiter,1.0757285896923874
7019,0.00231269641625969,HOG8-ML04-H2-GPS-Sniper-Specialist-Polisher,Polisher,0.032359175507263305
7028,0.0023068725557289097,HOG8-ML04-H2-GPS-Sniper-Specialist-Refiner,Refiner,0.2518212286677497
7042,0.0023003935227071844,HOG8-ML04-H2-GPS-Sniper-Specialist-Refiner,Refiner,0.28085786558235415
7053,0.0022858358307940156,HOG8-ML04-H2-GPS-Sniper-Specialist-Exploiter,Exploiter,0.6328348506231574
7069,0.0022831701007115495,HOG8-ML04-H2-GPS-Sniper-Specialist-Refiner,Refiner,0.11661948975312368
7079,0.002281530257053698,HOG8-ML04-H2-GPS-Sniper-Specialist-Refiner,Refiner,0.07182310496008666
7090,0.0022756543153545044,HOG8-ML04-H2-GPS-Sniper-Specialist-Refiner,Refiner,0.2575438866535879
7102,0.002267080401929312,HOG8-ML04-H2-GPS-Sniper-Specialist-Refiner,Refiner,0.37676695301837176
7112,0.0022637764278342033,HOG8-ML04-H2-GPS-Sniper-Specialist-Refiner,Refiner,0.14573696161358812
7131,0.0022570369831642653,HOG8-ML04-H2-GPS-Sniper-Specialist-Refiner,Refiner,0.2977080504538047
7141,0.002243076792061094,HOG8-ML04-H2-GPS-Sniper-Specialist-Exploiter,Exploiter,0.6185184916021997
7152,0.0022416198127854677,HOG8-ML04-H2-GPS-Sniper-Specialist-Refiner,Refiner,0.06495449824914233
7162,0.0022389392556565464,HOG8-ML04-H2-GPS-Sniper-Specialist-Refiner,Refiner,0.11958125609134204
7169,0.0022340497154085303,HOG8-ML04-H2-GPS-Sniper-Specialist-Refiner,Refiner,0.21838646294949743
7184,0.002220164668677153,HOG8-ML04-H2-GPS-Sniper-Specialist-Exploiter,Exploiter,0.6215191468484529
7191,0.0022190008922768475,HOG8-ML04-H2-GPS-Sniper-Specialist-Refiner,Refiner,0.05241847222975492
7201,0.0022146361744270877,HOG8-ML04-H2-GPS-Sniper-Specialist-Refiner,Refiner,0.196697435541874
7211,0.002208056045317416,HOG8-ML04-H2-GPS-Sniper-Specialist-Refiner,Refiner,0.2971200951945947
7224,0.0022042645094899936,HOG8-ML04-H2-GPS-Sniper-Specialist-Refiner,Refiner,0.1717137495428594
7238,0.0021973755409773667,HOG8-ML04-H2-GPS-Sniper-Specialist-Refiner,Refiner,0.31252912175321557
7252,0.0021837221695629005,HOG8-ML04-H2-GPS-Sniper-Specialist-Exploiter,Exploiter,0.6213490211324257
7264,0.0021762474353402925,HOG8-ML04-H2-GPS-Sniper-Specialist-Refiner,Refiner,0.3422932791905555
7274,0.0021707409030215443,HOG8-ML04-H2-GPS-Sniper-Specialist-Refiner,Refiner,0.2530287792337935
7289,0.002162994289844773,HOG8-ML04-H2-GPS-Sniper-Specialist-Refiner,Refiner,0.3568649379568312
7296,0.002147086928290935,HOG8-ML04-H2-GPS-Sniper-Specialist-Exploiter,Exploiter,0.7354324340347461
7305,0.002145948404426325,HOG8-ML04-H2-GPS-Sniper-Specialist-Refiner,Refiner,0.05302644478937275
7318,0.002144525460531829,HOG8-ML04-H2-GPS-Sniper-Specialist-Refiner,Refiner,0.06630839266969393
7329,0.002142723986263386,HOG8-ML04-H2-GPS-Sniper-Specialist-Refiner,Refiner,0.08400339849525339
7335,0.00213989489803992,HOG8-ML04-H2-GPS-Sniper-Specialist-Refiner,Refiner,0.13203232154971098
7346,0.002137565183887676,HOG8-ML04-H2-GPS-Sniper-Specialist-Refiner,Refiner,0.10887049426483206
7354,0.002133059385668927,HOG8-ML04-H2-GPS-Sniper-Specialist-Refiner,Refiner,0.21079114932786133
7364,0.0021279576629848664,HOG8-ML04-H2-GPS-Sniper-Specialist-Refiner,Refiner,0.2391739638538322
7380,0.0021262357428242047,HOG8-ML04-H2-GPS-Sniper-Specialist-Refiner,Refiner,0.08091891068201147
7388,0.002121179395868718,HOG8-ML04-H2-GPS-Sniper-Specialist-Refiner,Refiner,0.23780744785949992
7395,0.0021194185973567674,HOG8-ML04-H2-GPS-Sniper-Specialist-Refiner,Refiner,0.08301035336190422
7418,0.0021179820336006674,HOG8-ML04-H2-GPS-Sniper-Specialist-Refiner,Refiner,0.06778103003774863
7429,0.002112020735887429,HOG8-ML04-H2-GPS-Sniper-Specialist-Refiner,Refiner,0.28146120310113154
7438,0.0021118996207535427,HOG8-ML04-H2-GPS-Sniper-Specialist-Polisher,Polisher,0.0057345617790792
7453,0.0021069398088812085,HOG8-ML04-H2-GPS-Sniper-Specialist-Refiner,Refiner,0.23485073928677272
7471,0.0021049494092359707,HOG8-ML04-H2-GPS-Sniper-Specialist-Refiner,Refiner,0.09446874736752492
7494,0.0020956653679916433,HOG8-ML04-H2-GPS-Sniper-Specialist-Refiner,Refiner,0.4410576902034542
7524,0.002094627161626817,HOG8-ML04-H2-GPS-Sniper-Specialist-Polisher,Polisher,0.0495406557117133
7536,0.002090830933036713,HOG8-ML04-H2-GPS-Sniper-Specialist-Refiner,Refiner,0.1812364825420965
7559,0.0020862863446811583,HOG8-ML04-H2-GPS-Sniper-Specialist-Refiner,Refiner,0.21735800268433297
7574,0.0020845867500171597,HOG8-ML04-H2-GPS-Sniper-Specialist-Refiner,Refiner,0.0814650715771384
7589,0.002080758764868143,HOG8-ML04-H2-GPS-Sniper-Specialist-Refiner,Refiner,0.18363280630970094
7599,0.002076694565061016,HOG8-ML04-H2-GPS-Sniper-Specialist-Refiner,Refiner,0.19532296947382036
7618,0.0020726372594917727,HOG8-ML04-H2-GPS-Sniper-Specialist-Refiner,Refiner,0.1953732454210904
7628,0.0020714707782816194,HOG8-ML04-H2-GPS-Sniper-Specialist-Refiner,Refiner,0.05628004634246901
7638,0.0020681516715850418,HOG8-ML04-H2-GPS-Sniper-Specialist-Refiner,Refiner,0.16022947228495454
7644,0.002067529574803757,HOG8-ML04-H2-GPS-Sniper-Specialist-Polisher,Polisher,0.030079843264496496
7660,0.0020590974815213685,HOG8-ML04-H2-GPS-Sniper-Specialist-Refiner,Refiner,0.4078342281120079
7671,0.0020588409755749808,HOG8-ML04-H2-GPS-Sniper-Specialist-Polisher,Polisher,0.01245720266717328
7680,0.002055050178736935,HOG8-ML04-H2-GPS-Sniper-Specialist-Refiner,Refiner,0.18412285761832606
7698,0.002054773670605416,HOG8-ML04-H2-GPS-Sniper-Specialist-Polisher,Polisher,0.013455054985033075
7710,0.002048843197604816,HOG8-ML04-H2-GPS-Sniper-Specialist-Refiner,Refiner,0.28861928130764025
7724,0.0020479497764726803,HOG8-ML04-H2-GPS-Sniper-Specialist-Polisher,Polisher,0.04360612530915961
7742,0.0020452206892562722,HOG8-ML04-H2-GPS-Sniper-Specialist-Refiner,Refiner,0.13325947968844015
7762,0.0020425442616148573,HOG8-ML04-H2-GPS-Sniper-Specialist-Refiner,Refiner,0.13086253505426004
7774,0.002041688918467665,HOG8-ML04-H2-GPS-Sniper-Specialist-Polisher,Polisher,0.041876357994610494
7781,0.0020415855961029034,HOG8-ML04-H2-GPS-Sniper-Specialist-Polisher,Polisher,0.005060632098604034
7794,0.0020345327721518645,HOG8-ML04-H2-GPS-Sniper-Specialist-Refiner,Refiner,0.3454581558814756
7801,0.0020344161695783135,HOG8-ML04-H2-GPS-Sniper-Specialist-Polisher,Polisher,0.0057311720482986755
7813,0.002006507036698327,HOG8-ML04-H2-GPS-Sniper-Specialist-Exploiter,Exploiter,1.3718497374001624
7829,0.002003718053514291,HOG8-ML04-H2-GPS-Sniper-Specialist-Refiner,Refiner,0.13899693013911585
7842,0.002001321502497596,HOG8-ML04-H2-GPS-Sniper-Specialist-Refiner,Refiner,0.1196052015647444
7853,0.001998243489064306,HOG8-ML04-H2-GPS-Sniper-Specialist-Refiner,Refiner,0.1537990487509828
7864,0.001997572139129834,HOG8-ML04-H2-GPS-Sniper-Specialist-Polisher,Polisher,0.033597003475598505
7879,0.001990591973965055,HOG8-ML04-H2-GPS-Sniper-Specialist-Refiner,Refiner,0.34943244491882924
7890,0.0019902895329358505,HOG8-ML04-H2-GPS-Sniper-Specialist-Polisher,Polisher,0.015193521985434607
7900,0.001989289916371988,HOG8-ML04-H2-GPS-Sniper-Specialist-Refiner,Refiner,0.050224680747236274
7910,0.0019876527125877257,HOG8-ML04-H2-GPS-Sniper-Specialist-Refiner,Refiner,0.08230091404916992
7915,0.0019857359007102045,HOG8-ML04-H2-GPS-Sniper-Specialist-Refiner,Refiner,0.09643595510332824
7930,0.0019786191968364014,HOG8-ML04-H2-GPS-Sniper-Specialist-Refiner,Refiner,0.35839125793404025
7943,0.0019777545198937886,HOG8-ML04-H2-GPS-Sniper-Specialist-Polisher,Polisher,0.0437010286767321
7983,0.0019771284470128936,HOG8-ML04-H2-GPS-Sniper-Specialist-Polisher,Polisher,0.03165574264133732
8001,0.001968937896866743,HOG8-ML04-H2-GPS-Sniper-Specialist-Refiner,Refiner,0.4142649486696388
8014,0.001967408006856042,HOG8-ML04-H2-GPS-Sniper-Specialist-Refiner,Refiner,0.07770128317075158
8028,0.001967402742888535,HOG8-ML04-H2-GPS-Sniper-Specialist-Polisher,Polisher,0.00026755850788281354
8033,0.0019671872109755933,HOG8-ML04-H2-GPS-Sniper-Specialist-Polisher,Polisher,0.010955149560543198
8049,0.0019649867738293675,HOG8-ML04-H2-GPS-Sniper-Specialist-Refiner,Refiner,0.11185702783898117
8056,0.0019648928625519324,HOG8-ML04-H2-GPS-Sniper-Specialist-Polisher,Polisher,0.004779232037886068
8070,0.001959626613040029,HOG8-ML04-H2-GPS-Sniper-Specialist-Refiner,Refiner,0.2680171327542005
8077,0.0019584785959467594,HOG8-ML04-H2-GPS-Sniper-Specialist-Refiner,Refiner,0.058583461034365875
8100,0.001956362924940249,HOG8-ML04-H2-GPS-Sniper-Specialist-Refiner,Refiner,0.10802625113641363
8111,0.0019494565212029948,HOG8-ML04-H2-GPS-Sniper-Specialist-Refiner,Refiner,0.3530226242385556
8122,0.0019465948653476536,HOG8-ML04-H2-GPS-Sniper-Specialist-Refiner,Refiner,0.146792494432003
8139,0.0019461699178199465,HOG8-ML04-H2-GPS-Sniper-Specialist-Polisher,Polisher,0.02183030148038434
8150,0.0019374431572603886,HOG8-ML04-H2-GPS-Sniper-Specialist-Refiner,Refiner,0.4484069186175413
8159,0.0019366653461484929,HOG8-ML04-H2-GPS-Sniper-Specialist-Polisher,Polisher,0.040146267464981115
8169,0.001935527035963076,HOG8-ML04-H2-GPS-Sniper-Specialist-Refiner,Refiner,0.058776813850702804
8181,0.0019333816821432764,HOG8-ML04-H2-GPS-Sniper-Specialist-Refiner,Refiner,0.11084080872743812
8190,0.0019326385572934588,HOG8-ML04-H2-GPS-Sniper-Specialist-Polisher,Polisher,0.038436531010982114
8202,0.0019299276914875848,HOG8-ML04-H2-GPS-Sniper-Specialist-Refiner,Refiner,0.14026760439212163
8220,0.0019258660562974138,HOG8-ML04-H2-GPS-Sniper-Specialist-Refiner,Refiner,0.2104553040036563
8234,0.0019238504243410507,HOG8-ML04-H2-GPS-Sniper-Specialist-Refiner,Refiner,0.10466106662880978
8251,0.0019135580812141592,HOG8-ML04-H2-GPS-Sniper-Specialist-Exploiter,Exploiter,0.5349866599123393
8279,0.0019135568845112085,HOG8-ML04-H2-GPS-Sniper-Specialist-Polisher,Polisher,6.253810440656522E-05
8291,0.0019135361609631612,HOG8-ML04-H2-GPS-Sniper-Specialist-Polisher,Polisher,0.001082985732750046
8299,0.001910797983468371,HOG8-ML04-H2-GPS-Sniper-Specialist-Refiner,Refiner,0.14309515287194027
8319,0.0019097683664858161,HOG8-ML04-H2-GPS-Sniper-Specialist-Refiner,Refiner,0.05388413591927889
8330,0.0019092348092991577,HOG8-ML04-H2-GPS-Sniper-Specialist-Polisher,Polisher,0.027938319432958506
8339,0.0019079916539787752,HOG8-ML04-H2-GPS-Sniper-Specialist-Refiner,Refiner,0.06511275168081214
8350,0.0019071600974772036,HOG8-ML04-H2-GPS-Sniper-Specialist-Polisher,Polisher,0.04358281650957473
8360,0.0019060231491034622,HOG8-ML04-H2-GPS-Sniper-Specialist-Refiner,Refiner,0.05961473162349425
8368,0.0019057217926079697,HOG8-ML04-H2-GPS-Sniper-Specialist-Polisher,Polisher,0.015810746875463765
8378,0.001903307943318215,HOG8-ML04-H2-GPS-Sniper-Specialist-Refiner,Refiner,0.12666325688868996
8389,0.0019024979786175294,HOG8-ML04-H2-GPS-Sniper-Specialist-Polisher,Polisher,0.0425556307653192
8401,0.0018992075840927464,HOG8-ML04-H2-GPS-Sniper-Specialist-Refiner,Refiner,0.17295127573139635
8431,0.0018991712089143288,HOG8-ML04-H2-GPS-Sniper-Specialist-Polisher,Polisher,0.0019152818639844877
8438,0.0018941081665008112,HOG8-ML04-H1-GPS-Sniper-Specialist-Refiner,Refiner,0.2665922055764483
8441,0.0018939133135754504,HOG8-ML04-H2-GPS-Sniper-Specialist-Polisher,Polisher,0.010287317736492106
8451,0.001891586245048462,HOG8-ML04-H2-GPS-Sniper-Specialist-Refiner,Refiner,0.12287091021052332
8470,0.001877174598230683,HOG8-ML04-H2-GPS-Sniper-Specialist-Exploiter,Exploiter,0.7618815613353006
8499,0.0018743069386945952,HOG8-ML04-H2-GPS-Sniper-Specialist-Refiner,Refiner,0.15276466764416452
8505,0.0018717411552158093,HOG8-ML04-H2-GPS-Sniper-Specialist-Refiner,Refiner,0.13689238543676935
8520,0.0018703015357402692,HOG8-ML04-H2-GPS-Sniper-Specialist-Refiner,Refiner,0.07691338471286129
8529,0.0018699042763039423,HOG8-ML04-H2-GPS-Sniper-Specialist-Polisher,Polisher,0.02124039513070496
8542,0.001864285900360582,HOG8-ML04-H2-GPS-Sniper-Specialist-Refiner,Refiner,0.3004632918678441
8550,0.0018625703782143746,HOG8-ML04-H2-GPS-Sniper-Specialist-Refiner,Refiner,0.09202033582271611
8561,0.0018562653413377506,HOG8-ML04-H2-GPS-Sniper-Specialist-Refiner,Refiner,0.3385126785205599
8574,0.0018511223630932492,HOG8-ML04-H2-GPS-Sniper-Specialist-Refiner,Refiner,0.2770605112303044
8591,0.0018509884059336036,HOG8-ML04-H2-GPS-Sniper-Specialist-Polisher,Polisher,0.007236537266060923
8598,0.0018471349821935553,HOG8-ML04-H2-GPS-Sniper-Specialist-Refiner,Refiner,0.2081819490438528
8608,0.0018468627052069084,HOG8-ML04-H2-GPS-Sniper-Specialist-Polisher,Polisher,0.01474050295574762
8631,0.0018438914681546117,HOG8-ML04-H2-GPS-Sniper-Specialist-Refiner,Refiner,0.16088023456858988
8640,0.001842363142918955,HOG8-ML04-H2-GPS-Sniper-Specialist-Refiner,Refiner,0.08288585646455217
8653,0.0018423629582833053,HOG8-ML04-H2-GPS-Sniper-Specialist-Polisher,Polisher,1.0021675170875249E-05
8684,0.001833871729567953,HOG8-ML04-H2-GPS-Sniper-Specialist-Refiner,Refiner,0.4608879416064825
8700,0.001831795881811613,HOG8-ML04-H2-GPS-Sniper-Specialist-Refiner,Refiner,0.11319481743846097
8712,0.0018282892868861124,HOG8-ML04-H2-GPS-Sniper-Specialist-Refiner,Refiner,0.19142934866917266
8720,0.0018278690076135463,HOG8-ML04-H2-GPS-Sniper-Specialist-Polisher,Polisher,0.022987569613883433
8734,0.001824000101555868,HOG8-ML04-H2-GPS-Sniper-Specialist-Refiner,Refiner,0.21166210716212697
8743,0.0018212836114569109,HOG8-ML04-H2-GPS-Sniper-Specialist-Refiner,Refiner,0.14893036994021897
8754,0.0018198912008582273,HOG8-ML04-H2-GPS-Sniper-Specialist-Refiner,Refiner,0.07645215659573756
8769,0.0018153895887526,HOG8-ML04-H2-GPS-Sniper-Specialist-Refiner,Refiner,0.24735611137107785
8781,0.0018117020811331114,HOG8-ML04-H1-GPS-Sniper-Specialist-Refiner,Refiner,0.20312486324339735
8789,0.0018016333050554893,HOG8-ML04-H2-GPS-Sniper-Specialist-Exploiter,Exploiter,0.5557633444525649
8808,0.0018015909008215175,HOG8-ML04-H2-GPS-Sniper-Specialist-Polisher,Polisher,0.002353655089125995
8818,0.0017970286051182745,HOG8-ML04-H2-GPS-Sniper-Specialist-Refiner,Refiner,0.2532370529381889
8873,0.0017931963571522682,HOG8-ML04-H2-GPS-Sniper-Specialist-Refiner,Refiner,0.21325470029198915
8895,0.0017848096166696425,HOG8-ML04-H2-GPS-Sniper-Specialist-Refiner,Refiner,0.46769783181717484
8919,0.0017782956527996447,HOG8-ML04-H1-GPS-Sniper-Specialist-Refiner,Refiner,0.36496687429063157
8929,0.00177741378376869,HOG8-ML04-H2-GPS-Sniper-Specialist-Polisher,Polisher,0.049590686991016306
8941,0.0017685462495297946,HOG8-ML04-H1-GPS-Sniper-Specialist-Refiner,Refiner,0.4989009492259791
8984,0.001766147818338834,HOG8-ML04-H1-GPS-Sniper-Specialist-Refiner,Refiner,0.13561597224829386
8991,0.001765402619955829,HOG8-ML04-H1-GPS-Sniper-Specialist-Polisher,Polisher,0.04219343224090576
9002,0.0017602620844010314,HOG8-ML04-H1-GPS-Sniper-Specialist-Refiner,Refiner,0.29118205086419463
9010,0.0017566021499051824,HOG8-ML04-H1-GPS-Sniper-Specialist-Refiner,Refiner,0.20791986195023857
9022,0.0017560508076869103,HOG8-ML04-H1-GPS-Sniper-Specialist-Polisher,Polisher,0.03138685776411125
9030,0.0017558272875329156,HOG8-ML04-H1-GPS-Sniper-Specialist-Polisher,Polisher,0.01272856986917723
9047,0.001752055261168774,HOG8-ML04-H1-GPS-Sniper-Specialist-Refiner,Refiner,0.2148290091471095
9069,0.0017504471401932973,HOG8-ML04-H1-GPS-Sniper-Specialist-Refiner,Refiner,0.09178483185536086
9080,0.00174861497890108,HOG8-ML04-H1-GPS-Sniper-Specialist-Refiner,Refiner,0.10466818735325518
9088,0.0017408258726026226,HOG8-ML04-H1-GPS-Sniper-Specialist-Refiner,Refiner,0.4454443312245067
9099,0.0017387669599939052,HOG8-ML04-H1-GPS-Sniper-Specialist-Refiner,Refiner,0.11827217420885666
9112,0.0017189710184862949,HOG8-ML04-H1-GPS-Sniper-Specialist-Exploiter,Exploiter,1.1385045818721866
9159,0.0017152657605179586,HOG8-ML04-H1-GPS-Sniper-Specialist-Refiner,Refiner,0.21555092718195246
9169,0.001701132099333248,HOG8-ML04-H1-GPS-Sniper-Specialist-Exploiter,Exploiter,0.8239924978414257
9178,0.001698964652609197,HOG8-ML04-H1-GPS-Sniper-Specialist-Refiner,Refiner,0.12741201726194396
9191,0.0016972532798952115,HOG8-ML04-H1-GPS-Sniper-Specialist-Refiner,Refiner,0.10073033075510038
9209,0.0016948303907620818,HOG8-ML04-H1-GPS-Sniper-Specialist-Refiner,Refiner,0.14275353960602233
9221,0.0016937855589743626,HOG8-ML04-H1-GPS-Sniper-Specialist-Refiner,Refiner,0.06164816216502721
9232,0.0016935782914945096,HOG8-ML04-H1-GPS-Sniper-Specialist-Polisher,Polisher,0.012236937477407622
9252,0.0016916616465791168,HOG8-ML04-H1-GPS-Sniper-Specialist-Refiner,Refiner,0.11317132045318443
9263,0.0016861978468977329,HOG8-ML04-H1-GPS-Sniper-Specialist-Refiner,Refiner,0.3229841908654003
9272,0.0016860590923959053,HOG8-ML04-H1-GPS-Sniper-Specialist-Polisher,Polisher,0.008228838750021956
9281,0.0016852517300994705,HOG8-ML04-H1-GPS-Sniper-Specialist-Polisher,Polisher,0.04788457890212942
9295,0.0016845868844643827,HOG8-ML04-H1-GPS-Sniper-Specialist-Polisher,Polisher,0.039450820504339915
9302,0.001682009127591609,HOG8-ML04-H1-GPS-Sniper-Specialist-Refiner,Refiner,0.15302012003929238
9313,0.0016818642015095121,HOG8-ML04-H1-GPS-Sniper-Specialist-Polisher,Polisher,0.008616248254518732
9324,0.0016781114288425896,HOG8-ML04-H1-GPS-Sniper-Specialist-Refiner,Refiner,0.2231317286826314
9344,0.0016780408474959577,HOG8-ML04-H1-GPS-Sniper-Specialist-Polisher,Polisher,0.004205998804296134
9358,0.0016728199009206873,HOG8-ML04-H1-GPS-Sniper-Specialist-Refiner,Refiner,0.3111334615639032
9402,0.0016717940631848323,HOG8-ML04-H1-GPS-Sniper-Specialist-Refiner,Refiner,0.061323860105350354
9421,0.0016704774182729177,HOG8-ML04-H1-GPS-Sniper-Specialist-Refiner,Refiner,0.07875640552319671
9432,0.001666273506307088,HOG8-ML04-H1-GPS-Sniper-Specialist-Refiner,Refiner,0.25165931127497504
9464,0.0016658454179992498,HOG8-ML04-H1-GPS-Sniper-Specialist-Polisher,Polisher,0.025691358964653504
9491,0.0016658416778752723,HOG8-ML04-H1-GPS-Sniper-Specialist-Polisher,Polisher,0.0002245180697464687
9508,0.0016654234940524106,HOG8-ML04-H1-GPS-Sniper-Specialist-Polisher,Polisher,0.025103455413309127
9518,0.0016646131670001042,HOG8-ML04-H1-GPS-Sniper-Specialist-Polisher,Polisher,0.04865591575958157
9529,0.001663935291341441,HOG8-ML04-H1-GPS-Sniper-Specialist-Polisher,Polisher,0.04072271396751992
9549,0.0016635538184393882,HOG8-ML04-H1-GPS-Sniper-Specialist-Polisher,Polisher,0.022925945740672485
9570,0.001662254069252921,HOG8-ML04-H1-GPS-Sniper-Specialist-Refiner,Refiner,0.07813087692506909
9589,0.0016615608194788935,HOG8-ML04-H1-GPS-Sniper-Specialist-Polisher,Polisher,0.04170540393618444
9602,0.001660358321890879,HOG8-ML04-H1-GPS-Sniper-Specialist-Refiner,Refiner,0.07237156617544734
9621,0.0016552282256051126,HOG8-ML04-H1-GPS-Sniper-Specialist-Refiner,Refiner,0.30897525059072867
9639,0.0016552274432083342,HOG8-ML04-H1-GPS-Sniper-Specialist-Polisher,Polisher,4.726821149725096E-05
9654,0.0016545324596902835,HOG8-ML04-H1-GPS-Sniper-Specialist-Polisher,Polisher,0.041987191603326375
9665,0.0016538403752395744,HOG8-ML04-H1-GPS-Sniper-Specialist-Polisher,Polisher,0.04182960851905073
9674,0.0016523649033485528,HOG8-ML04-H1-GPS-Sniper-Specialist-Refiner,Refiner,0.08921489117762522
9688,0.001651830879388149,HOG8-ML04-H1-GPS-Sniper-Specialist-Polisher,Polisher,0.03231876683664103
9710,0.0016512010704820596,HOG8-ML04-H1-GPS-Sniper-Specialist-Polisher,Polisher,0.0381279290724234
9720,0.0016494405295352657,HOG8-ML04-H1-GPS-Sniper-Specialist-Refiner,Refiner,0.10662183899141033
9731,0.001647819602228104,HOG8-ML04-H1-GPS-Sniper-Specialist-Refiner,Refiner,0.09827133977473265
9741,0.0016465357795121614,HOG8-ML04-H1-GPS-Sniper-Specialist-Refiner,Refiner,0.07791039226664637
9754,0.0016440553303888614,HOG8-ML04-H2-GPS-Sniper-Specialist-Refiner,Refiner,0.15064653645333442
9773,0.0016352811387395985,HOG8-ML04-H1-GPS-Sniper-Specialist-Exploiter,Exploiter,0.5336919924214208
9793,0.0016264583175609653,HOG8-ML04-H1-GPS-Sniper-Specialist-Exploiter,Exploiter,0.5395293182084571
9801,0.001625142469619225,HOG8-ML04-H1-GPS-Sniper-Specialist-Refiner,Refiner,0.08090265379278215
9814,0.0016212086084348755,HOG8-ML04-H1-GPS-Sniper-Specialist-Refiner,Refiner,0.24206254269333433
9839,0.001617615536283814,HOG8-ML04-H1-GPS-Sniper-Specialist-Refiner,Refiner,0.22162922972203086
9859,0.0016125738854222019,HOG8-ML04-H1-GPS-Sniper-Specialist-Refiner,Refiner,0.31167176306889466
9878,0.0016122882478970752,HOG8-ML04-H1-GPS-Sniper-Specialist-Polisher,Polisher,0.017713143423001287
9900,0.0016103751869008262,HOG8-ML04-H1-GPS-Sniper-Specialist-Refiner,Refiner,0.11865502330269818
9929,0.0016019393529970677,HOG8-ML04-H1-GPS-Sniper-Specialist-Exploiter,Exploiter,0.5238427648648349
9939,0.0015935037527171172,HOG8-ML04-H1-GPS-Sniper-Specialist-Exploiter,Exploiter,0.5265867440092763
9952,0.0015934657506660112,HOG8-ML04-H1-GPS-Sniper-Specialist-Polisher,Polisher,0.0023848108949338525
9961,0.0015926613418184008,HOG8-ML04-H1-GPS-Sniper-Specialist-Refiner,Refiner,0.05048171554827266
9978,0.0015878899288847797,HOG8-ML04-H1-GPS-Sniper-Specialist-Refiner,Refiner,0.29958741436979897
9989,0.0015826611307462775,HOG8-ML04-H1-GPS-Sniper-Specialist-Refiner,Refiner,0.3292922288495518
10011,0.0015826152302882643,HOG8-ML04-H1-GPS-Sniper-Specialist-Polisher,Polisher,0.002900207575804982
10019,0.0015766512309336764,HOG8-ML04-H1-GPS-Sniper-Specialist-Refiner,Refiner,0.3768445570627799
10037,0.001573760086753302,HOG8-ML04-H1-GPS-Sniper-Specialist-Refiner,Refiner,0.18337246206710048
10000,0.001573760086753302,Final,Final,0
