TimeMs,BestQuality,Source,Role,DeltaPct
7,1146788.2318071008,HOG8-ML00-H1-GPS-GradientEstimation-Escape-Specialist-Global Explorer,Global Explorer,100
7,569746.7590927635,HOG8-ML00-H2-GPS-GradientEstimation-Escape-Specialist-Global Explorer,Global Explorer,50.31804972440634
15,510.640848228484,HOG8-ML00-H2-GPS-GradientEstimation-Escape-Specialist-Global Explorer,Global Explorer,99.91037406706067
15,69.65897445646551,HOG8-ML06-H2-GPS-Spray-Specialist-Global Explorer,Global Explorer,86.35851896726898
27,29.484087957766906,HOG8-ML06-H2-GPS-Spray-Specialist-Global Explorer,Global Explorer,57.673669203681065
29,28.203873667032877,HOG8-ML00-H1-GPS-GradientEstimation-Escape-Specialist-Exploiter,Exploiter,4.34205152476757
39,26.377638716255056,HOG8-ML00-H1-GPS-GradientEstimation-Escape-Specialist-Local Explorer,Local Explorer,6.475121014715371
50,25.551826624676597,HOG8-ML00-H1-GPS-GradientEstimation-Escape-Specialist-Exploiter,Exploiter,3.1307278883517267
59,24.79334643460752,HOG8-ML00-H1-GPS-GradientEstimation-Escape-Specialist-Exploiter,Exploiter,2.9683990941632947
59,24.58702451614641,HOG8-ML00-H2-GPS-GradientEstimation-Escape-Specialist-Exploiter,Exploiter,0.8321664806535293
70,24.228399733729336,HOG8-ML00-H1-GPS-GradientEstimation-Escape-Specialist-Exploiter,Exploiter,1.458593666677981
80,24.114244627679962,HOG8-ML01-H2-GPS-GradientEstimation-Escape-Specialist-Refiner,Refiner,0.4711623850685194
84,24.032730395657985,HOG8-ML00-H2-GPS-GradientEstimation-Escape-Specialist-Refiner,Refiner,0.3380335286489111
84,24.03254249516603,HOG8-ML00-H1-GPS-GradientEstimation-Escape-Specialist-Polisher,Polisher,0.0007818524523085818
94,23.761574234337207,HOG8-ML00-H1-GPS-GradientEstimation-Escape-Specialist-Exploiter,Exploiter,1.1275055932318712
94,23.760551512587195,HOG8-ML00-H2-GPS-GradientEstimation-Escape-Specialist-Polisher,Polisher,0.004304099298832251
105,23.52307347670648,HOG8-ML00-H1-GPS-GradientEstimation-Escape-Specialist-Exploiter,Exploiter,0.9994634836439383
115,23.399442116794003,HOG8-ML00-H2-GPS-GradientEstimation-Escape-Specialist-Exploiter,Exploiter,0.5255748575325465
115,23.369413875880323,HOG8-ML01-H2-GPS-GradientEstimation-Escape-Specialist-Refiner,Refiner,0.1283288753800172
115,23.296636777450555,HOG8-ML00-H2-GPS-GradientEstimation-Escape-Specialist-Refiner,Refiner,0.31142029841356583
119,23.265757072651812,HOG8-ML00-H1-GPS-GradientEstimation-Escape-Specialist-Refiner,Refiner,0.13255005472992515
129,23.043250582482532,HOG8-ML00-H2-GPS-GradientEstimation-Escape-Specialist-Exploiter,Exploiter,0.956369008214351
129,22.99358114762752,HOG8-ML00-H1-GPS-GradientEstimation-Escape-Specialist-Refiner,Refiner,0.21554873379179784
140,22.741312773001486,HOG8-ML00-H1-GPS-GradientEstimation-Escape-Specialist-Exploiter,Exploiter,1.0971252064059764
149,22.557704063193427,HOG8-ML00-H1-GPS-GradientEstimation-Escape-Specialist-Exploiter,Exploiter,0.8073795547372247
160,22.32374503011318,HOG8-ML00-H1-GPS-GradientEstimation-Escape-Specialist-Exploiter,Exploiter,1.037158003424599
160,22.320484885103905,HOG8-ML00-H2-GPS-GradientEstimation-Escape-Specialist-Polisher,Polisher,0.014603934083986097
170,22.217621564206294,HOG8-ML01-H2-GPS-GradientEstimation-Escape-Specialist-Refiner,Refiner,0.4608471609246266
170,22.183650094564868,HOG8-ML02-H1-GPS-GradientEstimation-Escape-Specialist-Refiner,Refiner,0.1529032688906505
174,22.105270821001927,HOG8-ML00-H1-GPS-GradientEstimation-Escape-Specialist-Refiner,Refiner,0.353320004727917
180,21.920893230598008,HOG8-ML00-H1-GPS-GradientEstimation-Escape-Specialist-Exploiter,Exploiter,0.8340888102974264
180,21.910502299407234,HOG8-ML00-H2-GPS-GradientEstimation-Escape-Specialist-Polisher,Polisher,0.047401951560392834
196,21.71140709331102,HOG8-ML00-H1-GPS-GradientEstimation-Escape-Specialist-Exploiter,Exploiter,0.908674768727689
196,21.7040880835208,HOG8-ML00-H2-GPS-GradientEstimation-Escape-Specialist-Polisher,Polisher,0.033710435066523346
204,21.503691305292854,HOG8-ML00-H1-GPS-GradientEstimation-Escape-Specialist-Exploiter,Exploiter,0.9233135133657245
214,21.265541203541847,HOG8-ML00-H1-GPS-GradientEstimation-Escape-Specialist-Exploiter,Exploiter,1.1074847493387763
226,21.040071015084635,HOG8-ML00-H1-GPS-GradientEstimation-Escape-Specialist-Exploiter,Exploiter,1.0602607584690076
226,21.03808503517278,HOG8-ML00-H2-GPS-GradientEstimation-Escape-Specialist-Polisher,Polisher,0.009439036163092728
235,20.939066903221732,HOG8-ML00-H2-GPS-GradientEstimation-Escape-Specialist-Refiner,Refiner,0.4706613353140444
235,20.84200918617346,HOG8-ML00-H2-GPS-GradientEstimation-Escape-Specialist-Refiner,Refiner,0.46352455673819537
239,20.8033391812279,HOG8-ML00-H1-GPS-GradientEstimation-Escape-Specialist-Refiner,Refiner,0.1855387578046553
249,20.656450537398694,HOG8-ML00-H2-GPS-GradientEstimation-Escape-Specialist-Exploiter,Exploiter,0.7060820503361972
254,20.57090939662787,HOG8-ML00-H1-GPS-GradientEstimation-Escape-Specialist-Refiner,Refiner,0.41411345388672793
260,20.55618280824648,HOG8-ML00-H2-GPS-GradientEstimation-Escape-Specialist-Refiner,Refiner,0.07158938915847587
260,20.461226311094016,HOG8-ML00-H2-GPS-GradientEstimation-Escape-Specialist-Refiner,Refiner,0.4619364306994269
265,20.380943988765647,HOG8-ML00-H1-GPS-GradientEstimation-Escape-Specialist-Refiner,Refiner,0.39236320007291065
270,20.324754781789157,HOG8-ML00-H2-GPS-GradientEstimation-Escape-Specialist-Refiner,Refiner,0.27569482064944295
270,20.236003476580617,HOG8-ML00-H2-GPS-GradientEstimation-Escape-Specialist-Refiner,Refiner,0.43666605654726104
275,20.150196085153027,HOG8-ML00-H1-GPS-GradientEstimation-Escape-Specialist-Refiner,Refiner,0.4240332905995783
280,20.044692061926444,HOG8-ML00-H2-GPS-GradientEstimation-Escape-Specialist-Exploiter,Exploiter,0.5235880721990598
286,19.964653885773686,HOG8-ML00-H1-GPS-GradientEstimation-Escape-Specialist-Refiner,Refiner,0.39929860686054336
289,19.861317537933438,HOG8-ML00-H2-GPS-GradientEstimation-Escape-Specialist-Exploiter,Exploiter,0.5175964904349417
297,19.787887635023008,HOG8-ML00-H1-GPS-GradientEstimation-Escape-Specialist-Refiner,Refiner,0.3697131510544808
300,19.670640279651742,HOG8-ML00-H2-GPS-GradientEstimation-Escape-Specialist-Exploiter,Exploiter,0.5925208265471804
305,19.591539466094588,HOG8-ML00-H1-GPS-GradientEstimation-Escape-Specialist-Refiner,Refiner,0.40212627770424014
310,19.446880310102294,HOG8-ML00-H2-GPS-GradientEstimation-Escape-Specialist-Exploiter,Exploiter,0.7383756454802489
314,19.418013591506774,HOG8-ML00-H1-GPS-GradientEstimation-Escape-Specialist-Refiner,Refiner,0.14843881453069924
325,19.184350172232698,HOG8-ML00-H1-GPS-GradientEstimation-Escape-Specialist-Exploiter,Exploiter,1.2033332769747291
334,19.037843539875272,HOG8-ML00-H2-GPS-GradientEstimation-Escape-Specialist-Exploiter,Exploiter,0.7636778470061409
340,19.007650249619193,HOG8-ML00-H1-GPS-GradientEstimation-Escape-Specialist-Refiner,Refiner,0.15859616764282497
344,18.890221908070917,HOG8-ML00-H2-GPS-GradientEstimation-Escape-Specialist-Exploiter,Exploiter,0.6177951509320769
350,18.817682736890646,HOG8-ML00-H1-GPS-GradientEstimation-Escape-Specialist-Refiner,Refiner,0.3840038064840209
355,18.67003508049621,HOG8-ML00-H2-GPS-GradientEstimation-Escape-Specialist-Exploiter,Exploiter,0.7846218817632873
359,18.59069579080308,HOG8-ML00-H1-GPS-GradientEstimation-Escape-Specialist-Refiner,Refiner,0.4249552255850512
371,18.37364657042902,HOG8-ML00-H1-GPS-GradientEstimation-Escape-Specialist-Exploiter,Exploiter,1.167515314200523
375,18.26677077671584,HOG8-ML00-H2-GPS-GradientEstimation-Escape-Specialist-Exploiter,Exploiter,0.5816798168153928
384,18.187990914882363,HOG8-ML00-H1-GPS-GradientEstimation-Escape-Specialist-Refiner,Refiner,0.43127415784894424
389,18.126164034685218,HOG8-ML00-H2-GPS-GradientEstimation-Escape-Specialist-Refiner,Refiner,0.33993243391470657
395,18.01256105572788,HOG8-ML00-H1-GPS-GradientEstimation-Escape-Specialist-Exploiter,Exploiter,0.6267348057755308
399,17.954182638850202,HOG8-ML00-H2-GPS-GradientEstimation-Escape-Specialist-Refiner,Refiner,0.32409837055965274
404,17.86326988233619,HOG8-ML00-H1-GPS-GradientEstimation-Escape-Specialist-Exploiter,Exploiter,0.5063597621942977
415,17.75592232413975,HOG8-ML00-H2-GPS-GradientEstimation-Escape-Specialist-Exploiter,Exploiter,0.6009401352805505
415,17.739692883664446,HOG8-ML00-H2-GPS-GradientEstimation-Escape-Specialist-Refiner,Refiner,0.09140297067665668
425,17.7003835426169,HOG8-ML00-H2-GPS-GradientEstimation-Escape-Specialist-Refiner,Refiner,0.22158974963846778
425,17.616936916386084,HOG8-ML00-H2-GPS-GradientEstimation-Escape-Specialist-Refiner,Refiner,0.4714396500499773
435,17.54164046097057,HOG8-ML00-H2-GPS-GradientEstimation-Escape-Specialist-Refiner,Refiner,0.42740946268292085
445,17.46912121229634,HOG8-ML00-H2-GPS-GradientEstimation-Escape-Specialist-Refiner,Refiner,0.4134120114682648
449,17.413613574711217,HOG8-ML00-H2-GPS-GradientEstimation-Escape-Specialist-Refiner,Refiner,0.3177471660454884
464,17.300534908492402,HOG8-ML00-H2-GPS-GradientEstimation-Escape-Specialist-Exploiter,Exploiter,0.6493693324114681
471,17.28812719583647,HOG8-ML01-H1-GPS-GradientEstimation-Escape-Specialist-Refiner,Refiner,0.07171866489423667
475,17.10477667738292,HOG8-ML00-H2-GPS-GradientEstimation-Escape-Specialist-Exploiter,Exploiter,1.0605574356122722
475,17.104739440661014,HOG8-ML00-H2-GPS-GradientEstimation-Escape-Specialist-Polisher,Polisher,0.00021769779639548695
485,16.867182134083972,HOG8-ML00-H2-GPS-GradientEstimation-Escape-Specialist-Exploiter,Exploiter,1.3888390840513227
495,16.67519000016351,HOG8-ML00-H2-GPS-GradientEstimation-Escape-Specialist-Exploiter,Exploiter,1.1382584974433734
495,16.663267175685444,HOG8-ML00-H2-GPS-GradientEstimation-Escape-Specialist-Refiner,Refiner,0.07150038157256117
514,16.424990568072573,HOG8-ML00-H1-GPS-GradientEstimation-Escape-Specialist-Exploiter,Exploiter,1.4299513120725649
519,16.33248211030803,HOG8-ML00-H2-GPS-GradientEstimation-Escape-Specialist-Exploiter,Exploiter,0.5632177222942358
519,16.31829374081632,HOG8-ML00-H2-GPS-GradientEstimation-Escape-Specialist-Refiner,Refiner,0.08687209571628947
525,16.208194528096943,HOG8-ML00-H1-GPS-GradientEstimation-Escape-Specialist-Exploiter,Exploiter,0.6746980687324519
530,16.150598098479342,HOG8-ML00-H2-GPS-GradientEstimation-Escape-Specialist-Refiner,Refiner,0.3553537657618609
530,16.124098477653604,HOG8-ML00-H2-GPS-GradientEstimation-Escape-Specialist-Refiner,Refiner,0.1640782630101712
539,16.04039526024149,HOG8-ML00-H1-GPS-GradientEstimation-Escape-Specialist-Exploiter,Exploiter,0.5191187434641333
539,15.957678931520748,HOG8-ML00-H2-GPS-GradientEstimation-Escape-Specialist-Exploiter,Exploiter,0.5156751275684933
544,15.93839603487768,HOG8-ML00-H2-GPS-GradientEstimation-Escape-Specialist-Refiner,Refiner,0.1208377278789515
549,15.850177083377119,HOG8-ML00-H1-GPS-GradientEstimation-Escape-Specialist-Exploiter,Exploiter,0.5534995573426181
556,15.723942826442688,HOG8-ML00-H2-GPS-GradientEstimation-Escape-Specialist-Exploiter,Exploiter,0.7964217451350717
560,15.71075671570884,HOG8-ML00-H1-GPS-GradientEstimation-Escape-Specialist-Refiner,Refiner,0.08386007809487295
564,15.584438880334964,HOG8-ML00-H2-GPS-GradientEstimation-Escape-Specialist-Exploiter,Exploiter,0.8040213317514666
575,15.401182678857083,HOG8-ML00-H2-GPS-GradientEstimation-Escape-Specialist-Exploiter,Exploiter,1.1758922017341362
575,15.387222416453573,HOG8-ML00-H2-GPS-GradientEstimation-Escape-Specialist-Refiner,Refiner,0.09064409334404147
584,15.218934847785508,HOG8-ML00-H2-GPS-GradientEstimation-Escape-Specialist-Exploiter,Exploiter,1.093683863879909
590,15.192880217731537,HOG8-ML00-H2-GPS-GradientEstimation-Escape-Specialist-Refiner,Refiner,0.17119877517422374
595,15.024654522996874,HOG8-ML00-H2-GPS-GradientEstimation-Escape-Specialist-Exploiter,Exploiter,1.1072666428208058
595,14.995402306059555,HOG8-ML00-H2-GPS-GradientEstimation-Escape-Specialist-Refiner,Refiner,0.19469477246578656
604,14.888809241660645,HOG8-ML00-H1-GPS-GradientEstimation-Escape-Specialist-Exploiter,Exploiter,0.7108383104589053
609,14.80091813400563,HOG8-ML00-H2-GPS-GradientEstimation-Escape-Specialist-Exploiter,Exploiter,0.5903165674867062
609,14.783507725593298,HOG8-ML00-H2-GPS-GradientEstimation-Escape-Specialist-Refiner,Refiner,0.11763059733660836
614,14.715115645150435,HOG8-ML00-H1-GPS-GradientEstimation-Escape-Specialist-Refiner,Refiner,0.4626241735881235
619,14.57854042996509,HOG8-ML00-H2-GPS-GradientEstimation-Escape-Specialist-Exploiter,Exploiter,0.9281287247671469
625,14.510630813584706,HOG8-ML00-H1-GPS-GradientEstimation-Escape-Specialist-Refiner,Refiner,0.46581903522248563
629,14.383879387855819,HOG8-ML00-H2-GPS-GradientEstimation-Escape-Specialist-Exploiter,Exploiter,0.8735073433900882
629,14.355645410621449,HOG8-ML00-H2-GPS-GradientEstimation-Escape-Specialist-Refiner,Refiner,0.1962890293574607
635,14.287968344293859,HOG8-ML00-H1-GPS-GradientEstimation-Escape-Specialist-Refiner,Refiner,0.47143172174981013
639,14.181297888784043,HOG8-ML00-H2-GPS-GradientEstimation-Escape-Specialist-Exploiter,Exploiter,0.7465753908421595
645,14.160973955877619,HOG8-ML00-H2-GPS-GradientEstimation-Escape-Specialist-Refiner,Refiner,0.14331504116063798
651,14.006019717045298,HOG8-ML00-H2-GPS-GradientEstimation-Escape-Specialist-Exploiter,Exploiter,1.0942343324345014
656,13.979591399738693,HOG8-ML00-H2-GPS-GradientEstimation-Escape-Specialist-Refiner,Refiner,0.18869256105959856
661,13.935762383803832,HOG8-ML00-H1-GPS-GradientEstimation-Escape-Specialist-Refiner,Refiner,0.3135214376557555
666,13.770679108532349,HOG8-ML00-H2-GPS-GradientEstimation-Escape-Specialist-Exploiter,Exploiter,1.1846016796565297
674,13.643879353501084,HOG8-ML00-H2-GPS-GradientEstimation-Escape-Specialist-Exploiter,Exploiter,0.9207952202785615
675,13.61603827705666,HOG8-ML00-H2-GPS-GradientEstimation-Escape-Specialist-Refiner,Refiner,0.20405542824798156
679,13.577902522364779,HOG8-ML00-H1-GPS-GradientEstimation-Escape-Specialist-Refiner,Refiner,0.2800796671976213
685,13.42000027824812,HOG8-ML00-H2-GPS-GradientEstimation-Escape-Specialist-Exploiter,Exploiter,1.162935467069169
685,13.405130573945215,HOG8-ML00-H2-GPS-GradientEstimation-Escape-Specialist-Refiner,Refiner,0.11080256329805409
695,13.368980559641445,HOG8-ML00-H1-GPS-GradientEstimation-Escape-Specialist-Refiner,Refiner,0.269672974122554
699,13.210125923574015,HOG8-ML00-H2-GPS-GradientEstimation-Escape-Specialist-Exploiter,Exploiter,1.1882329797605011
699,13.200950372693407,HOG8-ML00-H2-GPS-GradientEstimation-Escape-Specialist-Refiner,Refiner,0.06945846643470355
705,13.18782788273956,HOG8-ML00-H1-GPS-GradientEstimation-Escape-Specialist-Refiner,Refiner,0.0994056456798114
709,12.9790723697291,HOG8-ML00-H2-GPS-GradientEstimation-Escape-Specialist-Exploiter,Exploiter,1.5829408365549216
720,12.798470038629109,HOG8-ML00-H2-GPS-GradientEstimation-Escape-Specialist-Exploiter,Exploiter,1.391488743996887
731,12.668078039490338,HOG8-ML00-H2-GPS-GradientEstimation-Escape-Specialist-Exploiter,Exploiter,1.0188092697425104
740,12.480331958628362,HOG8-ML00-H2-GPS-GradientEstimation-Escape-Specialist-Exploiter,Exploiter,1.4820407663791826
749,12.356678301235306,HOG8-ML00-H2-GPS-GradientEstimation-Escape-Specialist-Exploiter,Exploiter,0.990788208222039
755,12.277181631688915,HOG8-ML00-H2-GPS-GradientEstimation-Escape-Specialist-Exploiter,Exploiter,0.6433498356790855
760,12.276801081081574,HOG8-ML00-H1-GPS-GradientEstimation-Escape-Specialist-Polisher,Polisher,0.0030996577126352147
760,12.14863109033021,HOG8-ML00-H2-GPS-GradientEstimation-Escape-Specialist-Exploiter,Exploiter,1.0440015269846803
765,12.073325684511168,HOG8-ML00-H2-GPS-GradientEstimation-Escape-Specialist-Exploiter,Exploiter,0.6198674176466057
774,11.969613826345856,HOG8-ML00-H2-GPS-GradientEstimation-Escape-Specialist-Exploiter,Exploiter,0.8590164870509823
774,11.88415522145273,HOG8-ML00-H2-GPS-GradientEstimation-Escape-Specialist-Exploiter,Exploiter,0.7139629242259018
784,11.76278980954665,HOG8-ML00-H2-GPS-GradientEstimation-Escape-Specialist-Exploiter,Exploiter,1.0212371821515476
784,11.67651079504655,HOG8-ML00-H2-GPS-GradientEstimation-Escape-Specialist-Exploiter,Exploiter,0.7334910841480494
799,11.46733490278379,HOG8-ML00-H2-GPS-GradientEstimation-Escape-Specialist-Exploiter,Exploiter,1.7914246467488997
810,11.29874369806546,HOG8-ML00-H2-GPS-GradientEstimation-Escape-Specialist-Exploiter,Exploiter,1.4701864569892655
821,11.111535469568976,HOG8-ML00-H2-GPS-GradientEstimation-Escape-Specialist-Exploiter,Exploiter,1.6568941954895153
828,10.934306584215863,HOG8-ML00-H2-GPS-GradientEstimation-Escape-Specialist-Exploiter,Exploiter,1.5949990515576133
840,10.76305828619833,HOG8-ML00-H2-GPS-GradientEstimation-Escape-Specialist-Exploiter,Exploiter,1.5661559944252608
850,10.588367262933582,HOG8-ML00-H2-GPS-GradientEstimation-Escape-Specialist-Exploiter,Exploiter,1.62306120267654
860,10.381162951308735,HOG8-ML00-H2-GPS-GradientEstimation-Escape-Specialist-Exploiter,Exploiter,1.9569052194685608
870,10.203636012513995,HOG8-ML00-H2-GPS-GradientEstimation-Escape-Specialist-Exploiter,Exploiter,1.71008719954983
886,10.024852145107285,HOG8-ML00-H2-GPS-GradientEstimation-Escape-Specialist-Exploiter,Exploiter,1.7521584186994152
897,9.920554897021715,HOG8-ML00-H1-GPS-GradientEstimation-Escape-Specialist-Exploiter,Exploiter,1.0403868962443878
897,9.855698390271453,HOG8-ML00-H2-GPS-GradientEstimation-Escape-Specialist-Exploiter,Exploiter,0.6537588615101844
905,9.744074209477317,HOG8-ML00-H1-GPS-GradientEstimation-Escape-Specialist-Exploiter,Exploiter,1.1325851946151289
905,9.688589185529036,HOG8-ML00-H2-GPS-GradientEstimation-Escape-Specialist-Exploiter,Exploiter,0.5694232489969612
914,9.556374460188888,HOG8-ML00-H2-GPS-GradientEstimation-Escape-Specialist-Exploiter,Exploiter,1.3646437351025815
914,9.46887331534135,HOG8-ML00-H2-GPS-GradientEstimation-Escape-Specialist-Exploiter,Exploiter,0.9156311864092495
926,9.324792424179092,HOG8-ML00-H1-GPS-GradientEstimation-Escape-Specialist-Exploiter,Exploiter,1.521626558556016
927,9.26013928209071,HOG8-ML00-H2-GPS-GradientEstimation-Escape-Specialist-Exploiter,Exploiter,0.6933467164452568
935,9.171891995026622,HOG8-ML00-H2-GPS-GradientEstimation-Escape-Specialist-Exploiter,Exploiter,0.9529801267110622
940,9.098958128115175,HOG8-ML00-H2-GPS-GradientEstimation-Escape-Specialist-Exploiter,Exploiter,0.7951888983319286
950,8.868622522732599,HOG8-ML00-H2-GPS-GradientEstimation-Escape-Specialist-Exploiter,Exploiter,2.5314503280420046
960,8.661770636351855,HOG8-ML00-H2-GPS-GradientEstimation-Escape-Specialist-Exploiter,Exploiter,2.332401518392827
969,8.488736849349587,HOG8-ML00-H2-GPS-GradientEstimation-Escape-Specialist-Exploiter,Exploiter,1.997672234312891
979,8.326161833769827,HOG8-ML00-H2-GPS-GradientEstimation-Escape-Specialist-Exploiter,Exploiter,1.9151850088534275
990,8.142895510523534,HOG8-ML00-H2-GPS-GradientEstimation-Escape-Specialist-Exploiter,Exploiter,2.201090092952423
1001,8.13540409369584,HOG8-ML02-H1-GPS-GradientEstimation-Escape-Specialist-Refiner,Refiner,0.09199942229410242
1007,8.035069053794267,HOG8-ML00-H1-GPS-GradientEstimation-Escape-Specialist-Exploiter,Exploiter,1.23331353607036
1007,7.9621958630114555,HOG8-ML00-H2-GPS-GradientEstimation-Escape-Specialist-Exploiter,Exploiter,0.9069391973476519
1020,7.895165047356912,HOG8-ML00-H1-GPS-GradientEstimation-Escape-Specialist-Exploiter,Exploiter,0.8418634357632028
1026,7.800411458291171,HOG8-ML00-H2-GPS-GradientEstimation-Escape-Specialist-Exploiter,Exploiter,1.20014703299283
1026,7.718300225730576,HOG8-ML00-H2-GPS-GradientEstimation-Escape-Specialist-Exploiter,Exploiter,1.0526525812086212
1030,7.679372074507825,HOG8-ML00-H1-GPS-GradientEstimation-Escape-Specialist-Exploiter,Exploiter,0.5043617128675028
1035,7.507655415929246,HOG8-ML00-H2-GPS-GradientEstimation-Escape-Specialist-Exploiter,Exploiter,2.2360768160798323
1040,7.472528643621738,HOG8-ML00-H1-GPS-GradientEstimation-Escape-Specialist-Refiner,Refiner,0.46787938925618433
1046,7.385666900058411,HOG8-ML00-H2-GPS-GradientEstimation-Escape-Specialist-Exploiter,Exploiter,1.1624143272768603
1046,7.333193708926434,HOG8-ML00-H2-GPS-GradientEstimation-Escape-Specialist-Exploiter,Exploiter,0.7104732970229513
1051,7.3039649544880785,HOG8-ML00-H1-GPS-GradientEstimation-Escape-Specialist-Refiner,Refiner,0.39858151302857364
1056,7.170044787016296,HOG8-ML00-H2-GPS-GradientEstimation-Escape-Specialist-Exploiter,Exploiter,1.8335269720796223
1065,7.103003815862454,HOG8-ML00-H1-GPS-GradientEstimation-Escape-Specialist-Exploiter,Exploiter,0.9350146776661947
1066,6.949637933479666,HOG8-ML00-H2-GPS-GradientEstimation-Escape-Specialist-Exploiter,Exploiter,2.1591693649423487
1075,6.882653942560242,HOG8-ML00-H1-GPS-GradientEstimation-Escape-Specialist-Exploiter,Exploiter,0.9638486430599643
1081,6.739154838134857,HOG8-ML00-H2-GPS-GradientEstimation-Escape-Specialist-Exploiter,Exploiter,2.0849385371249043
1086,6.703430532305575,HOG8-ML00-H1-GPS-GradientEstimation-Escape-Specialist-Exploiter,Exploiter,0.530100683057894
1090,6.56281001459303,HOG8-ML00-H2-GPS-GradientEstimation-Escape-Specialist-Exploiter,Exploiter,2.097739613095984
1096,6.53457751146505,HOG8-ML00-H1-GPS-GradientEstimation-Escape-Specialist-Refiner,Refiner,0.43018924919663476
1100,6.439801046834822,HOG8-ML00-H2-GPS-GradientEstimation-Escape-Specialist-Exploiter,Exploiter,1.4503839684193933
1100,6.392406798793014,HOG8-ML00-H2-GPS-GradientEstimation-Escape-Specialist-Exploiter,Exploiter,0.7359582648147573
1109,6.356777305253167,HOG8-ML00-H1-GPS-GradientEstimation-Escape-Specialist-Exploiter,Exploiter,0.557372123854426
1115,6.306042004708416,HOG8-ML00-H2-GPS-GradientEstimation-Escape-Specialist-Exploiter,Exploiter,0.7981292738196792
1115,6.2544566405581214,HOG8-ML00-H2-GPS-GradientEstimation-Escape-Specialist-Exploiter,Exploiter,0.8180307728964991
1119,6.148453265053009,HOG8-ML00-H1-GPS-GradientEstimation-Escape-Specialist-Exploiter,Exploiter,1.6948454773467472
1125,6.093704667745647,HOG8-ML00-H2-GPS-GradientEstimation-Escape-Specialist-Exploiter,Exploiter,0.8904450427971139
1130,5.943976274143222,HOG8-ML00-H1-GPS-GradientEstimation-Escape-Specialist-Exploiter,Exploiter,2.457099609617554
1135,5.881390254472317,HOG8-ML00-H2-GPS-GradientEstimation-Escape-Specialist-Exploiter,Exploiter,1.0529318554510325
1145,5.670741295490583,HOG8-ML00-H2-GPS-GradientEstimation-Escape-Specialist-Exploiter,Exploiter,3.581618458689298
1155,5.496267263929612,HOG8-ML00-H2-GPS-GradientEstimation-Escape-Specialist-Exploiter,Exploiter,3.0767411608022717
1165,5.33318388334352,HOG8-ML00-H2-GPS-GradientEstimation-Escape-Specialist-Exploiter,Exploiter,2.9671661284806907
1176,5.2744725081835115,HOG8-ML01-H1-GPS-GradientEstimation-Escape-Specialist-Exploiter,Exploiter,1.100869132665285
1180,5.165708486834109,HOG8-ML00-H2-GPS-GradientEstimation-Escape-Specialist-Exploiter,Exploiter,2.0620833871188307
1186,5.109238993815055,HOG8-ML02-H1-GPS-GradientEstimation-Escape-Specialist-Exploiter,Exploiter,1.0931606605943625
1189,4.959509004711602,HOG8-ML00-H2-GPS-GradientEstimation-Escape-Specialist-Exploiter,Exploiter,2.9305732083526843
1196,4.893812648239572,HOG8-ML02-H1-GPS-GradientEstimation-Escape-Specialist-Exploiter,Exploiter,1.3246544448173818
1205,4.798122113723212,HOG8-ML00-H2-GPS-GradientEstimation-Escape-Specialist-Exploiter,Exploiter,1.955337104103929
1212,4.787755184447841,HOG8-ML02-H1-GPS-GradientEstimation-Escape-Specialist-Refiner,Refiner,0.2160622224624288
1216,4.664425897857633,HOG8-ML00-H2-GPS-GradientEstimation-Escape-Specialist-Exploiter,Exploiter,2.575931346507034
1230,4.558077310584584,HOG8-ML00-H2-GPS-GradientEstimation-Escape-Specialist-Exploiter,Exploiter,2.2799930709992675
1236,4.471931557885071,HOG8-ML02-H1-GPS-GradientEstimation-Escape-Specialist-Exploiter,Exploiter,1.8899581299217638
1242,4.384209510530339,HOG8-ML00-H2-GPS-GradientEstimation-Escape-Specialist-Exploiter,Exploiter,1.9616142648707875
1242,4.3406505502067265,HOG8-ML02-H1-GPS-GradientEstimation-Escape-Specialist-Exploiter,Exploiter,0.9935419422586735
1250,4.259487652204069,HOG8-ML00-H2-GPS-GradientEstimation-Escape-Specialist-Exploiter,Exploiter,1.8698325761052486
1256,4.1381221945013635,HOG8-ML02-H1-GPS-GradientEstimation-Escape-Specialist-Exploiter,Exploiter,2.849297089519802
1260,4.069892045348283,HOG8-ML00-H2-GPS-GradientEstimation-Escape-Specialist-Exploiter,Exploiter,1.6488191006960442
1266,3.9114375969360156,HOG8-ML02-H1-GPS-GradientEstimation-Escape-Specialist-Exploiter,Exploiter,3.893332959368641
1271,3.8606191193184425,HOG8-ML00-H2-GPS-GradientEstimation-Escape-Specialist-Exploiter,Exploiter,1.299227620488723
1277,3.711878591966551,HOG8-ML02-H1-GPS-GradientEstimation-Escape-Specialist-Exploiter,Exploiter,3.8527635789709915
1287,3.642488433234332,HOG8-ML00-H2-GPS-GradientEstimation-Escape-Specialist-Exploiter,Exploiter,1.869408091158927
1287,3.5270596315338896,HOG8-ML02-H1-GPS-GradientEstimation-Escape-Specialist-Exploiter,Exploiter,3.168954516018821
1296,3.476729893685302,HOG8-ML00-H2-GPS-GradientEstimation-Escape-Specialist-Exploiter,Exploiter,1.42696021917553
1301,3.3926737820018085,HOG8-ML02-H1-GPS-GradientEstimation-Escape-Specialist-Exploiter,Exploiter,2.417677365048188
1305,3.306631004243427,HOG8-ML00-H2-GPS-GradientEstimation-Escape-Specialist-Exploiter,Exploiter,2.5361347210816447
1311,3.227989651158666,HOG8-ML02-H1-GPS-GradientEstimation-Escape-Specialist-Exploiter,Exploiter,2.378292376253644
1319,3.126198816606697,HOG8-ML00-H2-GPS-GradientEstimation-Escape-Specialist-Exploiter,Exploiter,3.153381688055659
1319,3.079283735082926,HOG8-ML02-H1-GPS-GradientEstimation-Escape-Specialist-Exploiter,Exploiter,1.5007069056054037
1329,2.9876356583544754,HOG8-ML00-H2-GPS-GradientEstimation-Escape-Specialist-Exploiter,Exploiter,2.9762790510106183
1331,2.9049701658553793,HOG8-ML02-H1-GPS-GradientEstimation-Escape-Specialist-Exploiter,Exploiter,2.7669201319088055
1339,2.7820345828782447,HOG8-ML00-H2-GPS-GradientEstimation-Escape-Specialist-Exploiter,Exploiter,4.231905181750317
1341,2.701995733925912,HOG8-ML02-H1-GPS-GradientEstimation-Escape-Specialist-Exploiter,Exploiter,2.876989719859114
1350,2.5641743018591088,HOG8-ML00-H2-GPS-GradientEstimation-Escape-Specialist-Local Explorer,Local Explorer,5.100727226780382
1350,2.4864729106601935,HOG8-ML02-H1-GPS-GradientEstimation-Escape-Specialist-Exploiter,Exploiter,3.030269476711442
1359,2.360762945887492,HOG8-ML00-H2-GPS-GradientEstimation-Escape-Specialist-Local Explorer,Local Explorer,5.055754447745968
1365,2.283522252388944,HOG8-ML02-H1-GPS-GradientEstimation-Escape-Specialist-Exploiter,Exploiter,3.271853009769716
1370,2.197307337912855,HOG8-ML00-H2-GPS-GradientEstimation-Escape-Specialist-Exploiter,Exploiter,3.7755232902107236
1375,2.12081736367386,HOG8-ML02-H1-GPS-GradientEstimation-Escape-Specialist-Exploiter,Exploiter,3.4810776316639434
1379,2.0239544552038233,HOG8-ML00-H2-GPS-GradientEstimation-Escape-Specialist-Exploiter,Exploiter,4.567244220513293
1385,1.9446273193636676,HOG8-ML02-H1-GPS-GradientEstimation-Escape-Specialist-Exploiter,Exploiter,3.919413089370484
1390,1.8907077562848769,HOG8-ML00-H2-GPS-GradientEstimation-Escape-Specialist-Exploiter,Exploiter,2.7727453246123597
1394,1.8731652839918596,HOG8-ML00-H1-GPS-GradientEstimation-Escape-Specialist-Exploiter,Exploiter,0.927825690390522
1394,1.7433725026760387,HOG8-ML02-H1-GPS-GradientEstimation-Escape-Specialist-Local Explorer,Local Explorer,6.9290618625614515
1404,1.699435308185409,HOG8-ML00-H2-GPS-GradientEstimation-Escape-Specialist-Exploiter,Exploiter,2.5202413381642237
1406,1.5912971669151919,HOG8-ML02-H1-GPS-GradientEstimation-Escape-Specialist-Local Explorer,Local Explorer,6.3631808018442815
1415,1.5094364415728758,HOG8-ML00-H2-GPS-GradientEstimation-Escape-Specialist-Local Explorer,Local Explorer,5.144276445926633
1417,1.4361889814368776,HOG8-ML02-H1-GPS-GradientEstimation-Escape-Specialist-Exploiter,Exploiter,4.852636263350864
1426,1.3714043534792433,HOG8-ML00-H2-GPS-GradientEstimation-Escape-Specialist-Exploiter,Exploiter,4.510870699816858
1431,1.3071742885358613,HOG8-ML02-H1-GPS-GradientEstimation-Escape-Specialist-Exploiter,Exploiter,4.683524941453685
1441,1.22068740275694,HOG8-ML00-H2-GPS-GradientEstimation-Escape-Specialist-Local Explorer,Local Explorer,6.616323969758716
1441,1.1491598933633849,HOG8-ML02-H1-GPS-GradientEstimation-Escape-Specialist-Local Explorer,Local Explorer,5.85960903930108
1451,1.0731157318270543,HOG8-ML00-H2-GPS-GradientEstimation-Escape-Specialist-Local Explorer,Local Explorer,6.617369956565653
1456,1.0145685546725152,HOG8-ML02-H1-GPS-GradientEstimation-Escape-Specialist-Local Explorer,Local Explorer,5.455812026430599
1461,0.9661427355011749,HOG8-ML00-H2-GPS-GradientEstimation-Escape-Specialist-Exploiter,Exploiter,4.773045542198108
1466,0.9177006555111994,HOG8-ML02-H1-GPS-GradientEstimation-Escape-Specialist-Local Explorer,Local Explorer,5.013967213120614
1471,0.8712564789763045,HOG8-ML00-H2-GPS-GradientEstimation-Escape-Specialist-Local Explorer,Local Explorer,5.060928774102642
1476,0.836931452214075,HOG8-ML02-H1-GPS-GradientEstimation-Escape-Specialist-Exploiter,Exploiter,3.9397155247052256
1485,0.775934919832473,HOG8-ML00-H2-GPS-GradientEstimation-Escape-Specialist-Local Explorer,Local Explorer,7.288115677841671
1487,0.7532854374746856,HOG8-ML02-H1-GPS-GradientEstimation-Escape-Specialist-Exploiter,Exploiter,2.9189925313166096
1496,0.7196141173182247,HOG8-ML00-H2-GPS-GradientEstimation-Escape-Specialist-Exploiter,Exploiter,4.469928460231576
1500,0.6737425208142561,HOG8-ML02-H1-GPS-GradientEstimation-Escape-Specialist-Local Explorer,Local Explorer,6.374471456301824
1506,0.6451769822473169,HOG8-ML00-H2-GPS-GradientEstimation-Escape-Specialist-Exploiter,Exploiter,4.239830155356106
1512,0.617688304123819,HOG8-ML02-H1-GPS-GradientEstimation-Escape-Specialist-Exploiter,Exploiter,4.260641479760755
1520,0.5748056635106699,HOG8-ML02-H1-GPS-GradientEstimation-Escape-Specialist-Local Explorer,Local Explorer,6.9424401153228095
1524,0.5579106340209996,HOG8-ML00-H2-GPS-GradientEstimation-Escape-Specialist-Exploiter,Exploiter,2.9392593988170823
1531,0.5183603370266247,HOG8-ML02-H1-GPS-GradientEstimation-Escape-Specialist-Local Explorer,Local Explorer,7.08900217752191
1540,0.5054415528400359,HOG8-ML00-H2-GPS-GradientEstimation-Escape-Specialist-Exploiter,Exploiter,2.492240100909806
1544,0.4695538345171945,HOG8-ML02-H1-GPS-GradientEstimation-Escape-Specialist-Local Explorer,Local Explorer,7.100270668525598
1550,0.45983474814940395,HOG8-ML00-H2-GPS-GradientEstimation-Escape-Specialist-Exploiter,Exploiter,2.0698556061806928
1555,0.4278409220021872,HOG8-ML02-H1-GPS-GradientEstimation-Escape-Specialist-Local Explorer,Local Explorer,6.957679095800236
1559,0.42776616072294915,HOG8-ML00-H2-GPS-GradientEstimation-Escape-Specialist-Polisher,Polisher,0.017474083331765464
1569,0.39477298222310414,HOG8-ML00-H2-GPS-GradientEstimation-Escape-Specialist-Local Explorer,Local Explorer,7.712900535209391
1579,0.37353406039806125,HOG8-ML00-H2-GPS-GradientEstimation-Escape-Specialist-Local Explorer,Local Explorer,5.380034293491699
1582,0.37036255347200475,HOG8-ML02-H1-GPS-GradientEstimation-Escape-Specialist-Exploiter,Exploiter,0.8490542797293354
1590,0.3445845903251701,HOG8-ML00-H2-GPS-GradientEstimation-Escape-Specialist-Local Explorer,Local Explorer,6.960196948956178
1590,0.33981740282185474,HOG8-ML02-H1-GPS-GradientEstimation-Escape-Specialist-Exploiter,Exploiter,1.3834592831956716
1600,0.3141673337155484,HOG8-ML02-H1-GPS-GradientEstimation-Escape-Specialist-Local Explorer,Local Explorer,7.548191732768053
1615,0.29242105068852686,HOG8-ML00-H2-GPS-GradientEstimation-Escape-Specialist-Local Explorer,Local Explorer,6.921879104945687
1625,0.29034907171789587,HOG8-ML00-H2-GPS-GradientEstimation-Escape-Specialist-Exploiter,Exploiter,0.7085601278541225
1625,0.27523696337778875,HOG8-ML00-H2-GPS-GradientEstimation-Escape-Specialist-Local Explorer,Local Explorer,5.204806838435529
1627,0.2729741790084901,HOG8-ML02-H1-GPS-GradientEstimation-Escape-Specialist-Exploiter,Exploiter,0.8221222693090025
1636,0.2566359161004502,HOG8-ML00-H2-GPS-GradientEstimation-Escape-Specialist-Local Explorer,Local Explorer,5.985277789783811
1642,0.2538856867190598,HOG8-ML02-H1-GPS-GradientEstimation-Escape-Specialist-Exploiter,Exploiter,1.071646331963115
1646,0.24836968683530875,HOG8-ML00-H1-GPS-GradientEstimation-Escape-Specialist-Exploiter,Exploiter,2.1726312952233737
1650,0.23818651059413984,HOG8-ML00-H2-GPS-GradientEstimation-Escape-Specialist-Exploiter,Exploiter,4.100007682467813
1661,0.22455146283132188,HOG8-ML00-H2-GPS-GradientEstimation-Escape-Specialist-Local Explorer,Local Explorer,5.724525595007993
1670,0.21280673839794662,HOG8-ML00-H2-GPS-GradientEstimation-Escape-Specialist-Local Explorer,Local Explorer,5.230304129524929
1680,0.2031468515782281,HOG8-ML00-H2-GPS-GradientEstimation-Escape-Specialist-Exploiter,Exploiter,4.5392767599560795
1680,0.20284297548042693,HOG8-ML02-H1-GPS-GradientEstimation-Escape-Specialist-Refiner,Refiner,0.14958444860965392
1690,0.19056054027565023,HOG8-ML00-H2-GPS-GradientEstimation-Escape-Specialist-Local Explorer,Local Explorer,6.055144466149818
1701,0.18606556709523858,HOG8-ML00-H1-GPS-GradientEstimation-Escape-Specialist-Exploiter,Exploiter,2.3588163498642274
1701,0.17922586525206735,HOG8-ML00-H2-GPS-GradientEstimation-Escape-Specialist-Exploiter,Exploiter,3.675963237018645
1705,0.17878213961139594,HOG8-ML02-H1-GPS-GradientEstimation-Escape-Specialist-Refiner,Refiner,0.24757901994075737
1715,0.16829517044331466,HOG8-ML02-H1-GPS-GradientEstimation-Escape-Specialist-Local Explorer,Local Explorer,5.865781218904723
1725,0.16696159363989277,HOG8-ML00-H2-GPS-GradientEstimation-Escape-Specialist-Exploiter,Exploiter,0.792403489600472
1725,0.16184097547182147,HOG8-ML00-H2-GPS-GradientEstimation-Escape-Specialist-Exploiter,Exploiter,3.0669437542118736
1725,0.16028401540149068,HOG8-ML02-H1-GPS-GradientEstimation-Escape-Specialist-Exploiter,Exploiter,0.9620308242654401
1734,0.15425940460416693,HOG8-ML00-H2-GPS-GradientEstimation-Escape-Specialist-Exploiter,Exploiter,3.758709676840126
1736,0.15322638902602614,HOG8-ML02-H1-GPS-GradientEstimation-Escape-Specialist-Exploiter,Exploiter,0.6696613284561317
1745,0.14593129339187738,HOG8-ML02-H1-GPS-GradientEstimation-Escape-Specialist-Exploiter,Exploiter,4.7609916806886705
1754,0.14011574924778,HOG8-ML00-H2-GPS-GradientEstimation-Escape-Specialist-Exploiter,Exploiter,3.98512478641615
1757,0.13905278154404435,HOG8-ML02-H1-GPS-GradientEstimation-Escape-Specialist-Exploiter,Exploiter,0.7586354206734492
1766,0.13384181696567188,HOG8-ML00-H2-GPS-GradientEstimation-Escape-Specialist-Exploiter,Exploiter,3.7474723774021905
1769,0.13309888008565254,HOG8-ML02-H1-GPS-GradientEstimation-Escape-Specialist-Exploiter,Exploiter,0.5550857698008428
1780,0.12832695218534207,HOG8-ML00-H2-GPS-GradientEstimation-Escape-Specialist-Exploiter,Exploiter,3.5852502269287436
1780,0.12709919591782404,HOG8-ML02-H1-GPS-GradientEstimation-Escape-Specialist-Exploiter,Exploiter,0.9567407677108928
1789,0.12241357213145271,HOG8-ML00-H2-GPS-GradientEstimation-Escape-Specialist-Exploiter,Exploiter,3.6865880641769113
1801,0.1163203929186137,HOG8-ML00-H2-GPS-GradientEstimation-Escape-Specialist-Exploiter,Exploiter,4.97753566597657
1811,0.11582728584965553,HOG8-ML01-H1-GPS-GradientEstimation-Escape-Specialist-Refiner,Refiner,0.42392142648897274
1811,0.11059420119526236,HOG8-ML02-H1-GPS-GradientEstimation-Escape-Specialist-Exploiter,Exploiter,4.518006802978823
1815,0.11051237041151184,HOG8-ML00-H2-GPS-GradientEstimation-Escape-Specialist-Refiner,Refiner,0.07399192983549778
1825,0.10532247001034069,HOG8-ML00-H2-GPS-GradientEstimation-Escape-Specialist-Exploiter,Exploiter,4.696216705736798
1835,0.10080349447880455,HOG8-ML00-H2-GPS-GradientEstimation-Escape-Specialist-Exploiter,Exploiter,4.290609146455134
1846,0.09713768793921361,HOG8-ML02-H1-GPS-GradientEstimation-Escape-Specialist-Exploiter,Exploiter,3.636586765711506
1851,0.09615745447786364,HOG8-ML00-H2-GPS-GradientEstimation-Escape-Specialist-Exploiter,Exploiter,1.0091175548293627
1860,0.09326663882077818,HOG8-ML00-H2-GPS-GradientEstimation-Escape-Specialist-Exploiter,Exploiter,3.0063354659112296
1867,0.09307730977284279,HOG8-ML02-H1-GPS-GradientEstimation-Escape-Specialist-Refiner,Refiner,0.20299761021645665
1871,0.0895826231403477,HOG8-ML00-H2-GPS-GradientEstimation-Escape-Specialist-Exploiter,Exploiter,3.7546064030255497
1886,0.08686845374559063,HOG8-ML00-H2-GPS-GradientEstimation-Escape-Specialist-Exploiter,Exploiter,3.0297945065806227
1895,0.08480632508387273,HOG8-ML00-H2-GPS-GradientEstimation-Escape-Specialist-Exploiter,Exploiter,2.3738521555330103
1905,0.0823871007600678,HOG8-ML00-H2-GPS-GradientEstimation-Escape-Specialist-Exploiter,Exploiter,2.8526460985219355
1920,0.07887800480697832,HOG8-ML00-H2-GPS-GradientEstimation-Escape-Specialist-Exploiter,Exploiter,4.259278358767431
1930,0.07556108640792454,HOG8-ML00-H2-GPS-GradientEstimation-Escape-Specialist-Exploiter,Exploiter,4.205124618923336
1940,0.07268958951922953,HOG8-ML00-H2-GPS-GradientEstimation-Escape-Specialist-Exploiter,Exploiter,3.800232401626582
1950,0.07016676009620307,HOG8-ML00-H2-GPS-GradientEstimation-Escape-Specialist-Exploiter,Exploiter,3.4706887736091394
1964,0.06773195312181662,HOG8-ML00-H2-GPS-GradientEstimation-Escape-Specialist-Exploiter,Exploiter,3.470029072239006
1975,0.06544793981991938,HOG8-ML00-H2-GPS-GradientEstimation-Escape-Specialist-Exploiter,Exploiter,3.37213559719653
1985,0.06325296836141836,HOG8-ML00-H2-GPS-GradientEstimation-Escape-Specialist-Exploiter,Exploiter,3.3537670773755495
1996,0.061270696431101335,HOG8-ML00-H2-GPS-GradientEstimation-Escape-Specialist-Exploiter,Exploiter,3.1338796923973735
2004,0.05922487497134968,HOG8-ML00-H2-GPS-GradientEstimation-Escape-Specialist-Exploiter,Exploiter,3.3389884217362784
2021,0.05839131605641944,HOG8-ML02-H1-GPS-GradientEstimation-Escape-Specialist-Exploiter,Exploiter,1.4074473189406969
2025,0.05588986102341892,HOG8-ML00-H2-GPS-GradientEstimation-Escape-Specialist-Exploiter,Exploiter,4.28395042609339
2036,0.053990966571899654,HOG8-ML00-H2-GPS-GradientEstimation-Escape-Specialist-Exploiter,Exploiter,3.3975651696889915
2051,0.051997452983115984,HOG8-ML00-H2-GPS-GradientEstimation-Escape-Specialist-Exploiter,Exploiter,3.6923095016810117
2060,0.050082617688974505,HOG8-ML00-H2-GPS-GradientEstimation-Escape-Specialist-Exploiter,Exploiter,3.682555941275127
2071,0.04830856080644157,HOG8-ML00-H2-GPS-GradientEstimation-Escape-Specialist-Exploiter,Exploiter,3.542260697214895
2086,0.04654883803451167,HOG8-ML00-H2-GPS-GradientEstimation-Escape-Specialist-Exploiter,Exploiter,3.6426727324388604
2096,0.04515891503953403,HOG8-ML00-H2-GPS-GradientEstimation-Escape-Specialist-Exploiter,Exploiter,2.9859456297215066
2105,0.04417352338187004,HOG8-ML00-H2-GPS-GradientEstimation-Escape-Specialist-Exploiter,Exploiter,2.182053436849256
2115,0.0428524379921322,HOG8-ML00-H2-GPS-GradientEstimation-Escape-Specialist-Exploiter,Exploiter,2.9906724404058895
2130,0.04159483357634818,HOG8-ML00-H2-GPS-GradientEstimation-Escape-Specialist-Exploiter,Exploiter,2.934732478966353
2140,0.040227560313922134,HOG8-ML00-H2-GPS-GradientEstimation-Escape-Specialist-Exploiter,Exploiter,3.2871228103759322
2150,0.039084393032472464,HOG8-ML00-H2-GPS-GradientEstimation-Escape-Specialist-Exploiter,Exploiter,2.841751457281483
2160,0.038026156168438616,HOG8-ML00-H2-GPS-GradientEstimation-Escape-Specialist-Exploiter,Exploiter,2.707568883453388
2170,0.03677489535007959,HOG8-ML00-H2-GPS-GradientEstimation-Escape-Specialist-Exploiter,Exploiter,3.2905266911977793
2181,0.035847807771902114,HOG8-ML00-H2-GPS-GradientEstimation-Escape-Specialist-Exploiter,Exploiter,2.5209795142910494
2194,0.03487630720267891,HOG8-ML00-H2-GPS-GradientEstimation-Escape-Specialist-Exploiter,Exploiter,2.7100696795877033
2204,0.033942380541361034,HOG8-ML00-H2-GPS-GradientEstimation-Escape-Specialist-Exploiter,Exploiter,2.677825538955399
2216,0.03329077069065975,HOG8-ML00-H2-GPS-GradientEstimation-Escape-Specialist-Exploiter,Exploiter,1.9197529469309174
2226,0.032398843855787646,HOG8-ML00-H2-GPS-GradientEstimation-Escape-Specialist-Exploiter,Exploiter,2.6792015215266476
2236,0.031442017600945615,HOG8-ML00-H2-GPS-GradientEstimation-Escape-Specialist-Exploiter,Exploiter,2.95327283621914
2245,0.03064951858893038,HOG8-ML00-H2-GPS-GradientEstimation-Escape-Specialist-Exploiter,Exploiter,2.5205094090126083
2255,0.029949558042173394,HOG8-ML00-H2-GPS-GradientEstimation-Escape-Specialist-Exploiter,Exploiter,2.2837570669373894
2270,0.02900869943571263,HOG8-ML00-H2-GPS-GradientEstimation-Escape-Specialist-Exploiter,Exploiter,3.1414774306048026
2281,0.02819897070595291,HOG8-ML00-H2-GPS-GradientEstimation-Escape-Specialist-Exploiter,Exploiter,2.7913306887618097
2296,0.028064193908409946,HOG8-ML02-H1-GPS-GradientEstimation-Escape-Specialist-Refiner,Refiner,0.47794935123115484
2296,0.027400482305162843,HOG8-ML00-H2-GPS-GradientEstimation-Escape-Specialist-Exploiter,Exploiter,2.364976544180053
2305,0.02679075750901865,HOG8-ML00-H2-GPS-GradientEstimation-Escape-Specialist-Exploiter,Exploiter,2.225233809221341
2314,0.02613810335318114,HOG8-ML00-H2-GPS-GradientEstimation-Escape-Specialist-Exploiter,Exploiter,2.436116842227413
2325,0.025449837705829544,HOG8-ML00-H2-GPS-GradientEstimation-Escape-Specialist-Exploiter,Exploiter,2.6331889427923274
2340,0.024863229674065346,HOG8-ML00-H2-GPS-GradientEstimation-Escape-Specialist-Exploiter,Exploiter,2.3049578490232543
2351,0.024343211570381485,HOG8-ML00-H2-GPS-GradientEstimation-Escape-Specialist-Exploiter,Exploiter,2.0915147006275205
2362,0.023778464377960197,HOG8-ML00-H2-GPS-GradientEstimation-Escape-Specialist-Exploiter,Exploiter,2.319937083028186
2370,0.023269626043276825,HOG8-ML00-H2-GPS-GradientEstimation-Escape-Specialist-Exploiter,Exploiter,2.1399125132529786
2380,0.02267695773848588,HOG8-ML00-H2-GPS-GradientEstimation-Escape-Specialist-Exploiter,Exploiter,2.5469610198664117
2396,0.022120681483419655,HOG8-ML00-H2-GPS-GradientEstimation-Escape-Specialist-Exploiter,Exploiter,2.4530462219901303
2404,0.02163989178757189,HOG8-ML00-H2-GPS-GradientEstimation-Escape-Specialist-Exploiter,Exploiter,2.1734850086247794
2414,0.02119030845264187,HOG8-ML00-H2-GPS-GradientEstimation-Escape-Specialist-Exploiter,Exploiter,2.077567389630957
2425,0.020782281826369313,HOG8-ML00-H2-GPS-GradientEstimation-Escape-Specialist-Exploiter,Exploiter,1.925534152485104
2436,0.020361189310062196,HOG8-ML00-H2-GPS-GradientEstimation-Escape-Specialist-Exploiter,Exploiter,2.0262092479797817
2446,0.019850742727369745,HOG8-ML00-H2-GPS-GradientEstimation-Escape-Specialist-Exploiter,Exploiter,2.506958581442961
2456,0.019478234456103513,HOG8-ML00-H2-GPS-GradientEstimation-Escape-Specialist-Exploiter,Exploiter,1.8765457614471344
2470,0.01905083879464286,HOG8-ML00-H2-GPS-GradientEstimation-Escape-Specialist-Exploiter,Exploiter,2.194221773148077
2480,0.018598108772430268,HOG8-ML00-H2-GPS-GradientEstimation-Escape-Specialist-Exploiter,Exploiter,2.3764309125323133
2496,0.018187890960949513,HOG8-ML00-H2-GPS-GradientEstimation-Escape-Specialist-Exploiter,Exploiter,2.205696377520168
2506,0.017849793128616526,HOG8-ML00-H2-GPS-GradientEstimation-Escape-Specialist-Exploiter,Exploiter,1.8589171941865195
2514,0.017526251847228155,HOG8-ML00-H2-GPS-GradientEstimation-Escape-Specialist-Exploiter,Exploiter,1.8125772049967033
2530,0.0172146387033112,HOG8-ML00-H2-GPS-GradientEstimation-Escape-Specialist-Exploiter,Exploiter,1.777979379922238
2540,0.016901925012209967,HOG8-ML00-H2-GPS-GradientEstimation-Escape-Specialist-Exploiter,Exploiter,1.8165568066269158
2549,0.016602773471451233,HOG8-ML00-H2-GPS-GradientEstimation-Escape-Specialist-Exploiter,Exploiter,1.7699258548516013
2560,0.016261473668901,HOG8-ML00-H2-GPS-GradientEstimation-Escape-Specialist-Exploiter,Exploiter,2.0556794510092273
2569,0.015981753312408694,HOG8-ML00-H2-GPS-GradientEstimation-Escape-Specialist-Exploiter,Exploiter,1.7201414963223898
2585,0.015664869844973006,HOG8-ML00-H2-GPS-GradientEstimation-Escape-Specialist-Exploiter,Exploiter,1.9827828727005212
2595,0.01539909644884344,HOG8-ML00-H2-GPS-GradientEstimation-Escape-Specialist-Exploiter,Exploiter,1.696620519415642
2604,0.015119085218837557,HOG8-ML00-H2-GPS-GradientEstimation-Escape-Specialist-Exploiter,Exploiter,1.8183614274778745
2616,0.01481823728115825,HOG8-ML00-H2-GPS-GradientEstimation-Escape-Specialist-Exploiter,Exploiter,1.9898554265999326
2626,0.014581646372601224,HOG8-ML00-H2-GPS-GradientEstimation-Escape-Specialist-Exploiter,Exploiter,1.5966197872796648
2644,0.014321861134025607,HOG8-ML00-H2-GPS-GradientEstimation-Escape-Specialist-Exploiter,Exploiter,1.7815905826913472
2651,0.0141407135913305,HOG8-ML00-H2-GPS-GradientEstimation-Escape-Specialist-Exploiter,Exploiter,1.264832419473334
2665,0.014098536091173775,HOG8-ML00-H2-GPS-GradientEstimation-Escape-Specialist-Refiner,Refiner,0.298269955644832
2665,0.013877228730975012,HOG8-ML00-H2-GPS-GradientEstimation-Escape-Specialist-Exploiter,Exploiter,1.5697187195010305
2676,0.013634657555155128,HOG8-ML00-H2-GPS-GradientEstimation-Escape-Specialist-Exploiter,Exploiter,1.7479799499048858
2686,0.01344311315053788,HOG8-ML00-H2-GPS-GradientEstimation-Escape-Specialist-Exploiter,Exploiter,1.404834729749606
2695,0.013240456374345155,HOG8-ML00-H2-GPS-GradientEstimation-Escape-Specialist-Exploiter,Exploiter,1.5075137278348116
2709,0.013017799645982068,HOG8-ML00-H2-GPS-GradientEstimation-Escape-Specialist-Exploiter,Exploiter,1.681639379096545
2720,0.012842889265762407,HOG8-ML00-H2-GPS-GradientEstimation-Escape-Specialist-Exploiter,Exploiter,1.343624767444071
2730,0.012657481785908944,HOG8-ML00-H2-GPS-GradientEstimation-Escape-Specialist-Exploiter,Exploiter,1.4436586348816132
2739,0.01246106873793493,HOG8-ML00-H2-GPS-GradientEstimation-Escape-Specialist-Exploiter,Exploiter,1.5517545377206998
2759,0.012399021224812684,HOG8-ML00-H2-GPS-GradientEstimation-Escape-Specialist-Refiner,Refiner,0.4979309112817681
2765,0.01238704206698631,HOG8-ML00-H2-GPS-GradientEstimation-Escape-Specialist-Refiner,Refiner,0.09661373756181287
2765,0.012265120581858264,HOG8-ML00-H2-GPS-GradientEstimation-Escape-Specialist-Exploiter,Exploiter,0.9842663362949944
2779,0.012208732202021594,HOG8-ML00-H2-GPS-GradientEstimation-Escape-Specialist-Refiner,Refiner,0.459745825247539
2790,0.012085687012295404,HOG8-ML00-H2-GPS-GradientEstimation-Escape-Specialist-Exploiter,Exploiter,1.0078457590036705
2799,0.011935972535199707,HOG8-ML00-H2-GPS-GradientEstimation-Escape-Specialist-Exploiter,Exploiter,1.2387750646147326
2810,0.011796928378656122,HOG8-ML00-H2-GPS-GradientEstimation-Escape-Specialist-Exploiter,Exploiter,1.1649168606373523
2821,0.011658462209486731,HOG8-ML00-H2-GPS-GradientEstimation-Escape-Specialist-Exploiter,Exploiter,1.1737476462086
2836,0.011570057244304108,HOG8-ML00-H2-GPS-GradientEstimation-Escape-Specialist-Exploiter,Exploiter,0.7582901037384362
2836,0.011507364775340399,HOG8-ML00-H2-GPS-GradientEstimation-Escape-Specialist-Exploiter,Exploiter,0.5418509834475774
2846,0.011442634888488297,HOG8-ML00-H2-GPS-GradientEstimation-Escape-Specialist-Exploiter,Exploiter,0.562508342403588
2846,0.011383468727615758,HOG8-ML00-H2-GPS-GradientEstimation-Escape-Specialist-Exploiter,Exploiter,0.5170676286461078
2855,0.011281976597124203,HOG8-ML00-H2-GPS-GradientEstimation-Escape-Specialist-Exploiter,Exploiter,0.8915747292856336
2855,0.011227077110948317,HOG8-ML00-H2-GPS-GradientEstimation-Escape-Specialist-Refiner,Refiner,0.48661230328983845
2865,0.01108653516344688,HOG8-ML00-H2-GPS-GradientEstimation-Escape-Specialist-Exploiter,Exploiter,1.2518124362429428
2875,0.011040827830509773,HOG8-ML00-H2-GPS-GradientEstimation-Escape-Specialist-Refiner,Refiner,0.41227788721410336
2880,0.010955544905181351,HOG8-ML00-H2-GPS-GradientEstimation-Escape-Specialist-Exploiter,Exploiter,0.7724323450887888
2890,0.010838844613043535,HOG8-ML00-H2-GPS-GradientEstimation-Escape-Specialist-Exploiter,Exploiter,1.0652166838604613
2900,0.010736868541786994,HOG8-ML00-H2-GPS-GradientEstimation-Escape-Specialist-Exploiter,Exploiter,0.9408389445294022
2909,0.010655320051969,HOG8-ML00-H2-GPS-GradientEstimation-Escape-Specialist-Exploiter,Exploiter,0.7595183781995122
2911,0.010600529402593154,HOG8-ML00-H2-GPS-GradientEstimation-Escape-Specialist-Exploiter,Exploiter,0.5142093255633435
2920,0.010495091240171764,HOG8-ML00-H2-GPS-GradientEstimation-Escape-Specialist-Exploiter,Exploiter,0.9946499690439718
2935,0.010427970089063529,HOG8-ML00-H2-GPS-GradientEstimation-Escape-Specialist-Exploiter,Exploiter,0.6395480474844983
2935,0.010385682104762373,HOG8-ML00-H2-GPS-GradientEstimation-Escape-Specialist-Refiner,Refiner,0.40552460296665516
2945,0.01031368060786343,HOG8-ML00-H2-GPS-GradientEstimation-Escape-Specialist-Exploiter,Exploiter,0.6932765337187249
2945,0.010275755375554006,HOG8-ML00-H2-GPS-GradientEstimation-Escape-Specialist-Refiner,Refiner,0.3677177309573593
2955,0.010209270919390036,HOG8-ML00-H2-GPS-GradientEstimation-Escape-Specialist-Exploiter,Exploiter,0.6470031032670953
2955,0.010166848081610957,HOG8-ML00-H2-GPS-GradientEstimation-Escape-Specialist-Refiner,Refiner,0.4155324911449567
2966,0.010074251332225587,HOG8-ML00-H2-GPS-GradientEstimation-Escape-Specialist-Exploiter,Exploiter,0.9107714469821994
2980,0.009980509966233014,HOG8-ML00-H2-GPS-GradientEstimation-Escape-Specialist-Exploiter,Exploiter,0.9305045397538587
2990,0.009896285954803203,HOG8-ML00-H2-GPS-GradientEstimation-Escape-Specialist-Exploiter,Exploiter,0.8438848487178061
2999,0.009789493856222952,HOG8-ML00-H2-GPS-GradientEstimation-Escape-Specialist-Exploiter,Exploiter,1.0791129022339867
3013,0.009710367950168145,HOG8-ML00-H2-GPS-GradientEstimation-Escape-Specialist-Exploiter,Exploiter,0.8082737189166161
3029,0.009582004405877757,HOG8-ML00-H2-GPS-GradientEstimation-Escape-Specialist-Exploiter,Exploiter,1.3219225568910131
3041,0.009550150060759372,HOG8-ML00-H2-GPS-GradientEstimation-Escape-Specialist-Refiner,Refiner,0.3324392660354534
3046,0.009492202046887171,HOG8-ML00-H2-GPS-GradientEstimation-Escape-Specialist-Exploiter,Exploiter,0.6067759512000062
3050,0.009475839759356066,HOG8-ML00-H2-GPS-GradientEstimation-Escape-Specialist-Refiner,Refiner,0.17237609829924835
3054,0.00941594232052257,HOG8-ML00-H2-GPS-GradientEstimation-Escape-Specialist-Exploiter,Exploiter,0.6321069198574719
3067,0.009403988174899684,HOG8-ML00-H2-GPS-GradientEstimation-Escape-Specialist-Refiner,Refiner,0.1269564448884959
3069,0.00934945234840578,HOG8-ML00-H2-GPS-GradientEstimation-Escape-Specialist-Exploiter,Exploiter,0.5799223210367975
3079,0.00926239452880364,HOG8-ML00-H2-GPS-GradientEstimation-Escape-Specialist-Exploiter,Exploiter,0.931154214791886
3095,0.009194772267200784,HOG8-ML00-H2-GPS-GradientEstimation-Escape-Specialist-Exploiter,Exploiter,0.7300732158684005
3095,0.009181504719322053,HOG8-ML00-H2-GPS-GradientEstimation-Escape-Specialist-Refiner,Refiner,0.14429446965270168
3104,0.009103063748270922,HOG8-ML00-H2-GPS-GradientEstimation-Escape-Specialist-Exploiter,Exploiter,0.8543367721203207
3114,0.009040662194930613,HOG8-ML00-H2-GPS-GradientEstimation-Escape-Specialist-Exploiter,Exploiter,0.6855005640508922
3125,0.008988743436502064,HOG8-ML00-H2-GPS-GradientEstimation-Escape-Specialist-Exploiter,Exploiter,0.5742804819945755
3125,0.00896581066982723,HOG8-ML00-H2-GPS-GradientEstimation-Escape-Specialist-Refiner,Refiner,0.255127614185846
3134,0.008901839209816752,HOG8-ML00-H2-GPS-GradientEstimation-Escape-Specialist-Exploiter,Exploiter,0.7135044712215612
3144,0.008844091107851136,HOG8-ML00-H2-GPS-GradientEstimation-Escape-Specialist-Exploiter,Exploiter,0.6487210182580359
3154,0.008785801975958733,HOG8-ML00-H2-GPS-GradientEstimation-Escape-Specialist-Exploiter,Exploiter,0.6590743037535874
3169,0.008730736165920816,HOG8-ML00-H2-GPS-GradientEstimation-Escape-Specialist-Exploiter,Exploiter,0.6267590618203978
3179,0.00866566059858638,HOG8-ML00-H2-GPS-GradientEstimation-Escape-Specialist-Exploiter,Exploiter,0.7453617438177674
3190,0.008600692084069252,HOG8-ML00-H2-GPS-GradientEstimation-Escape-Specialist-Exploiter,Exploiter,0.7497237374808692
3200,0.008548366132494713,HOG8-ML00-H2-GPS-GradientEstimation-Escape-Specialist-Exploiter,Exploiter,0.6083923370708737
3209,0.008507964161189825,HOG8-ML00-H2-GPS-GradientEstimation-Escape-Specialist-Refiner,Refiner,0.4726279932174264
3220,0.008460011556260444,HOG8-ML00-H2-GPS-GradientEstimation-Escape-Specialist-Exploiter,Exploiter,0.563620203621958
3230,0.008410718646900388,HOG8-ML00-H2-GPS-GradientEstimation-Escape-Specialist-Exploiter,Exploiter,0.5826577071703696
3245,0.008357338774415895,HOG8-ML00-H2-GPS-GradientEstimation-Escape-Specialist-Exploiter,Exploiter,0.6346648214676133
3255,0.00830235682057166,HOG8-ML00-H2-GPS-GradientEstimation-Escape-Specialist-Exploiter,Exploiter,0.6578882982768408
3265,0.008267079457228906,HOG8-ML00-H2-GPS-GradientEstimation-Escape-Specialist-Refiner,Refiner,0.4249078196126561
3279,0.008215307191900948,HOG8-ML00-H2-GPS-GradientEstimation-Escape-Specialist-Exploiter,Exploiter,0.6262461319721204
3289,0.008173490595315934,HOG8-ML00-H2-GPS-GradientEstimation-Escape-Specialist-Exploiter,Exploiter,0.5090083134838701
3299,0.00813651254729706,HOG8-ML00-H2-GPS-GradientEstimation-Escape-Specialist-Refiner,Refiner,0.4524143948983681
3310,0.008087393561104151,HOG8-ML00-H2-GPS-GradientEstimation-Escape-Specialist-Exploiter,Exploiter,0.6036859884057652
3324,0.008066795039246158,HOG8-ML00-H2-GPS-GradientEstimation-Escape-Specialist-Refiner,Refiner,0.2546991401167877
3324,0.00804541025045803,HOG8-ML00-H2-GPS-GradientEstimation-Escape-Specialist-Refiner,Refiner,0.26509646872255554
3334,0.008023304896528034,HOG8-ML00-H2-GPS-GradientEstimation-Escape-Specialist-Refiner,Refiner,0.27475732426121646
3334,0.007998441838700274,HOG8-ML00-H2-GPS-GradientEstimation-Escape-Specialist-Refiner,Refiner,0.3098854916821001
3350,0.00795632970828204,HOG8-ML00-H2-GPS-GradientEstimation-Escape-Specialist-Exploiter,Exploiter,0.5265041775321206
3360,0.007918795067410483,HOG8-ML00-H2-GPS-GradientEstimation-Escape-Specialist-Refiner,Refiner,0.47175823838077663
3370,0.007884714541457201,HOG8-ML00-H2-GPS-GradientEstimation-Escape-Specialist-Refiner,Refiner,0.4303751475213531
3380,0.0078756550213777,HOG8-ML00-H2-GPS-GradientEstimation-Escape-Specialist-Refiner,Refiner,0.11489978529807975
3386,0.007848149479975483,HOG8-ML00-H2-GPS-GradientEstimation-Escape-Specialist-Refiner,Refiner,0.34924766673446117
3392,0.007844483155844583,HOG8-ML00-H2-GPS-GradientEstimation-Escape-Specialist-Polisher,Polisher,0.04671577854441916
3394,0.00781562415387245,HOG8-ML00-H2-GPS-GradientEstimation-Escape-Specialist-Refiner,Refiner,0.3678891444955403
3404,0.007813222502075279,HOG8-ML00-H2-GPS-GradientEstimation-Escape-Specialist-Polisher,Polisher,0.03072885478993933
3404,0.007785885678153481,HOG8-ML00-H2-GPS-GradientEstimation-Escape-Specialist-Refiner,Refiner,0.3498789892971461
3415,0.007755642033528457,HOG8-ML00-H2-GPS-GradientEstimation-Escape-Specialist-Refiner,Refiner,0.3884419303751743
3425,0.007746628292274513,HOG8-ML00-H2-GPS-GradientEstimation-Escape-Specialist-Refiner,Refiner,0.11622172883916913
3430,0.007720259029566173,HOG8-ML00-H2-GPS-GradientEstimation-Escape-Specialist-Refiner,Refiner,0.34039664371966405
3435,0.007712657771209867,HOG8-ML00-H2-GPS-GradientEstimation-Escape-Specialist-Refiner,Refiner,0.09845859222073988
3440,0.00769240298909821,HOG8-ML00-H2-GPS-GradientEstimation-Escape-Specialist-Refiner,Refiner,0.2626174103985968
3445,0.007682751042703275,HOG8-ML00-H2-GPS-GradientEstimation-Escape-Specialist-Refiner,Refiner,0.12547374869223316
3449,0.007661725105038218,HOG8-ML00-H2-GPS-GradientEstimation-Escape-Specialist-Refiner,Refiner,0.2736771964650113
3454,0.007661090556835325,HOG8-ML00-H2-GPS-GradientEstimation-Escape-Specialist-Polisher,Polisher,0.00828205390031234
3459,0.00763272030100417,HOG8-ML00-H2-GPS-GradientEstimation-Escape-Specialist-Refiner,Refiner,0.3703161530422368
3469,0.007605940217582575,HOG8-ML00-H2-GPS-GradientEstimation-Escape-Specialist-Refiner,Refiner,0.350858964635092
3480,0.007603816700133659,HOG8-ML00-H2-GPS-GradientEstimation-Escape-Specialist-Polisher,Polisher,0.027919197208610386
3485,0.007578512601944778,HOG8-ML00-H2-GPS-GradientEstimation-Escape-Specialist-Refiner,Refiner,0.3327815383613356
3490,0.007572090249540013,HOG8-ML00-H2-GPS-GradientEstimation-Escape-Specialist-Refiner,Refiner,0.08474423336205651
3495,0.007548077628568968,HOG8-ML00-H2-GPS-GradientEstimation-Escape-Specialist-Refiner,Refiner,0.31712011056000816
3499,0.007546454734996088,HOG8-ML00-H2-GPS-GradientEstimation-Escape-Specialist-Polisher,Polisher,0.021500753605630803
3504,0.007522523541274709,HOG8-ML00-H2-GPS-GradientEstimation-Escape-Specialist-Refiner,Refiner,0.31711836301620944
3525,0.007498895102135012,HOG8-ML00-H2-GPS-GradientEstimation-Escape-Specialist-Refiner,Refiner,0.3141025615945537
3534,0.007491527405094119,HOG8-ML00-H2-GPS-GradientEstimation-Escape-Specialist-Refiner,Refiner,0.09825043477131282
3544,0.0074833248141442715,HOG8-ML00-H2-GPS-GradientEstimation-Escape-Specialist-Refiner,Refiner,0.10949156969338644
3551,0.007479810707204121,HOG8-ML00-H2-GPS-GradientEstimation-Escape-Specialist-Polisher,Polisher,0.04695916624531315
3555,0.007465345816154828,HOG8-ML00-H2-GPS-GradientEstimation-Escape-Specialist-Refiner,Refiner,0.1933857903029719
3559,0.007462716591994282,HOG8-ML00-H2-GPS-GradientEstimation-Escape-Specialist-Polisher,Polisher,0.03521905381604832
3574,0.007450306475023636,HOG8-ML00-H2-GPS-GradientEstimation-Escape-Specialist-Refiner,Refiner,0.16629489834786126
3579,0.007435435707368387,HOG8-ML00-H2-GPS-GradientEstimation-Escape-Specialist-Refiner,Refiner,0.19959940849550417
3585,0.007432231359868572,HOG8-ML02-H1-GPS-GradientEstimation-Escape-Specialist-Polisher,Polisher,0.04309562513787371
3589,0.007409602529169064,HOG8-ML00-H2-GPS-GradientEstimation-Escape-Specialist-Refiner,Refiner,0.3044688681476654
3600,0.007386617380825987,HOG8-ML00-H2-GPS-GradientEstimation-Escape-Specialist-Refiner,Refiner,0.31020757527266046
3610,0.0073791999447925015,HOG8-ML02-H1-GPS-GradientEstimation-Escape-Specialist-Refiner,Refiner,0.10041722281080086
3612,0.007248231053344304,HOG8-ML04-H1-GPS-Sniper-Specialist-Exploiter,Exploiter,1.7748386332941486
3621,0.007138651277435909,HOG8-ML04-H1-GPS-Sniper-Specialist-Exploiter,Exploiter,1.511814056449476
3629,0.007008756272711073,HOG8-ML04-H1-GPS-Sniper-Specialist-Exploiter,Exploiter,1.819601486003556
3641,0.006976464093963214,HOG8-ML04-H1-GPS-Sniper-Specialist-Refiner,Refiner,0.4607405007588903
3651,0.006909223022099488,HOG8-ML04-H1-GPS-Sniper-Specialist-Exploiter,Exploiter,0.963827391040543
3659,0.006862202939778959,HOG8-ML04-H1-GPS-Sniper-Specialist-Exploiter,Exploiter,0.6805408100177528
3661,0.006854319384013977,HOG8-ML04-H1-GPS-Sniper-Specialist-Refiner,Refiner,0.11488374555760243
3671,0.006802453816721156,HOG8-ML04-H1-GPS-Sniper-Specialist-Exploiter,Exploiter,0.7566844260829875
3681,0.006742545815330782,HOG8-ML04-H1-GPS-Sniper-Specialist-Exploiter,Exploiter,0.8806822215112096
3696,0.006699839205628409,HOG8-ML04-H1-GPS-Sniper-Specialist-Exploiter,Exploiter,0.6333899816486103
3704,0.00666150069848118,HOG8-ML04-H1-GPS-Sniper-Specialist-Exploiter,Exploiter,0.5722302576309872
3717,0.006635174187691235,HOG8-ML04-H1-GPS-Sniper-Specialist-Refiner,Refiner,0.3952039034679922
3727,0.006606779716517275,HOG8-ML04-H1-GPS-Sniper-Specialist-Refiner,Refiner,0.4279385946887927
3734,0.006582795805461698,HOG8-ML04-H1-GPS-Sniper-Specialist-Refiner,Refiner,0.36301968711952604
3746,0.006545414610381787,HOG8-ML04-H1-GPS-Sniper-Specialist-Exploiter,Exploiter,0.5678619872865576
3757,0.006487922590616355,HOG8-ML04-H1-GPS-Sniper-Specialist-Exploiter,Exploiter,0.8783556609881285
3772,0.006462799593840722,HOG8-ML04-H1-GPS-Sniper-Specialist-Refiner,Refiner,0.3872271351074435
3781,0.006419946409335693,HOG8-ML04-H1-GPS-Sniper-Specialist-Exploiter,Exploiter,0.6630746301629055
3792,0.006386523109143863,HOG8-ML04-H1-GPS-Sniper-Specialist-Exploiter,Exploiter,0.5206164983437692
3802,0.006347045573992816,HOG8-ML04-H1-GPS-Sniper-Specialist-Exploiter,Exploiter,0.6181381398984601
3810,0.006323702562753435,HOG8-ML04-H1-GPS-Sniper-Specialist-Refiner,Refiner,0.36777758986054665
3824,0.006305199099919737,HOG8-ML04-H1-GPS-Sniper-Specialist-Refiner,Refiner,0.29260488851394273
3832,0.0062745120112493126,HOG8-ML04-H1-GPS-Sniper-Specialist-Refiner,Refiner,0.4866949985895714
3839,0.006238594027114482,HOG8-ML04-H1-GPS-Sniper-Specialist-Exploiter,Exploiter,0.5724426707676222
3851,0.006213117907919806,HOG8-ML04-H1-GPS-Sniper-Specialist-Refiner,Refiner,0.4083631517606411
3862,0.006179505511757657,HOG8-ML04-H1-GPS-Sniper-Specialist-Exploiter,Exploiter,0.5409907981836845
3878,0.006104290621231252,HOG8-ML04-H1-GPS-Sniper-Specialist-Exploiter,Exploiter,1.2171668167184992
3882,0.006023653460679734,HOG8-ML04-H1-GPS-Sniper-Specialist-Exploiter,Exploiter,1.320991505074397
3897,0.005999494251391785,HOG8-ML04-H1-GPS-Sniper-Specialist-Refiner,Refiner,0.40107236323689316
3901,0.00599935953001725,HOG8-ML04-H1-GPS-Sniper-Specialist-Polisher,Polisher,0.0022455455225096404
3913,0.005943850885431437,HOG8-ML04-H1-GPS-Sniper-Specialist-Exploiter,Exploiter,0.9252428414746664
3921,0.005933921103550207,HOG8-ML04-H1-GPS-Sniper-Specialist-Refiner,Refiner,0.16705974077459848
3931,0.005931359368706924,HOG8-ML04-H1-GPS-Sniper-Specialist-Polisher,Polisher,0.043171029721810764
3932,0.0058979135013716485,HOG8-ML04-H1-GPS-Sniper-Specialist-Exploiter,Exploiter,0.5638819915672565
3942,0.005881783671434828,HOG8-ML04-H1-GPS-Sniper-Specialist-Refiner,Refiner,0.2734836638935034
3952,0.005869085092946746,HOG8-ML04-H1-GPS-Sniper-Specialist-Refiner,Refiner,0.21589672788805067
3964,0.005834840762879859,HOG8-ML04-H1-GPS-Sniper-Specialist-Exploiter,Exploiter,0.5834696468797279
3968,0.005796230868058183,HOG8-ML04-H1-GPS-Sniper-Specialist-Exploiter,Exploiter,0.6617129136977471
3972,0.00577782847977263,HOG8-ML04-H1-GPS-Sniper-Specialist-Refiner,Refiner,0.3174888769004106
3981,0.005717580282992487,HOG8-ML04-H1-GPS-Sniper-Specialist-Exploiter,Exploiter,1.0427481014894027
3991,0.005685265850369853,HOG8-ML04-H1-GPS-Sniper-Specialist-Exploiter,Exploiter,0.565176718528233
4005,0.005645089462459813,HOG8-ML04-H1-GPS-Sniper-Specialist-Exploiter,Exploiter,0.7066756237516276
4016,0.00562283096876905,HOG8-ML04-H1-GPS-Sniper-Specialist-Refiner,Refiner,0.39429833377812296
4023,0.005606459850633223,HOG8-ML04-H1-GPS-Sniper-Specialist-Refiner,Refiner,0.29115437093444896
4034,0.0055881354368135325,HOG8-ML04-H1-GPS-Sniper-Specialist-Refiner,Refiner,0.32684464542488045
4046,0.005531964053143905,HOG8-ML04-H1-GPS-Sniper-Specialist-Exploiter,Exploiter,1.005190090769475
4058,0.005502756852863978,HOG8-ML04-H1-GPS-Sniper-Specialist-Exploiter,Exploiter,0.5279716209169527
4064,0.005480792276187996,HOG8-ML04-H1-GPS-Sniper-Specialist-Refiner,Refiner,0.3991558642928333
4077,0.005459942714438843,HOG8-ML04-H1-GPS-Sniper-Specialist-Refiner,Refiner,0.38041145692999034
4087,0.005404957828478029,HOG8-ML04-H1-GPS-Sniper-Specialist-Exploiter,Exploiter,1.0070597593525246
4095,0.005401190621120273,HOG8-ML04-H1-GPS-Sniper-Specialist-Refiner,Refiner,0.06969910732526052
4102,0.005399274699810894,HOG8-ML01-H2-GPS-GradientEstimation-Escape-Specialist-Polisher,Polisher,0.035472203145128
4106,0.005370715600610138,HOG8-ML04-H1-GPS-Sniper-Specialist-Exploiter,Exploiter,0.5289432523549215
4116,0.005347800030447667,HOG8-ML04-H1-GPS-Sniper-Specialist-Refiner,Refiner,0.426676291700641
4125,0.005326696994376479,HOG8-ML04-H1-GPS-Sniper-Specialist-Refiner,Refiner,0.39461154027894546
4137,0.005322340293493131,HOG8-ML04-H1-GPS-Sniper-Specialist-Refiner,Refiner,0.08178991386121379
4146,0.005253462882428171,HOG8-ML04-H1-GPS-Sniper-Specialist-Exploiter,Exploiter,1.2941188888122515
4156,0.00523035628830047,HOG8-ML04-H1-GPS-Sniper-Specialist-Refiner,Refiner,0.4398354884163803
4168,0.005207473654505641,HOG8-ML04-H1-GPS-Sniper-Specialist-Refiner,Refiner,0.4374966547883825
4181,0.005199385991780772,HOG8-ML04-H1-GPS-Sniper-Specialist-Refiner,Refiner,0.15530875932270194
4186,0.0051892890099009175,HOG8-ML04-H1-GPS-Sniper-Specialist-Refiner,Refiner,0.1941956587915564
4198,0.005173821223632351,HOG8-ML04-H1-GPS-Sniper-Specialist-Refiner,Refiner,0.298071397431418
4211,0.005147447769292202,HOG8-ML04-H1-GPS-Sniper-Specialist-Exploiter,Exploiter,0.5097480798076875
4216,0.0050931569505441735,HOG8-ML04-H1-GPS-Sniper-Specialist-Exploiter,Exploiter,1.0547133488543208
4226,0.005085008078246565,HOG8-ML04-H1-GPS-Sniper-Specialist-Refiner,Refiner,0.1599964889504922
4236,0.005058797497176665,HOG8-ML04-H1-GPS-Sniper-Specialist-Exploiter,Exploiter,0.5154481697291262
4245,0.005046568362500618,HOG8-ML04-H1-GPS-Sniper-Specialist-Refiner,Refiner,0.24173995268385895
4256,0.0050153019030111734,HOG8-ML04-H1-GPS-Sniper-Specialist-Exploiter,Exploiter,0.6195588218278167
4267,0.004979287303596331,HOG8-ML04-H1-GPS-Sniper-Specialist-Exploiter,Exploiter,0.7180943462888916
4274,0.0049574988732446115,HOG8-ML04-H1-GPS-Sniper-Specialist-Refiner,Refiner,0.43758130477794843
4286,0.004937478069332814,HOG8-ML04-H1-GPS-Sniper-Specialist-Refiner,Refiner,0.4038488847642235
4296,0.004863771703431021,HOG8-ML04-H1-GPS-Sniper-Specialist-Exploiter,Exploiter,1.4927937879783377
4312,0.004854382267195945,HOG8-ML04-H1-GPS-Sniper-Specialist-Refiner,Refiner,0.19304845719737584
4321,0.004830161527424957,HOG8-ML04-H1-GPS-Sniper-Specialist-Refiner,Refiner,0.4989458686569071
4327,0.004820328225800653,HOG8-ML04-H1-GPS-Sniper-Specialist-Refiner,Refiner,0.20358121707674484
4337,0.004796465181984882,HOG8-ML04-H1-GPS-Sniper-Specialist-Refiner,Refiner,0.49505018533893563
4347,0.004788497471569318,HOG8-ML04-H1-GPS-Sniper-Specialist-Refiner,Refiner,0.1661162984251287
4358,0.0047808079216003115,HOG8-ML04-H1-GPS-Sniper-Specialist-Refiner,Refiner,0.1605837742352792
4371,0.004777569467309024,HOG8-ML04-H1-GPS-Sniper-Specialist-Refiner,Refiner,0.06773864050584455
4380,0.0047298774310272785,HOG8-ML04-H1-GPS-Sniper-Specialist-Exploiter,Exploiter,0.9982489340674691
4395,0.004721546878788037,HOG8-ML04-H1-GPS-Sniper-Specialist-Refiner,Refiner,0.17612617579885106
4406,0.004717225061805471,HOG8-ML04-H1-GPS-Sniper-Specialist-Refiner,Refiner,0.09153392084239696
4411,0.004695432854070454,HOG8-ML04-H1-GPS-Sniper-Specialist-Refiner,Refiner,0.46197091403299684
4426,0.004688157589657237,HOG8-ML04-H1-GPS-Sniper-Specialist-Refiner,Refiner,0.15494342352080018
4431,0.0046567934927631074,HOG8-ML04-H1-GPS-Sniper-Specialist-Exploiter,Exploiter,0.6690068815801656
4440,0.004639087726589873,HOG8-ML04-H1-GPS-Sniper-Specialist-Refiner,Refiner,0.3802136856777027
4453,0.004626152700459749,HOG8-ML04-H1-GPS-Sniper-Specialist-Refiner,Refiner,0.27882693521799023
4466,0.004593870967058305,HOG8-ML04-H1-GPS-Sniper-Specialist-Exploiter,Exploiter,0.6978095080656523
4472,0.004570839924993873,HOG8-ML04-H1-GPS-Sniper-Specialist-Exploiter,Exploiter,0.5013428158862616
4485,0.004559063365465393,HOG8-ML04-H1-GPS-Sniper-Specialist-Refiner,Refiner,0.25764541576013356
4492,0.004519762673796479,HOG8-ML04-H1-GPS-Sniper-Specialist-Exploiter,Exploiter,0.8620343372854626
4507,0.0045170999838578165,HOG8-ML04-H1-GPS-Sniper-Specialist-Refiner,Refiner,0.058912162669498475
4515,0.004461467189320799,HOG8-ML04-H1-GPS-Sniper-Specialist-Exploiter,Exploiter,1.2316042313835314
4530,0.004430276364473134,HOG8-ML04-H1-GPS-Sniper-Specialist-Exploiter,Exploiter,0.6991158631027143
4542,0.004392379596443952,HOG8-ML04-H1-GPS-Sniper-Specialist-Exploiter,Exploiter,0.8554041534086001
4552,0.004385679353512084,HOG8-ML04-H1-GPS-Sniper-Specialist-Refiner,Refiner,0.15254243821030228
4561,0.0043576556994718565,HOG8-ML04-H1-GPS-Sniper-Specialist-Exploiter,Exploiter,0.6389809145027006
4572,0.004340402789220431,HOG8-ML04-H1-GPS-Sniper-Specialist-Refiner,Refiner,0.395921831399305
4583,0.0043184284504144185,HOG8-ML04-H1-GPS-Sniper-Specialist-Exploiter,Exploiter,0.5062741840593011
4592,0.004311928695223344,HOG8-ML04-H1-GPS-Sniper-Specialist-Refiner,Refiner,0.15051205005957535
4602,0.004299325964792832,HOG8-ML04-H1-GPS-Sniper-Specialist-Refiner,Refiner,0.292275947059901
4612,0.004289143650047079,HOG8-ML04-H1-GPS-Sniper-Specialist-Refiner,Refiner,0.23683514181376142
4627,0.004264904270571229,HOG8-ML04-H1-GPS-Sniper-Specialist-Exploiter,Exploiter,0.5651333098993705
4634,0.00422845190618819,HOG8-ML04-H1-GPS-Sniper-Specialist-Exploiter,Exploiter,0.8547053361682424
4643,0.004206654925098789,HOG8-ML04-H1-GPS-Sniper-Specialist-Exploiter,Exploiter,0.51548371775263
4652,0.004191365141308807,HOG8-ML04-H1-GPS-Sniper-Specialist-Refiner,Refiner,0.3634665562596049
4661,0.004191128838613381,HOG8-ML04-H1-GPS-Sniper-Specialist-Polisher,Polisher,0.005637845605427438
4666,0.004180312744778356,HOG8-ML04-H1-GPS-Sniper-Specialist-Refiner,Refiner,0.2580711367156058
4680,0.004168650286247647,HOG8-ML04-H1-GPS-Sniper-Specialist-Refiner,Refiner,0.27898531145249295
4682,0.0041639745377068105,HOG8-ML04-H1-GPS-Sniper-Specialist-Refiner,Refiner,0.11216456694058054
4695,0.004146824712329327,HOG8-ML04-H1-GPS-Sniper-Specialist-Refiner,Refiner,0.4118619175545753
4707,0.004134335628402904,HOG8-ML04-H1-GPS-Sniper-Specialist-Refiner,Refiner,0.30117221712532655
4723,0.004122355882242374,HOG8-ML04-H1-GPS-Sniper-Specialist-Refiner,Refiner,0.28976230372369366
4727,0.004088286592292785,HOG8-ML04-H1-GPS-Sniper-Specialist-Exploiter,Exploiter,0.8264519348353008
4737,0.004085611392260952,HOG8-ML04-H1-GPS-Sniper-Specialist-Refiner,Refiner,0.06543572646976632
4747,0.004064475809417871,HOG8-ML04-H1-GPS-Sniper-Specialist-Exploiter,Exploiter,0.5173175031555078
4758,0.004050575546647822,HOG8-ML04-H1-GPS-Sniper-Specialist-Refiner,Refiner,0.3419939845093941
4768,0.004042783523194208,HOG8-ML04-H1-GPS-Sniper-Specialist-Refiner,Refiner,0.19236830331588228
4778,0.004031369210027022,HOG8-ML04-H1-GPS-Sniper-Specialist-Refiner,Refiner,0.28233797584510995
4783,0.004030007119467185,HOG8-ML04-H1-GPS-Sniper-Specialist-Polisher,Polisher,0.03378729381692681
4786,0.004023350686422118,HOG8-ML04-H1-GPS-Sniper-Specialist-Refiner,Refiner,0.16517174406249507
4797,0.00400454920936765,HOG8-ML04-H1-GPS-Sniper-Specialist-Refiner,Refiner,0.46730893028833764
4811,0.003999436192561374,HOG8-ML04-H1-GPS-Sniper-Specialist-Refiner,Refiner,0.12768020915601483
4821,0.003983803164745992,HOG8-ML04-H1-GPS-Sniper-Specialist-Refiner,Refiner,0.3908807907589135
4831,0.00396964752951012,HOG8-ML04-H1-GPS-Sniper-Specialist-Refiner,Refiner,0.35532968498895084
4843,0.003938237146151579,HOG8-ML04-H1-GPS-Sniper-Specialist-Exploiter,Exploiter,0.7912637866470044
4852,0.003935675654481207,HOG8-ML04-H1-GPS-Sniper-Specialist-Refiner,Refiner,0.06504158016171714
4866,0.003914582121752382,HOG8-ML04-H1-GPS-Sniper-Specialist-Exploiter,Exploiter,0.5359570904885684
4877,0.003897560258576783,HOG8-ML04-H1-GPS-Sniper-Specialist-Refiner,Refiner,0.43483219015927876
4888,0.003872689156320422,HOG8-ML04-H1-GPS-Sniper-Specialist-Exploiter,Exploiter,0.6381197622700221
4902,0.003867049433859945,HOG8-ML04-H1-GPS-Sniper-Specialist-Refiner,Refiner,0.1456280696133988
4913,0.003860247697147848,HOG8-ML04-H1-GPS-Sniper-Specialist-Refiner,Refiner,0.17588957235821415
4921,0.0038466005908963687,HOG8-ML04-H1-GPS-Sniper-Specialist-Refiner,Refiner,0.35352928936561434
4933,0.003839729598440932,HOG8-ML04-H1-GPS-Sniper-Specialist-Refiner,Refiner,0.17862505589216035
4942,0.003826247299984193,HOG8-ML04-H1-GPS-Sniper-Specialist-Refiner,Refiner,0.3511262475934038
4958,0.0038172405445272496,HOG8-ML04-H1-GPS-Sniper-Specialist-Refiner,Refiner,0.23539397092761125
4962,0.0038039036573551256,HOG8-ML04-H1-GPS-Sniper-Specialist-Refiner,Refiner,0.349385557880156
4972,0.003791708113585485,HOG8-ML04-H1-GPS-Sniper-Specialist-Refiner,Refiner,0.32060601077683587
4981,0.003761660506007424,HOG8-ML04-H1-GPS-Sniper-Specialist-Exploiter,Exploiter,0.792455713307739
4992,0.003757740646830396,HOG8-ML04-H1-GPS-Sniper-Specialist-Refiner,Refiner,0.10420555418990796
5004,0.0037472010530920155,HOG8-ML04-H1-GPS-Sniper-Specialist-Refiner,Refiner,0.2804768803634829
5011,0.003723088629135855,HOG8-ML04-H1-GPS-Sniper-Specialist-Exploiter,Exploiter,0.6434782552237028
5021,0.0037036705621041766,HOG8-ML04-H1-GPS-Sniper-Specialist-Exploiter,Exploiter,0.5215580118001429
5032,0.0036923189755382886,HOG8-ML04-H1-GPS-Sniper-Specialist-Refiner,Refiner,0.3064955798724934
5042,0.0036747800873939158,HOG8-ML04-H1-GPS-Sniper-Specialist-Refiner,Refiner,0.4750101023386229
5051,0.0036625344464338233,HOG8-ML04-H1-GPS-Sniper-Specialist-Refiner,Refiner,0.3332346608195759
5061,0.003649889207852676,HOG8-ML04-H1-GPS-Sniper-Specialist-Refiner,Refiner,0.3452592396355465
5076,0.0036225131867064983,HOG8-ML04-H1-GPS-Sniper-Specialist-Exploiter,Exploiter,0.7500507436576047
5085,0.003600834280095784,HOG8-ML04-H1-GPS-Sniper-Specialist-Exploiter,Exploiter,0.5984493497572108
5100,0.003586334238935,HOG8-ML04-H1-GPS-Sniper-Specialist-Refiner,Refiner,0.4026856009712967
5108,0.003580011805241567,HOG8-ML04-H1-GPS-Sniper-Specialist-Refiner,Refiner,0.17629237188194302
5116,0.003562556733510791,HOG8-ML04-H1-GPS-Sniper-Specialist-Refiner,Refiner,0.4875702282662849
5128,0.0035554067687820086,HOG8-ML04-H1-GPS-Sniper-Specialist-Refiner,Refiner,0.20069756816858217
5138,0.0035444955236501575,HOG8-ML04-H1-GPS-Sniper-Specialist-Refiner,Refiner,0.3068916116056418
5145,0.003524350956970402,HOG8-ML04-H1-GPS-Sniper-Specialist-Exploiter,Exploiter,0.5683338163454719
5157,0.0035121917507054752,HOG8-ML04-H1-GPS-Sniper-Specialist-Refiner,Refiner,0.3450055460815731
5168,0.0035086126619977573,HOG8-ML04-H1-GPS-Sniper-Specialist-Refiner,Refiner,0.10190470685431655
5175,0.003483573987595006,HOG8-ML04-H1-GPS-Sniper-Specialist-Exploiter,Exploiter,0.7136346133031006
5188,0.003479704086709851,HOG8-ML04-H1-GPS-Sniper-Specialist-Refiner,Refiner,0.1110899581560748
5198,0.003472938013775459,HOG8-ML04-H1-GPS-Sniper-Specialist-Refiner,Refiner,0.19444391723519103
5206,0.0034621106692422003,HOG8-ML04-H1-GPS-Sniper-Specialist-Refiner,Refiner,0.3117632531969191
5219,0.003462098958494581,HOG8-ML04-H1-GPS-Sniper-Specialist-Polisher,Polisher,0.0003382545717992391
5226,0.0034562674173380273,HOG8-ML04-H1-GPS-Sniper-Specialist-Refiner,Refiner,0.16843947057738912
5237,0.0034266809155634793,HOG8-ML04-H1-GPS-Sniper-Specialist-Exploiter,Exploiter,0.8560246706065099
5246,0.003421310145378894,HOG8-ML04-H1-GPS-Sniper-Specialist-Refiner,Refiner,0.15673388672379446
5257,0.0034174457144909402,HOG8-ML04-H1-GPS-Sniper-Specialist-Refiner,Refiner,0.11295178524441975
5266,0.003412663004496072,HOG8-ML04-H1-GPS-Sniper-Specialist-Refiner,Refiner,0.13994984542367478
5276,0.003394093994003337,HOG8-ML04-H1-GPS-Sniper-Specialist-Exploiter,Exploiter,0.5441208366683453
5286,0.003390912964034584,HOG8-ML04-H1-GPS-Sniper-Specialist-Refiner,Refiner,0.0937225066357345
5293,0.003390444846457236,HOG8-ML04-H1-GPS-Sniper-Specialist-Polisher,Polisher,0.013805060239324183
5296,0.003385595901197246,HOG8-ML04-H1-GPS-Sniper-Specialist-Refiner,Refiner,0.14301796606592398
5304,0.003385218929176073,HOG8-ML04-H1-GPS-Sniper-Specialist-Polisher,Polisher,0.011134584048844308
5307,0.003371117229717192,HOG8-ML04-H1-GPS-Sniper-Specialist-Refiner,Refiner,0.4165668381841727
5319,0.0033625750647239684,HOG8-ML04-H1-GPS-Sniper-Specialist-Refiner,Refiner,0.2533927007320477
5333,0.0033548296686729383,HOG8-ML04-H1-GPS-Sniper-Specialist-Refiner,Refiner,0.23034120880408862
5341,0.003350386751280727,HOG8-ML04-H1-GPS-Sniper-Specialist-Refiner,Refiner,0.13243347147244638
5352,0.0033421676137165564,HOG8-ML04-H1-GPS-Sniper-Specialist-Refiner,Refiner,0.2453190683442433
5363,0.0033371541806717694,HOG8-ML04-H1-GPS-Sniper-Specialist-Refiner,Refiner,0.1500054343238624
5373,0.0033287303063754973,HOG8-ML04-H1-GPS-Sniper-Specialist-Refiner,Refiner,0.2524268835123583
5387,0.0033241577715297983,HOG8-ML04-H1-GPS-Sniper-Specialist-Refiner,Refiner,0.13736573482511416
5393,0.0033169254406473113,HOG8-ML04-H1-GPS-Sniper-Specialist-Refiner,Refiner,0.21756882132458638
5406,0.0033121004375039793,HOG8-ML04-H1-GPS-Sniper-Specialist-Refiner,Refiner,0.1454661321054687
5411,0.003306311535865172,HOG8-ML04-H1-GPS-Sniper-Specialist-Refiner,Refiner,0.1747803772270284
5426,0.003287647952436433,HOG8-ML04-H1-GPS-Sniper-Specialist-Exploiter,Exploiter,0.5644835105913601
5436,0.003280743135519167,HOG8-ML04-H1-GPS-Sniper-Specialist-Refiner,Refiner,0.2100230017678389
5444,0.0032731991031184635,HOG8-ML04-H1-GPS-Sniper-Specialist-Refiner,Refiner,0.22994888929363813
5457,0.0032677188216832576,HOG8-ML04-H1-GPS-Sniper-Specialist-Refiner,Refiner,0.1674289055616764
5466,0.003246798474799158,HOG8-ML04-H1-GPS-Sniper-Specialist-Exploiter,Exploiter,0.6402125772046496
5481,0.003221873998972875,HOG8-ML04-H1-GPS-Sniper-Specialist-Exploiter,Exploiter,0.767663161718857
5490,0.0032033930545204165,HOG8-ML04-H1-GPS-Sniper-Specialist-Exploiter,Exploiter,0.5736085414373797
5493,0.0032015525918792876,HOG8-ML04-H1-GPS-Sniper-Specialist-Refiner,Refiner,0.057453537852051616
5501,0.003194648502503599,HOG8-ML04-H1-GPS-Sniper-Specialist-Refiner,Refiner,0.2156481637440761
5513,0.0031770043196972957,HOG8-ML04-H1-GPS-Sniper-Specialist-Exploiter,Exploiter,0.552304355001054
5522,0.0031692960431365567,HOG8-ML04-H1-GPS-Sniper-Specialist-Refiner,Refiner,0.2426271979848466
5532,0.003149533349620396,HOG8-ML04-H1-GPS-Sniper-Specialist-Exploiter,Exploiter,0.6235672921423326
5542,0.003148561303790455,HOG8-ML04-H1-GPS-Sniper-Specialist-Polisher,Polisher,0.03086316993780219
5548,0.0031468183821090102,HOG8-ML04-H1-GPS-Sniper-Specialist-Refiner,Refiner,0.05535612977731599
5559,0.003142356450842304,HOG8-ML04-H1-GPS-Sniper-Specialist-Refiner,Refiner,0.1417918266930936
5573,0.0031242696736568415,HOG8-ML04-H1-GPS-Sniper-Specialist-Exploiter,Exploiter,0.5755800612821685
5581,0.0031204335871587033,HOG8-ML04-H1-GPS-Sniper-Specialist-Refiner,Refiner,0.12278346297962812
5592,0.0031135744040691193,HOG8-ML04-H1-GPS-Sniper-Specialist-Refiner,Refiner,0.21981506409272997
5602,0.003095506541549512,HOG8-ML04-H1-GPS-Sniper-Specialist-Exploiter,Exploiter,0.5802932634593425
5613,0.0030889489691352974,HOG8-ML04-H1-GPS-Sniper-Specialist-Refiner,Refiner,0.2118416590692119
5616,0.0030858611652974507,HOG8-ML04-H1-GPS-Sniper-Specialist-Refiner,Refiner,0.09996292812538986
5622,0.003074117778099002,HOG8-ML04-H1-GPS-Sniper-Specialist-Refiner,Refiner,0.38055461893461257
5632,0.0030640102337657757,HOG8-ML04-H1-GPS-Sniper-Specialist-Refiner,Refiner,0.32879496046753726
5646,0.003050470965028448,HOG8-ML04-H1-GPS-Sniper-Specialist-Refiner,Refiner,0.4418806630644705
5656,0.0030133131473399446,HOG8-ML04-H1-GPS-Sniper-Specialist-Exploiter,Exploiter,1.2181010117615423
5662,0.0029895952586331356,HOG8-ML04-H1-GPS-Sniper-Specialist-Exploiter,Exploiter,0.7871033492734204
5671,0.002987182902244937,HOG8-ML04-H1-GPS-Sniper-Specialist-Refiner,Refiner,0.08069173849645656
5684,0.002982999020831387,HOG8-ML04-H1-GPS-Sniper-Specialist-Refiner,Refiner,0.1400611060811025
5697,0.002968370366493337,HOG8-ML04-H1-GPS-Sniper-Specialist-Refiner,Refiner,0.4904009098190316
5702,0.0029649155485381024,HOG8-ML04-H1-GPS-Sniper-Specialist-Refiner,Refiner,0.11638769859153647
5716,0.0029576453542212253,HOG8-ML04-H1-GPS-Sniper-Specialist-Refiner,Refiner,0.24520746705455743
5731,0.0029397278930831006,HOG8-ML04-H1-GPS-Sniper-Specialist-Exploiter,Exploiter,0.6058015411669457
5743,0.002935934318210529,HOG8-ML04-H1-GPS-Sniper-Specialist-Refiner,Refiner,0.1290451024905244
5747,0.0029294117219317924,HOG8-ML04-H1-GPS-Sniper-Specialist-Refiner,Refiner,0.22216424387559686
5761,0.002915437812848533,HOG8-ML04-H1-GPS-Sniper-Specialist-Refiner,Refiner,0.47702099976728973
5772,0.002910332536282708,HOG8-ML04-H1-GPS-Sniper-Specialist-Refiner,Refiner,0.17511183203173353
5782,0.002898786083311029,HOG8-ML04-H1-GPS-Sniper-Specialist-Refiner,Refiner,0.3967399885659496
5791,0.0028867489093087058,HOG8-ML04-H1-GPS-Sniper-Specialist-Refiner,Refiner,0.41524878540103555
5803,0.00288392169309384,HOG8-ML04-H1-GPS-Sniper-Specialist-Refiner,Refiner,0.0979377252295517
5816,0.002883104765574274,HOG8-ML04-H1-GPS-Sniper-Specialist-Polisher,Polisher,0.028326966072694332
5827,0.002875578010611946,HOG8-ML04-H1-GPS-Sniper-Specialist-Refiner,Refiner,0.26106421980225863
5832,0.0028690210129585603,HOG8-ML04-H1-GPS-Sniper-Specialist-Refiner,Refiner,0.22802364008863435
5843,0.0028659061065164464,HOG8-ML04-H1-GPS-Sniper-Specialist-Refiner,Refiner,0.10857035999543847
5857,0.0028627674581709305,HOG8-ML04-H1-GPS-Sniper-Specialist-Refiner,Refiner,0.10951678906644263
5873,0.002853126092002683,HOG8-ML04-H1-GPS-Sniper-Specialist-Refiner,Refiner,0.3367848178072963
5876,0.002841259888666272,HOG8-ML04-H1-GPS-Sniper-Specialist-Refiner,Refiner,0.415901819750335
5886,0.0028359768773234396,HOG8-ML04-H1-GPS-Sniper-Specialist-Refiner,Refiner,0.185939039364415
5896,0.00282679356969395,HOG8-ML04-H1-GPS-Sniper-Specialist-Refiner,Refiner,0.32381461580027165
5908,0.0027925012173603643,HOG8-ML04-H1-GPS-Sniper-Specialist-Exploiter,Exploiter,1.213118379114562
5918,0.002784136325116506,HOG8-ML04-H1-GPS-Sniper-Specialist-Refiner,Refiner,0.2995483830716129
5929,0.002780360486929591,HOG8-ML04-H1-GPS-Sniper-Specialist-Refiner,Refiner,0.13561973071692054
5937,0.002766554025412669,HOG8-ML04-H1-GPS-Sniper-Specialist-Refiner,Refiner,0.49657091524016655
5947,0.0027567680753056815,HOG8-ML04-H1-GPS-Sniper-Specialist-Refiner,Refiner,0.35372344140388645
5962,0.002753230919306773,HOG8-ML04-H1-GPS-Sniper-Specialist-Refiner,Refiner,0.12830807315978246
5968,0.002745969417416911,HOG8-ML04-H1-GPS-Sniper-Specialist-Refiner,Refiner,0.26374474581631574
5977,0.0027220008604013093,HOG8-ML04-H1-GPS-Sniper-Specialist-Exploiter,Exploiter,0.872863217761126
5987,0.002710647217701633,HOG8-ML04-H1-GPS-Sniper-Specialist-Refiner,Refiner,0.41710650664535603
5997,0.0026846232849206354,HOG8-ML04-H1-GPS-Sniper-Specialist-Exploiter,Exploiter,0.9600634347048381
6014,0.002673226878257476,HOG8-ML04-H1-GPS-Sniper-Specialist-Refiner,Refiner,0.4245067353461514
6022,0.0026632637373897195,HOG8-ML04-H1-GPS-Sniper-Specialist-Refiner,Refiner,0.3727009087328601
6032,0.0026531121084687904,HOG8-ML04-H1-GPS-Sniper-Specialist-Refiner,Refiner,0.3811724981799514
6047,0.002639255826366968,HOG8-ML04-H1-GPS-Sniper-Specialist-Exploiter,Exploiter,0.5222652317477595
6055,0.0026383639904930707,HOG8-ML02-H1-GPS-GradientEstimation-Escape-Specialist-Polisher,Polisher,0.03379118708340268
6062,0.0026326684197197302,HOG8-ML04-H1-GPS-Sniper-Specialist-Refiner,Refiner,0.21587509509163944
6072,0.002608946644274277,HOG8-ML04-H1-GPS-Sniper-Specialist-Exploiter,Exploiter,0.901054430849231
6082,0.0026005672996591185,HOG8-ML04-H1-GPS-Sniper-Specialist-Refiner,Refiner,0.3211773086102922
6090,0.002600437895862352,HOG8-ML04-H1-GPS-Sniper-Specialist-Polisher,Polisher,0.004975983385762536
6102,0.0025978466922179093,HOG8-ML04-H1-GPS-Sniper-Specialist-Refiner,Refiner,0.09964489629094964
6112,0.002591411856006639,HOG8-ML04-H1-GPS-Sniper-Specialist-Refiner,Refiner,0.24769884345163845
6121,0.0025819986908501747,HOG8-ML04-H1-GPS-Sniper-Specialist-Refiner,Refiner,0.3632446588775708
6132,0.002574108368638899,HOG8-ML04-H1-GPS-Sniper-Specialist-Refiner,Refiner,0.3055897061155296
6135,0.002573495146380429,HOG8-ML00-H2-GPS-GradientEstimation-Escape-Specialist-Polisher,Polisher,0.02382270559938114
6143,0.002565939266340054,HOG8-ML04-H1-GPS-Sniper-Specialist-Refiner,Refiner,0.293603819342819
6151,0.0025574599278093656,HOG8-ML04-H1-GPS-Sniper-Specialist-Refiner,Refiner,0.3304574914114353
6163,0.002550640711350699,HOG8-ML04-H1-GPS-Sniper-Specialist-Refiner,Refiner,0.26664020751666534
6172,0.0025418489277197103,HOG8-ML04-H1-GPS-Sniper-Specialist-Refiner,Refiner,0.3446892222751798
6181,0.0025388777990481472,HOG8-ML04-H1-GPS-Sniper-Specialist-Refiner,Refiner,0.1168884837789488
6192,0.0025318570253148446,HOG8-ML04-H1-GPS-Sniper-Specialist-Refiner,Refiner,0.27653058906319933
6206,0.0025180111450475865,HOG8-ML04-H1-GPS-Sniper-Specialist-Exploiter,Exploiter,0.5468665935248201
6212,0.002514836953552118,HOG8-ML04-H1-GPS-Sniper-Specialist-Refiner,Refiner,0.12605946966166767
6222,0.002510501832472812,HOG8-ML04-H1-GPS-Sniper-Specialist-Refiner,Refiner,0.17238179489857214
6236,0.0025056154978684445,HOG8-ML04-H1-GPS-Sniper-Specialist-Refiner,Refiner,0.19463577126946874
6246,0.002494152109341426,HOG8-ML04-H1-GPS-Sniper-Specialist-Refiner,Refiner,0.45750788725446917
6255,0.0024913862607609805,HOG8-ML04-H1-GPS-Sniper-Specialist-Refiner,Refiner,0.11089334006881676
6267,0.0024893472566165737,HOG8-ML04-H1-GPS-Sniper-Specialist-Refiner,Refiner,0.08184215256063601
6277,0.002472952788175959,HOG8-ML04-H1-GPS-Sniper-Specialist-Exploiter,Exploiter,0.6585850325638162
6284,0.002468468603457053,HOG8-ML04-H1-GPS-Sniper-Specialist-Refiner,Refiner,0.18132916812428918
6297,0.00246388412031505,HOG8-ML04-H1-GPS-Sniper-Specialist-Refiner,Refiner,0.18572175216580242
6306,0.0024592108285827778,HOG8-ML04-H1-GPS-Sniper-Specialist-Refiner,Refiner,0.18967173389934575
6317,0.0024540898231323297,HOG8-ML04-H1-GPS-Sniper-Specialist-Refiner,Refiner,0.20823775623171367
6327,0.0024487181164506737,HOG8-ML04-H1-GPS-Sniper-Specialist-Refiner,Refiner,0.21888794089858205
6342,0.002437418587919695,HOG8-ML04-H1-GPS-Sniper-Specialist-Refiner,Refiner,0.4614466832694073
6360,0.0024090757074949724,HOG8-ML04-H1-GPS-Sniper-Specialist-Exploiter,Exploiter,1.162823676047895
6367,0.0024059037456570886,HOG8-ML04-H1-GPS-Sniper-Specialist-Refiner,Refiner,0.13166717127300692
6382,0.0024016505047140344,HOG8-ML04-H1-GPS-Sniper-Specialist-Refiner,Refiner,0.17678350394240655
6387,0.002391327411939585,HOG8-ML04-H1-GPS-Sniper-Specialist-Refiner,Refiner,0.42983326483962214
6401,0.0023877024624405375,HOG8-ML04-H1-GPS-Sniper-Specialist-Refiner,Refiner,0.15158733517411482
6411,0.0023830129867732338,HOG8-ML04-H1-GPS-Sniper-Specialist-Refiner,Refiner,0.19640117397669699
6421,0.002380554002430052,HOG8-ML04-H1-GPS-Sniper-Specialist-Refiner,Refiner,0.10318803786762301
6426,0.002380120767153684,HOG8-ML04-H1-GPS-Sniper-Specialist-Polisher,Polisher,0.0181989266332876
6441,0.0023745123088869096,HOG8-ML04-H1-GPS-Sniper-Specialist-Refiner,Refiner,0.23563755016856444
6450,0.0023716666194318536,HOG8-ML04-H1-GPS-Sniper-Specialist-Refiner,Refiner,0.11984311239009583
6466,0.0023484154022948922,HOG8-ML04-H1-GPS-Sniper-Specialist-Exploiter,Exploiter,0.9803746001422124
6488,0.0023463867933230936,HOG8-ML04-H1-GPS-Sniper-Specialist-Refiner,Refiner,0.08638203317080247
6495,0.002342648365400831,HOG8-ML04-H1-GPS-Sniper-Specialist-Refiner,Refiner,0.1593270100607852
6502,0.0023369596461089758,HOG8-ML04-H1-GPS-Sniper-Specialist-Refiner,Refiner,0.24283282868539613
6521,0.0023317679886596344,HOG8-ML04-H1-GPS-Sniper-Specialist-Refiner,Refiner,0.22215434733695344
6527,0.0023279093150888113,HOG8-ML04-H1-GPS-Sniper-Specialist-Refiner,Refiner,0.16548274054663287
6539,0.0023268148096312682,HOG8-ML04-H1-GPS-Sniper-Specialist-Polisher,Polisher,0.04701667072891742
6549,0.002322709083216598,HOG8-ML04-H1-GPS-Sniper-Specialist-Refiner,Refiner,0.17645265096626722
6562,0.0023178474245702943,HOG8-ML04-H1-GPS-Sniper-Specialist-Refiner,Refiner,0.2093098391629474
6571,0.002316113905324586,HOG8-ML04-H1-GPS-Sniper-Specialist-Refiner,Refiner,0.07479004991149188
6582,0.0023121780586802137,HOG8-ML04-H1-GPS-Sniper-Specialist-Refiner,Refiner,0.16993320731437436
6593,0.0023089478687767884,HOG8-ML04-H1-GPS-Sniper-Specialist-Refiner,Refiner,0.139703336916411
6600,0.0022954230058999403,HOG8-ML04-H1-GPS-Sniper-Specialist-Exploiter,Exploiter,0.5857586938077198
6611,0.0022925240447329255,HOG8-ML04-H1-GPS-Sniper-Specialist-Refiner,Refiner,0.12629311284079495
6622,0.00228086981904856,HOG8-ML04-H1-GPS-Sniper-Specialist-Exploiter,Exploiter,0.5083578386512955
6636,0.0022770453420228242,HOG8-ML04-H1-GPS-Sniper-Specialist-Refiner,Refiner,0.16767625200683395
6644,0.002277011432441585,HOG8-ML04-H1-GPS-Sniper-Specialist-Polisher,Polisher,0.0014891921831110592
6657,0.0022762627556830654,HOG8-ML04-H1-GPS-Sniper-Specialist-Polisher,Polisher,0.03287979796029088
6666,0.0022298801404480755,HOG8-ML04-H1-GPS-Sniper-Specialist-Exploiter,Exploiter,2.0376652528003647
6686,0.002224927788738564,HOG8-ML04-H1-GPS-Sniper-Specialist-Refiner,Refiner,0.22209048906622172
6696,0.0022191856798181656,HOG8-ML04-H1-GPS-Sniper-Specialist-Refiner,Refiner,0.25808068690866676
6705,0.002210112104079916,HOG8-ML04-H1-GPS-Sniper-Specialist-Refiner,Refiner,0.4088696056741472
6716,0.0021881190964617198,HOG8-ML04-H1-GPS-Sniper-Specialist-Exploiter,Exploiter,0.9951082380661381
6726,0.0021703645447827863,HOG8-ML04-H1-GPS-Sniper-Specialist-Exploiter,Exploiter,0.8114070073993378
6735,0.0021688470715574685,HOG8-ML04-H1-GPS-Sniper-Specialist-Refiner,Refiner,0.06991789600348769
6747,0.0021664815478106485,HOG8-ML04-H1-GPS-Sniper-Specialist-Refiner,Refiner,0.10906825925358342
6757,0.0021617883354845095,HOG8-ML04-H1-GPS-Sniper-Specialist-Refiner,Refiner,0.21662830827623197
6765,0.0021519022701386257,HOG8-ML04-H1-GPS-Sniper-Specialist-Refiner,Refiner,0.45730958871457345
6776,0.0021508938453994463,HOG8-ML04-H1-GPS-Sniper-Specialist-Polisher,Polisher,0.04686201381786979
6787,0.0021481165902052872,HOG8-ML04-H1-GPS-Sniper-Specialist-Refiner,Refiner,0.129120979173347
6794,0.0021379125530988675,HOG8-ML04-H1-GPS-Sniper-Specialist-Refiner,Refiner,0.47502249891587783
6810,0.002135186763992467,HOG8-ML04-H1-GPS-Sniper-Specialist-Refiner,Refiner,0.1274976893909791
6825,0.0021315400923684266,HOG8-ML04-H1-GPS-Sniper-Specialist-Refiner,Refiner,0.17078935133624906
6837,0.002129492273142636,HOG8-ML04-H1-GPS-Sniper-Specialist-Refiner,Refiner,0.09607228281197135
6847,0.0021257668287471233,HOG8-ML04-H1-GPS-Sniper-Specialist-Refiner,Refiner,0.17494519433097927
6856,0.0021252844943030267,HOG8-ML04-H1-GPS-Sniper-Specialist-Polisher,Polisher,0.02268990359496884
6866,0.002121445111203322,HOG8-ML04-H1-GPS-Sniper-Specialist-Refiner,Refiner,0.18065266603112712
6876,0.0021157323442475805,HOG8-ML04-H1-GPS-Sniper-Specialist-Refiner,Refiner,0.2692865785483989
6886,0.002110825442691633,HOG8-ML04-H1-GPS-Sniper-Specialist-Refiner,Refiner,0.23192449504724086
6896,0.0021012448407097426,HOG8-ML04-H1-GPS-Sniper-Specialist-Refiner,Refiner,0.4538794060428655
6900,0.002101238067185215,HOG8-ML04-H1-GPS-Sniper-Specialist-Polisher,Polisher,0.00032235769942166675
6912,0.0020848228181037636,HOG8-ML04-H1-GPS-Sniper-Specialist-Exploiter,Exploiter,0.781217956109129
6922,0.002082217189010592,HOG8-ML04-H1-GPS-Sniper-Specialist-Refiner,Refiner,0.12498084108373904
6930,0.00207512849773524,HOG8-ML04-H1-GPS-Sniper-Specialist-Refiner,Refiner,0.3404395714704533
6944,0.0020711539321083324,HOG8-ML04-H1-GPS-Sniper-Specialist-Refiner,Refiner,0.1915334703969129
6951,0.0020649942828363786,HOG8-ML04-H1-GPS-Sniper-Specialist-Refiner,Refiner,0.29740180951609085
6971,0.002061944639240405,HOG8-ML04-H1-GPS-Sniper-Specialist-Refiner,Refiner,0.14768290746959056
6981,0.002057978015560459,HOG8-ML04-H1-GPS-Sniper-Specialist-Refiner,Refiner,0.1923729475786151
6990,0.0020540338662910244,HOG8-ML04-H1-GPS-Sniper-Specialist-Refiner,Refiner,0.19165167167057615
7001,0.0020477711229111278,HOG8-ML04-H1-GPS-Sniper-Specialist-Refiner,Refiner,0.30489971381072173
7012,0.002044615355555011,HOG8-ML04-H1-GPS-Sniper-Specialist-Refiner,Refiner,0.15410742542509653
7020,0.0020430416936130006,HOG8-ML04-H1-GPS-Sniper-Specialist-Refiner,Refiner,0.07696616078592876
7029,0.002036895050752176,HOG8-ML04-H1-GPS-Sniper-Specialist-Refiner,Refiner,0.3008574362452077
7052,0.0020258643250442685,HOG8-ML04-H1-GPS-Sniper-Specialist-Exploiter,Exploiter,0.541546099973781
7066,0.002024642745298652,HOG8-ML04-H1-GPS-Sniper-Specialist-Refiner,Refiner,0.060299188376786876
7081,0.0020192029831678044,HOG8-ML04-H1-GPS-Sniper-Specialist-Refiner,Refiner,0.26867762934863093
7093,0.0020129606769257345,HOG8-ML04-H1-GPS-Sniper-Specialist-Refiner,Refiner,0.3091470394064482
7107,0.0020092350686679254,HOG8-ML04-H1-GPS-Sniper-Specialist-Refiner,Refiner,0.1850810252040798
7118,0.001999346634222094,HOG8-ML04-H1-GPS-Sniper-Specialist-Refiner,Refiner,0.4921492064334264
7124,0.0019986187916930585,HOG8-ML04-H1-GPS-Sniper-Specialist-Polisher,Polisher,0.036404019021880236
7137,0.001992593098177754,HOG8-ML04-H1-GPS-Sniper-Specialist-Refiner,Refiner,0.3014928880059201
7147,0.001989559099444301,HOG8-ML04-H1-GPS-Sniper-Specialist-Refiner,Refiner,0.15226383832342427
7157,0.001986746044012054,HOG8-ML04-H1-GPS-Sniper-Specialist-Refiner,Refiner,0.14139089575336342
7169,0.0019800808472705198,HOG8-ML04-H1-GPS-Sniper-Specialist-Refiner,Refiner,0.3354830760389809
7177,0.0019790626534995333,HOG8-ML04-H1-GPS-Sniper-Specialist-Refiner,Refiner,0.05142182817383359
7191,0.001977223820822421,HOG8-ML04-H1-GPS-Sniper-Specialist-Refiner,Refiner,0.092914323549115
7199,0.001976172639177903,HOG8-ML04-H1-GPS-Sniper-Specialist-Refiner,Refiner,0.05316452459494161
7222,0.001975612038721803,HOG8-ML04-H1-GPS-Sniper-Specialist-Polisher,Polisher,0.02836798997141913
7231,0.001974680581354659,HOG8-ML04-H1-GPS-Sniper-Specialist-Polisher,Polisher,0.04714778756594274
7243,0.0019697420656395277,HOG8-ML04-H1-GPS-Sniper-Specialist-Refiner,Refiner,0.2500918762133993
7253,0.0019694846618062787,HOG8-ML04-H1-GPS-Sniper-Specialist-Polisher,Polisher,0.01306789542342546
7263,0.001967858729612861,HOG8-ML04-H1-GPS-Sniper-Specialist-Refiner,Refiner,0.08255622523745061
7282,0.0019651279585792543,HOG8-ML04-H1-GPS-Sniper-Specialist-Refiner,Refiner,0.13876865206395247
7291,0.001964056347795255,HOG8-ML04-H1-GPS-Sniper-Specialist-Refiner,Refiner,0.05453134892926475
7302,0.0019603964174840904,HOG8-ML04-H1-GPS-Sniper-Specialist-Refiner,Refiner,0.18634548419514335
7311,0.001959777458686879,HOG8-ML04-H1-GPS-Sniper-Specialist-Polisher,Polisher,0.031573144680893415
7323,0.0019588114491421683,HOG8-ML04-H1-GPS-Sniper-Specialist-Polisher,Polisher,0.049291797924750955
7334,0.001953897726379162,HOG8-ML04-H1-GPS-Sniper-Specialist-Refiner,Refiner,0.2508522586570582
7342,0.0019438885110699968,HOG8-ML04-H1-GPS-Sniper-Specialist-Exploiter,Exploiter,0.5122691517592244
7357,0.0019430039187018952,HOG8-ML04-H1-GPS-Sniper-Specialist-Polisher,Polisher,0.04550633243954633
7366,0.0019427647919677657,HOG8-ML04-H1-GPS-Sniper-Specialist-Polisher,Polisher,0.01230706391416911
7371,0.0019397985432284288,HOG8-ML04-H1-GPS-Sniper-Specialist-Refiner,Refiner,0.1526818249744228
7386,0.0019187473208425833,HOG8-ML04-H1-GPS-Sniper-Specialist-Exploiter,Exploiter,1.0852272499807964
7392,0.0019181642129733137,HOG8-ML04-H1-GPS-Sniper-Specialist-Polisher,Polisher,0.030390029105741005
7407,0.0018937434285768696,HOG8-ML04-H1-GPS-Sniper-Specialist-Exploiter,Exploiter,1.273133146332131
7419,0.0018917626039113285,HOG8-ML04-H1-GPS-Sniper-Specialist-Refiner,Refiner,0.10459836510322158
7422,0.0018908577261258332,HOG8-ML04-H1-GPS-Sniper-Specialist-Polisher,Polisher,0.047832523151920166
7432,0.0018871112376172212,HOG8-ML04-H1-GPS-Sniper-Specialist-Refiner,Refiner,0.19813698602740423
7448,0.0018852330761456376,HOG8-ML04-H1-GPS-Sniper-Specialist-Refiner,Refiner,0.09952574252883245
7457,0.0018797252543147206,HOG8-ML04-H1-GPS-Sniper-Specialist-Refiner,Refiner,0.29215601511605865
7478,0.001878636714326358,HOG8-ML04-H1-GPS-Sniper-Specialist-Refiner,Refiner,0.057909526185488246
7486,0.0018735835293299287,HOG8-ML04-H1-GPS-Sniper-Specialist-Refiner,Refiner,0.2689814884322252
7497,0.0018616400499971053,HOG8-ML04-H1-GPS-Sniper-Specialist-Exploiter,Exploiter,0.6374671396206634
7511,0.0018557131200223139,HOG8-ML04-H1-GPS-Sniper-Specialist-Refiner,Refiner,0.31837142603376434
7527,0.0018481233598082192,HOG8-ML04-H1-GPS-Sniper-Specialist-Refiner,Refiner,0.40899426383337967
7536,0.0018468959899320646,HOG8-ML04-H1-GPS-Sniper-Specialist-Refiner,Refiner,0.06641168565078567
7546,0.0018468431943911483,HOG8-ML04-H1-GPS-Sniper-Specialist-Polisher,Polisher,0.002858609320941752
7562,0.0018456811555412518,HOG8-ML04-H1-GPS-Sniper-Specialist-Refiner,Refiner,0.06292027679586315
7572,0.0018453689438674252,HOG8-ML04-H1-GPS-Sniper-Specialist-Polisher,Polisher,0.016915796798881833
7581,0.001841847299706567,HOG8-ML04-H1-GPS-Sniper-Specialist-Refiner,Refiner,0.19083686070264524
7596,0.0018415556473392527,HOG8-ML04-H1-GPS-Sniper-Specialist-Polisher,Polisher,0.015834774541887912
7602,0.0018406445514822798,HOG8-ML04-H1-GPS-Sniper-Specialist-Polisher,Polisher,0.0494742506580931
7618,0.0018399702913296804,HOG8-ML04-H1-GPS-Sniper-Specialist-Polisher,Polisher,0.03663174142211949
7628,0.001838171192508311,HOG8-ML04-H1-GPS-Sniper-Specialist-Refiner,Refiner,0.09777868859335627
7637,0.0018381166414154237,HOG8-ML04-H1-GPS-Sniper-Specialist-Polisher,Polisher,0.0029676829399549716
7647,0.0018351378322226664,HOG8-ML04-H1-GPS-Sniper-Specialist-Refiner,Refiner,0.1620576804344439
7657,0.0018332180301179903,HOG8-ML04-H1-GPS-Sniper-Specialist-Refiner,Refiner,0.10461351027518397
7666,0.0018324287929648167,HOG8-ML04-H1-GPS-Sniper-Specialist-Polisher,Polisher,0.04305200691937203
7678,0.0018297839555310414,HOG8-ML04-H1-GPS-Sniper-Specialist-Refiner,Refiner,0.1443350728786599
7688,0.001825568967901065,HOG8-ML04-H1-GPS-Sniper-Specialist-Refiner,Refiner,0.23035438786286763
7695,0.001821391745000758,HOG8-ML04-H1-GPS-Sniper-Specialist-Refiner,Refiner,0.22881758913275269
7706,0.0018213896472365609,HOG8-ML04-H1-GPS-Sniper-Specialist-Polisher,Polisher,0.00011517369631863882
7716,0.0018116654506795862,HOG8-ML04-H1-GPS-Sniper-Specialist-Exploiter,Exploiter,0.5338888673122965
7733,0.0017970976407299644,HOG8-ML04-H1-GPS-Sniper-Specialist-Exploiter,Exploiter,0.8041114844993659
7746,0.0017910796753832139,HOG8-ML04-H1-GPS-Sniper-Specialist-Refiner,Refiner,0.3348713620427491
7762,0.0017901219732097938,HOG8-ML04-H1-GPS-Sniper-Specialist-Refiner,Refiner,0.05347066278417758
7812,0.0017867073912120135,HOG8-ML04-H1-GPS-Sniper-Specialist-Refiner,Refiner,0.19074577313062618
7822,0.0017841238010103367,HOG8-ML04-H1-GPS-Sniper-Specialist-Refiner,Refiner,0.1446006332309536
7830,0.0017790709173488616,HOG8-ML04-H1-GPS-Sniper-Specialist-Refiner,Refiner,0.2832137354265275
7843,0.0017762335234343194,HOG8-ML04-H1-GPS-Sniper-Specialist-Refiner,Refiner,0.159487397993689
7852,0.0017741755656412548,HOG8-ML04-H1-GPS-Sniper-Specialist-Refiner,Refiner,0.11586076751246291
7867,0.001768706712210084,HOG8-ML04-H1-GPS-Sniper-Specialist-Refiner,Refiner,0.30824759043472355
7876,0.0017641665898580456,HOG8-ML04-H1-GPS-Sniper-Specialist-Refiner,Refiner,0.25669164484400386
7887,0.001760748692985311,HOG8-ML04-H1-GPS-Sniper-Specialist-Refiner,Refiner,0.19374002956317496
7898,0.0017599353926636562,HOG8-ML04-H1-GPS-Sniper-Specialist-Polisher,Polisher,0.046190596357955
7911,0.0017554110101244535,HOG8-ML04-H1-GPS-Sniper-Specialist-Refiner,Refiner,0.2570766266797466
7919,0.0017495470062367745,HOG8-ML04-H1-GPS-Sniper-Specialist-Refiner,Refiner,0.33405304249876155
7934,0.0017479577020777302,HOG8-ML04-H1-GPS-Sniper-Specialist-Refiner,Refiner,0.09084089500760696
7950,0.0017423736719630219,HOG8-ML04-H1-GPS-Sniper-Specialist-Refiner,Refiner,0.31946025399074773
7961,0.0017412993025740138,HOG8-ML04-H1-GPS-Sniper-Specialist-Refiner,Refiner,0.06166125018393268
7977,0.0017364182937479572,HOG8-ML04-H1-GPS-Sniper-Specialist-Refiner,Refiner,0.2803084351346976
8007,0.0017293876270614442,HOG8-ML04-H1-GPS-Sniper-Specialist-Refiner,Refiner,0.4048947601984583
8018,0.0017291928515720555,HOG8-ML04-H1-GPS-Sniper-Specialist-Polisher,Polisher,0.01126268549287661
8025,0.0017288133308089463,HOG8-ML04-H1-GPS-Sniper-Specialist-Polisher,Polisher,0.02194785635183816
8056,0.0017221823992321493,HOG8-ML04-H1-GPS-Sniper-Specialist-Refiner,Refiner,0.3835539360223563
8067,0.0017189247862725765,HOG8-ML04-H1-GPS-Sniper-Specialist-Refiner,Refiner,0.1891560940946378
8078,0.001708300818497651,HOG8-ML00-H1-GPS-GradientEstimation-Escape-Specialist-Exploiter,Exploiter,0.6180589086718077
8082,0.0017082966337714843,HOG8-ML01-H1-GPS-GradientEstimation-Escape-Specialist-Polisher,Polisher,0.00024496424291349804
8097,0.0017071339539702392,HOG8-ML04-H1-GPS-Sniper-Specialist-Refiner,Refiner,0.06806076756577148
8111,0.0017027419235027181,HOG8-ML04-H1-GPS-Sniper-Specialist-Refiner,Refiner,0.25727509298884416
8131,0.0016977217803646884,HOG8-ML04-H1-GPS-Sniper-Specialist-Refiner,Refiner,0.29482701217004115
8143,0.0016963656120618723,HOG8-ML04-H1-GPS-Sniper-Specialist-Refiner,Refiner,0.07988165778992906
8151,0.001693510371424559,HOG8-ML04-H1-GPS-Sniper-Specialist-Refiner,Refiner,0.1683151684407806
8167,0.0016925980621133841,HOG8-ML04-H1-GPS-Sniper-Specialist-Refiner,Refiner,0.05387090191879894
8172,0.001691950632503455,HOG8-ML04-H1-GPS-Sniper-Specialist-Polisher,Polisher,0.03825064109554354
8187,0.0016882700089387252,HOG8-ML04-H1-GPS-Sniper-Specialist-Refiner,Refiner,0.2175372906290946
8192,0.0016751587166310062,HOG8-ML04-H1-GPS-Sniper-Specialist-Exploiter,Exploiter,0.77661110120418
8201,0.0016585463439265583,HOG8-ML04-H1-GPS-Sniper-Specialist-Exploiter,Exploiter,0.9916894763176723
8217,0.0016578325705087639,HOG8-ML04-H1-GPS-Sniper-Specialist-Polisher,Polisher,0.04303608520848789
8221,0.0016565094218323631,HOG8-ML04-H1-GPS-Sniper-Specialist-Refiner,Refiner,0.0798119605042315
8235,0.0016532603822172734,HOG8-ML04-H1-GPS-Sniper-Specialist-Refiner,Refiner,0.19613770813906828
8247,0.0016522564427534892,HOG8-ML04-H1-GPS-Sniper-Specialist-Refiner,Refiner,0.06072482438838499
8257,0.0016477240951973554,HOG8-ML04-H1-GPS-Sniper-Specialist-Refiner,Refiner,0.27431259693444915
8291,0.0016417621281541108,HOG8-ML04-H1-GPS-Sniper-Specialist-Refiner,Refiner,0.36183042176915603
8302,0.0016414923036078837,HOG8-ML04-H1-GPS-Sniper-Specialist-Polisher,Polisher,0.016435057283874985
8322,0.0016406657613116324,HOG8-ML04-H1-GPS-Sniper-Specialist-Refiner,Refiner,0.050353102139718914
8347,0.0016394020631796506,HOG8-ML04-H1-GPS-Sniper-Specialist-Refiner,Refiner,0.07702349630137191
8362,0.0016361206861085185,HOG8-ML04-H1-GPS-Sniper-Specialist-Refiner,Refiner,0.2001569440975195
8372,0.0016355370750461007,HOG8-ML04-H1-GPS-Sniper-Specialist-Polisher,Polisher,0.03567041645356663
8382,0.0016325368482856752,HOG8-ML04-H1-GPS-Sniper-Specialist-Refiner,Refiner,0.18343985019972345
8397,0.0016324843233958052,HOG8-ML04-H1-GPS-Sniper-Specialist-Polisher,Polisher,0.0032173785189090367
8401,0.0016321110923665839,HOG8-ML04-H1-GPS-Sniper-Specialist-Polisher,Polisher,0.022862763450303535
8412,0.001631196876386595,HOG8-ML04-H1-GPS-Sniper-Specialist-Refiner,Refiner,0.05601432306077513
8422,0.0016283269671950856,HOG8-ML04-H1-GPS-Sniper-Specialist-Refiner,Refiner,0.17593886017405524
8437,0.0016246517894055786,HOG8-ML04-H1-GPS-Sniper-Specialist-Refiner,Refiner,0.2257026913849926
8443,0.0016208377158611028,HOG8-ML04-H1-GPS-Sniper-Specialist-Refiner,Refiner,0.2347625238434209
8458,0.0016114370760205827,HOG8-ML04-H1-GPS-Sniper-Specialist-Exploiter,Exploiter,0.5799864939301352
8468,0.0016071576507309595,HOG8-ML04-H1-GPS-Sniper-Specialist-Refiner,Refiner,0.2655657706592674
8476,0.0016066133720516662,HOG8-ML04-H1-GPS-Sniper-Specialist-Polisher,Polisher,0.03386591720144854
8487,0.0016051171629596576,HOG8-ML04-H1-GPS-Sniper-Specialist-Refiner,Refiner,0.0931281363666183
8499,0.0016050290122785712,HOG8-ML04-H1-GPS-Sniper-Specialist-Polisher,Polisher,0.005491853374981015
8505,0.0015984453994006536,HOG8-ML04-H1-GPS-Sniper-Specialist-Refiner,Refiner,0.41018653417181455
8517,0.0015696677553225145,HOG8-ML04-H1-GPS-Sniper-Specialist-Exploiter,Exploiter,1.800352022592044
8526,0.001569543582932595,HOG8-ML04-H1-GPS-Sniper-Specialist-Polisher,Polisher,0.007910743499593921
8537,0.0015686551005401588,HOG8-ML04-H1-GPS-Sniper-Specialist-Refiner,Refiner,0.05660769169443124
8561,0.0015639510302874883,HOG8-ML04-H1-GPS-Sniper-Specialist-Refiner,Refiner,0.2998791927588629
8576,0.0015579478805191438,HOG8-ML04-H1-GPS-Sniper-Specialist-Refiner,Refiner,0.38384512379783414
8595,0.001557040540108933,HOG8-ML04-H1-GPS-Sniper-Specialist-Refiner,Refiner,0.05823945855675125
8610,0.0015561007855815854,HOG8-ML04-H1-GPS-Sniper-Specialist-Refiner,Refiner,0.06035517400734499
8627,0.0015480631797800666,HOG8-ML04-H1-GPS-Sniper-Specialist-Exploiter,Exploiter,0.5165221864800202
8642,0.001547884279412537,HOG8-ML04-H1-GPS-Sniper-Specialist-Polisher,Polisher,0.011556399626730005
8652,0.0015458226951063662,HOG8-ML04-H1-GPS-Sniper-Specialist-Refiner,Refiner,0.13318723715917455
8667,0.0015390050635988234,HOG8-ML04-H1-GPS-Sniper-Specialist-Refiner,Refiner,0.4410358011384773
8693,0.0015354076357533444,HOG8-ML04-H1-GPS-Sniper-Specialist-Refiner,Refiner,0.23375022802503137
8706,0.0015336465257800125,HOG8-ML04-H1-GPS-Sniper-Specialist-Refiner,Refiner,0.11469983164880307
8712,0.0015304447399770186,HOG8-ML04-H1-GPS-Sniper-Specialist-Refiner,Refiner,0.20876947518043065
8728,0.0015303520213072906,HOG8-ML04-H1-GPS-Sniper-Specialist-Polisher,Polisher,0.006058282753118855
8737,0.0015287024715281425,HOG8-ML04-H1-GPS-Sniper-Specialist-Refiner,Refiner,0.10778891105975247
8757,0.001523298917039435,HOG8-ML04-H1-GPS-Sniper-Specialist-Refiner,Refiner,0.3534732617594279
8781,0.0015222056550605262,HOG8-ML04-H1-GPS-Sniper-Specialist-Refiner,Refiner,0.07176936625370844
8789,0.001520760442674761,HOG8-ML04-H1-GPS-Sniper-Specialist-Refiner,Refiner,0.09494199295349826
8797,0.0015168357610846105,HOG8-ML04-H1-GPS-Sniper-Specialist-Refiner,Refiner,0.25807362422233676
8808,0.0015168279692628754,HOG8-ML04-H1-GPS-Sniper-Specialist-Polisher,Polisher,0.0005136892163963301
8817,0.001515860980857462,HOG8-ML04-H1-GPS-Sniper-Specialist-Refiner,Refiner,0.06375069717914297
8832,0.0015147953453727929,HOG8-ML04-H1-GPS-Sniper-Specialist-Refiner,Refiner,0.07029902465504477
8848,0.001511680600688915,HOG8-ML04-H1-GPS-Sniper-Specialist-Refiner,Refiner,0.2056214850007618
8859,0.001506449455796167,HOG8-ML04-H1-GPS-Sniper-Specialist-Refiner,Refiner,0.3460482915745463
8883,0.0015058597286701258,HOG8-ML04-H1-GPS-Sniper-Specialist-Polisher,Polisher,0.03914682459290475
8902,0.0015044503012968673,HOG8-ML04-H1-GPS-Sniper-Specialist-Refiner,Refiner,0.09359619268809305
8912,0.0015042927799361842,HOG8-ML04-H1-GPS-Sniper-Specialist-Polisher,Polisher,0.010470359874788343
8921,0.0015024326827534668,HOG8-ML04-H1-GPS-Sniper-Specialist-Refiner,Refiner,0.12365260323833424
8933,0.001501968582333198,HOG8-ML04-H1-GPS-Sniper-Specialist-Polisher,Polisher,0.030889931082854094
8940,0.0015019011655288237,HOG8-ML04-H1-GPS-Sniper-Specialist-Polisher,Polisher,0.004488562887884777
8956,0.0015013377391368161,HOG8-ML04-H1-GPS-Sniper-Specialist-Polisher,Polisher,0.0375142123156367
8977,0.0015012756302630785,HOG8-ML04-H1-GPS-Sniper-Specialist-Polisher,Polisher,0.004136902185201668
8986,0.0015003876427458834,HOG8-ML04-H1-GPS-Sniper-Specialist-Refiner,Refiner,0.059148866423653246
8997,0.00149945186116851,HOG8-ML04-H1-GPS-Sniper-Specialist-Refiner,Refiner,0.06236932048179541
9007,0.0014951735122941602,HOG8-ML04-H1-GPS-Sniper-Specialist-Refiner,Refiner,0.2853275243538399
9017,0.0014943736458933792,HOG8-ML04-H1-GPS-Sniper-Specialist-Refiner,Refiner,0.05349656037939004
9027,0.0014943734191407525,HOG8-ML04-H1-GPS-Sniper-Specialist-Polisher,Polisher,1.5173757064108123E-05
9030,0.0014913746359969185,HOG8-ML04-H1-GPS-Sniper-Specialist-Refiner,Refiner,0.20067160626814876
9051,0.0014838388678685825,HOG8-ML04-H1-GPS-Sniper-Specialist-Exploiter,Exploiter,0.505290082481435
9062,0.0014834657854328245,HOG8-ML04-H1-GPS-Sniper-Specialist-Polisher,Polisher,0.025143055882738997
9072,0.001481333131776414,HOG8-ML04-H1-GPS-Sniper-Specialist-Refiner,Refiner,0.14376156682226338
9083,0.0014761511539254063,HOG8-ML04-H1-GPS-Sniper-Specialist-Refiner,Refiner,0.34981853438959803
9102,0.0014745074838499665,HOG8-ML04-H1-GPS-Sniper-Specialist-Refiner,Refiner,0.11134835826730059
9116,0.0014706536409880098,HOG8-ML04-H1-GPS-Sniper-Specialist-Refiner,Refiner,0.26136475427674777
9128,0.0014706135836446458,HOG8-ML04-H1-GPS-Sniper-Specialist-Polisher,Polisher,0.002723778206340024
9135,0.0014698678693163371,HOG8-ML04-H1-GPS-Sniper-Specialist-Refiner,Refiner,0.050707700282526975
9148,0.0014637378377738383,HOG8-ML04-H1-GPS-Sniper-Specialist-Refiner,Refiner,0.4170464346125261
9156,0.001462467398018888,HOG8-ML04-H1-GPS-Sniper-Specialist-Refiner,Refiner,0.08679421424825269
9172,0.0014624088231644545,HOG8-ML04-H1-GPS-Sniper-Specialist-Polisher,Polisher,0.004005207535770001
9179,0.0014601168874593758,HOG8-ML04-H1-GPS-Sniper-Specialist-Refiner,Refiner,0.15672332310736958
9196,0.0014538230942376183,HOG8-ML04-H1-GPS-Sniper-Specialist-Refiner,Refiner,0.4310472179188861
9210,0.0014471312827392443,HOG8-ML04-H1-GPS-Sniper-Specialist-Refiner,Refiner,0.46029063129466735
9222,0.0014449303264271848,HOG8-ML04-H1-GPS-Sniper-Specialist-Refiner,Refiner,0.15209099121216496
9234,0.0014414744292331673,HOG8-ML04-H1-GPS-Sniper-Specialist-Refiner,Refiner,0.23917396782464628
9241,0.001436709389204946,HOG8-ML04-H1-GPS-Sniper-Specialist-Refiner,Refiner,0.33056708683734287
9271,0.0014328277863998756,HOG8-ML04-H1-GPS-Sniper-Specialist-Refiner,Refiner,0.2701731355161874
9297,0.0014281025341512906,HOG8-ML04-H1-GPS-Sniper-Specialist-Refiner,Refiner,0.32978507908879046
9306,0.0014128459232840593,HOG8-ML04-H1-GPS-Sniper-Specialist-Exploiter,Exploiter,1.0683134090437136
9322,0.0014074319669352534,HOG8-ML04-H1-GPS-Sniper-Specialist-Refiner,Refiner,0.3831951000163888
9342,0.0014046223352631618,HOG8-ML04-H1-GPS-Sniper-Specialist-Refiner,Refiner,0.19962824051877887
9352,0.0013982155901839858,HOG8-ML04-H1-GPS-Sniper-Specialist-Refiner,Refiner,0.4561186959892374
9359,0.0013953310593304378,HOG8-ML04-H1-GPS-Sniper-Specialist-Refiner,Refiner,0.20630086474493492
9372,0.001390003236460962,HOG8-ML04-H1-GPS-Sniper-Specialist-Refiner,Refiner,0.38183217049811485
9391,0.0013780146970747283,HOG8-ML04-H1-GPS-Sniper-Specialist-Exploiter,Exploiter,0.8624828397347687
9402,0.001369745115923982,HOG8-ML04-H1-GPS-Sniper-Specialist-Exploiter,Exploiter,0.6001083419720583
9411,0.001362889187808045,HOG8-ML04-H1-GPS-Sniper-Specialist-Exploiter,Exploiter,0.500525830406925
9431,0.0013581251127419186,HOG8-ML04-H1-GPS-Sniper-Specialist-Refiner,Refiner,0.3495570372664419
9442,0.001352952976652061,HOG8-ML04-H1-GPS-Sniper-Specialist-Refiner,Refiner,0.38082913284885633
9457,0.0013529414877670061,HOG8-ML04-H1-GPS-Sniper-Specialist-Polisher,Polisher,0.0008491710542172248
9464,0.0013502217472977788,HOG8-ML04-H1-GPS-Sniper-Specialist-Refiner,Refiner,0.20102424929818863
9476,0.0013478990581372013,HOG8-ML04-H1-GPS-Sniper-Specialist-Refiner,Refiner,0.17202279293944972
9495,0.001342707498517786,HOG8-ML04-H1-GPS-Sniper-Specialist-Refiner,Refiner,0.38515937733424177
9506,0.0013395861932427467,HOG8-ML04-H1-GPS-Sniper-Specialist-Refiner,Refiner,0.2324635319669267
9517,0.0013391691121542673,HOG8-ML04-H1-GPS-Sniper-Specialist-Polisher,Polisher,0.031135069216396204
9525,0.001335900706641404,HOG8-ML04-H1-GPS-Sniper-Specialist-Refiner,Refiner,0.24406219372888746
9539,0.001319636989923322,HOG8-ML04-H1-GPS-Sniper-Specialist-Exploiter,Exploiter,1.2174345471356622
9567,0.0013177844861840325,HOG8-ML04-H1-GPS-Sniper-Specialist-Refiner,Refiner,0.14037979788647592
9576,0.0013175636686871609,HOG8-ML04-H1-GPS-Sniper-Specialist-Polisher,Polisher,0.016756723059553894
9593,0.0013100820840630544,HOG8-ML04-H1-GPS-Sniper-Specialist-Exploiter,Exploiter,0.5678347697277657
9608,0.0012994730804219078,HOG8-ML04-H1-GPS-Sniper-Specialist-Exploiter,Exploiter,0.8097968646547784
9622,0.0012938139685586647,HOG8-ML04-H1-GPS-Sniper-Specialist-Refiner,Refiner,0.4354928123178798
9636,0.0012936413949227467,HOG8-ML04-H1-GPS-Sniper-Specialist-Polisher,Polisher,0.01333836549239015
9653,0.001293019131230404,HOG8-ML04-H1-GPS-Sniper-Specialist-Polisher,Polisher,0.04810171464711801
9667,0.0012866398123268271,HOG8-ML04-H1-GPS-Sniper-Specialist-Refiner,Refiner,0.4933661652404536
9682,0.0012845229012762274,HOG8-ML04-H1-GPS-Sniper-Specialist-Refiner,Refiner,0.16453019954134263
9702,0.0012823736076555837,HOG8-ML04-H1-GPS-Sniper-Specialist-Refiner,Refiner,0.16732232788596804
9721,0.001280693082594449,HOG8-ML04-H1-GPS-Sniper-Specialist-Refiner,Refiner,0.13104800746851536
9731,0.0012790189518312861,HOG8-ML04-H1-GPS-Sniper-Specialist-Refiner,Refiner,0.1307206844415296
9742,0.0012787166591333473,HOG8-ML04-H1-GPS-Sniper-Specialist-Polisher,Polisher,0.023634731721994262
9752,0.0012778699369462405,HOG8-ML04-H1-GPS-Sniper-Specialist-Refiner,Refiner,0.06621656025665101
9761,0.0012778595390504103,HOG8-ML04-H1-GPS-Sniper-Specialist-Polisher,Polisher,0.0008136896823009421
9772,0.0012765386976194921,HOG8-ML04-H1-GPS-Sniper-Specialist-Refiner,Refiner,0.10336358500713709
9786,0.0012739748199101565,HOG8-ML04-H1-GPS-Sniper-Specialist-Refiner,Refiner,0.20084606241211783
9817,0.0012704295728869926,HOG8-ML04-H1-GPS-Sniper-Specialist-Refiner,Refiner,0.2782823465391458
9827,0.0012692172337398257,HOG8-ML04-H1-GPS-Sniper-Specialist-Refiner,Refiner,0.09542749736311347
9842,0.0012680710439014098,HOG8-ML04-H1-GPS-Sniper-Specialist-Refiner,Refiner,0.09030682911849132
9869,0.00126597644249184,HOG8-ML04-H1-GPS-Sniper-Specialist-Refiner,Refiner,0.16518013084861327
9882,0.001265365613043826,HOG8-ML04-H1-GPS-Sniper-Specialist-Polisher,Polisher,0.048249669386558315
9900,0.0012588624591268601,HOG8-ML04-H1-GPS-Sniper-Specialist-Exploiter,Exploiter,0.5139347750507169
9913,0.0012581243162427128,HOG8-ML04-H1-GPS-Sniper-Specialist-Refiner,Refiner,0.058635705497113756
9942,0.0012578435948868126,HOG8-ML04-H1-GPS-Sniper-Specialist-Polisher,Polisher,0.022312688203862615
9952,0.0012557133849493212,HOG8-ML04-H1-GPS-Sniper-Specialist-Refiner,Refiner,0.16935411891834223
9961,0.001255558683996175,HOG8-ML04-H1-GPS-Sniper-Specialist-Polisher,Polisher,0.012319766198279713
9974,0.001253732380561468,HOG8-ML04-H1-GPS-Sniper-Specialist-Refiner,Refiner,0.14545743325148497
9982,0.0012535812542581628,HOG8-ML04-H1-GPS-Sniper-Specialist-Polisher,Polisher,0.012054111838243741
9997,0.0012532375350091183,HOG8-ML04-H1-GPS-Sniper-Specialist-Polisher,Polisher,0.0274189844397386
10012,0.001250020278054959,HOG8-ML04-H1-GPS-Sniper-Specialist-Refiner,Refiner,0.25671565559484705
10021,0.0012496984343112788,HOG8-ML04-H1-GPS-Sniper-Specialist-Polisher,Polisher,0.025747081813818642
10035,0.0012438702729566542,HOG8-ML04-H1-GPS-Sniper-Specialist-Refiner,Refiner,0.4663654202172812
10000,0.0012438702729566542,Final,Final,0
