TimeMs,BestQuality,Source,Role,DeltaPct
4,838105.0695563704,HOG8-ML00-H2-GPS-GradientEstimation-Escape-Specialist-Global Explorer,Global Explorer,100
5,603586.4626405914,HOG8-ML01-H1-GPS-GradientEstimation-Escape-Specialist-Local Explorer,Local Explorer,27.982005530632982
16,30.92675469009777,HOG8-ML06-H1-GPS-Spray-Specialist-Global Explorer,Global Explorer,99.99487616827011
26,28.2394058418766,HOG8-ML00-H1-GPS-GradientEstimation-Escape-Specialist-Local Explorer,Local Explorer,8.689398144583253
35,26.574479387210125,HOG8-ML00-H1-GPS-GradientEstimation-Escape-Specialist-Local Explorer,Local Explorer,5.895755965933009
47,26.168894447532626,HOG8-ML01-H2-GPS-GradientEstimation-Escape-Specialist-Exploiter,Exploiter,1.5262197003667404
50,25.67038439041434,HOG8-ML00-H1-GPS-GradientEstimation-Escape-Specialist-Exploiter,Exploiter,1.9049717905270072
60,25.17285893448407,HOG8-ML00-H1-GPS-GradientEstimation-Escape-Specialist-Exploiter,Exploiter,1.938130136127043
60,25.101425309282657,HOG8-ML00-H1-GPS-GradientEstimation-Escape-Specialist-Refiner,Refiner,0.2837723970381255
71,24.710678198293554,HOG8-ML00-H1-GPS-GradientEstimation-Escape-Specialist-Exploiter,Exploiter,1.556673002327891
71,24.635044142092223,HOG8-ML00-H1-GPS-GradientEstimation-Escape-Specialist-Refiner,Refiner,0.3060784313340042
80,24.176718480424853,HOG8-ML00-H1-GPS-GradientEstimation-Escape-Specialist-Exploiter,Exploiter,1.8604621084654775
90,23.902399839580248,HOG8-ML00-H1-GPS-GradientEstimation-Escape-Specialist-Exploiter,Exploiter,1.1346396785267296
105,23.65881285059719,HOG8-ML00-H1-GPS-GradientEstimation-Escape-Specialist-Exploiter,Exploiter,1.0190900939565883
115,23.399381971319265,HOG8-ML00-H1-GPS-GradientEstimation-Escape-Specialist-Exploiter,Exploiter,1.0965507057188488
125,23.167709152530435,HOG8-ML00-H1-GPS-GradientEstimation-Escape-Specialist-Exploiter,Exploiter,0.9900809306536072
130,23.13902268920365,HOG8-ML00-H1-GPS-GradientEstimation-Escape-Specialist-Refiner,Refiner,0.12382088853896099
135,22.919681234076307,HOG8-ML00-H1-GPS-GradientEstimation-Escape-Specialist-Exploiter,Exploiter,0.9479287784686072
144,22.697665714666684,HOG8-ML00-H1-GPS-GradientEstimation-Escape-Specialist-Exploiter,Exploiter,0.9686675706446453
150,22.67902983604168,HOG8-ML00-H1-GPS-GradientEstimation-Escape-Specialist-Refiner,Refiner,0.08210482460741908
160,22.456836151519294,HOG8-ML00-H1-GPS-GradientEstimation-Escape-Specialist-Exploiter,Exploiter,0.9797318762254663
160,22.42302781821159,HOG8-ML00-H1-GPS-GradientEstimation-Escape-Specialist-Refiner,Refiner,0.15054806954815161
169,22.2026878675617,HOG8-ML00-H1-GPS-GradientEstimation-Escape-Specialist-Exploiter,Exploiter,0.9826503023420154
179,21.994688312327515,HOG8-ML00-H1-GPS-GradientEstimation-Escape-Specialist-Exploiter,Exploiter,0.9368215077151711
189,21.7675991209421,HOG8-ML00-H1-GPS-GradientEstimation-Escape-Specialist-Exploiter,Exploiter,1.0324728778181202
200,21.521784515817483,HOG8-ML00-H1-GPS-GradientEstimation-Escape-Specialist-Exploiter,Exploiter,1.129268339419783
215,21.371962224819207,HOG8-ML00-H1-GPS-GradientEstimation-Escape-Specialist-Exploiter,Exploiter,0.6961425103395319
216,21.322792976461482,HOG8-ML00-H1-GPS-GradientEstimation-Escape-Specialist-Refiner,Refiner,0.23006426756933201
221,21.130639044343162,HOG8-ML00-H1-GPS-GradientEstimation-Escape-Specialist-Exploiter,Exploiter,0.9011668046040731
235,20.933064967918796,HOG8-ML00-H1-GPS-GradientEstimation-Escape-Specialist-Exploiter,Exploiter,0.9350123108428133
246,20.70508055097921,HOG8-ML00-H1-GPS-GradientEstimation-Escape-Specialist-Exploiter,Exploiter,1.0891114955644787
261,20.50955570506375,HOG8-ML00-H1-GPS-GradientEstimation-Escape-Specialist-Exploiter,Exploiter,0.9443326986052901
272,20.37539716840258,HOG8-ML01-H2-GPS-GradientEstimation-Escape-Specialist-Exploiter,Exploiter,0.6541269766660444
276,20.28317004300965,HOG8-ML00-H1-GPS-GradientEstimation-Escape-Specialist-Refiner,Refiner,0.45263964491425907
285,20.065136718699396,HOG8-ML00-H1-GPS-GradientEstimation-Escape-Specialist-Exploiter,Exploiter,1.0749469823894602
295,19.84610519556409,HOG8-ML00-H1-GPS-GradientEstimation-Escape-Specialist-Exploiter,Exploiter,1.0916024456049869
305,19.60655472032351,HOG8-ML00-H1-GPS-GradientEstimation-Escape-Specialist-Exploiter,Exploiter,1.2070402372659188
314,19.432205733345125,HOG8-ML00-H1-GPS-GradientEstimation-Escape-Specialist-Exploiter,Exploiter,0.8892382647812123
326,19.36931229122219,HOG8-ML01-H2-GPS-GradientEstimation-Escape-Specialist-Refiner,Refiner,0.3236557032484026
329,19.234928088836135,HOG8-ML00-H1-GPS-GradientEstimation-Escape-Specialist-Exploiter,Exploiter,0.6937995544991843
340,19.04909041451108,HOG8-ML00-H1-GPS-GradientEstimation-Escape-Specialist-Exploiter,Exploiter,0.9661469669486997
350,18.827789810218697,HOG8-ML00-H1-GPS-GradientEstimation-Escape-Specialist-Exploiter,Exploiter,1.1617384320030504
359,18.736160244177842,HOG8-ML01-H2-GPS-GradientEstimation-Escape-Specialist-Refiner,Refiner,0.4866719193514836
364,18.616270102456294,HOG8-ML00-H1-GPS-GradientEstimation-Escape-Specialist-Exploiter,Exploiter,0.6398864023315732
370,18.52015361054749,HOG8-ML01-H2-GPS-GradientEstimation-Escape-Specialist-Exploiter,Exploiter,0.5163037030501809
374,18.439363293893965,HOG8-ML00-H1-GPS-GradientEstimation-Escape-Specialist-Refiner,Refiner,0.4362291930856993
374,18.38652441564116,HOG8-ML00-H1-GPS-GradientEstimation-Escape-Specialist-Refiner,Refiner,0.286554787226867
381,18.331017969852883,HOG8-ML01-H2-GPS-GradientEstimation-Escape-Specialist-Refiner,Refiner,0.3018865585116046
385,18.16818148557538,HOG8-ML00-H1-GPS-GradientEstimation-Escape-Specialist-Exploiter,Exploiter,0.8883111922387632
394,17.9867596260077,HOG8-ML00-H1-GPS-GradientEstimation-Escape-Specialist-Exploiter,Exploiter,0.9985691727690033
406,17.931388481555743,HOG8-ML01-H2-GPS-GradientEstimation-Escape-Specialist-Refiner,Refiner,0.30784391187334265
406,17.85598400229706,HOG8-ML00-H1-GPS-GradientEstimation-Escape-Specialist-Refiner,Refiner,0.4205166785396701
410,17.77188718955419,HOG8-ML00-H1-GPS-GradientEstimation-Escape-Specialist-Refiner,Refiner,0.4709727155448416
416,17.752763193742076,HOG8-ML01-H2-GPS-GradientEstimation-Escape-Specialist-Refiner,Refiner,0.10760813192283185
419,17.669481752545767,HOG8-ML00-H1-GPS-GradientEstimation-Escape-Specialist-Refiner,Refiner,0.46911818902460356
420,17.561835735232314,HOG8-ML00-H1-GPS-GradientEstimation-Escape-Specialist-Exploiter,Exploiter,0.6092200032858546
431,17.372045948339103,HOG8-ML00-H1-GPS-GradientEstimation-Escape-Specialist-Exploiter,Exploiter,1.0806944658550561
440,17.27135070114944,HOG8-ML00-H1-GPS-GradientEstimation-Escape-Specialist-Exploiter,Exploiter,0.5796395398049803
446,17.16206798133805,HOG8-ML00-H1-GPS-GradientEstimation-Escape-Specialist-Exploiter,Exploiter,0.6327398574803794
450,17.06006195973296,HOG8-ML00-H1-GPS-GradientEstimation-Escape-Specialist-Exploiter,Exploiter,0.5943690568992795
456,16.950810832027894,HOG8-ML00-H1-GPS-GradientEstimation-Escape-Specialist-Exploiter,Exploiter,0.6403911542814517
465,16.87575470511184,HOG8-ML00-H1-GPS-GradientEstimation-Escape-Specialist-Refiner,Refiner,0.44278782684682655
470,16.720401735155672,HOG8-ML00-H1-GPS-GradientEstimation-Escape-Specialist-Exploiter,Exploiter,0.9205690214797403
475,16.70430713266387,HOG8-ML00-H1-GPS-GradientEstimation-Escape-Specialist-Refiner,Refiner,0.09625727148625429
480,16.553510474166533,HOG8-ML00-H1-GPS-GradientEstimation-Escape-Specialist-Exploiter,Exploiter,0.9027411750737504
485,16.478741038064914,HOG8-ML00-H1-GPS-GradientEstimation-Escape-Specialist-Refiner,Refiner,0.45168326209902204
491,16.363019099296313,HOG8-ML00-H1-GPS-GradientEstimation-Escape-Specialist-Exploiter,Exploiter,0.7022498775925324
500,16.33608639832221,HOG8-ML00-H1-GPS-GradientEstimation-Escape-Specialist-Refiner,Refiner,0.1645949369775061
506,16.16921824339722,HOG8-ML01-H2-GPS-GradientEstimation-Escape-Specialist-Exploiter,Exploiter,1.0214695910406402
525,16.15112937964698,HOG8-ML00-H1-GPS-GradientEstimation-Escape-Specialist-Refiner,Refiner,0.1118722221318681
525,15.987724942867189,HOG8-ML01-H2-GPS-GradientEstimation-Escape-Specialist-Exploiter,Exploiter,1.0117214278879376
535,15.877254211087827,HOG8-ML01-H2-GPS-GradientEstimation-Escape-Specialist-Exploiter,Exploiter,0.6909721813086832
545,15.775775202129473,HOG8-ML01-H2-GPS-GradientEstimation-Escape-Specialist-Exploiter,Exploiter,0.6391470943854131
560,8.481100874210771,HOG8-ML00-H2-GPS-GradientEstimation-Escape-Specialist-Local Explorer,Local Explorer,46.23972029554554
569,3.2405445206397223,HOG8-ML00-H2-GPS-GradientEstimation-Escape-Specialist-Global Explorer,Global Explorer,61.79099189241421
584,3.232547689152785,HOG8-ML00-H2-GPS-GradientEstimation-Escape-Specialist-Refiner,Refiner,0.24677431326753527
594,3.2276343788187454,HOG8-ML00-H2-GPS-GradientEstimation-Escape-Specialist-Refiner,Refiner,0.1519949837252748
604,3.2226827190133642,HOG8-ML00-H2-GPS-GradientEstimation-Escape-Specialist-Refiner,Refiner,0.15341452048832632
615,3.21691816163623,HOG8-ML00-H2-GPS-GradientEstimation-Escape-Specialist-Refiner,Refiner,0.1788744930775924
625,3.2120657847580554,HOG8-ML00-H2-GPS-GradientEstimation-Escape-Specialist-Refiner,Refiner,0.15083930129283882
636,3.2070375516068395,HOG8-ML00-H2-GPS-GradientEstimation-Escape-Specialist-Refiner,Refiner,0.15654203519354964
645,3.202346405440758,HOG8-ML00-H2-GPS-GradientEstimation-Escape-Specialist-Refiner,Refiner,0.14627662104333045
655,3.197571708936789,HOG8-ML00-H2-GPS-GradientEstimation-Escape-Specialist-Refiner,Refiner,0.14909993796601245
666,3.1920020355289855,HOG8-ML00-H2-GPS-GradientEstimation-Escape-Specialist-Refiner,Refiner,0.17418447230556794
680,3.1867482442539177,HOG8-ML00-H2-GPS-GradientEstimation-Escape-Specialist-Refiner,Refiner,0.16459235353204263
690,3.1819116967649608,HOG8-ML00-H2-GPS-GradientEstimation-Escape-Specialist-Refiner,Refiner,0.15177061751513518
700,3.1762454655072867,HOG8-ML00-H2-GPS-GradientEstimation-Escape-Specialist-Refiner,Refiner,0.17807632007622679
715,3.1710019276043497,HOG8-ML00-H2-GPS-GradientEstimation-Escape-Specialist-Refiner,Refiner,0.16508604136171537
725,3.166238953065684,HOG8-ML00-H2-GPS-GradientEstimation-Escape-Specialist-Refiner,Refiner,0.15020408840508223
739,3.16152983389021,HOG8-ML00-H2-GPS-GradientEstimation-Escape-Specialist-Refiner,Refiner,0.14872911505666506
744,3.1586110662055176,HOG8-ML00-H2-GPS-GradientEstimation-Escape-Specialist-Refiner,Refiner,0.09232137092000688
754,3.1529599112772972,HOG8-ML00-H2-GPS-GradientEstimation-Escape-Specialist-Refiner,Refiner,0.17891265527063244
769,3.1469481223761404,HOG8-ML00-H2-GPS-GradientEstimation-Escape-Specialist-Refiner,Refiner,0.19067127620792979
780,3.140866716767234,HOG8-ML00-H2-GPS-GradientEstimation-Escape-Specialist-Refiner,Refiner,0.19324772358543452
789,3.13538947281773,HOG8-ML00-H2-GPS-GradientEstimation-Escape-Specialist-Refiner,Refiner,0.17438638577894228
800,3.1303362027788197,HOG8-ML00-H2-GPS-GradientEstimation-Escape-Specialist-Refiner,Refiner,0.16116881436004804
815,3.124521622996438,HOG8-ML00-H2-GPS-GradientEstimation-Escape-Specialist-Refiner,Refiner,0.1857493702184451
825,3.119574486354584,HOG8-ML00-H2-GPS-GradientEstimation-Escape-Specialist-Refiner,Refiner,0.1583326101968202
835,3.114714530844636,HOG8-ML00-H2-GPS-GradientEstimation-Escape-Specialist-Refiner,Refiner,0.15578905171861876
846,3.1096620197258042,HOG8-ML00-H2-GPS-GradientEstimation-Escape-Specialist-Refiner,Refiner,0.162214259727412
855,3.1058485320301283,HOG8-ML00-H2-GPS-GradientEstimation-Escape-Specialist-Refiner,Refiner,0.12263351037783089
865,3.1000688808266172,HOG8-ML00-H2-GPS-GradientEstimation-Escape-Specialist-Refiner,Refiner,0.18608928104208747
876,3.094003454397674,HOG8-ML00-H2-GPS-GradientEstimation-Escape-Specialist-Refiner,Refiner,0.1956545696922044
891,3.088221874863727,HOG8-ML00-H2-GPS-GradientEstimation-Escape-Specialist-Refiner,Refiner,0.1868640297000702
901,3.0832186548253797,HOG8-ML00-H2-GPS-GradientEstimation-Escape-Specialist-Refiner,Refiner,0.16200973379117026
910,3.078414909539784,HOG8-ML00-H2-GPS-GradientEstimation-Escape-Specialist-Refiner,Refiner,0.15580293918103122
919,3.0724735407182684,HOG8-ML00-H2-GPS-GradientEstimation-Escape-Specialist-Refiner,Refiner,0.1930009110566498
932,3.0673854653954256,HOG8-ML00-H2-GPS-GradientEstimation-Escape-Specialist-Refiner,Refiner,0.16560192481440758
945,3.062634844426832,HOG8-ML00-H2-GPS-GradientEstimation-Escape-Specialist-Refiner,Refiner,0.15487525197557947
955,3.0578019394136295,HOG8-ML00-H2-GPS-GradientEstimation-Escape-Specialist-Refiner,Refiner,0.15780219512610622
964,3.052167891317114,HOG8-ML00-H2-GPS-GradientEstimation-Escape-Specialist-Refiner,Refiner,0.18425157051197863
974,3.0468451567487027,HOG8-ML00-H2-GPS-GradientEstimation-Escape-Specialist-Refiner,Refiner,0.17439193248686394
984,3.041952413743182,HOG8-ML00-H2-GPS-GradientEstimation-Escape-Specialist-Refiner,Refiner,0.16058390741266357
1000,3.0369395879812813,HOG8-ML00-H2-GPS-GradientEstimation-Escape-Specialist-Refiner,Refiner,0.16478974947975908
1010,3.0310938430932626,HOG8-ML00-H2-GPS-GradientEstimation-Escape-Specialist-Refiner,Refiner,0.19248802021460334
1030,3.0242272745427785,HOG8-ML00-H2-GPS-GradientEstimation-Escape-Specialist-Refiner,Refiner,0.22653764304033097
1041,3.019311109539302,HOG8-ML00-H2-GPS-GradientEstimation-Escape-Specialist-Refiner,Refiner,0.1625593765673453
1051,3.013369873717184,HOG8-ML00-H2-GPS-GradientEstimation-Escape-Specialist-Refiner,Refiner,0.19677454911311829
1060,3.0085254448422414,HOG8-ML00-H2-GPS-GradientEstimation-Escape-Specialist-Refiner,Refiner,0.16076449549708305
1071,3.0035877911171904,HOG8-ML00-H2-GPS-GradientEstimation-Escape-Specialist-Refiner,Refiner,0.16412205299828755
1085,2.998579211946461,HOG8-ML00-H2-GPS-GradientEstimation-Escape-Specialist-Refiner,Refiner,0.16675321379124153
1095,2.992784306863886,HOG8-ML00-H2-GPS-GradientEstimation-Escape-Specialist-Refiner,Refiner,0.19325502756398186
1110,2.98682726033923,HOG8-ML00-H2-GPS-GradientEstimation-Escape-Specialist-Refiner,Refiner,0.1990469714437409
1119,2.9818762991748904,HOG8-ML00-H2-GPS-GradientEstimation-Escape-Specialist-Refiner,Refiner,0.1657598760424256
1130,2.9771038652847968,HOG8-ML00-H2-GPS-GradientEstimation-Escape-Specialist-Refiner,Refiner,0.16004801712982533
1139,2.970881968449434,HOG8-ML00-H2-GPS-GradientEstimation-Escape-Specialist-Refiner,Refiner,0.20899159441209797
1150,2.9661258864499898,HOG8-ML00-H2-GPS-GradientEstimation-Escape-Specialist-Refiner,Refiner,0.1600899009100118
1160,2.9610454618553157,HOG8-ML00-H2-GPS-GradientEstimation-Escape-Specialist-Refiner,Refiner,0.1712814893623605
1170,2.956069917722852,HOG8-ML00-H2-GPS-GradientEstimation-Escape-Specialist-Refiner,Refiner,0.16803335837153724
1185,2.9510125561774463,HOG8-ML00-H2-GPS-GradientEstimation-Escape-Specialist-Refiner,Refiner,0.1710839623611393
1195,2.946139448052992,HOG8-ML00-H2-GPS-GradientEstimation-Escape-Specialist-Refiner,Refiner,0.16513342561871366
1201,2.941415229409179,HOG8-ML00-H2-GPS-GradientEstimation-Escape-Specialist-Refiner,Refiner,0.16035285250789164
1216,2.935207723247858,HOG8-ML00-H2-GPS-GradientEstimation-Escape-Specialist-Refiner,Refiner,0.21103807783600706
1226,2.929305718604201,HOG8-ML00-H2-GPS-GradientEstimation-Escape-Specialist-Refiner,Refiner,0.20107621674988782
1237,2.9234741871485945,HOG8-ML00-H2-GPS-GradientEstimation-Escape-Specialist-Refiner,Refiner,0.19907554949181017
1250,2.917289201220944,HOG8-ML00-H2-GPS-GradientEstimation-Escape-Specialist-Refiner,Refiner,0.2115628711496472
1261,2.911345264136764,HOG8-ML00-H2-GPS-GradientEstimation-Escape-Specialist-Refiner,Refiner,0.20374864040536766
1275,2.906178222001736,HOG8-ML00-H2-GPS-GradientEstimation-Escape-Specialist-Refiner,Refiner,0.17747953836592179
1285,2.9003769512003017,HOG8-ML00-H2-GPS-GradientEstimation-Escape-Specialist-Refiner,Refiner,0.1996185491142479
1301,2.8953017756831283,HOG8-ML00-H2-GPS-GradientEstimation-Escape-Specialist-Refiner,Refiner,0.1749833074308867
1310,2.8911024526400118,HOG8-ML01-H1-GPS-GradientEstimation-Escape-Specialist-Refiner,Refiner,0.14503921761750513
1310,2.889387110529881,HOG8-ML00-H2-GPS-GradientEstimation-Escape-Specialist-Refiner,Refiner,0.05933176489696643
1320,2.720476712765522,HOG8-ML00-H1-GPS-GradientEstimation-Escape-Specialist-Local Explorer,Local Explorer,5.8458901941105035
1320,2.68185864360479,HOG8-ML01-H1-GPS-GradientEstimation-Escape-Specialist-Exploiter,Exploiter,1.4195331641517472
1329,2.536514219130511,HOG8-ML00-H1-GPS-GradientEstimation-Escape-Specialist-Local Explorer,Local Explorer,5.419540840486504
1331,2.463102482850374,HOG8-ML01-H1-GPS-GradientEstimation-Escape-Specialist-Exploiter,Exploiter,2.894197703543791
1340,2.295742632583114,HOG8-ML01-H1-GPS-GradientEstimation-Escape-Specialist-Local Explorer,Local Explorer,6.794676690577092
1350,2.0978018762054855,HOG8-ML01-H1-GPS-GradientEstimation-Escape-Specialist-Local Explorer,Local Explorer,8.62207956450721
1366,1.9609790650101688,HOG8-ML00-H1-GPS-GradientEstimation-Escape-Specialist-Local Explorer,Local Explorer,6.522198914360897
1366,1.895970762826853,HOG8-ML00-H1-GPS-GradientEstimation-Escape-Specialist-Exploiter,Exploiter,3.315094145738816
1366,1.8842136345507212,HOG8-ML01-H1-GPS-GradientEstimation-Escape-Specialist-Exploiter,Exploiter,0.6201112647223579
1375,1.78866063605646,HOG8-ML00-H1-GPS-GradientEstimation-Escape-Specialist-Local Explorer,Local Explorer,5.07124015780966
1375,1.7163559418672292,HOG8-ML01-H1-GPS-GradientEstimation-Escape-Specialist-Exploiter,Exploiter,4.042393103067572
1386,1.629363664136866,HOG8-ML00-H1-GPS-GradientEstimation-Escape-Specialist-Local Explorer,Local Explorer,5.06842873371149
1386,1.5577901977657804,HOG8-ML01-H1-GPS-GradientEstimation-Escape-Specialist-Exploiter,Exploiter,4.392725083199934
1395,1.4106489786438139,HOG8-ML01-H1-GPS-GradientEstimation-Escape-Specialist-Local Explorer,Local Explorer,9.44550937173696
1405,1.4027741990244986,HOG8-ML00-H1-GPS-GradientEstimation-Escape-Specialist-Exploiter,Exploiter,0.5582380690401103
1405,1.283843888680386,HOG8-ML01-H1-GPS-GradientEstimation-Escape-Specialist-Local Explorer,Local Explorer,8.478221970921462
1416,1.247869355299198,HOG8-ML00-H1-GPS-GradientEstimation-Escape-Specialist-Exploiter,Exploiter,2.8020956206883456
1421,1.1225170567467866,HOG8-ML01-H1-GPS-GradientEstimation-Escape-Specialist-Local Explorer,Local Explorer,10.04530626704556
1425,1.0972600398886325,HOG8-ML00-H1-GPS-GradientEstimation-Escape-Specialist-Exploiter,Exploiter,2.250034126996028
1431,1.0439061206458111,HOG8-ML00-H1-GPS-GradientEstimation-Escape-Specialist-Exploiter,Exploiter,4.862468084432985
1431,0.992848873882029,HOG8-ML01-H1-GPS-GradientEstimation-Escape-Specialist-Exploiter,Exploiter,4.890980688205525
1438,0.9694331270226085,HOG8-ML00-H1-GPS-GradientEstimation-Escape-Specialist-Exploiter,Exploiter,2.3584401891765423
1440,0.8967725386164473,HOG8-ML01-H1-GPS-GradientEstimation-Escape-Specialist-Local Explorer,Local Explorer,7.495162521351165
1446,0.8735681161248987,HOG8-ML00-H1-GPS-GradientEstimation-Escape-Specialist-Exploiter,Exploiter,2.587548290377929
1451,0.8530241386730266,HOG8-ML00-H1-GPS-GradientEstimation-Escape-Specialist-Exploiter,Exploiter,2.351731601996198
1451,0.8084594506977685,HOG8-ML01-H1-GPS-GradientEstimation-Escape-Specialist-Local Explorer,Local Explorer,5.224317338145137
1461,0.7777801725631773,HOG8-ML00-H1-GPS-GradientEstimation-Escape-Specialist-Exploiter,Exploiter,3.7947825469925984
1461,0.7197145126907853,HOG8-ML01-H1-GPS-GradientEstimation-Escape-Specialist-Local Explorer,Local Explorer,7.465561854198005
1470,0.6951783946350272,HOG8-ML00-H1-GPS-GradientEstimation-Escape-Specialist-Exploiter,Exploiter,3.409145935382819
1473,0.6404878641869758,HOG8-ML01-H1-GPS-GradientEstimation-Escape-Specialist-Local Explorer,Local Explorer,7.86712171582436
1481,0.6371249311489371,HOG8-ML00-H1-GPS-GradientEstimation-Escape-Specialist-Exploiter,Exploiter,0.5250580418580678
1485,0.576177390359845,HOG8-ML01-H1-GPS-GradientEstimation-Escape-Specialist-Local Explorer,Local Explorer,9.566026662806054
1491,0.5708804403622806,HOG8-ML00-H1-GPS-GradientEstimation-Escape-Specialist-Exploiter,Exploiter,0.9193262502467029
1496,0.5278529739862601,HOG8-ML01-H1-GPS-GradientEstimation-Escape-Specialist-Local Explorer,Local Explorer,7.537036362415095
1506,0.4849337306662617,HOG8-ML01-H1-GPS-GradientEstimation-Escape-Specialist-Local Explorer,Local Explorer,8.130908687674749
1526,0.4673078548713548,HOG8-ML00-H1-GPS-GradientEstimation-Escape-Specialist-Exploiter,Exploiter,3.6346978319471264
1526,0.4572909941837296,HOG8-ML00-H1-GPS-GradientEstimation-Escape-Specialist-Exploiter,Exploiter,2.143524998179784
1526,0.44180344597290966,HOG8-ML01-H1-GPS-GradientEstimation-Escape-Specialist-Exploiter,Exploiter,3.3868036781405264
1536,0.43220404680391544,HOG8-ML00-H1-GPS-GradientEstimation-Escape-Specialist-Exploiter,Exploiter,2.1727759836402063
1536,0.4039037664235968,HOG8-ML01-H1-GPS-GradientEstimation-Escape-Specialist-Local Explorer,Local Explorer,6.547898056391414
1544,0.38052072399346004,HOG8-ML01-H1-GPS-GradientEstimation-Escape-Specialist-Local Explorer,Local Explorer,5.78926080268676
1561,0.36267657337938286,HOG8-ML01-H1-GPS-GradientEstimation-Escape-Specialist-Exploiter,Exploiter,4.689403096579798
1569,0.35312085997560494,HOG8-ML00-H1-GPS-GradientEstimation-Escape-Specialist-Exploiter,Exploiter,2.634775473568301
1571,0.347530708544576,HOG8-ML01-H1-GPS-GradientEstimation-Escape-Specialist-Exploiter,Exploiter,1.5830702925381166
1586,0.3428567585259057,HOG8-ML00-H1-GPS-GradientEstimation-Escape-Specialist-Exploiter,Exploiter,1.3449027391692558
1586,0.3207393636920033,HOG8-ML01-H1-GPS-GradientEstimation-Escape-Specialist-Local Explorer,Local Explorer,6.450914057810894
1596,0.31428738052411676,HOG8-ML00-H1-GPS-GradientEstimation-Escape-Specialist-Exploiter,Exploiter,2.0115969220672847
1596,0.2965124466939415,HOG8-ML01-H1-GPS-GradientEstimation-Escape-Specialist-Local Explorer,Local Explorer,5.6556307798719585
1606,0.27397275498521256,HOG8-ML01-H1-GPS-GradientEstimation-Escape-Specialist-Local Explorer,Local Explorer,7.601600526400257
1616,0.26568726140372656,HOG8-ML00-H1-GPS-GradientEstimation-Escape-Specialist-Exploiter,Exploiter,3.0242034767045376
1616,0.2580247295301344,HOG8-ML01-H1-GPS-GradientEstimation-Escape-Specialist-Exploiter,Exploiter,2.8840418743104617
1630,0.2497930069445372,HOG8-ML00-H1-GPS-GradientEstimation-Escape-Specialist-Exploiter,Exploiter,3.190284357854857
1632,0.2393693869140262,HOG8-ML01-H1-GPS-GradientEstimation-Escape-Specialist-Exploiter,Exploiter,4.172903060022579
1640,0.23319831485513606,HOG8-ML00-H1-GPS-GradientEstimation-Escape-Specialist-Exploiter,Exploiter,2.5780540019959166
1641,0.2235055224518563,HOG8-ML01-H1-GPS-GradientEstimation-Escape-Specialist-Exploiter,Exploiter,4.156459024715074
1651,0.22009383728641685,HOG8-ML00-H1-GPS-GradientEstimation-Escape-Specialist-Exploiter,Exploiter,1.5264433415395022
1651,0.20790973169060195,HOG8-ML01-H1-GPS-GradientEstimation-Escape-Specialist-Local Explorer,Local Explorer,5.535868584979614
1661,0.20615216286054952,HOG8-ML00-H1-GPS-GradientEstimation-Escape-Specialist-Exploiter,Exploiter,0.8453518821658299
1661,0.19656832606287977,HOG8-ML01-H1-GPS-GradientEstimation-Escape-Specialist-Exploiter,Exploiter,4.648914018017206
1671,0.19499329733400958,HOG8-ML00-H1-GPS-GradientEstimation-Escape-Specialist-Exploiter,Exploiter,0.8012627265118798
1671,0.1867464599455081,HOG8-ML01-H1-GPS-GradientEstimation-Escape-Specialist-Exploiter,Exploiter,4.229292750701704
1685,0.17714341906205547,HOG8-ML01-H1-GPS-GradientEstimation-Escape-Specialist-Local Explorer,Local Explorer,5.142288044579134
1691,0.1713489649467762,HOG8-ML01-H1-GPS-GradientEstimation-Escape-Specialist-Exploiter,Exploiter,3.271052430826909
1706,0.16118777144841745,HOG8-ML01-H1-GPS-GradientEstimation-Escape-Specialist-Local Explorer,Local Explorer,5.930116649093847
1716,0.15168254064658865,HOG8-ML01-H1-GPS-GradientEstimation-Escape-Specialist-Local Explorer,Local Explorer,5.896992505334451
1725,0.14297734734517017,HOG8-ML01-H1-GPS-GradientEstimation-Escape-Specialist-Local Explorer,Local Explorer,5.739087217493976
1739,0.1347703943321552,HOG8-ML01-H1-GPS-GradientEstimation-Escape-Specialist-Local Explorer,Local Explorer,5.740037261428603
1750,0.1287013231792119,HOG8-ML01-H1-GPS-GradientEstimation-Escape-Specialist-Exploiter,Exploiter,4.503267340737661
1760,0.12141315945740656,HOG8-ML01-H1-GPS-GradientEstimation-Escape-Specialist-Local Explorer,Local Explorer,5.662850654345516
1770,0.11635912543903765,HOG8-ML01-H1-GPS-GradientEstimation-Escape-Specialist-Exploiter,Exploiter,4.162673997575974
1784,0.11005058842253962,HOG8-ML01-H1-GPS-GradientEstimation-Escape-Specialist-Local Explorer,Local Explorer,5.421609171343564
1791,0.10542707666345821,HOG8-ML01-H1-GPS-GradientEstimation-Escape-Specialist-Exploiter,Exploiter,4.201260370666458
1806,0.10121233069785217,HOG8-ML01-H1-GPS-GradientEstimation-Escape-Specialist-Exploiter,Exploiter,3.9977832061684273
1816,0.09623108612716863,HOG8-ML01-H1-GPS-GradientEstimation-Escape-Specialist-Exploiter,Exploiter,4.921578760550413
1827,0.09130525160167367,HOG8-ML01-H1-GPS-GradientEstimation-Escape-Specialist-Local Explorer,Local Explorer,5.118756031689703
1836,0.08758069582174563,HOG8-ML01-H1-GPS-GradientEstimation-Escape-Specialist-Exploiter,Exploiter,4.079234999731133
1847,0.08416782262209807,HOG8-ML01-H1-GPS-GradientEstimation-Escape-Specialist-Exploiter,Exploiter,3.896832706825981
1860,0.08028868654050277,HOG8-ML01-H1-GPS-GradientEstimation-Escape-Specialist-Exploiter,Exploiter,4.608811254405489
1871,0.07663450305292141,HOG8-ML01-H1-GPS-GradientEstimation-Escape-Specialist-Exploiter,Exploiter,4.551305601117226
1881,0.0737464363283808,HOG8-ML01-H1-GPS-GradientEstimation-Escape-Specialist-Exploiter,Exploiter,3.768624587473618
1896,0.07112122907163204,HOG8-ML01-H1-GPS-GradientEstimation-Escape-Specialist-Exploiter,Exploiter,3.559775071786702
1906,0.06801166579425319,HOG8-ML01-H1-GPS-GradientEstimation-Escape-Specialist-Exploiter,Exploiter,4.372201265316935
1919,0.0651646317798503,HOG8-ML01-H1-GPS-GradientEstimation-Escape-Specialist-Exploiter,Exploiter,4.186096577924814
1930,0.062350216149629586,HOG8-ML01-H1-GPS-GradientEstimation-Escape-Specialist-Exploiter,Exploiter,4.318931225958314
1940,0.05985334159858745,HOG8-ML01-H1-GPS-GradientEstimation-Escape-Specialist-Exploiter,Exploiter,4.004596463707644
1950,0.05775480233177925,HOG8-ML01-H1-GPS-GradientEstimation-Escape-Specialist-Exploiter,Exploiter,3.506135515176855
1961,0.05552909149734653,HOG8-ML01-H1-GPS-GradientEstimation-Escape-Specialist-Exploiter,Exploiter,3.853724269796416
1976,0.05359613515906126,HOG8-ML01-H1-GPS-GradientEstimation-Escape-Specialist-Exploiter,Exploiter,3.4809795841475895
1986,0.05186053364810504,HOG8-ML01-H1-GPS-GradientEstimation-Escape-Specialist-Exploiter,Exploiter,3.23829601855683
1996,0.05032248173043688,HOG8-ML01-H1-GPS-GradientEstimation-Escape-Specialist-Exploiter,Exploiter,2.965746415384914
2004,0.04867622886472944,HOG8-ML01-H1-GPS-GradientEstimation-Escape-Specialist-Exploiter,Exploiter,3.271406355763498
2026,0.046302807145827164,HOG8-ML01-H1-GPS-GradientEstimation-Escape-Specialist-Exploiter,Exploiter,4.875935901891628
2041,0.0449857478170173,HOG8-ML01-H1-GPS-GradientEstimation-Escape-Specialist-Exploiter,Exploiter,2.844448123116781
2052,0.04359862451764472,HOG8-ML01-H1-GPS-GradientEstimation-Escape-Specialist-Exploiter,Exploiter,3.0834728034638905
2062,0.04207136457849088,HOG8-ML01-H1-GPS-GradientEstimation-Escape-Specialist-Exploiter,Exploiter,3.503000280515149
2070,0.040828650763715266,HOG8-ML01-H1-GPS-GradientEstimation-Escape-Specialist-Exploiter,Exploiter,2.953823407503535
2081,0.039625165268358395,HOG8-ML01-H1-GPS-GradientEstimation-Escape-Specialist-Exploiter,Exploiter,2.947649439413799
2091,0.038450514471634716,HOG8-ML01-H1-GPS-GradientEstimation-Escape-Specialist-Exploiter,Exploiter,2.964406050469309
2101,0.03717190630649789,HOG8-ML01-H1-GPS-GradientEstimation-Escape-Specialist-Exploiter,Exploiter,3.3253343491153253
2115,0.035989889889056555,HOG8-ML01-H1-GPS-GradientEstimation-Escape-Specialist-Exploiter,Exploiter,3.17986494342021
2126,0.03498864742648065,HOG8-ML01-H1-GPS-GradientEstimation-Escape-Specialist-Exploiter,Exploiter,2.7820103525250164
2136,0.03409708975742826,HOG8-ML01-H1-GPS-GradientEstimation-Escape-Specialist-Exploiter,Exploiter,2.54813413672465
2145,0.03300108942492255,HOG8-ML01-H1-GPS-GradientEstimation-Escape-Specialist-Exploiter,Exploiter,3.214351548190238
2160,0.03196192720219042,HOG8-ML01-H1-GPS-GradientEstimation-Escape-Specialist-Exploiter,Exploiter,3.1488724791835363
2170,0.03132574379149883,HOG8-ML01-H1-GPS-GradientEstimation-Escape-Specialist-Exploiter,Exploiter,1.9904413356150543
2180,0.03045071805827894,HOG8-ML01-H1-GPS-GradientEstimation-Escape-Specialist-Exploiter,Exploiter,2.793311913179068
2190,0.02948976087486621,HOG8-ML01-H1-GPS-GradientEstimation-Escape-Specialist-Exploiter,Exploiter,3.1557784009348278
2201,0.029032480738362336,HOG8-ML01-H1-GPS-GradientEstimation-Escape-Specialist-Exploiter,Exploiter,1.5506403678356366
2211,0.02824448398286767,HOG8-ML01-H1-GPS-GradientEstimation-Escape-Specialist-Exploiter,Exploiter,2.7141902291988407
2222,0.027443499669409337,HOG8-ML01-H1-GPS-GradientEstimation-Escape-Specialist-Exploiter,Exploiter,2.8358964318278517
2232,0.026855965325341714,HOG8-ML01-H1-GPS-GradientEstimation-Escape-Specialist-Exploiter,Exploiter,2.1408870994778186
2247,0.02610913867924977,HOG8-ML01-H1-GPS-GradientEstimation-Escape-Specialist-Exploiter,Exploiter,2.7808594367941986
2257,0.025561958447561116,HOG8-ML01-H1-GPS-GradientEstimation-Escape-Specialist-Exploiter,Exploiter,2.095742178287662
2266,0.02497045012259598,HOG8-ML01-H1-GPS-GradientEstimation-Escape-Specialist-Exploiter,Exploiter,2.314018020874969
2280,0.024345255585303795,HOG8-ML01-H1-GPS-GradientEstimation-Escape-Specialist-Exploiter,Exploiter,2.503737554680448
2291,0.023858092181449422,HOG8-ML01-H1-GPS-GradientEstimation-Escape-Specialist-Exploiter,Exploiter,2.0010609547613556
2302,0.023298370571162425,HOG8-ML01-H1-GPS-GradientEstimation-Escape-Specialist-Exploiter,Exploiter,2.3460451323186775
2310,0.022802741394698796,HOG8-ML01-H1-GPS-GradientEstimation-Escape-Specialist-Exploiter,Exploiter,2.1273126159178477
2320,0.022359981684675335,HOG8-ML01-H1-GPS-GradientEstimation-Escape-Specialist-Exploiter,Exploiter,1.9416950898999992
2330,0.021929387558208717,HOG8-ML01-H1-GPS-GradientEstimation-Escape-Specialist-Exploiter,Exploiter,1.9257355955784632
2345,0.021602859209800793,HOG8-ML01-H1-GPS-GradientEstimation-Escape-Specialist-Exploiter,Exploiter,1.4889989405367405
2354,0.02146891311690418,HOG8-ML01-H1-GPS-GradientEstimation-Escape-Specialist-Exploiter,Exploiter,0.6200387254102211
2366,0.02111178026346816,HOG8-ML01-H1-GPS-GradientEstimation-Escape-Specialist-Exploiter,Exploiter,1.6634882795013053
2380,0.02078771231444093,HOG8-ML01-H1-GPS-GradientEstimation-Escape-Specialist-Exploiter,Exploiter,1.5350100511797982
2390,0.020413511806060696,HOG8-ML01-H1-GPS-GradientEstimation-Escape-Specialist-Exploiter,Exploiter,1.8001043247086093
2401,0.02009464678183753,HOG8-ML01-H1-GPS-GradientEstimation-Escape-Specialist-Exploiter,Exploiter,1.5620292444169102
2411,0.01974076063765467,HOG8-ML01-H1-GPS-GradientEstimation-Escape-Specialist-Exploiter,Exploiter,1.7610966145606324
2427,0.019346682980734196,HOG8-ML01-H1-GPS-GradientEstimation-Escape-Specialist-Exploiter,Exploiter,1.9962637922309303
2436,0.019148748667918394,HOG8-ML01-H1-GPS-GradientEstimation-Escape-Specialist-Exploiter,Exploiter,1.0230917259196741
2445,0.018992785312001007,HOG8-ML01-H1-GPS-GradientEstimation-Escape-Specialist-Exploiter,Exploiter,0.8144832783704931
2456,0.018853056128974848,HOG8-ML01-H1-GPS-GradientEstimation-Escape-Specialist-Exploiter,Exploiter,0.7356961116064815
2466,0.018755976189381712,HOG8-ML01-H1-GPS-GradientEstimation-Escape-Specialist-Exploiter,Exploiter,0.5149294572137608
2476,0.018602817875352992,HOG8-ML00-H1-GPS-GradientEstimation-Escape-Specialist-Exploiter,Exploiter,0.8165840715634273
2480,0.0185332548070037,HOG8-ML00-H1-GPS-GradientEstimation-Escape-Specialist-Refiner,Refiner,0.3739383399622364
2490,0.018184140903888174,HOG8-ML00-H1-GPS-GradientEstimation-Escape-Specialist-Exploiter,Exploiter,1.8837160917012545
2500,0.017908011795735094,HOG8-ML00-H1-GPS-GradientEstimation-Escape-Specialist-Exploiter,Exploiter,1.5185161048440712
2501,0.017786563740373438,HOG8-ML00-H1-GPS-GradientEstimation-Escape-Specialist-Exploiter,Exploiter,0.6781772133441387
2510,0.017510715983542025,HOG8-ML00-H1-GPS-GradientEstimation-Escape-Specialist-Exploiter,Exploiter,1.5508771725550916
2525,0.01720846801773604,HOG8-ML00-H1-GPS-GradientEstimation-Escape-Specialist-Exploiter,Exploiter,1.7260742855407094
2529,0.01702667674014283,HOG8-ML00-H1-GPS-GradientEstimation-Escape-Specialist-Exploiter,Exploiter,1.0564059357628166
2534,0.016833036754402505,HOG8-ML00-H1-GPS-GradientEstimation-Escape-Specialist-Exploiter,Exploiter,1.1372741063662242
2540,0.016672302013674534,HOG8-ML00-H1-GPS-GradientEstimation-Escape-Specialist-Exploiter,Exploiter,0.9548766694514149
2545,0.016567187628665006,HOG8-ML00-H1-GPS-GradientEstimation-Escape-Specialist-Exploiter,Exploiter,0.6304731339638244
2550,0.016371277830355073,HOG8-ML00-H1-GPS-GradientEstimation-Escape-Specialist-Exploiter,Exploiter,1.1825169286485568
2559,0.016200261889965994,HOG8-ML00-H1-GPS-GradientEstimation-Escape-Specialist-Exploiter,Exploiter,1.0446096032405434
2561,0.01605363862354012,HOG8-ML00-H1-GPS-GradientEstimation-Escape-Specialist-Exploiter,Exploiter,0.9050672601576116
2570,0.015879834211284704,HOG8-ML00-H1-GPS-GradientEstimation-Escape-Specialist-Exploiter,Exploiter,1.082648092006757
2579,0.01565615563857793,HOG8-ML00-H1-GPS-GradientEstimation-Escape-Specialist-Exploiter,Exploiter,1.4085699493500972
2589,0.01541199562410523,HOG8-ML00-H1-GPS-GradientEstimation-Escape-Specialist-Exploiter,Exploiter,1.5595144817740096
2596,0.015351916614708177,HOG8-ML00-H1-GPS-GradientEstimation-Escape-Specialist-Refiner,Refiner,0.38981979272746936
2601,0.015107190996979028,HOG8-ML00-H1-GPS-GradientEstimation-Escape-Specialist-Exploiter,Exploiter,1.5941046572301258
2605,0.015042741932943228,HOG8-ML00-H1-GPS-GradientEstimation-Escape-Specialist-Refiner,Refiner,0.4266118304103536
2612,0.014867447439111713,HOG8-ML00-H1-GPS-GradientEstimation-Escape-Specialist-Exploiter,Exploiter,1.1653094536417228
2616,0.014772251266787547,HOG8-ML00-H1-GPS-GradientEstimation-Escape-Specialist-Exploiter,Exploiter,0.6402993702451829
2625,0.014592160465107007,HOG8-ML00-H1-GPS-GradientEstimation-Escape-Specialist-Exploiter,Exploiter,1.2191154782577969
2630,0.014535347106519382,HOG8-ML00-H1-GPS-GradientEstimation-Escape-Specialist-Refiner,Refiner,0.3893416517963679
2635,0.01435645944348671,HOG8-ML00-H1-GPS-GradientEstimation-Escape-Specialist-Exploiter,Exploiter,1.2307078855546452
2640,0.014323978514083055,HOG8-ML00-H1-GPS-GradientEstimation-Escape-Specialist-Refiner,Refiner,0.22624609870918042
2646,0.014101529561672013,HOG8-ML00-H1-GPS-GradientEstimation-Escape-Specialist-Exploiter,Exploiter,1.5529830081240001
2646,0.014088760716321633,HOG8-ML00-H1-GPS-GradientEstimation-Escape-Specialist-Refiner,Refiner,0.09054936412774349
2654,0.013922683406093152,HOG8-ML00-H1-GPS-GradientEstimation-Escape-Specialist-Exploiter,Exploiter,1.1787928943677948
2659,0.013881285676182787,HOG8-ML00-H1-GPS-GradientEstimation-Escape-Specialist-Refiner,Refiner,0.2973401657057555
2665,0.01371565927579622,HOG8-ML00-H1-GPS-GradientEstimation-Escape-Specialist-Exploiter,Exploiter,1.1931632577142655
2669,0.01368611116172921,HOG8-ML00-H1-GPS-GradientEstimation-Escape-Specialist-Refiner,Refiner,0.21543342155745374
2676,0.013535199867909579,HOG8-ML00-H1-GPS-GradientEstimation-Escape-Specialist-Exploiter,Exploiter,1.102660149667852
2679,0.013508592943166468,HOG8-ML00-H1-GPS-GradientEstimation-Escape-Specialist-Refiner,Refiner,0.19657578020840613
2685,0.013347207666148955,HOG8-ML00-H1-GPS-GradientEstimation-Escape-Specialist-Exploiter,Exploiter,1.194686061653463
2689,0.01330728829813467,HOG8-ML00-H1-GPS-GradientEstimation-Escape-Specialist-Refiner,Refiner,0.2990840407430549
2695,0.013159672068043377,HOG8-ML00-H1-GPS-GradientEstimation-Escape-Specialist-Exploiter,Exploiter,1.1092885852032293
2699,0.013131311010035032,HOG8-ML00-H1-GPS-GradientEstimation-Escape-Specialist-Refiner,Refiner,0.21551492971634909
2709,0.01297451399231881,HOG8-ML00-H1-GPS-GradientEstimation-Escape-Specialist-Exploiter,Exploiter,1.194069789348495
2715,0.012844541522130624,HOG8-ML00-H1-GPS-GradientEstimation-Escape-Specialist-Exploiter,Exploiter,1.0017521293293337
2723,0.01276995757490521,HOG8-ML00-H1-GPS-GradientEstimation-Escape-Specialist-Exploiter,Exploiter,0.5806664807530023
2729,0.012644338981821407,HOG8-ML00-H1-GPS-GradientEstimation-Escape-Specialist-Exploiter,Exploiter,0.9837040753421294
2735,0.012561246482131652,HOG8-ML00-H1-GPS-GradientEstimation-Escape-Specialist-Exploiter,Exploiter,0.6571517879203942
2739,0.012480876760474213,HOG8-ML00-H1-GPS-GradientEstimation-Escape-Specialist-Exploiter,Exploiter,0.6398228214991618
2744,0.012391982638021028,HOG8-ML00-H1-GPS-GradientEstimation-Escape-Specialist-Exploiter,Exploiter,0.712242610508783
2749,0.012292097091354039,HOG8-ML00-H1-GPS-GradientEstimation-Escape-Specialist-Exploiter,Exploiter,0.8060497628565123
2755,0.01221123865328839,HOG8-ML00-H1-GPS-GradientEstimation-Escape-Specialist-Exploiter,Exploiter,0.6578083256641635
2759,0.01213759751722187,HOG8-ML00-H1-GPS-GradientEstimation-Escape-Specialist-Exploiter,Exploiter,0.6030603295652502
2765,0.012041296384780614,HOG8-ML00-H1-GPS-GradientEstimation-Escape-Specialist-Exploiter,Exploiter,0.7934118123839216
2772,0.011958066856573453,HOG8-ML00-H1-GPS-GradientEstimation-Escape-Specialist-Exploiter,Exploiter,0.6912007274595238
2777,0.011875688442446082,HOG8-ML00-H1-GPS-GradientEstimation-Escape-Specialist-Exploiter,Exploiter,0.6888940755677949
2782,0.011823715802582116,HOG8-ML00-H1-GPS-GradientEstimation-Escape-Specialist-Refiner,Refiner,0.43763896397118224
2785,0.011725682732301228,HOG8-ML00-H1-GPS-GradientEstimation-Escape-Specialist-Exploiter,Exploiter,0.8291223496718262
2797,0.011649435675870257,HOG8-ML00-H1-GPS-GradientEstimation-Escape-Specialist-Exploiter,Exploiter,0.6502568607022756
2802,0.011553612852074104,HOG8-ML00-H1-GPS-GradientEstimation-Escape-Specialist-Exploiter,Exploiter,0.822553353332243
2807,0.011521759274142482,HOG8-ML00-H1-GPS-GradientEstimation-Escape-Specialist-Refiner,Refiner,0.2757023135486377
2810,0.011414712525138484,HOG8-ML00-H1-GPS-GradientEstimation-Escape-Specialist-Exploiter,Exploiter,0.9290833670187579
2818,0.011387841103434134,HOG8-ML00-H1-GPS-GradientEstimation-Escape-Specialist-Refiner,Refiner,0.23541041130182774
2821,0.011294527492885233,HOG8-ML00-H1-GPS-GradientEstimation-Escape-Specialist-Exploiter,Exploiter,0.8194144061314743
2825,0.011279146184472216,HOG8-ML00-H1-GPS-GradientEstimation-Escape-Specialist-Refiner,Refiner,0.13618372634629095
2834,0.011142008336167719,HOG8-ML00-H1-GPS-GradientEstimation-Escape-Specialist-Exploiter,Exploiter,1.2158530979347697
2835,0.01112320886774933,HOG8-ML00-H1-GPS-GradientEstimation-Escape-Specialist-Refiner,Refiner,0.16872603081227905
2845,0.010995377196518299,HOG8-ML00-H1-GPS-GradientEstimation-Escape-Specialist-Exploiter,Exploiter,1.149233757550544
2849,0.010973694279648602,HOG8-ML00-H1-GPS-GradientEstimation-Escape-Specialist-Refiner,Refiner,0.19720030047320897
2855,0.010856440653880747,HOG8-ML00-H1-GPS-GradientEstimation-Escape-Specialist-Exploiter,Exploiter,1.0684972879671846
2859,0.01085565852402749,HOG8-ML00-H1-GPS-GradientEstimation-Escape-Specialist-Polisher,Polisher,0.007204293545109174
2870,0.010748557947555637,HOG8-ML00-H1-GPS-GradientEstimation-Escape-Specialist-Exploiter,Exploiter,0.986587559242042
2870,0.010741073705153283,HOG8-ML00-H1-GPS-GradientEstimation-Escape-Specialist-Refiner,Refiner,0.06963020005912256
2879,0.010632122248247292,HOG8-ML00-H1-GPS-GradientEstimation-Escape-Specialist-Exploiter,Exploiter,1.0143441884559425
2889,0.010510085952993485,HOG8-ML00-H1-GPS-GradientEstimation-Escape-Specialist-Exploiter,Exploiter,1.1478074875777902
2899,0.010418991819297679,HOG8-ML00-H1-GPS-GradientEstimation-Escape-Specialist-Exploiter,Exploiter,0.8667306252605919
2909,0.010316050099863337,HOG8-ML00-H1-GPS-GradientEstimation-Escape-Specialist-Exploiter,Exploiter,0.9880199660362293
2921,0.010219517932723337,HOG8-ML00-H1-GPS-GradientEstimation-Escape-Specialist-Exploiter,Exploiter,0.9357473665359424
2921,0.010216434943320465,HOG8-ML00-H1-GPS-GradientEstimation-Escape-Specialist-Polisher,Polisher,0.030167659797337446
2931,0.010124735985803268,HOG8-ML00-H1-GPS-GradientEstimation-Escape-Specialist-Exploiter,Exploiter,0.8975631717515117
2939,0.010036718984501768,HOG8-ML00-H1-GPS-GradientEstimation-Escape-Specialist-Exploiter,Exploiter,0.869326384657494
2945,0.010034491453405637,HOG8-ML00-H1-GPS-GradientEstimation-Escape-Specialist-Polisher,Polisher,0.022193817517166148
2951,0.009967168968225918,HOG8-ML00-H1-GPS-GradientEstimation-Escape-Specialist-Exploiter,Exploiter,0.670910782996087
2955,0.009966540403951061,HOG8-ML00-H1-GPS-GradientEstimation-Escape-Specialist-Polisher,Polisher,0.006306347136890848
2965,0.009866155124895233,HOG8-ML00-H1-GPS-GradientEstimation-Escape-Specialist-Exploiter,Exploiter,1.007222917754214
2965,0.009863120129778993,HOG8-ML00-H1-GPS-GradientEstimation-Escape-Specialist-Polisher,Polisher,0.030761680490730733
2975,0.009775645755947847,HOG8-ML00-H1-GPS-GradientEstimation-Escape-Specialist-Exploiter,Exploiter,0.8868833865973152
2985,0.009695259808562728,HOG8-ML00-H1-GPS-GradientEstimation-Escape-Specialist-Exploiter,Exploiter,0.8223083097728777
2995,0.009617762477098838,HOG8-ML00-H1-GPS-GradientEstimation-Escape-Specialist-Exploiter,Exploiter,0.799332178756527
3006,0.009542772145470849,HOG8-ML00-H1-GPS-GradientEstimation-Escape-Specialist-Exploiter,Exploiter,0.7797066293386982
3021,0.009421429048158625,HOG8-ML04-H1-GPS-Sniper-Specialist-Exploiter,Exploiter,1.2715707287406528
3026,0.009407114493013902,HOG8-ML00-H1-GPS-GradientEstimation-Escape-Specialist-Refiner,Refiner,0.1519361348639669
3031,0.00939157899782814,HOG8-ML00-H1-GPS-GradientEstimation-Escape-Specialist-Refiner,Refiner,0.16514623264443395
3031,0.009330402364598464,HOG8-ML04-H1-GPS-Sniper-Specialist-Exploiter,Exploiter,0.6513988035858942
3036,0.009326732829606702,HOG8-ML00-H1-GPS-GradientEstimation-Escape-Specialist-Polisher,Polisher,0.039328796855377234
3039,0.009319720660726373,HOG8-ML00-H1-GPS-GradientEstimation-Escape-Specialist-Refiner,Refiner,0.07518355042903598
3041,0.00917619266754565,HOG8-ML04-H1-GPS-Sniper-Specialist-Exploiter,Exploiter,1.5400460851316562
3052,0.009144107058374127,HOG8-ML04-H1-GPS-Sniper-Specialist-Refiner,Refiner,0.34966145910388025
3062,0.009059938775360779,HOG8-ML04-H1-GPS-Sniper-Specialist-Exploiter,Exploiter,0.9204647591725977
3071,0.008948513228529714,HOG8-ML04-H1-GPS-Sniper-Specialist-Exploiter,Exploiter,1.2298708588858842
3081,0.008908440603530686,HOG8-ML04-H1-GPS-Sniper-Specialist-Refiner,Refiner,0.44781321740989066
3091,0.008860744787923175,HOG8-ML04-H1-GPS-Sniper-Specialist-Exploiter,Exploiter,0.535400276324539
3104,0.008786958733011429,HOG8-ML04-H1-GPS-Sniper-Specialist-Exploiter,Exploiter,0.8327297160427601
3111,0.00873405785645826,HOG8-ML04-H1-GPS-Sniper-Specialist-Exploiter,Exploiter,0.6020385227761103
3122,0.008672348089189843,HOG8-ML04-H1-GPS-Sniper-Specialist-Exploiter,Exploiter,0.7065417733955927
3131,0.008670400655998821,HOG8-ML04-H1-GPS-Sniper-Specialist-Polisher,Polisher,0.022455662191986362
3135,0.008602859818112233,HOG8-ML04-H1-GPS-Sniper-Specialist-Exploiter,Exploiter,0.7789817399021592
3142,0.008557937126520598,HOG8-ML04-H1-GPS-Sniper-Specialist-Exploiter,Exploiter,0.522183233731842
3158,0.008529078735876456,HOG8-ML04-H1-GPS-Sniper-Specialist-Refiner,Refiner,0.33721199650685746
3166,0.008487040232423748,HOG8-ML04-H1-GPS-Sniper-Specialist-Refiner,Refiner,0.4928844574488252
3175,0.008451595968491652,HOG8-ML04-H1-GPS-Sniper-Specialist-Refiner,Refiner,0.41762808896186265
3180,0.008418635568267007,HOG8-ML04-H1-GPS-Sniper-Specialist-Refiner,Refiner,0.38999024974128976
3181,0.00837438348608342,HOG8-ML04-H1-GPS-Sniper-Specialist-Exploiter,Exploiter,0.5256443496662402
3186,0.008361683789530243,HOG8-ML04-H1-GPS-Sniper-Specialist-Refiner,Refiner,0.15164933125262708
3191,0.008311370057795763,HOG8-ML04-H1-GPS-Sniper-Specialist-Exploiter,Exploiter,0.6017177042437126
3202,0.008269543243170953,HOG8-ML04-H1-GPS-Sniper-Specialist-Exploiter,Exploiter,0.5032481327862222
3216,0.008235984598638807,HOG8-ML04-H1-GPS-Sniper-Specialist-Refiner,Refiner,0.4058101341916178
3227,0.008192749759851466,HOG8-ML04-H1-GPS-Sniper-Specialist-Exploiter,Exploiter,0.5249504569798114
3236,0.00816967539187317,HOG8-ML04-H1-GPS-Sniper-Specialist-Refiner,Refiner,0.28164375398563873
3245,0.008098740869388617,HOG8-ML04-H1-GPS-Sniper-Specialist-Exploiter,Exploiter,0.8682661070611976
3254,0.008066404813518488,HOG8-ML04-H1-GPS-Sniper-Specialist-Refiner,Refiner,0.399272632519355
3260,0.008060167779959134,HOG8-ML04-H1-GPS-Sniper-Specialist-Refiner,Refiner,0.07732110777407945
3266,0.008059105998152407,HOG8-ML04-H1-GPS-Sniper-Specialist-Polisher,Polisher,0.013173197329305431
3270,0.008055899731801094,HOG8-ML04-H1-GPS-Sniper-Specialist-Polisher,Polisher,0.03978439236371846
3275,0.008020626836536177,HOG8-ML04-H1-GPS-Sniper-Specialist-Refiner,Refiner,0.43785171662049754
3284,0.007956360358859018,HOG8-ML04-H1-GPS-Sniper-Specialist-Exploiter,Exploiter,0.8012650256262636
3295,0.007911093776819809,HOG8-ML04-H1-GPS-Sniper-Specialist-Exploiter,Exploiter,0.5689357947293925
3306,0.00787650785268673,HOG8-ML04-H1-GPS-Sniper-Specialist-Refiner,Refiner,0.43718258320257836
3315,0.007826870189097878,HOG8-ML04-H1-GPS-Sniper-Specialist-Exploiter,Exploiter,0.6301988713427166
3323,0.007813029391652683,HOG8-ML04-H1-GPS-Sniper-Specialist-Refiner,Refiner,0.176836936231206
3336,0.007781684657148902,HOG8-ML04-H1-GPS-Sniper-Specialist-Refiner,Refiner,0.40118541646944
3342,0.007775739215435605,HOG8-ML04-H1-GPS-Sniper-Specialist-Refiner,Refiner,0.07640301522414465
3345,0.00774718008361796,HOG8-ML04-H1-GPS-Sniper-Specialist-Refiner,Refiner,0.36728510340152243
3356,0.0077227759045756066,HOG8-ML04-H1-GPS-Sniper-Specialist-Refiner,Refiner,0.315007251399229
3366,0.007682305446335805,HOG8-ML04-H1-GPS-Sniper-Specialist-Exploiter,Exploiter,0.524040302863429
3375,0.007635156161050078,HOG8-ML04-H1-GPS-Sniper-Specialist-Exploiter,Exploiter,0.613738748284408
3392,0.007597381365530156,HOG8-ML04-H1-GPS-Sniper-Specialist-Refiner,Refiner,0.4947481717875857
3396,0.0075685321398781405,HOG8-ML04-H1-GPS-Sniper-Specialist-Refiner,Refiner,0.37972591165301106
3407,0.007539645187095328,HOG8-ML04-H1-GPS-Sniper-Specialist-Refiner,Refiner,0.3816717990878148
3415,0.007504357540191011,HOG8-ML04-H1-GPS-Sniper-Specialist-Refiner,Refiner,0.46802795129821506
3420,0.007502547718427432,HOG8-ML04-H1-GPS-Sniper-Specialist-Polisher,Polisher,0.024116944773571895
3421,0.007500883773941917,HOG8-ML04-H1-GPS-Sniper-Specialist-Polisher,Polisher,0.022178392566939643
3430,0.0074656009134768065,HOG8-ML04-H1-GPS-Sniper-Specialist-Refiner,Refiner,0.47038271127041764
3436,0.007406767699170508,HOG8-ML04-H1-GPS-Sniper-Specialist-Exploiter,Exploiter,0.7880573176647276
3450,0.0073443306937888315,HOG8-ML04-H1-GPS-Sniper-Specialist-Exploiter,Exploiter,0.8429723722625817
3456,0.007298613620293624,HOG8-ML04-H1-GPS-Sniper-Specialist-Exploiter,Exploiter,0.6224811409141813
3470,0.007256801634178671,HOG8-ML04-H1-GPS-Sniper-Specialist-Exploiter,Exploiter,0.5728757307921664
3479,0.007215467959660112,HOG8-ML04-H1-GPS-Sniper-Specialist-Exploiter,Exploiter,0.5695852884262632
3490,0.00712144030346438,HOG8-ML04-H1-GPS-Sniper-Specialist-Exploiter,Exploiter,1.303140097377156
3501,0.007070151623207362,HOG8-ML04-H1-GPS-Sniper-Specialist-Exploiter,Exploiter,0.7202009435095282
3505,0.007053027073761838,HOG8-ML04-H1-GPS-Sniper-Specialist-Refiner,Refiner,0.24220908345605727
3510,0.0070248477320556686,HOG8-ML04-H1-GPS-Sniper-Specialist-Refiner,Refiner,0.39953542516517326
3521,0.006907617743815032,HOG8-ML04-H1-GPS-Sniper-Specialist-Exploiter,Exploiter,1.66879045229258
3531,0.006847411745945879,HOG8-ML04-H1-GPS-Sniper-Specialist-Exploiter,Exploiter,0.8715884419496148
3542,0.006825901147866044,HOG8-ML04-H1-GPS-Sniper-Specialist-Refiner,Refiner,0.31414202735173785
3553,0.006811418153898864,HOG8-ML04-H1-GPS-Sniper-Specialist-Refiner,Refiner,0.2121770247391836
3567,0.006782508296743754,HOG8-ML04-H1-GPS-Sniper-Specialist-Refiner,Refiner,0.42443227683153734
3577,0.0067251668604040304,HOG8-ML04-H1-GPS-Sniper-Specialist-Exploiter,Exploiter,0.8454311271134461
3585,0.006694932003405339,HOG8-ML04-H1-GPS-Sniper-Specialist-Refiner,Refiner,0.449577796748895
3592,0.006686787104972974,HOG8-ML04-H1-GPS-Sniper-Specialist-Refiner,Refiner,0.12165767222463149
3596,0.006667646442434561,HOG8-ML04-H1-GPS-Sniper-Specialist-Refiner,Refiner,0.2862460287419355
3611,0.006643901875474973,HOG8-ML04-H1-GPS-Sniper-Specialist-Refiner,Refiner,0.3561161672951394
3621,0.006566882396927856,HOG8-ML04-H1-GPS-Sniper-Specialist-Exploiter,Exploiter,1.1592506932021924
3630,0.006545525457747742,HOG8-ML04-H1-GPS-Sniper-Specialist-Refiner,Refiner,0.3252218920519321
3641,0.006506862316373426,HOG8-ML04-H1-GPS-Sniper-Specialist-Exploiter,Exploiter,0.59068048278005
3651,0.006450830160330312,HOG8-ML04-H1-GPS-Sniper-Specialist-Exploiter,Exploiter,0.8611240459494404
3659,0.006382448438043269,HOG8-ML04-H1-GPS-Sniper-Specialist-Exploiter,Exploiter,1.060045305603603
3670,0.006369570326164368,HOG8-ML04-H1-GPS-Sniper-Specialist-Refiner,Refiner,0.20177384907866647
3680,0.006336983870950109,HOG8-ML04-H1-GPS-Sniper-Specialist-Exploiter,Exploiter,0.5115958148762889
3690,0.006269085568864063,HOG8-ML04-H1-GPS-Sniper-Specialist-Exploiter,Exploiter,1.0714608632239684
3704,0.0062503007391805756,HOG8-ML04-H1-GPS-Sniper-Specialist-Refiner,Refiner,0.2996422600575772
3712,0.006229375778179072,HOG8-ML04-H1-GPS-Sniper-Specialist-Refiner,Refiner,0.3347832668328018
3723,0.006193032038406425,HOG8-ML04-H1-GPS-Sniper-Specialist-Exploiter,Exploiter,0.5834250664401378
3735,0.006172223044512602,HOG8-ML04-H1-GPS-Sniper-Specialist-Refiner,Refiner,0.33600655970734206
3742,0.0061400330887391085,HOG8-ML04-H1-GPS-Sniper-Specialist-Exploiter,Exploiter,0.5215293669938241
3751,0.006118719444016583,HOG8-ML04-H1-GPS-Sniper-Specialist-Refiner,Refiner,0.347125893533295
3765,0.006105444678071319,HOG8-ML04-H1-GPS-Sniper-Specialist-Refiner,Refiner,0.21695333585272955
3772,0.006055152538287516,HOG8-ML04-H1-GPS-Sniper-Specialist-Exploiter,Exploiter,0.8237260746041192
3786,0.006031425573036757,HOG8-ML04-H1-GPS-Sniper-Specialist-Refiner,Refiner,0.3918475232577677
3798,0.006006586578829751,HOG8-ML04-H1-GPS-Sniper-Specialist-Refiner,Refiner,0.4118262574282209
3806,0.00599266583462917,HOG8-ML04-H1-GPS-Sniper-Specialist-Refiner,Refiner,0.23175798796682365
3816,0.005976169515524021,HOG8-ML04-H1-GPS-Sniper-Specialist-Refiner,Refiner,0.27527513731574105
3825,0.005961139414319429,HOG8-ML04-H1-GPS-Sniper-Specialist-Refiner,Refiner,0.25150058353513327
3836,0.005921025381686049,HOG8-ML04-H1-GPS-Sniper-Specialist-Exploiter,Exploiter,0.6729255909872065
3846,0.005865658309404623,HOG8-ML04-H1-GPS-Sniper-Specialist-Exploiter,Exploiter,0.9350926353512798
3855,0.005837751360308917,HOG8-ML04-H1-GPS-Sniper-Specialist-Refiner,Refiner,0.47576840694865796
3870,0.005812709481043144,HOG8-ML04-H1-GPS-Sniper-Specialist-Refiner,Refiner,0.428964471423597
3876,0.005787231302063992,HOG8-ML04-H1-GPS-Sniper-Specialist-Refiner,Refiner,0.4383184651192873
3880,0.005755602128973935,HOG8-ML04-H1-GPS-Sniper-Specialist-Exploiter,Exploiter,0.5465337644060755
3890,0.005717425670607019,HOG8-ML04-H1-GPS-Sniper-Specialist-Exploiter,Exploiter,0.6632921718951807
3901,0.005710688641811486,HOG8-ML04-H1-GPS-Sniper-Specialist-Refiner,Refiner,0.11783325544864047
3913,0.005691315515326909,HOG8-ML04-H1-GPS-Sniper-Specialist-Refiner,Refiner,0.3392432629356487
3921,0.005665994506815564,HOG8-ML04-H1-GPS-Sniper-Specialist-Refiner,Refiner,0.4449060756367302
3930,0.005651538604596171,HOG8-ML04-H1-GPS-Sniper-Specialist-Refiner,Refiner,0.2551344199505333
3941,0.005635455986086797,HOG8-ML04-H1-GPS-Sniper-Specialist-Refiner,Refiner,0.2845706211100667
3951,0.005612224837327807,HOG8-ML04-H1-GPS-Sniper-Specialist-Refiner,Refiner,0.41223192615370363
3960,0.005600359089158041,HOG8-ML04-H1-GPS-Sniper-Specialist-Refiner,Refiner,0.2114268140300532
3972,0.00554272258685632,HOG8-ML04-H1-GPS-Sniper-Specialist-Exploiter,Exploiter,1.029157262670918
3981,0.005533478668110897,HOG8-ML04-H1-GPS-Sniper-Specialist-Refiner,Refiner,0.16677577851981784
3990,0.005513499484196088,HOG8-ML04-H1-GPS-Sniper-Specialist-Refiner,Refiner,0.3610601054621979
4002,0.005497290859212524,HOG8-ML04-H1-GPS-Sniper-Specialist-Refiner,Refiner,0.2939807109808174
4010,0.005480496562771545,HOG8-ML04-H1-GPS-Sniper-Specialist-Refiner,Refiner,0.30550132549080394
4023,0.005439288499314241,HOG8-ML04-H1-GPS-Sniper-Specialist-Exploiter,Exploiter,0.7519038281535789
4030,0.00542546781883651,HOG8-ML00-H1-GPS-GradientEstimation-Escape-Specialist-Refiner,Refiner,0.2540898589856625
4041,0.005419947644684647,HOG8-ML00-H1-GPS-GradientEstimation-Escape-Specialist-Refiner,Refiner,0.10174558832875319
4046,0.0054022318553925254,HOG8-ML04-H1-GPS-Sniper-Specialist-Refiner,Refiner,0.3268627384158547
4056,0.005396218762054046,HOG8-ML04-H1-GPS-Sniper-Specialist-Refiner,Refiner,0.11130757619144101
4064,0.0053831434248486475,HOG8-ML04-H1-GPS-Sniper-Specialist-Refiner,Refiner,0.24230554360293388
4072,0.005348274872206991,HOG8-ML04-H1-GPS-Sniper-Specialist-Exploiter,Exploiter,0.647735902422796
4085,0.005339512933622952,HOG8-ML04-H1-GPS-Sniper-Specialist-Refiner,Refiner,0.16382737973269723
4100,0.005320775444207065,HOG8-ML04-H1-GPS-Sniper-Specialist-Refiner,Refiner,0.350921322765165
4105,0.0053022828118015975,HOG8-ML04-H1-GPS-Sniper-Specialist-Refiner,Refiner,0.3475552125696493
4125,0.005297826620769422,HOG8-ML04-H1-GPS-Sniper-Specialist-Refiner,Refiner,0.08404287719728612
4131,0.005280169601636077,HOG8-ML04-H1-GPS-Sniper-Specialist-Refiner,Refiner,0.3332879763207616
4140,0.0052667996278234885,HOG8-ML04-H1-GPS-Sniper-Specialist-Refiner,Refiner,0.2532110674711292
4152,0.0052529050795821495,HOG8-ML04-H1-GPS-Sniper-Specialist-Refiner,Refiner,0.2638138760384351
4161,0.0052376028665633186,HOG8-ML04-H1-GPS-Sniper-Specialist-Refiner,Refiner,0.29130952847996516
4172,0.005209693362374351,HOG8-ML04-H1-GPS-Sniper-Specialist-Exploiter,Exploiter,0.5328678958678075
4182,0.005199615531646808,HOG8-ML04-H1-GPS-Sniper-Specialist-Refiner,Refiner,0.19344383683553254
4191,0.005186709520599771,HOG8-ML04-H1-GPS-Sniper-Specialist-Refiner,Refiner,0.24821087190938948
4192,0.005182012483699079,HOG8-ML04-H1-GPS-Sniper-Specialist-Refiner,Refiner,0.09055908918818942
4207,0.005167848333359752,HOG8-ML04-H1-GPS-Sniper-Specialist-Refiner,Refiner,0.273333003034678
4215,0.0051610589879272925,HOG8-ML04-H1-GPS-Sniper-Specialist-Refiner,Refiner,0.1313766386802168
4225,0.005144755731897771,HOG8-ML04-H1-GPS-Sniper-Specialist-Refiner,Refiner,0.3158897440943479
4235,0.005117415377091336,HOG8-ML04-H1-GPS-Sniper-Specialist-Exploiter,Exploiter,0.531421825081475
4246,0.005095456236902607,HOG8-ML04-H1-GPS-Sniper-Specialist-Refiner,Refiner,0.429106073488413
4256,0.005087663473093362,HOG8-ML04-H1-GPS-Sniper-Specialist-Refiner,Refiner,0.1529355458458722
4266,0.005064808509564103,HOG8-ML04-H1-GPS-Sniper-Specialist-Refiner,Refiner,0.4492231777933022
4276,0.005047451403863912,HOG8-ML04-H1-GPS-Sniper-Specialist-Refiner,Refiner,0.34270013698277874
4285,0.005036407721797825,HOG8-ML04-H1-GPS-Sniper-Specialist-Refiner,Refiner,0.2187971945134981
4296,0.005013290974685851,HOG8-ML04-H1-GPS-Sniper-Specialist-Refiner,Refiner,0.45899276605274664
4304,0.005000772372713911,HOG8-ML04-H1-GPS-Sniper-Specialist-Refiner,Refiner,0.2497082661898566
4317,0.004988706009507925,HOG8-ML04-H1-GPS-Sniper-Specialist-Refiner,Refiner,0.24128999095868742
4332,0.004971697030977662,HOG8-ML04-H1-GPS-Sniper-Specialist-Refiner,Refiner,0.3409497071554314
4342,0.004952845000284167,HOG8-ML04-H1-GPS-Sniper-Specialist-Refiner,Refiner,0.3791870376660518
4351,0.0049261218427421585,HOG8-ML04-H1-GPS-Sniper-Specialist-Exploiter,Exploiter,0.5395516625389055
4361,0.004909054932582434,HOG8-ML04-H1-GPS-Sniper-Specialist-Refiner,Refiner,0.3464573290015031
4372,0.004901735837334182,HOG8-ML04-H1-GPS-Sniper-Specialist-Refiner,Refiner,0.14909377362379947
4383,0.0048908429634908455,HOG8-ML04-H1-GPS-Sniper-Specialist-Refiner,Refiner,0.22222482411986805
4391,0.004882488804214326,HOG8-ML04-H1-GPS-Sniper-Specialist-Refiner,Refiner,0.17081225749592688
4401,0.0048574394494565664,HOG8-ML04-H1-GPS-Sniper-Specialist-Exploiter,Exploiter,0.5130447966647322
4411,0.004841149358923506,HOG8-ML04-H1-GPS-Sniper-Specialist-Refiner,Refiner,0.33536373849977885
4421,0.004824170867741212,HOG8-ML04-H1-GPS-Sniper-Specialist-Refiner,Refiner,0.3507119884867377
4431,0.004803062397622352,HOG8-ML04-H1-GPS-Sniper-Specialist-Refiner,Refiner,0.43755643607092415
4441,0.00476997689839926,HOG8-ML04-H1-GPS-Sniper-Specialist-Exploiter,Exploiter,0.688841753117143
4451,0.00473824692343032,HOG8-ML04-H1-GPS-Sniper-Specialist-Exploiter,Exploiter,0.6652018583064467
4462,0.004718023211170199,HOG8-ML04-H1-GPS-Sniper-Specialist-Refiner,Refiner,0.42681845389094253
4472,0.004715664534300154,HOG8-ML04-H1-GPS-Sniper-Specialist-Polisher,Polisher,0.04999290517395074
4481,0.004696864367784824,HOG8-ML04-H1-GPS-Sniper-Specialist-Refiner,Refiner,0.3986748077303705
4493,0.004672583606113329,HOG8-ML04-H1-GPS-Sniper-Specialist-Exploiter,Exploiter,0.5169568412073663
4505,0.004655845405722557,HOG8-ML04-H1-GPS-Sniper-Specialist-Refiner,Refiner,0.35822152799733625
4515,0.004641554862725508,HOG8-ML04-H1-GPS-Sniper-Specialist-Refiner,Refiner,0.30693766119218263
4526,0.004624048521267823,HOG8-ML04-H1-GPS-Sniper-Specialist-Refiner,Refiner,0.37716545372051974
4541,0.004618101650347015,HOG8-ML04-H1-GPS-Sniper-Specialist-Refiner,Refiner,0.12860745066699492
4547,0.004604394974669513,HOG8-ML04-H1-GPS-Sniper-Specialist-Refiner,Refiner,0.29680324763904503
4559,0.004589814847728588,HOG8-ML04-H1-GPS-Sniper-Specialist-Refiner,Refiner,0.3166567382063361
4570,0.004558031859567268,HOG8-ML04-H1-GPS-Sniper-Specialist-Exploiter,Exploiter,0.6924677621157004
4586,0.0045425201263857296,HOG8-ML04-H1-GPS-Sniper-Specialist-Refiner,Refiner,0.34031647121946357
4589,0.004515480916979151,HOG8-ML04-H1-GPS-Sniper-Specialist-Exploiter,Exploiter,0.5952468817808464
4601,0.0045091536482900815,HOG8-ML04-H1-GPS-Sniper-Specialist-Refiner,Refiner,0.1401239160435342
4612,0.004500805398328558,HOG8-ML04-H1-GPS-Sniper-Specialist-Refiner,Refiner,0.1851400642488526
4621,0.004493594403940905,HOG8-ML04-H1-GPS-Sniper-Specialist-Refiner,Refiner,0.16021564474506148
4631,0.004485857604497954,HOG8-ML04-H1-GPS-Sniper-Specialist-Refiner,Refiner,0.17217396025253717
4641,0.004480191451379906,HOG8-ML04-H1-GPS-Sniper-Specialist-Refiner,Refiner,0.12631147971273052
4651,0.0044677525556608005,HOG8-ML04-H1-GPS-Sniper-Specialist-Refiner,Refiner,0.2776420573561536
4664,0.004445648433594865,HOG8-ML04-H1-GPS-Sniper-Specialist-Refiner,Refiner,0.4947481265033132
4677,0.004432979337462289,HOG8-ML04-H1-GPS-Sniper-Specialist-Refiner,Refiner,0.2849774632838247
4681,0.004415532527273706,HOG8-ML04-H1-GPS-Sniper-Specialist-Refiner,Refiner,0.3935684978529693
4691,0.004404716373971765,HOG8-ML05-H1-GPS-JADE-Specialist-Refiner,Refiner,0.24495693860552603
4691,0.004381583001224161,HOG8-ML04-H1-GPS-Sniper-Specialist-Exploiter,Exploiter,0.5251955127985865
4701,0.004365782222541908,HOG8-ML04-H1-GPS-Sniper-Specialist-Refiner,Refiner,0.3606180386823329
4711,0.004337827836026134,HOG8-ML04-H1-GPS-Sniper-Specialist-Exploiter,Exploiter,0.6403064809654756
4721,0.004297200660610402,HOG8-ML04-H1-GPS-Sniper-Specialist-Exploiter,Exploiter,0.9365787890039997
4730,0.004293049504104522,HOG8-ML04-H1-GPS-Sniper-Specialist-Refiner,Refiner,0.09660141179652898
4741,0.0042668997083482475,HOG8-ML04-H1-GPS-Sniper-Specialist-Exploiter,Exploiter,0.6091193621520853
4751,0.004263826713994747,HOG8-ML04-H1-GPS-Sniper-Specialist-Refiner,Refiner,0.07201937152373238
4761,0.004236346264128636,HOG8-ML04-H1-GPS-Sniper-Specialist-Exploiter,Exploiter,0.6445020332537158
4775,0.00422221204434267,HOG8-ML04-H1-GPS-Sniper-Specialist-Refiner,Refiner,0.3336417493925846
4781,0.004217895921483073,HOG8-ML04-H1-GPS-Sniper-Specialist-Refiner,Refiner,0.10222420888073724
4792,0.004160297779420214,HOG8-ML04-H1-GPS-Sniper-Specialist-Exploiter,Exploiter,1.3655657497259261
4795,0.004160193670066167,HOG8-ML04-H1-GPS-Sniper-Specialist-Polisher,Polisher,0.002502449573719285
4805,0.00415248119210494,HOG8-ML04-H1-GPS-Sniper-Specialist-Refiner,Refiner,0.18538747406690687
4812,0.0041342175498543,HOG8-ML04-H1-GPS-Sniper-Specialist-Refiner,Refiner,0.43982480367073995
4823,0.004118529528393358,HOG8-ML04-H1-GPS-Sniper-Specialist-Refiner,Refiner,0.3794677293045475
4838,0.004085309536109732,HOG8-ML04-H1-GPS-Sniper-Specialist-Exploiter,Exploiter,0.8065983758184977
4846,0.004063657502563373,HOG8-ML04-H1-GPS-Sniper-Specialist-Exploiter,Exploiter,0.529997380981251
4857,0.004010295865591063,HOG8-ML04-H1-GPS-Sniper-Specialist-Exploiter,Exploiter,1.3131430721867983
4867,0.004000332319256117,HOG8-ML04-H1-GPS-Sniper-Specialist-Refiner,Refiner,0.24844915858789207
4881,0.003980478324087719,HOG8-ML04-H1-GPS-Sniper-Specialist-Refiner,Refiner,0.49630864597993024
4886,0.0039803099459006204,HOG8-ML04-H1-GPS-Sniper-Specialist-Polisher,Polisher,0.004230099334543124
4890,0.003975932080497771,HOG8-ML04-H1-GPS-Sniper-Specialist-Refiner,Refiner,0.10998805274845215
4902,0.003958336854410275,HOG8-ML04-H1-GPS-Sniper-Specialist-Refiner,Refiner,0.44254342708222394
4905,0.003943363093433261,HOG8-ML04-H1-GPS-Sniper-Specialist-Refiner,Refiner,0.37828415134326915
4916,0.003936712999003653,HOG8-ML04-H1-GPS-Sniper-Specialist-Refiner,Refiner,0.16864017520179148
4931,0.00389314739670407,HOG8-ML04-H1-GPS-Sniper-Specialist-Exploiter,Exploiter,1.1066491845000745
4940,0.0038875296068326083,HOG8-ML04-H1-GPS-Sniper-Specialist-Refiner,Refiner,0.14429943947711674
4950,0.003880479648478108,HOG8-ML04-H1-GPS-Sniper-Specialist-Refiner,Refiner,0.18134802991877966
4961,0.003863929203056465,HOG8-ML04-H1-GPS-Sniper-Specialist-Refiner,Refiner,0.4265051468092048
4971,0.003861395677913837,HOG8-ML04-H1-GPS-Sniper-Specialist-Refiner,Refiner,0.06556862223624493
4982,0.003849957273485395,HOG8-ML04-H1-GPS-Sniper-Specialist-Refiner,Refiner,0.2962246136511385
4994,0.0038366944540692257,HOG8-ML04-H1-GPS-Sniper-Specialist-Refiner,Refiner,0.3444926391134344
5009,0.0038308433979976153,HOG8-ML04-H1-GPS-Sniper-Specialist-Refiner,Refiner,0.1525025289778979
5016,0.003825965746469863,HOG8-ML04-H1-GPS-Sniper-Specialist-Refiner,Refiner,0.12732578758770963
5036,0.0038241563570906327,HOG8-ML04-H1-GPS-Sniper-Specialist-Polisher,Polisher,0.047292356992477476
5051,0.0038171934593617457,HOG8-ML04-H1-GPS-Sniper-Specialist-Refiner,Refiner,0.18207670081210492
5061,0.003812240876186628,HOG8-ML04-H1-GPS-Sniper-Specialist-Refiner,Refiner,0.1297440967517946
5070,0.0038073035274805095,HOG8-ML04-H1-GPS-Sniper-Specialist-Refiner,Refiner,0.12951303095667654
5081,0.0037992755115616784,HOG8-ML04-H1-GPS-Sniper-Specialist-Refiner,Refiner,0.21085831116132944
5091,0.0037989850342161832,HOG8-ML04-H1-GPS-Sniper-Specialist-Polisher,Polisher,0.00764559834134733
5101,0.0037708636703339313,HOG8-ML04-H1-GPS-Sniper-Specialist-Exploiter,Exploiter,0.7402336052648855
5110,0.003766334385743731,HOG8-ML04-H1-GPS-Sniper-Specialist-Refiner,Refiner,0.12011265816457767
5120,0.003763532278670932,HOG8-ML04-H1-GPS-Sniper-Specialist-Refiner,Refiner,0.07439878634795595
5131,0.003754420011818347,HOG8-ML04-H1-GPS-Sniper-Specialist-Refiner,Refiner,0.24212006641278488
5141,0.003748353375187429,HOG8-ML04-H1-GPS-Sniper-Specialist-Refiner,Refiner,0.1615865196707121
5158,0.0037406922571133275,HOG8-ML04-H1-GPS-Sniper-Specialist-Refiner,Refiner,0.2043862279585255
5163,0.0037328684013672045,HOG8-ML04-H1-GPS-Sniper-Specialist-Refiner,Refiner,0.2091552902071816
5170,0.0037311204564122826,HOG8-ML04-H1-GPS-Sniper-Specialist-Polisher,Polisher,0.046825785615203896
5186,0.0037208243156625197,HOG8-ML04-H1-GPS-Sniper-Specialist-Refiner,Refiner,0.27595305137007836
5196,0.0036915881371534258,HOG8-ML04-H1-GPS-Sniper-Specialist-Exploiter,Exploiter,0.7857446637839516
5205,0.0036858565971608134,HOG8-ML04-H1-GPS-Sniper-Specialist-Refiner,Refiner,0.15525946502341867
5216,0.0036794100213741075,HOG8-ML04-H1-GPS-Sniper-Specialist-Refiner,Refiner,0.17490034180037328
5226,0.00367662676006335,HOG8-ML04-H1-GPS-Sniper-Specialist-Refiner,Refiner,0.07564422813954323
5242,0.003665027485309388,HOG8-ML04-H1-GPS-Sniper-Specialist-Refiner,Refiner,0.31548687182383633
5250,0.003652709473965375,HOG8-ML04-H1-GPS-Sniper-Specialist-Refiner,Refiner,0.33609601547022067
5261,0.003635871081598587,HOG8-ML04-H1-GPS-Sniper-Specialist-Refiner,Refiner,0.46098362015383954
5271,0.0036308855403119774,HOG8-ML04-H1-GPS-Sniper-Specialist-Refiner,Refiner,0.137120958766712
5283,0.003622819370238713,HOG8-ML04-H1-GPS-Sniper-Specialist-Refiner,Refiner,0.22215434729928565
5292,0.0036107494157403544,HOG8-ML04-H1-GPS-Sniper-Specialist-Refiner,Refiner,0.3331646782479107
5304,0.0036068471157423873,HOG8-ML04-H1-GPS-Sniper-Specialist-Refiner,Refiner,0.10807451718902915
5310,0.0036036341135730317,HOG8-ML04-H1-GPS-Sniper-Specialist-Refiner,Refiner,0.089080630984667
5321,0.0035909526341675437,HOG8-ML04-H1-GPS-Sniper-Specialist-Refiner,Refiner,0.35190807406677144
5331,0.003554474696765581,HOG8-ML04-H1-GPS-Sniper-Specialist-Exploiter,Exploiter,1.0158289768257789
5341,0.0035339697624679296,HOG8-ML04-H1-GPS-Sniper-Specialist-Exploiter,Exploiter,0.5768766427373976
5355,0.0035151544837884216,HOG8-ML04-H1-GPS-Sniper-Specialist-Exploiter,Exploiter,0.5324119883348536
5363,0.0035109370360341674,HOG8-ML04-H1-GPS-Sniper-Specialist-Refiner,Refiner,0.11997901582148594
5376,0.0034950113699516606,HOG8-ML04-H1-GPS-Sniper-Specialist-Refiner,Refiner,0.4536015861023787
5385,0.0034838117748644533,HOG8-ML04-H1-GPS-Sniper-Specialist-Refiner,Refiner,0.32044516889117325
5396,0.003474373471207678,HOG8-ML04-H1-GPS-Sniper-Specialist-Refiner,Refiner,0.2709188746898463
5406,0.0034459747617090956,HOG8-ML04-H1-GPS-Sniper-Specialist-Exploiter,Exploiter,0.81737642006319
5421,0.0034014441119048482,HOG8-ML04-H1-GPS-Sniper-Specialist-Exploiter,Exploiter,1.2922511882287142
5426,0.003399290598884497,HOG8-ML04-H1-GPS-Sniper-Specialist-Refiner,Refiner,0.06331172729883346
5441,0.003376560134350786,HOG8-ML04-H1-GPS-Sniper-Specialist-Exploiter,Exploiter,0.668682593396694
5451,0.003362113215443289,HOG8-ML04-H1-GPS-Sniper-Specialist-Refiner,Refiner,0.42785907351461044
5461,0.003357149158706295,HOG8-ML04-H1-GPS-Sniper-Specialist-Refiner,Refiner,0.1476469237916369
5471,0.00335539974215682,HOG8-ML04-H1-GPS-Sniper-Specialist-Refiner,Refiner,0.05211018238310451
5481,0.0033503131863088145,HOG8-ML04-H1-GPS-Sniper-Specialist-Refiner,Refiner,0.15159314057573717
5486,0.003349942156661753,HOG8-ML04-H1-GPS-Sniper-Specialist-Polisher,Polisher,0.011074476516936412
5490,0.0033489004891794375,HOG8-ML04-H1-GPS-Sniper-Specialist-Polisher,Polisher,0.03109508861948072
5502,0.0033439238262449617,HOG8-ML04-H1-GPS-Sniper-Specialist-Refiner,Refiner,0.1486058767812248
5506,0.003343587976078699,HOG8-ML04-H1-GPS-Sniper-Specialist-Polisher,Polisher,0.010043595001378842
5515,0.003337347632405372,HOG8-ML04-H1-GPS-Sniper-Specialist-Refiner,Refiner,0.1866361441054582
5526,0.0033305200133224664,HOG8-ML04-H1-GPS-Sniper-Specialist-Refiner,Refiner,0.20458219625099963
5532,0.0033281326637697303,HOG8-ML04-H1-GPS-Sniper-Specialist-Refiner,Refiner,0.0716809850469727
5546,0.003318555197423812,HOG8-ML04-H1-GPS-Sniper-Specialist-Refiner,Refiner,0.2877729740217139
5551,0.0033033666143694853,HOG8-ML04-H1-GPS-Sniper-Specialist-Refiner,Refiner,0.45768661814387346
5564,0.0032918168002258716,HOG8-ML04-H1-GPS-Sniper-Specialist-Refiner,Refiner,0.34963767246942934
5572,0.0032816721069765693,HOG8-ML04-H1-GPS-Sniper-Specialist-Refiner,Refiner,0.3081791565255449
5585,0.0032805271446017838,HOG8-ML04-H1-GPS-Sniper-Specialist-Polisher,Polisher,0.034889603149305067
5595,0.003277341463264129,HOG8-ML04-H1-GPS-Sniper-Specialist-Refiner,Refiner,0.0971088241990928
5606,0.003258241662577661,HOG8-ML04-H1-GPS-Sniper-Specialist-Exploiter,Exploiter,0.5827833596394663
5622,0.003230115166343644,HOG8-ML04-H1-GPS-Sniper-Specialist-Exploiter,Exploiter,0.8632415623758672
5627,0.0032074359591338563,HOG8-ML04-H1-GPS-Sniper-Specialist-Exploiter,Exploiter,0.7021176039199778
5636,0.003195219782393455,HOG8-ML04-H1-GPS-Sniper-Specialist-Refiner,Refiner,0.3808704802230898
5646,0.0031901158145498905,HOG8-ML04-H1-GPS-Sniper-Specialist-Refiner,Refiner,0.15973761403484377
5656,0.0031811984423604544,HOG8-ML04-H1-GPS-Sniper-Specialist-Refiner,Refiner,0.27953129942068783
5662,0.0031668368056598653,HOG8-ML04-H1-GPS-Sniper-Specialist-Refiner,Refiner,0.45145365687821276
5666,0.003156602864555441,HOG8-ML04-H1-GPS-Sniper-Specialist-Refiner,Refiner,0.32315972474912935
5677,0.0031544343256181724,HOG8-ML04-H1-GPS-Sniper-Specialist-Refiner,Refiner,0.06869850374965655
5686,0.0031466826509051688,HOG8-ML04-H1-GPS-Sniper-Specialist-Refiner,Refiner,0.24573897925373817
5696,0.0031421835025622884,HOG8-ML04-H1-GPS-Sniper-Specialist-Refiner,Refiner,0.1429806828974673
5707,0.0031265395704723085,HOG8-ML04-H1-GPS-Sniper-Specialist-Refiner,Refiner,0.4978681887045462
5720,0.0031262612934297154,HOG8-ML04-H1-GPS-Sniper-Specialist-Polisher,Polisher,0.008900480429584943
5730,0.0031135437857128063,HOG8-ML04-H1-GPS-Sniper-Specialist-Refiner,Refiner,0.40679605839846894
5740,0.003112033144441311,HOG8-ML04-H1-GPS-Sniper-Specialist-Polisher,Polisher,0.04851838854578383
5755,0.003108855364621848,HOG8-ML04-H1-GPS-Sniper-Specialist-Refiner,Refiner,0.10211265985836547
5762,0.0031038342989080335,HOG8-ML04-H1-GPS-Sniper-Specialist-Refiner,Refiner,0.1615085015196699
5774,0.003081490719167304,HOG8-ML04-H1-GPS-Sniper-Specialist-Exploiter,Exploiter,0.7198702504379926
5780,0.0030806094575566013,HOG8-ML04-H1-GPS-Sniper-Specialist-Polisher,Polisher,0.028598548268246718
5792,0.0030756685843014433,HOG8-ML04-H1-GPS-Sniper-Specialist-Refiner,Refiner,0.1603862262721508
5800,0.003063176974230169,HOG8-ML04-H1-GPS-Sniper-Specialist-Refiner,Refiner,0.40614291588608675
5810,0.0030604964848994186,HOG8-ML04-H1-GPS-Sniper-Specialist-Refiner,Refiner,0.08750683859603585
5823,0.0030580876567542965,HOG8-ML04-H1-GPS-Sniper-Specialist-Refiner,Refiner,0.07870710379859404
5831,0.0030489282317754463,HOG8-ML04-H1-GPS-Sniper-Specialist-Refiner,Refiner,0.29951479509163426
5841,0.0030471145086731857,HOG8-ML04-H1-GPS-Sniper-Specialist-Refiner,Refiner,0.05948723500141049
5851,0.0030287201943479834,HOG8-ML04-H1-GPS-Sniper-Specialist-Exploiter,Exploiter,0.6036633763793727
5857,0.003024925789894232,HOG8-ML04-H1-GPS-Sniper-Specialist-Refiner,Refiner,0.12528078562134276
5871,0.003010128611314327,HOG8-ML04-H1-GPS-Sniper-Specialist-Refiner,Refiner,0.489174928830984
5887,0.0030037902336579507,HOG8-ML04-H1-GPS-Sniper-Specialist-Refiner,Refiner,0.21056833361045318
5892,0.002998058761165991,HOG8-ML04-H1-GPS-Sniper-Specialist-Refiner,Refiner,0.19080801407960157
5906,0.0029951587349788074,HOG8-ML04-H1-GPS-Sniper-Specialist-Refiner,Refiner,0.09673013166879219
5916,0.002986023439858425,HOG8-ML04-H1-GPS-Sniper-Specialist-Refiner,Refiner,0.3050020359086964
5930,0.0029814403209825523,HOG8-ML04-H1-GPS-Sniper-Specialist-Refiner,Refiner,0.15348569655199454
5939,0.00297131209501803,HOG8-ML04-H1-GPS-Sniper-Specialist-Refiner,Refiner,0.33970916315991595
5951,0.0029593902528843256,HOG8-ML04-H1-GPS-Sniper-Specialist-Refiner,Refiner,0.40123156883094935
5960,0.0029581529058143557,HOG8-ML04-H1-GPS-Sniper-Specialist-Polisher,Polisher,0.041810878736384186
5970,0.0029411247615176023,HOG8-ML04-H1-GPS-Sniper-Specialist-Exploiter,Exploiter,0.5756343515334867
5980,0.0029231855080735334,HOG8-ML04-H1-GPS-Sniper-Specialist-Exploiter,Exploiter,0.609945340598621
5991,0.0029170699405802534,HOG8-ML04-H1-GPS-Sniper-Specialist-Refiner,Refiner,0.20920901107334286
5999,0.002898808153083166,HOG8-ML04-H1-GPS-Sniper-Specialist-Exploiter,Exploiter,0.6260318699610891
6013,0.0028957011706856025,HOG8-ML04-H1-GPS-Sniper-Specialist-Refiner,Refiner,0.1071813736365757
6021,0.0028906196784687175,HOG8-ML04-H1-GPS-Sniper-Specialist-Refiner,Refiner,0.175483999120042
6035,0.002889110285299709,HOG8-ML04-H1-GPS-Sniper-Specialist-Refiner,Refiner,0.052216940895110156
6044,0.0028686298055211955,HOG8-ML04-H1-GPS-Sniper-Specialist-Exploiter,Exploiter,0.7088853576383639
6070,0.002865281906185146,HOG8-ML04-H1-GPS-Sniper-Specialist-Refiner,Refiner,0.1167072631542036
6080,0.002847809125860076,HOG8-ML04-H1-GPS-Sniper-Specialist-Exploiter,Exploiter,0.6098101651831274
6090,0.0028237272504269594,HOG8-ML04-H1-GPS-Sniper-Specialist-Exploiter,Exploiter,0.8456281432079333
6104,0.002819192858289126,HOG8-ML04-H1-GPS-Sniper-Specialist-Refiner,Refiner,0.16058180325836777
6111,0.0028078592800745085,HOG8-ML04-H1-GPS-Sniper-Specialist-Refiner,Refiner,0.40201500160919484
6121,0.0027962107418496272,HOG8-ML04-H1-GPS-Sniper-Specialist-Refiner,Refiner,0.4148547723720749
6132,0.002788476525535661,HOG8-ML04-H1-GPS-Sniper-Specialist-Refiner,Refiner,0.27659633082056007
6146,0.002775996133596567,HOG8-ML04-H1-GPS-Sniper-Specialist-Refiner,Refiner,0.4475702708917794
6149,0.0027692761857883294,HOG8-ML03-H1-GPS-JADE-Specialist-Refiner,Refiner,0.24207338500617653
6156,0.002767335683424423,HOG8-ML04-H1-GPS-Sniper-Specialist-Refiner,Refiner,0.0700725472549392
6166,0.0027553145169411444,HOG8-ML04-H1-GPS-Sniper-Specialist-Refiner,Refiner,0.4343949509010454
6176,0.002732279218394802,HOG8-ML04-H1-GPS-Sniper-Specialist-Exploiter,Exploiter,0.8360315457530925
6186,0.0027282996361690354,HOG8-ML04-H1-GPS-Sniper-Specialist-Refiner,Refiner,0.14565064210767545
6196,0.0027050418350491497,HOG8-ML04-H1-GPS-Sniper-Specialist-Exploiter,Exploiter,0.852465059612858
6211,0.0027026878460973233,HOG8-ML04-H1-GPS-Sniper-Specialist-Refiner,Refiner,0.0870222752685654
6222,0.002694167245805271,HOG8-ML04-H1-GPS-Sniper-Specialist-Refiner,Refiner,0.31526394379417705
6233,0.002690959965405866,HOG8-ML04-H1-GPS-Sniper-Specialist-Refiner,Refiner,0.11904533411571147
6241,0.0026703770317005647,HOG8-ML04-H1-GPS-Sniper-Specialist-Exploiter,Exploiter,0.7648918590357735
6252,0.0026699379768055868,HOG8-ML04-H1-GPS-Sniper-Specialist-Polisher,Polisher,0.016441681821175887
6261,0.002648951339544799,HOG8-ML04-H1-GPS-Sniper-Specialist-Exploiter,Exploiter,0.786034636126526
6272,0.0026293342709914455,HOG8-ML04-H1-GPS-Sniper-Specialist-Exploiter,Exploiter,0.7405597928697532
6282,0.0026267084897513195,HOG8-ML04-H1-GPS-Sniper-Specialist-Refiner,Refiner,0.09986486956395596
6293,0.002623385205382503,HOG8-ML04-H1-GPS-Sniper-Specialist-Refiner,Refiner,0.1265189640107826
6307,0.002620991591132763,HOG8-ML04-H1-GPS-Sniper-Specialist-Refiner,Refiner,0.09124143281851306
6314,0.0026074986283968872,HOG8-ML04-H1-GPS-Sniper-Specialist-Exploiter,Exploiter,0.5148037399862185
6322,0.0025964073562996723,HOG8-ML04-H1-GPS-Sniper-Specialist-Refiner,Refiner,0.42536061098655154
6330,0.0025891527991464443,HOG8-ML04-H1-GPS-Sniper-Specialist-Refiner,Refiner,0.27940751036720995
6344,0.0025853260580998554,HOG8-ML04-H1-GPS-Sniper-Specialist-Refiner,Refiner,0.14779896527738334
6355,0.0025702367667205625,HOG8-ML04-H1-GPS-Sniper-Specialist-Exploiter,Exploiter,0.5836513863316384
6371,0.0025406317059622962,HOG8-ML04-H1-GPS-Sniper-Specialist-Exploiter,Exploiter,1.1518417735514783
6391,0.0025334542802198817,HOG8-ML04-H1-GPS-Sniper-Specialist-Refiner,Refiner,0.2825055566129767
6396,0.00252276654767793,HOG8-ML04-H1-GPS-Sniper-Specialist-Refiner,Refiner,0.4218640385736144
6404,0.002514997596357222,HOG8-ML04-H1-GPS-Sniper-Specialist-Refiner,Refiner,0.3079536363703127
6416,0.002512700973575887,HOG8-ML04-H1-GPS-Sniper-Specialist-Refiner,Refiner,0.09131709647203574
6426,0.002502936255137822,HOG8-ML04-H1-GPS-Sniper-Specialist-Refiner,Refiner,0.3886144249058209
6436,0.0024921119168603433,HOG8-ML04-H1-GPS-Sniper-Specialist-Refiner,Refiner,0.4324655993639319
6451,0.002485788622870873,HOG8-ML04-H1-GPS-Sniper-Specialist-Refiner,Refiner,0.2537323443096648
6461,0.0024841977083435943,HOG8-ML04-H1-GPS-Sniper-Specialist-Refiner,Refiner,0.06400039458871153
6472,0.002472475318588896,HOG8-ML04-H1-GPS-Sniper-Specialist-Refiner,Refiner,0.47187829355636857
6481,0.00247035194519025,HOG8-ML04-H1-GPS-Sniper-Specialist-Refiner,Refiner,0.08588046896493223
6487,0.0024603624467713177,HOG8-ML04-H1-GPS-Sniper-Specialist-Refiner,Refiner,0.4043755157390276
6502,0.0024581179919758883,HOG8-ML04-H1-GPS-Sniper-Specialist-Refiner,Refiner,0.09122455914472019
6513,0.002444532118868963,HOG8-ML04-H1-GPS-Sniper-Specialist-Exploiter,Exploiter,0.5526940997655149
6521,0.002428535627310885,HOG8-ML04-H1-GPS-Sniper-Specialist-Exploiter,Exploiter,0.6543784569081158
6538,0.0024217005878681107,HOG8-ML04-H1-GPS-Sniper-Specialist-Refiner,Refiner,0.2814469495900597
6545,0.00241690402851303,HOG8-ML04-H1-GPS-Sniper-Specialist-Refiner,Refiner,0.1980657468189773
6562,0.00240521708757218,HOG8-ML04-H1-GPS-Sniper-Specialist-Refiner,Refiner,0.48355006251698596
6571,0.002399305691200709,HOG8-ML04-H1-GPS-Sniper-Specialist-Refiner,Refiner,0.24577392211352064
6583,0.002392659114835714,HOG8-ML04-H1-GPS-Sniper-Specialist-Refiner,Refiner,0.27702082270596046
6591,0.0023837565249056674,HOG8-ML04-H1-GPS-Sniper-Specialist-Refiner,Refiner,0.37207932692316664
6606,0.0023761455433747303,HOG8-ML04-H1-GPS-Sniper-Specialist-Refiner,Refiner,0.31928518921362387
6615,0.0023714783528650486,HOG8-ML04-H1-GPS-Sniper-Specialist-Refiner,Refiner,0.19641854526524852
6622,0.0023627964988774787,HOG8-ML04-H1-GPS-Sniper-Specialist-Refiner,Refiner,0.36609459146363593
6631,0.0023612860154971988,HOG8-ML04-H1-GPS-Sniper-Specialist-Refiner,Refiner,0.06392778138098462
6642,0.002356094129696085,HOG8-ML04-H1-GPS-Sniper-Specialist-Refiner,Refiner,0.21987534619013704
6652,0.002351361084672488,HOG8-ML04-H1-GPS-Sniper-Specialist-Refiner,Refiner,0.20088522627097266
6667,0.002345270964302013,HOG8-ML04-H1-GPS-Sniper-Specialist-Refiner,Refiner,0.2590040470676329
6673,0.002343372698126094,HOG8-ML04-H1-GPS-Sniper-Specialist-Refiner,Refiner,0.08094016447620478
6693,0.002334588046480137,HOG8-ML04-H1-GPS-Sniper-Specialist-Refiner,Refiner,0.3748721512793061
6715,0.0023296420433678855,HOG8-ML04-H1-GPS-Sniper-Specialist-Refiner,Refiner,0.21185763885446393
6732,0.002322060252641346,HOG8-ML04-H1-GPS-Sniper-Specialist-Refiner,Refiner,0.3254487421414588
6745,0.002320246509072331,HOG8-ML04-H1-GPS-Sniper-Specialist-Refiner,Refiner,0.07810923799036082
6755,0.002312985773749551,HOG8-ML04-H1-GPS-Sniper-Specialist-Refiner,Refiner,0.31292947944927046
6765,0.002306107227043194,HOG8-ML04-H1-GPS-Sniper-Specialist-Refiner,Refiner,0.29738819773224134
6780,0.00230485321829611,HOG8-ML04-H1-GPS-Sniper-Specialist-Refiner,Refiner,0.05437772937783453
6791,0.002304352773451826,HOG8-ML04-H1-GPS-Sniper-Specialist-Polisher,Polisher,0.02171265572624321
6795,0.002300206313055564,HOG8-ML04-H1-GPS-Sniper-Specialist-Refiner,Refiner,0.17994034785093674
6811,0.002273712588035492,HOG8-ML04-H1-GPS-Sniper-Specialist-Exploiter,Exploiter,1.1517977700390754
6822,0.0022736940828146017,HOG8-ML04-H1-GPS-Sniper-Specialist-Polisher,Polisher,0.0008138768720259504
6831,0.002272738812718507,HOG8-ML04-H1-GPS-Sniper-Specialist-Polisher,Polisher,0.0420140116172636
6840,0.0022655343938889514,HOG8-ML04-H1-GPS-Sniper-Specialist-Refiner,Refiner,0.31699281893892617
6851,0.002263935921157552,HOG8-ML04-H1-GPS-Sniper-Specialist-Refiner,Refiner,0.07055610083480113
6862,0.002242784925820291,HOG8-ML04-H1-GPS-Sniper-Specialist-Exploiter,Exploiter,0.9342576854581027
6878,0.0022393119699098125,HOG8-ML04-H1-GPS-Sniper-Specialist-Refiner,Refiner,0.1548501539534906
6888,0.002239257233830733,HOG8-ML04-H1-GPS-Sniper-Specialist-Polisher,Polisher,0.002444325748930973
6897,0.0022341998743138276,HOG8-ML04-H1-GPS-Sniper-Specialist-Refiner,Refiner,0.22584986845186344
6915,0.0022330269774403525,HOG8-ML04-H1-GPS-Sniper-Specialist-Refiner,Refiner,0.052497401282651776
6925,0.0022252791567039906,HOG8-ML04-H1-GPS-Sniper-Specialist-Refiner,Refiner,0.3469649410703935
6935,0.0022239875589627547,HOG8-ML04-H1-GPS-Sniper-Specialist-Refiner,Refiner,0.0580420545145883
6946,0.00221742537190899,HOG8-ML04-H1-GPS-Sniper-Specialist-Refiner,Refiner,0.2950640181110214
6955,0.0022149395421714128,HOG8-ML04-H1-GPS-Sniper-Specialist-Refiner,Refiner,0.11210432464012009
6968,0.002202065846278716,HOG8-ML04-H1-GPS-Sniper-Specialist-Exploiter,Exploiter,0.581221096449256
6981,0.002200564523546452,HOG8-ML04-H1-GPS-Sniper-Specialist-Refiner,Refiner,0.06817792187281126
6986,0.0021987715501315362,HOG8-ML04-H1-GPS-Sniper-Specialist-Refiner,Refiner,0.0814778842306518
7001,0.0021906786513677333,HOG8-ML04-H1-GPS-Sniper-Specialist-Refiner,Refiner,0.36806455692583134
7011,0.002180083991210414,HOG8-ML04-H1-GPS-Sniper-Specialist-Refiner,Refiner,0.48362456769753953
7016,0.0021794590164257526,HOG8-ML04-H1-GPS-Sniper-Specialist-Polisher,Polisher,0.028667463601448905
7032,0.0021766508202352886,HOG8-ML04-H1-GPS-Sniper-Specialist-Refiner,Refiner,0.12884831370077254
7042,0.002164550821171168,HOG8-ML04-H1-GPS-Sniper-Specialist-Exploiter,Exploiter,0.5558998692685467
7051,0.0021544041658828543,HOG8-ML04-H1-GPS-Sniper-Specialist-Refiner,Refiner,0.46876493677443637
7062,0.0021477570330593826,HOG8-ML04-H1-GPS-Sniper-Specialist-Refiner,Refiner,0.30853694625807243
7087,0.0021455568091911454,HOG8-ML04-H1-GPS-Sniper-Specialist-Refiner,Refiner,0.10244286641227485
7093,0.0021357056538926153,HOG8-ML04-H1-GPS-Sniper-Specialist-Refiner,Refiner,0.45914213300387335
7103,0.0021349893139244167,HOG8-ML04-H1-GPS-Sniper-Specialist-Polisher,Polisher,0.033541137417177715
7112,0.0021336927812555806,HOG8-ML04-H1-GPS-Sniper-Specialist-Refiner,Refiner,0.060727829426599454
7115,0.0021332337944873336,HOG8-ML04-H1-GPS-Sniper-Specialist-Polisher,Polisher,0.021511380283010438
7120,0.0021300102506334848,HOG8-ML04-H1-GPS-Sniper-Specialist-Refiner,Refiner,0.15111066879678242
7135,0.002114425669129088,HOG8-ML04-H1-GPS-Sniper-Specialist-Exploiter,Exploiter,0.7316669720139436
7141,0.0020955451738384405,HOG8-ML04-H1-GPS-Sniper-Specialist-Exploiter,Exploiter,0.8929372910244874
7150,0.002095536156769352,HOG8-ML04-H1-GPS-Sniper-Specialist-Polisher,Polisher,0.0004302970511414392
7166,0.0020925932970232344,HOG8-ML04-H1-GPS-Sniper-Specialist-Refiner,Refiner,0.140434691933672
7172,0.00209084775557739,HOG8-ML04-H1-GPS-Sniper-Specialist-Refiner,Refiner,0.0834152268540401
7185,0.002082949981742527,HOG8-ML04-H1-GPS-Sniper-Specialist-Refiner,Refiner,0.3777306986506132
7198,0.0020819304706657907,HOG8-ML04-H1-GPS-Sniper-Specialist-Polisher,Polisher,0.04894553809128296
7205,0.002081650737591039,HOG8-ML04-H1-GPS-Sniper-Specialist-Polisher,Polisher,0.013436235200602888
7216,0.0020782912765675956,HOG8-ML04-H1-GPS-Sniper-Specialist-Refiner,Refiner,0.16138447064040898
7231,0.0020739515100098704,HOG8-ML04-H1-GPS-Sniper-Specialist-Refiner,Refiner,0.20881416414798862
7241,0.002062842893750431,HOG8-ML04-H1-GPS-Sniper-Specialist-Exploiter,Exploiter,0.5356256501573929
7252,0.0020617660499545757,HOG8-ML04-H1-GPS-Sniper-Specialist-Refiner,Refiner,0.052201929633985227
7262,0.002061182973126857,HOG8-ML04-H1-GPS-Sniper-Specialist-Polisher,Polisher,0.028280455376190373
7271,0.002055088579542003,HOG8-ML04-H1-GPS-Sniper-Specialist-Refiner,Refiner,0.29567455506429474
7282,0.002047380635875908,HOG8-ML04-H1-GPS-Sniper-Specialist-Refiner,Refiner,0.37506624983594317
7293,0.0020438935432874504,HOG8-ML04-H1-GPS-Sniper-Specialist-Refiner,Refiner,0.1703197015422501
7318,0.0020407978321779893,HOG8-ML04-H1-GPS-Sniper-Specialist-Refiner,Refiner,0.1514614652816927
7341,0.0020334563149074702,HOG8-ML04-H1-GPS-Sniper-Specialist-Refiner,Refiner,0.3597376062813642
7364,0.002018627663400983,HOG8-ML04-H1-GPS-Sniper-Specialist-Exploiter,Exploiter,0.7292338368804407
7376,0.00201842990738336,HOG8-ML04-H1-GPS-Sniper-Specialist-Polisher,Polisher,0.009796557394336363
7385,0.0020179582438891058,HOG8-ML04-H1-GPS-Sniper-Specialist-Polisher,Polisher,0.023367841138734434
7394,0.0020173841303416738,HOG8-ML04-H1-GPS-Sniper-Specialist-Polisher,Polisher,0.02845021938241704
7401,0.0020083155274678295,HOG8-ML04-H1-GPS-Sniper-Specialist-Refiner,Refiner,0.449522861682686
7412,0.0020011616500091997,HOG8-ML04-H1-GPS-Sniper-Specialist-Refiner,Refiner,0.3562128241696033
7425,0.001997208846323105,HOG8-ML04-H1-GPS-Sniper-Specialist-Refiner,Refiner,0.19752545658051707
7436,0.001982654718593586,HOG8-ML04-H1-GPS-Sniper-Specialist-Exploiter,Exploiter,0.7287233759410366
7446,0.001981512720154747,HOG8-ML04-H1-GPS-Sniper-Specialist-Refiner,Refiner,0.05759946137515802
7467,0.001968781636511128,HOG8-ML04-H1-GPS-Sniper-Specialist-Exploiter,Exploiter,0.6424931575824001
7476,0.001964288594332393,HOG8-ML04-H1-GPS-Sniper-Specialist-Refiner,Refiner,0.2282143481740793
7485,0.0019606071787815513,HOG8-ML04-H1-GPS-Sniper-Specialist-Refiner,Refiner,0.18741724415973346
7487,0.00196052953864064,HOG8-ML04-H1-GPS-Sniper-Specialist-Polisher,Polisher,0.0039600049286612465
7503,0.0019594221838653,HOG8-ML04-H1-GPS-Sniper-Specialist-Refiner,Refiner,0.0564824326037821
7515,0.0019515154376251957,HOG8-ML04-H1-GPS-Sniper-Specialist-Refiner,Refiner,0.4035243810757926
7525,0.001950591993081323,HOG8-ML04-H1-GPS-Sniper-Specialist-Polisher,Polisher,0.04731935633553011
7541,0.001941472129227382,HOG8-ML04-H1-GPS-Sniper-Specialist-Refiner,Refiner,0.4675433861252795
7550,0.001941123507468583,HOG8-ML04-H1-GPS-Sniper-Specialist-Polisher,Polisher,0.017956567779190198
7560,0.0019386294906306198,HOG8-ML04-H1-GPS-Sniper-Specialist-Refiner,Refiner,0.1284831608276065
7566,0.0019291439906000546,HOG8-ML04-H1-GPS-Sniper-Specialist-Refiner,Refiner,0.4892889578131625
7581,0.001927481085166387,HOG8-ML04-H1-GPS-Sniper-Specialist-Refiner,Refiner,0.08619913504488594
7591,0.001927115735896726,HOG8-ML04-H1-GPS-Sniper-Specialist-Polisher,Polisher,0.01895475252507594
7601,0.0019248440488725685,HOG8-ML04-H1-GPS-Sniper-Specialist-Refiner,Refiner,0.11788015539712379
7611,0.0019219582884902316,HOG8-ML04-H1-GPS-Sniper-Specialist-Refiner,Refiner,0.14992177594996428
7623,0.00192169592690438,HOG8-ML04-H1-GPS-Sniper-Specialist-Polisher,Polisher,0.013650742964751755
7641,0.0019191638745781026,HOG8-ML04-H1-GPS-Sniper-Specialist-Refiner,Refiner,0.13176134115849558
7651,0.0019181239941352753,HOG8-ML04-H1-GPS-Sniper-Specialist-Refiner,Refiner,0.05418403590240346
7672,0.0019118563312486131,HOG8-ML04-H1-GPS-Sniper-Specialist-Refiner,Refiner,0.32676004814212795
7681,0.0019114308813816911,HOG8-ML04-H1-GPS-Sniper-Specialist-Polisher,Polisher,0.022253234197997896
7691,0.0019108580812313655,HOG8-ML04-H1-GPS-Sniper-Specialist-Polisher,Polisher,0.02996708674663756
7701,0.0019059406418290873,HOG8-ML04-H1-GPS-Sniper-Specialist-Refiner,Refiner,0.25734194760865303
7716,0.001905079740100221,HOG8-ML04-H1-GPS-Sniper-Specialist-Polisher,Polisher,0.04516938827854478
7739,0.0019045201972971424,HOG8-ML04-H1-GPS-Sniper-Specialist-Polisher,Polisher,0.029371096196168147
7775,0.0019015224982407008,HOG8-ML04-H1-GPS-Sniper-Specialist-Refiner,Refiner,0.15739917385470317
7786,0.0018942549282559378,HOG8-ML04-H1-GPS-Sniper-Specialist-Refiner,Refiner,0.3821974229327805
7799,0.0018857271784823374,HOG8-ML04-H1-GPS-Sniper-Specialist-Refiner,Refiner,0.45019018540719513
7811,0.0018832536950305697,HOG8-ML04-H1-GPS-Sniper-Specialist-Refiner,Refiner,0.13116868017771696
7817,0.0018806055806744153,HOG8-ML04-H1-GPS-Sniper-Specialist-Refiner,Refiner,0.14061378788965526
7826,0.0018771574365538898,HOG8-ML04-H1-GPS-Sniper-Specialist-Refiner,Refiner,0.18335286016161503
7841,0.0018726782660344122,HOG8-ML04-H1-GPS-Sniper-Specialist-Refiner,Refiner,0.23861453665285115
7862,0.0018725589067790497,HOG8-ML04-H1-GPS-Sniper-Specialist-Polisher,Polisher,0.006373719262264088
7873,0.0018701360721154838,HOG8-ML04-H1-GPS-Sniper-Specialist-Refiner,Refiner,0.12938629886593794
7882,0.0018686227274832285,HOG8-ML04-H1-GPS-Sniper-Specialist-Refiner,Refiner,0.08092163211115631
7897,0.0018534066555777648,HOG8-ML04-H1-GPS-Sniper-Specialist-Exploiter,Exploiter,0.8142934195153275
7916,0.0018534061857341736,HOG8-ML04-H1-GPS-Sniper-Specialist-Polisher,Polisher,2.535026998541262E-05
7925,0.0018427188597625304,HOG8-ML04-H1-GPS-Sniper-Specialist-Exploiter,Exploiter,0.576631612320305
7935,0.001842593279383126,HOG8-ML04-H1-GPS-Sniper-Specialist-Polisher,Polisher,0.006814950568236246
7946,0.0018421504424329413,HOG8-ML04-H1-GPS-Sniper-Specialist-Polisher,Polisher,0.02403335316261424
7956,0.001839589269601417,HOG8-ML04-H1-GPS-Sniper-Specialist-Refiner,Refiner,0.13903168669230978
7966,0.0018367413893496563,HOG8-ML04-H1-GPS-Sniper-Specialist-Refiner,Refiner,0.15481065794527527
7976,0.001834617448318484,HOG8-ML04-H1-GPS-Sniper-Specialist-Refiner,Refiner,0.1156363679442219
7987,0.00183313418395074,HOG8-ML04-H1-GPS-Sniper-Specialist-Refiner,Refiner,0.0808487005889747
7995,0.0018310947187329075,HOG8-ML04-H1-GPS-Sniper-Specialist-Refiner,Refiner,0.11125564269589122
8006,0.0018310740426287682,HOG8-ML04-H1-GPS-Sniper-Specialist-Polisher,Polisher,0.0011291662811228006
8022,0.001818737101679167,HOG8-ML04-H1-GPS-Sniper-Specialist-Exploiter,Exploiter,0.673754346486706
8036,0.001810367232763533,HOG8-ML04-H1-GPS-Sniper-Specialist-Refiner,Refiner,0.4602022418691721
8051,0.0018103250266982478,HOG8-ML04-H1-GPS-Sniper-Specialist-Polisher,Polisher,0.00233135380056902
8060,0.0018094948333487672,HOG8-ML04-H1-GPS-Sniper-Specialist-Polisher,Polisher,0.04585880089139162
8073,0.0018013078241938632,HOG8-ML04-H1-GPS-Sniper-Specialist-Refiner,Refiner,0.4524472247181076
8125,0.0018007308789033934,HOG8-ML04-H1-GPS-Sniper-Specialist-Polisher,Polisher,0.03202924468104039
8136,0.001797150875594497,HOG8-ML04-H1-GPS-Sniper-Specialist-Refiner,Refiner,0.19880834781244366
8145,0.0017950394394798072,HOG8-ML04-H1-GPS-Sniper-Specialist-Refiner,Refiner,0.11748797184273271
8155,0.001793249024302129,HOG8-ML04-H1-GPS-Sniper-Specialist-Refiner,Refiner,0.09974238661837473
8171,0.0017901243327981876,HOG8-ML04-H1-GPS-Sniper-Specialist-Refiner,Refiner,0.1742474949990471
8181,0.0017897030071254171,HOG8-ML04-H1-GPS-Sniper-Specialist-Polisher,Polisher,0.023536112271702717
8189,0.0017893951446679235,HOG8-ML04-H1-GPS-Sniper-Specialist-Polisher,Polisher,0.017201874068932647
8200,0.001787003860979588,HOG8-ML04-H1-GPS-Sniper-Specialist-Refiner,Refiner,0.1336364243225445
8211,0.0017839677211534731,HOG8-ML04-H1-GPS-Sniper-Specialist-Refiner,Refiner,0.16990113409439672
8220,0.0017814072855402683,HOG8-ML04-H1-GPS-Sniper-Specialist-Refiner,Refiner,0.14352477249696266
8240,0.0017806500811320125,HOG8-ML04-H1-GPS-Sniper-Specialist-Polisher,Polisher,0.04250596786047076
8249,0.0017802413863070164,HOG8-ML04-H1-GPS-Sniper-Specialist-Polisher,Polisher,0.022952001031906817
8260,0.0017793743261447796,HOG8-ML04-H1-GPS-Sniper-Specialist-Polisher,Polisher,0.04870464021935197
8276,0.0017791617494201193,HOG8-ML04-H1-GPS-Sniper-Specialist-Polisher,Polisher,0.01194671191647872
8295,0.0017784705397110097,HOG8-ML04-H1-GPS-Sniper-Specialist-Polisher,Polisher,0.038850301797174115
8305,0.00177686973403582,HOG8-ML04-H1-GPS-Sniper-Specialist-Refiner,Refiner,0.0900102441646246
8315,0.001774375575192749,HOG8-ML04-H1-GPS-Sniper-Specialist-Refiner,Refiner,0.14036813139958626
8331,0.0017726215635147013,HOG8-ML04-H1-GPS-Sniper-Specialist-Refiner,Refiner,0.09885233445332882
8345,0.001764240730185847,HOG8-ML04-H1-GPS-Sniper-Specialist-Refiner,Refiner,0.4727931500639714
8356,0.0017626989734435621,HOG8-ML04-H1-GPS-Sniper-Specialist-Refiner,Refiner,0.08738924999891576
8377,0.001760486660762844,HOG8-ML04-H1-GPS-Sniper-Specialist-Refiner,Refiner,0.12550711800757022
8391,0.001759646518271053,HOG8-ML04-H1-GPS-Sniper-Specialist-Polisher,Polisher,0.04772217310792379
8400,0.0017570259863021551,HOG8-ML04-H1-GPS-Sniper-Specialist-Refiner,Refiner,0.14892377200124363
8440,0.0017548399349428458,HOG8-ML04-H1-GPS-Sniper-Specialist-Refiner,Refiner,0.12441770220542375
8471,0.0017547986762158118,HOG8-ML04-H1-GPS-Sniper-Specialist-Polisher,Polisher,0.0023511390533396425
8489,0.0017515478403779205,HOG8-ML04-H1-GPS-Sniper-Specialist-Refiner,Refiner,0.1852540625857813
8496,0.0017464980186864794,HOG8-ML04-H1-GPS-Sniper-Specialist-Refiner,Refiner,0.28830623834696256
8510,0.0017169057430664607,HOG8-ML04-H1-GPS-Sniper-Specialist-Exploiter,Exploiter,1.69437785233073
8521,0.0017168247986304565,HOG8-ML04-H1-GPS-Sniper-Specialist-Polisher,Polisher,0.004714553278831554
8532,0.0017124275683717061,HOG8-ML04-H1-GPS-Sniper-Specialist-Refiner,Refiner,0.2561257422573427
8540,0.0017114793712486732,HOG8-ML04-H1-GPS-Sniper-Specialist-Refiner,Refiner,0.05537151705251586
8561,0.0016991995982806555,HOG8-ML04-H1-GPS-Sniper-Specialist-Exploiter,Exploiter,0.717494652539024
8572,0.001697855329044849,HOG8-ML04-H1-GPS-Sniper-Specialist-Refiner,Refiner,0.07911190875790736
8593,0.001696036563965723,HOG8-ML04-H1-GPS-Sniper-Specialist-Refiner,Refiner,0.1071213222948208
8602,0.0016954892427946866,HOG8-ML04-H1-GPS-Sniper-Specialist-Polisher,Polisher,0.03227059974206366
8615,0.0016870712813028138,HOG8-ML04-H1-GPS-Sniper-Specialist-Refiner,Refiner,0.49649158953066713
8637,0.0016868761593096444,HOG8-ML04-H1-GPS-Sniper-Specialist-Polisher,Polisher,0.011565723116258537
8645,0.0016837140196528113,HOG8-ML04-H1-GPS-Sniper-Specialist-Refiner,Refiner,0.18745535286521636
8656,0.0016765233958884328,HOG8-ML04-H1-GPS-Sniper-Specialist-Refiner,Refiner,0.4270691863610679
8666,0.0016757955215067682,HOG8-ML04-H1-GPS-Sniper-Specialist-Polisher,Polisher,0.043415700815726196
8681,0.001670996931302728,HOG8-ML04-H1-GPS-Sniper-Specialist-Refiner,Refiner,0.28634700012359826
8691,0.0016687018811976139,HOG8-ML04-H1-GPS-Sniper-Specialist-Refiner,Refiner,0.1373461591772555
8700,0.00166846826813794,HOG8-ML04-H1-GPS-Sniper-Specialist-Polisher,Polisher,0.013999688159169656
8711,0.0016662121908579304,HOG8-ML04-H1-GPS-Sniper-Specialist-Refiner,Refiner,0.13521847092288167
8737,0.001666074669483028,HOG8-ML04-H1-GPS-Sniper-Specialist-Polisher,Polisher,0.008253533112821806
8762,0.0016626978384698997,HOG8-ML04-H1-GPS-Sniper-Specialist-Refiner,Refiner,0.20268185303940534
8771,0.0016625420870536416,HOG8-ML04-H1-GPS-Sniper-Specialist-Polisher,Polisher,0.009367391516036732
8782,0.0016498767029737521,HOG8-ML04-H1-GPS-Sniper-Specialist-Exploiter,Exploiter,0.7618083282532145
8795,0.001640870193805807,HOG8-ML04-H1-GPS-Sniper-Specialist-Exploiter,Exploiter,0.5458898323560663
8830,0.0016357020310897488,HOG8-ML04-H1-GPS-Sniper-Specialist-Refiner,Refiner,0.3149647507504041
8841,0.0016291670004190577,HOG8-ML04-H1-GPS-Sniper-Specialist-Refiner,Refiner,0.39952451892091995
8849,0.0016289221870527447,HOG8-ML04-H1-GPS-Sniper-Specialist-Polisher,Polisher,0.015026904316750278
8860,0.0016100026333320772,HOG8-ML04-H1-GPS-Sniper-Specialist-Exploiter,Exploiter,1.1614768262748725
8875,0.0016084969353970598,HOG8-ML04-H1-GPS-Sniper-Specialist-Refiner,Refiner,0.09352145790601911
8882,0.0015968785549690685,HOG8-ML04-H1-GPS-Sniper-Specialist-Exploiter,Exploiter,0.7223128731123949
8907,0.0015871350469961769,HOG8-ML04-H1-GPS-Sniper-Specialist-Exploiter,Exploiter,0.6101596106086062
8921,0.0015871329651189724,HOG8-ML04-H1-GPS-Sniper-Specialist-Polisher,Polisher,0.0001311720265029644
8932,0.0015862242302754135,HOG8-ML04-H1-GPS-Sniper-Specialist-Refiner,Refiner,0.05725637760228227
8943,0.001583384246335437,HOG8-ML04-H1-GPS-Sniper-Specialist-Refiner,Refiner,0.17904050926541507
8962,0.0015791767036335061,HOG8-ML04-H1-GPS-Sniper-Specialist-Refiner,Refiner,0.26573099433500086
8985,0.0015785280483877175,HOG8-ML04-H1-GPS-Sniper-Specialist-Polisher,Polisher,0.04107553285811187
8997,0.0015785163941270412,HOG8-ML04-H1-GPS-Sniper-Specialist-Polisher,Polisher,0.0007382992458197554
9011,0.0015784307118047118,HOG8-ML04-H1-GPS-Sniper-Specialist-Polisher,Polisher,0.005428028663383625
9029,0.0015765590675818125,HOG8-ML04-H1-GPS-Sniper-Specialist-Refiner,Refiner,0.11857626748527463
9050,0.0015661865509958867,HOG8-ML04-H1-GPS-Sniper-Specialist-Exploiter,Exploiter,0.6579212158435349
9072,0.0015658876200882318,HOG8-ML04-H1-GPS-Sniper-Specialist-Polisher,Polisher,0.01908654543514238
9089,0.001564013557825506,HOG8-ML04-H1-GPS-Sniper-Specialist-Refiner,Refiner,0.11968050827429182
9117,0.0015620204697142524,HOG8-ML04-H1-GPS-Sniper-Specialist-Refiner,Refiner,0.12743419654396299
9132,0.0015619030485013305,HOG8-ML04-H1-GPS-Sniper-Specialist-Polisher,Polisher,0.007517264670894034
9141,0.0015610718145716814,HOG8-ML04-H1-GPS-Sniper-Specialist-Refiner,Refiner,0.053219303877192384
9151,0.0015609754624500577,HOG8-ML04-H1-GPS-Sniper-Specialist-Polisher,Polisher,0.00617217739275966
9161,0.001551056722273045,HOG8-ML04-H1-GPS-Sniper-Specialist-Exploiter,Exploiter,0.6354193525530798
9176,0.0015456631110838458,HOG8-ML04-H1-GPS-Sniper-Specialist-Refiner,Refiner,0.3477378429652191
9203,0.00153007712004666,HOG8-ML04-H1-GPS-Sniper-Specialist-Exploiter,Exploiter,1.0083692187139381
9226,0.0015137360449646372,HOG8-ML04-H1-GPS-Sniper-Specialist-Exploiter,Exploiter,1.0679902906805465
9246,0.0015087191463931653,HOG8-ML04-H1-GPS-Sniper-Specialist-Refiner,Refiner,0.33142492630470705
9255,0.0015028206547817472,HOG8-ML04-H1-GPS-Sniper-Specialist-Refiner,Refiner,0.39096021453160257
9266,0.0015004922954638474,HOG8-ML04-H1-GPS-Sniper-Specialist-Refiner,Refiner,0.15493261358175991
9280,0.001498651346599663,HOG8-ML04-H1-GPS-Sniper-Specialist-Refiner,Refiner,0.12268965790426214
9316,0.0014934017280221659,HOG8-ML04-H1-GPS-Sniper-Specialist-Refiner,Refiner,0.35028951793278096
9351,0.0014900047388532304,HOG8-ML04-H1-GPS-Sniper-Specialist-Refiner,Refiner,0.22746653530623576
9361,0.001472423166241537,HOG8-ML04-H1-GPS-Sniper-Specialist-Exploiter,Exploiter,1.1799675634068676
9371,0.0014722706375299517,HOG8-ML04-H1-GPS-Sniper-Specialist-Polisher,Polisher,0.010359026880479707
9382,0.0014722663643511975,HOG8-ML04-H1-GPS-Sniper-Specialist-Polisher,Polisher,0.00029024410629912445
9392,0.0014671968568344333,HOG8-ML04-H1-GPS-Sniper-Specialist-Refiner,Refiner,0.3443335825306478
9406,0.0014670723014620446,HOG8-ML04-H1-GPS-Sniper-Specialist-Polisher,Polisher,0.008489342913222918
9428,0.0014642466256609933,HOG8-ML04-H1-GPS-Sniper-Specialist-Refiner,Refiner,0.19260644470182772
9433,0.001463111642990392,HOG8-ML04-H1-GPS-Sniper-Specialist-Refiner,Refiner,0.07751308083697026
9442,0.0014620456299293347,HOG8-ML04-H1-GPS-Sniper-Specialist-Refiner,Refiner,0.0728593109189218
9456,0.0014619278989389361,HOG8-ML04-H1-GPS-Sniper-Specialist-Polisher,Polisher,0.008052483998350079
9464,0.0014611887747851997,HOG8-ML04-H1-GPS-Sniper-Specialist-Refiner,Refiner,0.050558181034292195
9472,0.0014587311297852073,HOG8-ML04-H1-GPS-Sniper-Specialist-Refiner,Refiner,0.16819490009794927
9486,0.0014542525214443034,HOG8-ML04-H1-GPS-Sniper-Specialist-Refiner,Refiner,0.3070208244313949
9512,0.0014537268143647007,HOG8-ML04-H1-GPS-Sniper-Specialist-Polisher,Polisher,0.03614964195355668
9537,0.0014537076154202157,HOG8-ML04-H1-GPS-Sniper-Specialist-Polisher,Polisher,0.0013206707268024046
9552,0.0014520473296912944,HOG8-ML04-H1-GPS-Sniper-Specialist-Refiner,Refiner,0.11421043071590396
9556,0.001451571984305421,HOG8-ML04-H1-GPS-Sniper-Specialist-Polisher,Polisher,0.03273621845194171
9566,0.0014477197798655427,HOG8-ML04-H1-GPS-Sniper-Specialist-Refiner,Refiner,0.26538156436807075
9577,0.0014468885833175899,HOG8-ML04-H1-GPS-Sniper-Specialist-Refiner,Refiner,0.0574141874354987
9596,0.0014466750782807139,HOG8-ML04-H1-GPS-Sniper-Specialist-Polisher,Polisher,0.014756149114569624
9615,0.0014445822495842686,HOG8-ML04-H1-GPS-Sniper-Specialist-Refiner,Refiner,0.14466473694510676
9625,0.0014399007716288624,HOG8-ML04-H1-GPS-Sniper-Specialist-Refiner,Refiner,0.3240714024247154
9667,0.001439182286427868,HOG8-ML04-H1-GPS-Sniper-Specialist-Polisher,Polisher,0.04989824404230684
9681,0.0014365900971001306,HOG8-ML04-H1-GPS-Sniper-Specialist-Refiner,Refiner,0.18011542750232876
9690,0.0014365588296640101,HOG8-ML04-H1-GPS-Sniper-Specialist-Polisher,Polisher,0.0021765036654241045
10000,0.0014365588296640101,Final,Final,0
