TimeMs,BestQuality,Source,Role,DeltaPct
6,137496.4192528999,HOG8-ML00-H1-GPS-GradientEstimation-Escape-Specialist-Global Explorer,Global Explorer,100
6,125438.8508407597,HOG8-ML01-H1-GPS-GradientEstimation-Escape-Specialist-Local Explorer,Local Explorer,8.769369033503693
13,65330.37163102341,HOG8-ML05-H1-GPS-JADE-Specialist-Local Explorer,Local Explorer,47.91855059804552
14,344.8128404456392,HOG8-ML00-H1-GPS-GradientEstimation-Escape-Specialist-Global Explorer,Global Explorer,99.47220131795194
20,89.37671456203907,HOG8-ML06-H1-GPS-Spray-Specialist-Global Explorer,Global Explorer,74.07964435241803
31,50.49615044923226,HOG8-ML06-H2-GPS-Spray-Specialist-Local Explorer,Local Explorer,43.50189454079635
42,27.892463916156366,HOG8-ML06-H1-GPS-Spray-Specialist-Local Explorer,Local Explorer,44.763187553873344
56,23.560457457025606,HOG8-ML06-H1-GPS-Spray-Specialist-Local Explorer,Local Explorer,15.531099985116404
65,22.325803475869623,HOG8-ML06-H1-GPS-Spray-Specialist-Local Explorer,Local Explorer,5.240365062554486
74,21.385450331986547,HOG8-ML06-H1-GPS-Spray-Specialist-Exploiter,Exploiter,4.2119565591421475
82,20.85397318799611,HOG8-ML06-H1-GPS-Spray-Specialist-Exploiter,Exploiter,2.4852277400747447
96,20.60544081070799,HOG8-ML06-H1-GPS-Spray-Specialist-Exploiter,Exploiter,1.19177470426202
107,20.450116848268088,HOG8-ML06-H1-GPS-Spray-Specialist-Exploiter,Exploiter,0.7538007260644689
116,20.33964337375528,HOG8-ML06-H1-GPS-Spray-Specialist-Exploiter,Exploiter,0.54020950262768
127,20.271797260650402,HOG8-ML06-H1-GPS-Spray-Specialist-Refiner,Refiner,0.33356589325662017
137,20.176548609003035,HOG8-ML06-H1-GPS-Spray-Specialist-Refiner,Refiner,0.4698579530106794
146,20.0505605268861,HOG8-ML06-H1-GPS-Spray-Specialist-Exploiter,Exploiter,0.6244283130798659
148,20.026438837057498,HOG8-ML06-H1-GPS-Spray-Specialist-Refiner,Refiner,0.12030431666114963
156,19.971744756012264,HOG8-ML06-H1-GPS-Spray-Specialist-Refiner,Refiner,0.2731093705188693
166,19.790331740353814,HOG8-ML06-H1-GPS-Spray-Specialist-Exploiter,Exploiter,0.9083483585170363
177,19.756699098239043,HOG8-ML06-H1-GPS-Spray-Specialist-Refiner,Refiner,0.16994481222460664
185,19.55219642235151,HOG8-ML06-H1-GPS-Spray-Specialist-Exploiter,Exploiter,1.0351054843253655
195,19.522895919174847,HOG8-ML06-H1-GPS-Spray-Specialist-Refiner,Refiner,0.1498578601796804
205,19.436742432475363,HOG8-ML06-H1-GPS-Spray-Specialist-Refiner,Refiner,0.441294606374796
215,19.396754007399906,HOG8-ML06-H1-GPS-Spray-Specialist-Refiner,Refiner,0.205736250374153
227,19.333414497705483,HOG8-ML06-H1-GPS-Spray-Specialist-Refiner,Refiner,0.32654695558988134
235,19.281780915474755,HOG8-ML06-H1-GPS-Spray-Specialist-Refiner,Refiner,0.2670691317193674
249,19.272789507349515,HOG8-ML06-H1-GPS-Spray-Specialist-Polisher,Polisher,0.04663162684326587
257,19.244884340533936,HOG8-ML06-H1-GPS-Spray-Specialist-Refiner,Refiner,0.1447904923412221
266,19.190911274450347,HOG8-ML06-H1-GPS-Spray-Specialist-Refiner,Refiner,0.28045409433773644
282,19.174114389654974,HOG8-ML06-H1-GPS-Spray-Specialist-Refiner,Refiner,0.08752520688131533
293,19.10945162046933,HOG8-ML06-H1-GPS-Spray-Specialist-Refiner,Refiner,0.3372399260355552
301,19.047473472249763,HOG8-ML06-H1-GPS-Spray-Specialist-Refiner,Refiner,0.3243324269607904
317,18.98991381402063,HOG8-ML06-H1-GPS-Spray-Specialist-Refiner,Refiner,0.30219051525648927
326,18.929902120865865,HOG8-ML06-H1-GPS-Spray-Specialist-Refiner,Refiner,0.31601877576956333
336,18.883892419520972,HOG8-ML06-H1-GPS-Spray-Specialist-Refiner,Refiner,0.24305303350817595
339,16.43857942743481,HOG8-ML03-H2-GPS-JADE-Specialist-Local Explorer,Local Explorer,12.949199972979894
359,15.430861689547688,HOG8-ML03-H2-GPS-JADE-Specialist-Local Explorer,Local Explorer,6.130199646116093
369,14.653148333295277,HOG8-ML03-H2-GPS-JADE-Specialist-Local Explorer,Local Explorer,5.039986566526004
376,14.494575356896636,HOG8-ML03-H2-GPS-JADE-Specialist-Exploiter,Exploiter,1.0821768318438956
390,13.838653018343713,HOG8-ML03-H2-GPS-JADE-Specialist-Exploiter,Exploiter,4.525295308087999
397,13.771718969376185,HOG8-ML03-H2-GPS-JADE-Specialist-Refiner,Refiner,0.4836745951994363
408,13.523475022172573,HOG8-ML03-H2-GPS-JADE-Specialist-Exploiter,Exploiter,1.802563265745007
418,13.513697995430949,HOG8-ML03-H2-GPS-JADE-Specialist-Refiner,Refiner,0.07229670425385258
427,13.506980457279893,HOG8-ML03-H2-GPS-JADE-Specialist-Polisher,Polisher,0.04970910370593957
438,13.499531515137265,HOG8-ML03-H2-GPS-JADE-Specialist-Refiner,Refiner,0.0551488333472221
447,13.352089093433294,HOG8-ML03-H2-GPS-JADE-Specialist-Exploiter,Exploiter,1.0922039889950355
461,13.343158978782116,HOG8-ML03-H2-GPS-JADE-Specialist-Refiner,Refiner,0.06688177848940946
471,13.200836219695885,HOG8-ML03-H2-GPS-JADE-Specialist-Exploiter,Exploiter,1.0666346650935334
478,13.116192592093382,HOG8-ML03-H2-GPS-JADE-Specialist-Exploiter,Exploiter,0.6411989831084586
488,13.102393431615708,HOG8-ML03-H2-GPS-JADE-Specialist-Refiner,Refiner,0.10520705899052364
498,13.094957971382538,HOG8-ML03-H2-GPS-JADE-Specialist-Refiner,Refiner,0.05674887013565262
522,13.094420170263813,HOG8-ML03-H2-GPS-JADE-Specialist-Polisher,Polisher,0.004106932759158152
529,13.078335150554775,HOG8-ML03-H2-GPS-JADE-Specialist-Refiner,Refiner,0.12283873206975489
540,12.893853552205766,HOG8-ML03-H2-GPS-JADE-Specialist-Exploiter,Exploiter,1.410589316035258
552,12.83289219528498,HOG8-ML03-H2-GPS-JADE-Specialist-Refiner,Refiner,0.4727939298671224
563,12.75418263071166,HOG8-ML03-H2-GPS-JADE-Specialist-Exploiter,Exploiter,0.6133423656612559
572,12.746743608234754,HOG8-ML03-H2-GPS-JADE-Specialist-Refiner,Refiner,0.058326140469356864
593,12.729901928701809,HOG8-ML03-H2-GPS-JADE-Specialist-Refiner,Refiner,0.1321253494270075
602,12.723149741623613,HOG8-ML03-H2-GPS-JADE-Specialist-Refiner,Refiner,0.05304194106139382
623,12.721153155027514,HOG8-ML03-H2-GPS-JADE-Specialist-Polisher,Polisher,0.015692549695992312
634,12.710243889885964,HOG8-ML03-H2-GPS-JADE-Specialist-Refiner,Refiner,0.0857568886138125
644,12.692563365648594,HOG8-ML03-H2-GPS-JADE-Specialist-Refiner,Refiner,0.13910452380413724
653,12.686418867509696,HOG8-ML03-H2-GPS-JADE-Specialist-Polisher,Polisher,0.0484102222843941
687,12.68541235599792,HOG8-ML03-H2-GPS-JADE-Specialist-Polisher,Polisher,0.007933771715146105
697,12.672294848490559,HOG8-ML03-H2-GPS-JADE-Specialist-Refiner,Refiner,0.10340623654350117
704,12.66586389479293,HOG8-ML03-H2-GPS-JADE-Specialist-Refiner,Refiner,0.05074813815901121
718,12.664424370762738,HOG8-ML03-H2-GPS-JADE-Specialist-Polisher,Polisher,0.011365383697064767
728,12.66379419782068,HOG8-ML03-H2-GPS-JADE-Specialist-Polisher,Polisher,0.004975930398486677
735,12.661888777449745,HOG8-ML03-H2-GPS-JADE-Specialist-Polisher,Polisher,0.01504620448793398
748,12.656976470789543,HOG8-ML03-H2-GPS-JADE-Specialist-Polisher,Polisher,0.03879600229114905
788,12.655878833720053,HOG8-ML03-H2-GPS-JADE-Specialist-Polisher,Polisher,0.008672190171352238
798,12.65531241640852,HOG8-ML03-H2-GPS-JADE-Specialist-Polisher,Polisher,0.004475527294263544
808,12.604086959592031,HOG8-ML03-H2-GPS-JADE-Specialist-Refiner,Refiner,0.4047743361125694
839,12.603554333318044,HOG8-ML03-H2-GPS-JADE-Specialist-Polisher,Polisher,0.004225821955169463
849,12.603552919579897,HOG8-ML03-H2-GPS-JADE-Specialist-Polisher,Polisher,1.1216979826526863E-05
862,12.602790146709506,HOG8-ML03-H2-GPS-JADE-Specialist-Polisher,Polisher,0.006052046397223678
870,12.602688423681055,HOG8-ML03-H2-GPS-JADE-Specialist-Polisher,Polisher,0.0008071468878414224
883,12.60073828995546,HOG8-ML03-H2-GPS-JADE-Specialist-Polisher,Polisher,0.015473950160749378
901,12.600729824436506,HOG8-ML03-H2-GPS-JADE-Specialist-Polisher,Polisher,6.718272183328883E-05
911,12.599274602195665,HOG8-ML03-H2-GPS-JADE-Specialist-Polisher,Polisher,0.011548713932574948
952,12.599250996687772,HOG8-ML03-H2-GPS-JADE-Specialist-Polisher,Polisher,0.00018735608706513457
968,12.56934396561414,HOG8-ML03-H2-GPS-JADE-Specialist-Refiner,Refiner,0.23737149995261245
974,12.521047909609194,HOG8-ML03-H2-GPS-JADE-Specialist-Refiner,Refiner,0.3842368872796258
1007,12.518509601320266,HOG8-ML03-H2-GPS-JADE-Specialist-Polisher,Polisher,0.020272331096026594
1032,12.51165256235007,HOG8-ML03-H2-GPS-JADE-Specialist-Refiner,Refiner,0.05477520238889215
1042,12.507941366449458,HOG8-ML03-H2-GPS-JADE-Specialist-Polisher,Polisher,0.029661916218644745
1062,12.505865076177585,HOG8-ML03-H2-GPS-JADE-Specialist-Polisher,Polisher,0.016599776182532035
1122,12.498812938257966,HOG8-ML03-H2-GPS-JADE-Specialist-Refiner,Refiner,0.05639064452288299
1138,12.498755945239218,HOG8-ML03-H2-GPS-JADE-Specialist-Polisher,Polisher,0.0004559874528115344
1168,12.49220973142647,HOG8-ML03-H2-GPS-JADE-Specialist-Refiner,Refiner,0.05237492308377044
1187,12.492015376116587,HOG8-ML03-H2-GPS-JADE-Specialist-Polisher,Polisher,0.0015558120945919102
1218,12.48543089944652,HOG8-ML03-H2-GPS-JADE-Specialist-Refiner,Refiner,0.052709482592023876
1250,12.478670007834289,HOG8-ML03-H2-GPS-JADE-Specialist-Refiner,Refiner,0.05415024652878216
1290,12.476385985578505,HOG8-ML03-H2-GPS-JADE-Specialist-Polisher,Polisher,0.018303410975290934
1333,12.476143724001748,HOG8-ML03-H2-GPS-JADE-Specialist-Polisher,Polisher,0.0019417608355240517
1342,12.475976079336016,HOG8-ML03-H2-GPS-JADE-Specialist-Polisher,Polisher,0.001343721821745269
1361,12.475804828958838,HOG8-ML03-H2-GPS-JADE-Specialist-Polisher,Polisher,0.0013726411151277307
1433,12.475782360354339,HOG8-ML03-H2-GPS-JADE-Specialist-Polisher,Polisher,0.00018009743504942012
1498,12.475646704636038,HOG8-ML03-H2-GPS-JADE-Specialist-Polisher,Polisher,0.0010873523950874345
1598,12.46813827191551,HOG8-ML03-H2-GPS-JADE-Specialist-Refiner,Refiner,0.060184717460276385
1603,12.456331135760827,HOG8-ML03-H2-GPS-JADE-Specialist-Refiner,Refiner,0.09469846978902045
1613,12.448843850236491,HOG8-ML03-H2-GPS-JADE-Specialist-Refiner,Refiner,0.06010827299573595
1635,12.448764554769484,HOG8-ML03-H2-GPS-JADE-Specialist-Polisher,Polisher,0.0006369705328522935
1658,12.442964034910846,HOG8-ML03-H2-GPS-JADE-Specialist-Polisher,Polisher,0.04659514470788397
1677,12.436565438734487,HOG8-ML03-H2-GPS-JADE-Specialist-Refiner,Refiner,0.05142340810763821
1689,12.435525659562199,HOG8-ML03-H2-GPS-JADE-Specialist-Polisher,Polisher,0.008360661771211978
1732,12.43552334368581,HOG8-ML03-H2-GPS-JADE-Specialist-Polisher,Polisher,1.862306790912375E-05
1785,12.435520935193859,HOG8-ML03-H2-GPS-JADE-Specialist-Polisher,Polisher,1.936783748533028E-05
1797,12.430320208603465,HOG8-ML03-H2-GPS-JADE-Specialist-Polisher,Polisher,0.04182154183565311
1852,12.430309385590565,HOG8-ML03-H2-GPS-JADE-Specialist-Polisher,Polisher,8.706946175551909E-05
1881,12.405804939832759,HOG8-ML03-H2-GPS-JADE-Specialist-Refiner,Refiner,0.19713464080155615
1912,12.405754805317027,HOG8-ML03-H2-GPS-JADE-Specialist-Polisher,Polisher,0.00040412142521117163
1943,12.40531880962055,HOG8-ML03-H2-GPS-JADE-Specialist-Polisher,Polisher,0.003514463273857474
2004,12.403667936058087,HOG8-ML03-H2-GPS-JADE-Specialist-Polisher,Polisher,0.013307788278546135
2053,12.401371922063054,HOG8-ML03-H2-GPS-JADE-Specialist-Polisher,Polisher,0.018510766386751372
2074,12.401274757488757,HOG8-ML03-H2-GPS-JADE-Specialist-Polisher,Polisher,0.0007834985911895213
2093,12.387029311795665,HOG8-ML03-H2-GPS-JADE-Specialist-Refiner,Refiner,0.11487081748986858
2127,12.386902361848824,HOG8-ML03-H2-GPS-JADE-Specialist-Polisher,Polisher,0.001024861923271208
2137,12.38686296258359,HOG8-ML03-H2-GPS-JADE-Specialist-Polisher,Polisher,0.00031807197701654645
2157,12.349902850798955,HOG8-ML03-H2-GPS-JADE-Specialist-Refiner,Refiner,0.2983815345037649
2179,12.348306117785654,HOG8-ML03-H2-GPS-JADE-Specialist-Polisher,Polisher,0.012929113958152143
2271,12.346617103584896,HOG8-ML03-H2-GPS-JADE-Specialist-Polisher,Polisher,0.013678104386526994
2303,12.329838499776862,HOG8-ML03-H2-GPS-JADE-Specialist-Refiner,Refiner,0.13589636470674682
2392,12.321656510912613,HOG8-ML03-H2-GPS-JADE-Specialist-Refiner,Refiner,0.06635925413295286
2423,12.317315827487045,HOG8-ML03-H2-GPS-JADE-Specialist-Polisher,Polisher,0.03522808334839881
2481,12.317276143070854,HOG8-ML03-H2-GPS-JADE-Specialist-Polisher,Polisher,0.00032218396236907335
2543,12.29017163696566,HOG8-ML03-H2-GPS-JADE-Specialist-Refiner,Refiner,0.2200527599638369
2563,12.290155441959886,HOG8-ML03-H2-GPS-JADE-Specialist-Polisher,Polisher,0.00013177200654429093
2648,12.284028081921827,HOG8-ML03-H2-GPS-JADE-Specialist-Polisher,Polisher,0.04985583841470129
2818,12.282249213786779,HOG8-ML03-H2-GPS-JADE-Specialist-Polisher,Polisher,0.014481146763788786
2834,12.277706216002246,HOG8-ML03-H2-GPS-JADE-Specialist-Polisher,Polisher,0.03698832115728074
2891,12.277669722527593,HOG8-ML03-H2-GPS-JADE-Specialist-Polisher,Polisher,0.00029723365269385013
2938,12.276891198968782,HOG8-ML03-H2-GPS-JADE-Specialist-Polisher,Polisher,0.0063409716697497495
2970,12.2741288579436,HOG8-ML03-H2-GPS-JADE-Specialist-Polisher,Polisher,0.022500329932174132
2999,12.26147154077909,HOG8-ML03-H2-GPS-JADE-Specialist-Refiner,Refiner,0.10312191855733192
3012,11.133802486845896,HOG8-ML01-H1-GPS-GradientEstimation-Escape-Specialist-Local Explorer,Local Explorer,9.19684925404591
3012,11.11353787614542,HOG8-ML02-H1-GPS-GradientEstimation-Escape-Specialist-Refiner,Refiner,0.18200979157316455
3020,10.843389742278337,HOG8-ML01-H2-GPS-GradientEstimation-Escape-Specialist-Exploiter,Exploiter,2.4308022960621853
3020,10.609425166244352,HOG8-ML00-H1-GPS-GradientEstimation-Escape-Specialist-Exploiter,Exploiter,2.1576700791428554
3027,10.222604964101473,HOG8-ML02-H2-GPS-GradientEstimation-Escape-Specialist-Exploiter,Exploiter,3.646005283807565
3031,9.821298184625148,HOG8-ML01-H1-GPS-GradientEstimation-Escape-Specialist-Exploiter,Exploiter,3.9256802046600314
3031,9.809275811297596,HOG8-ML00-H2-GPS-GradientEstimation-Escape-Specialist-Refiner,Refiner,0.12241124443581715
3033,9.707566472285512,HOG8-ML00-H1-GPS-GradientEstimation-Escape-Specialist-Exploiter,Exploiter,1.0368689898080197
3040,9.40106807121569,HOG8-ML00-H1-GPS-GradientEstimation-Escape-Specialist-Exploiter,Exploiter,3.15731447160167
3040,9.380798090450499,HOG8-ML02-H2-GPS-GradientEstimation-Escape-Specialist-Refiner,Refiner,0.21561359423886736
3041,9.229227486795327,HOG8-ML01-H1-GPS-GradientEstimation-Escape-Specialist-Exploiter,Exploiter,1.6157538217293905
3041,9.21901379311217,HOG8-ML02-H1-GPS-GradientEstimation-Escape-Specialist-Refiner,Refiner,0.11066683205902747
3045,9.175971451457766,HOG8-ML00-H1-GPS-GradientEstimation-Escape-Specialist-Refiner,Refiner,0.466886617379426
3052,9.124644180078324,HOG8-ML00-H2-GPS-GradientEstimation-Escape-Specialist-Exploiter,Exploiter,0.5593660753084395
3052,9.078258474834296,HOG8-ML02-H2-GPS-GradientEstimation-Escape-Specialist-Exploiter,Exploiter,0.5083563186529577
3052,8.995754903103897,HOG8-ML01-H1-GPS-GradientEstimation-Escape-Specialist-Exploiter,Exploiter,0.9088039513206848
3058,8.856834480930852,HOG8-ML02-H2-GPS-GradientEstimation-Escape-Specialist-Exploiter,Exploiter,1.544288652474429
3067,8.658283955100018,HOG8-ML02-H1-GPS-GradientEstimation-Escape-Specialist-Exploiter,Exploiter,2.2417775364135104
3070,8.545282851542591,HOG8-ML02-H2-GPS-GradientEstimation-Escape-Specialist-Exploiter,Exploiter,1.3051212473906555
3074,8.395296228974283,HOG8-ML00-H1-GPS-GradientEstimation-Escape-Specialist-Exploiter,Exploiter,1.7551978696788564
3078,8.363881086932,HOG8-ML02-H1-GPS-GradientEstimation-Escape-Specialist-Refiner,Refiner,0.3741993276408904
3080,8.264361460614184,HOG8-ML02-H2-GPS-GradientEstimation-Escape-Specialist-Exploiter,Exploiter,1.1898737593640456
3089,8.148646382037079,HOG8-ML01-H1-GPS-GradientEstimation-Escape-Specialist-Exploiter,Exploiter,1.4001696214350465
3089,8.08848395903662,HOG8-ML02-H1-GPS-GradientEstimation-Escape-Specialist-Exploiter,Exploiter,0.7383118640794156
3093,8.004314665936112,HOG8-ML02-H2-GPS-GradientEstimation-Escape-Specialist-Exploiter,Exploiter,1.0406065404441187
3098,7.890356669973732,HOG8-ML01-H1-GPS-GradientEstimation-Escape-Specialist-Exploiter,Exploiter,1.423707096965468
3101,7.843495277616989,HOG8-ML02-H1-GPS-GradientEstimation-Escape-Specialist-Exploiter,Exploiter,0.5939071491542519
3106,7.753836866048967,HOG8-ML02-H2-GPS-GradientEstimation-Escape-Specialist-Exploiter,Exploiter,1.143092567721434
3106,7.648710728882484,HOG8-ML00-H1-GPS-GradientEstimation-Escape-Specialist-Exploiter,Exploiter,1.355795059692192
3108,7.627920707624014,HOG8-ML00-H2-GPS-GradientEstimation-Escape-Specialist-Refiner,Refiner,0.27181079263416
3113,7.510154228932334,HOG8-ML02-H2-GPS-GradientEstimation-Escape-Specialist-Exploiter,Exploiter,1.5438870329888654
3119,7.381037135609197,HOG8-ML00-H1-GPS-GradientEstimation-Escape-Specialist-Exploiter,Exploiter,1.719233578795535
3121,7.348582779138081,HOG8-ML00-H2-GPS-GradientEstimation-Escape-Specialist-Refiner,Refiner,0.43969913543102
3124,7.336916107660409,HOG8-ML00-H2-GPS-GradientEstimation-Escape-Specialist-Refiner,Refiner,0.1587608363178843
3126,7.270100049548676,HOG8-ML02-H2-GPS-GradientEstimation-Escape-Specialist-Exploiter,Exploiter,0.9106831416808945
3129,7.145447163872447,HOG8-ML00-H1-GPS-GradientEstimation-Escape-Specialist-Exploiter,Exploiter,1.714596564375575
3134,7.098004921665458,HOG8-ML00-H2-GPS-GradientEstimation-Escape-Specialist-Exploiter,Exploiter,0.6639506404421828
3139,7.020964707297608,HOG8-ML02-H2-GPS-GradientEstimation-Escape-Specialist-Exploiter,Exploiter,1.0853784298274816
3139,6.905198687441727,HOG8-ML00-H1-GPS-GradientEstimation-Escape-Specialist-Exploiter,Exploiter,1.6488620108794125
3144,6.861795835219268,HOG8-ML00-H2-GPS-GradientEstimation-Escape-Specialist-Exploiter,Exploiter,0.6285532710506165
3152,6.704106281015608,HOG8-ML00-H1-GPS-GradientEstimation-Escape-Specialist-Exploiter,Exploiter,2.298079948608983
3154,6.658365541234135,HOG8-ML02-H1-GPS-GradientEstimation-Escape-Specialist-Exploiter,Exploiter,0.6822794547723605
3159,6.500153509359484,HOG8-ML00-H1-GPS-GradientEstimation-Escape-Specialist-Exploiter,Exploiter,2.3761391725171865
3174,6.315375742362209,HOG8-ML00-H1-GPS-GradientEstimation-Escape-Specialist-Exploiter,Exploiter,2.8426677420958746
3179,6.304900153202083,HOG8-ML02-H1-GPS-GradientEstimation-Escape-Specialist-Refiner,Refiner,0.16587436104329362
3188,6.16609307584402,HOG8-ML00-H1-GPS-GradientEstimation-Escape-Specialist-Exploiter,Exploiter,2.2015745528906865
3197,6.077061001010711,HOG8-ML00-H1-GPS-GradientEstimation-Escape-Specialist-Exploiter,Exploiter,1.443897679425186
3200,5.960861865814213,HOG8-ML02-H1-GPS-GradientEstimation-Escape-Specialist-Exploiter,Exploiter,1.9120942701936452
3207,5.843093547903325,HOG8-ML00-H1-GPS-GradientEstimation-Escape-Specialist-Exploiter,Exploiter,1.9756927867477327
3213,5.770517175107899,HOG8-ML02-H1-GPS-GradientEstimation-Escape-Specialist-Exploiter,Exploiter,1.2420881541673903
3219,5.651672105773688,HOG8-ML00-H1-GPS-GradientEstimation-Escape-Specialist-Exploiter,Exploiter,2.0595219757228866
3221,5.539669952494484,HOG8-ML02-H1-GPS-GradientEstimation-Escape-Specialist-Exploiter,Exploiter,1.9817525005526015
3230,5.39176135366649,HOG8-ML00-H1-GPS-GradientEstimation-Escape-Specialist-Exploiter,Exploiter,2.669989369337644
3238,5.27681851785405,HOG8-ML02-H1-GPS-GradientEstimation-Escape-Specialist-Exploiter,Exploiter,2.1318235039144806
3240,5.1633607730037285,HOG8-ML00-H1-GPS-GradientEstimation-Escape-Specialist-Exploiter,Exploiter,2.1501164852730574
3248,5.0825210642365395,HOG8-ML02-H1-GPS-GradientEstimation-Escape-Specialist-Exploiter,Exploiter,1.5656413007174284
3253,4.901940044934318,HOG8-ML00-H1-GPS-GradientEstimation-Escape-Specialist-Exploiter,Exploiter,3.552981227621274
3255,4.861420333405696,HOG8-ML02-H1-GPS-GradientEstimation-Escape-Specialist-Exploiter,Exploiter,0.8266056124145306
3268,4.67366329913013,HOG8-ML02-H1-GPS-GradientEstimation-Escape-Specialist-Exploiter,Exploiter,3.862184740236844
3278,4.4088939138154775,HOG8-ML02-H1-GPS-GradientEstimation-Escape-Specialist-Local Explorer,Local Explorer,5.665136069257102
3288,4.233546744578503,HOG8-ML00-H1-GPS-GradientEstimation-Escape-Specialist-Exploiter,Exploiter,3.9771238016754156
3291,4.191687520559689,HOG8-ML02-H1-GPS-GradientEstimation-Escape-Specialist-Exploiter,Exploiter,0.9887507223681843
3301,4.001682357523544,HOG8-ML00-H1-GPS-GradientEstimation-Escape-Specialist-Exploiter,Exploiter,4.532903803162661
3312,3.785083687506445,HOG8-ML02-H1-GPS-GradientEstimation-Escape-Specialist-Local Explorer,Local Explorer,5.412690230394546
3315,3.75150965664994,HOG8-ML00-H1-GPS-GradientEstimation-Escape-Specialist-Exploiter,Exploiter,0.8870089442757535
3322,3.6141783498186544,HOG8-ML02-H1-GPS-GradientEstimation-Escape-Specialist-Exploiter,Exploiter,3.6606944776978465
3324,3.570620217556812,HOG8-ML00-H1-GPS-GradientEstimation-Escape-Specialist-Exploiter,Exploiter,1.2052015159691256
3333,3.383697951401281,HOG8-ML02-H1-GPS-GradientEstimation-Escape-Specialist-Local Explorer,Local Explorer,5.235008339347613
3333,3.3585986617336294,HOG8-ML00-H1-GPS-GradientEstimation-Escape-Specialist-Exploiter,Exploiter,0.7417709863038257
3343,3.3172753303835263,HOG8-ML01-H1-GPS-GradientEstimation-Escape-Specialist-Exploiter,Exploiter,1.2303741980523806
3343,3.167472565595009,HOG8-ML02-H1-GPS-GradientEstimation-Escape-Specialist-Exploiter,Exploiter,4.5158375434335065
3343,3.126376453644948,HOG8-ML00-H1-GPS-GradientEstimation-Escape-Specialist-Exploiter,Exploiter,1.297441764656337
3353,3.0923997416535447,HOG8-ML01-H1-GPS-GradientEstimation-Escape-Specialist-Exploiter,Exploiter,1.0867760967106426
3353,2.9815233228248355,HOG8-ML02-H1-GPS-GradientEstimation-Escape-Specialist-Exploiter,Exploiter,3.5854491039836347
3353,2.9558823076291096,HOG8-ML00-H1-GPS-GradientEstimation-Escape-Specialist-Exploiter,Exploiter,0.8599971363441259
3362,2.9152886871734203,HOG8-ML01-H2-GPS-GradientEstimation-Escape-Specialist-Exploiter,Exploiter,1.3733165339809892
3368,2.8776320608020503,HOG8-ML01-H1-GPS-GradientEstimation-Escape-Specialist-Exploiter,Exploiter,1.2916945939882474
3368,2.765786791717148,HOG8-ML02-H1-GPS-GradientEstimation-Escape-Specialist-Exploiter,Exploiter,3.8867119465484663
3368,2.7255449271067693,HOG8-ML00-H1-GPS-GradientEstimation-Escape-Specialist-Exploiter,Exploiter,1.4549879524659426
3374,2.583814877275736,HOG8-ML02-H1-GPS-GradientEstimation-Escape-Specialist-Local Explorer,Local Explorer,5.200062872619137
3375,2.5577082545080514,HOG8-ML00-H1-GPS-GradientEstimation-Escape-Specialist-Exploiter,Exploiter,1.0103906048876925
3387,2.4790385584749943,HOG8-ML01-H1-GPS-GradientEstimation-Escape-Specialist-Exploiter,Exploiter,3.0757884873851014
3387,2.3725488253562217,HOG8-ML02-H1-GPS-GradientEstimation-Escape-Specialist-Exploiter,Exploiter,4.295606163716989
3388,2.3324193710695282,HOG8-ML00-H1-GPS-GradientEstimation-Escape-Specialist-Exploiter,Exploiter,1.6914068894100969
3397,2.3077798609961904,HOG8-ML01-H1-GPS-GradientEstimation-Escape-Specialist-Exploiter,Exploiter,1.0563927902056245
3397,2.18969790700276,HOG8-ML02-H1-GPS-GradientEstimation-Escape-Specialist-Local Explorer,Local Explorer,5.116690547011646
3397,2.1225636987484915,HOG8-ML00-H1-GPS-GradientEstimation-Escape-Specialist-Exploiter,Exploiter,3.065911879422721
3407,2.0882793484867412,HOG8-ML01-H1-GPS-GradientEstimation-Escape-Specialist-Exploiter,Exploiter,1.6152330449241656
3407,1.982950176765256,HOG8-ML02-H1-GPS-GradientEstimation-Escape-Specialist-Local Explorer,Local Explorer,5.04382576008384
3408,1.9205150592428062,HOG8-ML00-H1-GPS-GradientEstimation-Escape-Specialist-Exploiter,Exploiter,3.1485973905960085
3420,1.8822974437924793,HOG8-ML01-H2-GPS-GradientEstimation-Escape-Specialist-Exploiter,Exploiter,1.9899669761191445
3420,1.7431031316719405,HOG8-ML02-H1-GPS-GradientEstimation-Escape-Specialist-Local Explorer,Local Explorer,7.3949158555986845
3424,1.7107970748491772,HOG8-ML00-H1-GPS-GradientEstimation-Escape-Specialist-Exploiter,Exploiter,1.853364625177179
3429,1.5808362650483074,HOG8-ML02-H1-GPS-GradientEstimation-Escape-Specialist-Local Explorer,Local Explorer,7.596506430333185
3434,1.49206149826993,HOG8-ML00-H1-GPS-GradientEstimation-Escape-Specialist-Local Explorer,Local Explorer,5.615683846654706
3441,1.458359209023453,HOG8-ML01-H2-GPS-GradientEstimation-Escape-Specialist-Exploiter,Exploiter,2.2587734678198905
3441,1.4000055354986194,HOG8-ML02-H1-GPS-GradientEstimation-Escape-Specialist-Exploiter,Exploiter,4.00132375917922
3442,1.321061809869664,HOG8-ML00-H1-GPS-GradientEstimation-Escape-Specialist-Local Explorer,Local Explorer,5.6388152494582195
3450,1.2089892426810254,HOG8-ML02-H1-GPS-GradientEstimation-Escape-Specialist-Local Explorer,Local Explorer,8.483521842153301
3455,1.1608665942214638,HOG8-ML00-H1-GPS-GradientEstimation-Escape-Specialist-Exploiter,Exploiter,3.980403361807089
3463,1.143221188790724,HOG8-ML01-H1-GPS-GradientEstimation-Escape-Specialist-Exploiter,Exploiter,1.5200200883180455
3463,1.0661556867382727,HOG8-ML02-H1-GPS-GradientEstimation-Escape-Specialist-Local Explorer,Local Explorer,6.741084123359334
3463,1.0226889782670934,HOG8-ML00-H1-GPS-GradientEstimation-Escape-Specialist-Exploiter,Exploiter,4.076956959649909
3477,0.9586412430134165,HOG8-ML00-H1-GPS-GradientEstimation-Escape-Specialist-Local Explorer,Local Explorer,6.262679721277851
3493,0.9063477168833162,HOG8-ML00-H1-GPS-GradientEstimation-Escape-Specialist-Local Explorer,Local Explorer,5.454963106502652
3497,0.8463663623892211,HOG8-ML02-H1-GPS-GradientEstimation-Escape-Specialist-Local Explorer,Local Explorer,6.61791863947698
3505,0.780545303034374,HOG8-ML00-H1-GPS-GradientEstimation-Escape-Specialist-Local Explorer,Local Explorer,7.776899257791844
3517,0.7363636974995271,HOG8-ML02-H1-GPS-GradientEstimation-Escape-Specialist-Local Explorer,Local Explorer,5.660351213836099
3530,0.7110262965656089,HOG8-ML00-H1-GPS-GradientEstimation-Escape-Specialist-Exploiter,Exploiter,3.440881322633983
3531,0.6822065797086205,HOG8-ML02-H1-GPS-GradientEstimation-Escape-Specialist-Exploiter,Exploiter,4.0532561167136905
3542,0.6068200164372682,HOG8-ML02-H1-GPS-GradientEstimation-Escape-Specialist-Local Explorer,Local Explorer,11.050401082843688
3555,0.5467867854553539,HOG8-ML02-H1-GPS-GradientEstimation-Escape-Specialist-Local Explorer,Local Explorer,9.893086805932757
3567,0.5020275391648252,HOG8-ML02-H1-GPS-GradientEstimation-Escape-Specialist-Local Explorer,Local Explorer,8.18586832767986
3578,0.45601959469487857,HOG8-ML02-H1-GPS-GradientEstimation-Escape-Specialist-Local Explorer,Local Explorer,9.164426426981603
3586,0.4281571616084378,HOG8-ML00-H1-GPS-GradientEstimation-Escape-Specialist-Local Explorer,Local Explorer,6.1099201461032475
3588,0.41544045605722846,HOG8-ML02-H1-GPS-GradientEstimation-Escape-Specialist-Exploiter,Exploiter,2.9701022641866137
3598,0.37997474005580933,HOG8-ML02-H1-GPS-GradientEstimation-Escape-Specialist-Local Explorer,Local Explorer,8.536895115610404
3608,0.3639340128467062,HOG8-ML00-H1-GPS-GradientEstimation-Escape-Specialist-Exploiter,Exploiter,4.221524622070181
3612,0.35463293452862565,HOG8-ML02-H1-GPS-GradientEstimation-Escape-Specialist-Exploiter,Exploiter,2.5557046029655552
3614,0.3489725823476444,HOG8-ML00-H2-GPS-GradientEstimation-Escape-Specialist-Exploiter,Exploiter,1.5961157664346506
3618,0.34390265911859813,HOG8-ML00-H2-GPS-GradientEstimation-Escape-Specialist-Exploiter,Exploiter,1.4528141995968127
3621,0.32909780678591477,HOG8-ML00-H1-GPS-GradientEstimation-Escape-Specialist-Exploiter,Exploiter,4.304954306147939
3621,0.3254679302341449,HOG8-ML02-H1-GPS-GradientEstimation-Escape-Specialist-Exploiter,Exploiter,1.102978043889304
3624,0.3207290864592838,HOG8-ML00-H2-GPS-GradientEstimation-Escape-Specialist-Exploiter,Exploiter,1.4560094358457807
3629,0.3175358460237788,HOG8-ML00-H2-GPS-GradientEstimation-Escape-Specialist-Exploiter,Exploiter,0.9956192220534168
3630,0.3041329410383615,HOG8-ML00-H1-GPS-GradientEstimation-Escape-Specialist-Exploiter,Exploiter,4.220910852506905
3630,0.2967722174764278,HOG8-ML02-H1-GPS-GradientEstimation-Escape-Specialist-Exploiter,Exploiter,2.4202322631685256
3642,0.27795231695996414,HOG8-ML02-H1-GPS-GradientEstimation-Escape-Specialist-Local Explorer,Local Explorer,6.341530442605696
3649,0.2754150055769907,HOG8-ML02-H2-GPS-GradientEstimation-Escape-Specialist-Exploiter,Exploiter,0.912858511389523
3659,0.25837559049876485,HOG8-ML02-H1-GPS-GradientEstimation-Escape-Specialist-Local Explorer,Local Explorer,6.1868143467813335
3661,0.2560163366215522,HOG8-ML02-H2-GPS-GradientEstimation-Escape-Specialist-Exploiter,Exploiter,0.9131102023447218
3664,0.2398645708758067,HOG8-ML02-H1-GPS-GradientEstimation-Escape-Specialist-Local Explorer,Local Explorer,6.308880893652239
3674,0.2378045464912769,HOG8-ML00-H2-GPS-GradientEstimation-Escape-Specialist-Exploiter,Exploiter,0.8588281199712472
3679,0.22392693977715442,HOG8-ML02-H1-GPS-GradientEstimation-Escape-Specialist-Local Explorer,Local Explorer,5.835719677727672
3689,0.20910459432806053,HOG8-ML02-H1-GPS-GradientEstimation-Escape-Specialist-Local Explorer,Local Explorer,6.619277458908988
3698,0.19792052238089522,HOG8-ML02-H1-GPS-GradientEstimation-Escape-Specialist-Local Explorer,Local Explorer,5.348553905811756
3708,0.18593718168943008,HOG8-ML02-H1-GPS-GradientEstimation-Escape-Specialist-Local Explorer,Local Explorer,6.054622606746852
3718,0.18375313998384984,HOG8-ML00-H2-GPS-GradientEstimation-Escape-Specialist-Exploiter,Exploiter,1.1746126760317495
3719,0.17505900368429955,HOG8-ML02-H1-GPS-GradientEstimation-Escape-Specialist-Exploiter,Exploiter,4.73142189587314
3728,0.17442778436656242,HOG8-ML02-H2-GPS-GradientEstimation-Escape-Specialist-Refiner,Refiner,0.3605751800549877
3732,0.1636745407586443,HOG8-ML02-H1-GPS-GradientEstimation-Escape-Specialist-Local Explorer,Local Explorer,6.164868542571197
3740,0.1559531996952665,HOG8-ML00-H1-GPS-GradientEstimation-Escape-Specialist-Exploiter,Exploiter,4.717496702656856
3743,0.15427291009801347,HOG8-ML02-H1-GPS-GradientEstimation-Escape-Specialist-Exploiter,Exploiter,1.0774319478768775
3753,0.14719092585852508,HOG8-ML02-H1-GPS-GradientEstimation-Escape-Specialist-Exploiter,Exploiter,4.590555940760451
3762,0.14140478408519594,HOG8-ML00-H1-GPS-GradientEstimation-Escape-Specialist-Exploiter,Exploiter,3.9310451643538054
3764,0.13935464047142704,HOG8-ML02-H1-GPS-GradientEstimation-Escape-Specialist-Exploiter,Exploiter,1.4498403480703284
3773,0.13145398222319005,HOG8-ML02-H1-GPS-GradientEstimation-Escape-Specialist-Local Explorer,Local Explorer,5.6694619005937765
3789,0.12325963270973395,HOG8-ML02-H1-GPS-GradientEstimation-Escape-Specialist-Local Explorer,Local Explorer,6.233625923589951
3800,0.11796170943954312,HOG8-ML02-H1-GPS-GradientEstimation-Escape-Specialist-Exploiter,Exploiter,4.2981819381751585
3809,0.11314551040087246,HOG8-ML02-H1-GPS-GradientEstimation-Escape-Specialist-Exploiter,Exploiter,4.082849478490323
3819,0.11003444951381638,HOG8-ML00-H2-GPS-GradientEstimation-Escape-Specialist-Exploiter,Exploiter,2.7496105466612404
3823,0.10718986083424267,HOG8-ML02-H1-GPS-GradientEstimation-Escape-Specialist-Exploiter,Exploiter,2.5851800887289698
3831,0.10282833669178346,HOG8-ML00-H1-GPS-GradientEstimation-Escape-Specialist-Exploiter,Exploiter,4.068970804247832
3831,0.10106184496293616,HOG8-ML02-H1-GPS-GradientEstimation-Escape-Specialist-Exploiter,Exploiter,1.717903630146387
3841,0.0995362896630041,HOG8-ML00-H2-GPS-GradientEstimation-Escape-Specialist-Exploiter,Exploiter,1.509526469155151
3843,0.09615529642985103,HOG8-ML02-H1-GPS-GradientEstimation-Escape-Specialist-Exploiter,Exploiter,3.396744287535686
3853,0.09466351762868344,HOG8-ML00-H2-GPS-GradientEstimation-Escape-Specialist-Exploiter,Exploiter,1.551426553248577
3856,0.09165697343353314,HOG8-ML02-H1-GPS-GradientEstimation-Escape-Specialist-Exploiter,Exploiter,3.176032615799715
3863,0.09031100173545008,HOG8-ML00-H2-GPS-GradientEstimation-Escape-Specialist-Exploiter,Exploiter,1.4684880458758796
3869,0.08821925578937193,HOG8-ML02-H1-GPS-GradientEstimation-Escape-Specialist-Exploiter,Exploiter,2.316158503263587
3872,0.0873656273364881,HOG8-ML02-H2-GPS-GradientEstimation-Escape-Specialist-Exploiter,Exploiter,0.9676214622824583
3874,0.0859885111545427,HOG8-ML00-H2-GPS-GradientEstimation-Escape-Specialist-Exploiter,Exploiter,1.5762677198452975
3878,0.08437022824858798,HOG8-ML02-H1-GPS-GradientEstimation-Escape-Specialist-Exploiter,Exploiter,1.8819757246945124
3885,0.08092725152801421,HOG8-ML02-H1-GPS-GradientEstimation-Escape-Specialist-Exploiter,Exploiter,4.080795787857062
3899,0.07791093444330066,HOG8-ML02-H1-GPS-GradientEstimation-Escape-Specialist-Exploiter,Exploiter,3.727195756387948
3909,0.0752392816304551,HOG8-ML02-H1-GPS-GradientEstimation-Escape-Specialist-Exploiter,Exploiter,3.4291115001192147
3915,0.07235522755735949,HOG8-ML02-H1-GPS-GradientEstimation-Escape-Specialist-Exploiter,Exploiter,3.833175982807646
3927,0.06883847209193038,HOG8-ML02-H1-GPS-GradientEstimation-Escape-Specialist-Exploiter,Exploiter,4.8604027437287876
3938,0.06594565616808207,HOG8-ML02-H1-GPS-GradientEstimation-Escape-Specialist-Exploiter,Exploiter,4.202324421124713
3948,0.0637433771875428,HOG8-ML02-H1-GPS-GradientEstimation-Escape-Specialist-Exploiter,Exploiter,3.339536079413785
3960,0.06126337171842065,HOG8-ML02-H1-GPS-GradientEstimation-Escape-Specialist-Exploiter,Exploiter,3.890608842116404
3971,0.05872099131715187,HOG8-ML02-H1-GPS-GradientEstimation-Escape-Specialist-Exploiter,Exploiter,4.149919160430969
3982,0.0563537193229827,HOG8-ML02-H1-GPS-GradientEstimation-Escape-Specialist-Exploiter,Exploiter,4.031389697397205
3991,0.05418956631460066,HOG8-ML02-H1-GPS-GradientEstimation-Escape-Specialist-Exploiter,Exploiter,3.8403019967121055
4002,0.05253419823666779,HOG8-ML02-H1-GPS-GradientEstimation-Escape-Specialist-Exploiter,Exploiter,3.054772699826638
4013,0.05086200776651518,HOG8-ML02-H1-GPS-GradientEstimation-Escape-Specialist-Exploiter,Exploiter,3.1830512814135874
4028,0.049927267860163424,HOG8-ML00-H1-GPS-GradientEstimation-Escape-Specialist-Exploiter,Exploiter,1.8377959254827867
4033,0.04892022979856996,HOG8-ML00-H2-GPS-GradientEstimation-Escape-Specialist-Exploiter,Exploiter,2.017010152476156
4038,0.048118663032927896,HOG8-ML02-H1-GPS-GradientEstimation-Escape-Specialist-Exploiter,Exploiter,1.6385179892705628
4043,0.04745178377576061,HOG8-ML00-H2-GPS-GradientEstimation-Escape-Specialist-Exploiter,Exploiter,1.3859056240006775
4049,0.046113169393137345,HOG8-ML02-H1-GPS-GradientEstimation-Escape-Specialist-Exploiter,Exploiter,2.820999077609093
4059,0.0446368866092231,HOG8-ML02-H1-GPS-GradientEstimation-Escape-Specialist-Exploiter,Exploiter,3.201434217909006
4064,0.04432252547431343,HOG8-ML00-H2-GPS-GradientEstimation-Escape-Specialist-Exploiter,Exploiter,0.7042631303158986
4068,0.043320728944171924,HOG8-ML02-H1-GPS-GradientEstimation-Escape-Specialist-Exploiter,Exploiter,2.260242437498479
4078,0.04327553524560578,HOG8-ML02-H2-GPS-GradientEstimation-Escape-Specialist-Refiner,Refiner,0.10432349516644365
4078,0.04279213352555332,HOG8-ML00-H2-GPS-GradientEstimation-Escape-Specialist-Exploiter,Exploiter,1.1170323308746326
4080,0.041595123175985765,HOG8-ML02-H1-GPS-GradientEstimation-Escape-Specialist-Exploiter,Exploiter,2.797267280101281
4087,0.041317828977442086,HOG8-ML00-H2-GPS-GradientEstimation-Escape-Specialist-Exploiter,Exploiter,0.6666507450175552
4090,0.040183533030045,HOG8-ML02-H1-GPS-GradientEstimation-Escape-Specialist-Exploiter,Exploiter,2.7452941634865806
4099,0.03992875148816351,HOG8-ML00-H2-GPS-GradientEstimation-Escape-Specialist-Exploiter,Exploiter,0.6340446513027983
4104,0.03879460653215217,HOG8-ML02-H1-GPS-GradientEstimation-Escape-Specialist-Exploiter,Exploiter,2.840421785658744
4109,0.03863287427791132,HOG8-ML00-H2-GPS-GradientEstimation-Escape-Specialist-Refiner,Refiner,0.41689365790271626
4113,0.037515544200661985,HOG8-ML02-H1-GPS-GradientEstimation-Escape-Specialist-Exploiter,Exploiter,2.8921743414990346
4127,0.036449033683529024,HOG8-ML02-H1-GPS-GradientEstimation-Escape-Specialist-Exploiter,Exploiter,2.8428496503434486
4137,0.03528848734078588,HOG8-ML02-H1-GPS-GradientEstimation-Escape-Specialist-Exploiter,Exploiter,3.184024994516068
4142,0.035076398082866014,HOG8-ML00-H2-GPS-GradientEstimation-Escape-Specialist-Exploiter,Exploiter,0.6010154413015466
4148,0.03396121206241142,HOG8-ML02-H1-GPS-GradientEstimation-Escape-Specialist-Exploiter,Exploiter,3.1793059761154194
4160,0.033247303132767275,HOG8-ML02-H1-GPS-GradientEstimation-Escape-Specialist-Exploiter,Exploiter,2.1021303018637147
4169,0.03235315902922984,HOG8-ML02-H1-GPS-GradientEstimation-Escape-Specialist-Exploiter,Exploiter,2.6893733304227037
4183,0.031200331494399523,HOG8-ML02-H1-GPS-GradientEstimation-Escape-Specialist-Exploiter,Exploiter,3.563261113972772
4198,0.03008430990775314,HOG8-ML02-H1-GPS-GradientEstimation-Escape-Specialist-Exploiter,Exploiter,3.576954260395307
4209,0.029070468144601062,HOG8-ML02-H1-GPS-GradientEstimation-Escape-Specialist-Exploiter,Exploiter,3.3700017260186406
4219,0.028215143550600483,HOG8-ML02-H1-GPS-GradientEstimation-Escape-Specialist-Exploiter,Exploiter,2.9422456829592853
4231,0.02752396251482519,HOG8-ML02-H1-GPS-GradientEstimation-Escape-Specialist-Exploiter,Exploiter,2.449681088936317
4243,0.026616314854036028,HOG8-ML02-H1-GPS-GradientEstimation-Escape-Specialist-Exploiter,Exploiter,3.29766348250284
4253,0.025850959746654616,HOG8-ML02-H1-GPS-GradientEstimation-Escape-Specialist-Exploiter,Exploiter,2.8755111726721823
4263,0.025246925279304555,HOG8-ML02-H1-GPS-GradientEstimation-Escape-Specialist-Exploiter,Exploiter,2.336603643616093
4273,0.024664008650834825,HOG8-ML02-H1-GPS-GradientEstimation-Escape-Specialist-Exploiter,Exploiter,2.3088618594976382
4287,0.02410539471495669,HOG8-ML02-H1-GPS-GradientEstimation-Escape-Specialist-Exploiter,Exploiter,2.2648951506073485
4297,0.023351637732577847,HOG8-ML02-H1-GPS-GradientEstimation-Escape-Specialist-Exploiter,Exploiter,3.1269223810351408
4310,0.022728106034879833,HOG8-ML02-H1-GPS-GradientEstimation-Escape-Specialist-Exploiter,Exploiter,2.6701840138095565
4327,0.02252836275312657,HOG8-ML02-H1-GPS-GradientEstimation-Escape-Specialist-Exploiter,Exploiter,0.878838216641213
4347,0.022139350886708126,HOG8-ML02-H1-GPS-GradientEstimation-Escape-Specialist-Exploiter,Exploiter,1.7267649259796167
4358,0.02184990408994143,HOG8-ML02-H1-GPS-GradientEstimation-Escape-Specialist-Exploiter,Exploiter,1.3073861029072567
4367,0.021389946121305556,HOG8-ML02-H1-GPS-GradientEstimation-Escape-Specialist-Exploiter,Exploiter,2.105080034871248
4370,0.021375861887086636,HOG8-ML00-H2-GPS-GradientEstimation-Escape-Specialist-Refiner,Refiner,0.06584511311550668
4379,0.020855940507130175,HOG8-ML02-H1-GPS-GradientEstimation-Escape-Specialist-Exploiter,Exploiter,2.4322826499480295
4380,0.020766039751457945,HOG8-ML00-H2-GPS-GradientEstimation-Escape-Specialist-Refiner,Refiner,0.431055869388844
4388,0.020354949858776714,HOG8-ML02-H1-GPS-GradientEstimation-Escape-Specialist-Exploiter,Exploiter,1.9796258583795163
4394,0.02025097865021289,HOG8-ML00-H2-GPS-GradientEstimation-Escape-Specialist-Exploiter,Exploiter,0.5107907869347718
4398,0.019834514816953967,HOG8-ML02-H1-GPS-GradientEstimation-Escape-Specialist-Exploiter,Exploiter,2.0565121343137873
4403,0.019744063067796948,HOG8-ML00-H2-GPS-GradientEstimation-Escape-Specialist-Refiner,Refiner,0.456032073341688
4410,0.01927118827071408,HOG8-ML02-H1-GPS-GradientEstimation-Escape-Specialist-Exploiter,Exploiter,2.395022723839132
4422,0.0188736036193605,HOG8-ML02-H1-GPS-GradientEstimation-Escape-Specialist-Exploiter,Exploiter,2.0631039755746694
4431,0.018509657680369027,HOG8-ML02-H1-GPS-GradientEstimation-Escape-Specialist-Exploiter,Exploiter,1.9283330641644791
4442,0.01814430522045173,HOG8-ML02-H1-GPS-GradientEstimation-Escape-Specialist-Exploiter,Exploiter,1.9738477406029151
4449,0.01806574111333419,HOG8-ML00-H2-GPS-GradientEstimation-Escape-Specialist-Refiner,Refiner,0.4329959519694647
4452,0.017661441396119817,HOG8-ML02-H1-GPS-GradientEstimation-Escape-Specialist-Exploiter,Exploiter,2.2379359622061723
4464,0.017337645622640556,HOG8-ML02-H1-GPS-GradientEstimation-Escape-Specialist-Exploiter,Exploiter,1.833348514523842
4478,0.01694362100389167,HOG8-ML02-H1-GPS-GradientEstimation-Escape-Specialist-Exploiter,Exploiter,2.2726535501126164
4488,0.016627702206700956,HOG8-ML02-H1-GPS-GradientEstimation-Escape-Specialist-Exploiter,Exploiter,1.8645294126807561
4498,0.016215654824835675,HOG8-ML02-H1-GPS-GradientEstimation-Escape-Specialist-Exploiter,Exploiter,2.4780777087722092
4511,0.015867296761601077,HOG8-ML02-H1-GPS-GradientEstimation-Escape-Specialist-Exploiter,Exploiter,2.1482824282930446
4518,0.015603119631315936,HOG8-ML02-H1-GPS-GradientEstimation-Escape-Specialist-Exploiter,Exploiter,1.664915796649439
4538,0.015269501685215308,HOG8-ML02-H1-GPS-GradientEstimation-Escape-Specialist-Exploiter,Exploiter,2.138148998300613
4548,0.014976589378978571,HOG8-ML02-H1-GPS-GradientEstimation-Escape-Specialist-Exploiter,Exploiter,1.9182833354696112
4558,0.01469462031058839,HOG8-ML02-H1-GPS-GradientEstimation-Escape-Specialist-Exploiter,Exploiter,1.882732184578405
4567,0.014397902106538374,HOG8-ML02-H1-GPS-GradientEstimation-Escape-Specialist-Exploiter,Exploiter,2.019230152113642
4582,0.014187205784001834,HOG8-ML02-H1-GPS-GradientEstimation-Escape-Specialist-Exploiter,Exploiter,1.4633821023193323
4598,0.014011261539888938,HOG8-ML02-H1-GPS-GradientEstimation-Escape-Specialist-Exploiter,Exploiter,1.240161359408057
4605,0.013912182811939738,HOG8-ML02-H1-GPS-GradientEstimation-Escape-Specialist-Exploiter,Exploiter,0.7071363821675207
4618,0.01379975042367469,HOG8-ML02-H1-GPS-GradientEstimation-Escape-Specialist-Exploiter,Exploiter,0.808157783612186
4623,0.013798161321387855,HOG8-ML00-H2-GPS-GradientEstimation-Escape-Specialist-Polisher,Polisher,0.011515442222119929
4632,0.013670097728539223,HOG8-ML02-H1-GPS-GradientEstimation-Escape-Specialist-Exploiter,Exploiter,0.9281207101856923
4635,0.013541438046015264,HOG8-ML00-H2-GPS-GradientEstimation-Escape-Specialist-Exploiter,Exploiter,0.9411760257964699
4641,0.013431616881848402,HOG8-ML02-H1-GPS-GradientEstimation-Escape-Specialist-Exploiter,Exploiter,0.8110007503905996
4648,0.013303729221755971,HOG8-ML00-H2-GPS-GradientEstimation-Escape-Specialist-Exploiter,Exploiter,0.9521389808643138
4652,0.01318068267573777,HOG8-ML02-H1-GPS-GradientEstimation-Escape-Specialist-Exploiter,Exploiter,0.9249026642618334
4658,0.013056847615007765,HOG8-ML00-H2-GPS-GradientEstimation-Escape-Specialist-Exploiter,Exploiter,0.939519323668672
4663,0.012955569010998234,HOG8-ML02-H1-GPS-GradientEstimation-Escape-Specialist-Exploiter,Exploiter,0.7756742438589851
4668,0.012851737215178901,HOG8-ML00-H2-GPS-GradientEstimation-Escape-Specialist-Exploiter,Exploiter,0.8014452760136425
4678,0.012751713183039349,HOG8-ML02-H1-GPS-GradientEstimation-Escape-Specialist-Exploiter,Exploiter,0.7782919185541385
4680,0.012631725916478948,HOG8-ML00-H2-GPS-GradientEstimation-Escape-Specialist-Exploiter,Exploiter,0.9409501675429147
4687,0.012536308444450545,HOG8-ML02-H1-GPS-GradientEstimation-Escape-Specialist-Exploiter,Exploiter,0.7553795313427779
4692,0.012439027896049476,HOG8-ML00-H2-GPS-GradientEstimation-Escape-Specialist-Exploiter,Exploiter,0.775990386900001
4699,0.012334461379007667,HOG8-ML02-H1-GPS-GradientEstimation-Escape-Specialist-Exploiter,Exploiter,0.8406325471383375
4702,0.01224223451459773,HOG8-ML00-H2-GPS-GradientEstimation-Escape-Specialist-Exploiter,Exploiter,0.7477169985460415
4707,0.012131292507825102,HOG8-ML02-H1-GPS-GradientEstimation-Escape-Specialist-Exploiter,Exploiter,0.9062235055237715
4713,0.012036799354698879,HOG8-ML00-H2-GPS-GradientEstimation-Escape-Specialist-Exploiter,Exploiter,0.7789207379615278
4720,0.011920902987379295,HOG8-ML02-H1-GPS-GradientEstimation-Escape-Specialist-Exploiter,Exploiter,0.9628503716342194
4722,0.011862066498660681,HOG8-ML00-H2-GPS-GradientEstimation-Escape-Specialist-Refiner,Refiner,0.49355731508682027
4732,0.011739353629170925,HOG8-ML02-H1-GPS-GradientEstimation-Escape-Specialist-Exploiter,Exploiter,1.0344982428113345
4744,0.011614148165464699,HOG8-ML02-H1-GPS-GradientEstimation-Escape-Specialist-Exploiter,Exploiter,1.0665447831395503
4752,0.01149611883252685,HOG8-ML02-H1-GPS-GradientEstimation-Escape-Specialist-Exploiter,Exploiter,1.016254754600223
4768,0.011388410983540407,HOG8-ML02-H1-GPS-GradientEstimation-Escape-Specialist-Exploiter,Exploiter,0.93690619030221
4783,0.011373744394519214,HOG8-ML00-H2-GPS-GradientEstimation-Escape-Specialist-Refiner,Refiner,0.12878521017893046
4786,0.011296429064537344,HOG8-ML02-H1-GPS-GradientEstimation-Escape-Specialist-Exploiter,Exploiter,0.6797702436422466
4793,0.011222812174756255,HOG8-ML00-H2-GPS-GradientEstimation-Escape-Specialist-Exploiter,Exploiter,0.6516828403074157
4798,0.011191723997126014,HOG8-ML02-H1-GPS-GradientEstimation-Escape-Specialist-Refiner,Refiner,0.27700880266149397
4803,0.011070384554014323,HOG8-ML00-H2-GPS-GradientEstimation-Escape-Specialist-Exploiter,Exploiter,1.0841890234502807
4808,0.010998898607831833,HOG8-ML02-H1-GPS-GradientEstimation-Escape-Specialist-Exploiter,Exploiter,0.6457404061593099
4813,0.010957778369577544,HOG8-ML00-H2-GPS-GradientEstimation-Escape-Specialist-Refiner,Refiner,0.3738577808600766
4815,0.010873903055455698,HOG8-ML02-H1-GPS-GradientEstimation-Escape-Specialist-Exploiter,Exploiter,0.7654408703383835
4828,0.010714776023931179,HOG8-ML02-H1-GPS-GradientEstimation-Escape-Specialist-Exploiter,Exploiter,1.4633846808546034
4838,0.010582111906200427,HOG8-ML02-H1-GPS-GradientEstimation-Escape-Specialist-Exploiter,Exploiter,1.2381417720207093
4845,0.01050540165314492,HOG8-ML00-H2-GPS-GradientEstimation-Escape-Specialist-Exploiter,Exploiter,0.7249049503111054
4849,0.010432078608788916,HOG8-ML02-H1-GPS-GradientEstimation-Escape-Specialist-Exploiter,Exploiter,0.697955649644802
4859,0.010364730373208448,HOG8-ML00-H2-GPS-GradientEstimation-Escape-Specialist-Exploiter,Exploiter,0.6455878843141406
4860,0.010302200192701344,HOG8-ML02-H1-GPS-GradientEstimation-Escape-Specialist-Exploiter,Exploiter,0.6032977053482911
4869,0.010240442620036774,HOG8-ML00-H2-GPS-GradientEstimation-Escape-Specialist-Exploiter,Exploiter,0.5994600328997868
4872,0.010196029481379914,HOG8-ML02-H1-GPS-GradientEstimation-Escape-Specialist-Refiner,Refiner,0.4337033105381621
4879,0.010135104576507539,HOG8-ML00-H2-GPS-GradientEstimation-Escape-Specialist-Exploiter,Exploiter,0.5975355895511776
4881,0.010073010286052949,HOG8-ML02-H1-GPS-GradientEstimation-Escape-Specialist-Exploiter,Exploiter,0.6126655130773864
4890,0.010008077665549982,HOG8-ML00-H2-GPS-GradientEstimation-Escape-Specialist-Exploiter,Exploiter,0.6446198173039925
4891,0.009957383825133736,HOG8-ML02-H1-GPS-GradientEstimation-Escape-Specialist-Exploiter,Exploiter,0.5065292467777869
4900,0.00990440353029666,HOG8-ML00-H2-GPS-GradientEstimation-Escape-Specialist-Exploiter,Exploiter,0.5320704290151677
4904,0.0098385977828706,HOG8-ML02-H1-GPS-GradientEstimation-Escape-Specialist-Exploiter,Exploiter,0.6644089896455342
4914,0.00973655339768947,HOG8-ML02-H1-GPS-GradientEstimation-Escape-Specialist-Exploiter,Exploiter,1.037184235326629
4921,0.00971352638736985,HOG8-ML00-H2-GPS-GradientEstimation-Escape-Specialist-Refiner,Refiner,0.23650063199041968
4927,0.009644630358070687,HOG8-ML02-H1-GPS-GradientEstimation-Escape-Specialist-Exploiter,Exploiter,0.7092792725486974
4934,0.009608271637604417,HOG8-ML00-H2-GPS-GradientEstimation-Escape-Specialist-Refiner,Refiner,0.37698407420917895
4939,0.009546682219151628,HOG8-ML02-H1-GPS-GradientEstimation-Escape-Specialist-Exploiter,Exploiter,0.6410041345182516
4944,0.009493256587914008,HOG8-ML00-H2-GPS-GradientEstimation-Escape-Specialist-Exploiter,Exploiter,0.559625113847858
4948,0.009426295069895613,HOG8-ML02-H1-GPS-GradientEstimation-Escape-Specialist-Exploiter,Exploiter,0.7053587712318258
4959,0.00939621856457522,HOG8-ML00-H2-GPS-GradientEstimation-Escape-Specialist-Refiner,Refiner,0.31907027201437527
4961,0.009359031231419342,HOG8-ML02-H1-GPS-GradientEstimation-Escape-Specialist-Refiner,Refiner,0.3957691373429469
4968,0.00932252072465464,HOG8-ML00-H2-GPS-GradientEstimation-Escape-Specialist-Refiner,Refiner,0.3901098934485139
4974,0.009291541822454723,HOG8-ML02-H1-GPS-GradientEstimation-Escape-Specialist-Refiner,Refiner,0.33230177883100454
4983,0.009260005457301672,HOG8-ML00-H2-GPS-GradientEstimation-Escape-Specialist-Refiner,Refiner,0.3394093871141723
4993,0.009233344904911662,HOG8-ML02-H1-GPS-GradientEstimation-Escape-Specialist-Refiner,Refiner,0.28791076325973114
4998,0.009186994317575702,HOG8-ML00-H2-GPS-GradientEstimation-Escape-Specialist-Exploiter,Exploiter,0.5019912914907341
5008,0.009124728330023353,HOG8-ML00-H2-GPS-GradientEstimation-Escape-Specialist-Exploiter,Exploiter,0.6777623388013642
5023,0.009047824916850243,HOG8-ML00-H2-GPS-GradientEstimation-Escape-Specialist-Exploiter,Exploiter,0.842802222616015
5038,0.009002307334735792,HOG8-ML02-H1-GPS-GradientEstimation-Escape-Specialist-Exploiter,Exploiter,0.5030776184636455
5038,0.008933190057551502,HOG8-ML00-H2-GPS-GradientEstimation-Escape-Specialist-Exploiter,Exploiter,0.7677729121466215
5050,0.008866695179396535,HOG8-ML00-H2-GPS-GradientEstimation-Escape-Specialist-Exploiter,Exploiter,0.7443575892439145
5062,0.008787684162438303,HOG8-ML00-H2-GPS-GradientEstimation-Escape-Specialist-Exploiter,Exploiter,0.891098829492067
5071,0.008736369090743207,HOG8-ML00-H2-GPS-GradientEstimation-Escape-Specialist-Exploiter,Exploiter,0.583943058791697
5080,0.008725075124659516,HOG8-ML00-H2-GPS-GradientEstimation-Escape-Specialist-Refiner,Refiner,0.1292752854919784
5082,0.008701340862308869,HOG8-ML02-H1-GPS-GradientEstimation-Escape-Specialist-Refiner,Refiner,0.27202358732210413
5083,0.008650763027385964,HOG8-ML00-H2-GPS-GradientEstimation-Escape-Specialist-Exploiter,Exploiter,0.5812648386410189
5092,0.00862770900231661,HOG8-ML02-H1-GPS-GradientEstimation-Escape-Specialist-Refiner,Refiner,0.2664970129960974
5094,0.008577319534402432,HOG8-ML00-H2-GPS-GradientEstimation-Escape-Specialist-Exploiter,Exploiter,0.5840422747295667
5103,0.008507742766839669,HOG8-ML00-H2-GPS-GradientEstimation-Escape-Specialist-Exploiter,Exploiter,0.8111714537822761
5113,0.008450842035639157,HOG8-ML00-H2-GPS-GradientEstimation-Escape-Specialist-Exploiter,Exploiter,0.6688111378060458
5120,0.008431032930122803,HOG8-ML00-H2-GPS-GradientEstimation-Escape-Specialist-Refiner,Refiner,0.2344039260562895
5124,0.008385870812685933,HOG8-ML00-H2-GPS-GradientEstimation-Escape-Specialist-Exploiter,Exploiter,0.5356652952393677
5138,0.008361902566393036,HOG8-ML02-H1-GPS-GradientEstimation-Escape-Specialist-Refiner,Refiner,0.28581702280266696
5138,0.008331373869529271,HOG8-ML00-H2-GPS-GradientEstimation-Escape-Specialist-Refiner,Refiner,0.3650927121114917
5145,0.008265235362640918,HOG8-ML00-H2-GPS-GradientEstimation-Escape-Specialist-Exploiter,Exploiter,0.7938487448059951
5158,0.008237231002565284,HOG8-ML02-H1-GPS-GradientEstimation-Escape-Specialist-Refiner,Refiner,0.33882108429984414
5158,0.008205345724646169,HOG8-ML00-H2-GPS-GradientEstimation-Escape-Specialist-Refiner,Refiner,0.3870873344353887
5168,0.008177961805598733,HOG8-ML02-H1-GPS-GradientEstimation-Escape-Specialist-Refiner,Refiner,0.33373266607382157
5168,0.008147493687310995,HOG8-ML00-H2-GPS-GradientEstimation-Escape-Specialist-Refiner,Refiner,0.37256371467617894
5178,0.008086885193077034,HOG8-ML00-H2-GPS-GradientEstimation-Escape-Specialist-Exploiter,Exploiter,0.7438912696349018
5188,0.008040747099173516,HOG8-ML00-H2-GPS-GradientEstimation-Escape-Specialist-Exploiter,Exploiter,0.5705298492801112
5201,0.008011876780296145,HOG8-ML02-H1-GPS-GradientEstimation-Escape-Specialist-Refiner,Refiner,0.3590502041823759
5202,0.007985715420247917,HOG8-ML00-H2-GPS-GradientEstimation-Escape-Specialist-Refiner,Refiner,0.3265322316559713
5213,0.00795780808854325,HOG8-ML02-H1-GPS-GradientEstimation-Escape-Specialist-Refiner,Refiner,0.3494656425385297
5213,0.007932480647030067,HOG8-ML00-H2-GPS-GradientEstimation-Escape-Specialist-Refiner,Refiner,0.3182715797035346
5229,0.007913718622205235,HOG8-ML02-H1-GPS-GradientEstimation-Escape-Specialist-Refiner,Refiner,0.23652153291866207
5229,0.00790531724581136,HOG8-ML00-H2-GPS-GradientEstimation-Escape-Specialist-Refiner,Refiner,0.10616218234374
5229,0.007888877413902422,HOG8-ML00-H2-GPS-GradientEstimation-Escape-Specialist-Refiner,Refiner,0.20795916720038363
5237,0.007879877963922387,HOG8-ML02-H1-GPS-GradientEstimation-Escape-Specialist-Refiner,Refiner,0.11407770089284727
5240,0.007872795737031155,HOG8-ML00-H2-GPS-GradientEstimation-Escape-Specialist-Refiner,Refiner,0.08987736769093854
5256,0.007832712644912039,HOG8-ML02-H1-GPS-GradientEstimation-Escape-Specialist-Exploiter,Exploiter,0.5091341558701654
5260,0.007806848451226557,HOG8-ML02-H1-GPS-GradientEstimation-Escape-Specialist-Refiner,Refiner,0.33020736056598454
5278,0.00777369236736232,HOG8-ML02-H1-GPS-GradientEstimation-Escape-Specialist-Refiner,Refiner,0.4247051043885426
5283,0.0077440365534449974,HOG8-ML02-H1-GPS-GradientEstimation-Escape-Specialist-Refiner,Refiner,0.3814894199033613
5290,0.007730062443197029,HOG8-ML00-H2-GPS-GradientEstimation-Escape-Specialist-Refiner,Refiner,0.18044995205700798
5293,0.0077081584699879285,HOG8-ML02-H1-GPS-GradientEstimation-Escape-Specialist-Refiner,Refiner,0.28336088317601205
5298,0.0076936649867135,HOG8-ML00-H2-GPS-GradientEstimation-Escape-Specialist-Refiner,Refiner,0.18802783220997996
5303,0.007670991006971154,HOG8-ML02-H1-GPS-GradientEstimation-Escape-Specialist-Refiner,Refiner,0.2947097356266858
5311,0.007656450620815323,HOG8-ML00-H2-GPS-GradientEstimation-Escape-Specialist-Refiner,Refiner,0.1895502959476415
5319,0.007629837821446633,HOG8-ML02-H1-GPS-GradientEstimation-Escape-Specialist-Refiner,Refiner,0.3475866388576781
5324,0.007615967072636494,HOG8-ML00-H2-GPS-GradientEstimation-Escape-Specialist-Refiner,Refiner,0.18179611591678455
5329,0.007591438836967336,HOG8-ML02-H1-GPS-GradientEstimation-Escape-Specialist-Refiner,Refiner,0.3220633103481365
5332,0.0075839169782024075,HOG8-ML00-H2-GPS-GradientEstimation-Escape-Specialist-Refiner,Refiner,0.09908344026036763
5339,0.007558676933347963,HOG8-ML02-H1-GPS-GradientEstimation-Escape-Specialist-Refiner,Refiner,0.3328101418698222
5345,0.007546141296498457,HOG8-ML00-H2-GPS-GradientEstimation-Escape-Specialist-Refiner,Refiner,0.16584432646141906
5349,0.007523132462964876,HOG8-ML02-H1-GPS-GradientEstimation-Escape-Specialist-Refiner,Refiner,0.3049085967189321
5355,0.007508324277585896,HOG8-ML00-H2-GPS-GradientEstimation-Escape-Specialist-Refiner,Refiner,0.19683536680867425
5359,0.007478512715502107,HOG8-ML02-H1-GPS-GradientEstimation-Escape-Specialist-Refiner,Refiner,0.39704681073490616
5364,0.007474059914321009,HOG8-ML00-H2-GPS-GradientEstimation-Escape-Specialist-Refiner,Refiner,0.05954126643213632
5373,0.007459765752714051,HOG8-ML00-H2-GPS-GradientEstimation-Escape-Specialist-Refiner,Refiner,0.19125029462994594
5373,0.007442806303469567,HOG8-ML02-H1-GPS-GradientEstimation-Escape-Specialist-Refiner,Refiner,0.22734560047430133
5380,0.007430020147603033,HOG8-ML00-H2-GPS-GradientEstimation-Escape-Specialist-Refiner,Refiner,0.17179213518660993
5383,0.007415560728474201,HOG8-ML02-H1-GPS-GradientEstimation-Escape-Specialist-Refiner,Refiner,0.19460807429299742
5390,0.007395129256851558,HOG8-ML00-H2-GPS-GradientEstimation-Escape-Specialist-Refiner,Refiner,0.27552160073601334
5390,0.00738424090102277,HOG8-ML02-H1-GPS-GradientEstimation-Escape-Specialist-Refiner,Refiner,0.14723685618746946
5398,0.007373395610509283,HOG8-ML00-H2-GPS-GradientEstimation-Escape-Specialist-Refiner,Refiner,0.14687075704672853
5402,0.007363533487112344,HOG8-ML00-H2-GPS-GradientEstimation-Escape-Specialist-Refiner,Refiner,0.13375280424236488
5407,0.007345104596882611,HOG8-ML02-H1-GPS-GradientEstimation-Escape-Specialist-Refiner,Refiner,0.25027237618986964
5407,0.007340506862310322,HOG8-ML00-H2-GPS-GradientEstimation-Escape-Specialist-Refiner,Refiner,0.06259590332096908
5415,0.007312492144059533,HOG8-ML02-H1-GPS-GradientEstimation-Escape-Specialist-Refiner,Refiner,0.38164555631206304
5421,0.0073095932737871705,HOG8-ML00-H2-GPS-GradientEstimation-Escape-Specialist-Polisher,Polisher,0.03964271298010569
5427,0.007303790800766783,HOG8-ML00-H2-GPS-GradientEstimation-Escape-Specialist-Refiner,Refiner,0.07938161267051407
5427,0.007286465584835394,HOG8-ML02-H1-GPS-GradientEstimation-Escape-Specialist-Refiner,Refiner,0.2372085455893626
5432,0.007282095113037022,HOG8-ML00-H2-GPS-GradientEstimation-Escape-Specialist-Refiner,Refiner,0.05998068264355731
5437,0.007261946067310798,HOG8-ML02-H1-GPS-GradientEstimation-Escape-Specialist-Refiner,Refiner,0.27669297658790604
5442,0.007251019049574864,HOG8-ML00-H2-GPS-GradientEstimation-Escape-Specialist-Refiner,Refiner,0.15046955230252484
5448,0.00723200161011626,HOG8-ML02-H1-GPS-GradientEstimation-Escape-Specialist-Refiner,Refiner,0.2622726451079946
5454,0.007220309326209202,HOG8-ML00-H2-GPS-GradientEstimation-Escape-Specialist-Refiner,Refiner,0.1616742436935022
5461,0.0072013061860694075,HOG8-ML02-H1-GPS-GradientEstimation-Escape-Specialist-Refiner,Refiner,0.26319011113297847
5463,0.007191690391885239,HOG8-ML00-H2-GPS-GradientEstimation-Escape-Specialist-Refiner,Refiner,0.13352847297021664
5471,0.007172400540536172,HOG8-ML02-H1-GPS-GradientEstimation-Escape-Specialist-Refiner,Refiner,0.26822416285930456
5474,0.007167523965322473,HOG8-ML00-H2-GPS-GradientEstimation-Escape-Specialist-Refiner,Refiner,0.06799083774167171
5481,0.007150252164531896,HOG8-ML02-H1-GPS-GradientEstimation-Escape-Specialist-Refiner,Refiner,0.24097304556135002
5489,0.007138971456583852,HOG8-ML00-H2-GPS-GradientEstimation-Escape-Specialist-Refiner,Refiner,0.15776657505871677
5492,0.007120887644387369,HOG8-ML02-H1-GPS-GradientEstimation-Escape-Specialist-Refiner,Refiner,0.2533111710343864
5500,0.007111278041098225,HOG8-ML00-H2-GPS-GradientEstimation-Escape-Specialist-Refiner,Refiner,0.13494951428869104
5505,0.007088572709236565,HOG8-ML02-H1-GPS-GradientEstimation-Escape-Specialist-Refiner,Refiner,0.31928623421049174
5509,0.00708496342883613,HOG8-ML00-H2-GPS-GradientEstimation-Escape-Specialist-Refiner,Refiner,0.050916884801528166
5518,0.007067223177966742,HOG8-ML02-H1-GPS-GradientEstimation-Escape-Specialist-Refiner,Refiner,0.25039297729025084
5518,0.0070641594096163655,HOG8-ML00-H2-GPS-GradientEstimation-Escape-Specialist-Polisher,Polisher,0.04335179848187602
5528,0.0070497604188530065,HOG8-ML02-H1-GPS-GradientEstimation-Escape-Specialist-Refiner,Refiner,0.20383162282207062
5539,0.007039285257422022,HOG8-ML00-H2-GPS-GradientEstimation-Escape-Specialist-Refiner,Refiner,0.14858889960247157
5551,0.007017552677760367,HOG8-ML00-H2-GPS-GradientEstimation-Escape-Specialist-Refiner,Refiner,0.30873276003044864
5560,0.007003864855025268,HOG8-ML00-H2-GPS-GradientEstimation-Escape-Specialist-Refiner,Refiner,0.19505122887751952
5575,0.006988147563510787,HOG8-ML00-H2-GPS-GradientEstimation-Escape-Specialist-Refiner,Refiner,0.2244088348335844
5588,0.006984586924001444,HOG8-ML02-H1-GPS-GradientEstimation-Escape-Specialist-Refiner,Refiner,0.05095255183125941
5588,0.006971880637856759,HOG8-ML00-H2-GPS-GradientEstimation-Escape-Specialist-Refiner,Refiner,0.18191893497697786
5598,0.006961476632331441,HOG8-ML02-H1-GPS-GradientEstimation-Escape-Specialist-Refiner,Refiner,0.1492281073893526
5598,0.00694899360304042,HOG8-ML00-H2-GPS-GradientEstimation-Escape-Specialist-Refiner,Refiner,0.17931582551100397
5608,0.006937487017615476,HOG8-ML02-H1-GPS-GradientEstimation-Escape-Specialist-Refiner,Refiner,0.1655863580002402
5608,0.006925719979326612,HOG8-ML00-H2-GPS-GradientEstimation-Escape-Specialist-Refiner,Refiner,0.16961528373292895
5620,0.006903084389025539,HOG8-ML00-H2-GPS-GradientEstimation-Escape-Specialist-Refiner,Refiner,0.3268337496843833
5629,0.006881549556032382,HOG8-ML00-H2-GPS-GradientEstimation-Escape-Specialist-Refiner,Refiner,0.31195957892956144
5640,0.006877723273366852,HOG8-ML02-H1-GPS-GradientEstimation-Escape-Specialist-Refiner,Refiner,0.05560205059013082
5644,0.006856264612973083,HOG8-ML00-H2-GPS-GradientEstimation-Escape-Specialist-Refiner,Refiner,0.3120023813238529
5652,0.006838833233449147,HOG8-ML00-H2-GPS-GradientEstimation-Escape-Specialist-Refiner,Refiner,0.2542401804468423
5664,0.00681891053583947,HOG8-ML00-H2-GPS-GradientEstimation-Escape-Specialist-Refiner,Refiner,0.2913172017740372
5672,0.006802248794002748,HOG8-ML00-H2-GPS-GradientEstimation-Escape-Specialist-Refiner,Refiner,0.24434609823885098
5684,0.00678367365934253,HOG8-ML00-H2-GPS-GradientEstimation-Escape-Specialist-Refiner,Refiner,0.27307343825170705
5699,0.006767289610706115,HOG8-ML00-H2-GPS-GradientEstimation-Escape-Specialist-Refiner,Refiner,0.24152176916486043
5709,0.006748038810730133,HOG8-ML00-H2-GPS-GradientEstimation-Escape-Specialist-Refiner,Refiner,0.28446839256778395
5716,0.00673240121278763,HOG8-ML00-H2-GPS-GradientEstimation-Escape-Specialist-Refiner,Refiner,0.23173544760348813
5729,0.006711561899837951,HOG8-ML00-H2-GPS-GradientEstimation-Escape-Specialist-Refiner,Refiner,0.30953759722603275
5743,0.0066947634260082056,HOG8-ML00-H2-GPS-GradientEstimation-Escape-Specialist-Refiner,Refiner,0.25029157266881735
5750,0.006680139245166113,HOG8-ML00-H2-GPS-GradientEstimation-Escape-Specialist-Refiner,Refiner,0.21844208542574797
5764,0.0066671853831096,HOG8-ML00-H2-GPS-GradientEstimation-Escape-Specialist-Refiner,Refiner,0.19391604846989138
5773,0.0066638612395310175,HOG8-ML02-H1-GPS-GradientEstimation-Escape-Specialist-Polisher,Polisher,0.04985827433273678
5774,0.00664689030160673,HOG8-ML00-H2-GPS-GradientEstimation-Escape-Specialist-Refiner,Refiner,0.2546712381046204
5788,0.006631066375417272,HOG8-ML00-H2-GPS-GradientEstimation-Escape-Specialist-Refiner,Refiner,0.23806510219723767
5797,0.006615970881254891,HOG8-ML00-H2-GPS-GradientEstimation-Escape-Specialist-Refiner,Refiner,0.22764806303768806
5806,0.006602694259728939,HOG8-ML00-H2-GPS-GradientEstimation-Escape-Specialist-Refiner,Refiner,0.2006753319239752
5820,0.00658684292157326,HOG8-ML00-H2-GPS-GradientEstimation-Escape-Specialist-Refiner,Refiner,0.24007378703507373
5831,0.006580694878098678,HOG8-ML00-H2-GPS-GradientEstimation-Escape-Specialist-Refiner,Refiner,0.09333824334031755
5840,0.006572576289460813,HOG8-ML00-H2-GPS-GradientEstimation-Escape-Specialist-Refiner,Refiner,0.12336977763373125
5859,0.006563130280122843,HOG8-ML00-H2-GPS-GradientEstimation-Escape-Specialist-Refiner,Refiner,0.1437185195266128
5869,0.0065560576353094705,HOG8-ML00-H2-GPS-GradientEstimation-Escape-Specialist-Refiner,Refiner,0.10776328537607388
5878,0.006553898153145828,HOG8-ML02-H1-GPS-GradientEstimation-Escape-Specialist-Polisher,Polisher,0.032938730617798354
5878,0.006549468860216773,HOG8-ML00-H2-GPS-GradientEstimation-Escape-Specialist-Refiner,Refiner,0.06758257186113506
5888,0.006545970297835608,HOG8-ML02-H2-GPS-GradientEstimation-Escape-Specialist-Refiner,Refiner,0.05341749775186344
5888,0.006535056234787546,HOG8-ML00-H2-GPS-GradientEstimation-Escape-Specialist-Refiner,Refiner,0.1667294923667792
5900,0.006532408924089781,HOG8-ML02-H2-GPS-GradientEstimation-Escape-Specialist-Polisher,Polisher,0.040509378996201426
5903,0.006526383463981217,HOG8-ML02-H1-GPS-GradientEstimation-Escape-Specialist-Refiner,Refiner,0.09223948130900972
5903,0.006521789467420387,HOG8-ML00-H2-GPS-GradientEstimation-Escape-Specialist-Refiner,Refiner,0.07039115286719216
5913,0.0065130793053987624,HOG8-ML02-H1-GPS-GradientEstimation-Escape-Specialist-Refiner,Refiner,0.13355478684395383
5913,0.006510590831679422,HOG8-ML00-H2-GPS-GradientEstimation-Escape-Specialist-Polisher,Polisher,0.03820733024512821
5923,0.006500541207964769,HOG8-ML02-H1-GPS-GradientEstimation-Escape-Specialist-Refiner,Refiner,0.15435809090863017
5923,0.006497914331797071,HOG8-ML00-H2-GPS-GradientEstimation-Escape-Specialist-Polisher,Polisher,0.04041011484519495
5933,0.006497231991026779,HOG8-ML02-H2-GPS-GradientEstimation-Escape-Specialist-Polisher,Polisher,0.010500919763643556
5933,0.006487938493099216,HOG8-ML00-H2-GPS-GradientEstimation-Escape-Specialist-Refiner,Refiner,0.14303780348920314
5947,0.0064780506952210395,HOG8-ML02-H1-GPS-GradientEstimation-Escape-Specialist-Refiner,Refiner,0.1524027684401416
5947,0.006474946611047612,HOG8-ML00-H2-GPS-GradientEstimation-Escape-Specialist-Polisher,Polisher,0.047916947851568095
5955,0.006466994243460046,HOG8-ML02-H1-GPS-GradientEstimation-Escape-Specialist-Refiner,Refiner,0.12281750051804587
5957,0.006464716010454387,HOG8-ML00-H2-GPS-GradientEstimation-Escape-Specialist-Polisher,Polisher,0.03522862275565854
5967,0.006457004200005006,HOG8-ML02-H1-GPS-GradientEstimation-Escape-Specialist-Refiner,Refiner,0.11929078457444614
5971,0.006455331997043525,HOG8-ML00-H2-GPS-GradientEstimation-Escape-Specialist-Polisher,Polisher,0.02589750462730013
5980,0.006443130254470662,HOG8-ML00-H2-GPS-GradientEstimation-Escape-Specialist-Refiner,Refiner,0.18901804862169122
5990,0.00643686778471725,HOG8-ML02-H2-GPS-GradientEstimation-Escape-Specialist-Refiner,Refiner,0.09719607560418546
5991,0.006434203174401835,HOG8-ML02-H1-GPS-GradientEstimation-Escape-Specialist-Polisher,Polisher,0.041396070333171914
5995,0.006431805460979892,HOG8-ML00-H2-GPS-GradientEstimation-Escape-Specialist-Polisher,Polisher,0.037265118258661335
6002,0.006424460243252739,HOG8-ML02-H1-GPS-GradientEstimation-Escape-Specialist-Refiner,Refiner,0.11420149088330546
6003,0.006420979686432161,HOG8-ML00-H2-GPS-GradientEstimation-Escape-Specialist-Refiner,Refiner,0.05417664190907061
6013,0.006414963733286474,HOG8-ML02-H1-GPS-GradientEstimation-Escape-Specialist-Refiner,Refiner,0.09369213795208253
6016,0.006411904867740399,HOG8-ML00-H2-GPS-GradientEstimation-Escape-Specialist-Polisher,Polisher,0.04768328665995506
6024,0.006405875894988363,HOG8-ML02-H1-GPS-GradientEstimation-Escape-Specialist-Refiner,Refiner,0.09402779480352191
6024,0.006402193873959594,HOG8-ML00-H2-GPS-GradientEstimation-Escape-Specialist-Refiner,Refiner,0.05747880678814394
6034,0.006400428931299682,HOG8-ML02-H2-GPS-GradientEstimation-Escape-Specialist-Polisher,Polisher,0.027567779024798802
6044,0.0063912753289927585,HOG8-ML02-H2-GPS-GradientEstimation-Escape-Specialist-Refiner,Refiner,0.14301545107641403
6044,0.006388734728718691,HOG8-ML00-H2-GPS-GradientEstimation-Escape-Specialist-Polisher,Polisher,0.039751069126096966
6058,0.006383396042697076,HOG8-ML02-H1-GPS-GradientEstimation-Escape-Specialist-Refiner,Refiner,0.08356405842954437
6058,0.006379943734921124,HOG8-ML00-H2-GPS-GradientEstimation-Escape-Specialist-Refiner,Refiner,0.05408261923372353
6068,0.006372264674408763,HOG8-ML02-H2-GPS-GradientEstimation-Escape-Specialist-Refiner,Refiner,0.12036251151132925
6068,0.006370135722967522,HOG8-ML00-H2-GPS-GradientEstimation-Escape-Specialist-Polisher,Polisher,0.03340965182741681
6074,0.006363712461732735,HOG8-ML02-H1-GPS-GradientEstimation-Escape-Specialist-Refiner,Refiner,0.10083397770674703
6078,0.006358600007093533,HOG8-ML00-H2-GPS-GradientEstimation-Escape-Specialist-Refiner,Refiner,0.08033761220270377
6087,0.006353609248703547,HOG8-ML02-H1-GPS-GradientEstimation-Escape-Specialist-Refiner,Refiner,0.07848832108354808
6087,0.0063488233673185904,HOG8-ML00-H2-GPS-GradientEstimation-Escape-Specialist-Refiner,Refiner,0.07532539691409419
6100,0.0063394299619115866,HOG8-ML00-H2-GPS-GradientEstimation-Escape-Specialist-Refiner,Refiner,0.1479550597573351
6110,0.0063303878657005735,HOG8-ML00-H2-GPS-GradientEstimation-Escape-Specialist-Refiner,Refiner,0.14263263834981266
6122,0.006323057053395187,HOG8-ML00-H2-GPS-GradientEstimation-Escape-Specialist-Refiner,Refiner,0.11580352516955238
6135,0.0063131833961991525,HOG8-ML00-H2-GPS-GradientEstimation-Escape-Specialist-Refiner,Refiner,0.15615322007465568
6149,0.006309777916822042,HOG8-ML00-H2-GPS-GradientEstimation-Escape-Specialist-Refiner,Refiner,0.05394234831132765
6163,0.006305776690886739,HOG8-ML02-H1-GPS-GradientEstimation-Escape-Specialist-Refiner,Refiner,0.06341310245857007
6168,0.006304673649687206,HOG8-ML02-H2-GPS-GradientEstimation-Escape-Specialist-Polisher,Polisher,0.0174925509355129
6177,0.006300983167429442,HOG8-ML02-H1-GPS-GradientEstimation-Escape-Specialist-Refiner,Refiner,0.05853565882743147
6177,0.006299746339971136,HOG8-ML00-H2-GPS-GradientEstimation-Escape-Specialist-Polisher,Polisher,0.019629118590571606
6180,0.00629897628089577,HOG8-ML02-H2-GPS-GradientEstimation-Escape-Specialist-Polisher,Polisher,0.012223652093417765
6189,0.006292919623251959,HOG8-ML02-H1-GPS-GradientEstimation-Escape-Specialist-Refiner,Refiner,0.09615304731627866
6190,0.006289922233298736,HOG8-ML00-H2-GPS-GradientEstimation-Escape-Specialist-Polisher,Polisher,0.04763114949295646
6199,0.006286120721115585,HOG8-ML02-H1-GPS-GradientEstimation-Escape-Specialist-Refiner,Refiner,0.060438142828318504
6202,0.006282271024891294,HOG8-ML02-H2-GPS-GradientEstimation-Escape-Specialist-Refiner,Refiner,0.06124120733729575
6204,0.006281784938293813,HOG8-ML00-H2-GPS-GradientEstimation-Escape-Specialist-Polisher,Polisher,0.007737434369753191
6209,0.006280395756514147,HOG8-ML02-H1-GPS-GradientEstimation-Escape-Specialist-Polisher,Polisher,0.022114443479234486
6214,0.00627573910679766,HOG8-ML02-H2-GPS-GradientEstimation-Escape-Specialist-Refiner,Refiner,0.07414580063138261
6214,0.006273989320855827,HOG8-ML00-H2-GPS-GradientEstimation-Escape-Specialist-Polisher,Polisher,0.027881750851269198
6219,0.0062739771710313,HOG8-ML02-H1-GPS-GradientEstimation-Escape-Specialist-Polisher,Polisher,0.0001936538923693097
6224,0.006268122050077933,HOG8-ML02-H2-GPS-GradientEstimation-Escape-Specialist-Refiner,Refiner,0.0933239123087945
6224,0.006267640661561434,HOG8-ML00-H2-GPS-GradientEstimation-Escape-Specialist-Polisher,Polisher,0.00767994803951626
6231,0.0062665154686603235,HOG8-ML02-H1-GPS-GradientEstimation-Escape-Specialist-Polisher,Polisher,0.017952415619659323
6239,0.006262041443699609,HOG8-ML02-H2-GPS-GradientEstimation-Escape-Specialist-Refiner,Refiner,0.07139573791990274
6239,0.0062606240250046375,HOG8-ML00-H2-GPS-GradientEstimation-Escape-Specialist-Polisher,Polisher,0.022635089654304972
6240,0.006259098232818282,HOG8-ML02-H1-GPS-GradientEstimation-Escape-Specialist-Polisher,Polisher,0.024371247662553303
6249,0.006254243026135589,HOG8-ML02-H2-GPS-GradientEstimation-Escape-Specialist-Refiner,Refiner,0.0775703863734883
6249,0.006253773635461816,HOG8-ML00-H2-GPS-GradientEstimation-Escape-Specialist-Polisher,Polisher,0.0075051556489197264
6251,0.006252681678636062,HOG8-ML02-H1-GPS-GradientEstimation-Escape-Specialist-Polisher,Polisher,0.017460766721105466
6255,0.0062474537178972556,HOG8-ML00-H2-GPS-GradientEstimation-Escape-Specialist-Refiner,Refiner,0.08361149675456751
6262,0.006245146920011854,HOG8-ML02-H1-GPS-GradientEstimation-Escape-Specialist-Polisher,Polisher,0.036923809115914856
6268,0.006239811521010495,HOG8-ML02-H2-GPS-GradientEstimation-Escape-Specialist-Refiner,Refiner,0.08543272191503773
6268,0.006239095349853347,HOG8-ML00-H2-GPS-GradientEstimation-Escape-Specialist-Polisher,Polisher,0.011477448553316805
6273,0.00623862400488548,HOG8-ML02-H1-GPS-GradientEstimation-Escape-Specialist-Polisher,Polisher,0.007554700504424944
6282,0.006233565961224202,HOG8-ML00-H2-GPS-GradientEstimation-Escape-Specialist-Refiner,Refiner,0.08107627030122742
6282,0.006232342059310366,HOG8-ML02-H2-GPS-GradientEstimation-Escape-Specialist-Polisher,Polisher,0.019634057318864705
6284,0.006232320922347094,HOG8-ML02-H1-GPS-GradientEstimation-Escape-Specialist-Polisher,Polisher,0.00033914960171513086
6291,0.006226803846438011,HOG8-ML00-H2-GPS-GradientEstimation-Escape-Specialist-Refiner,Refiner,0.08852361708942819
6291,0.0062256159544365084,HOG8-ML02-H2-GPS-GradientEstimation-Escape-Specialist-Polisher,Polisher,0.019077074383550437
6300,0.006221020261170237,HOG8-ML00-H2-GPS-GradientEstimation-Escape-Specialist-Refiner,Refiner,0.07381909356288281
6300,0.006220098314655894,HOG8-ML02-H2-GPS-GradientEstimation-Escape-Specialist-Polisher,Polisher,0.014819860338633896
6308,0.006219824398471023,HOG8-ML02-H1-GPS-GradientEstimation-Escape-Specialist-Polisher,Polisher,0.004403727578148383
6312,0.006212730680404338,HOG8-ML02-H2-GPS-GradientEstimation-Escape-Specialist-Refiner,Refiner,0.11405013409106193
6322,0.006209732985998803,HOG8-ML00-H1-GPS-GradientEstimation-Escape-Specialist-Polisher,Polisher,0.048250834612711
6327,0.006206001934252383,HOG8-ML02-H2-GPS-GradientEstimation-Escape-Specialist-Refiner,Refiner,0.06008393202788042
6332,0.006204683688112602,HOG8-ML00-H1-GPS-GradientEstimation-Escape-Specialist-Polisher,Polisher,0.02124147162289581
6337,0.0062007465465855885,HOG8-ML02-H2-GPS-GradientEstimation-Escape-Specialist-Refiner,Refiner,0.06345434714999254
6343,0.006199327966995219,HOG8-ML00-H1-GPS-GradientEstimation-Escape-Specialist-Polisher,Polisher,0.022877561269623484
6347,0.006195696464368275,HOG8-ML02-H2-GPS-GradientEstimation-Escape-Specialist-Refiner,Refiner,0.05857897253182711
6357,0.006189693641622831,HOG8-ML02-H2-GPS-GradientEstimation-Escape-Specialist-Refiner,Refiner,0.09688697275547524
6367,0.006183722770736781,HOG8-ML02-H2-GPS-GradientEstimation-Escape-Specialist-Refiner,Refiner,0.09646472397112944
6377,0.006180227135200597,HOG8-ML00-H2-GPS-GradientEstimation-Escape-Specialist-Refiner,Refiner,0.05652962892718971
6380,0.0061779791515911425,HOG8-ML02-H2-GPS-GradientEstimation-Escape-Specialist-Polisher,Polisher,0.03637380245542864
6391,0.006172902638835351,HOG8-ML02-H2-GPS-GradientEstimation-Escape-Specialist-Refiner,Refiner,0.08217108914140721
6401,0.006168238150312399,HOG8-ML02-H2-GPS-GradientEstimation-Escape-Specialist-Refiner,Refiner,0.07556394124226606
6411,0.006163595420070304,HOG8-ML02-H2-GPS-GradientEstimation-Escape-Specialist-Refiner,Refiner,0.07526833641888435
6423,0.006158392939238446,HOG8-ML02-H2-GPS-GradientEstimation-Escape-Specialist-Refiner,Refiner,0.08440659188819134
6435,0.006154607426861104,HOG8-ML02-H2-GPS-GradientEstimation-Escape-Specialist-Refiner,Refiner,0.061469159481891356
6450,0.00615039989685982,HOG8-ML02-H2-GPS-GradientEstimation-Escape-Specialist-Refiner,Refiner,0.06836390543645197
6458,0.006147845604288133,HOG8-ML02-H2-GPS-GradientEstimation-Escape-Specialist-Polisher,Polisher,0.041530512072730855
6471,0.006144304979550338,HOG8-ML02-H2-GPS-GradientEstimation-Escape-Specialist-Refiner,Refiner,0.05759130865819974
6479,0.006141986619741054,HOG8-ML02-H2-GPS-GradientEstimation-Escape-Specialist-Polisher,Polisher,0.0377318478981797
6490,0.006141501825696268,HOG8-ML00-H2-GPS-GradientEstimation-Escape-Specialist-Polisher,Polisher,0.007893114635380625
6492,0.006139452069519784,HOG8-ML02-H2-GPS-GradientEstimation-Escape-Specialist-Polisher,Polisher,0.033375487538042384
6498,0.0061358909464022185,HOG8-ML00-H1-GPS-GradientEstimation-Escape-Specialist-Refiner,Refiner,0.05800392408380152
6501,0.006135225009758812,HOG8-ML02-H2-GPS-GradientEstimation-Escape-Specialist-Polisher,Polisher,0.010853136883029583
6509,0.006134948339737548,HOG8-ML02-H1-GPS-GradientEstimation-Escape-Specialist-Polisher,Polisher,0.004509533404621078
6509,0.006130933881495651,HOG8-ML00-H1-GPS-GradientEstimation-Escape-Specialist-Refiner,Refiner,0.06543589317443854
6512,0.006130634773233055,HOG8-ML02-H2-GPS-GradientEstimation-Escape-Specialist-Polisher,Polisher,0.004878673761240774
6519,0.0061270706118592595,HOG8-ML00-H1-GPS-GradientEstimation-Escape-Specialist-Refiner,Refiner,0.058136905975169934
6526,0.006125995739799922,HOG8-ML02-H2-GPS-GradientEstimation-Escape-Specialist-Polisher,Polisher,0.017543001010251337
6533,0.006122294529259054,HOG8-ML00-H1-GPS-GradientEstimation-Escape-Specialist-Refiner,Refiner,0.06041810504082277
6539,0.006121169445481284,HOG8-ML02-H2-GPS-GradientEstimation-Escape-Specialist-Polisher,Polisher,0.01837683196051439
6544,0.006120157320018256,HOG8-ML00-H2-GPS-GradientEstimation-Escape-Specialist-Polisher,Polisher,0.016534838188069407
6549,0.006117325357299891,HOG8-ML02-H2-GPS-GradientEstimation-Escape-Specialist-Polisher,Polisher,0.046272711145874
6549,0.006116932448365096,HOG8-ML00-H1-GPS-GradientEstimation-Escape-Specialist-Polisher,Polisher,0.006422887648535065
6555,0.006115824939826367,HOG8-ML00-H2-GPS-GradientEstimation-Escape-Specialist-Polisher,Polisher,0.018105619901451694
6559,0.00611296617404045,HOG8-ML02-H2-GPS-GradientEstimation-Escape-Specialist-Polisher,Polisher,0.04674374780253537
6559,0.006112629047483711,HOG8-ML00-H1-GPS-GradientEstimation-Escape-Specialist-Polisher,Polisher,0.005514942290540735
6568,0.006111182030443646,HOG8-ML00-H2-GPS-GradientEstimation-Escape-Specialist-Polisher,Polisher,0.023672580633060276
6570,0.0061076444542359845,HOG8-ML00-H1-GPS-GradientEstimation-Escape-Specialist-Refiner,Refiner,0.057886938893951925
6579,0.006106796442609999,HOG8-ML00-H2-GPS-GradientEstimation-Escape-Specialist-Polisher,Polisher,0.013884430116050653
6581,0.006104467701235529,HOG8-ML02-H2-GPS-GradientEstimation-Escape-Specialist-Polisher,Polisher,0.0381336007570373
6582,0.00610429565081586,HOG8-ML00-H1-GPS-GradientEstimation-Escape-Specialist-Polisher,Polisher,0.002818434433440034
6593,0.006100101964096725,HOG8-ML02-H2-GPS-GradientEstimation-Escape-Specialist-Refiner,Refiner,0.06870058331093024
6593,0.006099940545416289,HOG8-ML00-H1-GPS-GradientEstimation-Escape-Specialist-Polisher,Polisher,0.0026461636442493015
6609,0.006096236390209318,HOG8-ML02-H2-GPS-GradientEstimation-Escape-Specialist-Refiner,Refiner,0.060724447712118226
6609,0.006095813516240278,HOG8-ML00-H1-GPS-GradientEstimation-Escape-Specialist-Polisher,Polisher,0.006936639952456022
6615,0.006092554241452499,HOG8-ML00-H1-GPS-GradientEstimation-Escape-Specialist-Refiner,Refiner,0.05346742939390001
6622,0.006091680057456458,HOG8-ML00-H2-GPS-GradientEstimation-Escape-Specialist-Polisher,Polisher,0.014348399068694746
6627,0.006088002723826934,HOG8-ML02-H2-GPS-GradientEstimation-Escape-Specialist-Refiner,Refiner,0.06036649323077169
6638,0.006084286072331587,HOG8-ML02-H2-GPS-GradientEstimation-Escape-Specialist-Refiner,Refiner,0.06104878174249653
6647,0.006080942008380007,HOG8-ML00-H1-GPS-GradientEstimation-Escape-Specialist-Refiner,Refiner,0.054962306371278025
6650,0.006080107367189599,HOG8-ML02-H2-GPS-GradientEstimation-Escape-Specialist-Polisher,Polisher,0.013725524585792204
6660,0.00607723419142206,HOG8-ML00-H1-GPS-GradientEstimation-Escape-Specialist-Polisher,Polisher,0.04725534590135154
6662,0.006076263412115132,HOG8-ML02-H2-GPS-GradientEstimation-Escape-Specialist-Polisher,Polisher,0.015974031547090466
6670,0.00607435133791296,HOG8-ML00-H1-GPS-GradientEstimation-Escape-Specialist-Polisher,Polisher,0.03146792810791498
6671,0.006072655921833314,HOG8-ML02-H2-GPS-GradientEstimation-Escape-Specialist-Polisher,Polisher,0.027911063837614984
6684,0.006069164738277389,HOG8-ML02-H2-GPS-GradientEstimation-Escape-Specialist-Refiner,Refiner,0.05749022504919486
6694,0.006066169410686039,HOG8-ML00-H1-GPS-GradientEstimation-Escape-Specialist-Polisher,Polisher,0.04935320955220062
6698,0.006065699579734131,HOG8-ML02-H2-GPS-GradientEstimation-Escape-Specialist-Polisher,Polisher,0.007745101069544838
6704,0.006063276146901508,HOG8-ML00-H1-GPS-GradientEstimation-Escape-Specialist-Polisher,Polisher,0.03995306395853177
6706,0.006062426672688458,HOG8-ML02-H2-GPS-GradientEstimation-Escape-Specialist-Polisher,Polisher,0.014010152143306602
6715,0.006060370164520876,HOG8-ML00-H1-GPS-GradientEstimation-Escape-Specialist-Polisher,Polisher,0.033922194504170305
6719,0.006059098905254502,HOG8-ML02-H2-GPS-GradientEstimation-Escape-Specialist-Polisher,Polisher,0.020976594364087598
6728,0.006057557533776801,HOG8-ML00-H1-GPS-GradientEstimation-Escape-Specialist-Polisher,Polisher,0.025438955557635954
6732,0.006055795486698468,HOG8-ML02-H2-GPS-GradientEstimation-Escape-Specialist-Polisher,Polisher,0.02908840846344514
6737,0.006053970097037128,HOG8-ML00-H1-GPS-GradientEstimation-Escape-Specialist-Polisher,Polisher,0.03014285514346632
6739,0.00605269681925236,HOG8-ML02-H2-GPS-GradientEstimation-Escape-Specialist-Polisher,Polisher,0.02103211222320019
6750,0.006050034722427718,HOG8-ML02-H2-GPS-GradientEstimation-Escape-Specialist-Polisher,Polisher,0.043981995202121794
6765,0.0060465106379879695,HOG8-ML02-H2-GPS-GradientEstimation-Escape-Specialist-Refiner,Refiner,0.05824899527740257
6779,0.0060439886595711825,HOG8-ML02-H2-GPS-GradientEstimation-Escape-Specialist-Polisher,Polisher,0.0417096498754554
6793,0.006042113188131559,HOG8-ML02-H2-GPS-GradientEstimation-Escape-Specialist-Polisher,Polisher,0.031030360003300447
6802,0.006040028956865085,HOG8-ML02-H2-GPS-GradientEstimation-Escape-Specialist-Polisher,Polisher,0.03449507153504121
6818,0.006037716284862041,HOG8-ML02-H2-GPS-GradientEstimation-Escape-Specialist-Polisher,Polisher,0.03828908800867394
6824,0.006035420070772323,HOG8-ML02-H2-GPS-GradientEstimation-Escape-Specialist-Polisher,Polisher,0.0380311690941144
6838,0.006033076291975154,HOG8-ML02-H2-GPS-GradientEstimation-Escape-Specialist-Polisher,Polisher,0.03883373103586579
6847,0.0060304169082165135,HOG8-ML02-H2-GPS-GradientEstimation-Escape-Specialist-Polisher,Polisher,0.04408006181155069
6858,0.0060277492260942134,HOG8-ML02-H2-GPS-GradientEstimation-Escape-Specialist-Polisher,Polisher,0.04423710935582806
6867,0.006025230319106054,HOG8-ML02-H2-GPS-GradientEstimation-Escape-Specialist-Polisher,Polisher,0.04178851663660188
6881,0.00602321947182362,HOG8-ML02-H2-GPS-GradientEstimation-Escape-Specialist-Polisher,Polisher,0.033373782842095016
6889,0.006020515841265409,HOG8-ML02-H2-GPS-GradientEstimation-Escape-Specialist-Polisher,Polisher,0.044886801333717904
6902,0.006018125522862702,HOG8-ML02-H2-GPS-GradientEstimation-Escape-Specialist-Polisher,Polisher,0.039702883701810146
6915,0.006015766399334325,HOG8-ML02-H2-GPS-GradientEstimation-Escape-Specialist-Polisher,Polisher,0.039200304470468475
6924,0.006013426819629204,HOG8-ML02-H2-GPS-GradientEstimation-Escape-Specialist-Polisher,Polisher,0.03889080043700011
6939,0.006011054995963091,HOG8-ML02-H2-GPS-GradientEstimation-Escape-Specialist-Polisher,Polisher,0.039442130706084474
6948,0.006008851163784612,HOG8-ML02-H2-GPS-GradientEstimation-Escape-Specialist-Polisher,Polisher,0.03666298478318792
6959,0.006007108869485628,HOG8-ML02-H2-GPS-GradientEstimation-Escape-Specialist-Polisher,Polisher,0.028995464382348658
6968,0.006004850444091584,HOG8-ML02-H2-GPS-GradientEstimation-Escape-Specialist-Polisher,Polisher,0.03759587920100072
6982,0.006002754300265662,HOG8-ML02-H2-GPS-GradientEstimation-Escape-Specialist-Polisher,Polisher,0.03490751094366026
6992,0.006000802270974045,HOG8-ML02-H2-GPS-GradientEstimation-Escape-Specialist-Polisher,Polisher,0.03251889372734882
7002,0.0059991145122738065,HOG8-ML02-H2-GPS-GradientEstimation-Escape-Specialist-Polisher,Polisher,0.02812555095177819
7013,0.005997198023502374,HOG8-ML02-H2-GPS-GradientEstimation-Escape-Specialist-Polisher,Polisher,0.03194619418434857
7034,0.005994554367373402,HOG8-ML02-H2-GPS-GradientEstimation-Escape-Specialist-Polisher,Polisher,0.04408152138068845
7047,0.005992885632911612,HOG8-ML02-H2-GPS-GradientEstimation-Escape-Specialist-Polisher,Polisher,0.027837506502105265
7058,0.005990867698004925,HOG8-ML02-H2-GPS-GradientEstimation-Escape-Specialist-Polisher,Polisher,0.03367217447976522
7069,0.0059897593002821116,HOG8-ML00-H1-GPS-GradientEstimation-Escape-Specialist-Polisher,Polisher,0.018501455526762293
7069,0.00598893272869294,HOG8-ML02-H2-GPS-GradientEstimation-Escape-Specialist-Polisher,Polisher,0.01379974632925024
7077,0.005987788014389553,HOG8-ML02-H2-GPS-GradientEstimation-Escape-Specialist-Polisher,Polisher,0.01911382804322966
7093,0.005987600516175293,HOG8-ML00-H2-GPS-GradientEstimation-Escape-Specialist-Polisher,Polisher,0.0031313435580825923
7094,0.005987348980377037,HOG8-ML00-H1-GPS-GradientEstimation-Escape-Specialist-Polisher,Polisher,0.0042009448956355395
7098,0.0059860867415445105,HOG8-ML02-H2-GPS-GradientEstimation-Escape-Specialist-Polisher,Polisher,0.021081764845571508
7111,0.00598523252873729,HOG8-ML02-H2-GPS-GradientEstimation-Escape-Specialist-Polisher,Polisher,0.01426997041810347
7121,0.005984151235755863,HOG8-ML02-H2-GPS-GradientEstimation-Escape-Specialist-Polisher,Polisher,0.01806601458231788
7133,0.005982688977623949,HOG8-ML02-H2-GPS-GradientEstimation-Escape-Specialist-Polisher,Polisher,0.024435514316165165
7149,0.005981617822507479,HOG8-ML02-H2-GPS-GradientEstimation-Escape-Specialist-Polisher,Polisher,0.017904242063666292
7154,0.005980156756797534,HOG8-ML02-H2-GPS-GradientEstimation-Escape-Specialist-Polisher,Polisher,0.024425928792159095
7167,0.00597855858570494,HOG8-ML02-H2-GPS-GradientEstimation-Escape-Specialist-Polisher,Polisher,0.026724568562133937
7177,0.005976664893479682,HOG8-ML02-H2-GPS-GradientEstimation-Escape-Specialist-Polisher,Polisher,0.03167472891854142
7189,0.0059753895797196414,HOG8-ML02-H2-GPS-GradientEstimation-Escape-Specialist-Polisher,Polisher,0.021338217597444226
7198,0.005974014208307165,HOG8-ML02-H2-GPS-GradientEstimation-Escape-Specialist-Polisher,Polisher,0.023017267646360452
7209,0.005972799087064784,HOG8-ML02-H2-GPS-GradientEstimation-Escape-Specialist-Polisher,Polisher,0.020340113029707143
7221,0.005971420035712596,HOG8-ML00-H2-GPS-GradientEstimation-Escape-Specialist-Polisher,Polisher,0.023088862224996953
7221,0.005971367015843741,HOG8-ML02-H2-GPS-GradientEstimation-Escape-Specialist-Polisher,Polisher,0.0008878938098072836
7231,0.005970112661355647,HOG8-ML02-H2-GPS-GradientEstimation-Escape-Specialist-Polisher,Polisher,0.02100615294230135
7242,0.005968763251764495,HOG8-ML02-H2-GPS-GradientEstimation-Escape-Specialist-Polisher,Polisher,0.022602749189086422
7254,0.0059673714670622924,HOG8-ML02-H2-GPS-GradientEstimation-Escape-Specialist-Polisher,Polisher,0.023317807115083227
7269,0.0059659962026995285,HOG8-ML02-H2-GPS-GradientEstimation-Escape-Specialist-Polisher,Polisher,0.023046401088903466
7279,0.005964530569661533,HOG8-ML02-H2-GPS-GradientEstimation-Escape-Specialist-Polisher,Polisher,0.024566442689522374
7288,0.005963996999065645,HOG8-ML00-H2-GPS-GradientEstimation-Escape-Specialist-Polisher,Polisher,0.008945726569025453
7289,0.0059630305077952184,HOG8-ML02-H2-GPS-GradientEstimation-Escape-Specialist-Polisher,Polisher,0.01620542851678743
7297,0.005962923880066995,HOG8-ML00-H2-GPS-GradientEstimation-Escape-Specialist-Polisher,Polisher,0.001788146615783624
7302,0.00596186143364049,HOG8-ML02-H2-GPS-GradientEstimation-Escape-Specialist-Polisher,Polisher,0.01781754132492451
7308,0.005961736823323076,HOG8-ML00-H2-GPS-GradientEstimation-Escape-Specialist-Polisher,Polisher,0.0020901243479313028
7311,0.005960626038026219,HOG8-ML02-H2-GPS-GradientEstimation-Escape-Specialist-Polisher,Polisher,0.01863190760973998
7320,0.005960363405546312,HOG8-ML00-H2-GPS-GradientEstimation-Escape-Specialist-Polisher,Polisher,0.004406122414516748
7323,0.005959360346068911,HOG8-ML02-H2-GPS-GradientEstimation-Escape-Specialist-Polisher,Polisher,0.016828830880804085
7332,0.00595833577546263,HOG8-ML02-H2-GPS-GradientEstimation-Escape-Specialist-Polisher,Polisher,0.017192627174432838
7342,0.005957033947908619,HOG8-ML02-H2-GPS-GradientEstimation-Escape-Specialist-Polisher,Polisher,0.02184884509819202
7353,0.005955920392205273,HOG8-ML02-H2-GPS-GradientEstimation-Escape-Specialist-Polisher,Polisher,0.018693123340966785
7364,0.005954802188765853,HOG8-ML02-H2-GPS-GradientEstimation-Escape-Specialist-Polisher,Polisher,0.01877465388697488
7378,0.0059538874910880415,HOG8-ML02-H2-GPS-GradientEstimation-Escape-Specialist-Polisher,Polisher,0.0153606727615116
7389,0.005952926958921944,HOG8-ML02-H2-GPS-GradientEstimation-Escape-Specialist-Polisher,Polisher,0.016132857188431986
7399,0.005951935845114156,HOG8-ML02-H2-GPS-GradientEstimation-Escape-Specialist-Polisher,Polisher,0.0166491847561299
7411,0.0059509863744016765,HOG8-ML02-H2-GPS-GradientEstimation-Escape-Specialist-Polisher,Polisher,0.0159523008511408
7421,0.005950013607203478,HOG8-ML02-H2-GPS-GradientEstimation-Escape-Specialist-Polisher,Polisher,0.016346318694035473
7435,0.0059490553241096965,HOG8-ML02-H2-GPS-GradientEstimation-Escape-Specialist-Polisher,Polisher,0.016105561382606777
7450,0.005948043141445288,HOG8-ML02-H2-GPS-GradientEstimation-Escape-Specialist-Polisher,Polisher,0.017014174675878277
7458,0.00594760187035521,HOG8-ML02-H2-GPS-GradientEstimation-Escape-Specialist-Polisher,Polisher,0.007418760751802095
7469,0.005947299208080128,HOG8-ML02-H2-GPS-GradientEstimation-Escape-Specialist-Polisher,Polisher,0.005088811956131978
7470,0.00594713611424982,HOG8-ML00-H2-GPS-GradientEstimation-Escape-Specialist-Polisher,Polisher,0.002742317556288351
7483,0.0059468479096805695,HOG8-ML00-H2-GPS-GradientEstimation-Escape-Specialist-Polisher,Polisher,0.004846106827117418
7489,0.005946470248705293,HOG8-ML02-H2-GPS-GradientEstimation-Escape-Specialist-Polisher,Polisher,0.006350607599391652
7493,0.00594637171819123,HOG8-ML00-H2-GPS-GradientEstimation-Escape-Specialist-Polisher,Polisher,0.0016569579925886156
7499,0.005945577233330909,HOG8-ML02-H2-GPS-GradientEstimation-Escape-Specialist-Polisher,Polisher,0.013360834101420286
7508,0.005945406725109033,HOG8-ML00-H2-GPS-GradientEstimation-Escape-Specialist-Polisher,Polisher,0.002867816112454653
7510,0.005944644929132244,HOG8-ML02-H2-GPS-GradientEstimation-Escape-Specialist-Polisher,Polisher,0.012813185237129678
7519,0.005944466891591049,HOG8-ML00-H2-GPS-GradientEstimation-Escape-Specialist-Polisher,Polisher,0.0029949230495243625
7521,0.005944044207400615,HOG8-ML02-H2-GPS-GradientEstimation-Escape-Specialist-Polisher,Polisher,0.007110548315647744
7528,0.005943746355093055,HOG8-ML00-H2-GPS-GradientEstimation-Escape-Specialist-Polisher,Polisher,0.0050109369507810135
7537,0.0059430883155218,HOG8-ML02-H2-GPS-GradientEstimation-Escape-Specialist-Polisher,Polisher,0.011071124707262632
7544,0.005942821734242627,HOG8-ML00-H2-GPS-GradientEstimation-Escape-Specialist-Polisher,Polisher,0.004485568193166948
7548,0.005942229640826542,HOG8-ML02-H2-GPS-GradientEstimation-Escape-Specialist-Polisher,Polisher,0.009963169729169103
7553,0.005941981851422491,HOG8-ML00-H2-GPS-GradientEstimation-Escape-Specialist-Polisher,Polisher,0.004169973545762117
7560,0.005941359659057217,HOG8-ML02-H2-GPS-GradientEstimation-Escape-Specialist-Polisher,Polisher,0.010471125305194296
7568,0.005941208486350748,HOG8-ML00-H2-GPS-GradientEstimation-Escape-Specialist-Polisher,Polisher,0.002544412645324077
7572,0.005940370839464814,HOG8-ML02-H2-GPS-GradientEstimation-Escape-Specialist-Polisher,Polisher,0.014098931014761845
7589,0.005939589128811575,HOG8-ML02-H2-GPS-GradientEstimation-Escape-Specialist-Polisher,Polisher,0.013159290461230742
7602,0.005938870274934296,HOG8-ML02-H2-GPS-GradientEstimation-Escape-Specialist-Polisher,Polisher,0.012102754276237127
7602,0.005938834786398886,HOG8-ML00-H2-GPS-GradientEstimation-Escape-Specialist-Polisher,Polisher,0.0005975637413816838
7607,0.005938252346331423,HOG8-ML02-H2-GPS-GradientEstimation-Escape-Specialist-Polisher,Polisher,0.009807312181780988
7611,0.005938205396500949,HOG8-ML00-H2-GPS-GradientEstimation-Escape-Specialist-Polisher,Polisher,0.0007906338049740825
7618,0.005937552881928078,HOG8-ML02-H2-GPS-GradientEstimation-Escape-Specialist-Polisher,Polisher,0.010988413658699079
7621,0.00593742064198499,HOG8-ML00-H2-GPS-GradientEstimation-Escape-Specialist-Polisher,Polisher,0.0022271792052643772
7629,0.0059368187171647616,HOG8-ML02-H2-GPS-GradientEstimation-Escape-Specialist-Polisher,Polisher,0.010137816680396483
7634,0.005936677306816429,HOG8-ML00-H2-GPS-GradientEstimation-Escape-Specialist-Polisher,Polisher,0.002381921279221416
7639,0.005936278243544116,HOG8-ML02-H2-GPS-GradientEstimation-Escape-Specialist-Polisher,Polisher,0.006721997031141002
7644,0.00593612691352264,HOG8-ML00-H2-GPS-GradientEstimation-Escape-Specialist-Polisher,Polisher,0.002549240707177413
7649,0.005935692242795002,HOG8-ML02-H2-GPS-GradientEstimation-Escape-Specialist-Polisher,Polisher,0.007322463518221752
7659,0.005935453585978893,HOG8-ML00-H2-GPS-GradientEstimation-Escape-Specialist-Polisher,Polisher,0.00402070738082206
7662,0.005935031769627858,HOG8-ML02-H2-GPS-GradientEstimation-Escape-Specialist-Polisher,Polisher,0.007106724783955937
7665,0.005934794090474738,HOG8-ML00-H2-GPS-GradientEstimation-Escape-Specialist-Polisher,Polisher,0.004004682069883576
7672,0.0059343140744249345,HOG8-ML02-H2-GPS-GradientEstimation-Escape-Specialist-Polisher,Polisher,0.008088166876320404
7679,0.005934121411686132,HOG8-ML00-H2-GPS-GradientEstimation-Escape-Specialist-Polisher,Polisher,0.0032465881715452753
7683,0.0059335726758199155,HOG8-ML02-H2-GPS-GradientEstimation-Escape-Specialist-Polisher,Polisher,0.009247129071808486
7691,0.005933494359915244,HOG8-ML00-H2-GPS-GradientEstimation-Escape-Specialist-Polisher,Polisher,0.0013198777355538816
7692,0.005933058035572222,HOG8-ML02-H2-GPS-GradientEstimation-Escape-Specialist-Polisher,Polisher,0.007353581491036429
7698,0.005932866018401872,HOG8-ML00-H2-GPS-GradientEstimation-Escape-Specialist-Polisher,Polisher,0.003236394607949345
7708,0.0059324602506706315,HOG8-ML02-H2-GPS-GradientEstimation-Escape-Specialist-Polisher,Polisher,0.006839320658551765
7712,0.0059321388620002195,HOG8-ML00-H2-GPS-GradientEstimation-Escape-Specialist-Polisher,Polisher,0.005417460157034703
7717,0.005931827881938209,HOG8-ML02-H2-GPS-GradientEstimation-Escape-Specialist-Polisher,Polisher,0.005242292354325468
7722,0.005931487788234772,HOG8-ML00-H2-GPS-GradientEstimation-Escape-Specialist-Polisher,Polisher,0.005733371065479421
7727,0.005931243223233871,HOG8-ML02-H2-GPS-GradientEstimation-Escape-Specialist-Polisher,Polisher,0.004123164535315036
7739,0.005930905154162581,HOG8-ML00-H2-GPS-GradientEstimation-Escape-Specialist-Polisher,Polisher,0.00569980118105936
7739,0.005930668698914295,HOG8-ML02-H2-GPS-GradientEstimation-Escape-Specialist-Polisher,Polisher,0.003986832399772485
7748,0.005930367150167522,HOG8-ML00-H2-GPS-GradientEstimation-Escape-Specialist-Polisher,Polisher,0.005084565705522303
7750,0.005930106892320379,HOG8-ML02-H2-GPS-GradientEstimation-Escape-Specialist-Polisher,Polisher,0.004388562133725253
7755,0.0059298156332073925,HOG8-ML00-H2-GPS-GradientEstimation-Escape-Specialist-Polisher,Polisher,0.004911532258614361
7760,0.00592955032403874,HOG8-ML02-H2-GPS-GradientEstimation-Escape-Specialist-Polisher,Polisher,0.0044741554386091755
7768,0.005929285165535614,HOG8-ML00-H2-GPS-GradientEstimation-Escape-Specialist-Polisher,Polisher,0.004471814701542346
7772,0.005928944278611913,HOG8-ML02-H2-GPS-GradientEstimation-Escape-Specialist-Polisher,Polisher,0.005749207774358594
7778,0.005928720036911973,HOG8-ML00-H2-GPS-GradientEstimation-Escape-Specialist-Polisher,Polisher,0.0037821522585299275
7783,0.005928377957616032,HOG8-ML02-H2-GPS-GradientEstimation-Escape-Specialist-Polisher,Polisher,0.0057698675904933805
7791,0.005928208844417214,HOG8-ML00-H2-GPS-GradientEstimation-Escape-Specialist-Polisher,Polisher,0.002852604878213541
7795,0.005927873047289292,HOG8-ML02-H2-GPS-GradientEstimation-Escape-Specialist-Polisher,Polisher,0.005664394368269823
7802,0.005927316908317933,HOG8-ML04-H2-GPS-Sniper-Specialist-Polisher,Polisher,0.009381762512823813
7813,0.005927190672115329,HOG8-ML00-H2-GPS-GradientEstimation-Escape-Specialist-Polisher,Polisher,0.0021297360096741123
7816,0.005926801048225905,HOG8-ML02-H2-GPS-GradientEstimation-Escape-Specialist-Polisher,Polisher,0.0065735001787177415
7819,0.005925924784782357,HOG8-ML04-H2-GPS-Sniper-Specialist-Polisher,Polisher,0.014784762242188025
7832,0.005914553288896331,HOG8-ML04-H2-GPS-Sniper-Specialist-Refiner,Refiner,0.19189403002933883
7843,0.005903530467360233,HOG8-ML04-H2-GPS-Sniper-Specialist-Refiner,Refiner,0.18636777788090575
7854,0.005900849606929766,HOG8-ML04-H2-GPS-Sniper-Specialist-Polisher,Polisher,0.04541113906820865
7872,0.0058989505956121265,HOG8-ML04-H2-GPS-Sniper-Specialist-Polisher,Polisher,0.03218199825681115
7884,0.0058894892799315176,HOG8-ML04-H2-GPS-Sniper-Specialist-Refiner,Refiner,0.1603898104799628
7898,0.005885743827924693,HOG8-ML04-H2-GPS-Sniper-Specialist-Refiner,Refiner,0.06359553144255309
7904,0.0058631813502809365,HOG8-ML04-H2-GPS-Sniper-Specialist-Refiner,Refiner,0.3833411426557436
7917,0.005855971975065341,HOG8-ML04-H2-GPS-Sniper-Specialist-Refiner,Refiner,0.1229601266767971
7927,0.005840556112868232,HOG8-ML04-H2-GPS-Sniper-Specialist-Refiner,Refiner,0.26325027275999496
7933,0.005834048975638775,HOG8-ML04-H2-GPS-Sniper-Specialist-Refiner,Refiner,0.11141297341738227
7942,0.005831334817011237,HOG8-ML04-H2-GPS-Sniper-Specialist-Polisher,Polisher,0.04652272613534287
7957,0.005810689023924086,HOG8-ML04-H2-GPS-Sniper-Specialist-Refiner,Refiner,0.354049179733653
7971,0.0058081777258184395,HOG8-ML04-H2-GPS-Sniper-Specialist-Polisher,Polisher,0.04321859413413103
8000,0.0057886074131672195,HOG8-ML04-H2-GPS-Sniper-Specialist-Refiner,Refiner,0.33694410837716465
8019,0.005788607409984693,HOG8-ML04-H2-GPS-Sniper-Specialist-Polisher,Polisher,5.4979135117593934E-08
8029,0.0057883634063220155,HOG8-ML04-H2-GPS-Sniper-Specialist-Polisher,Polisher,0.004215239441819114
8040,0.005784796168309746,HOG8-ML04-H2-GPS-Sniper-Specialist-Refiner,Refiner,0.06162774798093982
8052,0.005766455208159497,HOG8-ML04-H2-GPS-Sniper-Specialist-Refiner,Refiner,0.31705456193469705
8065,0.005762937728161515,HOG8-ML04-H2-GPS-Sniper-Specialist-Refiner,Refiner,0.06099899974953206
8072,0.005746829948452693,HOG8-ML04-H2-GPS-Sniper-Specialist-Refiner,Refiner,0.2795063987956725
8092,0.005729787670638725,HOG8-ML04-H2-GPS-Sniper-Specialist-Refiner,Refiner,0.2965509327199887
8108,0.005711202084270365,HOG8-ML04-H2-GPS-Sniper-Specialist-Refiner,Refiner,0.3243678027302551
8128,0.005711055067606173,HOG8-ML04-H2-GPS-Sniper-Specialist-Polisher,Polisher,0.0025741807420424745
8131,0.005709065552635622,HOG8-ML04-H2-GPS-Sniper-Specialist-Polisher,Polisher,0.0348362070930701
8143,0.0057003244082055515,HOG8-ML04-H2-GPS-Sniper-Specialist-Refiner,Refiner,0.1531098977491231
8162,0.005685470711980017,HOG8-ML04-H2-GPS-Sniper-Specialist-Refiner,Refiner,0.2605763314830386
8173,0.005680686561548409,HOG8-ML04-H2-GPS-Sniper-Specialist-Refiner,Refiner,0.0841469541216207
8187,0.005673642081367827,HOG8-ML04-H2-GPS-Sniper-Specialist-Refiner,Refiner,0.12400754916254532
8204,0.005670524078506714,HOG8-ML04-H2-GPS-Sniper-Specialist-Refiner,Refiner,0.05495593159379248
8217,0.0056664709609137946,HOG8-ML04-H2-GPS-Sniper-Specialist-Refiner,Refiner,0.07147694881116975
8228,0.005642058718556799,HOG8-ML04-H2-GPS-Sniper-Specialist-Refiner,Refiner,0.43081915579178187
8236,0.005641846413610276,HOG8-ML04-H2-GPS-Sniper-Specialist-Polisher,Polisher,0.003762898564400315
8243,0.005640207353717792,HOG8-ML04-H2-GPS-Sniper-Specialist-Polisher,Polisher,0.029051834671174788
8257,0.0056273391046092625,HOG8-ML04-H2-GPS-Sniper-Specialist-Refiner,Refiner,0.22815205721200432
8277,0.005623905343701002,HOG8-ML04-H2-GPS-Sniper-Specialist-Refiner,Refiner,0.06101926406830673
8295,0.0056102501024125695,HOG8-ML04-H2-GPS-Sniper-Specialist-Refiner,Refiner,0.24280709673975567
8308,0.005604316925502209,HOG8-ML04-H2-GPS-Sniper-Specialist-Refiner,Refiner,0.1057560144744472
8323,0.005590642065288434,HOG8-ML04-H2-GPS-Sniper-Specialist-Refiner,Refiner,0.24400583328091796
8338,0.005580676976616156,HOG8-ML04-H2-GPS-Sniper-Specialist-Refiner,Refiner,0.17824587151000876
8349,0.0055616864214077764,HOG8-ML04-H2-GPS-Sniper-Specialist-Refiner,Refiner,0.34029124581036363
8368,0.005558582352482493,HOG8-ML04-H2-GPS-Sniper-Specialist-Refiner,Refiner,0.05581164938273549
8382,0.005548587865672723,HOG8-ML04-H2-GPS-Sniper-Specialist-Refiner,Refiner,0.1798028017936288
8411,0.005543050473480816,HOG8-ML04-H2-GPS-Sniper-Specialist-Refiner,Refiner,0.09979822480897056
8428,0.005542994669592981,HOG8-ML04-H2-GPS-Sniper-Specialist-Polisher,Polisher,0.0010067360581017708
8468,0.005542919899107989,HOG8-ML04-H2-GPS-Sniper-Specialist-Polisher,Polisher,0.001348918580095826
8474,0.005542386815204883,HOG8-ML04-H2-GPS-Sniper-Specialist-Polisher,Polisher,0.00961738420921585
8488,0.005535473688738614,HOG8-ML04-H2-GPS-Sniper-Specialist-Refiner,Refiner,0.12473193764288375
8532,0.005533306183780261,HOG8-ML04-H2-GPS-Sniper-Specialist-Polisher,Polisher,0.03915663013198774
8538,0.005528940391471375,HOG8-ML04-H2-GPS-Sniper-Specialist-Refiner,Refiner,0.07890024813164229
8542,0.005518776538713433,HOG8-ML04-H2-GPS-Sniper-Specialist-Refiner,Refiner,0.18383002959518654
8579,0.0055181472494237535,HOG8-ML04-H2-GPS-Sniper-Specialist-Polisher,Polisher,0.011402695602275194
8589,0.0055083666329936954,HOG8-ML04-H2-GPS-Sniper-Specialist-Refiner,Refiner,0.17724457119333734
8604,0.005508318429159515,HOG8-ML04-H2-GPS-Sniper-Specialist-Polisher,Polisher,0.0008751021381110893
8613,0.005504236537901793,HOG8-ML04-H2-GPS-Sniper-Specialist-Refiner,Refiner,0.07410412651734385
8642,0.005494851320844698,HOG8-ML04-H2-GPS-Sniper-Specialist-Refiner,Refiner,0.17050897054420425
8654,0.005494722520272301,HOG8-ML04-H2-GPS-Sniper-Specialist-Polisher,Polisher,0.0023440228838994426
8681,0.005470990458065772,HOG8-ML04-H2-GPS-Sniper-Specialist-Refiner,Refiner,0.4319064724191599
8693,0.005466732549288291,HOG8-ML04-H2-GPS-Sniper-Specialist-Refiner,Refiner,0.07782701889387446
8712,0.005465451122216698,HOG8-ML04-H2-GPS-Sniper-Specialist-Polisher,Polisher,0.023440456617177537
8723,0.005444553129362738,HOG8-ML04-H2-GPS-Sniper-Specialist-Refiner,Refiner,0.3823653782029318
8737,0.005444428773832081,HOG8-ML04-H2-GPS-Sniper-Specialist-Polisher,Polisher,0.0022840355801861246
8744,0.0054426290365357285,HOG8-ML04-H2-GPS-Sniper-Specialist-Polisher,Polisher,0.03305649446646974
8775,0.005441357260286229,HOG8-ML04-H2-GPS-Sniper-Specialist-Polisher,Polisher,0.02336694713091831
8781,0.005434822745467388,HOG8-ML04-H2-GPS-Sniper-Specialist-Refiner,Refiner,0.12008979573043788
8798,0.0054132474519573235,HOG8-ML04-H2-GPS-Sniper-Specialist-Refiner,Refiner,0.3969824688037573
8833,0.005413230532820259,HOG8-ML04-H2-GPS-Sniper-Specialist-Polisher,Polisher,0.0003125505939754623
8847,0.0054072021315345106,HOG8-ML04-H2-GPS-Sniper-Specialist-Refiner,Refiner,0.11136420755034296
8858,0.005407013269503219,HOG8-ML04-H2-GPS-Sniper-Specialist-Polisher,Polisher,0.0034927865964234197
8871,0.005396948647042371,HOG8-ML04-H2-GPS-Sniper-Specialist-Refiner,Refiner,0.1861401472346106
8909,0.005386325198292229,HOG8-ML04-H2-GPS-Sniper-Specialist-Refiner,Refiner,0.19684176087099636
8939,0.005377427409005996,HOG8-ML04-H2-GPS-Sniper-Specialist-Refiner,Refiner,0.16519220356494127
8948,0.005377340186302128,HOG8-ML04-H2-GPS-Sniper-Specialist-Polisher,Polisher,0.0016220154589621431
8968,0.00537154775854912,HOG8-ML04-H2-GPS-Sniper-Specialist-Refiner,Refiner,0.10771919856889202
8969,0.0053653208668408585,HOG8-ML04-H1-GPS-Sniper-Specialist-Refiner,Refiner,0.11592360318031744
8979,0.005364057737337061,HOG8-ML04-H1-GPS-Sniper-Specialist-Polisher,Polisher,0.023542478355834003
8991,0.005363907874516021,HOG8-ML04-H1-GPS-Sniper-Specialist-Polisher,Polisher,0.002793833108798907
9001,0.005360914904623041,HOG8-ML04-H1-GPS-Sniper-Specialist-Refiner,Refiner,0.05579830904999693
9011,0.0053576767510137525,HOG8-ML04-H1-GPS-Sniper-Specialist-Refiner,Refiner,0.060403003347358736
9022,0.005349076509082178,HOG8-ML04-H1-GPS-Sniper-Specialist-Refiner,Refiner,0.1605218517512727
9052,0.0053490471944135295,HOG8-ML04-H1-GPS-Sniper-Specialist-Polisher,Polisher,0.0005480323304122507
9067,0.005347060567890213,HOG8-ML04-H1-GPS-Sniper-Specialist-Polisher,Polisher,0.037139820441131406
9083,0.005340168270571115,HOG8-ML04-H1-GPS-Sniper-Specialist-Refiner,Refiner,0.12889880770169232
9093,0.005338292068772191,HOG8-ML04-H2-GPS-Sniper-Specialist-Polisher,Polisher,0.03513375803650009
9099,0.0053337705810256155,HOG8-ML04-H1-GPS-Sniper-Specialist-Refiner,Refiner,0.08469914512592844
9118,0.0053317182455681735,HOG8-ML04-H1-GPS-Sniper-Specialist-Polisher,Polisher,0.03847813523781804
9132,0.005330184158363196,HOG8-ML04-H1-GPS-Sniper-Specialist-Polisher,Polisher,0.02877284834495635
9148,0.005329931676308634,HOG8-ML04-H1-GPS-Sniper-Specialist-Polisher,Polisher,0.004736835483741778
9158,0.005310919621742549,HOG8-ML04-H1-GPS-Sniper-Specialist-Refiner,Refiner,0.35670353244100245
9168,0.005310388729202861,HOG8-ML04-H1-GPS-Sniper-Specialist-Polisher,Polisher,0.009996245047919896
9192,0.005310199030185994,HOG8-ML04-H1-GPS-Sniper-Specialist-Polisher,Polisher,0.003572224681482027
9211,0.005290308875776494,HOG8-ML04-H1-GPS-Sniper-Specialist-Refiner,Refiner,0.3745651395820302
9231,0.005285491071358404,HOG8-ML04-H1-GPS-Sniper-Specialist-Refiner,Refiner,0.09106849016226863
9252,0.005280440765740593,HOG8-ML04-H1-GPS-Sniper-Specialist-Refiner,Refiner,0.0955503575661699
9261,0.005279940350987269,HOG8-ML04-H1-GPS-Sniper-Specialist-Polisher,Polisher,0.00947676104182214
9269,0.0052737493520816576,HOG8-ML04-H2-GPS-Sniper-Specialist-Refiner,Refiner,0.11725509180144274
9300,0.005258974790778848,HOG8-ML04-H2-GPS-Sniper-Specialist-Refiner,Refiner,0.28015289154721545
9329,0.005258341369532155,HOG8-ML04-H2-GPS-Sniper-Specialist-Polisher,Polisher,0.012044576593223251
9346,0.005257964860830853,HOG8-ML04-H2-GPS-Sniper-Specialist-Polisher,Polisher,0.007160217925047268
9359,0.005256034592702637,HOG8-ML04-H2-GPS-Sniper-Specialist-Polisher,Polisher,0.03671131662738946
9387,0.005247608996002221,HOG8-ML04-H2-GPS-Sniper-Specialist-Refiner,Refiner,0.1603032961790972
9408,0.005243265248959026,HOG8-ML04-H1-GPS-Sniper-Specialist-Refiner,Refiner,0.08277573741687422
9419,0.005242236437841755,HOG8-ML04-H2-GPS-Sniper-Specialist-Polisher,Polisher,0.019621572978307116
9423,0.005228417810201636,HOG8-ML04-H1-GPS-Sniper-Specialist-Refiner,Refiner,0.263601762415134
9436,0.005228041836834298,HOG8-ML04-H1-GPS-Sniper-Specialist-Polisher,Polisher,0.007190958737154323
9447,0.0052155674977256705,HOG8-ML04-H1-GPS-Sniper-Specialist-Refiner,Refiner,0.23860442394969686
9469,0.005200362952690338,HOG8-ML04-H1-GPS-Sniper-Specialist-Refiner,Refiner,0.2915223519197591
9478,0.005198397911210897,HOG8-ML04-H1-GPS-Sniper-Specialist-Polisher,Polisher,0.037786621766937006
9488,0.005194781576845734,HOG8-ML04-H1-GPS-Sniper-Specialist-Refiner,Refiner,0.06956632460481413
9510,0.0051936833523458775,HOG8-ML04-H1-GPS-Sniper-Specialist-Polisher,Polisher,0.02114091773852092
9533,0.005191439432774008,HOG8-ML04-H1-GPS-Sniper-Specialist-Polisher,Polisher,0.043204782033073
9541,0.005162401680939545,HOG8-ML04-H1-GPS-Sniper-Specialist-Exploiter,Exploiter,0.5593391237726042
9552,0.005162397159092509,HOG8-ML04-H1-GPS-Sniper-Specialist-Polisher,Polisher,8.75919255255617E-05
9562,0.005153452940446258,HOG8-ML04-H1-GPS-Sniper-Specialist-Refiner,Refiner,0.17325708136378673
9583,0.005151408039978642,HOG8-ML04-H1-GPS-Sniper-Specialist-Polisher,Polisher,0.03968020065862324
9603,0.005134451489402946,HOG8-ML04-H1-GPS-Sniper-Specialist-Refiner,Refiner,0.3291634140433155
9614,0.0051313309845426,HOG8-ML04-H1-GPS-Sniper-Specialist-Refiner,Refiner,0.06077581737380067
9637,0.005121544951958868,HOG8-ML04-H1-GPS-Sniper-Specialist-Refiner,Refiner,0.1907113887841397
9658,0.00511806765572745,HOG8-ML04-H1-GPS-Sniper-Specialist-Refiner,Refiner,0.06789545467306461
9673,0.005075197878939337,HOG8-ML04-H1-GPS-Sniper-Specialist-Exploiter,Exploiter,0.8376164535484207
9688,0.0050747952112997746,HOG8-ML04-H1-GPS-Sniper-Specialist-Polisher,Polisher,0.007934028370274166
9694,0.005060712580025097,HOG8-ML04-H1-GPS-Sniper-Specialist-Refiner,Refiner,0.2775014692872884
9719,0.005058662086472656,HOG8-ML04-H1-GPS-Sniper-Specialist-Polisher,Polisher,0.04051788201792926
9730,0.0050304825812751775,HOG8-ML04-H1-GPS-Sniper-Specialist-Exploiter,Exploiter,0.5570545080058392
9739,0.005027488259323464,HOG8-ML04-H1-GPS-Sniper-Specialist-Refiner,Refiner,0.05952355272751205
9988,0.005026946250818369,HOG8-ML04-H2-GPS-Sniper-Specialist-Polisher,Polisher,0.010780900464361892
9998,0.0050202883748714285,HOG8-ML04-H2-GPS-Sniper-Specialist-Refiner,Refiner,0.132443746456535
10018,0.0050075027211566505,HOG8-ML04-H2-GPS-Sniper-Specialist-Refiner,Refiner,0.2546796669843785
10027,0.00499697206522754,HOG8-ML04-H2-GPS-Sniper-Specialist-Refiner,Refiner,0.21029755779499631
10034,0.0049874383491995185,HOG8-ML04-H2-GPS-Sniper-Specialist-Refiner,Refiner,0.1907898604109449
10000,0.0049874383491995185,Final,Final,0
