TimeMs,BestQuality,Source,Role,DeltaPct
8,1111733.8976503517,HOG8-ML02-H1-GPS-GradientEstimation-Escape-Specialist-Global Explorer,Global Explorer,100
8,880798.3937032663,HOG8-ML00-H1-GPS-GradientEstimation-Escape-Specialist-Local Explorer,Local Explorer,20.772552175944924
10,686655.2985429205,HOG8-ML01-H2-GPS-GradientEstimation-Escape-Specialist-Local Explorer,Local Explorer,22.04171766754504
23,32.750009271172374,HOG8-ML00-H2-GPS-GradientEstimation-Escape-Specialist-Global Explorer,Global Explorer,99.99523050221258
29,29.395759560562393,HOG8-ML00-H2-GPS-GradientEstimation-Escape-Specialist-Local Explorer,Local Explorer,10.241980949796252
40,29.375296468326088,HOG8-ML00-H2-GPS-GradientEstimation-Escape-Specialist-Refiner,Refiner,0.06961239492432991
55,29.141845568531842,HOG8-ML00-H2-GPS-GradientEstimation-Escape-Specialist-Exploiter,Exploiter,0.7947184466579398
65,27.13650629145753,HOG8-ML00-H2-GPS-GradientEstimation-Escape-Specialist-Local Explorer,Local Explorer,6.881305003001365
71,26.252057219807973,HOG8-ML01-H1-GPS-GradientEstimation-Escape-Specialist-Exploiter,Exploiter,3.2592591771033437
74,26.072902625343637,HOG8-ML00-H2-GPS-GradientEstimation-Escape-Specialist-Exploiter,Exploiter,0.682440210168209
80,24.959408025577567,HOG8-ML01-H1-GPS-GradientEstimation-Escape-Specialist-Exploiter,Exploiter,4.270696729729359
90,24.43675180528275,HOG8-ML01-H1-GPS-GradientEstimation-Escape-Specialist-Exploiter,Exploiter,2.094024905395256
96,24.287109320841466,HOG8-ML00-H2-GPS-GradientEstimation-Escape-Specialist-Exploiter,Exploiter,0.6123665110390564
100,24.14786614000894,HOG8-ML01-H1-GPS-GradientEstimation-Escape-Specialist-Exploiter,Exploiter,0.5733213409347061
111,23.99927285399066,HOG8-ML00-H2-GPS-GradientEstimation-Escape-Specialist-Exploiter,Exploiter,0.6153474810434089
111,23.90821426499754,HOG8-ML01-H1-GPS-GradientEstimation-Escape-Specialist-Refiner,Refiner,0.3794222831129644
121,23.65388962206586,HOG8-ML00-H2-GPS-GradientEstimation-Escape-Specialist-Exploiter,Exploiter,1.06375423991418
125,23.582205506784007,HOG8-ML01-H1-GPS-GradientEstimation-Escape-Specialist-Refiner,Refiner,0.30305423939656445
131,23.385073930190675,HOG8-ML00-H2-GPS-GradientEstimation-Escape-Specialist-Exploiter,Exploiter,0.8359335878767663
136,23.320561713360732,HOG8-ML01-H1-GPS-GradientEstimation-Escape-Specialist-Refiner,Refiner,0.2758692019641479
141,23.115778643709486,HOG8-ML00-H2-GPS-GradientEstimation-Escape-Specialist-Exploiter,Exploiter,0.8781223718720378
145,23.006775986022898,HOG8-ML01-H1-GPS-GradientEstimation-Escape-Specialist-Refiner,Refiner,0.47155088031720316
154,22.812137747921177,HOG8-ML00-H2-GPS-GradientEstimation-Escape-Specialist-Exploiter,Exploiter,0.8460039695260549
156,22.716061230241337,HOG8-ML01-H1-GPS-GradientEstimation-Escape-Specialist-Refiner,Refiner,0.4211640256669747
166,22.50144319406435,HOG8-ML01-H1-GPS-GradientEstimation-Escape-Specialist-Exploiter,Exploiter,0.9447854273753706
174,22.325833001194926,HOG8-ML00-H2-GPS-GradientEstimation-Escape-Specialist-Exploiter,Exploiter,0.7804396871563706
180,22.21553553412387,HOG8-ML01-H1-GPS-GradientEstimation-Escape-Specialist-Refiner,Refiner,0.4940351702225544
185,22.044321779359155,HOG8-ML00-H2-GPS-GradientEstimation-Escape-Specialist-Exploiter,Exploiter,0.7706937989485962
190,21.977180391191485,HOG8-ML01-H1-GPS-GradientEstimation-Escape-Specialist-Refiner,Refiner,0.304574524177635
195,21.7962474759856,HOG8-ML00-H2-GPS-GradientEstimation-Escape-Specialist-Exploiter,Exploiter,0.823276289247755
200,21.72455822997081,HOG8-ML01-H1-GPS-GradientEstimation-Escape-Specialist-Refiner,Refiner,0.32890636837268944
207,21.637711421671142,HOG8-ML00-H2-GPS-GradientEstimation-Escape-Specialist-Refiner,Refiner,0.39976328807393746
215,21.528737182033574,HOG8-ML01-H1-GPS-GradientEstimation-Escape-Specialist-Exploiter,Exploiter,0.5036310796179015
219,21.47091562296068,HOG8-ML00-H2-GPS-GradientEstimation-Escape-Specialist-Refiner,Refiner,0.2685784985156917
226,21.258991406219817,HOG8-ML01-H1-GPS-GradientEstimation-Escape-Specialist-Exploiter,Exploiter,0.9870292467370738
229,21.213368774037296,HOG8-ML00-H2-GPS-GradientEstimation-Escape-Specialist-Refiner,Refiner,0.21460393539259487
239,20.944393810430526,HOG8-ML00-H2-GPS-GradientEstimation-Escape-Specialist-Exploiter,Exploiter,1.2679502556706774
249,20.657399998885573,HOG8-ML00-H2-GPS-GradientEstimation-Escape-Specialist-Exploiter,Exploiter,1.3702655428586668
259,20.431767442201984,HOG8-ML00-H2-GPS-GradientEstimation-Escape-Specialist-Exploiter,Exploiter,1.092260191000617
272,20.28884016217598,HOG8-ML01-H1-GPS-GradientEstimation-Escape-Specialist-Exploiter,Exploiter,0.6995345871585585
275,20.19544646757045,HOG8-ML00-H2-GPS-GradientEstimation-Escape-Specialist-Refiner,Refiner,0.4603205203402553
280,20.021707080601022,HOG8-ML01-H1-GPS-GradientEstimation-Escape-Specialist-Exploiter,Exploiter,0.8602899037088125
284,19.90295731733322,HOG8-ML00-H2-GPS-GradientEstimation-Escape-Specialist-Exploiter,Exploiter,0.5931050873422108
296,19.64136832319068,HOG8-ML00-H2-GPS-GradientEstimation-Escape-Specialist-Exploiter,Exploiter,1.3143222385083841
305,19.53681060604795,HOG8-ML01-H1-GPS-GradientEstimation-Escape-Specialist-Exploiter,Exploiter,0.5323341807061226
305,19.410278247419253,HOG8-ML00-H2-GPS-GradientEstimation-Escape-Specialist-Exploiter,Exploiter,0.6476612850488874
312,19.31647727516737,HOG8-ML01-H1-GPS-GradientEstimation-Escape-Specialist-Refiner,Refiner,0.48325413503207143
314,19.19231220493955,HOG8-ML00-H2-GPS-GradientEstimation-Escape-Specialist-Exploiter,Exploiter,0.6427935511173168
324,19.059708060520812,HOG8-ML01-H1-GPS-GradientEstimation-Escape-Specialist-Exploiter,Exploiter,0.6909232353182041
330,18.934756935571603,HOG8-ML00-H2-GPS-GradientEstimation-Escape-Specialist-Exploiter,Exploiter,0.6555773286371896
336,18.86854793715239,HOG8-ML01-H1-GPS-GradientEstimation-Escape-Specialist-Refiner,Refiner,0.34966912247408183
340,18.718094518015345,HOG8-ML00-H2-GPS-GradientEstimation-Escape-Specialist-Exploiter,Exploiter,0.7973767755641619
346,18.648043790251645,HOG8-ML01-H1-GPS-GradientEstimation-Escape-Specialist-Refiner,Refiner,0.37424069899999374
349,18.487223567411526,HOG8-ML00-H2-GPS-GradientEstimation-Escape-Specialist-Exploiter,Exploiter,0.8623972822510666
355,18.396985548746244,HOG8-ML01-H1-GPS-GradientEstimation-Escape-Specialist-Refiner,Refiner,0.48811017152597047
359,18.238135908074963,HOG8-ML00-H2-GPS-GradientEstimation-Escape-Specialist-Exploiter,Exploiter,0.8634547233316003
370,18.01619467457944,HOG8-ML00-H2-GPS-GradientEstimation-Escape-Specialist-Exploiter,Exploiter,1.2169074439085414
380,17.95613789850221,HOG8-ML01-H1-GPS-GradientEstimation-Escape-Specialist-Refiner,Refiner,0.3333488406515238
386,17.805561287426865,HOG8-ML00-H2-GPS-GradientEstimation-Escape-Specialist-Exploiter,Exploiter,0.8385801664393785
390,17.739837417332744,HOG8-ML01-H1-GPS-GradientEstimation-Escape-Specialist-Refiner,Refiner,0.3691199004242081
396,17.54341044098811,HOG8-ML00-H2-GPS-GradientEstimation-Escape-Specialist-Exploiter,Exploiter,1.1072648058922632
401,17.529750584535236,HOG8-ML01-H1-GPS-GradientEstimation-Escape-Specialist-Refiner,Refiner,0.07786317545738272
406,17.362353416590427,HOG8-ML00-H2-GPS-GradientEstimation-Escape-Specialist-Exploiter,Exploiter,0.954931829392298
412,17.305499472994484,HOG8-ML01-H1-GPS-GradientEstimation-Escape-Specialist-Refiner,Refiner,0.32745528346184194
416,17.14412809348027,HOG8-ML00-H2-GPS-GradientEstimation-Escape-Specialist-Exploiter,Exploiter,0.9324861138277885
420,17.12130097263956,HOG8-ML01-H1-GPS-GradientEstimation-Escape-Specialist-Refiner,Refiner,0.13314833344829174
430,16.890421554689926,HOG8-ML00-H2-GPS-GradientEstimation-Escape-Specialist-Exploiter,Exploiter,1.3484922572098186
432,16.87937091833155,HOG8-ML01-H1-GPS-GradientEstimation-Escape-Specialist-Refiner,Refiner,0.0654254621330529
441,16.676730995116635,HOG8-ML00-H2-GPS-GradientEstimation-Escape-Specialist-Exploiter,Exploiter,1.200518219519901
441,16.65393353195471,HOG8-ML01-H1-GPS-GradientEstimation-Escape-Specialist-Refiner,Refiner,0.136702230002997
450,16.466703975739257,HOG8-ML00-H2-GPS-GradientEstimation-Escape-Specialist-Exploiter,Exploiter,1.1242362403825272
461,16.352802873672733,HOG8-ML00-H2-GPS-GradientEstimation-Escape-Specialist-Exploiter,Exploiter,0.6917055303498337
471,16.18735823841255,HOG8-ML01-H1-GPS-GradientEstimation-Escape-Specialist-Exploiter,Exploiter,1.0117203548422966
475,16.070642001361747,HOG8-ML00-H2-GPS-GradientEstimation-Escape-Specialist-Exploiter,Exploiter,0.7210332614610029
481,15.982604197727168,HOG8-ML01-H1-GPS-GradientEstimation-Escape-Specialist-Exploiter,Exploiter,0.5478175895345024
485,15.859739557022365,HOG8-ML00-H2-GPS-GradientEstimation-Escape-Specialist-Exploiter,Exploiter,0.7687398072604151
491,15.757767372256684,HOG8-ML01-H1-GPS-GradientEstimation-Escape-Specialist-Exploiter,Exploiter,0.6429625429790279
495,15.65324030091552,HOG8-ML00-H2-GPS-GradientEstimation-Escape-Specialist-Exploiter,Exploiter,0.6633368095355618
500,15.542045917228329,HOG8-ML01-H1-GPS-GradientEstimation-Escape-Specialist-Exploiter,Exploiter,0.7103601653690074
519,15.285281641883408,HOG8-ML00-H2-GPS-GradientEstimation-Escape-Specialist-Exploiter,Exploiter,1.6520622620236756
521,15.197629903140877,HOG8-ML01-H1-GPS-GradientEstimation-Escape-Specialist-Exploiter,Exploiter,0.5734388204032537
530,15.081962542132729,HOG8-ML01-H1-GPS-GradientEstimation-Escape-Specialist-Exploiter,Exploiter,0.7610881548329004
550,14.995798806358499,HOG8-ML00-H2-GPS-GradientEstimation-Escape-Specialist-Exploiter,Exploiter,0.5713032076132291
550,14.940575789690095,HOG8-ML01-H1-GPS-GradientEstimation-Escape-Specialist-Refiner,Refiner,0.36825658560441443
559,14.761596955610903,HOG8-ML00-H2-GPS-GradientEstimation-Escape-Specialist-Exploiter,Exploiter,1.197937995152091
569,14.537979524350813,HOG8-ML00-H2-GPS-GradientEstimation-Escape-Specialist-Exploiter,Exploiter,1.5148593470782477
584,14.440127989387053,HOG8-ML01-H1-GPS-GradientEstimation-Escape-Specialist-Exploiter,Exploiter,0.6730752014051297
590,14.324121951883818,HOG8-ML00-H2-GPS-GradientEstimation-Escape-Specialist-Exploiter,Exploiter,0.8033587900917141
601,14.077053078922605,HOG8-ML00-H2-GPS-GradientEstimation-Escape-Specialist-Exploiter,Exploiter,1.724844802293241
611,13.876760572260428,HOG8-ML00-H2-GPS-GradientEstimation-Escape-Specialist-Exploiter,Exploiter,1.422829803505336
611,13.840159973836188,HOG8-ML01-H1-GPS-GradientEstimation-Escape-Specialist-Refiner,Refiner,0.2637546294298996
620,13.655279190410992,HOG8-ML00-H2-GPS-GradientEstimation-Escape-Specialist-Exploiter,Exploiter,1.335828370298465
622,13.631654602686005,HOG8-ML01-H1-GPS-GradientEstimation-Escape-Specialist-Refiner,Refiner,0.17300699162252517
630,13.439251509523217,HOG8-ML00-H2-GPS-GradientEstimation-Escape-Specialist-Exploiter,Exploiter,1.4114434290674942
636,13.424444280999595,HOG8-ML01-H1-GPS-GradientEstimation-Escape-Specialist-Refiner,Refiner,0.1101789672819941
641,13.22779539750174,HOG8-ML00-H2-GPS-GradientEstimation-Escape-Specialist-Exploiter,Exploiter,1.4648567894626585
645,13.18000956370759,HOG8-ML01-H1-GPS-GradientEstimation-Escape-Specialist-Refiner,Refiner,0.361253197212109
656,12.93305492756535,HOG8-ML01-H1-GPS-GradientEstimation-Escape-Specialist-Exploiter,Exploiter,1.8737060466348445
666,12.744978251496018,HOG8-ML01-H1-GPS-GradientEstimation-Escape-Specialist-Exploiter,Exploiter,1.4542324077543862
675,12.519044084862692,HOG8-ML00-H2-GPS-GradientEstimation-Escape-Specialist-Exploiter,Exploiter,1.77273089192448
685,12.310794506080361,HOG8-ML00-H2-GPS-GradientEstimation-Escape-Specialist-Exploiter,Exploiter,1.6634623008807379
690,12.296118414024264,HOG8-ML01-H1-GPS-GradientEstimation-Escape-Specialist-Refiner,Refiner,0.11921319983733748
694,12.066436440940752,HOG8-ML00-H2-GPS-GradientEstimation-Escape-Specialist-Exploiter,Exploiter,1.8679225862167155
700,12.011696438537193,HOG8-ML01-H1-GPS-GradientEstimation-Escape-Specialist-Refiner,Refiner,0.45365508426190454
710,11.766102924961565,HOG8-ML01-H1-GPS-GradientEstimation-Escape-Specialist-Exploiter,Exploiter,2.044619715727153
719,11.576760849377044,HOG8-ML00-H2-GPS-GradientEstimation-Escape-Specialist-Exploiter,Exploiter,1.6092165502210254
725,11.561834515457154,HOG8-ML01-H1-GPS-GradientEstimation-Escape-Specialist-Refiner,Refiner,0.12893359476017124
730,11.400930844943717,HOG8-ML00-H2-GPS-GradientEstimation-Escape-Specialist-Exploiter,Exploiter,1.3916794112415474
734,11.3378905568091,HOG8-ML01-H1-GPS-GradientEstimation-Escape-Specialist-Exploiter,Exploiter,0.5529398344046239
740,11.14905108236967,HOG8-ML00-H2-GPS-GradientEstimation-Escape-Specialist-Exploiter,Exploiter,1.665560921524507
746,11.092721179587931,HOG8-ML01-H1-GPS-GradientEstimation-Escape-Specialist-Exploiter,Exploiter,0.5052439204518057
751,10.902204849833751,HOG8-ML00-H2-GPS-GradientEstimation-Escape-Specialist-Exploiter,Exploiter,1.7174895741971345
755,10.888073759849556,HOG8-ML01-H1-GPS-GradientEstimation-Escape-Specialist-Refiner,Refiner,0.12961680851567
761,10.69765665840327,HOG8-ML00-H2-GPS-GradientEstimation-Escape-Specialist-Exploiter,Exploiter,1.748859400167373
765,10.684370301047485,HOG8-ML01-H1-GPS-GradientEstimation-Escape-Specialist-Refiner,Refiner,0.12419876408491869
776,10.449229005757163,HOG8-ML00-H2-GPS-GradientEstimation-Escape-Specialist-Exploiter,Exploiter,2.2007969460518364
779,10.441302790478517,HOG8-ML01-H1-GPS-GradientEstimation-Escape-Specialist-Refiner,Refiner,0.07585454653428333
786,10.202054654382676,HOG8-ML00-H2-GPS-GradientEstimation-Escape-Specialist-Exploiter,Exploiter,2.29136287776284
791,10.18134806114365,HOG8-ML01-H1-GPS-GradientEstimation-Escape-Specialist-Refiner,Refiner,0.2029649314820242
796,9.994291756206392,HOG8-ML00-H2-GPS-GradientEstimation-Escape-Specialist-Exploiter,Exploiter,1.837244968091643
802,9.974088858477321,HOG8-ML01-H1-GPS-GradientEstimation-Escape-Specialist-Refiner,Refiner,0.2021443662230997
806,9.749368347884708,HOG8-ML00-H2-GPS-GradientEstimation-Escape-Specialist-Exploiter,Exploiter,2.25304299752268
820,9.499524436134967,HOG8-ML00-H2-GPS-GradientEstimation-Escape-Specialist-Exploiter,Exploiter,2.5626676809677496
830,9.29228418996188,HOG8-ML00-H2-GPS-GradientEstimation-Escape-Specialist-Exploiter,Exploiter,2.181585484266692
841,9.08567448639412,HOG8-ML00-H2-GPS-GradientEstimation-Escape-Specialist-Exploiter,Exploiter,2.2234544202915365
850,8.838973625565512,HOG8-ML00-H2-GPS-GradientEstimation-Escape-Specialist-Exploiter,Exploiter,2.715272940914246
860,8.632712068854282,HOG8-ML00-H2-GPS-GradientEstimation-Escape-Specialist-Exploiter,Exploiter,2.333546466465818
877,8.413846767231606,HOG8-ML00-H2-GPS-GradientEstimation-Escape-Specialist-Exploiter,Exploiter,2.535301767011484
885,8.282639346138216,HOG8-ML00-H2-GPS-GradientEstimation-Escape-Specialist-Exploiter,Exploiter,1.5594225177048275
895,8.224084842955332,HOG8-ML01-H1-GPS-GradientEstimation-Escape-Specialist-Exploiter,Exploiter,0.7069546401315391
895,8.038309157386834,HOG8-ML00-H2-GPS-GradientEstimation-Escape-Specialist-Exploiter,Exploiter,2.2589222888140696
904,7.836069820383413,HOG8-ML00-H2-GPS-GradientEstimation-Escape-Specialist-Exploiter,Exploiter,2.5159437518967858
915,7.730540511356224,HOG8-ML01-H1-GPS-GradientEstimation-Escape-Specialist-Exploiter,Exploiter,1.3467122096421675
915,7.578200968731736,HOG8-ML00-H2-GPS-GradientEstimation-Escape-Specialist-Exploiter,Exploiter,1.9706195498322536
925,7.525310204664744,HOG8-ML01-H1-GPS-GradientEstimation-Escape-Specialist-Exploiter,Exploiter,0.6979329828441337
925,7.370910137733479,HOG8-ML00-H2-GPS-GradientEstimation-Escape-Specialist-Exploiter,Exploiter,2.0517435525190213
936,7.277907055599174,HOG8-ML01-H1-GPS-GradientEstimation-Escape-Specialist-Exploiter,Exploiter,1.2617584585409571
939,7.1234142635098525,HOG8-ML00-H2-GPS-GradientEstimation-Escape-Specialist-Exploiter,Exploiter,2.1227640159331833
950,6.880094247451735,HOG8-ML00-H2-GPS-GradientEstimation-Escape-Specialist-Exploiter,Exploiter,3.4157779831020028
959,6.677587315318994,HOG8-ML00-H2-GPS-GradientEstimation-Escape-Specialist-Exploiter,Exploiter,2.9433743906596375
969,6.475674296105515,HOG8-ML00-H2-GPS-GradientEstimation-Escape-Specialist-Exploiter,Exploiter,3.023742104431524
982,6.401698364059115,HOG8-ML01-H1-GPS-GradientEstimation-Escape-Specialist-Exploiter,Exploiter,1.1423664727994312
985,6.2182459141797075,HOG8-ML00-H2-GPS-GradientEstimation-Escape-Specialist-Exploiter,Exploiter,2.865684064550115
992,6.16541196287035,HOG8-ML01-H1-GPS-GradientEstimation-Escape-Specialist-Exploiter,Exploiter,0.8496600494502458
995,5.972342231070084,HOG8-ML00-H2-GPS-GradientEstimation-Escape-Specialist-Exploiter,Exploiter,3.1314976673575137
1002,5.918367951422073,HOG8-ML01-H1-GPS-GradientEstimation-Escape-Specialist-Exploiter,Exploiter,0.9037372200008849
1005,5.693374219335812,HOG8-ML00-H2-GPS-GradientEstimation-Escape-Specialist-Exploiter,Exploiter,3.8016178435171257
1026,5.5211023916298565,HOG8-ML00-H2-GPS-GradientEstimation-Escape-Specialist-Exploiter,Exploiter,3.0258300450528406
1036,5.279478106020146,HOG8-ML00-H2-GPS-GradientEstimation-Escape-Specialist-Exploiter,Exploiter,4.376377550541717
1046,5.076136766074654,HOG8-ML00-H2-GPS-GradientEstimation-Escape-Specialist-Exploiter,Exploiter,3.8515424415459334
1057,4.860156782634175,HOG8-ML00-H2-GPS-GradientEstimation-Escape-Specialist-Exploiter,Exploiter,4.254810171466188
1066,4.653418158612073,HOG8-ML00-H2-GPS-GradientEstimation-Escape-Specialist-Exploiter,Exploiter,4.253743927784384
1081,4.409498812131625,HOG8-ML00-H2-GPS-GradientEstimation-Escape-Specialist-Local Explorer,Local Explorer,5.241724215757975
1089,4.191595055955674,HOG8-ML00-H2-GPS-GradientEstimation-Escape-Specialist-Exploiter,Exploiter,4.941689871339655
1100,3.98481209802112,HOG8-ML00-H2-GPS-GradientEstimation-Escape-Specialist-Exploiter,Exploiter,4.933276119808962
1110,3.7410526347096087,HOG8-ML00-H2-GPS-GradientEstimation-Escape-Specialist-Local Explorer,Local Explorer,6.11721349251483
1121,3.5023942488437187,HOG8-ML00-H2-GPS-GradientEstimation-Escape-Specialist-Local Explorer,Local Explorer,6.379444749095739
1135,3.2860752498932917,HOG8-ML00-H2-GPS-GradientEstimation-Escape-Specialist-Local Explorer,Local Explorer,6.17631778666387
1145,3.0803954042003032,HOG8-ML00-H2-GPS-GradientEstimation-Escape-Specialist-Local Explorer,Local Explorer,6.259133770587496
1160,2.8349420655321462,HOG8-ML00-H2-GPS-GradientEstimation-Escape-Specialist-Local Explorer,Local Explorer,7.96824129569427
1170,2.628868861692723,HOG8-ML00-H2-GPS-GradientEstimation-Escape-Specialist-Local Explorer,Local Explorer,7.269044625105632
1179,2.386750499808972,HOG8-ML00-H2-GPS-GradientEstimation-Escape-Specialist-Local Explorer,Local Explorer,9.209982491399419
1190,2.1789202840467876,HOG8-ML00-H2-GPS-GradientEstimation-Escape-Specialist-Local Explorer,Local Explorer,8.707664072085397
1199,1.9864327431099684,HOG8-ML00-H2-GPS-GradientEstimation-Escape-Specialist-Local Explorer,Local Explorer,8.834079077887273
1211,1.7746057723220636,HOG8-ML00-H2-GPS-GradientEstimation-Escape-Specialist-Local Explorer,Local Explorer,10.663687030061109
1225,1.725010413555692,HOG8-ML01-H1-GPS-GradientEstimation-Escape-Specialist-Exploiter,Exploiter,2.7947254280299254
1225,1.5586802749376312,HOG8-ML00-H2-GPS-GradientEstimation-Escape-Specialist-Local Explorer,Local Explorer,9.642268667538739
1236,1.390439830747754,HOG8-ML00-H2-GPS-GradientEstimation-Escape-Specialist-Local Explorer,Local Explorer,10.793775150366178
1244,1.2264851631377598,HOG8-ML00-H2-GPS-GradientEstimation-Escape-Specialist-Local Explorer,Local Explorer,11.791568680956313
1256,1.084436401795657,HOG8-ML00-H2-GPS-GradientEstimation-Escape-Specialist-Local Explorer,Local Explorer,11.581775761452716
1265,1.049369837382347,HOG8-ML01-H1-GPS-GradientEstimation-Escape-Specialist-Exploiter,Exploiter,3.2336211100296124
1265,0.956610244742587,HOG8-ML00-H2-GPS-GradientEstimation-Escape-Specialist-Local Explorer,Local Explorer,8.839552018299742
1280,0.8706255238810336,HOG8-ML00-H2-GPS-GradientEstimation-Escape-Specialist-Local Explorer,Local Explorer,8.988480035010591
1285,0.7697980194119249,HOG8-ML00-H2-GPS-GradientEstimation-Escape-Specialist-Local Explorer,Local Explorer,11.581041642294679
1300,0.6762324884453554,HOG8-ML00-H2-GPS-GradientEstimation-Escape-Specialist-Local Explorer,Local Explorer,12.154555949370643
1309,0.6049207465813546,HOG8-ML00-H2-GPS-GradientEstimation-Escape-Specialist-Local Explorer,Local Explorer,10.545447472946032
1319,0.5454204620761156,HOG8-ML00-H2-GPS-GradientEstimation-Escape-Specialist-Local Explorer,Local Explorer,9.83604626581227
1330,0.48508331636276314,HOG8-ML00-H2-GPS-GradientEstimation-Escape-Specialist-Local Explorer,Local Explorer,11.06250130104803
1339,0.44266410158634373,HOG8-ML00-H2-GPS-GradientEstimation-Escape-Specialist-Local Explorer,Local Explorer,8.744727626273743
1355,0.4043980047714785,HOG8-ML00-H2-GPS-GradientEstimation-Escape-Specialist-Local Explorer,Local Explorer,8.644499673168374
1365,0.36558012042112137,HOG8-ML00-H2-GPS-GradientEstimation-Escape-Specialist-Local Explorer,Local Explorer,9.598930729713361
1375,0.33763469638746846,HOG8-ML00-H2-GPS-GradientEstimation-Escape-Specialist-Local Explorer,Local Explorer,7.644131196592922
1384,0.31063236164849084,HOG8-ML00-H2-GPS-GradientEstimation-Escape-Specialist-Local Explorer,Local Explorer,7.99749996901676
1395,0.2836404598351684,HOG8-ML00-H2-GPS-GradientEstimation-Escape-Specialist-Local Explorer,Local Explorer,8.689339922627338
1405,0.2639072581402772,HOG8-ML00-H2-GPS-GradientEstimation-Escape-Specialist-Local Explorer,Local Explorer,6.957118073478906
1415,0.2485064417812341,HOG8-ML00-H2-GPS-GradientEstimation-Escape-Specialist-Local Explorer,Local Explorer,5.835692609430607
1434,0.23257028684025885,HOG8-ML01-H1-GPS-GradientEstimation-Escape-Specialist-Local Explorer,Local Explorer,6.4127733779248315
1434,0.22935234627985263,HOG8-ML00-H2-GPS-GradientEstimation-Escape-Specialist-Exploiter,Exploiter,1.383642168621682
1435,0.21852588544854482,HOG8-ML00-H2-GPS-GradientEstimation-Escape-Specialist-Exploiter,Exploiter,4.720449128563747
1449,0.20293422677656645,HOG8-ML00-H2-GPS-GradientEstimation-Escape-Specialist-Local Explorer,Local Explorer,7.134925292706186
1460,0.18973200821466457,HOG8-ML00-H2-GPS-GradientEstimation-Escape-Specialist-Local Explorer,Local Explorer,6.505663816108117
1465,0.1887299208246349,HOG8-ML01-H1-GPS-GradientEstimation-Escape-Specialist-Exploiter,Exploiter,0.5281593756683843
1469,0.17846052632447304,HOG8-ML00-H2-GPS-GradientEstimation-Escape-Specialist-Local Explorer,Local Explorer,5.441317653973925
1476,0.1776200740799278,HOG8-ML01-H1-GPS-GradientEstimation-Escape-Specialist-Refiner,Refiner,0.4709457390129763
1480,0.16626476541250873,HOG8-ML00-H2-GPS-GradientEstimation-Escape-Specialist-Local Explorer,Local Explorer,6.3930322775956405
1490,0.15700271820781123,HOG8-ML00-H2-GPS-GradientEstimation-Escape-Specialist-Local Explorer,Local Explorer,5.570661457776721
1505,0.14695497707739008,HOG8-ML00-H2-GPS-GradientEstimation-Escape-Specialist-Local Explorer,Local Explorer,6.399724313767486
1520,0.13712064080748554,HOG8-ML00-H2-GPS-GradientEstimation-Escape-Specialist-Local Explorer,Local Explorer,6.692074311117439
1529,0.12983915075170666,HOG8-ML00-H2-GPS-GradientEstimation-Escape-Specialist-Local Explorer,Local Explorer,5.310280066443053
1544,0.12422175276749799,HOG8-ML00-H2-GPS-GradientEstimation-Escape-Specialist-Exploiter,Exploiter,4.326428470678234
1550,0.12400476272206218,HOG8-ML01-H1-GPS-GradientEstimation-Escape-Specialist-Refiner,Refiner,0.17467958759360103
1554,0.11700545947483297,HOG8-ML00-H2-GPS-GradientEstimation-Escape-Specialist-Local Explorer,Local Explorer,5.6443825975596456
1560,0.11677505858259628,HOG8-ML01-H1-GPS-GradientEstimation-Escape-Specialist-Refiner,Refiner,0.19691465105203101
1565,0.11030538298659961,HOG8-ML00-H2-GPS-GradientEstimation-Escape-Specialist-Local Explorer,Local Explorer,5.540288889189973
1574,0.10495468523495363,HOG8-ML00-H2-GPS-GradientEstimation-Escape-Specialist-Exploiter,Exploiter,4.850803838191658
1585,0.09977207706111363,HOG8-ML00-H2-GPS-GradientEstimation-Escape-Specialist-Exploiter,Exploiter,4.937948374803958
1595,0.09515565449329373,HOG8-ML00-H2-GPS-GradientEstimation-Escape-Specialist-Exploiter,Exploiter,4.626968490384528
1605,0.09073148926288736,HOG8-ML00-H2-GPS-GradientEstimation-Escape-Specialist-Exploiter,Exploiter,4.6493981403051245
1615,0.08979480524836567,HOG8-ML01-H1-GPS-GradientEstimation-Escape-Specialist-Exploiter,Exploiter,1.0323692712766217
1615,0.08656609839211343,HOG8-ML00-H2-GPS-GradientEstimation-Escape-Specialist-Exploiter,Exploiter,3.595649934672583
1626,0.08504363780805113,HOG8-ML01-H1-GPS-GradientEstimation-Escape-Specialist-Exploiter,Exploiter,1.7587261206645821
1630,0.08222158806383646,HOG8-ML00-H2-GPS-GradientEstimation-Escape-Specialist-Exploiter,Exploiter,3.3183549257196807
1640,0.0806450197640237,HOG8-ML01-H1-GPS-GradientEstimation-Escape-Specialist-Exploiter,Exploiter,1.9174627210906192
1640,0.07864108119721049,HOG8-ML00-H2-GPS-GradientEstimation-Escape-Specialist-Exploiter,Exploiter,2.484888183643535
1650,0.07672046232269486,HOG8-ML01-H1-GPS-GradientEstimation-Escape-Specialist-Exploiter,Exploiter,2.4422589889109414
1650,0.07473539333137946,HOG8-ML00-H2-GPS-GradientEstimation-Escape-Specialist-Exploiter,Exploiter,2.5874048868031774
1661,0.07340327011736797,HOG8-ML01-H1-GPS-GradientEstimation-Escape-Specialist-Exploiter,Exploiter,1.782452937799913
1661,0.07148891764338612,HOG8-ML00-H2-GPS-GradientEstimation-Escape-Specialist-Exploiter,Exploiter,2.607993446233252
1669,0.06859211145029116,HOG8-ML00-H2-GPS-GradientEstimation-Escape-Specialist-Exploiter,Exploiter,4.052105261329215
1684,0.06523417929273549,HOG8-ML00-H2-GPS-GradientEstimation-Escape-Specialist-Exploiter,Exploiter,4.895507787348361
1695,0.06476689989151771,HOG8-ML01-H1-GPS-GradientEstimation-Escape-Specialist-Exploiter,Exploiter,0.7163106921616759
1695,0.06265065211591112,HOG8-ML00-H2-GPS-GradientEstimation-Escape-Specialist-Exploiter,Exploiter,3.2674835126449397
1705,0.06021712711311519,HOG8-ML00-H2-GPS-GradientEstimation-Escape-Specialist-Exploiter,Exploiter,3.8842772111830746
1715,0.05861879975869118,HOG8-ML00-H2-GPS-GradientEstimation-Escape-Specialist-Exploiter,Exploiter,2.6542736776891194
1725,0.05828883480014484,HOG8-ML01-H1-GPS-GradientEstimation-Escape-Specialist-Exploiter,Exploiter,0.5628995474227855
1725,0.056334158631859824,HOG8-ML00-H2-GPS-GradientEstimation-Escape-Specialist-Exploiter,Exploiter,3.3534315362230513
1737,0.055558693124459754,HOG8-ML01-H1-GPS-GradientEstimation-Escape-Specialist-Exploiter,Exploiter,1.3765458227000205
1740,0.05387073815540093,HOG8-ML00-H2-GPS-GradientEstimation-Escape-Specialist-Exploiter,Exploiter,3.0381473611655228
1747,0.05150489094567958,HOG8-ML00-H2-GPS-GradientEstimation-Escape-Specialist-Exploiter,Exploiter,4.391711141764178
1760,0.049656323169458914,HOG8-ML00-H2-GPS-GradientEstimation-Escape-Specialist-Exploiter,Exploiter,3.589111135426511
1769,0.04756164815013263,HOG8-ML00-H2-GPS-GradientEstimation-Escape-Specialist-Exploiter,Exploiter,4.218344987360273
1780,0.04724981375236961,HOG8-ML01-H1-GPS-GradientEstimation-Escape-Specialist-Exploiter,Exploiter,0.6556425395072109
1780,0.04593531155476718,HOG8-ML00-H2-GPS-GradientEstimation-Escape-Specialist-Exploiter,Exploiter,2.7820261990694224
1794,0.04435071202256352,HOG8-ML00-H2-GPS-GradientEstimation-Escape-Specialist-Exploiter,Exploiter,3.449632708628515
1804,0.042776282289039416,HOG8-ML00-H2-GPS-GradientEstimation-Escape-Specialist-Exploiter,Exploiter,3.5499536799389158
1816,0.042308324925835354,HOG8-ML01-H1-GPS-GradientEstimation-Escape-Specialist-Exploiter,Exploiter,1.0939645480223674
1816,0.04129386987345221,HOG8-ML00-H2-GPS-GradientEstimation-Escape-Specialist-Exploiter,Exploiter,2.397766997775117
1825,0.04106353187192535,HOG8-ML01-H1-GPS-GradientEstimation-Escape-Specialist-Exploiter,Exploiter,0.5578019261278844
1825,0.039912017595501004,HOG8-ML00-H2-GPS-GradientEstimation-Escape-Specialist-Exploiter,Exploiter,2.804226095348668
1839,0.0388345871637128,HOG8-ML00-H2-GPS-GradientEstimation-Escape-Specialist-Exploiter,Exploiter,2.6995138223973365
1851,0.03815981728591275,HOG8-ML01-H1-GPS-GradientEstimation-Escape-Specialist-Exploiter,Exploiter,1.7375487344707876
1851,0.037366917847598616,HOG8-ML00-H2-GPS-GradientEstimation-Escape-Specialist-Exploiter,Exploiter,2.077838665665847
1861,0.035996450049172214,HOG8-ML00-H2-GPS-GradientEstimation-Escape-Specialist-Exploiter,Exploiter,3.667596573032514
1869,0.03481252343893771,HOG8-ML00-H2-GPS-GradientEstimation-Escape-Specialist-Exploiter,Exploiter,3.289009356803865
1884,0.03358161808813018,HOG8-ML00-H2-GPS-GradientEstimation-Escape-Specialist-Exploiter,Exploiter,3.535811912533663
1894,0.032539678569476704,HOG8-ML00-H2-GPS-GradientEstimation-Escape-Specialist-Exploiter,Exploiter,3.1027079038271803
1906,0.032055598811817534,HOG8-ML01-H1-GPS-GradientEstimation-Escape-Specialist-Exploiter,Exploiter,1.48765992456131
1906,0.031547270107913555,HOG8-ML00-H2-GPS-GradientEstimation-Escape-Specialist-Exploiter,Exploiter,1.5857719797659184
1915,0.030629155424769343,HOG8-ML00-H2-GPS-GradientEstimation-Escape-Specialist-Exploiter,Exploiter,2.910282506231516
1925,0.029744336009054306,HOG8-ML00-H2-GPS-GradientEstimation-Escape-Specialist-Exploiter,Exploiter,2.888814279872363
1935,0.02885658869349101,HOG8-ML00-H2-GPS-GradientEstimation-Escape-Specialist-Exploiter,Exploiter,2.984592815563478
1951,0.02789529823011625,HOG8-ML00-H2-GPS-GradientEstimation-Escape-Specialist-Exploiter,Exploiter,3.3312685487026767
1959,0.027115822693450756,HOG8-ML00-H2-GPS-GradientEstimation-Escape-Specialist-Exploiter,Exploiter,2.7942900277866882
1970,0.02623578327587725,HOG8-ML00-H2-GPS-GradientEstimation-Escape-Specialist-Exploiter,Exploiter,3.245483006444281
1980,0.02552504717076564,HOG8-ML00-H2-GPS-GradientEstimation-Escape-Specialist-Exploiter,Exploiter,2.709033298674577
1995,0.024725576341861576,HOG8-ML00-H2-GPS-GradientEstimation-Escape-Specialist-Exploiter,Exploiter,3.1321032378726175
2004,0.024081245174901185,HOG8-ML00-H2-GPS-GradientEstimation-Escape-Specialist-Exploiter,Exploiter,2.6059298195994245
2019,0.023358972977493293,HOG8-ML00-H2-GPS-GradientEstimation-Escape-Specialist-Exploiter,Exploiter,2.9993141640395073
2029,0.022957706662470358,HOG8-ML00-H2-GPS-GradientEstimation-Escape-Specialist-Exploiter,Exploiter,1.717825160419345
2040,0.02226524102591838,HOG8-ML00-H2-GPS-GradientEstimation-Escape-Specialist-Exploiter,Exploiter,3.01626659288217
2051,0.02224020278074183,HOG8-ML01-H1-GPS-GradientEstimation-Escape-Specialist-Refiner,Refiner,0.11245440885820357
2055,0.021730879494528857,HOG8-ML00-H2-GPS-GradientEstimation-Escape-Specialist-Exploiter,Exploiter,2.2901018090266883
2065,0.021689972712684094,HOG8-ML01-H1-GPS-GradientEstimation-Escape-Specialist-Refiner,Refiner,0.1882426427106268
2065,0.02118886666090137,HOG8-ML00-H2-GPS-GradientEstimation-Escape-Specialist-Exploiter,Exploiter,2.3103120433604003
2075,0.021069423942605286,HOG8-ML01-H1-GPS-GradientEstimation-Escape-Specialist-Exploiter,Exploiter,0.5637050825209268
2075,0.020679244542544856,HOG8-ML00-H2-GPS-GradientEstimation-Escape-Specialist-Exploiter,Exploiter,1.851875025740184
2086,0.020472220695233988,HOG8-ML01-H1-GPS-GradientEstimation-Escape-Specialist-Exploiter,Exploiter,1.0011190055078816
2086,0.020108239352491696,HOG8-ML00-H2-GPS-GradientEstimation-Escape-Specialist-Exploiter,Exploiter,1.7779279940403754
2096,0.01988820910765863,HOG8-ML01-H1-GPS-GradientEstimation-Escape-Specialist-Exploiter,Exploiter,1.0942292906703524
2096,0.01956144142323674,HOG8-ML00-H2-GPS-GradientEstimation-Escape-Specialist-Exploiter,Exploiter,1.6430221678233277
2106,0.019435041936426756,HOG8-ML01-H1-GPS-GradientEstimation-Escape-Specialist-Exploiter,Exploiter,0.6461665276866352
2106,0.019111848124136865,HOG8-ML00-H2-GPS-GradientEstimation-Escape-Specialist-Exploiter,Exploiter,1.6629437350692542
2119,0.018594074378026414,HOG8-ML00-H2-GPS-GradientEstimation-Escape-Specialist-Exploiter,Exploiter,2.709176751234958
2129,0.018160413743274664,HOG8-ML00-H2-GPS-GradientEstimation-Escape-Specialist-Exploiter,Exploiter,2.332251802026937
2140,0.01768981398638495,HOG8-ML00-H2-GPS-GradientEstimation-Escape-Specialist-Exploiter,Exploiter,2.5913493136354875
2153,0.0172930374675286,HOG8-ML00-H2-GPS-GradientEstimation-Escape-Specialist-Exploiter,Exploiter,2.242966032100352
2160,0.017132472173038087,HOG8-ML00-H2-GPS-GradientEstimation-Escape-Specialist-Exploiter,Exploiter,0.9284967709808594
2174,0.016854556702963458,HOG8-ML00-H2-GPS-GradientEstimation-Escape-Specialist-Exploiter,Exploiter,1.62215626132458
2190,0.01669107123780261,HOG8-ML00-H2-GPS-GradientEstimation-Escape-Specialist-Exploiter,Exploiter,0.969977840663729
2206,0.016351669718686825,HOG8-ML00-H2-GPS-GradientEstimation-Escape-Specialist-Exploiter,Exploiter,2.0334316131075783
2214,0.016085808818337776,HOG8-ML00-H2-GPS-GradientEstimation-Escape-Specialist-Exploiter,Exploiter,1.6258945106090323
2225,0.015684836351348257,HOG8-ML00-H2-GPS-GradientEstimation-Escape-Specialist-Exploiter,Exploiter,2.492709390729622
2239,0.01538750349742194,HOG8-ML00-H2-GPS-GradientEstimation-Escape-Specialist-Exploiter,Exploiter,1.8956707438057356
2251,0.015101584221053678,HOG8-ML00-H2-GPS-GradientEstimation-Escape-Specialist-Exploiter,Exploiter,1.858126475267193
2265,0.014971415505607842,HOG8-ML01-H1-GPS-GradientEstimation-Escape-Specialist-Exploiter,Exploiter,0.8619540409830855
2266,0.014714735948585763,HOG8-ML00-H2-GPS-GradientEstimation-Escape-Specialist-Exploiter,Exploiter,1.7144641862750671
2274,0.014418281260209448,HOG8-ML00-H2-GPS-GradientEstimation-Escape-Specialist-Exploiter,Exploiter,2.0146789545673647
2285,0.014406904393734106,HOG8-ML01-H1-GPS-GradientEstimation-Escape-Specialist-Refiner,Refiner,0.07890584369954443
2289,0.014106544298679377,HOG8-ML00-H2-GPS-GradientEstimation-Escape-Specialist-Exploiter,Exploiter,2.084834374172447
2300,0.013856147178181333,HOG8-ML00-H2-GPS-GradientEstimation-Escape-Specialist-Exploiter,Exploiter,1.775042244197857
2306,0.013844711998246632,HOG8-ML01-H1-GPS-GradientEstimation-Escape-Specialist-Refiner,Refiner,0.08252784693791293
2309,0.013574746967278166,HOG8-ML00-H2-GPS-GradientEstimation-Escape-Specialist-Exploiter,Exploiter,1.9499505009757945
2321,0.013343186701699873,HOG8-ML00-H2-GPS-GradientEstimation-Escape-Specialist-Exploiter,Exploiter,1.7058164408991703
2329,0.013339805741980728,HOG8-ML01-H1-GPS-GradientEstimation-Escape-Specialist-Polisher,Polisher,0.025338472695690114
2330,0.013163629350582582,HOG8-ML00-H2-GPS-GradientEstimation-Escape-Specialist-Exploiter,Exploiter,1.3206818360458938
2339,0.013156522736533892,HOG8-ML01-H1-GPS-GradientEstimation-Escape-Specialist-Refiner,Refiner,0.05398673769537297
2344,0.012903726836624092,HOG8-ML00-H2-GPS-GradientEstimation-Escape-Specialist-Exploiter,Exploiter,1.9214491927097073
2355,0.012666226447523379,HOG8-ML00-H2-GPS-GradientEstimation-Escape-Specialist-Exploiter,Exploiter,1.840556547017302
2367,0.012427871518745033,HOG8-ML00-H2-GPS-GradientEstimation-Escape-Specialist-Exploiter,Exploiter,1.8818148385855757
2374,0.012247398950787585,HOG8-ML00-H2-GPS-GradientEstimation-Escape-Specialist-Exploiter,Exploiter,1.452159910771847
2389,0.012032182335537784,HOG8-ML00-H2-GPS-GradientEstimation-Escape-Specialist-Exploiter,Exploiter,1.7572434450333771
2399,0.011846178137602638,HOG8-ML00-H2-GPS-GradientEstimation-Escape-Specialist-Exploiter,Exploiter,1.545889122588934
2409,0.01168958305179789,HOG8-ML00-H2-GPS-GradientEstimation-Escape-Specialist-Exploiter,Exploiter,1.3219038578161928
2420,0.011498438725544225,HOG8-ML00-H2-GPS-GradientEstimation-Escape-Specialist-Exploiter,Exploiter,1.6351680415518919
2435,0.011313930074054058,HOG8-ML00-H2-GPS-GradientEstimation-Escape-Specialist-Exploiter,Exploiter,1.604640907293563
2445,0.01116789091721478,HOG8-ML00-H2-GPS-GradientEstimation-Escape-Specialist-Exploiter,Exploiter,1.29079069680823
2455,0.01101605353365096,HOG8-ML00-H2-GPS-GradientEstimation-Escape-Specialist-Exploiter,Exploiter,1.3595887055967708
2469,0.010854991810703311,HOG8-ML00-H2-GPS-GradientEstimation-Escape-Specialist-Exploiter,Exploiter,1.462063727773744
2479,0.010718753009898925,HOG8-ML00-H2-GPS-GradientEstimation-Escape-Specialist-Exploiter,Exploiter,1.2550797198211756
2490,0.010587800086146282,HOG8-ML00-H2-GPS-GradientEstimation-Escape-Specialist-Exploiter,Exploiter,1.221717896024895
2506,0.010457385360605484,HOG8-ML00-H2-GPS-GradientEstimation-Escape-Specialist-Exploiter,Exploiter,1.231745258502195
2517,0.010437912208802051,HOG8-ML01-H1-GPS-GradientEstimation-Escape-Specialist-Refiner,Refiner,0.18621434643492882
2524,0.010296134238878714,HOG8-ML00-H2-GPS-GradientEstimation-Escape-Specialist-Exploiter,Exploiter,1.3582981642993597
2536,0.010179998779322514,HOG8-ML00-H2-GPS-GradientEstimation-Escape-Specialist-Exploiter,Exploiter,1.127952072707706
2546,0.010074596732233253,HOG8-ML00-H2-GPS-GradientEstimation-Escape-Specialist-Exploiter,Exploiter,1.035383690844363
2555,0.009971760023685682,HOG8-ML00-H2-GPS-GradientEstimation-Escape-Specialist-Exploiter,Exploiter,1.0207526046035151
2560,0.0099557194356058,HOG8-ML01-H1-GPS-GradientEstimation-Escape-Specialist-Refiner,Refiner,0.16086014947994132
2567,0.009878743234609152,HOG8-ML00-H2-GPS-GradientEstimation-Escape-Specialist-Exploiter,Exploiter,0.7731857199726684
2576,0.009856390385833632,HOG8-ML01-H1-GPS-GradientEstimation-Escape-Specialist-Refiner,Refiner,0.22627219115493613
2576,0.009811680844480265,HOG8-ML00-H2-GPS-GradientEstimation-Escape-Specialist-Refiner,Refiner,0.45360968471406204
2586,0.00969920119154417,HOG8-ML00-H2-GPS-GradientEstimation-Escape-Specialist-Exploiter,Exploiter,1.1463851578434892
2595,0.009606227274193005,HOG8-ML00-H2-GPS-GradientEstimation-Escape-Specialist-Exploiter,Exploiter,0.9585729331217551
2606,0.009555734388046473,HOG8-ML01-H1-GPS-GradientEstimation-Escape-Specialist-Exploiter,Exploiter,0.525626603507295
2609,0.009494238093852561,HOG8-ML00-H2-GPS-GradientEstimation-Escape-Specialist-Exploiter,Exploiter,0.6435538253432316
2620,0.009414235171481017,HOG8-ML00-H2-GPS-GradientEstimation-Escape-Specialist-Exploiter,Exploiter,0.8426471042826051
2629,0.009326633287652548,HOG8-ML00-H2-GPS-GradientEstimation-Escape-Specialist-Exploiter,Exploiter,0.9305257647891024
2640,0.009293273850184162,HOG8-ML01-H1-GPS-GradientEstimation-Escape-Specialist-Refiner,Refiner,0.3576793087013576
2646,0.00924214176187466,HOG8-ML00-H2-GPS-GradientEstimation-Escape-Specialist-Exploiter,Exploiter,0.5502053327363146
2650,0.009211901086351552,HOG8-ML01-H1-GPS-GradientEstimation-Escape-Specialist-Refiner,Refiner,0.32720419467979533
2655,0.009161255279424869,HOG8-ML00-H2-GPS-GradientEstimation-Escape-Specialist-Exploiter,Exploiter,0.549786699313576
2664,0.009102381723103636,HOG8-ML00-H2-GPS-GradientEstimation-Escape-Specialist-Exploiter,Exploiter,0.6426363475915399
2674,0.009021335506252058,HOG8-ML00-H2-GPS-GradientEstimation-Escape-Specialist-Exploiter,Exploiter,0.8903847291513458
2686,0.008955491117026931,HOG8-ML00-H2-GPS-GradientEstimation-Escape-Specialist-Exploiter,Exploiter,0.7298740766208573
2697,0.008908383832063466,HOG8-ML01-H1-GPS-GradientEstimation-Escape-Specialist-Exploiter,Exploiter,0.5260156517145225
2702,0.008880682038190067,HOG8-ML00-H2-GPS-GradientEstimation-Escape-Specialist-Refiner,Refiner,0.310963182498867
2707,0.00885533698337936,HOG8-ML01-H1-GPS-GradientEstimation-Escape-Specialist-Refiner,Refiner,0.28539536379878455
2711,0.008808964741836973,HOG8-ML00-H2-GPS-GradientEstimation-Escape-Specialist-Exploiter,Exploiter,0.5236643351848074
2715,0.008781687545102945,HOG8-ML01-H1-GPS-GradientEstimation-Escape-Specialist-Refiner,Refiner,0.3096526951059098
2720,0.008732617665566298,HOG8-ML00-H2-GPS-GradientEstimation-Escape-Specialist-Exploiter,Exploiter,0.5587750564412953
2727,0.00870932177176946,HOG8-ML01-H1-GPS-GradientEstimation-Escape-Specialist-Refiner,Refiner,0.2667687363514899
2730,0.008667022138773713,HOG8-ML00-H2-GPS-GradientEstimation-Escape-Specialist-Refiner,Refiner,0.48568228507594796
2736,0.008641120051821107,HOG8-ML01-H1-GPS-GradientEstimation-Escape-Specialist-Refiner,Refiner,0.29885797610609255
2741,0.008605258727808901,HOG8-ML00-H2-GPS-GradientEstimation-Escape-Specialist-Refiner,Refiner,0.4150078207124098
2751,0.008568127535088491,HOG8-ML01-H1-GPS-GradientEstimation-Escape-Specialist-Refiner,Refiner,0.43149420482171313
2757,0.00853370101708339,HOG8-ML00-H2-GPS-GradientEstimation-Escape-Specialist-Refiner,Refiner,0.4017974506578777
2760,0.008507152555997748,HOG8-ML01-H1-GPS-GradientEstimation-Escape-Specialist-Refiner,Refiner,0.31110137363020723
2765,0.008472628981917252,HOG8-ML00-H2-GPS-GradientEstimation-Escape-Specialist-Refiner,Refiner,0.40581820830468796
2771,0.00843763763756409,HOG8-ML01-H1-GPS-GradientEstimation-Escape-Specialist-Refiner,Refiner,0.4129927608991564
2776,0.008414784486753623,HOG8-ML00-H2-GPS-GradientEstimation-Escape-Specialist-Refiner,Refiner,0.270847739522788
2785,0.00836541162688498,HOG8-ML00-H2-GPS-GradientEstimation-Escape-Specialist-Exploiter,Exploiter,0.5867394458689426
2796,0.008320083859418154,HOG8-ML01-H1-GPS-GradientEstimation-Escape-Specialist-Exploiter,Exploiter,0.5418474247118953
2799,0.008316713801763811,HOG8-ML00-H2-GPS-GradientEstimation-Escape-Specialist-Polisher,Polisher,0.04050509239191551
2810,0.00825284359757373,HOG8-ML00-H2-GPS-GradientEstimation-Escape-Specialist-Exploiter,Exploiter,0.7679740545663178
2819,0.008205703828997534,HOG8-ML01-H1-GPS-GradientEstimation-Escape-Specialist-Exploiter,Exploiter,0.5711942558811405
2819,0.00819428736604257,HOG8-ML00-H2-GPS-GradientEstimation-Escape-Specialist-Refiner,Refiner,0.13912838182899923
2830,0.008151464653957453,HOG8-ML01-H1-GPS-GradientEstimation-Escape-Specialist-Exploiter,Exploiter,0.5225922666878284
2835,0.008137031560683142,HOG8-ML00-H2-GPS-GradientEstimation-Escape-Specialist-Refiner,Refiner,0.1770613489356692
2840,0.00810294950749997,HOG8-ML01-H1-GPS-GradientEstimation-Escape-Specialist-Refiner,Refiner,0.4188511858286264
2845,0.008080206147546787,HOG8-ML00-H2-GPS-GradientEstimation-Escape-Specialist-Refiner,Refiner,0.28068001574158985
2849,0.008060408043605744,HOG8-ML01-H1-GPS-GradientEstimation-Escape-Specialist-Refiner,Refiner,0.24501978760843646
2855,0.00803638440653544,HOG8-ML00-H2-GPS-GradientEstimation-Escape-Specialist-Refiner,Refiner,0.2980449245291249
2860,0.008015743745471204,HOG8-ML01-H1-GPS-GradientEstimation-Escape-Specialist-Refiner,Refiner,0.2568401412885322
2865,0.007993424638912174,HOG8-ML00-H2-GPS-GradientEstimation-Escape-Specialist-Refiner,Refiner,0.2784408692161663
2871,0.007965941102934665,HOG8-ML01-H1-GPS-GradientEstimation-Escape-Specialist-Refiner,Refiner,0.3438267978873341
2880,0.007949259816808796,HOG8-ML00-H2-GPS-GradientEstimation-Escape-Specialist-Refiner,Refiner,0.2094076005623919
2886,0.007925731352012085,HOG8-ML01-H1-GPS-GradientEstimation-Escape-Specialist-Refiner,Refiner,0.29598308948161983
2891,0.007908917895571254,HOG8-ML00-H2-GPS-GradientEstimation-Escape-Specialist-Refiner,Refiner,0.2121376021225111
2896,0.007887970545671674,HOG8-ML01-H1-GPS-GradientEstimation-Escape-Specialist-Refiner,Refiner,0.2648573442810676
2900,0.007878262256764764,HOG8-ML00-H2-GPS-GradientEstimation-Escape-Specialist-Refiner,Refiner,0.1230771445037485
2907,0.007848533306790152,HOG8-ML01-H1-GPS-GradientEstimation-Escape-Specialist-Refiner,Refiner,0.3773541550877599
2910,0.007847715703226147,HOG8-ML00-H2-GPS-GradientEstimation-Escape-Specialist-Polisher,Polisher,0.010417278388780753
2916,0.00780519967889905,HOG8-ML01-H1-GPS-GradientEstimation-Escape-Specialist-Exploiter,Exploiter,0.5417630548163072
2920,0.007802815515321346,HOG8-ML00-H2-GPS-GradientEstimation-Escape-Specialist-Polisher,Polisher,0.030545837080248377
2930,0.007766855687146807,HOG8-ML00-H2-GPS-GradientEstimation-Escape-Specialist-Refiner,Refiner,0.46085708554725313
2940,0.00773435163970814,HOG8-ML01-H1-GPS-GradientEstimation-Escape-Specialist-Refiner,Refiner,0.41849686344059356
2946,0.007733171083468937,HOG8-ML00-H2-GPS-GradientEstimation-Escape-Specialist-Polisher,Polisher,0.015263803537740562
2951,0.007707813892877764,HOG8-ML00-H2-GPS-GradientEstimation-Escape-Specialist-Refiner,Refiner,0.3279015854877287
2951,0.007705126251476481,HOG8-ML01-H1-GPS-GradientEstimation-Escape-Specialist-Polisher,Polisher,0.03486904897595653
2961,0.007664544315235829,HOG8-ML01-H1-GPS-GradientEstimation-Escape-Specialist-Exploiter,Exploiter,0.5266874924064354
2971,0.0076268772669573865,HOG8-ML01-H1-GPS-GradientEstimation-Escape-Specialist-Refiner,Refiner,0.4914453714301972
2982,0.007598356524588934,HOG8-ML01-H1-GPS-GradientEstimation-Escape-Specialist-Refiner,Refiner,0.37395045665695886
2995,0.0075699552986315324,HOG8-ML01-H1-GPS-GradientEstimation-Escape-Specialist-Refiner,Refiner,0.3737811705135495
3006,0.007537084092423936,HOG8-ML00-H2-GPS-GradientEstimation-Escape-Specialist-Refiner,Refiner,0.4342325008648169
3014,0.007503130057999348,HOG8-ML04-H1-GPS-Sniper-Specialist-Refiner,Refiner,0.4504929759071936
3024,0.007296860472777896,HOG8-ML04-H1-GPS-Sniper-Specialist-Exploiter,Exploiter,2.7491138181929853
3035,0.007177488002612673,HOG8-ML04-H1-GPS-Sniper-Specialist-Exploiter,Exploiter,1.6359428909263265
3044,0.0071170477234527695,HOG8-ML04-H1-GPS-Sniper-Specialist-Exploiter,Exploiter,0.8420812286680639
3055,0.0070331064883374554,HOG8-ML04-H1-GPS-Sniper-Specialist-Exploiter,Exploiter,1.179438980557949
3066,0.006948864274599575,HOG8-ML04-H1-GPS-Sniper-Specialist-Exploiter,Exploiter,1.1977952257309639
3075,0.006866670876235123,HOG8-ML04-H1-GPS-Sniper-Specialist-Exploiter,Exploiter,1.1828321163919753
3085,0.006770620143355903,HOG8-ML04-H1-GPS-Sniper-Specialist-Exploiter,Exploiter,1.3987962232417697
3095,0.0067157166339710875,HOG8-ML04-H1-GPS-Sniper-Specialist-Exploiter,Exploiter,0.8109081328199064
3105,0.006690044713013562,HOG8-ML04-H1-GPS-Sniper-Specialist-Refiner,Refiner,0.3822662919942927
3118,0.006650366058179586,HOG8-ML04-H1-GPS-Sniper-Specialist-Exploiter,Exploiter,0.5930999946352096
3128,0.0066029575699280045,HOG8-ML04-H1-GPS-Sniper-Specialist-Exploiter,Exploiter,0.7128703568621059
3140,0.0065598274907710296,HOG8-ML04-H1-GPS-Sniper-Specialist-Exploiter,Exploiter,0.6531933410174139
3150,0.006515960290076518,HOG8-ML04-H1-GPS-Sniper-Specialist-Exploiter,Exploiter,0.6687249132119429
3158,0.006462053226288152,HOG8-ML04-H1-GPS-Sniper-Specialist-Exploiter,Exploiter,0.8273080465279016
3168,0.006415725446622859,HOG8-ML04-H1-GPS-Sniper-Specialist-Exploiter,Exploiter,0.7169204282754557
3179,0.006397501838689109,HOG8-ML04-H1-GPS-Sniper-Specialist-Refiner,Refiner,0.284045944380964
3188,0.006368659091657432,HOG8-ML04-H1-GPS-Sniper-Specialist-Refiner,Refiner,0.45084390374457967
3198,0.006316085361182309,HOG8-ML04-H1-GPS-Sniper-Specialist-Exploiter,Exploiter,0.8255070607247887
3210,0.006262932842251974,HOG8-ML04-H1-GPS-Sniper-Specialist-Exploiter,Exploiter,0.8415421244462977
3218,0.006214246578498301,HOG8-ML04-H1-GPS-Sniper-Specialist-Exploiter,Exploiter,0.7773716400919667
3229,0.006192739732585398,HOG8-ML04-H1-GPS-Sniper-Specialist-Refiner,Refiner,0.3460893551813395
3239,0.006166968631152446,HOG8-ML04-H1-GPS-Sniper-Specialist-Refiner,Refiner,0.41615024279717727
3249,0.0061420370083296845,HOG8-ML04-H1-GPS-Sniper-Specialist-Refiner,Refiner,0.40427679000700184
3260,0.006097579327429867,HOG8-ML04-H1-GPS-Sniper-Specialist-Exploiter,Exploiter,0.723826327316578
3269,0.006041983738039592,HOG8-ML04-H1-GPS-Sniper-Specialist-Exploiter,Exploiter,0.9117649218629895
3285,0.005996506586441204,HOG8-ML04-H1-GPS-Sniper-Specialist-Exploiter,Exploiter,0.7526857663000524
3290,0.005954636784796557,HOG8-ML04-H1-GPS-Sniper-Specialist-Exploiter,Exploiter,0.6982365655917024
3300,0.005929758619107243,HOG8-ML04-H1-GPS-Sniper-Specialist-Refiner,Refiner,0.4177948477534837
3309,0.005907512366978188,HOG8-ML04-H1-GPS-Sniper-Specialist-Refiner,Refiner,0.3751628617288446
3320,0.005878894637985585,HOG8-ML04-H1-GPS-Sniper-Specialist-Refiner,Refiner,0.48442943856655557
3330,0.005804661274045584,HOG8-ML04-H1-GPS-Sniper-Specialist-Exploiter,Exploiter,1.2627095484983473
3334,0.005787954055241798,HOG8-ML04-H1-GPS-Sniper-Specialist-Refiner,Refiner,0.2878241815502533
3341,0.005763306725169407,HOG8-ML04-H1-GPS-Sniper-Specialist-Refiner,Refiner,0.42583838498284
3346,0.005748191108611606,HOG8-ML04-H1-GPS-Sniper-Specialist-Refiner,Refiner,0.26227333158910787
3349,0.005707888471022845,HOG8-ML04-H1-GPS-Sniper-Specialist-Exploiter,Exploiter,0.7011360065670416
3354,0.005700873942949867,HOG8-ML04-H1-GPS-Sniper-Specialist-Refiner,Refiner,0.12289182082987009
3358,0.0056947486035808775,HOG8-ML04-H1-GPS-Sniper-Specialist-Refiner,Refiner,0.107445620273092
3364,0.005678658235123648,HOG8-ML04-H1-GPS-Sniper-Specialist-Refiner,Refiner,0.2825474762329663
3370,0.005631074967643793,HOG8-ML04-H1-GPS-Sniper-Specialist-Exploiter,Exploiter,0.8379315237804323
3385,0.005505739389579399,HOG8-ML04-H1-GPS-Sniper-Specialist-Exploiter,Exploiter,2.2257842203233538
3390,0.005498743545313694,HOG8-ML04-H1-GPS-Sniper-Specialist-Refiner,Refiner,0.12706457336041138
3400,0.0054595700105591165,HOG8-ML04-H1-GPS-Sniper-Specialist-Exploiter,Exploiter,0.7124088336136911
3409,0.005449503555551471,HOG8-ML00-H2-GPS-GradientEstimation-Escape-Specialist-Refiner,Refiner,0.18438182838898667
3416,0.005444694501703022,HOG8-ML04-H1-GPS-Sniper-Specialist-Refiner,Refiner,0.08824755868908125
3424,0.005364513161123076,HOG8-ML04-H1-GPS-Sniper-Specialist-Exploiter,Exploiter,1.472650863236975
3427,0.005345692541151963,HOG8-ML04-H1-GPS-Sniper-Specialist-Refiner,Refiner,0.3508355633742817
3434,0.005327938883021521,HOG8-ML04-H1-GPS-Sniper-Specialist-Refiner,Refiner,0.33211147094171506
3437,0.005323910884977481,HOG8-ML04-H1-GPS-Sniper-Specialist-Refiner,Refiner,0.07560143110642548
3440,0.005313638847244241,HOG8-ML04-H1-GPS-Sniper-Specialist-Refiner,Refiner,0.19294157913546664
3444,0.00530245836870957,HOG8-ML04-H1-GPS-Sniper-Specialist-Refiner,Refiner,0.21041096047521246
3454,0.005205420871022751,HOG8-ML04-H1-GPS-Sniper-Specialist-Exploiter,Exploiter,1.830047327847944
3457,0.005204381319379094,HOG8-ML04-H1-GPS-Sniper-Specialist-Polisher,Polisher,0.019970558950272582
3465,0.005174336384519237,HOG8-ML04-H1-GPS-Sniper-Specialist-Exploiter,Exploiter,0.5773007974642693
3475,0.00514541919752837,HOG8-ML04-H1-GPS-Sniper-Specialist-Exploiter,Exploiter,0.5588578871173059
3481,0.005101926394350493,HOG8-ML04-H1-GPS-Sniper-Specialist-Exploiter,Exploiter,0.8452722996557699
3495,0.0049956784443744035,HOG8-ML04-H1-GPS-Sniper-Specialist-Exploiter,Exploiter,2.0825065232956073
3501,0.004949174522845731,HOG8-ML04-H1-GPS-Sniper-Specialist-Exploiter,Exploiter,0.9308830031092246
3505,0.004936758462307198,HOG8-ML04-H1-GPS-Sniper-Specialist-Refiner,Refiner,0.25087134190195687
3505,0.004933735018962642,HOG8-ML05-H2-GPS-JADE-Specialist-Refiner,Refiner,0.061243493430767085
3514,0.004918875848955249,HOG8-ML04-H1-GPS-Sniper-Specialist-Refiner,Refiner,0.30117486955182526
3525,0.0048990729205955425,HOG8-ML04-H1-GPS-Sniper-Specialist-Refiner,Refiner,0.4025905301901898
3531,0.004880379522470293,HOG8-ML04-H1-GPS-Sniper-Specialist-Refiner,Refiner,0.3815701139426331
3540,0.004852840279320858,HOG8-ML04-H1-GPS-Sniper-Specialist-Exploiter,Exploiter,0.5642848680648513
3552,0.004801425378269877,HOG8-ML04-H1-GPS-Sniper-Specialist-Exploiter,Exploiter,1.0594805946956949
3567,0.004735739359568205,HOG8-ML04-H1-GPS-Sniper-Specialist-Exploiter,Exploiter,1.368052474562061
3576,0.0046746853356417414,HOG8-ML04-H1-GPS-Sniper-Specialist-Exploiter,Exploiter,1.28921841534857
3581,0.004642703972541729,HOG8-ML04-H1-GPS-Sniper-Specialist-Exploiter,Exploiter,0.6841393763163703
3594,0.00461293350423996,HOG8-ML04-H1-GPS-Sniper-Specialist-Exploiter,Exploiter,0.6412312410577983
3605,0.004592977309943894,HOG8-ML04-H1-GPS-Sniper-Specialist-Refiner,Refiner,0.43261395980937833
3615,0.0045766526240615495,HOG8-ML04-H1-GPS-Sniper-Specialist-Refiner,Refiner,0.3554270962105866
3625,0.004545767822725259,HOG8-ML04-H1-GPS-Sniper-Specialist-Exploiter,Exploiter,0.6748338550738013
3635,0.004531562831817245,HOG8-ML04-H1-GPS-Sniper-Specialist-Refiner,Refiner,0.3124882629728726
3645,0.004524160164237049,HOG8-ML04-H1-GPS-Sniper-Specialist-Refiner,Refiner,0.163357937535812
3655,0.004506462671154194,HOG8-ML04-H1-GPS-Sniper-Specialist-Refiner,Refiner,0.39117742167377706
3664,0.004499510973478854,HOG8-ML04-H1-GPS-Sniper-Specialist-Refiner,Refiner,0.15426062929218956
3674,0.004489262506629777,HOG8-ML04-H1-GPS-Sniper-Specialist-Refiner,Refiner,0.22776845993894876
3686,0.004464370675224078,HOG8-ML04-H1-GPS-Sniper-Specialist-Exploiter,Exploiter,0.5544748467914056
3695,0.004410756799600665,HOG8-ML04-H1-GPS-Sniper-Specialist-Exploiter,Exploiter,1.2009279588039898
3706,0.004386313258382825,HOG8-ML04-H1-GPS-Sniper-Specialist-Exploiter,Exploiter,0.5541802082593491
3716,0.00437491244470363,HOG8-ML04-H1-GPS-Sniper-Specialist-Refiner,Refiner,0.25991790844866564
3728,0.004360521094583111,HOG8-ML04-H1-GPS-Sniper-Specialist-Refiner,Refiner,0.3289517288041021
3736,0.004344666518208215,HOG8-ML04-H1-GPS-Sniper-Specialist-Refiner,Refiner,0.3635936171617676
3746,0.004334134417186151,HOG8-ML04-H1-GPS-Sniper-Specialist-Refiner,Refiner,0.24241448631153523
3756,0.004323720531303581,HOG8-ML04-H1-GPS-Sniper-Specialist-Refiner,Refiner,0.24027602469540726
3769,0.004297505766893571,HOG8-ML04-H1-GPS-Sniper-Specialist-Exploiter,Exploiter,0.6063010830652767
3778,0.004283216987016266,HOG8-ML04-H1-GPS-Sniper-Specialist-Refiner,Refiner,0.33249006871336867
3789,0.004255691927727014,HOG8-ML04-H1-GPS-Sniper-Specialist-Exploiter,Exploiter,0.6426258434417111
3797,0.004213235139133547,HOG8-ML04-H1-GPS-Sniper-Specialist-Exploiter,Exploiter,0.9976471350486962
3808,0.004174028813123075,HOG8-ML04-H1-GPS-Sniper-Specialist-Exploiter,Exploiter,0.9305515765382809
3818,0.004157945744300322,HOG8-ML04-H1-GPS-Sniper-Specialist-Refiner,Refiner,0.385312836657673
3828,0.004124596213984314,HOG8-ML04-H1-GPS-Sniper-Specialist-Exploiter,Exploiter,0.8020674719414688
3841,0.0041031865992268955,HOG8-ML04-H1-GPS-Sniper-Specialist-Exploiter,Exploiter,0.5190717744643697
3849,0.0040940695912075505,HOG8-ML04-H1-GPS-Sniper-Specialist-Refiner,Refiner,0.2221933562822332
3860,0.004073843119872723,HOG8-ML04-H1-GPS-Sniper-Specialist-Refiner,Refiner,0.49404317352754235
3875,0.004044044160037024,HOG8-ML04-H1-GPS-Sniper-Specialist-Exploiter,Exploiter,0.7314704803023911
3886,0.00402139389894022,HOG8-ML04-H1-GPS-Sniper-Specialist-Exploiter,Exploiter,0.5600893610567413
3895,0.004008176868604564,HOG8-ML04-H1-GPS-Sniper-Specialist-Refiner,Refiner,0.32866788650421147
3906,0.003982045997215357,HOG8-ML04-H1-GPS-Sniper-Specialist-Exploiter,Exploiter,0.6519390796819783
3916,0.003975907808589663,HOG8-ML04-H1-GPS-Sniper-Specialist-Refiner,Refiner,0.1541466027762271
3926,0.003963049131603311,HOG8-ML04-H1-GPS-Sniper-Specialist-Refiner,Refiner,0.32341486788429596
3937,0.003943552690502031,HOG8-ML04-H1-GPS-Sniper-Specialist-Refiner,Refiner,0.49195557394951717
3945,0.0039012713251940926,HOG8-ML04-H1-GPS-Sniper-Specialist-Exploiter,Exploiter,1.0721643306496744
3956,0.0038717977427737684,HOG8-ML04-H1-GPS-Sniper-Specialist-Exploiter,Exploiter,0.7554866084290556
3958,0.0038704362365936176,HOG8-ML04-H1-GPS-Sniper-Specialist-Polisher,Polisher,0.03516470308119527
3966,0.0038658831670641807,HOG8-ML04-H1-GPS-Sniper-Specialist-Refiner,Refiner,0.11763711507217821
3976,0.0038583942213802048,HOG8-ML04-H1-GPS-Sniper-Specialist-Refiner,Refiner,0.1937188828617183
3986,0.003847226305900047,HOG8-ML04-H1-GPS-Sniper-Specialist-Refiner,Refiner,0.28944464560603556
3996,0.0038397926070796768,HOG8-ML04-H1-GPS-Sniper-Specialist-Refiner,Refiner,0.19322229131595717
4005,0.003826763465857739,HOG8-ML04-H1-GPS-Sniper-Specialist-Refiner,Refiner,0.3393188787830628
4021,0.0038124010259334693,HOG8-ML04-H1-GPS-Sniper-Specialist-Refiner,Refiner,0.375315591162374
4027,0.0038123602320407953,HOG8-ML04-H1-GPS-Sniper-Specialist-Polisher,Polisher,0.0010700315207272928
4040,0.0037997490400871123,HOG8-ML04-H1-GPS-Sniper-Specialist-Refiner,Refiner,0.33079748990383656
4048,0.003778442428488541,HOG8-ML04-H1-GPS-Sniper-Specialist-Exploiter,Exploiter,0.5607373374869729
4063,0.0037703632044211936,HOG8-ML04-H1-GPS-Sniper-Specialist-Refiner,Refiner,0.21382419397029828
4070,0.003754326817279954,HOG8-ML04-H1-GPS-Sniper-Specialist-Refiner,Refiner,0.4253273828482938
4078,0.003748043200849564,HOG8-ML04-H1-GPS-Sniper-Specialist-Refiner,Refiner,0.16736999031273742
4089,0.003740904537287843,HOG8-ML04-H1-GPS-Sniper-Specialist-Refiner,Refiner,0.1904637481260337
4106,0.0037153995402401992,HOG8-ML04-H1-GPS-Sniper-Specialist-Exploiter,Exploiter,0.6817868992223677
4109,0.0037123201028235095,HOG8-ML04-H1-GPS-Sniper-Specialist-Refiner,Refiner,0.0828830757859922
4120,0.0036984933661508043,HOG8-ML04-H1-GPS-Sniper-Specialist-Refiner,Refiner,0.3724553995812196
4128,0.0036891149881972804,HOG8-ML04-H1-GPS-Sniper-Specialist-Refiner,Refiner,0.2535729288946773
4139,0.0036795281213945407,HOG8-ML04-H1-GPS-Sniper-Specialist-Refiner,Refiner,0.25986901556094716
4147,0.0036740682280756894,HOG8-ML04-H1-GPS-Sniper-Specialist-Refiner,Refiner,0.1483856934563141
4157,0.003650811285895735,HOG8-ML04-H1-GPS-Sniper-Specialist-Exploiter,Exploiter,0.6330024576635409
4168,0.0036224199211305017,HOG8-ML04-H1-GPS-Sniper-Specialist-Exploiter,Exploiter,0.7776727565984646
4180,0.003597762041067872,HOG8-ML04-H1-GPS-Sniper-Specialist-Exploiter,Exploiter,0.6807018677982031
4189,0.0035907762327035356,HOG8-ML04-H1-GPS-Sniper-Specialist-Refiner,Refiner,0.19417093972849464
4204,0.0035804638362895,HOG8-ML04-H1-GPS-Sniper-Specialist-Refiner,Refiner,0.28719128527458054
4211,0.003554325919353631,HOG8-ML04-H1-GPS-Sniper-Specialist-Exploiter,Exploiter,0.7300148285523896
4225,0.00354423255286287,HOG8-ML04-H1-GPS-Sniper-Specialist-Refiner,Refiner,0.28397414080126104
4234,0.0035333372953418635,HOG8-ML04-H1-GPS-Sniper-Specialist-Refiner,Refiner,0.30740808788649915
4239,0.003530136244844647,HOG8-ML04-H1-GPS-Sniper-Specialist-Refiner,Refiner,0.09059566720212944
4254,0.0035153359728362305,HOG8-ML04-H1-GPS-Sniper-Specialist-Refiner,Refiner,0.41925498003173234
4265,0.003497053829144485,HOG8-ML04-H1-GPS-Sniper-Specialist-Exploiter,Exploiter,0.5200681764990828
4274,0.0034847725926704107,HOG8-ML04-H1-GPS-Sniper-Specialist-Refiner,Refiner,0.35118808786190653
4284,0.0034734816790134666,HOG8-ML04-H1-GPS-Sniper-Specialist-Refiner,Refiner,0.32400718717463817
4294,0.003463398010276309,HOG8-ML04-H1-GPS-Sniper-Specialist-Refiner,Refiner,0.29030435940061594
4305,0.0034575482499070195,HOG8-ML04-H1-GPS-Sniper-Specialist-Refiner,Refiner,0.16890234249521285
4315,0.003440580967665276,HOG8-ML04-H1-GPS-Sniper-Specialist-Refiner,Refiner,0.4907316114012242
4326,0.0034388756904309018,HOG8-ML04-H1-GPS-Sniper-Specialist-Polisher,Polisher,0.04956364202442733
4336,0.00342397685474495,HOG8-ML04-H1-GPS-Sniper-Specialist-Refiner,Refiner,0.433247288566128
4344,0.0034092733988251604,HOG8-ML04-H1-GPS-Sniper-Specialist-Refiner,Refiner,0.42942626494141545
4354,0.0033961419828808913,HOG8-ML04-H1-GPS-Sniper-Specialist-Refiner,Refiner,0.38516758288713776
4366,0.0033742560140568047,HOG8-ML04-H1-GPS-Sniper-Specialist-Exploiter,Exploiter,0.6444362142221487
4374,0.0033649943346677593,HOG8-ML04-H1-GPS-Sniper-Specialist-Refiner,Refiner,0.27448063663403843
4386,0.003352538890384721,HOG8-ML04-H1-GPS-Sniper-Specialist-Refiner,Refiner,0.3701475558135776
4395,0.0033483213632194554,HOG8-ML04-H1-GPS-Sniper-Specialist-Refiner,Refiner,0.1258009915220348
4405,0.0033372583807183658,HOG8-ML04-H1-GPS-Sniper-Specialist-Refiner,Refiner,0.3304038442251686
4420,0.0033264435624547053,HOG8-ML04-H1-GPS-Sniper-Specialist-Refiner,Refiner,0.3240629591686719
4438,0.0033188349863424002,HOG8-ML04-H1-GPS-Sniper-Specialist-Refiner,Refiner,0.22873005266593016
4447,0.0033045728479243874,HOG8-ML04-H1-GPS-Sniper-Specialist-Refiner,Refiner,0.4297332791989993
4457,0.0032841707764795455,HOG8-ML04-H1-GPS-Sniper-Specialist-Exploiter,Exploiter,0.617389066113537
4468,0.003281117144211074,HOG8-ML04-H1-GPS-Sniper-Specialist-Refiner,Refiner,0.09298031303185374
4478,0.0032645995852284733,HOG8-ML04-H1-GPS-Sniper-Specialist-Exploiter,Exploiter,0.503412656623462
4488,0.003217395451272199,HOG8-ML04-H1-GPS-Sniper-Specialist-Exploiter,Exploiter,1.4459394704900934
4498,0.0031923846086724895,HOG8-ML04-H1-GPS-Sniper-Specialist-Exploiter,Exploiter,0.777363024797583
4508,0.003184996033678269,HOG8-ML04-H1-GPS-Sniper-Specialist-Refiner,Refiner,0.23144376069689
4518,0.003168208403575715,HOG8-ML04-H1-GPS-Sniper-Specialist-Exploiter,Exploiter,0.5270848040324438
4532,0.003161798485018109,HOG8-ML04-H1-GPS-Sniper-Specialist-Refiner,Refiner,0.20231997839446572
4537,0.0031601020258656565,HOG8-ML04-H1-GPS-Sniper-Specialist-Refiner,Refiner,0.05365487903454111
4539,0.0031594237898058945,HOG8-ML04-H1-GPS-Sniper-Specialist-Polisher,Polisher,0.02146247349644587
4548,0.0031533020282810413,HOG8-ML04-H1-GPS-Sniper-Specialist-Refiner,Refiner,0.19376196205793755
4559,0.00312691445626852,HOG8-ML04-H1-GPS-Sniper-Specialist-Exploiter,Exploiter,0.8368234877553381
4572,0.0031201862215082016,HOG8-ML04-H1-GPS-Sniper-Specialist-Refiner,Refiner,0.2151716925555934
4584,0.003103254907369964,HOG8-ML04-H1-GPS-Sniper-Specialist-Exploiter,Exploiter,0.5426379368489571
4589,0.003092400338487566,HOG8-ML04-H1-GPS-Sniper-Specialist-Refiner,Refiner,0.34978012462396696
4604,0.003084299881617791,HOG8-ML04-H1-GPS-Sniper-Specialist-Refiner,Refiner,0.2619472249099836
4610,0.003074128151065652,HOG8-ML01-H2-GPS-GradientEstimation-Escape-Specialist-Refiner,Refiner,0.329790582710902
4610,0.00307179228508285,HOG8-ML00-H2-GPS-GradientEstimation-Escape-Specialist-Refiner,Refiner,0.07598466518034518
4620,0.0030675524833936553,HOG8-ML04-H1-GPS-Sniper-Specialist-Refiner,Refiner,0.13802371045021175
4629,0.0030629244222379086,HOG8-ML04-H1-GPS-Sniper-Specialist-Refiner,Refiner,0.15087145797181772
4639,0.0030563485980835874,HOG8-ML04-H1-GPS-Sniper-Specialist-Refiner,Refiner,0.21469103535752843
4654,0.0030502187632135773,HOG8-ML04-H1-GPS-Sniper-Specialist-Refiner,Refiner,0.2005607237948452
4665,0.003044898660284844,HOG8-ML04-H1-GPS-Sniper-Specialist-Refiner,Refiner,0.17441709404240505
4674,0.0030230153100974434,HOG8-ML04-H1-GPS-Sniper-Specialist-Exploiter,Exploiter,0.7186889492523708
4685,0.00301456210787634,HOG8-ML04-H1-GPS-Sniper-Specialist-Refiner,Refiner,0.27962816439824595
4695,0.0029924246534049626,HOG8-ML04-H1-GPS-Sniper-Specialist-Exploiter,Exploiter,0.7343505849004552
4705,0.0029912309345974963,HOG8-ML04-H1-GPS-Sniper-Specialist-Polisher,Polisher,0.03989135720119073
4710,0.002984754914761454,HOG8-ML04-H1-GPS-Sniper-Specialist-Refiner,Refiner,0.21650016256312787
4725,0.0029631502115043127,HOG8-ML04-H1-GPS-Sniper-Specialist-Exploiter,Exploiter,0.723835084424952
4734,0.0029598893925011326,HOG8-ML04-H1-GPS-Sniper-Specialist-Refiner,Refiner,0.11004568686798596
4745,0.0029525344892379016,HOG8-ML04-H1-GPS-Sniper-Specialist-Refiner,Refiner,0.24848574686150557
4755,0.0029487871831475167,HOG8-ML04-H1-GPS-Sniper-Specialist-Refiner,Refiner,0.12691828339496136
4835,0.002940842439473829,HOG8-ML04-H1-GPS-Sniper-Specialist-Refiner,Refiner,0.2694241116853928
4855,0.0029206100125891855,HOG8-ML04-H1-GPS-Sniper-Specialist-Exploiter,Exploiter,0.6879806484383868
4861,0.0029124583828565795,HOG8-ML04-H1-GPS-Sniper-Specialist-Refiner,Refiner,0.27910709397929456
4875,0.0029058544771350613,HOG8-ML04-H1-GPS-Sniper-Specialist-Refiner,Refiner,0.22674678410480745
4880,0.002889907079066459,HOG8-ML04-H1-GPS-Sniper-Specialist-Exploiter,Exploiter,0.5488023641268276
4895,0.002883177583422411,HOG8-ML04-H1-GPS-Sniper-Specialist-Refiner,Refiner,0.2328620076677976
4905,0.0028614042222892865,HOG8-ML04-H1-GPS-Sniper-Specialist-Exploiter,Exploiter,0.7551862659558695
4915,0.0028602607205893446,HOG8-ML04-H1-GPS-Sniper-Specialist-Polisher,Polisher,0.03996295563676184
4924,0.00284681463531029,HOG8-ML04-H1-GPS-Sniper-Specialist-Refiner,Refiner,0.47009998711879664
4936,0.0028386046834199367,HOG8-ML04-H1-GPS-Sniper-Specialist-Refiner,Refiner,0.2883908136666753
4945,0.002831230420944712,HOG8-ML04-H1-GPS-Sniper-Specialist-Refiner,Refiner,0.259784763912259
4954,0.0028246594330217085,HOG8-ML04-H1-GPS-Sniper-Specialist-Refiner,Refiner,0.2320894786377303
4969,0.0027828716480265796,HOG8-ML04-H1-GPS-Sniper-Specialist-Exploiter,Exploiter,1.4793919757762104
4975,0.0027687547081821397,HOG8-ML04-H1-GPS-Sniper-Specialist-Exploiter,Exploiter,0.5072795884945202
4985,0.0027543830924848522,HOG8-ML04-H1-GPS-Sniper-Specialist-Exploiter,Exploiter,0.5190642441100638
4998,0.002752813923301659,HOG8-ML04-H1-GPS-Sniper-Specialist-Refiner,Refiner,0.0569698959986628
5008,0.002748458635451572,HOG8-ML04-H1-GPS-Sniper-Specialist-Refiner,Refiner,0.15821221380859546
5010,0.0027438618519467772,HOG8-ML04-H1-GPS-Sniper-Specialist-Refiner,Refiner,0.16724950652348405
5021,0.0027154968579718958,HOG8-ML04-H1-GPS-Sniper-Specialist-Exploiter,Exploiter,1.0337617382142048
5034,0.0027118548590629303,HOG8-ML04-H1-GPS-Sniper-Specialist-Refiner,Refiner,0.13411906179429628
5038,0.00270342522045245,HOG8-ML04-H1-GPS-Sniper-Specialist-Refiner,Refiner,0.3108440181563845
5049,0.002699609447831256,HOG8-ML04-H1-GPS-Sniper-Specialist-Refiner,Refiner,0.14114585424172746
5059,0.0026953490188170704,HOG8-ML04-H1-GPS-Sniper-Specialist-Refiner,Refiner,0.15781649518259805
5068,0.0026773236606299346,HOG8-ML04-H1-GPS-Sniper-Specialist-Exploiter,Exploiter,0.6687578514431788
5079,0.0026692957432920533,HOG8-ML04-H1-GPS-Sniper-Specialist-Refiner,Refiner,0.29984859342678233
5089,0.0026495947995545496,HOG8-ML04-H1-GPS-Sniper-Specialist-Exploiter,Exploiter,0.7380577362778976
5099,0.00264146572298479,HOG8-ML04-H1-GPS-Sniper-Specialist-Refiner,Refiner,0.3068045186051187
5109,0.00263425097620583,HOG8-ML04-H1-GPS-Sniper-Specialist-Refiner,Refiner,0.2731342192397464
5120,0.0026174880899398466,HOG8-ML04-H1-GPS-Sniper-Specialist-Exploiter,Exploiter,0.6363435533438552
5128,0.0026091180841810546,HOG8-ML04-H1-GPS-Sniper-Specialist-Refiner,Refiner,0.3197724486679288
5139,0.0025979771503650013,HOG8-ML04-H1-GPS-Sniper-Specialist-Refiner,Refiner,0.42699998453884547
5152,0.0025795579158792623,HOG8-ML04-H1-GPS-Sniper-Specialist-Exploiter,Exploiter,0.7089836984575162
5165,0.0025720719707867223,HOG8-ML04-H1-GPS-Sniper-Specialist-Refiner,Refiner,0.2902026369114645
5176,0.002571596583647839,HOG8-ML04-H1-GPS-Sniper-Specialist-Polisher,Polisher,0.01848265306269112
5186,0.0025609777352080887,HOG8-ML04-H1-GPS-Sniper-Specialist-Refiner,Refiner,0.4129282371610307
5195,0.0025580798545011742,HOG8-ML04-H1-GPS-Sniper-Specialist-Refiner,Refiner,0.11315524797715668
5205,0.002548174996517721,HOG8-ML04-H1-GPS-Sniper-Specialist-Refiner,Refiner,0.387198936187418
5216,0.0025438917102811754,HOG8-ML04-H1-GPS-Sniper-Specialist-Refiner,Refiner,0.16809231086558357
5224,0.002533640274568082,HOG8-ML04-H1-GPS-Sniper-Specialist-Refiner,Refiner,0.40298239393060903
5236,0.0025180713590211294,HOG8-ML04-H1-GPS-Sniper-Specialist-Exploiter,Exploiter,0.6144880038113013
5245,0.002505896991431194,HOG8-ML04-H1-GPS-Sniper-Specialist-Refiner,Refiner,0.4834798484292323
5255,0.0025008132679118175,HOG8-ML04-H1-GPS-Sniper-Specialist-Refiner,Refiner,0.20287041074554427
5267,0.0024944996783860226,HOG8-ML04-H1-GPS-Sniper-Specialist-Refiner,Refiner,0.2524614535121516
5275,0.0024826521900578003,HOG8-ML04-H1-GPS-Sniper-Specialist-Refiner,Refiner,0.4749444720669477
5285,0.0024797192344331634,HOG8-ML04-H1-GPS-Sniper-Specialist-Refiner,Refiner,0.11813799920836375
5295,0.002471937102869676,HOG8-ML04-H1-GPS-Sniper-Specialist-Refiner,Refiner,0.31383115698848296
5306,0.002445845589233024,HOG8-ML04-H1-GPS-Sniper-Specialist-Exploiter,Exploiter,1.0555087994092736
5318,0.0024342660947522868,HOG8-ML04-H1-GPS-Sniper-Specialist-Refiner,Refiner,0.47343522141020156
5324,0.0024052017943962225,HOG8-ML04-H1-GPS-Sniper-Specialist-Exploiter,Exploiter,1.193965623508466
5334,0.0023936190374731093,HOG8-ML04-H1-GPS-Sniper-Specialist-Refiner,Refiner,0.48157110767584393
5345,0.0023908910775166893,HOG8-ML04-H1-GPS-Sniper-Specialist-Refiner,Refiner,0.11396800884821959
5356,0.002386383885154668,HOG8-ML04-H1-GPS-Sniper-Specialist-Refiner,Refiner,0.1885151692774998
5369,0.002381935495548793,HOG8-ML04-H1-GPS-Sniper-Specialist-Refiner,Refiner,0.18640712559064257
5374,0.002377915954041381,HOG8-ML04-H1-GPS-Sniper-Specialist-Refiner,Refiner,0.16875106462468686
5388,0.0023705658223857834,HOG8-ML04-H1-GPS-Sniper-Specialist-Refiner,Refiner,0.3090997241978087
5397,0.002366825234124406,HOG8-ML04-H1-GPS-Sniper-Specialist-Refiner,Refiner,0.15779305624227932
5408,0.002360272224961749,HOG8-ML04-H1-GPS-Sniper-Specialist-Refiner,Refiner,0.2768691607718676
5424,0.002348164592105145,HOG8-ML04-H1-GPS-Sniper-Specialist-Exploiter,Exploiter,0.5129761189644158
5446,0.0023463612782508594,HOG8-ML04-H1-GPS-Sniper-Specialist-Refiner,Refiner,0.07679673990267726
5455,0.00234279775876878,HOG8-ML04-H1-GPS-Sniper-Specialist-Refiner,Refiner,0.15187428786480997
5465,0.0023367486660063903,HOG8-ML04-H1-GPS-Sniper-Specialist-Refiner,Refiner,0.2581995283096457
5474,0.0023315833150767138,HOG8-ML04-H1-GPS-Sniper-Specialist-Refiner,Refiner,0.22104863072434375
5486,0.002328402414896495,HOG8-ML04-H1-GPS-Sniper-Specialist-Refiner,Refiner,0.13642661446623447
5495,0.0023132755925459178,HOG8-ML04-H1-GPS-Sniper-Specialist-Exploiter,Exploiter,0.6496652921247585
5505,0.00231237636654654,HOG8-ML04-H1-GPS-Sniper-Specialist-Polisher,Polisher,0.03887241115045547
5516,0.00230497914925388,HOG8-ML04-H1-GPS-Sniper-Specialist-Refiner,Refiner,0.3198967693874
5528,0.0023003138134660493,HOG8-ML04-H1-GPS-Sniper-Specialist-Refiner,Refiner,0.2024025158466582
5536,0.002299269461186428,HOG8-ML04-H1-GPS-Sniper-Specialist-Polisher,Polisher,0.045400426389981534
5547,0.0022940179643471496,HOG8-ML04-H1-GPS-Sniper-Specialist-Refiner,Refiner,0.22839849473617835
5555,0.0022869621915305883,HOG8-ML04-H1-GPS-Sniper-Specialist-Refiner,Refiner,0.30757269237729523
5569,0.0022656717745509957,HOG8-ML04-H1-GPS-Sniper-Specialist-Exploiter,Exploiter,0.9309474838910027
5576,0.0022607801979596743,HOG8-ML04-H1-GPS-Sniper-Specialist-Refiner,Refiner,0.21589961292124432
5588,0.002253442236806437,HOG8-ML04-H1-GPS-Sniper-Specialist-Refiner,Refiner,0.32457649619630285
5598,0.002248138178662886,HOG8-ML04-H1-GPS-Sniper-Specialist-Refiner,Refiner,0.23537582001959184
5606,0.002245745214069196,HOG8-ML04-H1-GPS-Sniper-Specialist-Refiner,Refiner,0.10644206020793895
5619,0.0022338323837929877,HOG8-ML04-H1-GPS-Sniper-Specialist-Exploiter,Exploiter,0.5304622359462892
5629,0.0022263143202688454,HOG8-ML04-H1-GPS-Sniper-Specialist-Refiner,Refiner,0.33655450510466833
5646,0.0022231080286559007,HOG8-ML04-H1-GPS-Sniper-Specialist-Refiner,Refiner,0.14401792162741417
5649,0.00222069807967702,HOG8-ML04-H1-GPS-Sniper-Specialist-Refiner,Refiner,0.10840449262098503
5658,0.0022196549907119558,HOG8-ML04-H1-GPS-Sniper-Specialist-Polisher,Polisher,0.046971219303067385
5671,0.0022130605297222116,HOG8-ML04-H1-GPS-Sniper-Specialist-Refiner,Refiner,0.29709396358165496
5695,0.002211589331232524,HOG8-ML04-H1-GPS-Sniper-Specialist-Refiner,Refiner,0.06647800500388089
5705,0.002211500195304299,HOG8-ML04-H1-GPS-Sniper-Specialist-Polisher,Polisher,0.004030401438731632
5716,0.002207426760422043,HOG8-ML04-H1-GPS-Sniper-Specialist-Refiner,Refiner,0.1841932861188758
5725,0.0022020854510350894,HOG8-ML04-H1-GPS-Sniper-Specialist-Refiner,Refiner,0.24196994811878572
5735,0.0021904789240994203,HOG8-ML04-H1-GPS-Sniper-Specialist-Exploiter,Exploiter,0.5270697797042092
5745,0.0021880592065414827,HOG8-ML04-H1-GPS-Sniper-Specialist-Refiner,Refiner,0.1104652289193975
5756,0.002185538496812631,HOG8-ML04-H1-GPS-Sniper-Specialist-Refiner,Refiner,0.11520299456778285
5769,0.002166378026934802,HOG8-ML04-H1-GPS-Sniper-Specialist-Exploiter,Exploiter,0.876693314062974
5778,0.002165984945039234,HOG8-ML04-H1-GPS-Sniper-Specialist-Polisher,Polisher,0.0181446585351586
5787,0.0021572357468643624,HOG8-ML04-H1-GPS-Sniper-Specialist-Refiner,Refiner,0.40393624133491696
5800,0.002150054311806338,HOG8-ML04-H1-GPS-Sniper-Specialist-Refiner,Refiner,0.3328998728332341
5814,0.002148739884338522,HOG8-ML04-H1-GPS-Sniper-Specialist-Refiner,Refiner,0.061134616953546175
5819,0.0021456525269165504,HOG8-ML04-H1-GPS-Sniper-Specialist-Refiner,Refiner,0.14368223182686107
5828,0.002142970668677204,HOG8-ML04-H1-GPS-Sniper-Specialist-Refiner,Refiner,0.1249903330433654
5839,0.0021383964333355175,HOG8-ML04-H1-GPS-Sniper-Specialist-Refiner,Refiner,0.21345300747910076
5848,0.002131447372887228,HOG8-ML04-H1-GPS-Sniper-Specialist-Refiner,Refiner,0.3249659576662464
5865,0.0021268689383065883,HOG8-ML04-H1-GPS-Sniper-Specialist-Refiner,Refiner,0.21480401716124456
5876,0.002126620964149134,HOG8-ML04-H1-GPS-Sniper-Specialist-Polisher,Polisher,0.011659117916870193
5880,0.0021205298838407297,HOG8-ML04-H1-GPS-Sniper-Specialist-Refiner,Refiner,0.28642058980365825
5889,0.002117651649755324,HOG8-ML04-H1-GPS-Sniper-Specialist-Refiner,Refiner,0.13573183322427296
5905,0.0021152468140832894,HOG8-ML04-H1-GPS-Sniper-Specialist-Refiner,Refiner,0.11356143831836499
5910,0.0021087992229842454,HOG8-ML04-H1-GPS-Sniper-Specialist-Refiner,Refiner,0.3048150719866822
5925,0.002091779211348268,HOG8-ML04-H1-GPS-Sniper-Specialist-Exploiter,Exploiter,0.80709493110926
5934,0.0020905190643921785,HOG8-ML04-H1-GPS-Sniper-Specialist-Refiner,Refiner,0.060242828174839405
5939,0.0020848155067229495,HOG8-ML04-H1-GPS-Sniper-Specialist-Refiner,Refiner,0.27282973718717973
5954,0.00208403515030005,HOG8-ML04-H1-GPS-Sniper-Specialist-Polisher,Polisher,0.03743047863866837
5965,0.0020805512166341047,HOG8-ML04-H1-GPS-Sniper-Specialist-Refiner,Refiner,0.16717250020680358
5974,0.002079583161730427,HOG8-ML04-H1-GPS-Sniper-Specialist-Polisher,Polisher,0.04652877064202711
5986,0.002067245043179289,HOG8-ML04-H1-GPS-Sniper-Specialist-Exploiter,Exploiter,0.5932976751394592
5995,0.0020581316082487126,HOG8-ML04-H1-GPS-Sniper-Specialist-Refiner,Refiner,0.4408492820261076
6015,0.0020577761350797693,HOG8-ML04-H1-GPS-Sniper-Specialist-Polisher,Polisher,0.017271644219380083
6025,0.0020551358197221188,HOG8-ML04-H1-GPS-Sniper-Specialist-Refiner,Refiner,0.12830916408446763
6038,0.002049366214927321,HOG8-ML04-H1-GPS-Sniper-Specialist-Refiner,Refiner,0.2807408025994987
6055,0.002043050669005373,HOG8-ML04-H1-GPS-Sniper-Specialist-Refiner,Refiner,0.3081706859392156
6064,0.0020371674929338082,HOG8-ML04-H1-GPS-Sniper-Specialist-Refiner,Refiner,0.2879603604950699
6080,0.002027146729721112,HOG8-ML04-H1-GPS-Sniper-Specialist-Refiner,Refiner,0.4918968738434346
6089,0.002018168312562685,HOG8-ML04-H1-GPS-Sniper-Specialist-Refiner,Refiner,0.44290909122609873
6101,0.002016652971734745,HOG8-ML04-H1-GPS-Sniper-Specialist-Refiner,Refiner,0.07508495790500125
6108,0.0020066265946359543,HOG8-ML04-H1-GPS-Sniper-Specialist-Refiner,Refiner,0.4971791001882685
6124,0.001990237087697145,HOG8-ML04-H1-GPS-Sniper-Specialist-Exploiter,Exploiter,0.8167691479132828
6139,0.001979355814763937,HOG8-ML04-H1-GPS-Sniper-Specialist-Exploiter,Exploiter,0.5467324973728894
6150,0.001979335779622741,HOG8-ML04-H1-GPS-Sniper-Specialist-Polisher,Polisher,0.0010122051349425226
6164,0.001977170770353182,HOG8-ML04-H1-GPS-Sniper-Specialist-Refiner,Refiner,0.10938059584672621
6170,0.0019761222561485857,HOG8-ML04-H1-GPS-Sniper-Specialist-Refiner,Refiner,0.05303103911500584
6184,0.0019705774530660164,HOG8-ML04-H1-GPS-Sniper-Specialist-Refiner,Refiner,0.2805900831953587
6190,0.0019602912050078894,HOG8-ML04-H1-GPS-Sniper-Specialist-Exploiter,Exploiter,0.5219915635451233
6201,0.0019592087341760308,HOG8-ML04-H1-GPS-Sniper-Specialist-Refiner,Refiner,0.055219899425825024
6211,0.0019519658670291897,HOG8-ML04-H1-GPS-Sniper-Specialist-Refiner,Refiner,0.3696832818524127
6221,0.0019421550261675203,HOG8-ML04-H1-GPS-Sniper-Specialist-Exploiter,Exploiter,0.5026133411134446
6235,0.0019365310235555638,HOG8-ML04-H1-GPS-Sniper-Specialist-Refiner,Refiner,0.2895753704612571
6238,0.001936421296686826,HOG8-ML03-H2-GPS-JADE-Specialist-Polisher,Polisher,0.0056661559976638794
6250,0.0019339405743356306,HOG8-ML04-H1-GPS-Sniper-Specialist-Refiner,Refiner,0.12810860712179886
6260,0.0019288776784419453,HOG8-ML04-H1-GPS-Sniper-Specialist-Refiner,Refiner,0.26179169933515556
6274,0.0019242586303921988,HOG8-ML04-H1-GPS-Sniper-Specialist-Refiner,Refiner,0.23946816852987254
6297,0.0019110809907365292,HOG8-ML04-H1-GPS-Sniper-Specialist-Exploiter,Exploiter,0.6848164507379033
6309,0.0019109904447565432,HOG8-ML04-H1-GPS-Sniper-Specialist-Polisher,Polisher,0.004737945718933195
6321,0.0019099702594552537,HOG8-ML01-H2-GPS-GradientEstimation-Escape-Specialist-Refiner,Refiner,0.05338515972639975
6327,0.0019018053988791826,HOG8-ML04-H1-GPS-Sniper-Specialist-Refiner,Refiner,0.42748626768669157
6348,0.0019002079922953072,HOG8-ML04-H1-GPS-Sniper-Specialist-Refiner,Refiner,0.08399421858917917
6368,0.0018932981663203664,HOG8-ML04-H1-GPS-Sniper-Specialist-Refiner,Refiner,0.36363524429735083
6377,0.0018817463916932006,HOG8-ML04-H1-GPS-Sniper-Specialist-Exploiter,Exploiter,0.6101402743983414
6388,0.001877940324779662,HOG8-ML04-H1-GPS-Sniper-Specialist-Refiner,Refiner,0.20226247970184127
6398,0.0018649945571819096,HOG8-ML04-H1-GPS-Sniper-Specialist-Exploiter,Exploiter,0.6893599028111456
6409,0.0018555665598854534,HOG8-ML04-H1-GPS-Sniper-Specialist-Exploiter,Exploiter,0.5055241185637704
6426,0.0018494685186942468,HOG8-ML04-H1-GPS-Sniper-Specialist-Refiner,Refiner,0.3286350014619303
6440,0.0018490527422128566,HOG8-ML04-H1-GPS-Sniper-Specialist-Polisher,Polisher,0.022480862863441357
6451,0.0018429408183160292,HOG8-ML04-H1-GPS-Sniper-Specialist-Refiner,Refiner,0.3305435132971335
6460,0.0018424345435410798,HOG8-ML04-H1-GPS-Sniper-Specialist-Polisher,Polisher,0.027471027279762916
6475,0.0018383041012102908,HOG8-ML04-H1-GPS-Sniper-Specialist-Refiner,Refiner,0.22418393886875412
6480,0.001835253055676228,HOG8-ML04-H1-GPS-Sniper-Specialist-Refiner,Refiner,0.16597066459538057
6496,0.00183157284714177,HOG8-ML04-H1-GPS-Sniper-Specialist-Refiner,Refiner,0.20052866949740325
6525,0.0018293963445223122,HOG8-ML04-H1-GPS-Sniper-Specialist-Refiner,Refiner,0.11883243534944721
6555,0.0018273231164738415,HOG8-ML04-H1-GPS-Sniper-Specialist-Refiner,Refiner,0.11332853346288359
6564,0.0018253274666815808,HOG8-ML04-H1-GPS-Sniper-Specialist-Refiner,Refiner,0.10921165360790895
6574,0.0018218168940224513,HOG8-ML04-H1-GPS-Sniper-Specialist-Refiner,Refiner,0.19232563598638425
6578,0.0018122601737675858,HOG8-ML04-H1-GPS-Sniper-Specialist-Exploiter,Exploiter,0.5245708438768993
6588,0.0018054886430534094,HOG8-ML04-H1-GPS-Sniper-Specialist-Refiner,Refiner,0.37365113531677896
6615,0.0018045817653800347,HOG8-ML04-H1-GPS-Sniper-Specialist-Refiner,Refiner,0.05022893258641557
6630,0.001802836143157982,HOG8-ML04-H1-GPS-Sniper-Specialist-Refiner,Refiner,0.09673278626336844
6639,0.0018016814066056691,HOG8-ML04-H1-GPS-Sniper-Specialist-Refiner,Refiner,0.06405110950849258
6655,0.0017964076655706636,HOG8-ML04-H1-GPS-Sniper-Specialist-Refiner,Refiner,0.2927121862761073
6667,0.001780976624777651,HOG8-ML04-H1-GPS-Sniper-Specialist-Exploiter,Exploiter,0.8589943746488445
6684,0.0017773818344686716,HOG8-ML04-H1-GPS-Sniper-Specialist-Refiner,Refiner,0.20184376700778284
6698,0.0017723803378050784,HOG8-ML04-H1-GPS-Sniper-Specialist-Refiner,Refiner,0.2813968595042125
6717,0.0017679076519188093,HOG8-ML04-H1-GPS-Sniper-Specialist-Refiner,Refiner,0.25235474524661844
6728,0.001767907627517972,HOG8-ML04-H1-GPS-Sniper-Specialist-Polisher,Polisher,1.3802099463193492E-06
6738,0.0017656564117367831,HOG8-ML04-H1-GPS-Sniper-Specialist-Refiner,Refiner,0.1273378623491474
6768,0.0017641742855537658,HOG8-ML04-H1-GPS-Sniper-Specialist-Refiner,Refiner,0.08394193644727306
6777,0.0017603332924982186,HOG8-ML04-H1-GPS-Sniper-Specialist-Refiner,Refiner,0.21772185928566534
6791,0.0017585270996396758,HOG8-ML04-H1-GPS-Sniper-Specialist-Refiner,Refiner,0.10260516381982694
6835,0.001758353968140833,HOG8-ML04-H1-GPS-Sniper-Specialist-Polisher,Polisher,0.00984525623053156
6846,0.0017573521103131933,HOG8-ML04-H1-GPS-Sniper-Specialist-Refiner,Refiner,0.056977027708419226
6855,0.0017568396145096411,HOG8-ML04-H1-GPS-Sniper-Specialist-Polisher,Polisher,0.029162954910656978
6887,0.0017533784140312781,HOG8-ML04-H1-GPS-Sniper-Specialist-Refiner,Refiner,0.19701288892720617
6899,0.0017528483936561944,HOG8-ML04-H1-GPS-Sniper-Specialist-Polisher,Polisher,0.03022852174078464
6918,0.0017357129406821066,HOG8-ML04-H1-GPS-Sniper-Specialist-Exploiter,Exploiter,0.9775775837832573
6961,0.0017353397369261974,HOG8-ML04-H1-GPS-Sniper-Specialist-Polisher,Polisher,0.021501467619555067
7015,0.0017351571498647632,HOG8-ML04-H1-GPS-Sniper-Specialist-Polisher,Polisher,0.01052168964664234
7026,0.0017346810721182342,HOG8-ML04-H1-GPS-Sniper-Specialist-Polisher,Polisher,0.02743715441371176
7035,0.0017318659911826249,HOG8-ML04-H1-GPS-Sniper-Specialist-Refiner,Refiner,0.16228233424901573
7054,0.0017283727364722774,HOG8-ML04-H1-GPS-Sniper-Specialist-Refiner,Refiner,0.20170467739031306
7094,0.0017274124953167928,HOG8-ML04-H1-GPS-Sniper-Specialist-Refiner,Refiner,0.055557527333168856
7116,0.0017260045779601244,HOG8-ML04-H1-GPS-Sniper-Specialist-Refiner,Refiner,0.0815044096581124
7125,0.00172488611359906,HOG8-ML04-H1-GPS-Sniper-Specialist-Refiner,Refiner,0.06480077604349416
7144,0.00172474793613275,HOG8-ML04-H1-GPS-Sniper-Specialist-Polisher,Polisher,0.008010816784974109
7155,0.0017213979394368254,HOG8-ML04-H1-GPS-Sniper-Specialist-Refiner,Refiner,0.1942310888300656
7165,0.001697975784573051,HOG8-ML04-H1-GPS-Sniper-Specialist-Exploiter,Exploiter,1.360647316182865
7178,0.0016944306291663401,HOG8-ML04-H1-GPS-Sniper-Specialist-Refiner,Refiner,0.2087871593293854
7195,0.0016918136575874172,HOG8-ML04-H1-GPS-Sniper-Specialist-Refiner,Refiner,0.15444548356698085
7205,0.0016861117453681315,HOG8-ML04-H1-GPS-Sniper-Specialist-Refiner,Refiner,0.3370295655029045
7217,0.00168458618283553,HOG8-ML04-H1-GPS-Sniper-Specialist-Refiner,Refiner,0.09047813923319883
7230,0.0016842880880564258,HOG8-ML04-H2-GPS-Sniper-Specialist-Polisher,Polisher,0.017695430613257918
7238,0.0016818112362875378,HOG8-ML04-H1-GPS-Sniper-Specialist-Refiner,Refiner,0.14705630149923835
7250,0.0016799006251401248,HOG8-ML04-H2-GPS-Sniper-Specialist-Refiner,Refiner,0.11360437522290019
7265,0.0016790699563353632,HOG8-ML04-H1-GPS-Sniper-Specialist-Polisher,Polisher,0.04944749661560142
7269,0.00167719115640405,HOG8-ML04-H2-GPS-Sniper-Specialist-Refiner,Refiner,0.1118952741798599
7277,0.0016739777175185607,HOG8-ML04-H1-GPS-Sniper-Specialist-Refiner,Refiner,0.1915964601422676
7280,0.0016720032246195825,HOG8-ML04-H2-GPS-Sniper-Specialist-Refiner,Refiner,0.11795216138869086
7289,0.0016710826272330341,HOG8-ML04-H1-GPS-Sniper-Specialist-Refiner,Refiner,0.05505954611767243
7309,0.0016655532241176695,HOG8-ML04-H1-GPS-Sniper-Specialist-Refiner,Refiner,0.33088747529619134
7317,0.0016635501052356793,HOG8-ML04-H1-GPS-Sniper-Specialist-Refiner,Refiner,0.12026747947675666
7330,0.0016633623879178264,HOG8-ML04-H1-GPS-Sniper-Specialist-Polisher,Polisher,0.011284139699917569
7335,0.0016555939332477529,HOG8-ML04-H2-GPS-Sniper-Specialist-Refiner,Refiner,0.4670332049408646
7350,0.0016552761929503794,HOG8-ML04-H2-GPS-Sniper-Specialist-Polisher,Polisher,0.01919192206449574
7374,0.0016511527844736062,HOG8-ML04-H2-GPS-Sniper-Specialist-Refiner,Refiner,0.24910697648732638
7385,0.0016488503176246973,HOG8-ML04-H2-GPS-Sniper-Specialist-Refiner,Refiner,0.13944602041433685
7415,0.0016484940141448833,HOG8-ML04-H2-GPS-Sniper-Specialist-Polisher,Polisher,0.021609207094506318
7428,0.00164747359215738,HOG8-ML04-H2-GPS-Sniper-Specialist-Refiner,Refiner,0.0619002543380572
7448,0.0016473897693352682,HOG8-ML04-H2-GPS-Sniper-Specialist-Polisher,Polisher,0.005087961501222523
7460,0.0016388036982631143,HOG8-ML04-H1-GPS-Sniper-Specialist-Exploiter,Exploiter,0.5211924483189205
7488,0.0016386177629419537,HOG8-ML04-H1-GPS-Sniper-Specialist-Polisher,Polisher,0.01134579579955989
7500,0.0016373369316209907,HOG8-ML04-H1-GPS-Sniper-Specialist-Refiner,Refiner,0.07816535069554126
7508,0.0016322142262006631,HOG8-ML04-H1-GPS-Sniper-Specialist-Refiner,Refiner,0.3128681288130501
7517,0.00163215972395922,HOG8-ML04-H1-GPS-Sniper-Specialist-Polisher,Polisher,0.0033391598093066915
7529,0.001627432421088097,HOG8-ML04-H1-GPS-Sniper-Specialist-Refiner,Refiner,0.28963481954179154
7565,0.0016271273288156769,HOG8-ML04-H1-GPS-Sniper-Specialist-Polisher,Polisher,0.018746847393891347
7580,0.0016225045157908517,HOG8-ML04-H1-GPS-Sniper-Specialist-Refiner,Refiner,0.2841088673859274
7594,0.0016196115795291633,HOG8-ML04-H1-GPS-Sniper-Specialist-Refiner,Refiner,0.17830066009266599
7604,0.0016100366948371481,HOG8-ML04-H2-GPS-Sniper-Specialist-Exploiter,Exploiter,0.5911840106007841
7616,0.0016066192842460135,HOG8-ML04-H2-GPS-Sniper-Specialist-Refiner,Refiner,0.21225668968248207
7627,0.0016029987508124131,HOG8-ML04-H2-GPS-Sniper-Specialist-Refiner,Refiner,0.22535105043878179
7634,0.0016008445906689724,HOG8-ML04-H2-GPS-Sniper-Specialist-Refiner,Refiner,0.13438314548585586
7644,0.0015933175527957366,HOG8-ML04-H2-GPS-Sniper-Specialist-Refiner,Refiner,0.4701916673929201
7658,0.00158801827952709,HOG8-ML04-H2-GPS-Sniper-Specialist-Refiner,Refiner,0.33259366655116923
7668,0.0015795998610262994,HOG8-ML04-H2-GPS-Sniper-Specialist-Exploiter,Exploiter,0.5301210073789261
7679,0.001573270253405601,HOG8-ML04-H2-GPS-Sniper-Specialist-Refiner,Refiner,0.4007095579627276
7699,0.0015667183913905484,HOG8-ML04-H2-GPS-Sniper-Specialist-Refiner,Refiner,0.4164486044829307
7719,0.0015598763335166333,HOG8-ML04-H2-GPS-Sniper-Specialist-Refiner,Refiner,0.4367126799247143
7727,0.0015577664064847319,HOG8-ML04-H2-GPS-Sniper-Specialist-Refiner,Refiner,0.13526245552714966
7738,0.0015507954553893397,HOG8-ML03-H1-GPS-JADE-Specialist-Refiner,Refiner,0.4474965608690228
7748,0.001550498528212746,HOG8-ML02-H1-GPS-GradientEstimation-Escape-Specialist-Polisher,Polisher,0.019146765974955217
7758,0.001548409933536755,HOG8-ML04-H2-GPS-Sniper-Specialist-Refiner,Refiner,0.13470471838490602
7776,0.001547379030383879,HOG8-ML04-H2-GPS-Sniper-Specialist-Refiner,Refiner,0.06657818001214325
7785,0.001542916135453959,HOG8-ML04-H2-GPS-Sniper-Specialist-Refiner,Refiner,0.2884164023350458
7794,0.0015345597945204026,HOG8-ML04-H2-GPS-Sniper-Specialist-Exploiter,Exploiter,0.5415939817816264
7814,0.001534559794517634,HOG8-ML04-H2-GPS-Sniper-Specialist-Polisher,Polisher,1.8041777697715995E-10
7825,0.0015342693003666647,HOG8-ML04-H2-GPS-Sniper-Specialist-Polisher,Polisher,0.018930129148900347
7844,0.001529550671622158,HOG8-ML04-H2-GPS-Sniper-Specialist-Refiner,Refiner,0.30754892530137956
7864,0.0015274087998956632,HOG8-ML04-H2-GPS-Sniper-Specialist-Refiner,Refiner,0.14003274074099473
7874,0.0015262757449166146,HOG8-ML04-H2-GPS-Sniper-Specialist-Refiner,Refiner,0.07418151441356145
7886,0.0015221034909146292,HOG8-ML04-H2-GPS-Sniper-Specialist-Refiner,Refiner,0.273361744486963
7894,0.0015161237603476569,HOG8-ML04-H2-GPS-Sniper-Specialist-Refiner,Refiner,0.3928596578790503
7904,0.0015156914915025802,HOG8-ML04-H2-GPS-Sniper-Specialist-Polisher,Polisher,0.028511448496630912
7914,0.001509014844691497,HOG8-ML04-H2-GPS-Sniper-Specialist-Refiner,Refiner,0.4405017016005193
7924,0.001508533837915701,HOG8-ML04-H2-GPS-Sniper-Specialist-Polisher,Polisher,0.03187554963346187
7945,0.001505891725847522,HOG8-ML04-H2-GPS-Sniper-Specialist-Refiner,Refiner,0.1751443687752918
7954,0.0015034861178479702,HOG8-ML04-H2-GPS-Sniper-Specialist-Refiner,Refiner,0.15974641192731764
7965,0.0015006888911515272,HOG8-ML04-H2-GPS-Sniper-Specialist-Refiner,Refiner,0.1860493863719098
7979,0.0014981579756287162,HOG8-ML04-H2-GPS-Sniper-Specialist-Refiner,Refiner,0.1686502470787849
7988,0.0014933874835895478,HOG8-ML04-H2-GPS-Sniper-Specialist-Refiner,Refiner,0.3184238322508281
8005,0.0014928337395630252,HOG8-ML04-H2-GPS-Sniper-Specialist-Polisher,Polisher,0.03707972864427752
8059,0.0014911332103797394,HOG8-ML04-H2-GPS-Sniper-Specialist-Refiner,Refiner,0.113912831564458
8074,0.0014890329254126568,HOG8-ML04-H2-GPS-Sniper-Specialist-Refiner,Refiner,0.14085159880167375
8095,0.0014874892092818877,HOG8-ML04-H2-GPS-Sniper-Specialist-Refiner,Refiner,0.10367239732736987
8107,0.0014775739990957838,HOG8-ML04-H2-GPS-Sniper-Specialist-Exploiter,Exploiter,0.6665735875079464
8137,0.0014766306623057884,HOG8-ML04-H2-GPS-Sniper-Specialist-Refiner,Refiner,0.06384362411443983
8147,0.0014664986878608222,HOG8-ML04-H2-GPS-Sniper-Specialist-Exploiter,Exploiter,0.6861549542215839
8158,0.001461794495793492,HOG8-ML04-H2-GPS-Sniper-Specialist-Refiner,Refiner,0.3207771071512007
8167,0.0014613453665739211,HOG8-ML04-H2-GPS-Sniper-Specialist-Polisher,Polisher,0.030724511609754916
8178,0.0014590279474277395,HOG8-ML04-H2-GPS-Sniper-Specialist-Refiner,Refiner,0.15858120874018986
8187,0.0014573798748236848,HOG8-ML04-H2-GPS-Sniper-Specialist-Refiner,Refiner,0.11295689071344972
8198,0.0014558977399890902,HOG8-ML04-H2-GPS-Sniper-Specialist-Refiner,Refiner,0.1016985934963516
8209,0.001454221053537462,HOG8-ML04-H2-GPS-Sniper-Specialist-Refiner,Refiner,0.11516512496550028
8234,0.001453793135455612,HOG8-ML04-H2-GPS-Sniper-Specialist-Polisher,Polisher,0.029425930865797277
8240,0.0014518917223370212,HOG8-ML04-H2-GPS-Sniper-Specialist-Refiner,Refiner,0.13078979892108175
8249,0.0014483376345415873,HOG8-ML04-H2-GPS-Sniper-Specialist-Refiner,Refiner,0.24479014107974367
8265,0.001444638047024424,HOG8-ML04-H2-GPS-Sniper-Specialist-Refiner,Refiner,0.2554368145197281
8275,0.0014440883103110556,HOG8-ML04-H2-GPS-Sniper-Specialist-Polisher,Polisher,0.03805359512029011
8284,0.0014351804502469672,HOG8-ML04-H2-GPS-Sniper-Specialist-Exploiter,Exploiter,0.6168500915411202
8296,0.001434217731191316,HOG8-ML04-H2-GPS-Sniper-Specialist-Refiner,Refiner,0.06708000067068072
8305,0.001429097234066367,HOG8-ML04-H2-GPS-Sniper-Specialist-Refiner,Refiner,0.35702369407298656
8315,0.0014258058572678358,HOG8-ML04-H2-GPS-Sniper-Specialist-Refiner,Refiner,0.23031160652140964
8324,0.0014219032277831955,HOG8-ML04-H2-GPS-Sniper-Specialist-Refiner,Refiner,0.27371394673034805
8335,0.0014204368161631728,HOG8-ML04-H2-GPS-Sniper-Specialist-Refiner,Refiner,0.10313019841082043
8344,0.0014180035991081764,HOG8-ML04-H2-GPS-Sniper-Specialist-Refiner,Refiner,0.1713006187469089
8366,0.0014168242495163905,HOG8-ML04-H2-GPS-Sniper-Specialist-Refiner,Refiner,0.08316971780097097
8374,0.0014061803551025192,HOG8-ML04-H2-GPS-Sniper-Specialist-Exploiter,Exploiter,0.7512501580562652
8384,0.0014055791169277116,HOG8-ML04-H2-GPS-Sniper-Specialist-Polisher,Polisher,0.04275683219623444
8394,0.0014042565334142503,HOG8-ML04-H2-GPS-Sniper-Specialist-Refiner,Refiner,0.09409527343805218
8405,0.0014034096972792439,HOG8-ML04-H2-GPS-Sniper-Specialist-Refiner,Refiner,0.06030494534694569
8414,0.0014031141858644627,HOG8-ML04-H2-GPS-Sniper-Specialist-Polisher,Polisher,0.021056674708324077
8418,0.0014006193595749055,HOG8-ML04-H2-GPS-Sniper-Specialist-Refiner,Refiner,0.17780636206882383
8428,0.0014000572370710552,HOG8-ML04-H2-GPS-Sniper-Specialist-Polisher,Polisher,0.04013385221384809
8448,0.0013962576816719096,HOG8-ML04-H2-GPS-Sniper-Specialist-Refiner,Refiner,0.27138571899348385
8458,0.0013907775754965859,HOG8-ML04-H2-GPS-Sniper-Specialist-Refiner,Refiner,0.3924853017647662
8478,0.0013902907144760365,HOG8-ML04-H2-GPS-Sniper-Specialist-Polisher,Polisher,0.035006389887726835
8497,0.0013891666067235642,HOG8-ML04-H2-GPS-Sniper-Specialist-Refiner,Refiner,0.0808541509173405
8509,0.0013889315431153703,HOG8-ML04-H2-GPS-Sniper-Specialist-Polisher,Polisher,0.016921196281008605
8519,0.0013866941270237936,HOG8-ML04-H2-GPS-Sniper-Specialist-Refiner,Refiner,0.1610890113819607
8529,0.0013834496223686255,HOG8-ML04-H2-GPS-Sniper-Specialist-Refiner,Refiner,0.23397406767212509
8545,0.0013807751613420206,HOG8-ML04-H2-GPS-Sniper-Specialist-Refiner,Refiner,0.19331828086562072
8554,0.0013792860003729065,HOG8-ML04-H2-GPS-Sniper-Specialist-Refiner,Refiner,0.10784963481430794
8606,0.001378118019251961,HOG8-ML04-H2-GPS-Sniper-Specialist-Refiner,Refiner,0.08468012584988381
8615,0.0013774880262569056,HOG8-ML04-H2-GPS-Sniper-Specialist-Polisher,Polisher,0.04571400897851397
8620,0.001376183368494314,HOG8-ML04-H2-GPS-Sniper-Specialist-Refiner,Refiner,0.09471282056343494
8630,0.0013748937365511804,HOG8-ML04-H2-GPS-Sniper-Specialist-Refiner,Refiner,0.09371076359865355
8645,0.0013721011586531502,HOG8-ML04-H2-GPS-Sniper-Specialist-Refiner,Refiner,0.2031122714279817
8655,0.0013681460716861958,HOG8-ML04-H2-GPS-Sniper-Specialist-Refiner,Refiner,0.28825039189068985
8665,0.0013659572650461154,HOG8-ML04-H2-GPS-Sniper-Specialist-Refiner,Refiner,0.1599834027504686
8674,0.001365956943927094,HOG8-ML04-H2-GPS-Sniper-Specialist-Polisher,Polisher,2.3508716529048913E-05
8685,0.0013659351823337316,HOG8-ML04-H2-GPS-Sniper-Specialist-Polisher,Polisher,0.00159313904139746
8696,0.0013614605719947143,HOG8-ML04-H2-GPS-Sniper-Specialist-Refiner,Refiner,0.3275858471829085
8706,0.001360754349212341,HOG8-ML04-H2-GPS-Sniper-Specialist-Refiner,Refiner,0.051872437358845336
8716,0.001360696004876963,HOG8-ML04-H2-GPS-Sniper-Specialist-Polisher,Polisher,0.004287646437561425
8726,0.0013591568377082708,HOG8-ML04-H2-GPS-Sniper-Specialist-Refiner,Refiner,0.11311616725378072
8746,0.0013577730581142628,HOG8-ML04-H2-GPS-Sniper-Specialist-Refiner,Refiner,0.10181161994088081
8759,0.0013561671978209863,HOG8-ML04-H2-GPS-Sniper-Specialist-Refiner,Refiner,0.11827162747703988
8775,0.0013555473749354867,HOG8-ML04-H2-GPS-Sniper-Specialist-Polisher,Polisher,0.045704016915873995
8788,0.0013531816512296659,HOG8-ML04-H2-GPS-Sniper-Specialist-Refiner,Refiner,0.17452165446695567
8797,0.0013510361327772787,HOG8-ML04-H2-GPS-Sniper-Specialist-Refiner,Refiner,0.15855361698390724
8804,0.0013510025194514018,HOG8-ML04-H2-GPS-Sniper-Specialist-Polisher,Polisher,0.0024879664622831222
8816,0.0013495448126873448,HOG8-ML04-H2-GPS-Sniper-Specialist-Refiner,Refiner,0.10789815289530273
8828,0.0013487250558545617,HOG8-ML04-H2-GPS-Sniper-Specialist-Refiner,Refiner,0.06074320949377665
8855,0.001347285728248661,HOG8-ML04-H2-GPS-Sniper-Specialist-Refiner,Refiner,0.10671764416719982
8868,0.0013472394600905185,HOG8-ML04-H2-GPS-Sniper-Specialist-Polisher,Polisher,0.003434175629738952
8881,0.001346465475743182,HOG8-ML04-H2-GPS-Sniper-Specialist-Refiner,Refiner,0.057449649469472494
8910,0.0013432105131078202,HOG8-ML04-H2-GPS-Sniper-Specialist-Refiner,Refiner,0.24174126214155725
8937,0.001343165767839315,HOG8-ML04-H2-GPS-Sniper-Specialist-Polisher,Polisher,0.003331217859635878
8948,0.0013430055879809209,HOG8-ML04-H2-GPS-Sniper-Specialist-Polisher,Polisher,0.011925546513281657
8965,0.001340992159441015,HOG8-ML04-H2-GPS-Sniper-Specialist-Refiner,Refiner,0.1499195951174677
8995,0.0013403413348077621,HOG8-ML04-H2-GPS-Sniper-Specialist-Polisher,Polisher,0.048533067749186344
9005,0.0013401954620026611,HOG8-ML04-H2-GPS-Sniper-Specialist-Polisher,Polisher,0.010883257966666204
9016,0.0013399297148605836,HOG8-ML04-H2-GPS-Sniper-Specialist-Polisher,Polisher,0.0198289838767568
9048,0.0013382945631098021,HOG8-ML04-H2-GPS-Sniper-Specialist-Refiner,Refiner,0.12203265086569187
9058,0.0013374828191796877,HOG8-ML04-H2-GPS-Sniper-Specialist-Refiner,Refiner,0.06065510183559089
9078,0.001336288970534894,HOG8-ML04-H2-GPS-Sniper-Specialist-Refiner,Refiner,0.08926085835824092
9087,0.0013340905486146162,HOG8-ML04-H2-GPS-Sniper-Specialist-Refiner,Refiner,0.16451695469713545
9101,0.0013246569613143172,HOG8-ML04-H2-GPS-Sniper-Specialist-Exploiter,Exploiter,0.7071174674084362
9108,0.0013237261623462602,HOG8-ML04-H2-GPS-Sniper-Specialist-Refiner,Refiner,0.07026717068949255
9129,0.0013225733656007676,HOG8-ML04-H2-GPS-Sniper-Specialist-Refiner,Refiner,0.08708725250616378
9144,0.0013225709614520667,HOG8-ML04-H2-GPS-Sniper-Specialist-Polisher,Polisher,0.0001817780974118624
9178,0.0013220061152096588,HOG8-ML04-H2-GPS-Sniper-Specialist-Polisher,Polisher,0.04270819932321821
9185,0.0013195651486613423,HOG8-ML04-H2-GPS-Sniper-Specialist-Refiner,Refiner,0.18464109357991496
9199,0.0013192568860406974,HOG8-ML04-H2-GPS-Sniper-Specialist-Polisher,Polisher,0.023360924692323887
9234,0.0013114730335009321,HOG8-ML04-H2-GPS-Sniper-Specialist-Exploiter,Exploiter,0.5900179579979957
9254,0.0013086737144816765,HOG8-ML04-H2-GPS-Sniper-Specialist-Refiner,Refiner,0.2134484619773639
9274,0.0013085686548487572,HOG8-ML04-H2-GPS-Sniper-Specialist-Polisher,Polisher,0.008027947054847051
9304,0.0013050828961529892,HOG8-ML04-H2-GPS-Sniper-Specialist-Refiner,Refiner,0.26637950426612395
9346,0.001304435897583231,HOG8-ML04-H2-GPS-Sniper-Specialist-Polisher,Polisher,0.049575285345113185
9355,0.001303185311110518,HOG8-ML04-H2-GPS-Sniper-Specialist-Refiner,Refiner,0.09587182283391676
9387,0.001302058654291655,HOG8-ML04-H2-GPS-Sniper-Specialist-Refiner,Refiner,0.08645407596737315
9399,0.001301882020853734,HOG8-ML04-H2-GPS-Sniper-Specialist-Polisher,Polisher,0.013565705149979118
9410,0.0013000497893103603,HOG8-ML04-H2-GPS-Sniper-Specialist-Refiner,Refiner,0.14073714161688414
9418,0.0012953217564904997,HOG8-ML04-H2-GPS-Sniper-Specialist-Refiner,Refiner,0.3636809035112955
9428,0.0012952802780345231,HOG8-ML04-H2-GPS-Sniper-Specialist-Polisher,Polisher,0.003202173959381938
9438,0.001294766778158576,HOG8-ML04-H2-GPS-Sniper-Specialist-Polisher,Polisher,0.03964391990329797
9448,0.0012933582134008323,HOG8-ML04-H2-GPS-Sniper-Specialist-Refiner,Refiner,0.10878907163087152
9458,0.0012879131238707309,HOG8-ML04-H2-GPS-Sniper-Specialist-Refiner,Refiner,0.4210039781464537
9467,0.00128698293417759,HOG8-ML04-H2-GPS-Sniper-Specialist-Refiner,Refiner,0.07222456824923475
9480,0.0012839225521398667,HOG8-ML04-H2-GPS-Sniper-Specialist-Refiner,Refiner,0.23779507532312233
9490,0.0012828056971416527,HOG8-ML04-H2-GPS-Sniper-Specialist-Refiner,Refiner,0.08698772339129994
9498,0.001280128338438273,HOG8-ML04-H2-GPS-Sniper-Specialist-Refiner,Refiner,0.2087111640792819
9514,0.001279015953067961,HOG8-ML04-H2-GPS-Sniper-Specialist-Refiner,Refiner,0.08689639444034802
9525,0.0012763962195999764,HOG8-ML04-H2-GPS-Sniper-Specialist-Refiner,Refiner,0.20482414325643888
9564,0.0012737815986926184,HOG8-ML04-H2-GPS-Sniper-Specialist-Refiner,Refiner,0.20484398709496832
9597,0.0012737783667183485,HOG8-ML04-H2-GPS-Sniper-Specialist-Polisher,Polisher,0.00025373064527916417
9620,0.0012727177088849664,HOG8-ML04-H2-GPS-Sniper-Specialist-Refiner,Refiner,0.08326863299733593
9680,0.0012721160013964747,HOG8-ML04-H2-GPS-Sniper-Specialist-Polisher,Polisher,0.047277372216248045
9694,0.0012670760946879407,HOG8-ML04-H2-GPS-Sniper-Specialist-Refiner,Refiner,0.39618295053292957
9710,0.0012669871588789619,HOG8-ML04-H2-GPS-Sniper-Specialist-Polisher,Polisher,0.007018979314000093
9715,0.00126359946444122,HOG8-ML04-H2-GPS-Sniper-Specialist-Refiner,Refiner,0.26738190785921095
9724,0.0012607867648654193,HOG8-ML04-H2-GPS-Sniper-Specialist-Refiner,Refiner,0.2225942361446449
9734,0.0012604916983584725,HOG8-ML04-H2-GPS-Sniper-Specialist-Polisher,Polisher,0.023403363294216314
9744,0.0012585887597268695,HOG8-ML04-H2-GPS-Sniper-Specialist-Refiner,Refiner,0.1509679622706918
9754,0.0012566735576693016,HOG8-ML04-H2-GPS-Sniper-Specialist-Refiner,Refiner,0.15217059923397616
9765,0.001255070391739058,HOG8-ML04-H2-GPS-Sniper-Specialist-Refiner,Refiner,0.12757218614649782
9775,0.001254488328184455,HOG8-ML04-H2-GPS-Sniper-Specialist-Polisher,Polisher,0.04637696486460046
9785,0.0012527714144525508,HOG8-ML04-H2-GPS-Sniper-Specialist-Refiner,Refiner,0.1368616744636496
9791,0.0012501711391847796,HOG8-ML04-H2-GPS-Sniper-Specialist-Refiner,Refiner,0.20756182953835206
9805,0.0012454388853732714,HOG8-ML04-H2-GPS-Sniper-Specialist-Refiner,Refiner,0.37852848007625767
9816,0.00124226062766346,HOG8-ML04-H2-GPS-Sniper-Specialist-Refiner,Refiner,0.2551917839676879
9825,0.0012399574030024826,HOG8-ML04-H2-GPS-Sniper-Specialist-Refiner,Refiner,0.18540591319468622
9836,0.001230796721178489,HOG8-ML04-H2-GPS-Sniper-Specialist-Exploiter,Exploiter,0.7387900424491614
9846,0.0012276541589411488,HOG8-ML04-H2-GPS-Sniper-Specialist-Refiner,Refiner,0.2553274788001759
9855,0.0012219029755514642,HOG8-ML04-H2-GPS-Sniper-Specialist-Refiner,Refiner,0.4684693443831875
9866,0.0012177766195989265,HOG8-ML04-H2-GPS-Sniper-Specialist-Refiner,Refiner,0.33769914920417204
9876,0.001217661473121358,HOG8-ML04-H2-GPS-Sniper-Specialist-Polisher,Polisher,0.009455467917134397
9885,0.0012097792647493718,HOG8-ML04-H2-GPS-Sniper-Specialist-Exploiter,Exploiter,0.6473234594325223
9895,0.0012097662042662635,HOG8-ML04-H2-GPS-Sniper-Specialist-Polisher,Polisher,0.0010795757117648432
9907,0.0012033230353577836,HOG8-ML04-H2-GPS-Sniper-Specialist-Exploiter,Exploiter,0.5325962062552239
9915,0.0011996921236610307,HOG8-ML04-H2-GPS-Sniper-Specialist-Refiner,Refiner,0.3017403963910126
9925,0.0011961337545972387,HOG8-ML04-H2-GPS-Sniper-Specialist-Refiner,Refiner,0.29660685384289315
9934,0.0011936574329259467,HOG8-ML04-H2-GPS-Sniper-Specialist-Refiner,Refiner,0.20702715409329892
9948,0.0011871414489448163,HOG8-ML04-H2-GPS-Sniper-Specialist-Exploiter,Exploiter,0.5458839195729842
9957,0.0011838533821887144,HOG8-ML04-H2-GPS-Sniper-Specialist-Refiner,Refiner,0.27697346083101326
9965,0.0011775533682871291,HOG8-ML04-H2-GPS-Sniper-Specialist-Exploiter,Exploiter,0.5321616676836939
9978,0.0011754392613121968,HOG8-ML04-H2-GPS-Sniper-Specialist-Refiner,Refiner,0.17953385654252424
9991,0.0011750609957322286,HOG8-ML04-H2-GPS-Sniper-Specialist-Polisher,Polisher,0.032180784870669984
9996,0.0011730628267803572,HOG8-ML04-H2-GPS-Sniper-Specialist-Refiner,Refiner,0.1700481046625371
10009,0.0011695622741689756,HOG8-ML04-H2-GPS-Sniper-Specialist-Refiner,Refiner,0.29841134945767384
10016,0.0011657635791844352,HOG8-ML04-H2-GPS-Sniper-Specialist-Refiner,Refiner,0.3247962993026166
10025,0.001162714989536957,HOG8-ML04-H2-GPS-Sniper-Specialist-Refiner,Refiner,0.2615101125059209
10035,0.0011603572891578224,HOG8-ML04-H2-GPS-Sniper-Specialist-Refiner,Refiner,0.20277543511101898
10046,0.0011513787394541782,HOG8-ML04-H2-GPS-Sniper-Specialist-Exploiter,Exploiter,0.7737745768082076
10056,0.0011397321884031037,HOG8-ML04-H2-GPS-Sniper-Specialist-Exploiter,Exploiter,1.0115308414150186
10065,0.0011368169889393656,HOG8-ML04-H2-GPS-Sniper-Specialist-Refiner,Refiner,0.25577933951506865
10075,0.0011322317086900782,HOG8-ML04-H2-GPS-Sniper-Specialist-Refiner,Refiner,0.4033437478415424
10086,0.001125882846455536,HOG8-ML04-H2-GPS-Sniper-Specialist-Exploiter,Exploiter,0.5607387768610946
10095,0.0011226180236463277,HOG8-ML04-H2-GPS-Sniper-Specialist-Refiner,Refiner,0.28997891028241113
10105,0.0011189447872524347,HOG8-ML04-H2-GPS-Sniper-Specialist-Refiner,Refiner,0.3272026919683795
10115,0.0011152674258527611,HOG8-ML04-H2-GPS-Sniper-Specialist-Refiner,Refiner,0.328645473982973
10124,0.0011120016075285518,HOG8-ML04-H2-GPS-Sniper-Specialist-Refiner,Refiner,0.29282827136389966
10135,0.0011063426464734578,HOG8-ML04-H2-GPS-Sniper-Specialist-Exploiter,Exploiter,0.5088986397844464
10145,0.0011022385582626327,HOG8-ML04-H2-GPS-Sniper-Specialist-Refiner,Refiner,0.3709599574695241
10154,0.0011008277584617834,HOG8-ML04-H2-GPS-Sniper-Specialist-Refiner,Refiner,0.12799405267341193
10165,0.0010982382066506726,HOG8-ML04-H2-GPS-Sniper-Specialist-Refiner,Refiner,0.2352367835209072
10174,0.0010898902985874,HOG8-ML04-H2-GPS-Sniper-Specialist-Exploiter,Exploiter,0.7601181613168728
10184,0.001079484226509247,HOG8-ML04-H2-GPS-Sniper-Specialist-Exploiter,Exploiter,0.9547816043174513
10196,0.0010781690486052946,HOG8-ML04-H2-GPS-Sniper-Specialist-Refiner,Refiner,0.12183391583268782
10206,0.001077014510609918,HOG8-ML04-H2-GPS-Sniper-Specialist-Refiner,Refiner,0.10708320711582421
10216,0.001075422997516979,HOG8-ML04-H2-GPS-Sniper-Specialist-Refiner,Refiner,0.1477708124877093
10225,0.0010712183645404099,HOG8-ML04-H2-GPS-Sniper-Specialist-Refiner,Refiner,0.3909748058463698
10235,0.0010651811433105805,HOG8-ML04-H2-GPS-Sniper-Specialist-Exploiter,Exploiter,0.5635845528488046
10246,0.0010643265236973776,HOG8-ML04-H2-GPS-Sniper-Specialist-Refiner,Refiner,0.08023232654558858
10255,0.0010566851816157454,HOG8-ML04-H2-GPS-Sniper-Specialist-Exploiter,Exploiter,0.7179509212160601
10266,0.0010449247928847707,HOG8-ML04-H2-GPS-Sniper-Specialist-Exploiter,Exploiter,1.1129510411977424
10275,0.0010294117602424342,HOG8-ML04-H2-GPS-Sniper-Specialist-Exploiter,Exploiter,1.4846075763509252
10288,0.0010264966557729433,HOG8-ML04-H2-GPS-Sniper-Specialist-Refiner,Refiner,0.283181578264104
10299,0.0010229738839602248,HOG8-ML04-H2-GPS-Sniper-Specialist-Refiner,Refiner,0.3431839541713733
10305,0.0010201907011345977,HOG8-ML04-H2-GPS-Sniper-Specialist-Refiner,Refiner,0.2720678278562363
10315,0.001018090297383157,HOG8-ML04-H2-GPS-Sniper-Specialist-Refiner,Refiner,0.20588344405655146
10327,0.001012867411504927,HOG8-ML04-H2-GPS-Sniper-Specialist-Exploiter,Exploiter,0.5130081184011677
10335,0.001012061950006526,HOG8-ML04-H2-GPS-Sniper-Specialist-Refiner,Refiner,0.07952289601302677
10345,0.0010082043360341805,HOG8-ML04-H2-GPS-Sniper-Specialist-Refiner,Refiner,0.38116381831375556
10358,0.001007030000278236,HOG8-ML04-H2-GPS-Sniper-Specialist-Refiner,Refiner,0.11647795134106181
10365,0.0010031646878038585,HOG8-ML04-H2-GPS-Sniper-Specialist-Refiner,Refiner,0.3838329020296919
10378,0.0010026042691298385,HOG8-ML04-H2-GPS-Sniper-Specialist-Refiner,Refiner,0.055865071890334565
10385,0.000994066045191457,HOG8-ML04-H2-GPS-Sniper-Specialist-Exploiter,Exploiter,0.851604586303212
10396,0.0009927832844242369,HOG8-ML04-H2-GPS-Sniper-Specialist-Refiner,Refiner,0.12904180496105905
10406,0.0009901571411895494,HOG8-ML04-H2-GPS-Sniper-Specialist-Refiner,Refiner,0.26452331298169707
10417,0.0009875306729316088,HOG8-ML04-H2-GPS-Sniper-Specialist-Refiner,Refiner,0.2652577200812012
10426,0.0009856476149879753,HOG8-ML04-H2-GPS-Sniper-Specialist-Refiner,Refiner,0.19068348915617517
10436,0.00098459312791248,HOG8-ML04-H2-GPS-Sniper-Specialist-Refiner,Refiner,0.10698418577395445
10448,0.000981838854520791,HOG8-ML04-H2-GPS-Sniper-Specialist-Refiner,Refiner,0.27973721465318635
10460,0.0009806840436742234,HOG8-ML04-H2-GPS-Sniper-Specialist-Refiner,Refiner,0.11761714677009916
10468,0.0009784238378158848,HOG8-ML04-H2-GPS-Sniper-Specialist-Refiner,Refiner,0.23047238026536807
10478,0.0009733712242039562,HOG8-ML04-H2-GPS-Sniper-Specialist-Exploiter,Exploiter,0.5164033639253351
10488,0.0009697447241897717,HOG8-ML04-H2-GPS-Sniper-Specialist-Refiner,Refiner,0.37257111408346333
10000,0.0009696187959502881,Final,Final,0
