TimeMs,BestQuality,Source,Role,DeltaPct
7,180294.37213148177,HOG8-ML00-H2-GPS-GradientEstimation-Escape-Specialist-Global Explorer,Global Explorer,100
7,97262.70349431362,HOG8-ML01-H2-GPS-GradientEstimation-Escape-Specialist-Local Explorer,Local Explorer,46.053389052330665
15,113.92660774044933,HOG8-ML06-H2-GPS-Spray-Specialist-Global Explorer,Global Explorer,99.88286711797282
23,86.71851514793003,HOG8-ML06-H2-GPS-Spray-Specialist-Local Explorer,Local Explorer,23.882123001946574
30,46.1361022167779,HOG8-ML06-H2-GPS-Spray-Specialist-Local Explorer,Local Explorer,46.797864172286666
42,35.96443234495575,HOG8-ML06-H2-GPS-Spray-Specialist-Local Explorer,Local Explorer,22.047094104371713
52,27.897715802261015,HOG8-ML06-H2-GPS-Spray-Specialist-Local Explorer,Local Explorer,22.42970628681742
60,26.472433891961085,HOG8-ML06-H2-GPS-Spray-Specialist-Local Explorer,Local Explorer,5.108955587627054
74,25.413879152589786,HOG8-ML06-H1-GPS-Spray-Specialist-Exploiter,Exploiter,3.998705761969064
83,24.56013179550688,HOG8-ML06-H1-GPS-Spray-Specialist-Exploiter,Exploiter,3.3593744266935537
90,23.83231473007769,HOG8-ML06-H1-GPS-Spray-Specialist-Exploiter,Exploiter,2.9634086310658097
103,23.018352520142653,HOG8-ML06-H1-GPS-Spray-Specialist-Exploiter,Exploiter,3.4153720238839127
114,22.4459114991736,HOG8-ML06-H1-GPS-Spray-Specialist-Exploiter,Exploiter,2.4868896263019966
124,22.24984557582604,HOG8-ML06-H1-GPS-Spray-Specialist-Exploiter,Exploiter,0.8735039490589618
133,22.132166463841962,HOG8-ML06-H1-GPS-Spray-Specialist-Exploiter,Exploiter,0.5288985560957493
143,21.96971649564368,HOG8-ML06-H1-GPS-Spray-Specialist-Exploiter,Exploiter,0.7339993961444351
158,21.953337686402612,HOG8-ML06-H1-GPS-Spray-Specialist-Refiner,Refiner,0.07455175511398199
164,21.90120162176757,HOG8-ML06-H1-GPS-Spray-Specialist-Refiner,Refiner,0.23748582279283628
178,21.802429288082326,HOG8-ML06-H1-GPS-Spray-Specialist-Refiner,Refiner,0.45099047710274326
187,21.773065401418947,HOG8-ML06-H1-GPS-Spray-Specialist-Refiner,Refiner,0.13468171952485183
197,21.743503427449976,HOG8-ML06-H1-GPS-Spray-Specialist-Refiner,Refiner,0.13577313724067527
207,21.73724069524075,HOG8-ML06-H1-GPS-Spray-Specialist-Polisher,Polisher,0.028802774263690066
217,21.721237176033284,HOG8-ML06-H1-GPS-Spray-Specialist-Refiner,Refiner,0.07362258822008529
225,21.712174487654487,HOG8-ML06-H1-GPS-Spray-Specialist-Polisher,Polisher,0.04172270808219528
237,21.68432427876434,HOG8-ML06-H1-GPS-Spray-Specialist-Refiner,Refiner,0.12827001231950524
248,21.65442555528279,HOG8-ML06-H1-GPS-Spray-Specialist-Refiner,Refiner,0.1378817393486013
258,21.619759250795234,HOG8-ML06-H1-GPS-Spray-Specialist-Refiner,Refiner,0.1600887744588434
269,21.598540451276822,HOG8-ML06-H1-GPS-Spray-Specialist-Refiner,Refiner,0.09814540149253129
278,21.567517413874917,HOG8-ML06-H1-GPS-Spray-Specialist-Refiner,Refiner,0.14363487880992887
289,21.556175291827635,HOG8-ML06-H1-GPS-Spray-Specialist-Refiner,Refiner,0.05258890872616108
299,21.543163009826838,HOG8-ML06-H1-GPS-Spray-Specialist-Refiner,Refiner,0.060364521185401726
309,21.407721887393915,HOG8-ML06-H1-GPS-Spray-Specialist-Exploiter,Exploiter,0.6286965492074753
318,21.341584082944845,HOG8-ML06-H1-GPS-Spray-Specialist-Refiner,Refiner,0.3089436830175567
328,21.334305062201462,HOG8-ML06-H1-GPS-Spray-Specialist-Polisher,Polisher,0.03410721863518858
338,21.323765034393272,HOG8-ML06-H1-GPS-Spray-Specialist-Polisher,Polisher,0.049404130003110475
353,21.308136513875432,HOG8-ML06-H1-GPS-Spray-Specialist-Refiner,Refiner,0.07329156222005143
363,21.26492550031118,HOG8-ML06-H1-GPS-Spray-Specialist-Refiner,Refiner,0.20279114288626326
373,21.26337348066886,HOG8-ML06-H1-GPS-Spray-Specialist-Polisher,Polisher,0.0072984955545482766
383,21.243707216056563,HOG8-ML06-H1-GPS-Spray-Specialist-Refiner,Refiner,0.0924889205853273
398,21.20594310713323,HOG8-ML06-H1-GPS-Spray-Specialist-Refiner,Refiner,0.17776609581020053
407,21.19224069935651,HOG8-ML06-H1-GPS-Spray-Specialist-Refiner,Refiner,0.06461588483706808
417,21.166383138145875,HOG8-ML06-H1-GPS-Spray-Specialist-Refiner,Refiner,0.12201428616003161
427,21.110736396313612,HOG8-ML06-H1-GPS-Spray-Specialist-Refiner,Refiner,0.26290151448679255
437,21.106258360280172,HOG8-ML06-H1-GPS-Spray-Specialist-Polisher,Polisher,0.0212121261398629
447,21.105659166471632,HOG8-ML06-H1-GPS-Spray-Specialist-Polisher,Polisher,0.0028389390403167967
457,21.09909550767454,HOG8-ML06-H1-GPS-Spray-Specialist-Polisher,Polisher,0.03109904668373695
465,21.095626329769907,HOG8-ML06-H1-GPS-Spray-Specialist-Polisher,Polisher,0.016442306275035384
481,21.094746742699996,HOG8-ML06-H1-GPS-Spray-Specialist-Polisher,Polisher,0.0041695233702023415
488,21.077413882663087,HOG8-ML06-H1-GPS-Spray-Specialist-Refiner,Refiner,0.0821667131078836
508,21.075783987237436,HOG8-ML06-H1-GPS-Spray-Specialist-Polisher,Polisher,0.007732900415225658
518,21.067487256401407,HOG8-ML06-H1-GPS-Spray-Specialist-Polisher,Polisher,0.039366178933384816
528,21.067018741662835,HOG8-ML06-H1-GPS-Spray-Specialist-Polisher,Polisher,0.002223875742130082
539,21.060308071315816,HOG8-ML06-H1-GPS-Spray-Specialist-Polisher,Polisher,0.03185391549373587
548,21.05439589573527,HOG8-ML06-H1-GPS-Spray-Specialist-Polisher,Polisher,0.028072597801169826
558,21.04833046541969,HOG8-ML06-H1-GPS-Spray-Specialist-Polisher,Polisher,0.028808379711377258
567,21.047689181164166,HOG8-ML06-H1-GPS-Spray-Specialist-Polisher,Polisher,0.003046722667983997
577,21.04589085181523,HOG8-ML06-H1-GPS-Spray-Specialist-Polisher,Polisher,0.008544070246656248
588,21.04055361098066,HOG8-ML06-H1-GPS-Spray-Specialist-Polisher,Polisher,0.025360013848549134
597,21.03850472317075,HOG8-ML06-H1-GPS-Spray-Specialist-Polisher,Polisher,0.0097378037089297
613,21.036257743581935,HOG8-ML06-H1-GPS-Spray-Specialist-Polisher,Polisher,0.01068031981541071
622,21.03605095821751,HOG8-ML06-H1-GPS-Spray-Specialist-Polisher,Polisher,0.000982995012453671
630,21.030542105726784,HOG8-ML06-H1-GPS-Spray-Specialist-Polisher,Polisher,0.026187674205895125
648,21.027770686633982,HOG8-ML06-H1-GPS-Spray-Specialist-Polisher,Polisher,0.013178067778137013
660,21.022409139466703,HOG8-ML06-H1-GPS-Spray-Specialist-Polisher,Polisher,0.025497458799506538
673,21.003744517198783,HOG8-ML06-H1-GPS-Spray-Specialist-Refiner,Refiner,0.08878441164423831
684,21.003421977877334,HOG8-ML06-H1-GPS-Spray-Specialist-Polisher,Polisher,0.0015356277124035467
690,21.003343913198986,HOG8-ML06-H1-GPS-Spray-Specialist-Polisher,Polisher,0.0003716759984657733
703,20.998704292063564,HOG8-ML06-H1-GPS-Spray-Specialist-Polisher,Polisher,0.022089916513273553
713,20.984477834592155,HOG8-ML06-H1-GPS-Spray-Specialist-Refiner,Refiner,0.06774921573035304
734,20.983770624682215,HOG8-ML06-H1-GPS-Spray-Specialist-Polisher,Polisher,0.0033701572920462274
745,20.983387589500225,HOG8-ML06-H1-GPS-Spray-Specialist-Polisher,Polisher,0.0018253877667699248
753,20.982507737509444,HOG8-ML06-H1-GPS-Spray-Specialist-Polisher,Polisher,0.004193088399232533
763,20.95424873666655,HOG8-ML06-H1-GPS-Spray-Specialist-Refiner,Refiner,0.1346788534355058
777,20.953354903627776,HOG8-ML06-H1-GPS-Spray-Specialist-Polisher,Polisher,0.004265641064045819
787,20.953352132215834,HOG8-ML06-H1-GPS-Spray-Specialist-Polisher,Polisher,1.3226578537663353E-05
794,20.953003854227113,HOG8-ML06-H1-GPS-Spray-Specialist-Polisher,Polisher,0.0016621588112636454
807,20.951443114579682,HOG8-ML06-H1-GPS-Spray-Specialist-Polisher,Polisher,0.007448763233611474
817,20.93554976445033,HOG8-ML06-H1-GPS-Spray-Specialist-Refiner,Refiner,0.07585802105580672
827,20.902559978626726,HOG8-ML06-H1-GPS-Spray-Specialist-Refiner,Refiner,0.15757783385092064
837,20.890733526632914,HOG8-ML06-H1-GPS-Spray-Specialist-Refiner,Refiner,0.056578964518724253
848,20.885641468742392,HOG8-ML06-H1-GPS-Spray-Specialist-Polisher,Polisher,0.024374720418650353
871,20.885421136908498,HOG8-ML06-H1-GPS-Spray-Specialist-Polisher,Polisher,0.0010549440591709849
878,20.885284646174163,HOG8-ML06-H1-GPS-Spray-Specialist-Polisher,Polisher,0.000653521580626453
882,17.580421298688197,HOG8-ML03-H1-GPS-JADE-Specialist-Local Explorer,Local Explorer,15.82388463205055
891,16.89050878780808,HOG8-ML03-H1-GPS-JADE-Specialist-Exploiter,Exploiter,3.9243229679120137
901,16.496711115390745,HOG8-ML03-H1-GPS-JADE-Specialist-Exploiter,Exploiter,2.3314731211743407
912,14.717575259597918,HOG8-ML03-H1-GPS-JADE-Specialist-Local Explorer,Local Explorer,10.784791243225246
928,14.239627327721267,HOG8-ML03-H1-GPS-JADE-Specialist-Exploiter,Exploiter,3.247463820950818
933,13.619304756962265,HOG8-ML03-H1-GPS-JADE-Specialist-Exploiter,Exploiter,4.356311836556127
945,13.48503557305188,HOG8-ML03-H1-GPS-JADE-Specialist-Exploiter,Exploiter,0.9858739950858811
958,13.006546492581613,HOG8-ML03-H1-GPS-JADE-Specialist-Exploiter,Exploiter,3.5482967610887575
962,12.346234530772684,HOG8-ML03-H1-GPS-JADE-Specialist-Local Explorer,Local Explorer,5.076766243718451
974,12.048858356155174,HOG8-ML03-H1-GPS-JADE-Specialist-Exploiter,Exploiter,2.4086386329071177
987,11.938678040172135,HOG8-ML03-H1-GPS-JADE-Specialist-Exploiter,Exploiter,0.9144461054001254
996,11.78294513699091,HOG8-ML03-H1-GPS-JADE-Specialist-Exploiter,Exploiter,1.3044400951026824
1005,11.774583916805422,HOG8-ML03-H1-GPS-JADE-Specialist-Refiner,Refiner,0.07096035913160172
1021,11.743761275943328,HOG8-ML03-H1-GPS-JADE-Specialist-Refiner,Refiner,0.26177265438741004
1041,11.681699109401833,HOG8-ML03-H1-GPS-JADE-Specialist-Exploiter,Exploiter,0.5284692449311494
1053,11.578372022355538,HOG8-ML03-H1-GPS-JADE-Specialist-Exploiter,Exploiter,0.8845210450861081
1062,11.576387648949222,HOG8-ML03-H1-GPS-JADE-Specialist-Polisher,Polisher,0.01713862192788781
1082,11.541378508566613,HOG8-ML03-H1-GPS-JADE-Specialist-Refiner,Refiner,0.30241852159975746
1096,11.54055807564389,HOG8-ML03-H1-GPS-JADE-Specialist-Polisher,Polisher,0.007108621575088579
1108,11.477923402389203,HOG8-ML03-H1-GPS-JADE-Specialist-Exploiter,Exploiter,0.542735219944657
1114,11.476988106414739,HOG8-ML03-H1-GPS-JADE-Specialist-Polisher,Polisher,0.008148651473575219
1138,11.438247322220185,HOG8-ML03-H1-GPS-JADE-Specialist-Refiner,Refiner,0.3375518370791065
1155,11.437158940544839,HOG8-ML03-H1-GPS-JADE-Specialist-Polisher,Polisher,0.009515283632941957
1168,11.42806640873663,HOG8-ML03-H1-GPS-JADE-Specialist-Refiner,Refiner,0.07949991650440208
1187,11.415128904345853,HOG8-ML03-H1-GPS-JADE-Specialist-Refiner,Refiner,0.11320816600161286
1206,11.415040682591082,HOG8-ML03-H1-GPS-JADE-Specialist-Polisher,Polisher,0.0007728493958335369
1218,11.414763404550483,HOG8-ML03-H1-GPS-JADE-Specialist-Polisher,Polisher,0.002429058715681534
1257,11.414384448375223,HOG8-ML03-H1-GPS-JADE-Specialist-Polisher,Polisher,0.0033198776166340296
1266,11.413460910731839,HOG8-ML03-H1-GPS-JADE-Specialist-Polisher,Polisher,0.00809099822737901
1301,11.401821832080213,HOG8-ML03-H1-GPS-JADE-Specialist-Refiner,Refiner,0.10197676885792192
1311,11.395706730713677,HOG8-ML03-H1-GPS-JADE-Specialist-Refiner,Refiner,0.05363266902952694
1321,11.39113055039875,HOG8-ML03-H1-GPS-JADE-Specialist-Polisher,Polisher,0.04015705583747484
1341,11.389810133358969,HOG8-ML03-H1-GPS-JADE-Specialist-Polisher,Polisher,0.011591624149492618
1351,11.38013522987433,HOG8-ML03-H1-GPS-JADE-Specialist-Refiner,Refiner,0.0849435010009723
1381,11.379781895567735,HOG8-ML03-H1-GPS-JADE-Specialist-Polisher,Polisher,0.00310483398885977
1391,11.374715863737068,HOG8-ML03-H1-GPS-JADE-Specialist-Polisher,Polisher,0.044517828875440715
1448,11.37428816311399,HOG8-ML03-H1-GPS-JADE-Specialist-Polisher,Polisher,0.0037600994011769183
1486,11.373518355986933,HOG8-ML03-H1-GPS-JADE-Specialist-Polisher,Polisher,0.006767958715457862
1499,11.36414628484211,HOG8-ML05-H2-GPS-JADE-Specialist-Refiner,Refiner,0.08240256753873376
1531,11.338989625773237,HOG8-ML05-H2-GPS-JADE-Specialist-Refiner,Refiner,0.22136866631528693
1543,11.338928714617314,HOG8-ML05-H2-GPS-JADE-Specialist-Polisher,Polisher,0.0005371832758811169
1577,11.332238607152668,HOG8-ML05-H2-GPS-JADE-Specialist-Refiner,Refiner,0.059001230477986326
1588,11.329083319947998,HOG8-ML05-H2-GPS-JADE-Specialist-Polisher,Polisher,0.027843458949750113
1622,11.32878567143182,HOG8-ML05-H2-GPS-JADE-Specialist-Polisher,Polisher,0.0026272956758410008
1642,11.322067285212928,HOG8-ML05-H2-GPS-JADE-Specialist-Refiner,Refiner,0.059303674848705336
1652,11.315029551926871,HOG8-ML05-H2-GPS-JADE-Specialist-Refiner,Refiner,0.062159437042454614
1665,11.303005621345621,HOG8-ML05-H2-GPS-JADE-Specialist-Refiner,Refiner,0.10626512751089373
1676,11.299701767852698,HOG8-ML05-H2-GPS-JADE-Specialist-Polisher,Polisher,0.02922986684784076
1717,11.285565805743433,HOG8-ML05-H2-GPS-JADE-Specialist-Refiner,Refiner,0.1251003114921235
1740,11.279893288303208,HOG8-ML05-H2-GPS-JADE-Specialist-Refiner,Refiner,0.05026347405052317
1757,11.279163662581526,HOG8-ML05-H2-GPS-JADE-Specialist-Polisher,Polisher,0.006468374327962993
1767,11.277612073659057,HOG8-ML05-H2-GPS-JADE-Specialist-Polisher,Polisher,0.013756240878182033
1783,11.277516152321658,HOG8-ML05-H2-GPS-JADE-Specialist-Polisher,Polisher,0.0008505465232596577
1813,11.265814862765586,HOG8-ML05-H2-GPS-JADE-Specialist-Refiner,Refiner,0.10375768385543897
1843,11.26553767478258,HOG8-ML05-H2-GPS-JADE-Specialist-Polisher,Polisher,0.0024604343882999287
1871,11.263127967696677,HOG8-ML05-H2-GPS-JADE-Specialist-Polisher,Polisher,0.02139007613721668
1894,11.262519070647874,HOG8-ML05-H2-GPS-JADE-Specialist-Polisher,Polisher,0.005406109657541953
1913,11.253968818837047,HOG8-ML05-H2-GPS-JADE-Specialist-Refiner,Refiner,0.07591775656221776
1934,11.233528176560801,HOG8-ML05-H2-GPS-JADE-Specialist-Refiner,Refiner,0.18163052168788213
1947,11.232855961412376,HOG8-ML05-H2-GPS-JADE-Specialist-Polisher,Polisher,0.005984007320404331
1958,11.230046352574803,HOG8-ML05-H2-GPS-JADE-Specialist-Polisher,Polisher,0.025012417565265725
1965,11.227746018717077,HOG8-ML05-H2-GPS-JADE-Specialist-Polisher,Polisher,0.020483743214452697
2025,11.227218093499665,HOG8-ML05-H2-GPS-JADE-Specialist-Polisher,Polisher,0.004701969714419
2059,11.226443755229674,HOG8-ML05-H2-GPS-JADE-Specialist-Polisher,Polisher,0.00689697361842227
2067,11.225478014262672,HOG8-ML05-H2-GPS-JADE-Specialist-Polisher,Polisher,0.008602376567846143
2078,11.217179933460232,HOG8-ML05-H2-GPS-JADE-Specialist-Refiner,Refiner,0.07392184806648751
2111,11.217074140120689,HOG8-ML05-H2-GPS-JADE-Specialist-Polisher,Polisher,0.0009431366900640888
2141,11.214367238275644,HOG8-ML05-H2-GPS-JADE-Specialist-Polisher,Polisher,0.024131977833353392
2162,11.213954133315541,HOG8-ML05-H2-GPS-JADE-Specialist-Polisher,Polisher,0.0036837117184183484
2173,11.212570243857636,HOG8-ML05-H2-GPS-JADE-Specialist-Polisher,Polisher,0.012340780437061384
2182,11.211861956043032,HOG8-ML05-H2-GPS-JADE-Specialist-Polisher,Polisher,0.006316908605247258
2244,11.191171429740297,HOG8-ML05-H2-GPS-JADE-Specialist-Refiner,Refiner,0.18454139360485908
2267,11.189240160615208,HOG8-ML05-H2-GPS-JADE-Specialist-Polisher,Polisher,0.017257077484819184
2278,11.18923495450871,HOG8-ML05-H2-GPS-JADE-Specialist-Polisher,Polisher,4.6527792987360154E-05
2297,11.188174651654345,HOG8-ML05-H2-GPS-JADE-Specialist-Polisher,Polisher,0.009476097862591463
2421,11.181973332959755,HOG8-ML05-H2-GPS-JADE-Specialist-Refiner,Refiner,0.055427439128086634
2453,11.170179257014714,HOG8-ML05-H2-GPS-JADE-Specialist-Refiner,Refiner,0.1054740124471285
2474,11.170123183313128,HOG8-ML05-H2-GPS-JADE-Specialist-Polisher,Polisher,0.0005019946439157441
2533,11.169966142910948,HOG8-ML05-H2-GPS-JADE-Specialist-Polisher,Polisher,0.0014058967802208042
2542,11.168348442048552,HOG8-ML05-H2-GPS-JADE-Specialist-Polisher,Polisher,0.014482594143061831
2554,11.168274875495014,HOG8-ML05-H2-GPS-JADE-Specialist-Polisher,Polisher,0.0006587057515304906
2575,11.161700933127307,HOG8-ML05-H2-GPS-JADE-Specialist-Refiner,Refiner,0.05886264835880073
2595,11.160331288223189,HOG8-ML05-H2-GPS-JADE-Specialist-Polisher,Polisher,0.012270933546096291
2626,11.15796057659444,HOG8-ML05-H2-GPS-JADE-Specialist-Polisher,Polisher,0.021242305156743677
2638,11.157891059275876,HOG8-ML05-H2-GPS-JADE-Specialist-Polisher,Polisher,0.0006230288957156961
2662,11.157498692643498,HOG8-ML05-H2-GPS-JADE-Specialist-Polisher,Polisher,0.0035164945623960982
2668,11.157373739212195,HOG8-ML05-H2-GPS-JADE-Specialist-Polisher,Polisher,0.0011199054084195406
2701,11.157330908429467,HOG8-ML05-H2-GPS-JADE-Specialist-Polisher,Polisher,0.0003838787131236768
2769,11.154594989889235,HOG8-ML05-H2-GPS-JADE-Specialist-Polisher,Polisher,0.02452126375641325
2806,11.13888605612434,HOG8-ML05-H2-GPS-JADE-Specialist-Refiner,Refiner,0.14082926165525247
2829,11.125761975117035,HOG8-ML05-H2-GPS-JADE-Specialist-Refiner,Refiner,0.11782220359538906
2848,11.125625524654414,HOG8-ML05-H2-GPS-JADE-Specialist-Polisher,Polisher,0.0012264370110246308
2985,11.121719220921657,HOG8-ML05-H2-GPS-JADE-Specialist-Polisher,Polisher,0.03511086836511378
3010,10.5356136172971,HOG8-ML00-H1-GPS-GradientEstimation-Escape-Specialist-Local Explorer,Local Explorer,5.26991908339137
3012,10.370605560573903,HOG8-ML01-H2-GPS-GradientEstimation-Escape-Specialist-Exploiter,Exploiter,1.5661931304341976
3021,10.13642829886738,HOG8-ML00-H2-GPS-GradientEstimation-Escape-Specialist-Exploiter,Exploiter,2.258086669468939
3023,9.889815415615143,HOG8-ML01-H2-GPS-GradientEstimation-Escape-Specialist-Exploiter,Exploiter,2.4329366911202093
3030,9.399378229161728,HOG8-ML00-H1-GPS-GradientEstimation-Escape-Specialist-Exploiter,Exploiter,4.959012538080919
3033,9.351317771437007,HOG8-ML00-H2-GPS-GradientEstimation-Escape-Specialist-Exploiter,Exploiter,0.5113152865326059
3038,9.244354337586033,HOG8-ML01-H2-GPS-GradientEstimation-Escape-Specialist-Exploiter,Exploiter,1.1438327352930533
3040,9.099312243494085,HOG8-ML00-H1-GPS-GradientEstimation-Escape-Specialist-Exploiter,Exploiter,1.5689802531933588
3043,9.054435215798934,HOG8-ML00-H2-GPS-GradientEstimation-Escape-Specialist-Refiner,Refiner,0.49319142473913113
3049,8.955085012404279,HOG8-ML01-H2-GPS-GradientEstimation-Escape-Specialist-Exploiter,Exploiter,1.0972545611823545
3052,8.831200079151772,HOG8-ML01-H1-GPS-GradientEstimation-Escape-Specialist-Exploiter,Exploiter,1.3834032070148472
3054,8.780483080229828,HOG8-ML00-H1-GPS-GradientEstimation-Escape-Specialist-Exploiter,Exploiter,0.5742933969039361
3058,8.733597884239964,HOG8-ML02-H2-GPS-GradientEstimation-Escape-Specialist-Exploiter,Exploiter,0.5339705749838622
3058,8.642915421564313,HOG8-ML01-H2-GPS-GradientEstimation-Escape-Specialist-Exploiter,Exploiter,1.0383173564618873
3060,8.551967533763897,HOG8-ML00-H1-GPS-GradientEstimation-Escape-Specialist-Exploiter,Exploiter,1.052282515382468
3065,8.504435773960264,HOG8-ML00-H1-GPS-GradientEstimation-Escape-Specialist-Exploiter,Exploiter,0.5557991142502965
3067,8.469001117544046,HOG8-ML02-H2-GPS-GradientEstimation-Escape-Specialist-Refiner,Refiner,0.41666087390200746
3071,8.339796504934782,HOG8-ML01-H2-GPS-GradientEstimation-Escape-Specialist-Exploiter,Exploiter,1.5256180843052336
3073,8.291418751104201,HOG8-ML00-H1-GPS-GradientEstimation-Escape-Specialist-Exploiter,Exploiter,0.5800831447380602
3081,8.117613970886625,HOG8-ML01-H2-GPS-GradientEstimation-Escape-Specialist-Exploiter,Exploiter,2.0962007279445407
3085,8.04019521219294,HOG8-ML00-H1-GPS-GradientEstimation-Escape-Specialist-Exploiter,Exploiter,0.9537132336095745
3085,7.9915996422996285,HOG8-ML00-H1-GPS-GradientEstimation-Escape-Specialist-Exploiter,Exploiter,0.6044078360139298
3092,7.86120826905462,HOG8-ML01-H2-GPS-GradientEstimation-Escape-Specialist-Exploiter,Exploiter,1.6316054242112625
3100,7.749664837541882,HOG8-ML00-H1-GPS-GradientEstimation-Escape-Specialist-Exploiter,Exploiter,1.4189095072296285
3102,7.654722300790617,HOG8-ML01-H2-GPS-GradientEstimation-Escape-Specialist-Exploiter,Exploiter,1.2251179727326136
3108,7.452355457690211,HOG8-ML00-H2-GPS-GradientEstimation-Escape-Specialist-Exploiter,Exploiter,2.643686278201164
3117,7.32797519995753,HOG8-ML00-H2-GPS-GradientEstimation-Escape-Specialist-Exploiter,Exploiter,1.6690059731964455
3129,7.1306375962023365,HOG8-ML00-H2-GPS-GradientEstimation-Escape-Specialist-Exploiter,Exploiter,2.6929349290966105
3140,7.040223123874707,HOG8-ML00-H2-GPS-GradientEstimation-Escape-Specialist-Exploiter,Exploiter,1.2679717782289588
3150,6.897260260847775,HOG8-ML00-H2-GPS-GradientEstimation-Escape-Specialist-Exploiter,Exploiter,2.030658127043143
3164,6.64557489083026,HOG8-ML00-H2-GPS-GradientEstimation-Escape-Specialist-Exploiter,Exploiter,3.649062968468856
3171,6.407468381439404,HOG8-ML00-H2-GPS-GradientEstimation-Escape-Specialist-Exploiter,Exploiter,3.582933204460633
3183,6.257195434652495,HOG8-ML00-H2-GPS-GradientEstimation-Escape-Specialist-Exploiter,Exploiter,2.3452780074921176
3189,6.254393031917462,HOG8-ML01-H2-GPS-GradientEstimation-Escape-Specialist-Polisher,Polisher,0.04478688198730501
3193,6.015688249656616,HOG8-ML00-H2-GPS-GradientEstimation-Escape-Specialist-Exploiter,Exploiter,3.8165938891701527
3199,5.975423850093399,HOG8-ML01-H2-GPS-GradientEstimation-Escape-Specialist-Exploiter,Exploiter,0.6693232410358891
3203,5.78837162083042,HOG8-ML00-H2-GPS-GradientEstimation-Escape-Specialist-Exploiter,Exploiter,3.1303591838101323
3211,5.745643060233512,HOG8-ML01-H2-GPS-GradientEstimation-Escape-Specialist-Exploiter,Exploiter,0.7381792911004891
3214,5.5624491900504625,HOG8-ML00-H2-GPS-GradientEstimation-Escape-Specialist-Exploiter,Exploiter,3.1883962902422978
3221,5.552665659715334,HOG8-ML01-H2-GPS-GradientEstimation-Escape-Specialist-Refiner,Refiner,0.17588529801994646
3224,5.325825298952218,HOG8-ML00-H2-GPS-GradientEstimation-Escape-Specialist-Exploiter,Exploiter,4.085251565006811
3239,5.10197611530036,HOG8-ML00-H2-GPS-GradientEstimation-Escape-Specialist-Exploiter,Exploiter,4.203089119275034
3248,4.881674684578911,HOG8-ML00-H2-GPS-GradientEstimation-Escape-Specialist-Exploiter,Exploiter,4.317962799958726
3252,4.872614623177814,HOG8-ML01-H2-GPS-GradientEstimation-Escape-Specialist-Refiner,Refiner,0.1855933052998778
3258,4.656484954386819,HOG8-ML00-H2-GPS-GradientEstimation-Escape-Specialist-Exploiter,Exploiter,4.435599478007549
3262,4.648791664484739,HOG8-ML01-H2-GPS-GradientEstimation-Escape-Specialist-Refiner,Refiner,0.16521668119709246
3268,4.470129628241843,HOG8-ML00-H2-GPS-GradientEstimation-Escape-Specialist-Exploiter,Exploiter,3.843193008794453
3272,4.460565989028334,HOG8-ML01-H2-GPS-GradientEstimation-Escape-Specialist-Refiner,Refiner,0.21394545592339514
3279,4.206041115791523,HOG8-ML00-H2-GPS-GradientEstimation-Escape-Specialist-Local Explorer,Local Explorer,5.7061115980094534
3285,4.199217796731455,HOG8-ML01-H2-GPS-GradientEstimation-Escape-Specialist-Refiner,Refiner,0.1622266371683788
3288,3.9935381181397105,HOG8-ML00-H2-GPS-GradientEstimation-Escape-Specialist-Exploiter,Exploiter,4.898047411397413
3298,3.952562166700618,HOG8-ML01-H2-GPS-GradientEstimation-Escape-Specialist-Exploiter,Exploiter,1.026056349705759
3299,3.7808298850331834,HOG8-ML00-H2-GPS-GradientEstimation-Escape-Specialist-Exploiter,Exploiter,4.344834424471238
3308,3.721837540697969,HOG8-ML01-H2-GPS-GradientEstimation-Escape-Specialist-Exploiter,Exploiter,1.5603014716092347
3312,3.543267174751343,HOG8-ML00-H2-GPS-GradientEstimation-Escape-Specialist-Exploiter,Exploiter,4.797908667263808
3321,3.503925815570655,HOG8-ML01-H2-GPS-GradientEstimation-Escape-Specialist-Exploiter,Exploiter,1.110313087904487
3323,3.334552234963052,HOG8-ML00-H2-GPS-GradientEstimation-Escape-Specialist-Exploiter,Exploiter,4.833823246341151
3329,3.293485268948998,HOG8-ML01-H2-GPS-GradientEstimation-Escape-Specialist-Exploiter,Exploiter,1.2315586357731456
3337,3.0817669329539314,HOG8-ML00-H2-GPS-GradientEstimation-Escape-Specialist-Local Explorer,Local Explorer,6.42839784319513
3341,3.0397144037834143,HOG8-ML01-H2-GPS-GradientEstimation-Escape-Specialist-Exploiter,Exploiter,1.3645590365981708
3346,2.8573516697690122,HOG8-ML00-H2-GPS-GradientEstimation-Escape-Specialist-Local Explorer,Local Explorer,5.99933775973895
3353,2.8301897359357775,HOG8-ML01-H2-GPS-GradientEstimation-Escape-Specialist-Exploiter,Exploiter,0.9505982102451707
3357,2.6018950747806175,HOG8-ML00-H2-GPS-GradientEstimation-Escape-Specialist-Local Explorer,Local Explorer,8.06640834910937
3363,2.5985867280752664,HOG8-ML01-H2-GPS-GradientEstimation-Escape-Specialist-Refiner,Refiner,0.1271514265666586
3370,2.4307192566331586,HOG8-ML00-H2-GPS-GradientEstimation-Escape-Specialist-Local Explorer,Local Explorer,6.459952620724907
3378,2.3887617130944707,HOG8-ML01-H2-GPS-GradientEstimation-Escape-Specialist-Exploiter,Exploiter,1.7261369623081915
3384,2.2100102243155333,HOG8-ML00-H2-GPS-GradientEstimation-Escape-Specialist-Local Explorer,Local Explorer,7.483018829340563
3399,2.1345462872188783,HOG8-ML00-H2-GPS-GradientEstimation-Escape-Specialist-Exploiter,Exploiter,3.4146419897232416
3403,2.1280934517990806,HOG8-ML00-H1-GPS-GradientEstimation-Escape-Specialist-Refiner,Refiner,0.3023047782301854
3406,1.9377291821705742,HOG8-ML00-H2-GPS-GradientEstimation-Escape-Specialist-Local Explorer,Local Explorer,8.945296526690278
3419,1.6911705724745696,HOG8-ML00-H2-GPS-GradientEstimation-Escape-Specialist-Local Explorer,Local Explorer,12.724100558769443
3429,1.6308506067463275,HOG8-ML00-H2-GPS-GradientEstimation-Escape-Specialist-Exploiter,Exploiter,3.566758238938615
3438,1.5384837010950385,HOG8-ML00-H2-GPS-GradientEstimation-Escape-Specialist-Local Explorer,Local Explorer,5.663725743436924
3443,1.4730568341713028,HOG8-ML00-H1-GPS-GradientEstimation-Escape-Specialist-Exploiter,Exploiter,4.252685087087184
3451,1.3822042746688716,HOG8-ML00-H2-GPS-GradientEstimation-Escape-Specialist-Local Explorer,Local Explorer,6.167620786576243
3455,1.336034969174357,HOG8-ML00-H1-GPS-GradientEstimation-Escape-Specialist-Exploiter,Exploiter,3.3402664382278275
3465,1.2010501385733985,HOG8-ML00-H2-GPS-GradientEstimation-Escape-Specialist-Local Explorer,Local Explorer,10.103390533585838
3467,1.1732523076387187,HOG8-ML00-H1-GPS-GradientEstimation-Escape-Specialist-Exploiter,Exploiter,2.31446049102479
3472,1.0533439745711972,HOG8-ML00-H2-GPS-GradientEstimation-Escape-Specialist-Local Explorer,Local Explorer,10.220165968294435
3487,0.9310615595071158,HOG8-ML00-H2-GPS-GradientEstimation-Escape-Specialist-Local Explorer,Local Explorer,11.608972758766768
3494,0.8397688030347606,HOG8-ML00-H2-GPS-GradientEstimation-Escape-Specialist-Local Explorer,Local Explorer,9.805233127730412
3499,0.8273324824210047,HOG8-ML00-H1-GPS-GradientEstimation-Escape-Specialist-Exploiter,Exploiter,1.480921959569533
3508,0.7465704494282037,HOG8-ML00-H2-GPS-GradientEstimation-Escape-Specialist-Local Explorer,Local Explorer,9.761738443590271
3524,0.6413160084540148,HOG8-ML00-H2-GPS-GradientEstimation-Escape-Specialist-Local Explorer,Local Explorer,14.098393668648818
3533,0.5842807497826334,HOG8-ML00-H2-GPS-GradientEstimation-Escape-Specialist-Local Explorer,Local Explorer,8.893471848437578
3538,0.5829644074658091,HOG8-ML00-H1-GPS-GradientEstimation-Escape-Specialist-Refiner,Refiner,0.22529277531632286
3538,0.5827360692186749,HOG8-ML00-H1-GPS-GradientEstimation-Escape-Specialist-Polisher,Polisher,0.03916847138692402
3542,0.5374748073476949,HOG8-ML00-H2-GPS-GradientEstimation-Escape-Specialist-Local Explorer,Local Explorer,7.767025976556716
3549,0.5271658563606079,HOG8-ML00-H1-GPS-GradientEstimation-Escape-Specialist-Exploiter,Exploiter,1.9180342680541962
3554,0.4848303467660021,HOG8-ML00-H2-GPS-GradientEstimation-Escape-Specialist-Local Explorer,Local Explorer,8.03077609898281
3560,0.47694639238055203,HOG8-ML00-H1-GPS-GradientEstimation-Escape-Specialist-Exploiter,Exploiter,1.626126425055482
3563,0.469926361664455,HOG8-ML00-H1-GPS-GradientEstimation-Escape-Specialist-Exploiter,Exploiter,1.471869968668469
3569,0.4334742123751067,HOG8-ML00-H2-GPS-GradientEstimation-Escape-Specialist-Local Explorer,Local Explorer,7.756991789146851
3573,0.4259456216743623,HOG8-ML00-H1-GPS-GradientEstimation-Escape-Specialist-Exploiter,Exploiter,1.736802440794228
3578,0.3954684706321048,HOG8-ML00-H2-GPS-GradientEstimation-Escape-Specialist-Local Explorer,Local Explorer,7.155174156375637
3583,0.38271116464138294,HOG8-ML00-H1-GPS-GradientEstimation-Escape-Specialist-Exploiter,Exploiter,3.2258718300174336
3588,0.3569223023269787,HOG8-ML00-H2-GPS-GradientEstimation-Escape-Specialist-Local Explorer,Local Explorer,6.738466158563609
3593,0.3517233233098321,HOG8-ML00-H1-GPS-GradientEstimation-Escape-Specialist-Exploiter,Exploiter,1.45661366164331
3598,0.32869799366117697,HOG8-ML00-H2-GPS-GradientEstimation-Escape-Specialist-Local Explorer,Local Explorer,6.546432415109465
3609,0.32369213835278904,HOG8-ML00-H1-GPS-GradientEstimation-Escape-Specialist-Exploiter,Exploiter,1.5229345493200617
3613,0.3085601083481543,HOG8-ML00-H2-GPS-GradientEstimation-Escape-Specialist-Exploiter,Exploiter,4.674821601055537
3616,0.30378509576657675,HOG8-ML00-H1-GPS-GradientEstimation-Escape-Specialist-Exploiter,Exploiter,1.5475145530444891
3625,0.2950381350679374,HOG8-ML00-H2-GPS-GradientEstimation-Escape-Specialist-Exploiter,Exploiter,2.8793251612845263
3628,0.290885588103117,HOG8-ML00-H1-GPS-GradientEstimation-Escape-Specialist-Exploiter,Exploiter,1.4074610944324983
3639,0.2833435695495776,HOG8-ML00-H1-GPS-GradientEstimation-Escape-Specialist-Exploiter,Exploiter,2.5927783506640316
3639,0.28094822883075765,HOG8-ML00-H1-GPS-GradientEstimation-Escape-Specialist-Exploiter,Exploiter,0.8453838294716798
3653,0.273990329620165,HOG8-ML00-H1-GPS-GradientEstimation-Escape-Specialist-Exploiter,Exploiter,2.476576997673141
3658,0.2696648135092046,HOG8-ML00-H1-GPS-GradientEstimation-Escape-Specialist-Exploiter,Exploiter,1.5787112329682873
3663,0.2600925324940703,HOG8-ML00-H2-GPS-GradientEstimation-Escape-Specialist-Exploiter,Exploiter,3.549695969069232
3668,0.25949486728876436,HOG8-ML00-H1-GPS-GradientEstimation-Escape-Specialist-Refiner,Refiner,0.2297894520749417
3668,0.257864017987817,HOG8-ML00-H1-GPS-GradientEstimation-Escape-Specialist-Exploiter,Exploiter,0.6284707354664432
3668,0.25698080641843535,HOG8-ML01-H2-GPS-GradientEstimation-Escape-Specialist-Refiner,Refiner,0.3425105899898666
3674,0.24231367839421883,HOG8-ML00-H2-GPS-GradientEstimation-Escape-Specialist-Local Explorer,Local Explorer,5.70747995876953
3678,0.2389296624454582,HOG8-ML00-H1-GPS-GradientEstimation-Escape-Specialist-Exploiter,Exploiter,1.3965435097127197
3678,0.2386200659546061,HOG8-ML00-H1-GPS-GradientEstimation-Escape-Specialist-Refiner,Refiner,0.12957641495131547
3678,0.23577760284602062,HOG8-ML01-H2-GPS-GradientEstimation-Escape-Specialist-Exploiter,Exploiter,1.191208751541552
3688,0.22537896790119605,HOG8-ML00-H1-GPS-GradientEstimation-Escape-Specialist-Exploiter,Exploiter,4.410357395827631
3688,0.22286253136675754,HOG8-ML00-H1-GPS-GradientEstimation-Escape-Specialist-Exploiter,Exploiter,1.1165356545344043
3688,0.2224787498439369,HOG8-ML01-H2-GPS-GradientEstimation-Escape-Specialist-Refiner,Refiner,0.17220549388316464
3697,0.21093942768227886,HOG8-ML00-H2-GPS-GradientEstimation-Escape-Specialist-Local Explorer,Local Explorer,5.186707570836575
3700,0.20588308755111256,HOG8-ML00-H1-GPS-GradientEstimation-Escape-Specialist-Exploiter,Exploiter,2.397057860032811
3700,0.20556516125547064,HOG8-ML01-H2-GPS-GradientEstimation-Escape-Specialist-Refiner,Refiner,0.15442079260784125
3708,0.1979039455218004,HOG8-ML00-H2-GPS-GradientEstimation-Escape-Specialist-Exploiter,Exploiter,3.726903764665205
3709,0.1967049869438878,HOG8-ML00-H1-GPS-GradientEstimation-Escape-Specialist-Exploiter,Exploiter,0.6058285370467935
3710,0.19532662159594838,HOG8-ML01-H2-GPS-GradientEstimation-Escape-Specialist-Exploiter,Exploiter,0.7007272003391624
3715,0.19311727311626542,HOG8-ML00-H1-GPS-GradientEstimation-Escape-Specialist-Exploiter,Exploiter,1.131104639823857
3717,0.1866355290879403,HOG8-ML00-H2-GPS-GradientEstimation-Escape-Specialist-Exploiter,Exploiter,3.356377150387177
3720,0.1842908150491089,HOG8-ML01-H2-GPS-GradientEstimation-Escape-Specialist-Exploiter,Exploiter,1.256306369044332
3723,0.1830055997764957,HOG8-ML00-H1-GPS-GradientEstimation-Escape-Specialist-Exploiter,Exploiter,0.697384333706885
3732,0.17935476901884068,HOG8-ML01-H1-GPS-GradientEstimation-Escape-Specialist-Exploiter,Exploiter,1.9949284405033327
3732,0.17310600149758978,HOG8-ML00-H2-GPS-GradientEstimation-Escape-Specialist-Exploiter,Exploiter,3.4840264105798475
3732,0.17118127184100226,HOG8-ML01-H2-GPS-GradientEstimation-Escape-Specialist-Exploiter,Exploiter,1.111879218476616
3736,0.17099251199431606,HOG8-ML00-H1-GPS-GradientEstimation-Escape-Specialist-Refiner,Refiner,0.11026898249799728
3740,0.16161151858159145,HOG8-ML00-H2-GPS-GradientEstimation-Escape-Specialist-Local Explorer,Local Explorer,5.486201298122599
3745,0.15890435569260533,HOG8-ML00-H1-GPS-GradientEstimation-Escape-Specialist-Exploiter,Exploiter,1.6751051612817913
3753,0.15199554211098104,HOG8-ML00-H2-GPS-GradientEstimation-Escape-Specialist-Exploiter,Exploiter,4.3477811237529185
3758,0.14837883109347397,HOG8-ML00-H1-GPS-GradientEstimation-Escape-Specialist-Exploiter,Exploiter,2.3794849291476563
3760,0.14368522530279026,HOG8-ML00-H2-GPS-GradientEstimation-Escape-Specialist-Exploiter,Exploiter,3.1632583678509234
3767,0.14314485907376487,HOG8-ML01-H2-GPS-GradientEstimation-Escape-Specialist-Refiner,Refiner,0.37607640443662427
3772,0.1366360217425765,HOG8-ML00-H2-GPS-GradientEstimation-Escape-Specialist-Exploiter,Exploiter,4.547028355265112
3778,0.1353942700789534,HOG8-ML01-H2-GPS-GradientEstimation-Escape-Specialist-Exploiter,Exploiter,0.9088025601056782
3782,0.13066787199912205,HOG8-ML00-H2-GPS-GradientEstimation-Escape-Specialist-Exploiter,Exploiter,3.490840548182149
3788,0.13046969063935496,HOG8-ML01-H2-GPS-GradientEstimation-Escape-Specialist-Refiner,Refiner,0.15166800892604135
3791,0.1256119261988563,HOG8-ML00-H1-GPS-GradientEstimation-Escape-Specialist-Exploiter,Exploiter,3.723289613621076
3793,0.12367849398061924,HOG8-ML00-H2-GPS-GradientEstimation-Escape-Specialist-Exploiter,Exploiter,1.539210707728698
3800,0.12256464543202616,HOG8-ML00-H2-GPS-GradientEstimation-Escape-Specialist-Exploiter,Exploiter,0.9006000257147515
3805,0.1174569787691008,HOG8-ML00-H2-GPS-GradientEstimation-Escape-Specialist-Exploiter,Exploiter,4.167324635029483
3809,0.11702334820320796,HOG8-ML01-H2-GPS-GradientEstimation-Escape-Specialist-Refiner,Refiner,0.3691824618997533
3814,0.11629643291647371,HOG8-ML00-H2-GPS-GradientEstimation-Escape-Specialist-Exploiter,Exploiter,0.6211711576325665
3814,0.11137215356653725,HOG8-ML00-H2-GPS-GradientEstimation-Escape-Specialist-Exploiter,Exploiter,4.234247969989903
3823,0.10710722979504658,HOG8-ML00-H1-GPS-GradientEstimation-Escape-Specialist-Exploiter,Exploiter,3.829434589268911
3825,0.10572102676201033,HOG8-ML00-H2-GPS-GradientEstimation-Escape-Specialist-Exploiter,Exploiter,1.294219853962057
3833,0.10282530164563754,HOG8-ML00-H1-GPS-GradientEstimation-Escape-Specialist-Exploiter,Exploiter,2.7390247759240784
3839,0.09984466305492214,HOG8-ML00-H2-GPS-GradientEstimation-Escape-Specialist-Exploiter,Exploiter,2.8987404296536363
3848,0.09582834856146463,HOG8-ML00-H2-GPS-GradientEstimation-Escape-Specialist-Exploiter,Exploiter,4.022563019966552
3858,0.09493760324077105,HOG8-ML00-H2-GPS-GradientEstimation-Escape-Specialist-Exploiter,Exploiter,0.9295217271977237
3858,0.09137229006408952,HOG8-ML00-H2-GPS-GradientEstimation-Escape-Specialist-Exploiter,Exploiter,3.7554278336262064
3867,0.09054105259922386,HOG8-ML00-H2-GPS-GradientEstimation-Escape-Specialist-Exploiter,Exploiter,0.9097259839745938
3867,0.08773847183379067,HOG8-ML00-H2-GPS-GradientEstimation-Escape-Specialist-Exploiter,Exploiter,3.095370204981704
3879,0.08649164847082258,HOG8-ML00-H2-GPS-GradientEstimation-Escape-Specialist-Exploiter,Exploiter,1.4210680182919548
3879,0.08372810793480884,HOG8-ML00-H2-GPS-GradientEstimation-Escape-Specialist-Exploiter,Exploiter,3.1951530406383752
3888,0.08359723893540937,HOG8-ML00-H1-GPS-GradientEstimation-Escape-Specialist-Refiner,Refiner,0.15630234890936207
3888,0.0809432574314437,HOG8-ML00-H1-GPS-GradientEstimation-Escape-Specialist-Exploiter,Exploiter,3.1747238757684744
3900,0.08061351121500096,HOG8-ML00-H2-GPS-GradientEstimation-Escape-Specialist-Refiner,Refiner,0.4073794740989128
3900,0.07922570828608728,HOG8-ML00-H1-GPS-GradientEstimation-Escape-Specialist-Exploiter,Exploiter,1.7215512734736538
3908,0.07873719234673222,HOG8-ML00-H1-GPS-GradientEstimation-Escape-Specialist-Exploiter,Exploiter,0.6166129024571289
3913,0.0771336465367878,HOG8-ML00-H2-GPS-GradientEstimation-Escape-Specialist-Exploiter,Exploiter,2.0365798705177984
3914,0.07678593263658233,HOG8-ML00-H1-GPS-GradientEstimation-Escape-Specialist-Refiner,Refiner,0.4507940643511882
3918,0.07591417577225781,HOG8-ML00-H2-GPS-GradientEstimation-Escape-Specialist-Exploiter,Exploiter,1.135308036760361
3927,0.0758305078557744,HOG8-ML00-H2-GPS-GradientEstimation-Escape-Specialist-Refiner,Refiner,0.11021382453577039
3927,0.07518441841896431,HOG8-ML00-H1-GPS-GradientEstimation-Escape-Specialist-Exploiter,Exploiter,0.8520178158887164
3932,0.07473933378832924,HOG8-ML00-H2-GPS-GradientEstimation-Escape-Specialist-Exploiter,Exploiter,0.5919905214333657
3940,0.07423370206218621,HOG8-ML00-H2-GPS-GradientEstimation-Escape-Specialist-Exploiter,Exploiter,0.676526937709984
3940,0.07242705858602924,HOG8-ML00-H1-GPS-GradientEstimation-Escape-Specialist-Exploiter,Exploiter,2.4337240713706167
3947,0.0714902020997955,HOG8-ML00-H2-GPS-GradientEstimation-Escape-Specialist-Exploiter,Exploiter,1.2935172358559122
3947,0.07084851237214568,HOG8-ML00-H1-GPS-GradientEstimation-Escape-Specialist-Exploiter,Exploiter,0.8975911506783275
3958,0.06838579955780594,HOG8-ML00-H1-GPS-GradientEstimation-Escape-Specialist-Exploiter,Exploiter,3.4760261463273343
3965,0.06702795852687075,HOG8-ML00-H2-GPS-GradientEstimation-Escape-Specialist-Exploiter,Exploiter,1.9855599257670622
3974,0.06578747335453003,HOG8-ML00-H2-GPS-GradientEstimation-Escape-Specialist-Exploiter,Exploiter,1.8506981259819038
3974,0.06506013050366344,HOG8-ML00-H1-GPS-GradientEstimation-Escape-Specialist-Exploiter,Exploiter,1.1055947489378806
3976,0.06430831091420117,HOG8-ML00-H2-GPS-GradientEstimation-Escape-Specialist-Exploiter,Exploiter,1.15557651612755
3981,0.06244808251751166,HOG8-ML00-H1-GPS-GradientEstimation-Escape-Specialist-Exploiter,Exploiter,2.8926718339273205
3989,0.06170613646086804,HOG8-ML00-H2-GPS-GradientEstimation-Escape-Specialist-Exploiter,Exploiter,1.1881006217213548
3991,0.060448363743820774,HOG8-ML00-H1-GPS-GradientEstimation-Escape-Specialist-Exploiter,Exploiter,2.038326800519918
3994,0.060396835391059014,HOG8-ML00-H2-GPS-GradientEstimation-Escape-Specialist-Refiner,Refiner,0.08524358571579495
3999,0.059252322567963006,HOG8-ML00-H2-GPS-GradientEstimation-Escape-Specialist-Exploiter,Exploiter,1.8949880663208372
4002,0.058063852409203295,HOG8-ML00-H2-GPS-GradientEstimation-Escape-Specialist-Exploiter,Exploiter,2.0057781826130503
4003,0.057685603576927626,HOG8-ML00-H1-GPS-GradientEstimation-Escape-Specialist-Exploiter,Exploiter,0.6514359908639409
4008,0.05760834005821448,HOG8-ML01-H2-GPS-GradientEstimation-Escape-Specialist-Refiner,Refiner,0.13393899677257742
4011,0.056877085317506015,HOG8-ML00-H2-GPS-GradientEstimation-Escape-Specialist-Exploiter,Exploiter,1.2693556869882356
4014,0.05574092299177932,HOG8-ML00-H2-GPS-GradientEstimation-Escape-Specialist-Exploiter,Exploiter,1.9975748043070043
4014,0.05565414275901424,HOG8-ML00-H1-GPS-GradientEstimation-Escape-Specialist-Refiner,Refiner,0.15568495838843213
4028,0.054325983047187956,HOG8-ML00-H2-GPS-GradientEstimation-Escape-Specialist-Exploiter,Exploiter,2.386452554982819
4036,0.0536833847343145,HOG8-ML00-H2-GPS-GradientEstimation-Escape-Specialist-Exploiter,Exploiter,1.182856299747566
4038,0.052238927125189225,HOG8-ML00-H2-GPS-GradientEstimation-Escape-Specialist-Exploiter,Exploiter,2.6906977201122246
4048,0.051685738035996395,HOG8-ML00-H2-GPS-GradientEstimation-Escape-Specialist-Exploiter,Exploiter,1.0589595147448683
4058,0.05060206124813557,HOG8-ML00-H2-GPS-GradientEstimation-Escape-Specialist-Exploiter,Exploiter,2.096665016384404
4058,0.049955045861810446,HOG8-ML00-H2-GPS-GradientEstimation-Escape-Specialist-Exploiter,Exploiter,1.2786344476213696
4068,0.04935413776567224,HOG8-ML00-H2-GPS-GradientEstimation-Escape-Specialist-Exploiter,Exploiter,1.2028976968622642
4070,0.04912597556395058,HOG8-ML00-H2-GPS-GradientEstimation-Escape-Specialist-Refiner,Refiner,0.46229599391432
4082,0.0487653097149766,HOG8-ML00-H2-GPS-GradientEstimation-Escape-Specialist-Exploiter,Exploiter,0.7341652655925001
4082,0.047817633639127013,HOG8-ML00-H2-GPS-GradientEstimation-Escape-Specialist-Exploiter,Exploiter,1.9433406275661134
4093,0.04642095465212721,HOG8-ML00-H2-GPS-GradientEstimation-Escape-Specialist-Exploiter,Exploiter,2.9208450538149746
4101,0.04638452067954821,HOG8-ML01-H2-GPS-GradientEstimation-Escape-Specialist-Refiner,Refiner,0.0784860476309255
4103,0.045547718325086264,HOG8-ML00-H1-GPS-GradientEstimation-Escape-Specialist-Exploiter,Exploiter,1.8040551938502731
4105,0.04447646024499752,HOG8-ML00-H2-GPS-GradientEstimation-Escape-Specialist-Exploiter,Exploiter,2.351946748337405
4112,0.0444578131837769,HOG8-ML01-H2-GPS-GradientEstimation-Escape-Specialist-Polisher,Polisher,0.04192568634711171
4118,0.04296564547596138,HOG8-ML00-H2-GPS-GradientEstimation-Escape-Specialist-Exploiter,Exploiter,3.3563677584574285
4125,0.04139097967880504,HOG8-ML00-H2-GPS-GradientEstimation-Escape-Specialist-Exploiter,Exploiter,3.6649415590354355
4127,0.04121687588259224,HOG8-ML00-H2-GPS-GradientEstimation-Escape-Specialist-Refiner,Refiner,0.42063221881639046
4138,0.03974331713805197,HOG8-ML00-H2-GPS-GradientEstimation-Escape-Specialist-Exploiter,Exploiter,3.5751344879649656
4149,0.03821586909871611,HOG8-ML00-H2-GPS-GradientEstimation-Escape-Specialist-Exploiter,Exploiter,3.8432827185263223
4160,0.03690962080968898,HOG8-ML00-H2-GPS-GradientEstimation-Escape-Specialist-Exploiter,Exploiter,3.4180781958744353
4171,0.03568371743859158,HOG8-ML00-H2-GPS-GradientEstimation-Escape-Specialist-Exploiter,Exploiter,3.321365389848681
4183,0.034559285524139435,HOG8-ML00-H2-GPS-GradientEstimation-Escape-Specialist-Exploiter,Exploiter,3.1511064293881166
4194,0.03348527697477621,HOG8-ML00-H2-GPS-GradientEstimation-Escape-Specialist-Exploiter,Exploiter,3.1077278742149774
4204,0.03238772314922439,HOG8-ML00-H2-GPS-GradientEstimation-Escape-Specialist-Exploiter,Exploiter,3.277720612490641
4214,0.03190198164398401,HOG8-ML00-H2-GPS-GradientEstimation-Escape-Specialist-Exploiter,Exploiter,1.4997704624136707
4224,0.031878548051387026,HOG8-ML01-H2-GPS-GradientEstimation-Escape-Specialist-Refiner,Refiner,0.07345497486172849
4229,0.031387857573430496,HOG8-ML00-H2-GPS-GradientEstimation-Escape-Specialist-Exploiter,Exploiter,1.5392497712428928
4231,0.03131183094741469,HOG8-ML00-H2-GPS-GradientEstimation-Escape-Specialist-Refiner,Refiner,0.2422166783379452
4241,0.030767488711469587,HOG8-ML00-H2-GPS-GradientEstimation-Escape-Specialist-Exploiter,Exploiter,1.7384554638764889
4243,0.030598553837154763,HOG8-ML00-H2-GPS-GradientEstimation-Escape-Specialist-Exploiter,Exploiter,0.5490694281195867
4253,0.03042432521308667,HOG8-ML00-H1-GPS-GradientEstimation-Escape-Specialist-Exploiter,Exploiter,0.5694014985000191
4259,0.030045041476984086,HOG8-ML00-H2-GPS-GradientEstimation-Escape-Specialist-Exploiter,Exploiter,1.2466463379093722
4259,0.029680133574676217,HOG8-ML01-H2-GPS-GradientEstimation-Escape-Specialist-Exploiter,Exploiter,1.214536190896608
4267,0.02952083885244923,HOG8-ML00-H1-GPS-GradientEstimation-Escape-Specialist-Exploiter,Exploiter,0.5367048696940546
4271,0.02878286670913163,HOG8-ML01-H2-GPS-GradientEstimation-Escape-Specialist-Exploiter,Exploiter,2.499834598217639
4275,0.028676758151780283,HOG8-ML00-H1-GPS-GradientEstimation-Escape-Specialist-Refiner,Refiner,0.3686518039486397
4278,0.028245601531239527,HOG8-ML00-H2-GPS-GradientEstimation-Escape-Specialist-Exploiter,Exploiter,1.503505445973814
4282,0.028110032918165554,HOG8-ML00-H2-GPS-GradientEstimation-Escape-Specialist-Refiner,Refiner,0.4799636252180159
4282,0.027789969536816457,HOG8-ML01-H2-GPS-GradientEstimation-Escape-Specialist-Exploiter,Exploiter,1.1386090591955955
4290,0.027398258572667877,HOG8-ML00-H2-GPS-GradientEstimation-Escape-Specialist-Exploiter,Exploiter,1.4095408187822496
4292,0.02712789827425875,HOG8-ML00-H2-GPS-GradientEstimation-Escape-Specialist-Exploiter,Exploiter,0.9867791330315998
4293,0.026922532174940388,HOG8-ML01-H2-GPS-GradientEstimation-Escape-Specialist-Exploiter,Exploiter,0.757029155897528
4299,0.026621814710712968,HOG8-ML00-H2-GPS-GradientEstimation-Escape-Specialist-Exploiter,Exploiter,1.116973181695474
4306,0.02609313932109573,HOG8-ML01-H2-GPS-GradientEstimation-Escape-Specialist-Exploiter,Exploiter,1.985872846618871
4313,0.025765617732587905,HOG8-ML00-H2-GPS-GradientEstimation-Escape-Specialist-Exploiter,Exploiter,1.2552019305819309
4313,0.025641583826306477,HOG8-ML00-H2-GPS-GradientEstimation-Escape-Specialist-Refiner,Refiner,0.48139310133655966
4317,0.025376300870421944,HOG8-ML01-H2-GPS-GradientEstimation-Escape-Specialist-Exploiter,Exploiter,1.034581005921996
4328,0.024928904859103214,HOG8-ML00-H2-GPS-GradientEstimation-Escape-Specialist-Exploiter,Exploiter,1.7630466063720298
4330,0.02468240996043971,HOG8-ML01-H2-GPS-GradientEstimation-Escape-Specialist-Exploiter,Exploiter,0.9887915255671281
4336,0.024362292983863446,HOG8-ML00-H2-GPS-GradientEstimation-Escape-Specialist-Exploiter,Exploiter,1.2969437631468637
4337,0.02427663479741073,HOG8-ML00-H2-GPS-GradientEstimation-Escape-Specialist-Refiner,Refiner,0.35160149543170294
4340,0.024142570845993028,HOG8-ML01-H2-GPS-GradientEstimation-Escape-Specialist-Exploiter,Exploiter,0.5522344943459818
4347,0.02369701804633626,HOG8-ML01-H2-GPS-GradientEstimation-Escape-Specialist-Exploiter,Exploiter,1.8455068538432609
4358,0.023484581954618527,HOG8-ML00-H2-GPS-GradientEstimation-Escape-Specialist-Exploiter,Exploiter,0.8964676116730991
4358,0.02327941664892356,HOG8-ML01-H2-GPS-GradientEstimation-Escape-Specialist-Exploiter,Exploiter,0.8736170228255556
4365,0.023199551835318896,HOG8-ML01-H1-GPS-GradientEstimation-Escape-Specialist-Refiner,Refiner,0.34307051078257217
4369,0.022753719560342372,HOG8-ML01-H2-GPS-GradientEstimation-Escape-Specialist-Exploiter,Exploiter,1.921727963286736
4381,0.022357306823374834,HOG8-ML01-H2-GPS-GradientEstimation-Escape-Specialist-Exploiter,Exploiter,1.7421887261828108
4392,0.02201718381832303,HOG8-ML01-H1-GPS-GradientEstimation-Escape-Specialist-Exploiter,Exploiter,1.5213057983182536
4400,0.021960326600672986,HOG8-ML00-H1-GPS-GradientEstimation-Escape-Specialist-Refiner,Refiner,0.2582401914759272
4401,0.02146686126702808,HOG8-ML01-H1-GPS-GradientEstimation-Escape-Specialist-Exploiter,Exploiter,2.247076478497286
4404,0.021422173826028214,HOG8-ML00-H2-GPS-GradientEstimation-Escape-Specialist-Refiner,Refiner,0.20816942190102164
4411,0.02104034239031362,HOG8-ML01-H1-GPS-GradientEstimation-Escape-Specialist-Exploiter,Exploiter,1.7824121810208888
4414,0.020959076033964946,HOG8-ML00-H2-GPS-GradientEstimation-Escape-Specialist-Refiner,Refiner,0.3862406554091321
4421,0.020568486096305353,HOG8-ML01-H1-GPS-GradientEstimation-Escape-Specialist-Exploiter,Exploiter,1.8635837621211324
4425,0.020452774770653166,HOG8-ML00-H2-GPS-GradientEstimation-Escape-Specialist-Exploiter,Exploiter,0.5625660785650703
4433,0.020338041590523576,HOG8-ML00-H1-GPS-GradientEstimation-Escape-Specialist-Exploiter,Exploiter,0.5609663305646746
4433,0.019972453175228912,HOG8-ML01-H1-GPS-GradientEstimation-Escape-Specialist-Exploiter,Exploiter,1.7975595814741947
4439,0.019955105329303873,HOG8-ML00-H2-GPS-GradientEstimation-Escape-Specialist-Refiner,Refiner,0.08685886392040776
4448,0.019863913160431113,HOG8-ML00-H1-GPS-GradientEstimation-Escape-Specialist-Refiner,Refiner,0.45698665763916113
4448,0.01954619317780246,HOG8-ML00-H2-GPS-GradientEstimation-Escape-Specialist-Exploiter,Exploiter,1.59948334481018
4455,0.01921040654323507,HOG8-ML01-H1-GPS-GradientEstimation-Escape-Specialist-Exploiter,Exploiter,1.717913209559004
4460,0.019148996191838203,HOG8-ML00-H2-GPS-GradientEstimation-Escape-Specialist-Refiner,Refiner,0.3196723154122597
4468,0.01880634977229538,HOG8-ML01-H1-GPS-GradientEstimation-Escape-Specialist-Exploiter,Exploiter,1.7893701377875222
4470,0.018774711874127777,HOG8-ML00-H2-GPS-GradientEstimation-Escape-Specialist-Refiner,Refiner,0.1682298720946436
4478,0.018520414775872546,HOG8-ML01-H1-GPS-GradientEstimation-Escape-Specialist-Exploiter,Exploiter,1.354466049652998
4483,0.01847436371142378,HOG8-ML00-H2-GPS-GradientEstimation-Escape-Specialist-Refiner,Refiner,0.24865028675684467
4486,0.01830033442928721,HOG8-ML01-H1-GPS-GradientEstimation-Escape-Specialist-Exploiter,Exploiter,0.9420042002797514
4493,0.01824993851681996,HOG8-ML00-H2-GPS-GradientEstimation-Escape-Specialist-Refiner,Refiner,0.27538246725481097
4504,0.018246380228635305,HOG8-ML00-H1-GPS-GradientEstimation-Escape-Specialist-Polisher,Polisher,0.019497535191006117
4504,0.018110335217503954,HOG8-ML00-H2-GPS-GradientEstimation-Escape-Specialist-Exploiter,Exploiter,0.745600000803698
4504,0.01802147631509319,HOG8-ML01-H1-GPS-GradientEstimation-Escape-Specialist-Refiner,Refiner,0.49065299644415844
4512,0.01786573339792976,HOG8-ML01-H1-GPS-GradientEstimation-Escape-Specialist-Exploiter,Exploiter,0.8642073182039612
4516,0.01776045594252948,HOG8-ML00-H2-GPS-GradientEstimation-Escape-Specialist-Exploiter,Exploiter,0.5892702698254757
4529,0.01749730628579712,HOG8-ML00-H2-GPS-GradientEstimation-Escape-Specialist-Exploiter,Exploiter,1.4816604797978057
4529,0.017403542449169182,HOG8-ML01-H1-GPS-GradientEstimation-Escape-Specialist-Exploiter,Exploiter,0.5358758376656357
4540,0.017104864629920728,HOG8-ML00-H2-GPS-GradientEstimation-Escape-Specialist-Exploiter,Exploiter,1.7161897936630304
4540,0.01695208976306538,HOG8-ML01-H1-GPS-GradientEstimation-Escape-Specialist-Exploiter,Exploiter,0.8931661849466347
4549,0.0167062778450957,HOG8-ML00-H2-GPS-GradientEstimation-Escape-Specialist-Exploiter,Exploiter,1.4500390300271087
4552,0.01651698000549103,HOG8-ML01-H1-GPS-GradientEstimation-Escape-Specialist-Exploiter,Exploiter,1.133094046201574
4568,0.01644418765230543,HOG8-ML00-H1-GPS-GradientEstimation-Escape-Specialist-Refiner,Refiner,0.44071224377215323
4568,0.016275292203340744,HOG8-ML00-H2-GPS-GradientEstimation-Escape-Specialist-Exploiter,Exploiter,1.0270829580384193
4568,0.01616614087418473,HOG8-ML01-H1-GPS-GradientEstimation-Escape-Specialist-Exploiter,Exploiter,0.670656648079156
4573,0.016100014082671518,HOG8-ML00-H1-GPS-GradientEstimation-Escape-Specialist-Refiner,Refiner,0.4090450035531261
4575,0.01582126237045888,HOG8-ML01-H1-GPS-GradientEstimation-Escape-Specialist-Exploiter,Exploiter,1.731375580054044
4588,0.015515932423257953,HOG8-ML00-H2-GPS-GradientEstimation-Escape-Specialist-Exploiter,Exploiter,1.9298709549943012
4588,0.01549247946019203,HOG8-ML01-H1-GPS-GradientEstimation-Escape-Specialist-Refiner,Refiner,0.15115406812913804
4598,0.015233260754891398,HOG8-ML01-H1-GPS-GradientEstimation-Escape-Specialist-Exploiter,Exploiter,1.6731905694417453
4604,0.015133668196734007,HOG8-ML00-H1-GPS-GradientEstimation-Escape-Specialist-Exploiter,Exploiter,0.6537835842231724
4611,0.01506825506313515,HOG8-ML01-H1-GPS-GradientEstimation-Escape-Specialist-Refiner,Refiner,0.43223581188976384
4617,0.014875690796714181,HOG8-ML00-H1-GPS-GradientEstimation-Escape-Specialist-Exploiter,Exploiter,1.2779466873512295
4628,0.014716481351401293,HOG8-ML00-H2-GPS-GradientEstimation-Escape-Specialist-Exploiter,Exploiter,1.0702658954705802
4630,0.014530792213369633,HOG8-ML00-H1-GPS-GradientEstimation-Escape-Specialist-Exploiter,Exploiter,1.2617767358770096
4643,0.01438899234362843,HOG8-ML00-H1-GPS-GradientEstimation-Escape-Specialist-Exploiter,Exploiter,0.9758578036146958
4653,0.014297442792546126,HOG8-ML00-H1-GPS-GradientEstimation-Escape-Specialist-Exploiter,Exploiter,0.636247131807265
4661,0.014183617931254756,HOG8-ML00-H2-GPS-GradientEstimation-Escape-Specialist-Exploiter,Exploiter,0.7961204177764701
4662,0.014035113112966076,HOG8-ML00-H1-GPS-GradientEstimation-Escape-Specialist-Exploiter,Exploiter,1.0470164876722894
4671,0.01390686889963192,HOG8-ML00-H2-GPS-GradientEstimation-Escape-Specialist-Exploiter,Exploiter,0.9137383667800971
4672,0.013771742404921475,HOG8-ML00-H1-GPS-GradientEstimation-Escape-Specialist-Exploiter,Exploiter,0.9716528981877579
4680,0.01371128394281801,HOG8-ML00-H2-GPS-GradientEstimation-Escape-Specialist-Refiner,Refiner,0.4390037246257144
4684,0.013531685858479029,HOG8-ML00-H1-GPS-GradientEstimation-Escape-Specialist-Exploiter,Exploiter,1.3098560651794777
4693,0.01345527338882835,HOG8-ML00-H2-GPS-GradientEstimation-Escape-Specialist-Exploiter,Exploiter,0.5646929026422723
4694,0.013290447593325783,HOG8-ML00-H1-GPS-GradientEstimation-Escape-Specialist-Exploiter,Exploiter,1.2249903122698242
4703,0.013228338652211432,HOG8-ML00-H2-GPS-GradientEstimation-Escape-Specialist-Refiner,Refiner,0.46732016117757613
4708,0.013064545353965467,HOG8-ML00-H1-GPS-GradientEstimation-Escape-Specialist-Exploiter,Exploiter,1.2382000684461087
4714,0.01299212483669683,HOG8-ML00-H2-GPS-GradientEstimation-Escape-Specialist-Exploiter,Exploiter,0.5543286452494446
4717,0.01282046872176244,HOG8-ML00-H1-GPS-GradientEstimation-Escape-Specialist-Exploiter,Exploiter,1.321232031649979
4725,0.012720688057569403,HOG8-ML00-H2-GPS-GradientEstimation-Escape-Specialist-Exploiter,Exploiter,0.7782918577981556
4728,0.012603570250514513,HOG8-ML00-H1-GPS-GradientEstimation-Escape-Specialist-Exploiter,Exploiter,0.92068767447842
4738,0.012535517856229276,HOG8-ML00-H2-GPS-GradientEstimation-Escape-Specialist-Exploiter,Exploiter,0.5399453720858107
4739,0.012408226024474885,HOG8-ML00-H1-GPS-GradientEstimation-Escape-Specialist-Exploiter,Exploiter,1.015449327377694
4751,0.012213395177844834,HOG8-ML00-H1-GPS-GradientEstimation-Escape-Specialist-Exploiter,Exploiter,1.5701748682346073
4760,0.012139346842131471,HOG8-ML00-H1-GPS-GradientEstimation-Escape-Specialist-Exploiter,Exploiter,0.6062878882989687
4778,0.012001094372699994,HOG8-ML00-H1-GPS-GradientEstimation-Escape-Specialist-Exploiter,Exploiter,1.1388789794822405
4789,0.011841256678191693,HOG8-ML00-H1-GPS-GradientEstimation-Escape-Specialist-Exploiter,Exploiter,1.3318593250287134
4798,0.01179852283704767,HOG8-ML00-H1-GPS-GradientEstimation-Escape-Specialist-Refiner,Refiner,0.36088940815486037
4801,0.011624795035386982,HOG8-ML00-H1-GPS-GradientEstimation-Escape-Specialist-Exploiter,Exploiter,1.4724538322304035
4808,0.011620905782395061,HOG8-ML00-H1-GPS-GradientEstimation-Escape-Specialist-Polisher,Polisher,0.033456529599717975
4811,0.01159725126209774,HOG8-ML01-H2-GPS-GradientEstimation-Escape-Specialist-Refiner,Refiner,0.20355143342746695
4812,0.011443394721981776,HOG8-ML00-H1-GPS-GradientEstimation-Escape-Specialist-Exploiter,Exploiter,1.3266638502418284
4822,0.011284549046983991,HOG8-ML00-H1-GPS-GradientEstimation-Escape-Specialist-Exploiter,Exploiter,1.388099238529767
4832,0.011239123417669295,HOG8-ML00-H1-GPS-GradientEstimation-Escape-Specialist-Refiner,Refiner,0.40254713879627013
4837,0.011096254517924366,HOG8-ML00-H1-GPS-GradientEstimation-Escape-Specialist-Exploiter,Exploiter,1.2711747565679463
4842,0.011071583398307928,HOG8-ML00-H1-GPS-GradientEstimation-Escape-Specialist-Refiner,Refiner,0.22233736236480636
4844,0.010929751483696846,HOG8-ML00-H1-GPS-GradientEstimation-Escape-Specialist-Exploiter,Exploiter,1.2810445399594583
4857,0.01085647072475399,HOG8-ML00-H1-GPS-GradientEstimation-Escape-Specialist-Exploiter,Exploiter,0.6704704956207334
4869,0.010737323192952387,HOG8-ML00-H1-GPS-GradientEstimation-Escape-Specialist-Exploiter,Exploiter,1.097479418702183
4878,0.01068852494081905,HOG8-ML00-H1-GPS-GradientEstimation-Escape-Specialist-Refiner,Refiner,0.4544731611074676
4894,0.010617718001685953,HOG8-ML00-H1-GPS-GradientEstimation-Escape-Specialist-Exploiter,Exploiter,0.6624575376410308
4902,0.010497688359450863,HOG8-ML00-H1-GPS-GradientEstimation-Escape-Specialist-Exploiter,Exploiter,1.130465531444999
4913,0.010432785934334334,HOG8-ML00-H1-GPS-GradientEstimation-Escape-Specialist-Exploiter,Exploiter,0.6182544470192693
4918,0.010394355661551984,HOG8-ML00-H1-GPS-GradientEstimation-Escape-Specialist-Refiner,Refiner,0.3683605992132494
4924,0.010376929868902254,HOG8-ML01-H1-GPS-GradientEstimation-Escape-Specialist-Refiner,Refiner,0.16764668457696835
4928,0.010321326601623017,HOG8-ML00-H1-GPS-GradientEstimation-Escape-Specialist-Exploiter,Exploiter,0.5358354347741063
4928,0.010284099398401012,HOG8-ML00-H1-GPS-GradientEstimation-Escape-Specialist-Refiner,Refiner,0.36068234887705275
4935,0.010193196910581225,HOG8-ML00-H1-GPS-GradientEstimation-Escape-Specialist-Exploiter,Exploiter,0.8839129640648973
4939,0.010166761584853492,HOG8-ML00-H1-GPS-GradientEstimation-Escape-Specialist-Refiner,Refiner,0.2593428338492248
4947,0.010040761972590129,HOG8-ML00-H1-GPS-GradientEstimation-Escape-Specialist-Exploiter,Exploiter,1.2393288778511167
4948,0.010015369425070395,HOG8-ML00-H1-GPS-GradientEstimation-Escape-Specialist-Refiner,Refiner,0.2528946268127019
4960,0.009989783479287011,HOG8-ML01-H1-GPS-GradientEstimation-Escape-Specialist-Refiner,Refiner,0.255466820019012
4960,0.009900635816344728,HOG8-ML00-H1-GPS-GradientEstimation-Escape-Specialist-Exploiter,Exploiter,0.8923883398186175
4967,0.00988866361957103,HOG8-ML00-H2-GPS-GradientEstimation-Escape-Specialist-Refiner,Refiner,0.12092351436593995
4967,0.009878480345066776,HOG8-ML01-H1-GPS-GradientEstimation-Escape-Specialist-Refiner,Refiner,0.10297927906153775
4970,0.009787380602948722,HOG8-ML00-H1-GPS-GradientEstimation-Escape-Specialist-Exploiter,Exploiter,0.922204012518463
4984,0.009723703135397664,HOG8-ML00-H1-GPS-GradientEstimation-Escape-Specialist-Exploiter,Exploiter,0.6506078606146556
4993,0.00960332165979454,HOG8-ML00-H1-GPS-GradientEstimation-Escape-Specialist-Exploiter,Exploiter,1.2380208849125944
5002,0.009518228755544745,HOG8-ML00-H1-GPS-GradientEstimation-Escape-Specialist-Exploiter,Exploiter,0.8860778308202114
5020,0.009465449300432697,HOG8-ML00-H1-GPS-GradientEstimation-Escape-Specialist-Exploiter,Exploiter,0.5545092103538901
5037,0.009351340040293019,HOG8-ML00-H1-GPS-GradientEstimation-Escape-Specialist-Exploiter,Exploiter,1.2055345342609567
5047,0.009274008933100195,HOG8-ML00-H1-GPS-GradientEstimation-Escape-Specialist-Exploiter,Exploiter,0.8269521465332241
5060,0.009183114515245089,HOG8-ML00-H1-GPS-GradientEstimation-Escape-Specialist-Exploiter,Exploiter,0.9800984505275951
5069,0.00909500353200057,HOG8-ML00-H1-GPS-GradientEstimation-Escape-Specialist-Exploiter,Exploiter,0.9594891046849567
5084,0.00900699102753969,HOG8-ML00-H1-GPS-GradientEstimation-Escape-Specialist-Exploiter,Exploiter,0.967701707329848
5091,0.008927114824828232,HOG8-ML00-H1-GPS-GradientEstimation-Escape-Specialist-Exploiter,Exploiter,0.8868244951863455
5103,0.008841706711689708,HOG8-ML00-H1-GPS-GradientEstimation-Escape-Specialist-Exploiter,Exploiter,0.9567269472213445
5113,0.008770045555725973,HOG8-ML00-H1-GPS-GradientEstimation-Escape-Specialist-Exploiter,Exploiter,0.8104900818412321
5128,0.008696018445743288,HOG8-ML00-H1-GPS-GradientEstimation-Escape-Specialist-Exploiter,Exploiter,0.8440903700249636
5139,0.008622424286259091,HOG8-ML00-H1-GPS-GradientEstimation-Escape-Specialist-Exploiter,Exploiter,0.8462971869640049
5148,0.008546654939706345,HOG8-ML00-H1-GPS-GradientEstimation-Escape-Specialist-Exploiter,Exploiter,0.8787476008747831
5160,0.008468706135602078,HOG8-ML00-H1-GPS-GradientEstimation-Escape-Specialist-Exploiter,Exploiter,0.9120387409362914
5169,0.008401247837819308,HOG8-ML00-H1-GPS-GradientEstimation-Escape-Specialist-Exploiter,Exploiter,0.7965596716029415
5181,0.008337782205789082,HOG8-ML00-H1-GPS-GradientEstimation-Escape-Specialist-Exploiter,Exploiter,0.7554310175748732
5192,0.00827511645064418,HOG8-ML00-H1-GPS-GradientEstimation-Escape-Specialist-Exploiter,Exploiter,0.7515878155391416
5203,0.008212424656175717,HOG8-ML00-H1-GPS-GradientEstimation-Escape-Specialist-Exploiter,Exploiter,0.7575941056827437
5218,0.008142657892468094,HOG8-ML00-H1-GPS-GradientEstimation-Escape-Specialist-Exploiter,Exploiter,0.8495269865904879
5228,0.008083264867807001,HOG8-ML00-H1-GPS-GradientEstimation-Escape-Specialist-Exploiter,Exploiter,0.7294058702383945
5236,0.008025541559358544,HOG8-ML00-H1-GPS-GradientEstimation-Escape-Specialist-Exploiter,Exploiter,0.7141088334040605
5247,0.00797479449432359,HOG8-ML00-H1-GPS-GradientEstimation-Escape-Specialist-Exploiter,Exploiter,0.6323195096507754
5258,0.007920896805775055,HOG8-ML00-H1-GPS-GradientEstimation-Escape-Specialist-Exploiter,Exploiter,0.6758505010618001
5271,0.007864573350652847,HOG8-ML00-H1-GPS-GradientEstimation-Escape-Specialist-Exploiter,Exploiter,0.7110742192871752
5281,0.007817825809353432,HOG8-ML00-H1-GPS-GradientEstimation-Escape-Specialist-Exploiter,Exploiter,0.594406577637606
5293,0.007770927537189521,HOG8-ML00-H1-GPS-GradientEstimation-Escape-Specialist-Exploiter,Exploiter,0.5998889372515959
5303,0.007730726401087945,HOG8-ML00-H1-GPS-GradientEstimation-Escape-Specialist-Exploiter,Exploiter,0.5173273834968075
5313,0.0077172926795811645,HOG8-ML00-H1-GPS-GradientEstimation-Escape-Specialist-Refiner,Refiner,0.1737704946444645
5325,0.007670354892642749,HOG8-ML00-H1-GPS-GradientEstimation-Escape-Specialist-Exploiter,Exploiter,0.6082157161488304
5340,0.0076415941078566444,HOG8-ML00-H1-GPS-GradientEstimation-Escape-Specialist-Refiner,Refiner,0.3749602878700045
5356,0.007609012342334267,HOG8-ML00-H1-GPS-GradientEstimation-Escape-Specialist-Refiner,Refiner,0.4263739353661673
5363,0.007575769572954829,HOG8-ML00-H1-GPS-GradientEstimation-Escape-Specialist-Refiner,Refiner,0.4368867848260032
5379,0.007540017535065315,HOG8-ML00-H1-GPS-GradientEstimation-Escape-Specialist-Refiner,Refiner,0.47192615278514827
5388,0.0075009771228488845,HOG8-ML00-H1-GPS-GradientEstimation-Escape-Specialist-Exploiter,Exploiter,0.5177761462074991
5398,0.007465881763474882,HOG8-ML00-H1-GPS-GradientEstimation-Escape-Specialist-Refiner,Refiner,0.4678771685237888
5409,0.007424414031687055,HOG8-ML00-H1-GPS-GradientEstimation-Escape-Specialist-Exploiter,Exploiter,0.5554297951877387
5418,0.0073911709218303714,HOG8-ML00-H1-GPS-GradientEstimation-Escape-Specialist-Refiner,Refiner,0.44775398724806076
5430,0.007356414163367509,HOG8-ML00-H1-GPS-GradientEstimation-Escape-Specialist-Refiner,Refiner,0.47024698563262374
5442,0.007322635862600442,HOG8-ML00-H1-GPS-GradientEstimation-Escape-Specialist-Refiner,Refiner,0.45916801334095786
5452,0.007292570981960657,HOG8-ML00-H1-GPS-GradientEstimation-Escape-Specialist-Refiner,Refiner,0.4105745691020622
5469,0.007275944398427134,HOG8-ML00-H1-GPS-GradientEstimation-Escape-Specialist-Refiner,Refiner,0.22799344119723655
5476,0.007260193213566385,HOG8-ML00-H1-GPS-GradientEstimation-Escape-Specialist-Refiner,Refiner,0.216483029531585
5489,0.007244880499986489,HOG8-ML00-H1-GPS-GradientEstimation-Escape-Specialist-Refiner,Refiner,0.2109133067048732
5501,0.007230089189281294,HOG8-ML00-H1-GPS-GradientEstimation-Escape-Specialist-Refiner,Refiner,0.2041622453982888
5513,0.007214487155954837,HOG8-ML00-H1-GPS-GradientEstimation-Escape-Specialist-Refiner,Refiner,0.21579309629523313
5518,0.007210994450243645,HOG8-ML01-H1-GPS-GradientEstimation-Escape-Specialist-Polisher,Polisher,0.04841239073117993
5529,0.007196415195696979,HOG8-ML00-H1-GPS-GradientEstimation-Escape-Specialist-Refiner,Refiner,0.20218091481368333
5537,0.007176794873746026,HOG8-ML01-H1-GPS-GradientEstimation-Escape-Specialist-Refiner,Refiner,0.2726402162382786
5539,0.007171257819238573,HOG8-ML00-H1-GPS-GradientEstimation-Escape-Specialist-Refiner,Refiner,0.07715219126171012
5552,0.007138103456225694,HOG8-ML00-H1-GPS-GradientEstimation-Escape-Specialist-Refiner,Refiner,0.462322842778496
5560,0.007111868403491033,HOG8-ML00-H1-GPS-GradientEstimation-Escape-Specialist-Refiner,Refiner,0.367535338981112
5573,0.0070905455990746165,HOG8-ML01-H1-GPS-GradientEstimation-Escape-Specialist-Refiner,Refiner,0.299820008001685
5578,0.007079563817146785,HOG8-ML00-H1-GPS-GradientEstimation-Escape-Specialist-Refiner,Refiner,0.15487922296508358
5580,0.007072343581333038,HOG8-ML01-H1-GPS-GradientEstimation-Escape-Specialist-Refiner,Refiner,0.10198701502286242
5587,0.007048121668521562,HOG8-ML00-H1-GPS-GradientEstimation-Escape-Specialist-Refiner,Refiner,0.34248778404103924
5594,0.007041956899583885,HOG8-ML01-H1-GPS-GradientEstimation-Escape-Specialist-Refiner,Refiner,0.08746683481941138
5601,0.007023695907233413,HOG8-ML00-H1-GPS-GradientEstimation-Escape-Specialist-Refiner,Refiner,0.2593170138765092
5608,0.006998842963400456,HOG8-ML00-H1-GPS-GradientEstimation-Escape-Specialist-Refiner,Refiner,0.35384424612350657
5617,0.00699214610510386,HOG8-ML01-H1-GPS-GradientEstimation-Escape-Specialist-Refiner,Refiner,0.09568522013732969
5622,0.006976386984248062,HOG8-ML00-H1-GPS-GradientEstimation-Escape-Specialist-Refiner,Refiner,0.22538317447764653
5628,0.006966493602416322,HOG8-ML01-H1-GPS-GradientEstimation-Escape-Specialist-Refiner,Refiner,0.14181240023062902
5633,0.006947534924967992,HOG8-ML00-H1-GPS-GradientEstimation-Escape-Specialist-Refiner,Refiner,0.2721408865107493
5640,0.006941767266924522,HOG8-ML01-H1-GPS-GradientEstimation-Escape-Specialist-Refiner,Refiner,0.08301733069008481
5645,0.006924004717560802,HOG8-ML00-H1-GPS-GradientEstimation-Escape-Specialist-Refiner,Refiner,0.25587935579969373
5651,0.00692209362664493,HOG8-ML01-H1-GPS-GradientEstimation-Escape-Specialist-Polisher,Polisher,0.027600947628249176
5655,0.00689455008136754,HOG8-ML00-H1-GPS-GradientEstimation-Escape-Specialist-Refiner,Refiner,0.3979077250756675
5669,0.006881900581058731,HOG8-ML00-H1-GPS-GradientEstimation-Escape-Specialist-Refiner,Refiner,0.18347100477221026
5681,0.006867281423762981,HOG8-ML00-H1-GPS-GradientEstimation-Escape-Specialist-Refiner,Refiner,0.21242906844640286
5691,0.006855635787585722,HOG8-ML00-H1-GPS-GradientEstimation-Escape-Specialist-Refiner,Refiner,0.16958146111445302
5709,0.006841886533157476,HOG8-ML00-H1-GPS-GradientEstimation-Escape-Specialist-Refiner,Refiner,0.20055403837443592
5715,0.006818924051963842,HOG8-ML00-H1-GPS-GradientEstimation-Escape-Specialist-Refiner,Refiner,0.3356162234253986
5729,0.00680188712370566,HOG8-ML00-H1-GPS-GradientEstimation-Escape-Specialist-Refiner,Refiner,0.24984774912216978
5738,0.006779070339646198,HOG8-ML00-H1-GPS-GradientEstimation-Escape-Specialist-Refiner,Refiner,0.335447849170291
5749,0.006760778901900345,HOG8-ML00-H1-GPS-GradientEstimation-Escape-Specialist-Refiner,Refiner,0.2698222149854287
5761,0.006741292223844119,HOG8-ML00-H1-GPS-GradientEstimation-Escape-Specialist-Refiner,Refiner,0.28823125765506613
5770,0.006722940773133535,HOG8-ML00-H1-GPS-GradientEstimation-Escape-Specialist-Refiner,Refiner,0.2722245246345285
5782,0.006704634880055819,HOG8-ML00-H1-GPS-GradientEstimation-Escape-Specialist-Refiner,Refiner,0.2722899649937472
5798,0.0066933727659571046,HOG8-ML00-H1-GPS-GradientEstimation-Escape-Specialist-Refiner,Refiner,0.16797505457330467
5808,0.006679298943328602,HOG8-ML00-H1-GPS-GradientEstimation-Escape-Specialist-Refiner,Refiner,0.210265035589872
5817,0.0066712336300291455,HOG8-ML00-H1-GPS-GradientEstimation-Escape-Specialist-Refiner,Refiner,0.12075089568362968
5832,0.0066512040716585185,HOG8-ML00-H1-GPS-GradientEstimation-Escape-Specialist-Refiner,Refiner,0.30023769937344463
5842,0.006635428734327711,HOG8-ML00-H1-GPS-GradientEstimation-Escape-Specialist-Refiner,Refiner,0.2371801731062162
5850,0.006622305742295144,HOG8-ML00-H1-GPS-GradientEstimation-Escape-Specialist-Refiner,Refiner,0.1977715767585101
5863,0.0066091714159145646,HOG8-ML00-H1-GPS-GradientEstimation-Escape-Specialist-Refiner,Refiner,0.1983346419162358
5873,0.006594606601959095,HOG8-ML00-H1-GPS-GradientEstimation-Escape-Specialist-Refiner,Refiner,0.22037276746065923
5883,0.006576686903629482,HOG8-ML00-H1-GPS-GradientEstimation-Escape-Specialist-Refiner,Refiner,0.271732635640302
5895,0.006563330643309116,HOG8-ML00-H1-GPS-GradientEstimation-Escape-Specialist-Refiner,Refiner,0.20308493495402655
5909,0.006548124457642171,HOG8-ML00-H1-GPS-GradientEstimation-Escape-Specialist-Refiner,Refiner,0.23168398018232472
5919,0.006536873965800013,HOG8-ML00-H1-GPS-GradientEstimation-Escape-Specialist-Refiner,Refiner,0.17181243140588023
5927,0.0065261052093879834,HOG8-ML00-H1-GPS-GradientEstimation-Escape-Specialist-Refiner,Refiner,0.16473862687838814
5939,0.006513181574671271,HOG8-ML00-H1-GPS-GradientEstimation-Escape-Specialist-Refiner,Refiner,0.19802982486584944
5948,0.006499706925233021,HOG8-ML00-H1-GPS-GradientEstimation-Escape-Specialist-Refiner,Refiner,0.20688275436156695
5960,0.00648890023213739,HOG8-ML00-H1-GPS-GradientEstimation-Escape-Specialist-Refiner,Refiner,0.16626431345201248
5968,0.006478200199285275,HOG8-ML00-H1-GPS-GradientEstimation-Escape-Specialist-Refiner,Refiner,0.16489747829872853
5980,0.006472885969214473,HOG8-ML00-H1-GPS-GradientEstimation-Escape-Specialist-Refiner,Refiner,0.08203250759969279
5992,0.0064639358030346376,HOG8-ML00-H1-GPS-GradientEstimation-Escape-Specialist-Refiner,Refiner,0.13827164919022103
6008,0.00645610822036388,HOG8-ML00-H1-GPS-GradientEstimation-Escape-Specialist-Refiner,Refiner,0.1210962316037
6020,0.006454248940005265,HOG8-ML00-H1-GPS-GradientEstimation-Escape-Specialist-Polisher,Polisher,0.02879877931337958
6027,0.006448409910926575,HOG8-ML00-H1-GPS-GradientEstimation-Escape-Specialist-Refiner,Refiner,0.09046798679390393
6041,0.006438861694286967,HOG8-ML00-H1-GPS-GradientEstimation-Escape-Specialist-Refiner,Refiner,0.1480708697415302
6052,0.006425825038829032,HOG8-ML00-H1-GPS-GradientEstimation-Escape-Specialist-Refiner,Refiner,0.2024683255660318
6069,0.006412737807401618,HOG8-ML00-H1-GPS-GradientEstimation-Escape-Specialist-Refiner,Refiner,0.2036661650190016
6075,0.006401680524486825,HOG8-ML00-H1-GPS-GradientEstimation-Escape-Specialist-Refiner,Refiner,0.17242686738306984
6088,0.006393112088375288,HOG8-ML00-H1-GPS-GradientEstimation-Escape-Specialist-Refiner,Refiner,0.13384666852340263
6098,0.006382610817405135,HOG8-ML00-H1-GPS-GradientEstimation-Escape-Specialist-Refiner,Refiner,0.16425914054045215
6108,0.006372766493667909,HOG8-ML00-H1-GPS-GradientEstimation-Escape-Specialist-Refiner,Refiner,0.15423662853422523
6120,0.006364391712546835,HOG8-ML00-H1-GPS-GradientEstimation-Escape-Specialist-Refiner,Refiner,0.13141515744213697
6129,0.006354813817112,HOG8-ML00-H1-GPS-GradientEstimation-Escape-Specialist-Refiner,Refiner,0.15049192236161407
6140,0.006345165663570436,HOG8-ML00-H1-GPS-GradientEstimation-Escape-Specialist-Refiner,Refiner,0.1518243306449664
6153,0.00633606820111897,HOG8-ML00-H1-GPS-GradientEstimation-Escape-Specialist-Refiner,Refiner,0.14337627942006004
6165,0.006326498525189281,HOG8-ML00-H1-GPS-GradientEstimation-Escape-Specialist-Refiner,Refiner,0.15103492617075984
6178,0.006319527575533505,HOG8-ML00-H1-GPS-GradientEstimation-Escape-Specialist-Refiner,Refiner,0.11018653727683544
6188,0.006313393801076714,HOG8-ML00-H1-GPS-GradientEstimation-Escape-Specialist-Refiner,Refiner,0.09706064865572996
6198,0.006310627672450725,HOG8-ML00-H1-GPS-GradientEstimation-Escape-Specialist-Polisher,Polisher,0.043813655747515466
6213,0.006304995083221464,HOG8-ML00-H1-GPS-GradientEstimation-Escape-Specialist-Refiner,Refiner,0.08925561008535408
6225,0.006299778484662182,HOG8-ML00-H1-GPS-GradientEstimation-Escape-Specialist-Refiner,Refiner,0.08273755158294643
6238,0.006296518426946026,HOG8-ML00-H1-GPS-GradientEstimation-Escape-Specialist-Refiner,Refiner,0.05174876742241799
6248,0.00628837107001955,HOG8-ML00-H1-GPS-GradientEstimation-Escape-Specialist-Refiner,Refiner,0.12939463325652356
6255,0.0062819894374394015,HOG8-ML00-H1-GPS-GradientEstimation-Escape-Specialist-Refiner,Refiner,0.10148307898962396
6269,0.006273756457872558,HOG8-ML00-H1-GPS-GradientEstimation-Escape-Specialist-Refiner,Refiner,0.13105688331433515
6280,0.0062645824089506115,HOG8-ML00-H1-GPS-GradientEstimation-Escape-Specialist-Refiner,Refiner,0.14622896160456164
6290,0.0062572657639696355,HOG8-ML00-H1-GPS-GradientEstimation-Escape-Specialist-Refiner,Refiner,0.11679381806075775
6299,0.006250871632654561,HOG8-ML00-H1-GPS-GradientEstimation-Escape-Specialist-Refiner,Refiner,0.10218730602578156
6310,0.006244666589963002,HOG8-ML00-H1-GPS-GradientEstimation-Escape-Specialist-Refiner,Refiner,0.09926683918997659
6321,0.006241090313572728,HOG8-ML00-H1-GPS-GradientEstimation-Escape-Specialist-Refiner,Refiner,0.05726929274370591
6333,0.00623761783371593,HOG8-ML00-H1-GPS-GradientEstimation-Escape-Specialist-Refiner,Refiner,0.055638993866932
6352,0.006234095258103327,HOG8-ML00-H1-GPS-GradientEstimation-Escape-Specialist-Refiner,Refiner,0.05647309127471741
6358,0.006234073844230432,HOG8-ML00-H1-GPS-GradientEstimation-Escape-Specialist-Polisher,Polisher,0.00034349608096771175
6368,0.0062301762061767185,HOG8-ML00-H1-GPS-GradientEstimation-Escape-Specialist-Refiner,Refiner,0.06252152526746996
6368,0.006229421530721582,HOG8-ML00-H1-GPS-GradientEstimation-Escape-Specialist-Polisher,Polisher,0.01211322810402131
6378,0.006224028150970914,HOG8-ML00-H2-GPS-GradientEstimation-Escape-Specialist-Refiner,Refiner,0.08657914260689054
6378,0.006223262260380012,HOG8-ML00-H1-GPS-GradientEstimation-Escape-Specialist-Polisher,Polisher,0.012305384428291172
6389,0.006217305951984636,HOG8-ML00-H2-GPS-GradientEstimation-Escape-Specialist-Refiner,Refiner,0.09571038703119086
6389,0.006215631218894534,HOG8-ML00-H1-GPS-GradientEstimation-Escape-Specialist-Polisher,Polisher,0.026936636270377477
6397,0.006212782025568334,HOG8-ML00-H1-GPS-GradientEstimation-Escape-Specialist-Polisher,Polisher,0.045839163004694546
6400,0.006210742406863671,HOG8-ML00-H2-GPS-GradientEstimation-Escape-Specialist-Polisher,Polisher,0.03282939424349319
6402,0.006210206693863039,HOG8-ML00-H1-GPS-GradientEstimation-Escape-Specialist-Polisher,Polisher,0.008625587176822635
6408,0.006207279205048474,HOG8-ML00-H1-GPS-GradientEstimation-Escape-Specialist-Polisher,Polisher,0.04713995779654106
6413,0.0062026597275750255,HOG8-ML00-H1-GPS-GradientEstimation-Escape-Specialist-Refiner,Refiner,0.07442032685901556
6419,0.006199777229374207,HOG8-ML00-H1-GPS-GradientEstimation-Escape-Specialist-Polisher,Polisher,0.04647197053231332
6423,0.0061980236852570165,HOG8-ML00-H2-GPS-GradientEstimation-Escape-Specialist-Polisher,Polisher,0.028283985896824078
6428,0.0061963810358669465,HOG8-ML00-H1-GPS-GradientEstimation-Escape-Specialist-Polisher,Polisher,0.026502793043164413
6430,0.0061949727223135805,HOG8-ML00-H1-GPS-GradientEstimation-Escape-Specialist-Polisher,Polisher,0.022728001154451425
6432,0.006191796223696505,HOG8-ML00-H2-GPS-GradientEstimation-Escape-Specialist-Refiner,Refiner,0.051275425404762424
6434,0.006190417137830842,HOG8-ML00-H1-GPS-GradientEstimation-Escape-Specialist-Polisher,Polisher,0.022272791542863348
6440,0.006188558108724435,HOG8-ML00-H1-GPS-GradientEstimation-Escape-Specialist-Polisher,Polisher,0.030030756652025738
6443,0.00618604625439388,HOG8-ML00-H2-GPS-GradientEstimation-Escape-Specialist-Polisher,Polisher,0.04058868457604254
6447,0.006184609337241086,HOG8-ML00-H1-GPS-GradientEstimation-Escape-Specialist-Polisher,Polisher,0.02322836095466978
6452,0.00618273797332499,HOG8-ML00-H1-GPS-GradientEstimation-Escape-Specialist-Polisher,Polisher,0.03025840136462616
6458,0.0061789598900235405,HOG8-ML00-H2-GPS-GradientEstimation-Escape-Specialist-Refiner,Refiner,0.061106961313088924
6458,0.00617867543085417,HOG8-ML00-H1-GPS-GradientEstimation-Escape-Specialist-Polisher,Polisher,0.0046036739909885655
6463,0.006177165388410131,HOG8-ML00-H1-GPS-GradientEstimation-Escape-Specialist-Polisher,Polisher,0.024439581928803234
6466,0.006173258545934522,HOG8-ML00-H2-GPS-GradientEstimation-Escape-Specialist-Refiner,Refiner,0.06324652538751832
6469,0.006173100624572136,HOG8-ML00-H1-GPS-GradientEstimation-Escape-Specialist-Polisher,Polisher,0.0025581524118968657
6479,0.0061673211651822185,HOG8-ML00-H1-GPS-GradientEstimation-Escape-Specialist-Refiner,Refiner,0.0936232817413082
6489,0.006165544256129601,HOG8-ML00-H1-GPS-GradientEstimation-Escape-Specialist-Polisher,Polisher,0.0288116834688103
6494,0.0061620047140609245,HOG8-ML00-H2-GPS-GradientEstimation-Escape-Specialist-Refiner,Refiner,0.05740842854477634
6503,0.006156235209296515,HOG8-ML00-H2-GPS-GradientEstimation-Escape-Specialist-Refiner,Refiner,0.09363032052286309
6518,0.00615242103592629,HOG8-ML00-H2-GPS-GradientEstimation-Escape-Specialist-Refiner,Refiner,0.06195626451156287
6531,0.006150222253129541,HOG8-ML00-H2-GPS-GradientEstimation-Escape-Specialist-Polisher,Polisher,0.03573849682765603
6548,0.006145724375119758,HOG8-ML00-H2-GPS-GradientEstimation-Escape-Specialist-Refiner,Refiner,0.07313358484718493
6560,0.0061396021258024545,HOG8-ML00-H2-GPS-GradientEstimation-Escape-Specialist-Refiner,Refiner,0.0996180261856338
6571,0.006134700496077124,HOG8-ML00-H2-GPS-GradientEstimation-Escape-Specialist-Refiner,Refiner,0.07983627643770357
6581,0.00613004417341614,HOG8-ML00-H2-GPS-GradientEstimation-Escape-Specialist-Refiner,Refiner,0.0759013853074159
6593,0.006125088931881243,HOG8-ML00-H2-GPS-GradientEstimation-Escape-Specialist-Refiner,Refiner,0.08083533160146435
6609,0.006119909279042645,HOG8-ML00-H2-GPS-GradientEstimation-Escape-Specialist-Refiner,Refiner,0.08456453279622082
6618,0.00611517091426553,HOG8-ML00-H2-GPS-GradientEstimation-Escape-Specialist-Refiner,Refiner,0.0774254087938995
6629,0.00611160648163421,HOG8-ML00-H2-GPS-GradientEstimation-Escape-Specialist-Refiner,Refiner,0.05828835663455761
6640,0.006107211154339387,HOG8-ML00-H2-GPS-GradientEstimation-Escape-Specialist-Refiner,Refiner,0.07191770785686812
6649,0.006103183002041413,HOG8-ML00-H2-GPS-GradientEstimation-Escape-Specialist-Refiner,Refiner,0.0659573117119441
6660,0.0060984992827524944,HOG8-ML00-H2-GPS-GradientEstimation-Escape-Specialist-Refiner,Refiner,0.07674223904726189
6672,0.0060943055204638625,HOG8-ML00-H2-GPS-GradientEstimation-Escape-Specialist-Refiner,Refiner,0.06876711948614246
6682,0.006090347138252919,HOG8-ML00-H2-GPS-GradientEstimation-Escape-Specialist-Refiner,Refiner,0.06495214586226139
6693,0.006087816102128432,HOG8-ML00-H2-GPS-GradientEstimation-Escape-Specialist-Polisher,Polisher,0.04155815862432429
6708,0.006083870969866579,HOG8-ML00-H2-GPS-GradientEstimation-Escape-Specialist-Refiner,Refiner,0.06480373578421987
6717,0.006081001071835749,HOG8-ML00-H2-GPS-GradientEstimation-Escape-Specialist-Polisher,Polisher,0.04717223696960084
6728,0.00607816362076911,HOG8-ML00-H2-GPS-GradientEstimation-Escape-Specialist-Polisher,Polisher,0.04666092035044896
6740,0.00607585626302151,HOG8-ML00-H2-GPS-GradientEstimation-Escape-Specialist-Polisher,Polisher,0.03796142867420557
6751,0.006072786912170109,HOG8-ML00-H2-GPS-GradientEstimation-Escape-Specialist-Refiner,Refiner,0.0505171735230453
6760,0.006069399395128308,HOG8-ML00-H2-GPS-GradientEstimation-Escape-Specialist-Refiner,Refiner,0.05578191843042949
6774,0.006065233023532615,HOG8-ML00-H2-GPS-GradientEstimation-Escape-Specialist-Refiner,Refiner,0.06864553351090295
6788,0.0060615218996340255,HOG8-ML00-H2-GPS-GradientEstimation-Escape-Specialist-Refiner,Refiner,0.061186831308713704
6795,0.006058270147930429,HOG8-ML00-H2-GPS-GradientEstimation-Escape-Specialist-Refiner,Refiner,0.053645796508505934
6808,0.006054991128071558,HOG8-ML00-H2-GPS-GradientEstimation-Escape-Specialist-Refiner,Refiner,0.05412468871154202
6819,0.006051715154497258,HOG8-ML00-H2-GPS-GradientEstimation-Escape-Specialist-Refiner,Refiner,0.05410368908902369
6829,0.0060486579734648546,HOG8-ML00-H2-GPS-GradientEstimation-Escape-Specialist-Refiner,Refiner,0.050517596323605175
6840,0.006045594943764039,HOG8-ML00-H2-GPS-GradientEstimation-Escape-Specialist-Refiner,Refiner,0.050639823151732835
6850,0.006043168877685314,HOG8-ML00-H2-GPS-GradientEstimation-Escape-Specialist-Polisher,Polisher,0.04012948438147073
6860,0.006039715167110738,HOG8-ML00-H2-GPS-GradientEstimation-Escape-Specialist-Refiner,Refiner,0.05715065463964138
6871,0.006036856195500803,HOG8-ML00-H2-GPS-GradientEstimation-Escape-Specialist-Polisher,Polisher,0.04733619932117124
6883,0.006034104441609366,HOG8-ML00-H2-GPS-GradientEstimation-Escape-Specialist-Polisher,Polisher,0.04558256487024592
6898,0.006031800238998951,HOG8-ML00-H2-GPS-GradientEstimation-Escape-Specialist-Polisher,Polisher,0.03818632296990616
6908,0.006029100885662245,HOG8-ML00-H2-GPS-GradientEstimation-Escape-Specialist-Polisher,Polisher,0.04475203471185149
6916,0.00602701182993438,HOG8-ML00-H2-GPS-GradientEstimation-Escape-Specialist-Polisher,Polisher,0.03464954008038557
6929,0.0060248769096900665,HOG8-ML00-H2-GPS-GradientEstimation-Escape-Specialist-Polisher,Polisher,0.035422532833109525
6945,0.006023067313161401,HOG8-ML00-H2-GPS-GradientEstimation-Escape-Specialist-Polisher,Polisher,0.030035410777517136
6952,0.006020270895804556,HOG8-ML00-H2-GPS-GradientEstimation-Escape-Specialist-Polisher,Polisher,0.04642845931233161
6968,0.006019047454085156,HOG8-ML00-H2-GPS-GradientEstimation-Escape-Specialist-Polisher,Polisher,0.020322037671962927
6981,0.006017701152677827,HOG8-ML00-H2-GPS-GradientEstimation-Escape-Specialist-Polisher,Polisher,0.02236734994363936
6993,0.006015874746313424,HOG8-ML00-H2-GPS-GradientEstimation-Escape-Specialist-Polisher,Polisher,0.03035056607273095
7001,0.006014154835278895,HOG8-ML00-H2-GPS-GradientEstimation-Escape-Specialist-Polisher,Polisher,0.028589541954524473
7014,0.006011778182944655,HOG8-ML00-H2-GPS-GradientEstimation-Escape-Specialist-Polisher,Polisher,0.03951764461232641
7026,0.006009598440651095,HOG8-ML00-H2-GPS-GradientEstimation-Escape-Specialist-Polisher,Polisher,0.03625786293552179
7036,0.006008584007737787,HOG8-ML00-H2-GPS-GradientEstimation-Escape-Specialist-Polisher,Polisher,0.016880211270793265
7050,0.00600558619712016,HOG8-ML00-H2-GPS-GradientEstimation-Escape-Specialist-Polisher,Polisher,0.049892131220376355
7060,0.006003483203254129,HOG8-ML00-H2-GPS-GradientEstimation-Escape-Specialist-Polisher,Polisher,0.035017295514617186
7073,0.006001111392884336,HOG8-ML00-H2-GPS-GradientEstimation-Escape-Specialist-Polisher,Polisher,0.03950723754015832
7083,0.0059987972366254685,HOG8-ML00-H2-GPS-GradientEstimation-Escape-Specialist-Polisher,Polisher,0.03856212803534299
7094,0.005997189920706492,HOG8-ML00-H2-GPS-GradientEstimation-Escape-Specialist-Polisher,Polisher,0.02679396978386183
7107,0.005995201374092375,HOG8-ML00-H2-GPS-GradientEstimation-Escape-Specialist-Polisher,Polisher,0.0331579729908415
7118,0.005993494119963252,HOG8-ML00-H2-GPS-GradientEstimation-Escape-Specialist-Polisher,Polisher,0.028477010572156496
7128,0.005991327372885931,HOG8-ML00-H2-GPS-GradientEstimation-Escape-Specialist-Polisher,Polisher,0.036151651006121145
7140,0.0059895434911317455,HOG8-ML00-H2-GPS-GradientEstimation-Escape-Specialist-Polisher,Polisher,0.02977439961398765
7150,0.005987810589577274,HOG8-ML00-H2-GPS-GradientEstimation-Escape-Specialist-Polisher,Polisher,0.02893211405906685
7164,0.0059861335451283065,HOG8-ML00-H2-GPS-GradientEstimation-Escape-Specialist-Polisher,Polisher,0.028007640253125434
7173,0.005984181420969503,HOG8-ML00-H2-GPS-GradientEstimation-Escape-Specialist-Polisher,Polisher,0.03261076860525613
7185,0.005982473838432444,HOG8-ML00-H2-GPS-GradientEstimation-Escape-Specialist-Polisher,Polisher,0.0285349393164427
7198,0.005980993058217043,HOG8-ML00-H2-GPS-GradientEstimation-Escape-Specialist-Polisher,Polisher,0.024751971431752253
7209,0.005979655175470002,HOG8-ML00-H2-GPS-GradientEstimation-Escape-Specialist-Polisher,Polisher,0.022368906534724915
7220,0.005978621586350583,HOG8-ML00-H2-GPS-GradientEstimation-Escape-Specialist-Polisher,Polisher,0.017285095696808576
7229,0.005977838270813295,HOG8-ML00-H2-GPS-GradientEstimation-Escape-Specialist-Polisher,Polisher,0.01310194207769124
7244,0.005976327265756573,HOG8-ML00-H2-GPS-GradientEstimation-Escape-Specialist-Polisher,Polisher,0.02527678047261735
7257,0.005975350666012816,HOG8-ML00-H2-GPS-GradientEstimation-Escape-Specialist-Polisher,Polisher,0.016341135622755815
7271,0.005974616446441318,HOG8-ML00-H2-GPS-GradientEstimation-Escape-Specialist-Polisher,Polisher,0.012287472527326856
7278,0.005973305863761424,HOG8-ML00-H2-GPS-GradientEstimation-Escape-Specialist-Polisher,Polisher,0.02193584628641009
7289,0.005971932770974039,HOG8-ML00-H2-GPS-GradientEstimation-Escape-Specialist-Polisher,Polisher,0.022987150142694944
7298,0.00597048323795695,HOG8-ML00-H2-GPS-GradientEstimation-Escape-Specialist-Polisher,Polisher,0.02427242691235061
7312,0.00596913595641124,HOG8-ML00-H2-GPS-GradientEstimation-Escape-Specialist-Polisher,Polisher,0.022565703511982702
7319,0.005967563377561183,HOG8-ML00-H2-GPS-GradientEstimation-Escape-Specialist-Polisher,Polisher,0.02634516723257759
7334,0.005965958057825602,HOG8-ML00-H2-GPS-GradientEstimation-Escape-Specialist-Polisher,Polisher,0.02690075721050763
7343,0.005964557821388982,HOG8-ML00-H2-GPS-GradientEstimation-Escape-Specialist-Polisher,Polisher,0.023470437154413756
7353,0.0059635480587892226,HOG8-ML00-H2-GPS-GradientEstimation-Escape-Specialist-Polisher,Polisher,0.0169293790084169
7364,0.005962184719831296,HOG8-ML00-H2-GPS-GradientEstimation-Escape-Specialist-Polisher,Polisher,0.022861205183337018
7377,0.005960976525716292,HOG8-ML00-H2-GPS-GradientEstimation-Escape-Specialist-Polisher,Polisher,0.020264285187019667
7388,0.00595953810950225,HOG8-ML00-H2-GPS-GradientEstimation-Escape-Specialist-Polisher,Polisher,0.024130546527690946
7401,0.0059583601596613954,HOG8-ML00-H2-GPS-GradientEstimation-Escape-Specialist-Polisher,Polisher,0.0197657908920154
7410,0.0059568338168166915,HOG8-ML00-H2-GPS-GradientEstimation-Escape-Specialist-Polisher,Polisher,0.0256168275130034
7420,0.005955741787074689,HOG8-ML00-H2-GPS-GradientEstimation-Escape-Specialist-Polisher,Polisher,0.018332385552197936
7432,0.005954695215098799,HOG8-ML00-H2-GPS-GradientEstimation-Escape-Specialist-Polisher,Polisher,0.017572487413085976
7442,0.005953770059780558,HOG8-ML00-H2-GPS-GradientEstimation-Escape-Specialist-Polisher,Polisher,0.015536568788535984
7452,0.005952665855514697,HOG8-ML00-H2-GPS-GradientEstimation-Escape-Specialist-Polisher,Polisher,0.01854630351481703
7464,0.005951401759442221,HOG8-ML00-H2-GPS-GradientEstimation-Escape-Specialist-Polisher,Polisher,0.021235797593180183
7473,0.005950578784966116,HOG8-ML00-H2-GPS-GradientEstimation-Escape-Specialist-Polisher,Polisher,0.0138282460060657
7483,0.005949728330823087,HOG8-ML00-H2-GPS-GradientEstimation-Escape-Specialist-Polisher,Polisher,0.014291956694658525
7492,0.0059487478677308445,HOG8-ML00-H2-GPS-GradientEstimation-Escape-Specialist-Polisher,Polisher,0.016479123713319502
7503,0.005947725205289944,HOG8-ML00-H2-GPS-GradientEstimation-Escape-Specialist-Polisher,Polisher,0.017191221810694577
7516,0.005946905240684721,HOG8-ML00-H2-GPS-GradientEstimation-Escape-Specialist-Polisher,Polisher,0.01378618844888237
7528,0.005946020510551983,HOG8-ML00-H2-GPS-GradientEstimation-Escape-Specialist-Polisher,Polisher,0.014877152013201807
7539,0.005945119548960143,HOG8-ML00-H2-GPS-GradientEstimation-Escape-Specialist-Polisher,Polisher,0.01515234584611665
7550,0.0059441518013486,HOG8-ML00-H2-GPS-GradientEstimation-Escape-Specialist-Polisher,Polisher,0.016278017684478834
7563,0.005943312267824403,HOG8-ML00-H2-GPS-GradientEstimation-Escape-Specialist-Polisher,Polisher,0.01412368916968854
7578,0.0059424594106870345,HOG8-ML00-H2-GPS-GradientEstimation-Escape-Specialist-Polisher,Polisher,0.014349862483013363
7587,0.005941795780351256,HOG8-ML00-H2-GPS-GradientEstimation-Escape-Specialist-Polisher,Polisher,0.011167604015680522
7597,0.005940826266588886,HOG8-ML00-H2-GPS-GradientEstimation-Escape-Specialist-Polisher,Polisher,0.016316847603149637
7610,0.005940201883224753,HOG8-ML00-H2-GPS-GradientEstimation-Escape-Specialist-Polisher,Polisher,0.01051004247750485
7620,0.005939448626147554,HOG8-ML00-H2-GPS-GradientEstimation-Escape-Specialist-Polisher,Polisher,0.012680664597043232
7634,0.005939035371980884,HOG8-ML00-H2-GPS-GradientEstimation-Escape-Specialist-Polisher,Polisher,0.006957786701791034
7647,0.005938553667901639,HOG8-ML00-H2-GPS-GradientEstimation-Escape-Specialist-Polisher,Polisher,0.00811081344149081
7658,0.005938184213357608,HOG8-ML00-H2-GPS-GradientEstimation-Escape-Specialist-Polisher,Polisher,0.0062212882915899555
7669,0.005937733897523773,HOG8-ML00-H2-GPS-GradientEstimation-Escape-Specialist-Polisher,Polisher,0.007583392795759847
7680,0.005936999926400311,HOG8-ML00-H2-GPS-GradientEstimation-Escape-Specialist-Polisher,Polisher,0.012361131976094019
7693,0.005936276901986997,HOG8-ML00-H2-GPS-GradientEstimation-Escape-Specialist-Polisher,Polisher,0.01217827896710084
7698,0.005935726829545922,HOG8-ML00-H2-GPS-GradientEstimation-Escape-Specialist-Polisher,Polisher,0.009266286767905358
7709,0.005935084501619316,HOG8-ML00-H2-GPS-GradientEstimation-Escape-Specialist-Polisher,Polisher,0.010821386243872964
7723,0.005934305746240898,HOG8-ML00-H2-GPS-GradientEstimation-Escape-Specialist-Polisher,Polisher,0.013121218041718162
7734,0.005933657051401912,HOG8-ML00-H2-GPS-GradientEstimation-Escape-Specialist-Polisher,Polisher,0.010931267560599481
7744,0.005932848052491263,HOG8-ML00-H2-GPS-GradientEstimation-Escape-Specialist-Polisher,Polisher,0.013634069236577857
7756,0.005932266194202971,HOG8-ML00-H2-GPS-GradientEstimation-Escape-Specialist-Polisher,Polisher,0.009807402501199042
7767,0.005931589203009149,HOG8-ML00-H2-GPS-GradientEstimation-Escape-Specialist-Polisher,Polisher,0.011412016448009222
7777,0.005930998229544732,HOG8-ML00-H2-GPS-GradientEstimation-Escape-Specialist-Polisher,Polisher,0.009963155643294955
7791,0.005930438405028214,HOG8-ML00-H2-GPS-GradientEstimation-Escape-Specialist-Polisher,Polisher,0.00943895942725992
7803,0.005929790396446958,HOG8-ML00-H2-GPS-GradientEstimation-Escape-Specialist-Polisher,Polisher,0.010926824241302898
7817,0.005929344470580548,HOG8-ML00-H2-GPS-GradientEstimation-Escape-Specialist-Polisher,Polisher,0.0075200949206692584
7827,0.005929073307175967,HOG8-ML00-H2-GPS-GradientEstimation-Escape-Specialist-Polisher,Polisher,0.004573244241864521
7845,0.005928701145393384,HOG8-ML00-H2-GPS-GradientEstimation-Escape-Specialist-Polisher,Polisher,0.006276896292255004
7857,0.005928222489433595,HOG8-ML00-H2-GPS-GradientEstimation-Escape-Specialist-Polisher,Polisher,0.008073538335811451
7864,0.0059276879676863035,HOG8-ML00-H2-GPS-GradientEstimation-Escape-Specialist-Polisher,Polisher,0.009016560161901513
7879,0.005927223334236084,HOG8-ML00-H2-GPS-GradientEstimation-Escape-Specialist-Polisher,Polisher,0.00783835877921699
7888,0.005926703194291977,HOG8-ML00-H2-GPS-GradientEstimation-Escape-Specialist-Polisher,Polisher,0.00877544028251246
7898,0.0059262182416698755,HOG8-ML00-H2-GPS-GradientEstimation-Escape-Specialist-Polisher,Polisher,0.008182502247932736
7910,0.005925778142320703,HOG8-ML00-H2-GPS-GradientEstimation-Escape-Specialist-Polisher,Polisher,0.007426310190172214
7925,0.005925464624788322,HOG8-ML00-H2-GPS-GradientEstimation-Escape-Specialist-Polisher,Polisher,0.0052907403019636645
7933,0.005925137675725393,HOG8-ML00-H2-GPS-GradientEstimation-Escape-Specialist-Polisher,Polisher,0.005517694959503118
7947,0.0059247507371835975,HOG8-ML00-H2-GPS-GradientEstimation-Escape-Specialist-Polisher,Polisher,0.006530456555980601
7960,0.005924463275572937,HOG8-ML00-H2-GPS-GradientEstimation-Escape-Specialist-Polisher,Polisher,0.004851876870634251
7970,0.005924093754301994,HOG8-ML00-H2-GPS-GradientEstimation-Escape-Specialist-Polisher,Polisher,0.006237210929582566
7983,0.005923814850904558,HOG8-ML00-H2-GPS-GradientEstimation-Escape-Specialist-Polisher,Polisher,0.004707950430959555
7992,0.00592369367469016,HOG8-ML04-H2-GPS-Sniper-Specialist-Polisher,Polisher,0.0020455773424321805
7992,0.005923449194897356,HOG8-ML00-H2-GPS-GradientEstimation-Escape-Specialist-Polisher,Polisher,0.004127151170037013
7999,0.005923369775831574,HOG8-ML04-H2-GPS-Sniper-Specialist-Polisher,Polisher,0.0013407571023068966
8002,0.005923105490879033,HOG8-ML00-H2-GPS-GradientEstimation-Escape-Specialist-Polisher,Polisher,0.004461733144178853
8008,0.005918739725897361,HOG8-ML04-H2-GPS-Sniper-Specialist-Refiner,Refiner,0.07370736496919644
8022,0.005916333696219674,HOG8-ML04-H2-GPS-Sniper-Specialist-Polisher,Polisher,0.04065104716733718
8028,0.00591419659474367,HOG8-ML04-H2-GPS-Sniper-Specialist-Polisher,Polisher,0.0361220577765837
8040,0.0058816095089660615,HOG8-ML04-H2-GPS-Sniper-Specialist-Exploiter,Exploiter,0.5509976757717346
8061,0.005879607277852571,HOG8-ML04-H2-GPS-Sniper-Specialist-Polisher,Polisher,0.03404223130485214
8068,0.005868144683807941,HOG8-ML04-H2-GPS-Sniper-Specialist-Refiner,Refiner,0.194955096538629
8082,0.0058474693296126186,HOG8-ML04-H2-GPS-Sniper-Specialist-Refiner,Refiner,0.3523320454652826
8104,0.0058438051369146,HOG8-ML04-H2-GPS-Sniper-Specialist-Refiner,Refiner,0.06266288015334184
8116,0.005829253321003684,HOG8-ML04-H2-GPS-Sniper-Specialist-Refiner,Refiner,0.24901268214769606
8129,0.0057985382684075,HOG8-ML04-H2-GPS-Sniper-Specialist-Exploiter,Exploiter,0.5269122974208909
8139,0.0057956557437753575,HOG8-ML04-H2-GPS-Sniper-Specialist-Polisher,Polisher,0.04971122891173271
8149,0.005794050490612133,HOG8-ML04-H2-GPS-Sniper-Specialist-Polisher,Polisher,0.027697524390554767
8175,0.005790937427401536,HOG8-ML04-H2-GPS-Sniper-Specialist-Refiner,Refiner,0.05372861723660073
8189,0.0057834669558761015,HOG8-ML04-H2-GPS-Sniper-Specialist-Refiner,Refiner,0.12900280168951817
8199,0.005766342868327409,HOG8-ML04-H2-GPS-Sniper-Specialist-Refiner,Refiner,0.2960868918131224
8233,0.005740576076324549,HOG8-ML04-H2-GPS-Sniper-Specialist-Refiner,Refiner,0.4468480732283254
8243,0.005740258999267276,HOG8-ML04-H2-GPS-Sniper-Specialist-Polisher,Polisher,0.005523436203210789
8252,0.00573976726700989,HOG8-ML04-H2-GPS-Sniper-Specialist-Polisher,Polisher,0.008566377535394689
8263,0.005715408727558825,HOG8-ML04-H2-GPS-Sniper-Specialist-Refiner,Refiner,0.42438200571422124
8272,0.005715112198596547,HOG8-ML04-H2-GPS-Sniper-Specialist-Polisher,Polisher,0.005188237209495304
8283,0.005703133853645485,HOG8-ML04-H2-GPS-Sniper-Specialist-Refiner,Refiner,0.2095907225409032
8295,0.005695036605876728,HOG8-ML04-H2-GPS-Sniper-Specialist-Refiner,Refiner,0.14197891854811356
8321,0.005687193278635929,HOG8-ML04-H2-GPS-Sniper-Specialist-Refiner,Refiner,0.13772215674093422
8347,0.00566683030717756,HOG8-ML04-H2-GPS-Sniper-Specialist-Refiner,Refiner,0.35804957666662934
8362,0.005655447611783768,HOG8-ML04-H2-GPS-Sniper-Specialist-Refiner,Refiner,0.2008652946493684
8380,0.005645903993757957,HOG8-ML04-H2-GPS-Sniper-Specialist-Refiner,Refiner,0.16875088730246124
8389,0.005644982001782,HOG8-ML04-H2-GPS-Sniper-Specialist-Polisher,Polisher,0.01633028080138327
8401,0.005642448860233551,HOG8-ML04-H2-GPS-Sniper-Specialist-Polisher,Polisher,0.04487421833496359
8412,0.005632762052240084,HOG8-ML04-H2-GPS-Sniper-Specialist-Refiner,Refiner,0.17167737330747418
8422,0.005578784081047397,HOG8-ML04-H2-GPS-Sniper-Specialist-Exploiter,Exploiter,0.9582860183348384
8434,0.005578631447138353,HOG8-ML04-H2-GPS-Sniper-Specialist-Polisher,Polisher,0.002735970900227327
8472,0.005578135570111439,HOG8-ML04-H2-GPS-Sniper-Specialist-Polisher,Polisher,0.00888886515650113
8482,0.005576654369526033,HOG8-ML04-H2-GPS-Sniper-Specialist-Polisher,Polisher,0.02655368566769507
8502,0.005561072999757118,HOG8-ML04-H2-GPS-Sniper-Specialist-Refiner,Refiner,0.27940354084092256
8522,0.005558923589686714,HOG8-ML04-H2-GPS-Sniper-Specialist-Polisher,Polisher,0.038650995419366486
8559,0.005558185365122586,HOG8-ML04-H2-GPS-Sniper-Specialist-Polisher,Polisher,0.013279991210842345
8562,0.005553328513693943,HOG8-ML04-H2-GPS-Sniper-Specialist-Refiner,Refiner,0.08738196208999374
8580,0.005547259288144431,HOG8-ML04-H2-GPS-Sniper-Specialist-Refiner,Refiner,0.1092898706522795
8609,0.005533328171620852,HOG8-ML04-H2-GPS-Sniper-Specialist-Refiner,Refiner,0.25113512457138054
8623,0.005525314029994384,HOG8-ML04-H2-GPS-Sniper-Specialist-Refiner,Refiner,0.14483401992259906
8658,0.005524750146306741,HOG8-ML04-H2-GPS-Sniper-Specialist-Polisher,Polisher,0.01020545953734744
8671,0.005516005103367489,HOG8-ML04-H2-GPS-Sniper-Specialist-Refiner,Refiner,0.15828847835042983
8717,0.00549088969586045,HOG8-ML04-H2-GPS-Sniper-Specialist-Refiner,Refiner,0.4553187866288706
8751,0.005488846993909332,HOG8-ML04-H2-GPS-Sniper-Specialist-Polisher,Polisher,0.03720165700392261
8772,0.005479650422469363,HOG8-ML04-H2-GPS-Sniper-Specialist-Refiner,Refiner,0.16755015124621914
8792,0.005463968566285964,HOG8-ML04-H2-GPS-Sniper-Specialist-Refiner,Refiner,0.2861835149026253
8799,0.005460539536631724,HOG8-ML04-H2-GPS-Sniper-Specialist-Refiner,Refiner,0.06275712630189835
8809,0.0054575809168658776,HOG8-ML04-H2-GPS-Sniper-Specialist-Refiner,Refiner,0.05418182115518991
8820,0.005421179209147059,HOG8-ML04-H2-GPS-Sniper-Specialist-Exploiter,Exploiter,0.6669934587011672
8840,0.005417459940473826,HOG8-ML04-H2-GPS-Sniper-Specialist-Refiner,Refiner,0.06860626682397124
8862,0.005416622194444861,HOG8-ML04-H2-GPS-Sniper-Specialist-Polisher,Polisher,0.015463815850421496
8882,0.005416473469767787,HOG8-ML04-H2-GPS-Sniper-Specialist-Polisher,Polisher,0.002745708888950153
8893,0.005411437321647544,HOG8-ML04-H2-GPS-Sniper-Specialist-Refiner,Refiner,0.09297835849011314
8902,0.005405744692734147,HOG8-ML04-H2-GPS-Sniper-Specialist-Refiner,Refiner,0.10519624593313441
8922,0.0054019750887764565,HOG8-ML04-H2-GPS-Sniper-Specialist-Refiner,Refiner,0.06973329618686623
8939,0.0053944518367563775,HOG8-ML04-H2-GPS-Sniper-Specialist-Refiner,Refiner,0.1392685433835095
8952,0.005394389824198523,HOG8-ML04-H2-GPS-Sniper-Specialist-Polisher,Polisher,0.001149561804071557
8962,0.00539157238544497,HOG8-ML04-H2-GPS-Sniper-Specialist-Refiner,Refiner,0.05222905361630284
8986,0.005366037353046442,HOG8-ML04-H2-GPS-Sniper-Specialist-Refiner,Refiner,0.47361011914562323
8999,0.005352411086983537,HOG8-ML04-H2-GPS-Sniper-Specialist-Refiner,Refiner,0.25393535613702806
9025,0.005352334917897092,HOG8-ML04-H2-GPS-Sniper-Specialist-Polisher,Polisher,0.0014230799018875113
9043,0.005341794384521387,HOG8-ML04-H2-GPS-Sniper-Specialist-Refiner,Refiner,0.19693336716391238
9106,0.005337926248381742,HOG8-ML04-H2-GPS-Sniper-Specialist-Refiner,Refiner,0.07241267374225026
9130,0.00532454371860688,HOG8-ML04-H2-GPS-Sniper-Specialist-Refiner,Refiner,0.2507065319405496
9142,0.005305549893731044,HOG8-ML04-H2-GPS-Sniper-Specialist-Refiner,Refiner,0.35672211328571346
9153,0.005303719208288733,HOG8-ML04-H2-GPS-Sniper-Specialist-Polisher,Polisher,0.034505102750500324
9197,0.005291936233134901,HOG8-ML04-H2-GPS-Sniper-Specialist-Refiner,Refiner,0.22216438486067128
9208,0.005291932237497729,HOG8-ML04-H2-GPS-Sniper-Specialist-Polisher,Polisher,7.550425771957872E-05
9227,0.005281964263613452,HOG8-ML04-H2-GPS-Sniper-Specialist-Refiner,Refiner,0.18836170678160416
9237,0.005280025255115212,HOG8-ML04-H2-GPS-Sniper-Specialist-Polisher,Polisher,0.036709988963728596
9263,0.00527336566476314,HOG8-ML04-H2-GPS-Sniper-Specialist-Refiner,Refiner,0.12612800186173742
9270,0.005268373398360969,HOG8-ML04-H2-GPS-Sniper-Specialist-Refiner,Refiner,0.09466945248135113
9280,0.005268200144049585,HOG8-ML04-H2-GPS-Sniper-Specialist-Polisher,Polisher,0.003288573118934544
9292,0.005250179680661559,HOG8-ML04-H2-GPS-Sniper-Specialist-Refiner,Refiner,0.34206110047623106
9303,0.005246900262644938,HOG8-ML04-H2-GPS-Sniper-Specialist-Refiner,Refiner,0.062462967290449325
9329,0.005244107430604496,HOG8-ML04-H2-GPS-Sniper-Specialist-Refiner,Refiner,0.053228228108792464
9359,0.005241078376013869,HOG8-ML04-H2-GPS-Sniper-Specialist-Refiner,Refiner,0.057761108648338146
9367,0.005226230415640279,HOG8-ML04-H2-GPS-Sniper-Specialist-Refiner,Refiner,0.2832997201786267
9388,0.005226229323185436,HOG8-ML04-H2-GPS-Sniper-Specialist-Polisher,Polisher,2.0903304231135624E-05
9408,0.005195260029878917,HOG8-ML04-H2-GPS-Sniper-Specialist-Exploiter,Exploiter,0.5925743282853567
9421,0.005193158842995137,HOG8-ML04-H2-GPS-Sniper-Specialist-Polisher,Polisher,0.040444306381121335
9441,0.0051665658745332944,HOG8-ML04-H2-GPS-Sniper-Specialist-Exploiter,Exploiter,0.5120769317062752
9449,0.0051664953848265475,HOG8-ML04-H2-GPS-Sniper-Specialist-Polisher,Polisher,0.0013643435206045253
9468,0.005162802826416063,HOG8-ML04-H2-GPS-Sniper-Specialist-Refiner,Refiner,0.07147124182726958
9479,0.005154857159891762,HOG8-ML04-H2-GPS-Sniper-Specialist-Refiner,Refiner,0.15390218823865695
9509,0.0051480692324123245,HOG8-ML04-H2-GPS-Sniper-Specialist-Refiner,Refiner,0.13168022447356845
9559,0.005141354351297421,HOG8-ML04-H2-GPS-Sniper-Specialist-Refiner,Refiner,0.13043494195118457
9568,0.005133917912172387,HOG8-ML04-H2-GPS-Sniper-Specialist-Refiner,Refiner,0.14463969251909367
9583,0.005118017611978865,HOG8-ML04-H2-GPS-Sniper-Specialist-Refiner,Refiner,0.3097108381071474
9592,0.005117947811085422,HOG8-ML04-H2-GPS-Sniper-Specialist-Polisher,Polisher,0.0013638267535354034
9601,0.005117626469833686,HOG8-ML04-H2-GPS-Sniper-Specialist-Polisher,Polisher,0.006278712945064112
9616,0.005112213251990452,HOG8-ML04-H2-GPS-Sniper-Specialist-Refiner,Refiner,0.10577594662570093
9646,0.0051106744371604935,HOG8-ML04-H2-GPS-Sniper-Specialist-Polisher,Polisher,0.030100755858713184
9659,0.005087147174998429,HOG8-ML04-H2-GPS-Sniper-Specialist-Refiner,Refiner,0.46035532983658795
9668,0.005084736648069552,HOG8-ML04-H2-GPS-Sniper-Specialist-Polisher,Polisher,0.047384650884954534
9682,0.005084368148080232,HOG8-ML04-H2-GPS-Sniper-Specialist-Polisher,Polisher,0.007247179447541396
9702,0.005081872688196286,HOG8-ML04-H2-GPS-Sniper-Specialist-Polisher,Polisher,0.04908102268102279
9713,0.005077176716493307,HOG8-ML04-H2-GPS-Sniper-Specialist-Refiner,Refiner,0.09240632324156046
9734,0.00507029918657311,HOG8-ML04-H2-GPS-Sniper-Specialist-Refiner,Refiner,0.1354597309535257
9757,0.0050652385230933565,HOG8-ML04-H2-GPS-Sniper-Specialist-Refiner,Refiner,0.09980995782565633
9780,0.0050626958351265424,HOG8-ML04-H2-GPS-Sniper-Specialist-Refiner,Refiner,0.050198780476407676
9788,0.005062015200866066,HOG8-ML04-H2-GPS-Sniper-Specialist-Polisher,Polisher,0.0134441073025479
9798,0.005053257869848223,HOG8-ML04-H2-GPS-Sniper-Specialist-Refiner,Refiner,0.17300088344943934
9809,0.005049289029433386,HOG8-ML04-H2-GPS-Sniper-Specialist-Refiner,Refiner,0.07854023121437856
9822,0.005042761984967994,HOG8-ML04-H2-GPS-Sniper-Specialist-Refiner,Refiner,0.129266604215841
9915,0.0050365787402854205,HOG8-ML04-H2-GPS-Sniper-Specialist-Refiner,Refiner,0.12261623096638795
9928,0.005027313216425815,HOG8-ML04-H2-GPS-Sniper-Specialist-Refiner,Refiner,0.18396463824728004
9939,0.005027114524314973,HOG8-ML04-H2-GPS-Sniper-Specialist-Polisher,Polisher,0.003952252471424912
9968,0.00500631059638207,HOG8-ML04-H2-GPS-Sniper-Specialist-Refiner,Refiner,0.4138343742176247
9998,0.0050044582978611,HOG8-ML04-H2-GPS-Sniper-Specialist-Polisher,Polisher,0.036999272923833516
10013,0.005004387007977104,HOG8-ML04-H2-GPS-Sniper-Specialist-Polisher,Polisher,0.0014245274863523623
10029,0.004998649700705531,HOG8-ML04-H2-GPS-Sniper-Specialist-Refiner,Refiner,0.11464555523839032
10035,0.004992579251825747,HOG8-ML04-H2-GPS-Sniper-Specialist-Refiner,Refiner,0.12144177414406018
10044,0.00498963993025957,HOG8-ML04-H2-GPS-Sniper-Specialist-Refiner,Refiner,0.05887380886548488
10059,0.004981309851807117,HOG8-ML04-H2-GPS-Sniper-Specialist-Refiner,Refiner,0.16694748656982733
10065,0.0049678484201432435,HOG8-ML04-H2-GPS-Sniper-Specialist-Refiner,Refiner,0.270238793898551
10077,0.004957092583840976,HOG8-ML04-H2-GPS-Sniper-Specialist-Refiner,Refiner,0.21650894698508533
10000,0.004948952099929129,Final,Final,0
